0,1,2,3,4,5,6,7,8,9,10,11,12,13,14,15,ITEM_ID
0.14661428,-0.13335875,0.37286586,-0.318139,0.20217413,-0.2314379,-0.052262507,0.43328562,-0.14370377,-0.48519123,-0.18746518,0.04133442,0.21934932,-0.24855411,0.02573219,0.26014984,6100
0.09540871,0.15084627,0.15518415,-0.5982342,-0.012939513,-0.051426485,0.06517699,0.31214118,-0.36280534,-0.20633532,-0.120217115,0.026078716,0.25133455,0.03755392,-0.21229963,-0.01847826,1746
-0.18582764,-0.13769509,-0.07134916,-0.25714555,0.27362344,0.46374547,0.019227728,0.95913845,-0.63721555,-0.16860342,-0.0926863,-0.35129985,0.4365533,-0.477556,-0.23396915,0.02925545,1315
0.10876095,0.45197526,0.25279212,-0.39724907,-0.024215043,-0.030225169,0.25151926,0.10454166,-0.1327532,-0.40259427,-0.22587085,-0.11465931,0.050883725,-0.26562703,-0.058739975,-0.29346088,8854
-0.03804581,0.111476526,-0.025454298,-0.75509965,0.013817035,-0.16232464,0.046874896,0.25927654,-0.69751644,-0.2778917,-0.13968927,0.26655248,0.19300541,0.054227028,-0.017628849,-0.5549054,9855
0.17760885,0.36858046,0.19851157,-0.4425949,-0.06752296,-0.15027857,0.28659275,-0.09429467,-0.27282965,-0.367537,-0.25877163,-0.120610006,-0.0031984672,-0.30678046,-0.17499627,-0.2749462,7461
-0.1675831,0.3174484,0.2090432,-0.7061349,-0.09034466,0.12845652,0.28681463,0.33369315,-0.28403953,-0.1553012,-0.3425107,0.045396127,0.23282042,0.035073694,-0.18159464,-0.24189521,7638
0.012838721,0.26256537,-0.04448689,-0.6999887,-0.106562,-0.05840387,-0.12033427,-0.068439625,-0.7767935,0.09945272,-0.117053494,-0.1684934,0.041406333,0.045070842,0.044767648,-0.11094302,3881
0.12547281,0.18826835,0.5402353,-0.27732652,-0.10340387,0.25908095,0.38042665,0.77525175,-0.18142387,-0.7881464,0.062540025,-0.1987839,0.3294132,-0.4989038,-0.2651974,-0.11939664,7064
-0.0030986816,0.03917454,-0.01776927,-0.39288867,0.34971663,-0.032985948,-0.13369745,0.5707592,-0.4407264,0.025133803,-0.07984514,-0.031131186,0.44460672,-0.26952103,-0.010655969,0.043083593,7714
-0.27224898,-0.05712198,0.47168803,-0.47107995,-0.018807568,0.23444119,0.10521762,0.8697036,-0.67638487,-0.34527946,-0.17672968,0.11797021,0.61624295,0.020415068,-0.17550594,0.21271616,8463
0.23384139,0.24422841,-0.007469442,-0.3019181,-0.11528748,0.072202235,0.22407275,0.3364062,-0.13709226,-0.37422556,0.12225406,-0.40831,0.21790557,-0.2827741,-0.22021024,-0.057997093,9333
0.1418801,0.42355892,0.08206315,-0.6089051,0.051856928,-0.13406904,0.045438685,0.23280531,-0.3180442,-0.17054215,-0.22171791,-0.27043852,-0.027182713,-0.14572786,-0.005753696,-0.33100462,9400
-0.23379065,-0.056040823,0.18087101,-0.52872103,-0.15826903,-0.15531021,0.21176186,0.42767715,-0.68147063,-0.19452254,-0.04651337,0.21606636,0.26656836,-0.12258303,-0.34284472,-0.04239574,2577
-0.025526077,-0.10092544,0.011806418,-0.30331007,0.15825291,-0.05044733,0.12900622,0.62603545,-0.37739885,-0.18160363,0.0003097416,-0.2521716,0.48955,-0.30779958,-0.56636816,0.05722356,2904
0.0016623437,-0.20535567,0.2984134,-0.043304652,0.26593307,0.13040262,0.32161996,0.561517,0.29409587,-1.006479,0.11762874,-0.22606936,0.60630655,-0.5371255,0.29721028,-0.10056056,4609
0.091843516,0.1459621,0.09504664,-0.50454676,0.041355696,-0.2521629,0.06801684,0.13112184,-0.34766632,-0.24829409,-0.113317825,0.07517989,0.22905767,-0.14695375,-0.16565177,-0.099626794,7696
0.06701368,0.15478116,0.11223833,-0.23701377,-0.044549428,0.12632751,0.34942058,0.56568676,-0.43354094,-0.22722064,0.09176671,-0.20209849,0.39507782,-0.28520375,-0.5617017,-0.056630492,6823
-0.21854198,0.14293571,-0.13328184,-0.21101087,0.30173224,0.5613503,0.40726894,0.71691686,-0.56310815,-0.27060056,0.077854946,-0.37020993,0.5967261,-0.46220693,-0.31713197,-0.23314838,6807
0.28420016,0.3078593,-0.047349196,-0.34331757,-0.09107418,-0.068438016,0.12371491,0.14487067,-0.4047072,-0.18039802,0.14171217,0.028371014,0.043670937,-0.1307916,0.06816153,-0.1969358,2746
0.4489082,0.34610987,-0.09517045,-0.24761978,0.028150216,0.30690166,0.26096323,0.6034167,-0.56128466,-0.44910836,0.11370194,-0.5486375,0.037748173,-0.42058116,-0.16963297,-0.50246197,2550
0.0104184,0.12251665,0.10768421,-0.40593433,0.044999488,-0.041275363,0.1937586,0.3592974,-0.32225853,-0.32038754,0.086694814,0.11932388,0.25929403,-0.124014616,-0.056453735,0.07120438,3092
0.049568526,0.13903823,-0.17993462,-0.3328011,0.046600826,-0.09728859,0.108996324,0.3780182,-0.034105673,-0.3391009,0.15092593,-0.22153215,0.24197187,-0.16451569,-0.12917063,-0.2006527,8403
-0.08222434,-0.18895406,0.37886468,-0.23035428,-0.18406703,-0.27038148,0.13125145,0.44826537,-0.18384446,-0.6711714,-0.025035886,0.1666739,0.49938887,-0.17932582,-0.25488785,-0.17224851,6077
0.09580003,-0.087491795,-0.064847685,-0.28442907,0.065136194,-0.0968443,-0.032936245,0.37981674,-0.15303722,-0.114545204,0.007952556,-0.114985675,0.38682497,-0.14124563,-0.18802443,0.09913428,2236
0.1260575,-0.61845237,-0.18433478,0.030504942,0.14045884,0.052595343,0.0035546385,0.85127765,-0.079207554,-0.4765306,0.10111699,-0.24864452,1.0365402,-0.30614197,0.076241165,0.32246223,2582
-0.34892952,0.21026686,0.015409204,-0.3301832,-0.2838229,0.2656684,0.57116085,0.5792359,-0.9190936,-0.08365725,0.17627318,0.37559244,0.3129594,-0.019035988,-0.33266157,-0.35209143,8384
-0.19344845,0.3036752,-0.031579904,-0.58946705,-0.071026176,0.17032453,0.415611,0.03135527,-0.585714,-0.0634515,-0.10677544,0.08183434,0.07214339,-0.12918508,-0.1918298,-0.2197131,6844
-0.039701816,-0.1688667,0.33131143,-0.32136774,-0.02700822,0.045426324,-0.049742457,0.6204463,-0.35729674,-0.44593257,0.097177744,0.019977078,0.66715324,-0.05498236,-0.08873257,0.3501132,8685
0.06723164,-0.108317345,0.020249438,-0.6879451,0.18610963,0.0715985,0.03692033,0.16248682,-0.51484114,-0.024313927,-0.25347543,-0.104508236,0.25055176,0.0035972297,-0.11469969,0.091614455,8491
-0.040906638,-0.0037141666,-0.026257697,-0.35273024,-0.04032226,0.23355472,0.31599972,0.43737352,-0.6392368,-0.27101552,-0.048332036,-0.1432133,0.46384358,-0.15033594,-0.22908545,-0.0150707215,3465
0.1271005,-0.08708306,0.33327064,-0.10928577,0.2822844,-0.087075025,0.18906072,0.4740885,-0.14225496,-0.63939166,-0.046837017,0.041571423,0.38608468,-0.20398211,0.04892221,-0.06995274,9336
-0.3470166,-0.05430691,-0.032072037,-0.33183464,-0.03001763,0.57935953,0.47360656,0.68922615,-0.92090106,-0.21224105,-0.073745295,-0.0017808229,0.31981835,-0.24165043,-0.13461803,-0.14643888,4153
-0.029424593,0.004589416,0.24896103,-0.20158812,0.04733725,-0.13695712,0.07886849,0.5706951,-0.19203916,-0.36276877,0.11833682,0.10928778,0.20945358,-0.04366053,-0.19989756,-0.061190695,7359
0.16234526,0.036001287,0.16253455,-0.32322925,-0.082971916,-0.26701725,0.11946511,0.39518556,-0.15890093,-0.44170862,0.011700295,-0.086476505,0.20823869,-0.2100261,-0.20027691,-0.12161052,4111
0.039913714,0.3098805,-0.06905044,-0.6021614,0.02314718,-0.05825177,0.1013078,-0.036258057,-0.43447936,-0.10992329,-0.13768212,-0.0007665232,0.049262837,0.033588838,-0.11436048,-0.16118693,4895
-0.0036801696,0.09209963,-0.051736057,-0.32453665,0.13240625,0.28927976,0.28062916,0.5003499,-0.40759075,-0.22109312,0.101062,-0.24234912,0.3811379,-0.25702503,-0.34892955,-0.1475391,5879
0.072398394,0.0826392,0.30565727,-0.34132624,-0.032325998,-0.0962946,0.12412061,0.49569297,-0.52760595,-0.49834588,-0.093167365,0.17295712,0.17865346,-0.2070821,-0.13245958,0.28166017,1162
0.10051986,0.19328797,0.2566153,-0.39075422,0.31179726,0.0002820026,0.09852705,0.44870952,-0.14899266,-0.3202711,-0.20669171,0.023485005,0.2417641,-0.26968616,0.06803824,0.16151586,6038
-0.2558172,-0.1450144,0.11800407,-0.5162811,0.19526663,0.075892486,-0.1180485,0.5499651,-0.90118706,0.12822221,-0.19700417,0.02426605,0.5565278,-0.08407265,-0.19511513,0.13179669,9896
0.05898135,0.026842631,0.124638,-0.32151175,0.023918197,0.27890703,0.16930346,0.6692028,-0.34346664,-0.42205986,-0.04670182,-0.2658044,0.38332313,-0.23775186,-0.26797202,0.17619076,6754
0.18364674,0.07473292,-0.17284442,-0.16687828,0.05108381,0.11228273,0.16947271,0.47656983,-0.048590347,-0.34258097,0.039595924,-0.3994506,0.30011863,-0.40253225,-0.15326665,0.0576151,7188
0.05690662,0.25244856,0.09964621,-0.62687355,0.11642739,0.22708571,-0.0016719587,0.5762731,-0.5056093,-0.15731847,-0.22169128,-0.23472837,0.1928499,-0.19880277,-0.060582027,-0.095648035,8834
0.13063203,0.22148961,-0.040077515,-0.7037779,0.3843841,-0.11582787,-0.013221311,0.020979464,-0.7474815,0.056095272,-0.20455272,0.06109576,0.26941893,-0.18313435,-0.16393685,0.08764196,5966
0.16158244,0.43153656,0.06731819,-0.5109216,-0.038043663,-0.02611492,0.18622977,0.10393975,-0.24262741,-0.23186624,-0.12488036,-0.12318125,0.07055243,-0.0613932,-0.1629844,-0.19618365,8197
-0.07756297,0.19376986,-0.05376589,-0.20433477,0.08855591,0.18188336,0.39057535,0.4803936,-0.30711553,-0.3329972,0.21768026,-0.16742876,0.465816,-0.27623987,-0.2723312,-0.11524074,4903
0.17955042,0.068382844,0.31299734,-0.4459622,-0.040174626,0.11743863,0.10484982,0.47299346,-0.31671742,-0.5339273,-0.044362795,-0.33551234,0.26211816,-0.33936518,-0.011799157,-0.3019911,4360
-0.3118534,0.049540274,0.13633613,0.07874109,0.07932268,0.47084877,0.3963744,0.8469501,-0.5284956,-0.46069568,0.30665633,0.12904635,0.41224673,-0.44623297,-0.053783387,-0.2181308,5308
-0.034611985,-0.10924785,0.28039277,-0.2781646,-0.13362956,-0.19592908,0.3172913,0.28770283,-0.25588578,-0.49856424,0.09925561,-0.026957706,0.6042863,-0.26887098,-0.47326452,-0.13547109,2606
0.014953226,-0.024063878,0.07439776,-0.6505232,0.22693661,-0.080067545,-0.07737225,0.29364568,-0.38680217,-0.07682978,-0.29205057,-0.08007182,0.36162245,-0.11959997,-0.120024905,0.18464434,1395
-0.11507116,0.48543432,-0.22433041,-0.32445145,0.16802001,0.026825104,0.23617552,0.12879741,-0.50268626,-0.065507494,-0.17435436,0.4427625,-0.11943403,0.08469766,0.21230826,-0.2999906,9751
-0.27867717,-0.12415332,0.32307693,-0.97725797,0.040903904,-0.09409472,0.026300743,0.34529492,-1.2793821,0.23227732,-0.55451965,0.22518367,0.19422732,0.05022832,-0.32014087,-0.10875565,6902
0.0084569305,0.11453411,-0.0563374,-0.5542294,0.11699689,-0.14354177,0.037916508,0.049956545,-0.6311064,-0.049214497,-0.085388124,0.19674382,0.24746956,-0.023872338,-0.15074238,0.12871528,9166
0.16421436,-0.045882612,-0.12523636,-0.32936573,0.30613244,-0.21125416,-0.03341967,0.39038393,-0.27821904,-0.16253996,-0.08350278,-0.2973083,0.33559877,-0.34953126,-0.13796073,0.10022963,6726
0.11452219,0.08454685,0.2552143,-0.53639317,0.02311901,0.12079643,0.07223711,0.512416,-0.3615666,-0.4380163,0.04785241,0.003939487,0.38021314,-0.045793608,0.06694287,0.24231526,5949
0.008053869,-0.13776958,-0.21154453,0.14948419,0.296193,0.20586571,0.48957595,0.6662046,0.09595205,-0.9464181,0.25758722,-0.48430794,0.76179314,-0.5650228,0.14263725,-0.25950682,4270
0.24846242,0.12977935,0.028330851,-0.10530895,-0.040481083,0.20414598,0.2622918,0.4847203,-0.12413356,-0.604588,0.2115942,-0.22888963,0.22308637,-0.22401609,-0.15554512,0.08253827,6384
0.29544163,0.09874792,-0.06156698,-0.0028105676,0.022436976,0.22411706,0.20117505,0.848112,-0.365275,-0.7172271,0.084024884,-0.23148276,0.31283706,-0.5196918,0.08643451,0.36923313,9612
-0.26335174,-0.28150678,-0.1938305,0.13686025,0.24673857,0.030661583,0.19318917,0.6426173,0.46013677,-0.5882411,0.3202079,-0.20261247,0.6235784,-0.45461082,-0.19968906,-0.19288403,9558
-0.09439103,-0.0090610925,0.32492912,-0.5705609,0.20731471,0.13436979,-0.09367847,0.77622986,-0.55478996,-0.037543736,-0.18800016,-0.047620162,0.42606696,-0.069956444,-0.1095178,-0.091300204,6247
-0.2524704,-0.46508914,-0.34549874,0.25419196,-0.007418625,-0.10296431,-0.0140278,0.8921661,0.6136275,-0.6846161,0.41857135,-0.27253777,0.7056047,-0.517758,-0.23690872,-0.27630913,1710
0.21772183,0.16182607,0.01006731,-0.26997992,-0.03174609,0.25320813,0.20044413,0.7236444,-0.30362564,-0.42662978,0.14325932,-0.40574896,0.07691556,-0.42745298,-0.015063345,-0.1600186,3738
-0.107111946,-0.022939093,-0.13367979,-0.25803217,0.18686956,-0.052678093,0.054673586,0.30085337,-0.4563591,-0.15389343,0.2442012,0.17645822,0.5291515,-0.11999672,-0.19910586,-0.049198836,5204
0.23759027,-0.003461726,0.25386494,-0.5313145,0.15968004,-0.61603636,0.06618075,-0.09776759,-0.4186927,-0.44868448,-0.39218548,0.10509719,-0.105906636,-0.08969326,-0.052419335,0.30480814,2483
0.026620537,-0.23858353,-0.06400086,-0.111949295,0.2719641,0.10927214,0.074169524,0.68657905,-0.13730502,-0.5359073,-0.015705924,-0.30298305,0.6404136,-0.38443935,0.05993919,0.21660963,1608
0.033626318,-0.41425604,-0.051549245,-0.119199514,0.48802835,-0.22380178,-0.09160498,0.2077685,-0.19434728,-0.36558318,-0.13671973,0.12367305,0.7361236,-0.15777145,0.04955271,0.34609106,8492
-0.061140493,0.119779915,-0.13448784,0.05468732,0.20701027,0.33076575,0.45520726,0.85104513,-0.36889678,-0.40250516,0.26064858,-0.63330257,0.44623384,-0.7233455,-0.6440081,-0.15448275,4297
0.11441305,0.24767411,0.10193872,-0.12674695,-0.004970193,0.14072482,0.23002154,0.79344547,-0.50877285,-0.22174028,-0.06912339,-0.27837217,0.08645421,-0.5569837,-0.4333004,0.06389627,2568
-0.090289086,0.1589683,-0.109973446,-0.2820596,0.21715531,-0.087731235,0.20024589,0.046094254,-0.002858609,-0.16480462,-0.11544534,-0.16544753,0.18528351,-0.33719742,0.08701421,-0.12188293,2471
0.019640163,0.20095618,-0.13196161,-0.658311,-0.028272837,0.025873752,0.069687575,-0.010858253,-0.54914457,-0.031555295,0.028267868,-0.17898041,0.09156954,0.003917776,0.027488783,-0.13284162,8903
0.17462626,0.16390018,0.2839784,-0.28003535,-0.029217087,-0.14451754,0.21189588,0.3094155,-0.22204648,-0.50273466,0.0029076934,-0.15803924,0.23521356,-0.18689829,-0.16928181,-0.064568475,6561
0.032536373,-0.1734931,0.48787442,-0.33636117,0.009396642,0.026528269,-0.057934858,0.785743,-0.46548814,-0.58536875,0.048363984,0.17723547,0.6294303,0.016717672,0.13852885,0.51920974,7277
0.060492,0.07971987,0.015275419,-0.43248338,0.20474997,0.18606767,0.1479019,0.6344997,-0.647549,-0.15271647,0.01942588,-0.24615172,0.3442017,-0.28032377,-0.38984662,-0.13353735,1343
0.12520686,0.18488157,0.2648243,-0.6692498,0.00882794,0.18813089,0.08915755,0.54856044,-0.73121834,-0.27892584,-0.29783213,-0.079445615,0.078508765,0.031137515,-0.172263,-0.079445645,4446
0.04457753,-0.29868466,0.37814617,-0.5098317,0.15562844,-0.29934043,-0.09966149,0.37234446,-0.4800762,-0.36718708,-0.289334,0.21807353,0.48485106,0.06289109,0.04681045,0.45830092,2150
-0.025821805,0.16950393,0.20325671,-0.44745266,-0.09707168,-0.06321445,0.029441008,0.39944202,-0.32907322,-0.1880399,0.076139584,0.06863863,0.21589254,-0.08201377,-0.041993767,0.0012429059,8606
-0.07616013,-0.05790527,-0.017116316,-0.2620029,0.22543451,-0.047444336,-0.08513135,0.43816388,-0.47723317,0.074277535,0.14557187,0.06561527,0.5704212,-0.09071481,-0.25729096,0.16872378,3266
-0.02648604,0.19096456,0.1941714,-0.32766286,-0.024507515,0.001074098,0.22461739,0.28348652,-0.36665946,-0.5559533,0.17242616,0.2669717,0.034505308,0.04032664,0.16806579,-0.054133818,5546
0.078308396,0.4228559,-0.25177974,-0.46518737,0.30145118,-0.25819835,0.06521914,-0.36093765,-0.5058245,-0.14913747,-0.2047223,0.27410555,0.028629184,-0.22264466,0.2782849,-0.11614598,9969
0.0063086897,0.12912019,-0.12268461,-0.039239496,0.20503879,0.47284067,0.18143228,0.83210266,-0.40956515,-0.32264364,0.054996908,-0.38848394,0.3315079,-0.6203016,-0.15115462,0.00741069,3700
-0.084313974,-0.33966345,-0.0194081,0.039682448,0.012547597,0.2739961,0.09188601,0.93056023,0.084221855,-1.2999382,0.41995525,-0.402164,0.8817601,-0.22437131,0.12187782,-0.061273545,7571
-0.40047956,-0.29882348,-0.028470892,-0.1784838,0.07413107,0.09543113,-0.12832516,0.7698872,-0.5447153,0.038643032,0.24515831,-0.20729026,0.63548416,-0.16421887,-0.2288497,-0.1583586,5921
0.09777963,0.19693407,-0.045196153,-0.2670436,0.07038709,0.15835862,0.30747795,0.33842438,-0.19013281,-0.41771606,0.09982484,-0.23631445,0.43333507,-0.19714847,-0.20584498,-0.041531682,7236
-0.077312276,0.29712018,0.14838569,-0.37712616,0.13876906,-0.25582305,0.38341042,0.27813014,-0.37312752,-0.5169258,0.07267156,0.5629351,0.31800243,0.104356095,0.29063237,-0.050590068,7981
0.30013162,0.068035506,0.030680519,-0.2238163,-0.24986525,-0.15997522,0.17223822,0.5387068,-0.013203725,-0.610498,0.120641,-0.31918475,0.17062607,-0.44206882,-0.12547456,-0.28036547,9878
0.40935767,0.17399424,0.53461623,-0.6197406,-0.44630155,-0.2814748,-0.028031936,0.06978668,-0.45358092,-0.5264504,-0.34579888,-0.3842802,-0.15262324,-0.43741217,0.089068085,-0.5361512,4491
-0.00570105,0.14607681,-0.102262445,-0.09369999,0.06684408,0.29835716,0.34976134,0.6549035,-0.33380213,-0.4616616,0.24630508,-0.20317608,0.3561238,-0.39398727,-0.18869293,0.07501744,9404
0.17628084,0.19380489,0.033884276,-0.29976028,0.12908515,0.15278158,0.17663005,0.43913847,-0.45633614,-0.3667046,0.02528521,-0.17305927,0.2978174,-0.16726369,-0.08441141,-0.27195823,5278
0.16108187,0.4121989,-0.06714259,-0.4427181,-0.069478795,0.003439881,0.15233606,0.07888791,-0.1676485,-0.23927718,-0.20120752,-0.11612846,0.023010314,-0.036517404,-0.18239672,-0.15196481,8215
0.17260067,0.1932058,-0.003039632,-0.32995853,-0.007527992,-0.013656303,0.25817338,0.5028575,-0.28485635,-0.23954304,0.10965308,-0.25628784,0.37360212,-0.28933272,-0.44331276,0.07526745,7504
0.073494315,0.2924754,-0.12994783,0.11522925,0.2230953,0.3812639,0.53153276,0.9604082,-0.18048848,-0.6538371,0.28874803,-0.16885766,0.30890322,-0.706346,0.14613938,0.030225381,2478
0.07231375,0.14227991,-0.10957762,-0.40030527,0.24904944,0.12042984,0.05837613,0.33072475,-0.6535537,-0.047662303,0.066571556,-0.15314528,0.3968922,-0.210912,-0.28485343,0.015646622,4188
-0.027979001,0.10614244,-0.102842115,-0.18314666,0.36177883,0.14366284,0.3574877,0.24981183,-0.25823146,-0.2972878,0.10834418,0.0996253,0.5185269,-0.11257069,-0.20915268,0.08150706,9912
0.1814282,0.061295,0.15190245,0.15292528,-0.1270653,0.09728624,0.32477635,1.0897325,-0.19727567,-0.9063523,0.28430915,0.0012972206,0.23893803,-0.70537466,-0.15583186,0.01613456,5951
0.06537969,0.4578462,-0.12350795,-0.40311143,0.16815892,-0.06428906,0.2878347,0.16007039,-0.28045207,-0.3001339,-0.114723325,0.18817572,0.12055153,0.04604231,-0.14012426,-0.26931173,3903
0.032658935,0.23192587,0.0547693,-0.31542137,0.21561608,-0.17752722,0.15997213,0.13931495,-0.2811128,-0.38037252,0.030145854,0.15020572,0.31528312,-0.033804387,-0.011154383,0.0432287,2866
0.1162428,0.18696606,0.05182973,-0.56784606,-0.021460474,0.08809574,0.15016139,0.23777005,-0.3616447,-0.2302229,-0.2136739,-0.11135407,0.27754202,-0.117763676,0.017068982,-0.006373182,6745
0.020712331,0.06861964,0.31444797,-0.17845994,0.0046828836,-0.07295991,0.33932188,0.49212104,-0.157146,-0.6598139,0.22787067,-0.026891887,0.56337756,-0.114518255,-0.18797275,-0.00041502714,4498
-0.052402318,-0.030424088,0.029973848,0.07843235,0.26641634,0.019845601,0.28237525,0.5453769,-0.093541145,-0.62983406,0.24560031,-0.10837451,0.4687071,-0.26433247,-0.18036917,-0.12672111,9437
-0.1154436,0.08129808,0.35679635,-0.18766874,0.08524792,0.08396366,0.17549293,0.7505193,-0.21365306,-0.53656834,0.20315751,0.15609479,0.35760397,-0.0736152,-0.0014403462,-0.04534006,1023
0.020467594,0.073019974,0.2606551,-0.17415701,0.066873044,-0.2597366,0.10285489,0.4817027,-0.23269196,-0.60922885,0.18193024,0.24282928,0.40534255,-0.19545567,-0.018740848,0.032208145,7599
0.080929324,0.14418826,0.0018687174,-0.6494969,0.10806002,-0.16770199,-0.04502931,0.19239224,-0.6741427,-0.09673076,-0.25419924,0.2675038,0.23059388,0.08032089,-0.19186059,-0.08853923,9049
0.10631156,0.122488305,-0.37113458,-0.15582645,0.13503549,0.010948207,0.14381915,0.50771564,0.107701376,-0.2933954,0.18959254,-0.45420957,0.24299407,-0.47213432,-0.10579796,-0.1859646,2002
0.0016956478,-0.12639365,-0.026072498,-0.069662064,0.16318426,0.09661808,0.26738054,0.5635441,0.16057974,-0.6506711,0.14850184,-0.25641418,0.73298484,-0.38778093,0.011622101,0.15378448,3377
-0.3673195,0.046177242,-0.32569438,0.3437199,0.10493517,0.43014818,0.4401558,1.1877208,-0.17234455,-0.75859624,0.2890935,-0.60239315,0.51721,-0.95214415,-0.531526,-0.30670637,2989
0.014446646,0.008517213,-0.101807505,-0.18686579,0.4632821,0.31511515,0.16052043,0.48312166,-0.47656524,-0.025090441,0.11675768,-0.008311309,0.68760705,-0.20762613,-0.17405534,0.06614636,1661
-0.029206634,0.017360426,0.28073427,-0.3558028,0.120647095,0.1660787,0.05862982,0.36177194,0.07404077,-0.44195515,0.014712881,-0.18840629,0.30770418,-0.40104768,0.029519647,0.016231716,7636
-0.0858714,0.07285381,-0.011724662,-0.5423155,0.010113157,0.28705785,0.03135532,0.5101007,-0.7638942,-0.074149325,-0.07041281,0.011226535,0.20814505,0.057018906,-0.12109728,-0.16632128,3353
0.20611389,0.35609698,-0.20880033,-0.16625345,0.2794519,0.38366786,0.41722703,0.6354819,-0.5634877,-0.31706178,0.19002426,-0.5927034,0.30250764,-0.61299455,-0.27240235,-0.56176203,2029
-0.048829794,0.11331129,-0.11273131,-0.10434772,0.2780255,0.3833124,0.21250623,0.8187782,-0.44950953,-0.26952937,0.14296035,-0.28578722,0.4077521,-0.42806563,-0.20722136,-0.13843392,3442
-0.23237354,0.086351275,0.18047078,-0.23283637,-0.047394656,0.010584466,0.26401892,0.48295513,-0.40744781,-0.3746143,0.26136172,0.4111269,0.18605556,0.09936544,0.075776994,-0.028165251,8665
-0.13156699,0.14927995,-0.14471948,-0.02672562,0.3610861,0.015122455,0.18019536,0.49842155,-0.40565515,-0.2622871,0.31460014,0.055805996,0.48817387,-0.12421301,-0.16381839,-0.07548703,6643
0.2799884,0.070916004,0.21146005,-0.032491222,0.010882139,-0.29854578,0.37251794,0.78845274,-0.13576752,-0.733469,0.037820157,-0.06024033,0.17679758,-0.2319732,0.037640765,-0.315295,2897
0.113201514,0.24966943,0.012821723,-0.41212794,0.0160162,-0.22418216,0.11025556,0.2734096,-0.3087356,-0.25588787,0.07130954,0.05279817,-0.0531487,-0.14741568,-0.008525282,0.012044311,8102
-0.3158031,-0.37246877,-0.027206939,-0.012806654,0.17389275,-0.07452987,-0.083657324,0.53321844,-0.41710278,-0.05056566,0.3636763,0.11621748,0.81069374,-0.05893512,-0.35981685,0.09780292,5860
0.11678978,0.12978686,-0.13155413,-0.3757287,0.04501067,-0.034552105,0.26655814,0.06671582,-0.29619578,-0.22881627,0.06440015,-0.23588634,0.19895297,-0.23404872,-0.10020514,0.03516777,7787
0.18001336,0.35835302,0.23297016,-0.29399168,-0.095391706,-0.05160552,0.3125279,0.26009905,-0.17294633,-0.4476652,-0.06937489,-0.10107922,0.07405183,-0.2036273,-0.19478044,-0.2176923,7926
0.22255854,0.25238457,-0.07606333,-0.4249425,-0.016473278,-0.20160802,-0.080633886,0.20997784,-0.55496716,-0.14557424,-0.046730235,0.12928094,0.11336468,0.0541697,0.22832249,-0.2740472,2978
0.22194439,0.049526237,0.25878894,-0.3195837,0.10760187,-0.37627286,0.11095402,0.31428844,-0.2920435,-0.6631389,-0.05857806,0.0061929673,0.269008,-0.17057899,-0.021551222,-0.19649115,3340
0.08567313,0.07127638,0.018878587,-0.32368833,0.020577714,0.11990947,0.25960088,0.3719638,-0.3356546,-0.29851416,-0.0069463477,-0.08624926,0.40700963,-0.13080484,-0.19377738,0.020916954,1128
-0.16611135,-0.019658506,0.11642877,-0.29364967,0.08818999,0.4559997,0.2448675,0.84403515,-0.5481118,-0.40329465,0.22815455,0.19815776,0.44732502,0.007871982,0.0042774677,-0.053270787,3071
0.066855125,0.06602524,-0.083839215,-0.05929351,-0.14277333,0.14854291,0.20186268,0.6935717,-0.0655275,-0.3998864,0.28740475,-0.35319406,0.2732518,-0.45990783,-0.12955925,-0.21995081,6870
0.2980206,0.19611892,-0.010356307,-0.20622024,-0.10117024,-0.13285752,0.21483682,0.5560045,-0.12883712,-0.5527837,0.14983729,-0.2980039,0.076141894,-0.34582877,-0.07396546,-0.34734532,7421
-0.034676507,0.14417684,0.5331279,-0.3715997,0.029530056,-0.14972734,0.0124483565,0.73592925,-0.3883707,-0.61440116,0.050392892,0.2508444,0.56521744,-0.23640284,0.11080521,0.25570652,5242
-0.01600352,0.5764699,-0.12846798,-0.6691076,-0.13019878,0.09625925,0.23213512,0.09234824,-0.34707296,-0.08042091,-0.3626045,0.19088292,-0.14494036,0.038966514,0.008373469,-0.37172204,9835
0.00863412,-0.18819441,0.27365452,-0.29641753,0.12781432,-0.23045103,-0.03566207,0.2801476,-0.45478627,-0.26708168,-0.025210144,0.20385739,0.5037097,-0.03505577,-0.054877937,0.30710572,2730
-0.11688181,0.021235272,0.05906442,-0.5495355,0.081832886,0.15128297,-0.06619286,0.47236255,-0.6461923,-0.048584305,-0.10480152,-0.0075187236,0.42800105,-0.029061373,-0.13094153,0.018203184,6778
0.04021755,0.36368594,-0.044031322,-0.8548818,0.09176129,0.22170874,0.071545,0.20569628,-0.6505014,0.08677533,-0.31591827,-0.145747,0.032979712,0.038362607,0.05461216,-0.36889714,1865
-0.32548457,0.22419396,0.21216486,-0.1836504,0.07058485,0.41858378,0.5232103,0.6777274,-0.27062497,-0.39730108,0.08285183,-0.30250797,0.60673535,-0.48536086,-0.44268113,-0.13309838,8688
-0.015354708,-0.033116266,-0.0029278956,-0.1041885,-0.027269885,-0.055099986,0.3360306,0.37767172,-0.048601627,-0.66563845,0.34205198,-0.21045342,0.53599966,-0.2958151,-0.3070034,-0.16120228,8873
0.21033214,0.0766191,0.008976888,-0.3260128,0.037036538,-0.17366767,0.15646292,0.2567014,-0.20372641,-0.36767364,0.0068860315,-0.05108174,0.24787223,-0.14844792,-0.17129418,0.15285082,1295
0.35552597,0.12418609,0.4879192,-0.5210664,-0.3053407,0.07641958,0.07508303,0.33886415,-0.2800892,-0.53494513,-0.19051117,-0.4363371,0.16092357,-0.3171206,-0.17191896,-0.263702,5199
0.02605787,0.15188667,0.03404049,-0.21425247,0.21887161,-0.04125032,0.16661866,0.43035495,-0.43177015,-0.4138985,0.072974026,0.011096448,0.3517765,0.0037589073,-0.14683606,-0.013233185,5381
-0.023446783,0.36956614,-0.026310798,-0.32524377,0.25192544,-0.028208062,0.5079481,-0.12359448,-0.38880736,-0.21297991,-0.39377838,0.4258088,0.0550607,-0.31119323,0.12448034,-0.38498175,9830
-0.044647336,-0.563478,0.11085448,-0.30579716,0.27917594,0.39772457,-0.057838425,1.3148824,-0.5055659,-0.73155785,-0.3150578,-0.39531264,0.880026,-0.34121978,0.12939367,0.3558215,9676
0.0019783974,-0.07089789,0.26093847,-0.18836161,0.0114516765,-0.08614518,0.38324413,0.099473596,-0.24919929,-0.3972091,0.042125724,0.06041132,0.5672885,-0.28787726,-0.42336163,-0.05023606,3911
0.12827884,0.009155422,0.07526096,-0.32846695,-0.006931275,-0.25605437,0.5185671,0.1447226,-0.37089628,-0.67349935,0.14472729,0.16914423,0.2704726,-0.1592983,0.20424607,0.09770202,6701
-0.11807732,-0.049113646,0.26606387,-0.40292427,-0.18436928,-0.5030455,0.09223275,0.27344754,-0.26651853,-0.40769535,-0.07645581,0.14350443,0.278113,-0.20730948,-0.3649673,-0.007766515,8110
0.035600066,0.23461418,-0.14392203,-0.4723049,0.01826933,-0.16325457,0.09107425,0.26707143,-0.24308756,-0.1741241,0.1540781,-0.09610178,0.206039,-0.049060423,-0.12337804,-0.15740697,8447
0.034228146,0.19475824,0.11811778,-0.63337976,0.15317914,-0.1836761,0.0756084,0.11839626,-0.326697,-0.2627024,-0.24150012,0.08912149,0.1344869,-0.06585302,0.14619285,0.012133703,7719
-0.059305474,-0.22217175,0.6769539,-0.17446361,-0.039480694,0.21727557,0.032704093,0.8946853,-0.4571843,-0.63733864,0.25129208,0.3203867,0.5489855,0.017664518,0.057990998,0.49476218,3809
0.17646433,0.07874505,0.23019658,-0.30648178,-0.19305705,0.0048564635,0.26782084,0.18395552,-0.00081013143,-0.40012634,-0.11790326,-0.45288146,0.290878,-0.31079856,-0.22565633,-0.03330481,5561
0.16168645,-0.0649852,0.027029615,-0.21900003,-0.02527102,0.01980628,0.08048105,0.4837262,-0.2626398,-0.5003011,0.047971755,-0.08118214,0.4087791,-0.105115384,-0.121863216,0.26393583,6158
-0.024667814,-0.109224476,0.25246286,-0.24921593,-0.1465792,0.19454312,0.2382486,0.5714584,-0.22118863,-0.7650014,0.15895644,-0.33612972,0.4909656,-0.46510446,-0.2799213,-0.14978644,6440
0.08812801,-0.16348986,0.2620739,-0.12080623,0.0891311,0.07968011,0.3682788,0.7153875,0.14116758,-0.6730124,0.11256216,-0.13489743,0.6547409,-0.46479142,0.035280555,-0.083221704,6826
0.19594225,0.15029095,0.019545697,0.052636027,0.25328177,0.032442473,0.4818716,0.4251564,-0.22030905,-0.8152482,0.21624725,-0.33475128,0.43532538,-0.36834,-0.05939798,-0.1928573,8224
0.02121462,0.15824792,0.16983686,-0.18535493,-0.09795335,0.12509519,0.48635036,0.33786988,-0.162592,-0.48396337,-0.03597626,-0.023369476,0.14971615,-0.014473377,-0.15332648,-0.2006461,5457
0.078415915,0.05319383,0.005737788,-0.22356032,0.15709274,0.016702708,0.17531484,0.29662335,0.060800612,-0.48957106,0.09693007,-0.31632876,0.3734808,-0.29451308,-0.1455063,0.01811032,8115
-0.23733072,0.039731033,-0.058322974,-0.31664968,0.25307453,0.38959226,-0.05606073,0.631836,-0.74654925,0.05709766,0.13002303,0.059133515,0.63068247,-0.056993254,-0.05613327,0.16384354,2328
-0.01756394,-0.06613273,0.0017451402,-0.14883438,0.32103413,0.19241191,0.34643087,0.56884384,-0.2696447,-0.4897815,0.1555472,-0.27407512,0.77148473,-0.31020197,-0.30995587,0.09595056,4762
-0.018245414,0.15674973,0.15018359,-0.4839924,0.056148976,0.2561734,0.16337308,0.53012526,-0.3641341,-0.28521833,-0.08433135,-0.08304349,0.33837944,-0.15296769,-0.13546447,-0.04205756,1321
0.053672,0.28998268,-0.2437641,-0.35614443,0.14164868,-0.11760518,0.21187273,0.17393482,-0.16699211,-0.22050233,0.055458393,-0.08354123,0.14513329,-0.25182796,0.14589405,-0.24661595,1379
0.1244285,0.17056385,-0.094798565,-0.52315307,0.25798312,-0.13361272,0.06787821,-0.008632451,-0.543121,-0.08015266,-0.16245623,0.187364,0.3404894,-0.12876567,-0.19032201,0.16530262,1230
-0.16803831,0.050976675,0.01140964,-0.2667312,0.20884493,0.091094926,0.025196375,0.5610782,-0.4773212,-0.1448254,0.19284469,-0.09964177,0.5223697,-0.17707479,-0.31402823,-0.10731943,8293
-0.16175514,-0.12495699,-0.05959668,-0.10447231,0.08461971,-0.12419166,0.032518756,0.49846935,-0.06606262,-0.27850002,0.20866697,-0.095813684,0.5253941,-0.22996436,-0.34379843,0.11157552,3054
0.0340461,-0.15609033,0.24947171,0.00048315525,0.5111391,-0.2910704,0.36170098,0.38780195,-0.18077798,-0.7919318,0.105946645,0.4076827,0.6809949,-0.09271555,0.11166909,-0.024139553,3898
-0.10080962,0.014363661,-0.2746782,-0.023266852,0.35095835,0.40169224,0.22955014,0.6481496,-0.13847522,-0.39918786,0.17520976,-0.56865937,0.57337487,-0.6632725,-0.1221704,-0.1031941,2819
-0.18855965,-0.0033057183,-0.018564085,-0.4800063,-0.041455254,0.18633954,0.091335975,0.39857048,-0.7061273,-0.10706888,0.038940445,0.19529031,0.23018296,0.10625403,0.0016019344,-0.07899067,2166
-0.026236847,-0.024165325,0.05878285,-0.29900482,0.288174,-0.06679891,0.14929277,0.16105837,0.07687566,-0.316413,-0.16375898,-0.2668019,0.4287429,-0.27671552,-0.07488267,0.23152108,8633
0.0519962,0.009283073,-0.23890147,-0.05855769,0.35268456,0.041419573,0.2553094,0.5077144,-0.17092386,-0.34321022,0.3023413,-0.15098874,0.53344536,-0.40852898,-0.37940592,-0.0337808,4612
0.026088096,0.1287025,0.28921592,-0.34899828,-0.06892339,0.3710211,0.24454491,0.8249156,-0.4810025,-0.564011,0.02014772,0.04217375,0.19661075,-0.234058,-0.028770417,-0.25481015,9671
-0.28791264,-0.036217563,0.24424283,-0.47192466,0.3752757,-0.1601592,0.20915827,0.10955955,-0.115298316,-0.11825043,-0.21923882,0.23898286,0.31304914,-0.3455081,0.46147466,-0.28586406,4971
0.15414283,0.2862532,-0.13741603,-0.4800984,0.11967648,-0.024993055,0.07074712,0.16890034,-0.40328142,-0.09754016,0.057846386,-0.17284948,0.24990195,-0.18987972,-0.18340047,0.03825125,9210
0.059772126,0.18790235,0.086778216,-0.08794749,0.08731799,0.35880738,0.21509658,0.80463594,-0.13954583,-0.62372315,0.21588112,-0.26988566,0.36927554,-0.5159792,-0.08639318,0.049764276,6559
0.007147461,-0.29375145,-0.11474539,-0.114674225,0.36993933,0.5930628,0.39703816,0.99073005,-0.070734635,-0.8553436,-0.023219727,-0.35298386,0.45343146,-0.7368919,0.16920447,0.18857941,9749
-0.20880426,-0.022833124,0.007189283,-0.23520152,-0.11405996,-0.065041766,0.017345672,0.45362133,0.053696156,-0.38706097,0.19491845,-0.08126394,0.202598,-0.24400723,-0.21432132,-0.31382447,4807
0.44050854,0.23378995,0.4915336,-0.21653645,-0.07928988,-0.17353618,0.3095534,0.25146103,-0.50021863,-0.80829895,-0.23724896,-0.29084077,0.13595887,-0.43549097,0.023463845,-0.42566374,7630
-0.4454382,-0.12475536,0.019988574,-0.19866043,0.0047675148,0.25288415,0.07071823,0.8443104,-0.92329735,-0.20361967,0.015425522,0.13548535,0.14529562,-0.27583984,-0.23681891,-0.3342476,1665
-0.10359898,0.0062507465,0.28973222,-0.3903874,-0.16332763,-0.015200108,-0.07599733,0.66984844,-0.22547966,-0.13444896,0.15354457,-0.028976798,0.3976808,0.056926884,-0.27198437,-0.23479214,9941
-0.16096526,0.034466982,0.38390034,-0.090690106,0.037543975,0.06755943,0.20461452,0.7532412,-0.37145096,-0.49213445,0.27133194,0.21979468,0.2657403,0.07171972,0.04412836,0.11536892,6925
0.18440272,0.2564432,0.18462501,-0.15187632,-0.05635412,0.24926916,0.4688017,0.2624671,-0.00259538,-0.8372162,-0.023106739,-0.5771054,0.2238246,-0.59658843,-0.051554665,-0.47919524,4861
-0.05722494,0.23125055,-0.10232778,-0.4546519,0.016535256,-0.16240974,0.061504573,-0.06585329,-0.3704065,-0.2256258,-0.010839194,0.044450477,0.20450887,-0.022224,-0.104352385,-0.06388181,7600
0.18598044,0.062404312,-0.20109975,-0.17246407,0.10295001,0.06481814,0.095520794,0.4830752,-0.21029012,-0.32618782,0.12839529,-0.3647296,0.36557856,-0.35651037,-0.19110401,0.057547614,8870
0.24077758,0.20326647,0.3001235,-0.18650328,0.021490045,-0.09627321,0.3293747,0.4545654,-0.21421075,-0.62611175,0.031027865,-0.081046104,0.24978785,-0.17460355,-0.12836471,-0.13202006,2926
0.16528204,0.27938193,0.11005672,-0.43842676,0.14468676,-0.29688197,0.1227328,0.28834844,-0.36370403,-0.5306375,-0.060525082,-0.05470389,0.24432564,-0.14343745,-0.093387425,-0.15672462,7734
-0.19385639,-0.151356,0.085165314,-0.018155038,0.1697837,-0.020842873,0.20656875,0.6058762,-0.174346,-0.40967253,0.20815907,-0.09043542,0.964958,-0.28776193,-0.44194508,0.10851139,3676
0.19264203,0.19423497,-0.16532533,-0.37136748,0.058912277,0.40592688,0.25329298,0.4560383,-0.5746076,-0.22099516,-0.025135994,-0.35279107,0.12148313,-0.28703868,-0.17976,-0.08186634,7827
-0.00069107115,0.19849165,-0.07411634,-0.15206121,0.09537761,0.1839155,0.44856533,0.45471793,-0.23161271,-0.37793005,0.13631308,-0.20699197,0.454167,-0.2394033,-0.30385014,-0.16542874,2862
0.18533692,-0.15430443,0.00064555183,-0.2060751,0.12949704,-0.016570289,0.15894018,0.48414257,-0.10073195,-0.5233473,0.0017351676,-0.08936908,0.5292125,-0.20122063,0.12277849,0.053545773,8388
0.0543025,0.053182464,0.09813388,-0.07319785,0.27309254,0.34527972,0.52967346,1.016434,-0.21936975,-0.647946,0.14666888,-0.016174532,-0.014734389,-0.4457752,-0.05144298,-0.23931283,5568
0.022697523,-0.0915197,0.1924745,-0.06466411,0.18225262,0.015475288,0.3119042,0.68108344,0.03278075,-0.7481017,0.18336384,-0.053926405,0.7575619,-0.23283648,-0.05331789,0.1501811,6598
0.018875152,0.19287694,0.029059103,-0.6608801,0.008472331,0.0021125637,0.010208441,0.32973424,-0.31576928,-0.0778914,-0.16585621,-0.116477355,0.14475526,0.03326311,-0.0004990995,-0.11572999,1115
0.024577826,-0.44263738,0.36956698,0.1998364,-0.014594605,0.030094162,0.29678372,1.2791747,-0.40401605,-0.73190236,0.10986014,-0.2823358,0.8662168,-0.4234012,-0.85835916,0.050825953,8917
-0.33198532,-0.27400225,0.58090895,0.23833057,0.091855645,0.15116933,0.23912095,1.0400488,0.023131534,-1.027615,0.5083501,0.16353813,0.5602284,-0.29475,-0.1234996,-0.13592753,2639
0.023285039,-0.038185775,0.10444827,-0.42791143,0.060340814,-0.06468081,0.15823877,0.37950957,-0.4600637,-0.29084724,-0.07950566,-0.09365187,0.5195672,-0.12681498,-0.3189399,0.13235041,4590
0.14141975,0.36198178,-0.3007235,-0.38019258,-0.015528262,-0.011656925,0.2049171,0.35717452,-0.18087234,-0.21172284,0.17836171,-0.30176115,0.14503588,-0.19883083,-0.042028636,-0.29592296,4095
0.01336506,0.40934902,-0.01528274,-0.40528414,-0.016113877,-0.0847377,0.38730684,-0.019212931,-0.18055291,-0.22130758,-0.26858094,0.063583404,0.039419606,-0.17124498,-0.15546972,-0.34861407,9071
0.04049807,0.06020848,0.10902978,-0.5092917,0.13132812,0.060810093,0.063810214,0.49070603,-0.3919617,-0.17500488,-0.118297726,-0.24413812,0.40370357,-0.16479026,-0.39501634,0.022292227,1987
0.18145809,0.2596232,-0.12038911,-0.268344,0.056291096,0.10320251,0.28223404,0.43357775,-0.19459149,-0.44566333,0.14788201,-0.45676196,0.28216934,-0.32349214,-0.2007804,-0.18132663,9363
0.14177696,-0.043024406,-0.0064550526,-0.27766573,0.16492712,0.12309205,0.33375606,-0.005299881,0.026860788,-0.55281943,-0.2109592,-0.27330318,0.5360959,-0.41293344,0.22964337,-0.09966016,1240
0.12320912,0.09111906,-0.12792337,-0.5369419,0.22130921,-0.10088007,0.10439852,0.016710445,-0.43519515,-0.0361529,-0.27436024,-0.0006484911,0.13892037,-0.097135514,-0.0010762513,-0.05862391,2276
-0.016706482,-0.103980556,-0.026588142,-0.4944193,-0.015566073,-0.2260794,0.011292901,0.3403914,-0.24672815,-0.4651596,0.12354828,-0.11681846,0.40585887,-0.1164626,-0.107996285,-0.28128973,5704
0.29176798,0.41326365,-0.05442495,-0.6548476,0.05024323,-0.2612832,-0.07482914,-0.0028824508,-0.53914,-0.26194045,-0.26249442,-0.0816919,0.11742702,-0.024210405,0.21015562,-0.23706989,7665
0.07617181,0.13875616,-0.24395753,-0.16356453,0.114913635,-0.03253897,0.17337108,0.43600708,0.074677795,-0.29647326,0.18712804,-0.39955088,0.26680937,-0.36420882,-0.17756745,-0.041434526,1311
0.12029374,0.15215413,-0.046548076,-0.22965246,-0.067006275,0.062276892,0.122209616,0.4586347,-0.3161676,-0.15456927,-0.009450521,-0.32775736,0.22299275,-0.31126422,-0.3555109,0.060942695,2329
0.053078756,0.023958221,0.3258648,-0.2861855,0.21545403,-0.107619375,0.28577945,0.45991844,-0.012235761,-0.35758185,0.07000385,0.03905335,0.5483489,-0.19863945,-0.48881745,0.19404459,7164
-0.34248602,0.24822569,0.20910999,-0.6754894,-0.07504681,0.37660387,0.10261524,0.8165623,-0.7743046,-0.15976618,-0.22974432,0.24759692,0.36661983,0.12353268,-0.09264468,-0.21888372,1858
0.17577927,0.26069325,-0.09951456,-0.3559952,-0.021691367,-0.038117625,0.154785,0.35473526,-0.15671036,-0.26259115,0.08305924,-0.15929094,0.054606542,-0.2104209,-0.099045545,-0.14462973,9694
-0.07969116,0.06284853,0.29321754,-0.25449905,-0.12606454,-0.14656404,0.20225999,0.29912648,-0.2081673,-0.50785476,0.15456061,-0.32058227,0.66319406,-0.31666508,-0.49142545,-0.027432665,5759
-0.032474145,0.019720506,-0.24844544,0.017698467,0.054518513,0.28487822,0.19656713,0.5960907,-0.30932966,-0.32108775,0.10033647,-0.45019063,0.4034836,-0.5602442,-0.20888248,0.11816943,7405
-0.19222713,0.016083643,0.017994348,-0.27505845,0.085107476,0.033701017,0.2177577,0.46856177,-0.47774273,-0.3021492,0.17305967,0.0031790882,0.41993803,-0.22593805,-0.3250444,-0.11981636,5229
0.20424645,-0.025624126,0.13130109,-0.09447807,0.21381596,-0.034782793,0.36126718,0.43633497,-0.29949635,-0.8675126,0.23835805,-0.4023828,0.4840567,-0.42378697,-0.20469958,-0.3511051,7334
0.2627138,0.095156446,-0.48726535,0.1995053,-0.011251584,0.1663444,0.3751425,0.6566392,0.061829194,-0.7466185,0.32377124,-0.5040259,0.37787658,-0.5600837,-0.037062213,-0.19149868,7712
0.11485913,0.13589905,0.34169745,-0.22007127,0.12331823,-0.10740961,0.3537157,0.25801513,-0.27222914,-0.5758846,0.029200133,0.10490097,0.34088862,-0.1395592,-0.17199776,-0.08111821,4551
0.12619035,0.059005585,0.06505768,-0.18835327,0.11121831,-0.16371948,0.17664298,0.45045304,-0.15644604,-0.47467822,0.074321076,-0.07945899,0.30793887,-0.21517043,-0.09052046,-0.121741354,1087
-0.12700231,0.36113387,0.16137801,-0.57403255,0.014042506,0.17261267,-0.08903034,0.42587757,-0.5168325,-0.0549929,-0.15381198,-0.1983664,0.34120148,-0.056855783,-0.17046453,-0.04484096,7683
0.026903816,0.22400431,0.041501574,-0.51510733,0.038441807,-0.18709524,0.17835926,0.011187106,-0.26614496,-0.20421425,-0.1915311,0.19462699,0.08782141,-0.10804367,-0.12907626,-0.14910708,2930
0.08498124,0.038969878,0.019359346,-0.22032446,0.19392219,-0.022142775,0.3407319,0.4726798,-0.28256118,-0.51004255,0.106945425,-0.18436421,0.3574013,-0.1901164,-0.20334026,-0.14153752,4694
0.18836732,0.47698018,0.22780953,-0.40903062,-0.17016484,-0.037862204,0.2282585,0.16520551,-0.33422396,-0.4150274,-0.09034556,-0.15456536,-0.07321854,-0.3150338,0.08052069,-0.14485458,1178
-0.39030045,0.16545129,-0.045062847,-0.29826248,0.07426402,-0.2221815,0.3296662,0.31052423,-0.31881052,-0.2914381,0.16501093,0.54338074,0.3117135,-0.22574386,-0.13593984,-0.1826354,7430
0.18146808,-0.37428638,-0.31785446,-0.03203094,0.17056699,-0.09899079,0.062817864,0.49077523,0.14071037,-0.4480185,0.09770738,-0.24106261,0.53903365,-0.37511203,0.05334547,0.011724889,6002
0.09101382,0.032639664,0.09184204,-0.40324223,0.11489107,-0.00089338166,0.17695026,0.39336094,-0.25379246,-0.44184273,0.10607174,0.037866063,0.34913704,-0.024416938,-0.022106469,0.10198236,6491
-0.19171551,0.30473667,-0.024222627,-0.24269295,0.11009836,0.14214338,0.55594194,0.34203675,-0.16088878,-0.35402656,-0.0383344,0.1545331,0.24580044,-0.073198564,-0.1622347,-0.2681493,1380
0.08283921,0.06321431,-0.60608304,0.40602517,0.19140753,0.63505185,0.43744192,0.88929003,0.12411524,-0.9208146,0.27286518,-0.91894007,0.4427057,-1.2115263,0.04739067,-0.22114418,6723
-0.014206678,0.33728147,-0.012975099,-0.691224,0.021233901,0.015765123,0.04675456,0.2213511,-0.4947628,-0.12526986,-0.22771405,0.24952576,0.11964266,0.081127286,-0.0047782063,-0.095399335,6969
-0.12108645,0.38794577,-0.16574237,-0.43965718,0.059959278,0.19141395,0.42232192,0.30073947,-0.47001392,-0.111610666,-0.16026734,0.2573735,0.10090886,-0.04378455,-0.1552956,-0.4049561,3363
-0.18543164,-0.0148612335,-0.071843885,-0.5176493,0.39191312,0.29853263,0.067220174,0.54430425,-0.5742347,0.06103252,-0.25509256,0.24615872,0.6395551,-0.09558062,-0.039888903,0.09300536,2822
-0.5110004,-0.05264485,-0.031243328,-0.097403035,0.345294,0.6260575,0.43890664,0.9155819,-0.5904714,-0.13519514,0.24980828,-0.0083577335,0.8126354,-0.35947493,-0.33953118,-0.43922782,6301
-0.047067612,0.08092212,-0.14430885,-0.28906563,0.08346926,0.3654866,0.271432,0.48635152,-0.57273686,-0.14198774,0.07196943,-0.22623572,0.3423951,-0.27254376,-0.3074272,-0.17707023,3184
-0.15655316,-0.15348712,0.043410596,-0.24715318,-0.0015207455,-0.11174944,-0.06309924,0.32896817,-0.3425548,-0.16079073,0.17446932,-0.0036399662,0.5662889,0.0029144287,-0.26638097,0.107099295,9087
-0.010097787,0.056466,0.31394857,-0.49960637,0.014079817,0.0052919686,0.18302579,0.46632007,-0.33045602,-0.49546754,0.018277096,0.15605949,0.5141876,0.03178647,-0.017083496,0.17381898,2274
-0.112987444,-0.064366505,0.037491918,0.1772694,0.6593127,0.06039983,0.31495765,0.75090337,-0.5311647,-0.45435128,0.090549186,0.22912848,0.6969538,-0.027124032,-0.016813427,0.04990852,6855
-0.051047966,0.44411683,-0.1291603,-0.7649712,-0.02404952,0.22484484,0.16258042,0.11856288,-0.5031545,-0.033233404,-0.4016789,0.033789627,0.115366966,0.03255064,-0.15731941,-0.26373184,8174
-0.07999402,-0.15180957,-0.0051661357,-0.27558383,-0.21658589,-0.1535556,0.11528512,0.56587756,-0.17891906,-0.6699729,0.13587768,-0.17880003,0.2677968,-0.2535711,-0.25516412,-0.22853701,5661
-0.15196843,-0.03262054,-0.027137928,-0.117740706,0.23569497,0.18973085,0.26377112,0.65535736,-0.50510514,-0.2256599,0.10832714,-0.36787063,0.6301414,-0.4422704,-0.59205437,-0.058626473,6492
-0.037447155,0.20335956,0.017283786,-0.19334745,0.3461643,0.18166092,0.20165324,0.40721512,-0.22840412,-0.31683534,0.05452338,0.1450253,0.46185768,-0.07706389,0.03639157,0.039287746,7412
-0.3461973,0.044995353,-0.050091077,-0.14350112,0.2859642,0.39934677,0.18829452,0.80994475,-0.7458274,-0.12860017,0.17068027,-0.22058165,0.6665524,-0.4034071,-0.34849668,-0.11103062,6313
0.030309573,0.00020639598,0.011952598,-0.48503774,0.243554,-0.1377922,0.07054529,0.28581965,-0.3140172,-0.31757462,0.018114582,0.041822582,0.41236025,-0.16883314,-0.2889204,-0.1484978,4765
0.09459003,0.041730076,-0.07834688,-0.481135,-0.10065323,0.04363741,0.010719556,0.36345667,-0.5050074,-0.1224434,0.15510844,-0.23874748,0.33548686,0.09686684,-0.17059247,-0.12176175,1243
-0.24038044,0.14298518,0.1508507,-0.10922927,0.24689883,0.34703013,0.17453164,0.8366982,-0.50273216,-0.42738748,0.21494506,-0.062809065,0.55377376,-0.17429689,0.025280356,-0.04045768,1735
0.021892264,-0.3444446,0.12685357,-0.3094474,0.23563102,-0.05616798,-0.009113252,0.53918695,-0.31145045,-0.6348809,-0.10700913,0.03946504,0.738751,-0.084886126,0.21978357,0.29644558,6225
-0.08070551,-0.03082975,-0.1185701,-0.022331238,0.07249653,0.18478148,0.3892486,0.742705,-0.31272513,-0.5603571,0.13602498,-0.41052175,0.68541443,-0.5395147,-0.3637157,0.022846192,9582
-0.22256833,0.038168997,-0.02243644,0.06760371,0.13750057,0.070302054,0.17526245,0.7320527,-0.31917045,-0.42905122,0.15164058,0.017788112,0.36680424,-0.5725108,-0.18536973,-0.08911319,6271
-0.22013904,0.23904672,-0.26411724,0.2669552,0.0036708266,0.52620274,0.5401331,1.0901012,-0.39317524,-0.5777867,0.25639573,-0.7436474,0.36222264,-1.016936,-0.5776824,-0.34746033,3639
-0.29850224,-0.1088365,-0.041402638,-0.3480529,0.07004587,0.29695463,0.03421446,0.56578577,-0.7838539,0.14004047,0.13201252,0.011028618,0.3132715,0.02470047,-0.12541561,-0.15922888,1707
-0.054403573,0.504943,-0.014982177,-0.29281214,-0.007696055,0.061185494,0.42586234,0.15615408,-0.16823201,-0.29189053,-0.25128233,0.09683369,-0.03607568,-0.089920305,-0.10254201,-0.42225692,1167
-0.023833394,0.14392819,0.29354,-0.11441517,-0.028693892,0.17625353,0.21350029,0.73708856,-0.06396555,-0.7344009,0.25866023,-0.08187637,0.47931683,-0.38918933,-0.1241491,0.08243698,1927
0.07485172,0.12174135,-0.04230391,-0.30210152,-0.12383021,-0.08677958,0.07382655,0.32941067,-0.29307532,-0.16927291,0.18944113,-0.11642502,0.2783406,-0.051223878,-0.114725664,-0.2427125,1786
-0.021396313,-0.094501786,0.03277475,-0.28247258,-0.057375282,-0.2960954,0.024809822,0.42258817,-0.18782893,-0.4017186,0.029066697,-0.09536251,0.40230632,-0.26853094,-0.38305828,0.024547428,9444
0.10888106,0.26340654,-0.104741335,-0.32936525,0.25603005,-0.076418065,0.18452021,-0.13114709,-0.2811743,-0.103152215,-0.20252006,0.16489306,0.21687792,-0.18888608,0.010033309,-0.039660633,8629
0.009344801,-0.16569209,-0.018223159,-0.5340227,0.28285986,-0.15985495,-0.10873595,0.2081801,-0.31718108,-0.07615163,-0.344709,-0.074483104,0.35227665,-0.13764597,0.018057942,0.17770964,2635
-0.0076378435,0.45607147,-0.08530466,-0.68060803,-0.06424378,0.12079605,0.21830744,-0.083239526,-0.5251984,0.06003368,-0.3885248,0.029339172,-0.07815465,0.02005519,-0.25805572,-0.3676293,3789
-0.14780462,0.279614,-0.116582125,-0.53289086,0.15694788,0.26842806,0.28805643,0.29122064,-0.50179744,-0.06420754,-0.16016144,0.11166474,0.2998562,-0.14492902,-0.25317338,-0.16031888,8152
0.14799295,0.2603879,0.1280795,-0.6758566,-0.27224362,-0.16105716,-0.052242696,0.19067791,-0.7077781,-0.34629592,-0.36285108,-0.25090396,-0.024427772,-0.026636532,-0.021883234,-0.46236545,6483
0.042212278,0.29123324,-0.058598407,-0.615791,-0.1061065,-0.0025170892,0.038647637,0.16454583,-0.46997738,-0.018864498,-0.20578407,-0.16023953,0.090096295,0.01442989,-0.044870943,-0.14144975,6681
0.08050084,-0.2606438,-0.00081882626,-0.2550264,0.57401043,-0.26147375,0.059949692,0.10853562,-0.3391969,-0.3977543,-0.2695607,0.24098623,0.5723678,-0.075525016,0.21693635,0.26732257,7356
0.21058595,0.026492827,-0.19551224,-0.13987267,0.04832398,-0.085811295,0.19325274,0.4796882,-0.000268206,-0.42314166,0.18173797,-0.21508305,0.37555116,-0.26761618,-0.19649197,0.018468559,4484
0.052114762,0.09446851,0.13213086,-0.23649484,0.037454017,-0.040628124,0.2659297,0.25235364,-0.4217053,-0.5135082,0.07611146,0.004386455,0.09383248,-0.31908706,0.021074653,0.2742789,3384
-0.08344896,0.41610217,-0.15768597,-0.8096144,-0.06540859,0.31876048,0.2810008,0.07376678,-0.73850137,0.2120563,-0.4938491,0.17236912,-0.16507758,0.052720632,-0.246564,-0.62223935,8746
0.32859802,0.16031973,0.4034001,-0.3547564,-0.10514504,-0.022186123,0.035835903,0.56475246,-0.35601443,-0.57102966,-0.018081037,-0.2656896,0.13606127,-0.257473,-0.07966526,-0.18629764,5693
0.101702884,0.13624874,-0.060139693,-0.0927977,-0.022492811,0.23953962,0.5819929,0.49706212,-0.15823503,-0.5932239,0.08291862,-0.16344947,0.52753365,-0.2693144,-0.13164882,-0.20915836,1063
0.022954442,-0.0011427552,0.2722066,-0.20633776,-0.04727719,-0.22169116,0.0073534846,0.2802884,-0.24308874,-0.4061139,0.05304749,0.18392694,0.20811196,-0.15300804,0.014893353,0.08458398,9431
-0.094675034,0.12108039,-0.004877256,-0.11642969,0.18734232,0.14169538,0.27617857,0.6707977,-0.15311727,-0.41449714,0.24280268,-0.1933577,0.42672107,-0.33987534,-0.32690054,-0.16620292,6837
0.20517111,0.034415543,-0.061144404,-0.44998375,0.06639065,-0.11805181,0.04711309,0.092536435,-0.2983234,-0.2757954,0.05342823,-0.04997132,0.3860004,-0.1069745,-0.040661752,-0.10367198,6570
-0.0027003437,0.05555733,0.04735084,-0.23123462,0.03987401,0.2528019,0.2735246,0.6606126,-0.41153964,-0.4025533,-0.0008414583,-0.28357586,0.3859955,-0.43451875,-0.38200182,-0.061138615,3726
-0.3270673,0.19770977,0.14275843,-0.19819383,-0.16492765,0.5163388,0.5657833,0.83391535,-0.6792942,-0.18278335,-0.17073941,-0.17224821,0.32934734,-0.45352152,-0.6327432,-0.3594945,2583
0.20655723,0.064836144,0.39156002,-0.2504816,-0.16977581,0.12866393,0.20295213,0.6027,-0.16742104,-0.78110844,0.10389222,-0.33992463,0.35959086,-0.4623439,-0.18784875,-0.028902665,7973
-0.0736039,-0.019724809,0.13126217,-0.4429018,0.105881155,0.09463602,0.16789643,0.5088928,-0.48984614,-0.3141663,-0.042501442,0.0259227,0.53747976,-0.07317235,-0.19407816,0.090196006,5173
-0.058014736,0.20534906,-0.31027946,0.23560765,0.381973,0.44045818,0.63026035,0.856889,-0.18573071,-0.67850244,0.35711867,-0.5058518,0.5008253,-0.74616534,-0.1782319,-0.28872156,1996
0.012658313,0.018563114,0.24146453,-0.22357732,0.07201317,0.036462426,0.29845574,0.451097,-0.22433703,-0.4966578,0.10705888,0.22387728,0.44725168,-0.15374945,-0.048981413,-0.017760068,5259
-0.025752246,0.63740885,0.023728462,-0.38996407,0.04978445,0.044335097,0.41579977,-0.07214503,-0.17051232,-0.12711816,-0.40026534,-0.06446745,-0.054621547,-0.23813787,0.020283908,-0.44088703,9147
0.32647103,0.33617842,0.029835619,-0.701591,-0.13612646,-0.17512646,-0.042093128,-0.0568133,-0.4832604,-0.2232027,-0.15906745,-0.1790535,0.11873303,-0.08497487,0.03770572,-0.3218491,2915
0.05578287,0.12658986,0.28906292,-0.17975207,0.0707905,0.050928347,0.5168736,0.099087365,0.16411847,-0.6298042,0.0440367,-0.27131602,0.7957796,-0.37320054,-0.20013037,-0.10303722,4065
0.04369043,-0.02837772,0.10201595,-0.5246278,0.10070396,-0.026457142,0.2534923,0.29031894,-0.7220738,-0.088009335,-0.19697434,0.32341868,0.361345,-0.03884482,-0.3675043,0.076084405,6915
-0.17846535,-0.095216095,0.31234306,-0.070482954,-0.16221088,0.0059480965,0.38758996,0.6314003,0.040868774,-0.7983272,0.2793515,-0.42222333,0.72945654,-0.49023327,-0.49898744,-0.15546924,7319
-0.2685687,0.17908815,0.35965475,-0.27565888,-0.38849583,0.05280727,-0.010549381,0.32594544,-0.5104568,-1.2365345,0.76977587,0.07438056,0.5619886,-0.28268778,-0.16608885,-0.05701015,4763
-0.11220047,-0.13704956,-0.008231893,-0.10278678,0.5187259,0.2919965,0.19374387,0.58772403,-0.44037047,-0.39995402,0.078571856,-0.20449303,0.83831763,-0.33971995,-0.1771136,0.1549257,8958
-0.16252674,0.13613757,0.17111051,-0.50339353,-0.019774318,0.08991725,0.25511047,0.49426734,-0.4597655,-0.33351505,-0.011479737,0.2634666,0.2748126,0.036309622,-0.083820984,0.011375874,3762
-0.25973666,0.10949808,0.50002086,-0.5489802,-0.015647396,0.32831976,0.022195973,1.1093923,-1.4075885,-0.056736022,-0.71596557,-0.2818123,0.091596365,-0.5464058,-0.61554956,-0.1079472,6849
0.15348776,0.21830548,-0.08630861,-0.253642,0.048535526,0.24066852,0.27344579,0.40941334,-0.47672397,-0.17579338,0.034789473,-0.26247847,0.1893585,-0.34591463,-0.2932587,-0.01804395,7388
-0.017862245,0.09131556,0.19747633,-0.38680667,-0.053731695,0.09840432,0.23457679,0.522337,-0.5624186,-0.20423414,-0.10490556,-0.12485453,0.37775785,-0.20072782,-0.50250304,-0.019444317,9886
0.15695933,0.05505556,0.11996558,0.05181533,0.19364055,0.031741563,0.5085246,0.6200347,0.05270493,-0.78594816,0.27472478,0.13718449,0.542386,-0.19313093,0.06969136,-0.12944514,4881
0.1053731,0.08372035,-0.044369534,0.021039784,-0.16542977,0.02840358,0.13529456,0.73222417,0.15654689,-0.64691675,0.17528611,-0.3004854,0.23803602,-0.59967655,-0.19091156,-0.062829524,5607
0.12253675,0.3865918,0.2196249,-0.29093337,0.08083916,-0.21370232,0.24148071,0.18139899,-0.18411982,-0.39285314,-0.14053917,-0.015322648,0.03784837,-0.23303592,-0.09780082,-0.16637868,2477
-0.101803586,0.05690082,-0.21143287,-0.1767725,0.28324515,0.46488068,0.08357817,0.7300968,-0.26806366,-0.26273906,-0.042685088,-0.41835302,0.44116795,-0.5612446,0.02350229,0.012834609,3028
0.054961704,0.19345045,0.60727245,-0.33447292,-0.117698416,-0.031646993,0.070722885,0.5689456,-0.28115845,-0.4587884,0.04857794,-0.09914617,0.3709974,-0.3879663,-0.14057317,0.14607236,5397
0.20817752,0.25267625,0.00983545,-0.45635986,0.09325659,-0.001205124,0.19132818,0.35229927,-0.33600342,-0.23369716,-0.035756107,-0.2209461,0.27216476,-0.22544286,-0.3150786,-0.18165377,6653
-0.29954353,-0.026106387,-0.377144,0.33855677,0.21916714,0.16845794,0.45581338,0.84921896,0.4487204,-0.9014267,0.58767503,-0.63203484,0.55565387,-0.82180846,-0.23919381,-0.5111984,7594
0.107961066,0.2636193,-0.16641405,-0.12012114,-0.048836857,0.21903694,0.41734856,0.53982437,-0.19289686,-0.29083195,0.117328785,-0.23828298,0.29408416,-0.28584218,-0.32837433,-0.088082165,4019
-0.3166828,-0.07463279,0.2527928,-0.1395177,0.13925172,0.15971184,-0.008983206,0.8840995,-0.19337143,-0.31838334,0.22390512,-0.003770098,0.62547594,-0.21550721,-0.15708366,-0.13640489,5744
0.022740334,-0.080825426,-0.027303316,-0.27363598,-0.12566036,-0.048709054,0.09413113,0.46683455,0.054176196,-0.39473677,0.17303838,-0.2686856,0.26082024,-0.20499428,-0.18935029,-0.26911578,8283
-0.20064317,0.028802365,-0.117898144,-0.09997417,0.27437833,0.11168457,0.19396813,0.54763293,-0.3621698,-0.29950303,0.300209,0.015645877,0.5531932,-0.2120212,-0.31430522,-0.17077903,7595
-0.20639116,-0.032737978,0.18385614,-0.31126264,0.10225572,-0.028538305,0.13889965,0.61499494,-0.41583925,-0.4090473,-0.066063374,-0.08953166,0.41160017,-0.3037179,-0.49330586,-0.08826208,4374
0.04280605,0.076088145,0.23342991,-0.3468305,0.08734224,0.11064417,0.26162487,0.32912654,-0.11158746,-0.49835497,0.097629026,-0.34193602,0.55239874,-0.31255904,-0.29311082,-0.037976697,2195
-0.104285955,-0.2522743,0.6000808,-0.3080872,-0.5505078,-0.29541576,0.2498068,0.6731962,-0.43551385,-0.82057405,-0.043116745,-0.14506985,0.4013883,-0.4385671,-0.5536878,-0.3477742,2372
-0.0018156618,0.10543263,0.0034257951,-0.42446727,-0.050137125,-0.21876141,0.019927816,0.08354884,-0.29777867,-0.17466307,0.041600198,0.016923487,0.20622659,-0.03264747,-0.12427756,0.05583629,3220
0.17793559,0.35187012,-0.09021494,-0.31377423,-0.03875903,0.17007612,0.3406283,0.27680826,-0.12027063,-0.27809012,-0.11067104,-0.25136203,0.18149939,-0.2697364,-0.08989407,-0.26710963,1796
0.04897341,-0.07126061,0.3036399,-0.26580602,0.07382271,0.21384893,0.12990387,0.74350524,-0.28325874,-0.42387316,0.10395878,-0.027811557,0.24513693,-0.22647054,0.18420777,0.18815874,3887
-0.020150185,0.10840128,-0.19143185,-0.0033999085,0.258024,0.21843171,0.46477923,0.66377,-0.16136794,-0.56489116,0.32132667,-0.5127243,0.42872882,-0.5750345,-0.31418884,-0.44199997,7119
0.062431708,-0.31669366,0.2233419,-0.48266917,0.2818965,-0.31308085,0.0042278506,0.27913472,-0.40167052,-0.41761547,-0.40564114,0.12424745,0.47665662,-0.045940936,-0.0007812083,0.36399946,8586
0.059489757,0.039472483,-0.02332952,-0.6392058,-0.06899703,-0.24312901,0.038044848,0.19065246,-0.4637615,-0.35392255,-0.07963787,0.17537218,0.2191158,-0.0366668,0.047291845,-0.37183213,3617
-0.028763592,0.084104255,0.13821332,-0.3033657,0.121520355,-0.19546567,0.10621691,0.33023056,-0.28304988,-0.5157567,0.09100897,0.25571302,0.3372766,-0.11731543,0.022222355,0.026178956,8062
0.23228145,-0.13743727,0.26008648,0.004583627,0.14295298,0.55108637,0.2770103,1.3288141,-0.10850567,-1.0188606,0.2542315,-0.2119573,0.48258102,-0.51483995,0.3408291,0.13268155,5128
0.030208543,0.33200005,-0.043750305,-0.6379983,0.098905,-0.03330697,0.058632284,0.11237755,-0.306023,-0.10817842,-0.2806528,0.15196624,0.17611834,-0.07509864,0.09174037,0.010403782,5634
0.10148674,0.0613707,-0.09682155,-0.328127,0.36322266,-0.15110205,0.078098014,0.16815189,-0.24006644,-0.107874975,-0.1055166,0.16480389,0.23448361,-0.09080505,0.11179024,0.023268819,9629
-0.0762078,0.17257142,0.11875194,-0.36413747,-0.09434305,0.22377762,0.2797702,0.47387287,-0.346241,-0.18472974,-0.21452776,-0.5708722,0.5047574,-0.3077316,-0.6434137,-0.08188905,7427
0.02148585,0.26113886,-0.047351576,-0.65454006,0.10342678,-0.08637261,0.19209298,-0.20362867,-0.48266003,-0.1915415,-0.030027226,-0.117626406,-0.13215749,-0.08635934,0.0890612,-0.1255542,5324
0.06745795,0.32139826,0.023454174,-0.65185386,0.10694028,-0.032294657,-0.030596942,0.16746832,-0.48272297,-0.0648552,-0.18189412,-0.07104513,0.108934626,-0.0025694221,-0.121501625,-0.06379521,4088
-0.27040878,-0.31730956,0.4716041,-0.30620676,0.25066286,0.22958699,-0.08177028,0.97058755,0.11699292,-0.54666054,-0.0371801,-0.18360521,0.66212094,-0.42873105,0.34579867,0.10703493,2241
-0.06983361,0.24061619,0.18455559,-0.5131713,0.34798735,0.15209042,0.103591844,0.6633631,-0.6460328,-0.7404921,0.004361947,-0.004640341,0.3741414,0.05268024,-0.12628028,0.18860193,3272
0.056601696,0.13795581,0.07338137,-0.7274176,0.043393783,-0.2079845,0.062994,0.0966918,-0.8402339,0.0022365004,-0.31047964,0.3523963,0.2898894,0.06509783,-0.23347272,-0.08789359,6747
0.15146199,-0.16160911,0.015790239,-0.15965293,0.5258132,-0.23430844,0.040974453,0.169833,-0.23207211,-0.26524433,-0.114369825,0.093206495,0.57942957,-0.18740171,-0.22804007,0.3128253,2174
0.02502963,0.0066353604,0.40738255,-0.51359415,-0.30340293,0.028922193,0.033746332,0.7012011,-0.4768994,-0.46436393,-0.1117458,-0.025880143,0.25736165,-0.1778096,-0.11800848,-0.18885614,8687
-0.03914684,0.03684593,0.30959913,-0.28353456,0.0341628,0.12091918,0.13337651,0.4775362,-0.057060167,-0.5714564,0.23923762,-0.12012832,0.51338327,-0.19268668,-0.13516642,0.027660444,4679
0.14621827,0.08309969,0.010772644,-0.22654954,-0.11485314,-0.16849117,0.18552288,0.47277778,0.031456083,-0.61871386,0.18161547,-0.33263832,0.19384257,-0.32888642,-0.20455113,-0.2851625,2137
0.04660011,0.14236681,-0.24716623,-0.3178134,0.03961914,0.1293391,0.12685025,0.34899023,-0.6099284,-0.0144750625,0.19487312,-0.3397412,0.27727586,-0.3126648,-0.08131109,-0.16916057,6898
0.17185271,0.014127463,0.0867144,-0.2870654,-0.0043078214,-0.0765716,0.14784521,0.4586861,-0.25861773,-0.41545686,0.046249274,-0.111029014,0.49677905,-0.17622142,-0.18707746,0.1885588,5066
0.021731138,0.34845477,0.002366704,-0.27338606,0.085678145,-0.038415022,0.4211128,-0.15082568,-0.1387363,-0.19871227,-0.26850662,0.05972311,0.12809795,-0.1704311,-0.123093694,-0.25624317,3644
-0.04317148,0.08332714,-0.09588173,-0.14970635,0.19367355,0.28552008,0.50180477,0.5996323,-0.47281393,-0.33398116,0.24680595,-0.31933472,0.64113015,-0.46291894,-0.47910947,-0.107423455,3536
0.08264665,0.16322002,-0.05613783,-0.25027832,-0.0074524805,0.21210755,0.06204074,0.61698186,-0.25787786,-0.30277228,0.14671594,-0.43628183,0.26085785,-0.35365245,-0.21431145,-0.2849082,2956
0.06887223,0.25014007,-0.2194203,-0.27450022,0.7362282,-0.17851874,0.23318733,-0.1537098,-0.39695406,-0.0129475,-0.2798205,0.4132225,0.30060312,-0.13576457,0.2551055,-0.08865316,9991
0.18534066,-0.23431517,0.49579945,-0.28295827,0.10912504,-0.4762027,0.108850166,0.3435466,-0.55401343,-0.52075994,-0.2508812,0.18928495,0.61325645,-0.11313333,-0.64956915,0.1028288,4343
0.10065098,0.24089184,-0.012493962,-0.60330886,0.03481704,0.05321292,-0.020050447,0.43149742,-0.39393812,-0.05454444,-0.098114245,-0.21666913,0.18157652,-0.024529647,-0.08830984,-0.085854635,5518
0.09300655,0.13789634,-0.12775727,-0.19235092,0.049254924,-0.19079074,0.13498479,0.57317364,0.14173867,-0.4304923,0.204838,-0.2820951,0.26017448,-0.31675917,-0.30534345,-0.13381459,3260
-0.12548873,0.35315675,0.21835402,-0.5320523,0.09126184,0.014142994,0.14903563,0.46558517,-0.4180573,-0.32926494,-0.032312106,0.39174432,0.18278582,0.000977613,0.10201302,-0.069768116,5776
0.3132345,0.10079358,0.19849631,-0.11329715,-0.11400964,-0.0041325428,0.28934088,0.62853765,-0.1499841,-0.5240123,0.14292705,-0.25588608,0.1873345,-0.34834877,-0.23557611,-0.077332675,7472
0.11085601,0.2231303,0.33736125,-0.35810995,0.08060162,-0.06713558,0.17913489,0.2771135,-0.14651386,-0.37573203,-0.09741882,-0.070919484,0.15259135,-0.24152444,-0.07202566,-0.06798938,6371
0.06023041,0.07605915,-0.04470008,-0.49208778,-0.015916303,-0.11777431,0.040655468,0.16881461,-0.44260663,-0.14695805,-0.026220173,0.23378678,0.22583063,0.1700482,-0.10068464,-0.1377992,8518
0.0807069,-0.1011055,0.4682668,-0.36461577,0.12632951,0.013201887,0.09928064,0.6976898,-0.48579064,-0.64732355,0.074844375,0.25192347,0.5210161,0.1654578,0.11204779,0.32416797,6678
-0.41459236,-0.031269856,-0.08360628,-0.3354294,0.06891297,0.20401493,0.13993062,0.5796473,-0.95348436,0.03535725,0.039492935,0.4873823,0.48373234,0.036707416,-0.072162285,0.003858015,8095
-0.016904265,0.11723858,-0.0038008988,-0.37776697,0.01517158,0.062348433,0.011086599,0.3604126,-0.4350472,-0.12182069,0.10894724,-0.0413931,0.31933153,0.0145643875,-0.12896077,-0.061901733,1719
0.041924015,0.08128478,0.39928365,-0.30353335,0.091172434,-0.43076837,0.2800684,0.1765176,-0.26855734,-0.7142161,-0.18384291,0.14129932,0.31053865,-0.3792227,0.07814208,-0.2405058,1581
0.12785275,0.038484715,-0.040161747,-0.44609022,-0.051396996,-0.0631686,0.061165284,0.2706936,-0.24380663,-0.2520436,-0.0054818243,-0.12074661,0.20342559,-0.12079869,-0.15674137,0.1165704,9696
0.113602705,0.23744051,-0.2618728,-0.21759677,0.07300913,0.40802422,0.24361531,0.54941505,-0.08158677,-0.46519896,0.0051735006,-0.5854403,0.22270136,-0.730017,-0.010500044,-0.15067948,5890
-0.020633634,-0.018780807,0.0639098,-0.23521663,0.28184068,0.6371058,0.19383347,1.0258884,-0.458872,-0.44823635,0.011811392,-0.40225953,0.4905032,-0.60228926,-0.028415829,-0.013125956,7107
0.1763493,0.062883355,0.18117863,-0.010204911,0.27539378,-0.10733575,0.2191512,0.58274305,-0.09278974,-0.43825102,0.07011874,-0.17074743,0.35910642,-0.29022273,-0.25897115,-0.0052194595,5006
0.45513582,0.13216737,0.4766487,-0.794595,-0.51128536,-0.021901503,-0.05500901,0.33637202,-0.57831335,-0.65692866,-0.28770733,-0.5913121,0.0953372,-0.30145735,-0.053305417,-0.5518845,2093
0.15607798,0.4559362,0.18016821,-0.438036,0.039933637,-0.00065402687,0.17104298,0.18665922,-0.3303792,-0.3616265,-0.21162158,0.05846572,-0.08545223,-0.20021063,0.07773489,-0.26356518,9670
0.07218379,0.1724122,-0.107950576,-0.40658978,-0.023526445,0.06235645,0.13592437,0.3212788,-0.00919728,-0.27923948,0.038556833,-0.3084144,0.13093196,-0.37256438,0.10869336,-0.31560642,6239
0.12394507,0.17419899,0.5695431,-0.2979775,0.1449033,-0.07262415,0.27171615,0.31534833,-0.21851747,-0.6002417,-0.03550604,0.13306311,0.23070206,-0.23070908,0.12604415,-0.03860815,2833
0.2873021,0.22560321,0.028565828,-0.43426812,-0.03711617,-0.1330667,0.09197779,0.31390935,-0.2854452,-0.30439767,0.023995314,-0.1549945,0.10492453,-0.08146554,-0.08369537,-0.15856582,7932
0.23970427,0.11070565,0.3345985,-0.12062207,-0.14325875,0.29160854,0.2662857,0.89996207,-0.5010982,-0.78423786,-0.0025090463,-0.44986683,0.19727519,-0.78754574,-0.14177042,-0.121267244,8566
-0.15877719,0.008700684,0.25183785,-0.59046245,-0.025468603,-0.023217095,0.2810524,0.3293389,-0.61498755,-0.12966187,-0.34438482,0.08271808,0.33812115,-0.09273653,-0.4829195,0.05843751,3767
0.18354104,0.14639227,0.08997669,-0.4783548,0.15763317,-0.014217965,-0.054396655,0.39947367,-0.47649384,-0.008879423,-0.011912629,-0.045594826,0.3886674,-0.00050614774,-0.27364814,0.07297981,2404
0.09680122,0.10454321,0.107114375,-0.0066390634,0.09313406,0.108520135,0.5125881,0.7819102,-0.15705377,-0.766859,0.33333048,0.032262564,0.51978755,-0.12003584,0.027103871,-0.09788193,6505
0.27393752,0.036613666,-0.046722468,0.10901615,-0.18357505,0.10372137,0.2838138,0.94019514,0.09675364,-0.90655756,0.30852205,-0.2845245,0.23097283,-0.6939628,-0.08060582,-0.22507223,8322
0.11664434,0.061526753,-0.02817111,-0.40954426,0.06289119,0.02950741,0.16056952,0.28050348,-0.30627632,-0.19959314,0.007204935,-0.17070684,0.22002828,-0.1396964,-0.26305297,0.0378619,8528
-0.119485766,-0.19664279,0.54952776,0.24060524,0.52338225,0.22846675,0.33616725,0.9329413,-0.31752077,-1.1876439,0.20396636,0.15938997,0.64966637,-0.26083794,0.34941438,-0.29264134,1249
-0.049377427,0.13026589,-0.049077515,-0.32270634,0.21372575,0.099872865,0.045333825,0.38585973,-0.5097641,-0.10317891,0.03638838,0.04906027,0.491325,-0.13382708,-0.21404593,0.1052871,5649
-0.1153007,-0.13349926,0.11830222,-0.5338344,0.26492375,0.19527544,-0.02509683,0.6265489,-0.4926218,-0.13310525,-0.24474074,-0.30880314,0.48646265,-0.28127092,-0.25537038,0.044020176,8011
-0.47214714,-0.22577448,0.18933977,-0.60401297,0.031468727,0.15038596,0.063066125,0.787811,-1.0497469,0.10831766,-0.14133193,0.5353512,0.4076509,0.14502516,-0.119840816,-0.0712558,1077
0.24058205,0.14642754,0.0637964,-0.5493556,0.06558032,-0.26758638,0.02865139,0.18045451,-0.35201937,-0.39342618,-0.117862955,-0.03197041,0.2736792,-0.12818553,0.011908695,-0.23045608,5908
-0.000894852,0.12607244,-0.13068756,-0.14298838,0.113135725,-0.051177822,0.0869925,0.34940547,-0.17579402,-0.32555574,0.18605572,-0.09608172,0.3812031,-0.21055837,-0.31342953,0.053155094,2500
0.1931232,-0.06295857,-0.021454625,-0.25851056,0.111368015,-0.19378428,0.14229293,0.32598737,-0.1896008,-0.40601492,0.04594207,0.012322649,0.40831548,-0.13164234,-0.11416684,0.11778459,6177
0.115118004,0.13105926,-0.098528236,-0.39613456,0.1250995,0.27492255,0.103676446,0.4999202,-0.4992121,-0.13886566,-0.1102608,-0.30978534,0.2899575,-0.29320353,-0.1665506,-0.103593364,2267
0.101496354,0.23006578,-0.0075440034,-0.29566476,0.04451134,0.32640028,0.13926432,0.8860384,-0.7493943,-0.2437174,-0.17244555,-0.4131376,0.0757083,-0.4511594,-0.3240654,-0.26305383,9956
0.04490359,0.1432925,0.036744177,-0.526425,0.11437789,0.10587226,-0.049904797,0.4613998,-0.41115797,-0.0721603,-0.0639918,-0.19547255,0.28333753,-0.13530198,-0.03560908,-0.12029739,9723
-0.039855152,0.19001614,-0.20765057,-0.016213149,0.033342846,0.28189734,0.44359803,0.61819226,-0.23226237,-0.4548749,0.29647747,-0.4871463,0.52127004,-0.548833,-0.36477882,-0.1711463,4800
-0.4032218,-0.086908504,0.37200105,-0.3226161,0.17630073,0.444352,0.11923234,1.1082156,-0.84300625,-0.30420548,-0.14951666,0.10350123,0.643044,-0.16152695,-0.15772283,0.16290611,8614
0.23577902,-0.046937972,0.3039077,-0.5648909,-0.02776727,-0.050759666,0.10245513,0.23203373,-0.31704605,-0.55427873,-0.12624626,-0.27482742,0.25898886,-0.1349851,-0.09345357,-0.18107742,3931
0.06902777,0.15344374,0.076499194,-0.37542108,-0.09177568,-0.023829836,0.06287782,0.2947757,-0.34235704,-0.21761617,0.11026646,-0.08795083,0.24045259,0.0038001165,-0.08401939,0.015142083,3854
-0.1460782,-0.17343257,-0.056016386,-0.33339027,0.18115422,-0.06477607,-0.012598766,0.61692184,-0.38617867,-0.29586834,0.27401748,0.08781214,0.6644225,-0.025234014,-0.2284051,-0.43109623,2380
0.05644442,0.1060651,0.22508062,-0.38486215,-0.06209065,0.17166051,0.052918803,0.6237854,-0.6986228,-0.25718012,-0.255569,-0.06772056,0.1503506,-0.1827324,-0.350551,0.036350667,3425
-0.018589184,0.26056588,0.025194831,-0.6420065,0.052016154,0.16714697,0.06517429,0.38322896,-0.44939995,-0.05701869,-0.16868359,-0.06859917,0.22381566,-0.025950998,-0.19844864,-0.21489817,6117
-0.2857188,0.3947547,-0.1908798,-0.7002088,-0.022971123,0.10965388,0.1170292,0.12153332,-0.7730622,-0.00717476,-0.19231814,0.42761284,0.09349537,0.18258242,0.24144414,-0.13141681,7254
0.28250968,0.090325326,0.16273381,-0.28346848,0.2501192,-0.14915404,0.16596307,0.111338936,-0.35594538,-0.4302184,-0.119013585,-0.042937815,0.29444516,-0.24320757,-0.017441452,-0.059323564,7013
0.0594654,0.16768594,0.42283213,-0.26939684,-0.15937197,-0.13425955,0.12504329,0.5056651,-0.5477138,-0.46138442,-0.06095717,0.13489605,0.26417628,-0.27322972,-0.14856116,-0.00912343,1676
0.0324966,-0.007750593,-0.09342873,-0.04639265,0.41753733,0.173805,0.19562924,0.38507026,-0.44228584,-0.24488468,0.12748332,-0.0781041,0.6312047,-0.1969982,-0.33187804,0.2166137,8992
0.03509143,0.046169728,-0.04702494,-0.16046664,-0.003602758,0.019405395,0.38422555,0.3484532,-0.34155697,-0.42367575,0.13089281,0.028452568,0.28044298,-0.17382175,-0.22024262,0.077485695,7689
0.04939598,0.11907184,-0.053648822,-0.16600032,0.19583695,-0.17698586,0.25168586,0.3439651,-0.17236105,-0.47424403,0.13369156,0.029140234,0.38330436,-0.07901151,-0.14577803,0.05282232,9589
0.15074396,0.35521284,-0.064215615,-0.33821562,0.1274059,-0.15770611,0.1794738,0.1694101,-0.17983563,-0.2607166,-0.061702162,-0.06056159,0.11378509,-0.11767833,-0.085161686,-0.12224811,2975
0.20799273,0.011824667,-0.08621475,-0.27976033,0.14531662,-0.12589589,0.13911931,0.35774028,-0.20143549,-0.44624215,0.05087924,-0.08820803,0.42575523,-0.18762368,-0.057120398,0.06427819,7460
0.005980417,-0.13004631,-0.049732402,-0.16913536,0.24077283,0.020503506,0.07180316,0.52669287,-0.06642906,-0.34248137,0.037667543,-0.35466087,0.67657685,-0.32601032,-0.35437262,0.24950068,7001
-0.14643717,-0.055028826,-0.029284846,-0.25975907,0.18258105,0.06922478,0.2601479,0.66741616,-0.537421,-0.37123126,0.27843702,0.27559298,0.5340887,-0.009347912,-0.4078845,-0.27737337,5474
0.14464477,0.30046365,-0.065025814,-0.5800269,-0.04546638,0.13194558,0.09355776,0.19964579,-0.39527804,-0.1361553,-0.15996422,-0.31482726,0.18786259,-0.1408297,-0.22538975,-0.09227726,3924
0.21006751,-0.11738442,0.0018014293,-0.0503152,0.16147229,0.030109689,0.26958063,0.69695723,-0.07406193,-0.88638616,0.17117345,-0.12544888,0.48219275,-0.27334452,0.30757678,-0.026540369,5778
0.15954469,-0.041527808,-0.24069497,-0.39063668,0.2546743,-0.07345854,0.012497297,0.37455797,-0.22927997,-0.28566638,-0.10570468,-0.17289126,0.31895792,-0.3032087,0.22415529,-0.02955243,4287
-0.3539159,-0.30166668,0.39467484,-0.5403351,-0.3040495,-0.0077183694,0.074141085,0.53320116,-0.58841264,-0.43379498,0.26286107,0.26123294,0.19040306,0.3727101,-0.27698293,0.019087225,1361
0.29463965,0.26786882,0.036654532,-0.33614263,0.047070082,-0.12907042,0.11763111,0.37551403,-0.42241418,-0.41866818,-0.037888743,-0.21107668,0.15708746,-0.17510915,-0.014377356,-0.23922586,7848
-0.045810133,-0.008076325,-0.0040361155,0.2008977,0.6291807,0.14930151,0.54084265,0.693853,-0.16237438,-0.84110385,0.3187994,0.011448294,0.77621686,-0.11888178,0.070421904,-0.058075905,5925
0.0041248053,-0.25256175,0.03472629,-0.2676128,0.26741937,0.031430606,-0.016365364,0.6331279,-0.47350806,-0.24146247,-0.07312928,-0.15072769,0.72395015,-0.23319936,-0.13573286,0.17962086,4768
0.10436274,0.08301942,-0.097573444,-0.30255696,0.31719553,-0.049770433,0.03586921,0.21438313,-0.3633234,0.04783111,-0.044028137,0.17106244,0.3255533,-0.03750694,0.05185777,-0.10817084,6633
0.14061049,0.15632328,-0.068688825,-0.4847566,-0.076691404,0.058733433,0.10998632,0.15396617,-0.49471098,-0.15314773,0.07740745,-0.18382344,0.1914779,0.005255282,-0.19767709,-0.12619807,2381
-0.14529184,-0.006840639,0.13598493,-0.32738867,0.10079684,-0.06490734,0.038355973,0.46834013,-0.08043917,-0.3611449,-0.027832666,-0.2464737,0.5827531,-0.20373878,-0.44230855,0.09445438,1085
0.21690819,-0.05865121,0.13752879,-0.17643686,-0.33053684,-0.22116362,0.139909,0.6120365,-0.21529372,-0.79585147,0.009204075,-0.42428407,0.15337391,-0.65945697,-0.16105458,-0.23147963,7663
-0.21513844,0.29645035,0.29411948,-0.4624843,-0.16246547,0.06804147,0.48482707,0.38965148,-0.30888134,-0.5443982,0.16470167,0.28523004,0.09668249,-0.005497177,0.026355743,-0.2587122,4788
0.11620893,0.64799803,-0.03495393,-0.48560497,0.01160945,-0.24993844,0.20828994,-0.16053711,-0.28164434,-0.30330932,-0.2623641,0.006039247,-0.18600966,-0.16751954,0.081469014,-0.3082479,5222
-0.111502916,0.11934107,0.29970276,-0.5180185,-0.112925306,-0.032170914,0.24853633,0.5100241,-0.541717,-0.29048038,-0.12325888,0.097924605,0.30763978,-0.0653402,-0.43130624,-0.018767327,5409
0.15386131,0.07714396,-0.15168224,-0.0639638,0.10155086,0.14443487,0.31404683,0.6349144,-0.06540015,-0.50406814,0.18234102,-0.18178993,0.4010602,-0.33769688,-0.08997315,-0.009191692,1100
0.07709629,-0.0057964176,0.2420867,-0.34574023,0.40971112,-0.07289963,0.0959446,0.45566255,-0.2352701,-0.3325264,-0.12679252,0.10257248,0.32772008,-0.15418255,0.11221363,0.050485536,6565
-0.23489836,0.0015866309,-0.11947457,-0.52323234,-0.04214126,0.21414416,0.060845394,0.25210103,-0.80424917,0.02329053,0.015703402,0.01867114,0.24961472,0.022785068,0.0028060675,-0.07944442,4784
-0.057794765,0.24007109,0.011329916,-0.32652277,0.047360037,-0.032419685,0.37183,-0.046694368,-0.21946244,-0.17064144,-0.09336753,0.18392509,0.31112638,-0.16711822,-0.2244862,-0.059192434,2844
0.065782286,-0.019314013,0.018238904,-0.32430232,0.15840933,-0.071551815,0.16882949,0.21184143,-0.44885117,-0.28607184,0.027376752,0.034242302,0.5269346,-0.08943084,-0.25951517,0.17700008,2876
-0.18975869,-0.01209446,0.09362739,-0.36250946,-0.015280694,0.13804136,-0.014361804,0.48105502,-0.47613004,-0.17876054,0.10421633,0.13503209,0.49980998,0.10123713,-0.13798717,0.05668802,6167
0.08714962,-0.13116615,-0.076223746,-0.1614676,0.5772477,0.19465819,0.14768317,0.40650463,-0.4669478,-0.14554814,0.025670227,-0.06318341,0.7944469,-0.2948754,-0.27551255,0.32060534,5446
0.1913601,0.051840797,0.18311284,-0.3588078,0.06608915,-0.023932023,0.071531266,0.35247272,-0.24778797,-0.2858716,-0.09668247,-0.14057398,0.1836188,-0.127959,-0.12685563,0.00327304,4109
0.0013164952,0.29364443,-0.02395773,-0.55498123,0.033469707,-0.056529894,0.3388634,0.035369173,-0.46643627,-0.12812437,-0.32767624,0.15183745,0.03331709,-0.16484155,-0.017613798,-0.36260426,6096
-0.003966972,-0.09927752,-0.25726822,-0.00022560358,0.24347147,0.19150521,0.14948845,0.58447486,-0.12329915,-0.42071825,0.14013946,-0.46116027,0.6062721,-0.5601312,-0.10979566,0.0027520508,3705
0.02431281,0.0884767,-0.0016427711,-0.3327453,-0.2193024,-0.21279496,0.20504737,0.24567756,-0.25285345,-0.3116287,0.12960368,-0.04735302,-0.015852153,0.016366795,-0.044111937,-0.17051189,3169
0.11171916,-0.17992915,-0.15686978,0.09636003,0.228201,0.012660652,0.18667842,0.7058347,-0.17312755,-0.6100004,0.15617928,-0.34112102,0.71321946,-0.34802186,-0.10650365,0.10115563,2574
-0.14256819,0.012882609,-0.17288576,-0.0696826,0.23910716,0.106999464,0.22279054,0.60528976,-0.009753615,-0.4200269,0.28550568,-0.333427,0.572032,-0.3986498,-0.36373585,-0.16325887,4353
-0.03882288,0.09023191,-0.14969614,-0.1956212,0.4581514,0.112322696,0.11197317,0.5176162,-0.66005814,-0.031749323,0.07097806,0.15082374,0.50975263,-0.098624885,-0.13080674,0.030749947,6029
-0.04766199,-0.2333464,0.36154857,0.025294356,-0.1835523,-0.3974117,0.21608722,0.6026089,0.2979839,-0.7362466,0.29509532,-0.061539248,0.4133784,-0.35627383,-0.3175712,-0.27513885,6199
-0.014575407,7.610768e-05,-0.119508624,-0.14165185,0.025465399,0.05698973,0.14709976,0.39978105,-0.50888354,-0.085468754,0.27196413,-0.19337013,0.3285163,-0.20276359,-0.114131,-0.15132605,5995
-0.40206116,0.19969913,0.0841162,-0.73259926,-0.18549699,-0.10816416,0.037279025,0.27958626,-0.7990374,-0.11418448,-0.07254348,0.51010185,0.11129469,0.36040562,0.24862722,-0.16743885,8329
0.01914014,-0.08896242,0.042423517,-0.54396284,0.32686213,-0.2907604,0.04843293,0.07890223,-0.28116772,-0.23755616,-0.26399827,0.16419128,0.35538834,-0.10198597,0.14360815,0.06984545,4007
-0.0673021,-0.1600571,-0.09673682,-0.36003476,0.2422308,-0.15919575,-0.046772942,0.12721774,-0.31981045,-0.01083079,-0.06434834,0.086877525,0.36933333,-0.058026876,0.12233645,0.018736511,8676
-0.106204405,0.21581158,-0.04479395,-0.5331366,0.018801555,0.03730034,0.34677434,-0.041931972,-0.49930224,-0.29171148,-0.16036622,-0.012602985,0.02851364,-0.20971505,-0.07203364,-0.10479388,1473
-0.018065453,-0.0011818707,0.24570346,-0.027214319,-0.19483691,0.16041383,0.313968,0.8024328,-0.30176932,-0.86431766,0.15880398,-0.3983034,0.44205636,-0.7038055,-0.27264467,-0.17174684,3598
-0.013159916,0.1786842,0.016647886,-0.31605545,0.2089645,0.08980486,0.39806414,0.21502425,-0.33157673,-0.18836808,-0.02724671,0.14446409,0.32230815,-0.013318755,-0.30548537,0.00079996884,6840
0.08387216,-0.23963425,-0.09260097,-0.36275354,0.5904231,0.10879169,0.17803748,0.15699318,-0.2809114,-0.18041341,-0.26624155,-0.04673574,0.6782162,-0.20214829,-0.05366695,0.24603295,4120
0.07281856,0.51837206,-0.17748418,-0.28004432,0.2708032,0.018188134,0.43216056,-0.13382517,-0.30324695,-0.15724084,-0.19856565,0.18163899,0.21847533,-0.14171372,-0.19183174,-0.16307786,4978
0.31341684,0.14183524,-0.23348698,0.13082737,0.3875172,-0.06221047,0.41552612,0.56470037,0.0076631606,-0.4892275,0.34379494,-0.3831421,0.60370684,-0.48536372,-0.15648693,-0.09156306,6950
-0.035911575,0.11930062,-0.15877359,-0.41220543,0.022191308,0.2593355,0.23505609,0.23704281,-0.5779928,-0.18438533,-0.085993074,-0.17654982,0.1045544,-0.2701558,-0.15167905,-0.13384768,3560
0.1331108,0.35325867,-0.2786391,-0.36274317,0.24181657,0.2074125,0.20253997,0.18531731,-0.3084591,-0.13211726,0.11851044,-0.6684,0.34849516,-0.45744652,-0.16755792,-0.30718985,7067
-0.018192232,-0.39142495,-0.18768793,0.025766432,0.26905316,0.1591979,0.13507941,0.75359315,0.16720274,-0.6519253,0.05130941,-0.42608452,0.7497459,-0.5808932,0.20807877,0.04112336,9536
-0.080759436,-0.015762411,0.12874737,0.14251468,0.43217558,-0.028224733,0.42734313,0.57314444,-0.1821717,-0.6741476,0.23895612,0.13309044,0.59670055,-0.13347068,-0.20230353,-0.047625452,2105
0.33032787,0.1705356,0.0013051163,-0.13375995,-0.3448155,-0.038530454,0.15816426,0.68357074,-0.24160843,-0.4830522,-0.03743169,-0.5541538,0.12758459,-0.51448214,-0.2558997,-0.22145915,1346
-0.0461666,-0.00503055,0.14346316,-0.50501937,0.080798045,-0.015162893,-0.16287453,0.5747778,-0.36940446,-0.07788754,-0.09411158,-0.1797357,0.48209965,0.027759649,-0.30734855,-0.048626512,7402
-0.17033866,-0.1645017,-0.14848085,-0.26596308,0.012071684,0.012431018,-0.16226572,0.528345,-0.4797835,-0.010531306,0.23007628,-0.3130567,0.661783,-0.17509304,-0.31458968,0.01632908,8199
-0.09899877,0.021811657,0.085280605,-0.28553855,0.21133503,-0.013884753,0.08562021,0.17330196,0.074180216,-0.2723701,-0.10306254,-0.24528204,0.3598493,-0.3504481,-0.04580766,0.05222501,4089
-0.036486626,0.12391329,0.4482004,-0.37875265,0.08083873,0.25732523,0.10939115,0.8104823,-0.29000163,-0.46820575,0.13332167,0.11516206,0.41207993,-0.068588674,0.009509146,0.095302716,2620
0.020430908,0.09131952,0.28345832,-0.16062456,0.13332944,-0.089130506,0.24364898,0.74413633,-0.3426995,-0.63941026,0.20561431,-0.04583537,0.19647552,-0.30116716,-0.09165931,-0.35311937,1598
0.24940616,0.052806966,0.08616272,-0.32042354,0.051541857,-0.20010728,0.075044096,0.1770111,-0.25529683,-0.39442396,0.07799073,-0.12925746,0.3759081,-0.15945306,-0.14516728,-0.06450157,1832
0.21637286,0.27801096,-0.07556229,-0.32216638,-0.0007477179,0.06115938,0.14721628,0.32274443,-0.40777376,-0.40002245,0.21179831,-0.29879665,0.28331298,-0.23954056,-0.27471325,-0.112324014,6799
0.005430773,0.2649759,-0.05063001,-0.48703548,0.28943878,-0.1562133,0.117499635,0.095654234,-0.33763698,-0.22173852,-0.045948144,0.13975622,0.28589016,-0.22881919,-0.11668141,-0.004593998,9729
0.1106801,0.2433779,-0.20058739,-0.059634596,0.18466783,0.10796042,0.49777398,0.58927655,-0.20049046,-0.44101298,0.25010127,-0.20386606,0.4111811,-0.26020437,-0.2383577,-0.16932325,4896
0.17519704,0.17363818,-0.14142668,-0.3970231,-0.04468289,0.25196955,0.23846857,0.38092738,-0.46534386,-0.10210651,-0.08817754,-0.34424576,0.14459388,-0.23112465,-0.31638303,-0.042984918,3399
0.0389508,-0.1743684,0.4361581,-0.038918376,0.2049638,0.1285431,0.1482893,0.66484135,-0.10740228,-0.8371273,0.2961522,0.062100083,0.89924574,-0.11418714,-0.036864266,0.16018504,6417
0.26078147,0.35540998,0.29956213,-0.38124505,-0.053571746,0.5498782,0.37033498,0.7504121,-0.192416,-0.5941251,-0.044265628,-0.23790462,0.12697956,-0.4636704,-0.07274312,-0.14304382,3750
0.014885664,0.35465348,-0.08265775,-0.68648183,-0.04302168,0.13740934,0.13072957,0.05706138,-0.47989407,-0.019563898,-0.32007894,-0.010672323,0.061063558,0.0014109835,-0.16185768,-0.19431117,6572
-0.12123431,-0.06093386,0.23738447,0.110828295,0.16750787,-0.20024015,0.47048235,0.505842,0.02815339,-0.72340727,0.37803137,0.014066957,0.8316022,-0.2461108,-0.38985687,0.041328877,9821
0.04840643,0.038842976,0.059493214,-0.24612333,-0.09284727,-0.05596716,0.11035202,0.38094074,-0.33742607,-0.34700185,0.0372024,-0.03882169,0.2710578,-0.17018324,-0.27455103,0.14854886,8113
-0.039726987,0.095754966,0.0850071,-0.27951595,0.050265595,0.36200327,0.4600704,0.43284464,-0.2360439,-0.4927133,0.011204474,-0.09801879,0.4914102,-0.24484086,-0.123555645,-0.16310042,5403
0.0006290376,0.10664566,-0.14873886,-0.20575532,0.09556535,0.28613225,0.24949211,0.6767015,-0.53951603,-0.24329223,0.11400987,-0.36747646,0.2590185,-0.46159083,-0.35000432,-0.13714948,7842
-0.3603366,0.061418355,0.06437028,-0.36363453,-0.06164641,0.12543616,0.18013872,0.4915005,-0.77412695,-0.1656934,0.05705735,0.44107848,0.29729852,0.07940067,0.09084082,0.0050038397,1918
0.035454765,-0.055892736,-0.07934156,0.024167538,-0.054998554,-0.01790522,0.24104448,0.5345601,0.22856222,-0.7013775,0.28527644,-0.32029176,0.39766073,-0.45035812,-0.15064666,-0.18554856,5599
0.22299522,0.16471803,0.23259184,-0.43186694,-0.111971155,0.23858003,0.13494934,0.564316,-0.45400584,-0.48644578,-0.16639434,-0.20996612,0.13849425,-0.2658925,-0.0836267,-0.18780327,5653
-0.097661495,0.10559402,0.24536057,-0.5076139,-0.014992319,0.08334775,0.124328256,0.4909749,-0.3159175,-0.2343629,-0.18409282,-0.36513048,0.4215213,-0.2060189,-0.40205085,-0.013079062,3299
-0.0851893,0.3076458,-0.090611726,-0.48668972,0.07046554,0.09245395,0.3617419,0.07070485,-0.31733984,-0.09272962,-0.20895894,0.30326858,0.15681155,-0.07970565,-0.19013228,-0.21373777,8029
0.1329999,0.16874813,-0.061850496,-0.564647,-0.0066117346,0.032795914,0.040317703,0.44099745,-0.37648696,-0.12843251,-0.029531984,-0.30556238,0.21225712,-0.06523814,-0.23307969,-0.16295373,1265
0.20569795,0.07580323,0.57109374,-0.4134548,-0.12928191,-0.04685191,0.10857369,0.19889458,-0.138763,-0.44846874,-0.23226976,-0.4653331,0.15511218,-0.6191131,0.017241567,-0.11456746,8540
0.00584884,0.3317235,-0.075594105,-0.53145665,0.017380081,0.4223709,0.18951297,0.38044828,-0.64511025,-0.018634528,-0.29138204,-0.39998513,0.27793518,-0.29944953,-0.44932815,-0.3949505,3295
-0.14858158,0.029968202,0.31670004,-0.3514035,-0.17591524,-0.038943615,0.123612255,0.7013961,-0.57827884,-0.44681287,-0.004782983,0.31731433,0.34793097,0.0027872175,-0.21544188,0.13240953,5741
-0.08005723,0.12584515,-0.0051452145,-0.14501928,0.104323566,0.29737043,0.24911715,0.86138487,-0.45554912,-0.427146,-0.05546544,-0.36405462,0.3410693,-0.57497704,-0.44957283,-0.074807465,3034
-0.19082674,0.13640392,-0.11372515,-0.18043031,0.33649325,0.47873312,0.25882414,0.7803239,-0.63074577,-0.23391199,0.17735219,-0.28484878,0.52331054,-0.43427742,-0.2932203,-0.2012591,1630
0.115879,0.2566868,-0.04522985,-0.24984871,0.32763594,-0.09301089,0.25177023,0.23951164,-0.35218143,-0.34156778,0.041412234,0.016321339,0.39016387,-0.1888191,-0.10794675,-0.08853035,7953
-0.0062377006,-0.17106268,0.5647317,-0.30855316,-0.41850626,-0.46030107,0.25761834,0.10213977,-0.35766652,-0.4782081,-0.30372417,0.06292888,0.320615,-0.36729416,-0.31001052,-0.38229862,6617
0.119211026,0.22815421,-0.16887183,0.041048408,-0.014238089,0.2522921,0.24418145,0.77638865,-0.31086558,-0.44783574,0.07554963,-0.49124908,0.14422245,-0.720121,-0.33139974,-0.11363706,1694
0.22308445,0.19735436,0.28965157,-0.36711842,-0.0008357018,-0.09764575,-0.0001103594,0.42700014,-0.37793392,-0.39191705,-0.03650064,-0.09648748,0.15847683,-0.07584563,-0.16079718,-0.07383165,4379
-0.05354257,-0.09641355,0.22611287,-0.37535852,0.2140089,0.21615112,0.32695094,0.55218816,-0.26525766,-0.52275133,0.074793145,0.06316902,0.7364662,-0.039923415,-0.110069156,0.18804714,2182
0.027251855,0.096501715,-0.112418845,-0.36777565,0.12042589,0.0804218,-0.004469935,0.38489214,-0.4911575,-0.20215724,0.058506466,-0.3172021,0.5024493,-0.14986372,-0.23852496,-0.018389404,7052
-0.14562726,-0.058951136,-0.18804808,-0.54048604,0.07943798,-0.102125674,0.049703237,0.17314273,-0.31426188,-0.03163904,-0.14000548,-0.19614917,0.35645744,-0.09556225,-0.014634371,-0.0020251125,7047
-0.19928811,0.010239057,0.056035087,-0.41032955,-0.06532581,-0.29313877,-0.023454938,0.23053154,-0.2612421,-0.28970033,0.069522366,0.16836636,0.36253086,0.024131514,-0.13601878,-0.2423739,7057
0.2858839,0.035964184,0.1249957,-0.028854012,-0.02755113,0.16611774,0.29648188,0.6215024,0.0034714192,-0.6970686,0.11314832,-0.3782801,0.1416427,-0.4352916,-0.06431888,-0.11669804,8485
0.023507997,-0.041901514,0.20248924,-0.4945094,-0.027126983,-0.09199305,-0.07185755,0.3920533,-0.40439066,-0.10308622,-0.0005108118,-0.012097925,0.3837818,0.08721638,-0.19359884,0.20006482,7399
0.059891626,0.4474092,-0.1804151,-0.32735583,-0.1060427,0.07709821,0.44400293,-0.121007144,-0.2756609,-0.16009554,-0.13011998,-0.13643824,0.052196383,-0.21416505,-0.19120058,-0.2429146,6253
0.18616869,-0.11208701,0.09870512,-0.41186136,0.43330216,-0.3054822,0.047896095,0.17848694,-0.5137463,-0.33884442,-0.2234295,0.22909673,0.38673148,-0.07464807,-0.016626775,0.3537475,8643
-0.12870796,0.2838434,0.0135637475,-0.35881212,0.002052769,-0.007852897,0.42867798,-0.058078483,-0.2752947,-0.1935411,-0.21217269,0.21925208,0.19892916,-0.19155893,-0.18389592,-0.19329385,2049
0.013821989,0.39520493,-0.031542696,-0.554784,-0.079826295,0.16355062,0.23671754,0.07158945,-0.39194834,0.009337202,-0.24645981,-0.13386065,0.07053086,-0.13609609,-0.3412362,-0.35591638,1911
0.044813357,0.26655942,0.13532536,-0.25287518,0.05932254,-0.062352,0.44526166,-0.07212752,-0.07459399,-0.4131402,-0.13686123,-0.1467846,0.35718298,-0.21269815,-0.31387782,-0.16950937,9370
-0.25519705,-0.12276031,0.096482076,-0.28852847,0.2714178,0.21787375,0.13037181,0.7319732,-0.7369857,-0.06260288,0.016768029,0.10374384,0.653102,-0.15964268,-0.48077422,-0.19896448,4359
0.055891506,0.085802965,0.14068586,0.2974497,-0.017483577,0.3248911,0.35811535,1.2095293,0.07170528,-1.174703,0.48904347,-0.027652726,0.4591129,-0.6492069,0.082255304,-0.05935079,9381
0.03703417,0.031379353,-0.041068822,-0.63523793,0.17876118,-0.041305196,0.07804435,0.16906798,-0.6462769,-0.015681505,-0.25545204,0.21848872,0.30037376,0.0056711473,-0.2531599,0.031840354,7484
0.009270921,0.21938986,0.21614625,-0.4033399,-0.048370644,-0.0067836903,0.18584232,0.36893982,-0.34652412,-0.31339952,-0.02285644,0.12944527,0.17868485,-0.095637985,-0.1099671,-0.06938064,7404
-0.23912968,0.176665,0.36893788,-0.5572221,-0.14087373,-0.26742786,0.054248355,0.49792153,-0.7531112,-0.16920383,-0.33690408,0.21320365,0.01823023,-0.16911635,-0.42294967,-0.19198857,1960
-0.10868694,0.0018444657,0.12673768,-0.32195118,0.20322454,0.1269865,-0.007420237,0.6396506,-0.40919262,-0.2144675,0.06519893,-0.056638807,0.504177,-0.12828282,-0.25226137,0.088206224,6988
-0.17446564,0.021006929,0.2407521,-0.8493441,-0.13631634,0.16660997,0.10940996,0.38294685,-0.8628103,-0.07938644,-0.4473166,0.27119088,0.081147626,0.18966734,0.003169328,-0.09653179,2965
-0.092964634,0.3294627,0.13755724,-0.15503931,0.15401354,0.29925233,0.37448862,0.5857818,-0.1403889,-0.58127797,0.04461947,-0.061325725,0.43501407,-0.18490839,0.010068178,-0.23417324,2361
0.20638968,0.5059895,-0.18554951,-0.5109203,-0.11654337,0.19362949,0.1917284,0.31857488,-0.422709,-0.14472052,-0.20093732,-0.43691474,-0.13419597,-0.15273029,-0.10606085,-0.3546106,2197
-0.007746175,0.2715158,0.63700306,-0.3888656,-0.17817774,0.28676403,0.3414439,0.8487613,-0.31039116,-0.69707924,-0.055752546,0.14986819,0.34347725,-0.22018303,-0.08823894,-0.050576985,8003
0.04498987,0.06127272,0.015703877,-0.51716316,0.025126636,-0.014986951,0.019107299,0.22363608,-0.50875634,-0.14810061,-0.04278941,-0.018681638,0.28283164,-0.0027552918,-0.24442294,0.020725697,2424
-0.12669972,-0.18223813,0.046356004,0.004986316,0.51492554,0.19403286,0.22057301,0.45294225,0.16640559,-0.552629,0.06789149,-0.38457933,0.68345,-0.53708637,-0.0024432242,0.028054044,5334
0.08812204,0.31344876,0.0038867537,-0.47005528,0.16365962,-0.08171958,0.1386418,-0.03743866,-0.24580956,-0.1794474,-0.21517982,-0.26809293,0.32753277,-0.24201338,-0.20020306,0.015541971,5565
0.09308476,-0.35436413,0.24474691,-0.27426207,0.16505906,-0.2563975,0.15985021,0.15534884,0.06382601,-0.64317435,0.02112754,-0.15055665,0.836644,-0.311753,-0.107699916,0.06462452,5070
0.014517844,0.16850495,0.22377852,-0.49025935,0.092342414,-0.34456927,0.34775156,0.17411396,-0.3812927,-0.4799953,-0.32583627,0.3017612,0.16114478,-0.27865082,0.106241405,-0.49699533,8952
-0.13651721,0.024800852,0.13801081,-0.3315177,-0.11779164,-0.31889558,0.06211151,0.518953,-0.10122207,-0.5123784,0.10686183,-0.059533633,0.41001344,-0.10004076,-0.36271545,-0.2601772,8230
0.36280894,0.11743546,0.55513674,-0.34937108,-0.32835314,-0.19716075,0.1083905,0.39413548,-0.39583218,-0.56511277,-0.17027669,-0.20750341,0.10292441,-0.44126046,-0.13527402,-0.15240356,6558
0.072036766,-0.09540267,0.033761017,-0.37541968,0.106278114,0.17688334,0.17508516,0.4272721,-0.32112676,-0.31458145,-0.02946725,-0.046977807,0.6556206,-0.25514126,-0.038499355,-0.2082962,5160
0.06568926,-0.038919333,-0.05937849,-0.119481325,0.12849371,-0.0046229437,0.18153483,0.70641667,0.06920643,-0.5748062,-0.05529434,-0.4635506,0.5645698,-0.5187994,-0.28631157,0.18846159,4238
-0.17328066,-0.0027677417,0.1515968,-0.60147583,-0.10726071,-0.22526044,0.038886197,0.07126455,-0.6510147,-0.16714887,-0.18618506,0.10074258,0.2068113,0.021651708,-0.11801244,0.19435057,4930
-0.012870491,0.28953415,0.20953955,-0.36990613,0.25764734,-0.0060298294,0.22689846,0.24776314,-0.06931366,-0.34003663,-0.1147933,0.08669831,0.16442153,-0.22495368,0.08831498,-0.008324698,3909
0.1450795,0.11650686,-0.21651185,0.17863831,-0.058865137,-0.009143945,0.48304978,0.6826176,0.057696074,-0.7021287,0.463764,-0.296165,0.62771493,-0.33922082,-0.08091314,-0.076116234,2719
0.1472634,0.046689883,0.10765346,-0.3575369,0.21767364,-0.26707596,0.053661317,0.20045415,-0.27217904,-0.3843841,-0.031176366,0.15364024,0.31743515,-0.12703836,-0.05764483,0.15926915,8360
0.15326145,0.24291578,0.006666619,-0.15698135,0.11094137,0.12326486,0.3450871,0.49171188,-0.16879241,-0.54535294,0.17797044,-0.24799132,0.24578986,-0.28067762,-0.1923384,-0.20746917,8986
-0.013616368,-0.069159314,0.22266012,-0.24165332,0.18060848,0.090587184,0.073221914,0.6398482,-0.4666628,-0.43814588,0.03502535,0.0027682632,0.53393865,-0.00073137507,-0.074910104,0.0060971826,6039
-0.106488004,0.016555145,-0.024317384,0.09405127,-0.07959249,0.026920974,0.3942004,0.7520428,-0.46566164,-0.60908014,0.37811974,0.14321217,0.55249184,-0.2707289,-0.06484972,0.043713555,7570
0.038622305,0.033432633,-0.06312439,-0.37649572,-0.00017071515,-0.20486018,0.060627505,0.3131696,-0.073558204,-0.3844555,0.10103826,-0.062147215,0.32305032,-0.08757322,-0.18255611,-0.14907022,3798
0.10937533,-0.017588392,0.049108185,0.25582528,0.116885595,0.4852488,0.33110496,1.0910554,0.24570152,-1.0720422,0.24850735,-0.4453228,0.37515178,-0.9033008,0.2897272,-0.18351042,3527
0.008142553,0.009604,0.58391905,-0.24911219,0.024194561,0.17651129,0.024850555,0.988744,-0.19519794,-0.65986454,0.059098274,-0.005626403,0.36820138,-0.39472818,-0.093028694,0.103967085,6387
0.13254425,0.21704645,0.41329598,-0.60411906,-0.103771,0.0769596,-0.0029121935,0.67281896,-0.5361163,-0.40426284,-0.17050883,-0.111092456,0.20303775,-0.1651047,-0.11494714,-0.0950723,1881
0.13655697,0.3262835,0.16310753,-0.45757297,-0.21407306,-0.03550745,0.25013483,-0.12259646,-0.19989285,-0.24674049,-0.30283347,-0.29484504,0.050021768,-0.26108333,-0.23346555,-0.3142749,4835
-0.25910658,0.17883095,0.32577452,-0.05403921,0.0062176064,0.27106276,0.6188177,0.7839639,-0.2702937,-0.82026625,0.258967,-0.05523365,0.51084065,-0.25901347,-0.109133065,-0.29932415,2073
-0.02988778,-0.05380656,0.28179026,-0.17751375,0.084881835,0.19641158,0.24475498,0.6916322,0.0022403747,-0.69972783,0.1781085,-0.14526972,0.68778855,-0.44153637,0.08950803,0.14735125,7195
0.22511345,-0.015131593,0.23375824,-0.39175487,-0.07491744,-0.15258731,0.06572248,0.35058433,-0.27596483,-0.41520837,-0.024838433,-0.083195105,0.23414129,-0.18346795,-0.16273062,-0.07599029,6346
0.045476854,0.14836596,0.3366414,-0.55924505,0.040495172,-0.035924606,0.042519793,0.50549155,-0.5994031,-0.37426922,-0.24739988,0.14267267,0.1770997,-0.045591075,-0.09687166,0.12167779,1345
0.07723573,-0.015088782,-0.20630488,0.10898137,-0.3074969,0.004322268,0.30633143,0.6208725,0.17952256,-1.0069513,0.28551173,-0.61996084,0.38652068,-0.8031752,-0.11789444,-0.39133054,2916
-0.16969311,0.22842528,-0.04687448,-0.4095772,-0.056609266,0.39183426,0.18074128,0.33604023,-0.55537367,-0.11930446,0.057829652,-0.04471712,0.35344043,-0.037988324,-0.17227703,-0.15406531,8094
0.04835224,0.08527966,-0.15666835,-0.32830557,0.24311,-0.063911654,0.07804562,0.038733438,-0.15456331,-0.16295496,0.0231051,-0.013997816,0.37043223,-0.15245035,-0.045367226,0.072139494,8599
0.21048866,0.18756554,-0.14433925,-0.0075157285,0.36540753,-0.07528889,0.35887742,0.59933525,-0.25604832,-0.50260586,0.15231769,-0.07332117,0.47626293,-0.15940222,-0.10042806,0.0015188456,1730
0.07737118,0.043912128,-0.034066908,-0.28789103,0.29511124,-0.24794227,0.1789056,0.19118915,-0.19077963,-0.3355251,-0.2178512,0.017090455,0.31764632,-0.14513487,0.0192312,-0.009131521,5159
0.12010506,-0.046801306,-0.38179284,0.27564573,-0.053349435,0.32823235,0.45484146,0.8341849,0.046810254,-0.8910943,0.422617,-0.361555,0.17434563,-0.59742904,-0.15961492,0.015500009,9734
-0.095296204,0.08739725,-0.13861558,-0.112337306,0.28231877,0.20331775,0.2526776,0.52790475,-0.4605912,-0.25969326,0.22778744,-0.14427505,0.4529876,-0.18927856,-0.2709396,-0.1317129,8589
0.05493395,0.053565055,-0.018901944,-0.29374322,0.2316671,-0.07218859,0.0782868,0.19825026,-0.55412185,-0.14008683,-0.016182527,0.032196984,0.50565547,-0.18918079,-0.30187288,0.18588383,3923
0.013798989,0.22685835,-0.013447434,-0.1602207,0.05444438,0.497269,0.4138383,0.8044884,-0.42637414,-0.37837505,0.05090358,-0.4823576,0.08814931,-0.60669726,-0.3405679,-0.20294699,5615
0.08517968,0.43115526,-0.1197087,-0.57006943,0.001204431,-0.023552451,0.13578248,-0.003722161,-0.39785224,0.016904458,-0.228751,-0.026219092,0.071067974,0.0011292696,-0.2152349,-0.20202713,3980
0.18235609,0.092873156,0.11103952,-0.28963992,-0.19827542,-0.034641534,0.13328995,0.4051202,-0.24653673,-0.34786695,0.04103774,-0.40092528,0.28742912,-0.28216875,-0.35661876,-0.060553372,4439
0.26634216,0.28622228,-0.12043665,-0.541952,0.069446325,0.0017808555,0.005454447,0.13675962,-0.52346295,-0.07437205,0.012410246,0.061387748,0.0912714,0.030736983,-0.12050331,-0.043463245,5944
0.050830618,0.048947863,-0.050406966,-0.42699105,0.24502543,0.005565997,0.11564352,0.12444354,-0.24481702,-0.10591602,-0.15051243,-0.14787017,0.28120485,-0.0812397,-0.19790599,-0.008535638,6051
-0.0301743,-0.5144448,0.2657477,-0.46361998,0.41502878,-0.15943418,-0.09517912,0.6788912,-0.2739174,-0.56996244,-0.28629422,0.10394129,0.8011677,-0.092986695,0.32733035,0.40298617,1225
-0.22111621,0.020096734,0.28883192,-0.4090165,0.051500216,0.34546715,0.17953876,0.86605996,-0.65085524,-0.44615018,-0.023234906,0.16186298,0.59332395,-0.03906165,-0.025617063,0.16292955,1164
-0.1484504,0.10724615,0.40007085,-0.29910937,-0.31900883,0.07973941,0.40162754,0.8887745,-0.92996037,-0.5977977,0.08064292,0.58783734,0.39192155,0.12557751,-0.14469276,0.023217574,4323
-0.009123981,0.09512953,-0.1763128,0.1518166,0.30015695,0.47197995,0.5504158,1.0205481,-0.27516282,-0.5758202,0.26167282,-0.23725373,0.51176405,-0.59750974,-0.27092037,-0.107206315,9331
-0.05488862,0.021944925,-0.03987587,-0.3385157,-0.0062152445,-0.17653129,0.068934575,0.12496467,-0.31642926,-0.22316766,0.19442986,0.051510632,0.3306409,-0.09888072,-0.1657373,-0.044318244,5626
0.112296075,0.170714,-0.017169159,-0.5363363,0.10242624,-0.15957074,0.11963007,0.14862518,-0.45315152,-0.2053189,-0.07717726,0.3348153,0.16012976,-0.07583255,-0.0705021,-0.17948537,4482
0.031946525,0.04524149,-0.31426653,-0.14236669,0.10675059,0.004476592,0.18144104,0.25449276,0.06430741,-0.26354188,0.19410177,-0.3213056,0.26953387,-0.38725683,0.016412005,-0.1637487,7733
-0.2599461,-0.013075337,0.08102222,-0.28555754,0.109322086,0.057301573,0.105676144,0.6464117,-0.49927598,-0.2964703,0.15838814,0.017373644,0.42190486,-0.17180213,-0.46835652,-0.2789864,6213
-0.35629484,0.11092867,0.194281,-0.5044977,-0.16156855,-0.197488,0.3007266,0.28036553,-0.6515984,-0.4365719,0.030076973,0.6366508,0.20764776,0.15598965,0.25095206,0.076151215,3187
0.28003526,0.4554083,-0.08860657,-0.413857,-0.108046085,-0.17619768,0.26574108,0.26635933,-0.2633433,-0.38065416,-0.014366962,-0.1484977,-0.015964746,-0.075333074,-0.005063057,-0.38261092,1864
-0.019735903,0.09270547,0.10124214,-0.4360345,0.049189255,0.12113175,-0.015989965,0.4378537,-0.4946394,-0.20679289,0.043628998,0.04752755,0.43956044,0.041986935,-0.06916548,0.14505266,7377
-0.038445607,0.28897262,-0.33592048,-0.36804053,0.4623224,-0.04842296,0.18862796,-0.06039521,-0.51489556,-0.051126614,-0.02642963,0.43442017,0.08197291,0.08543866,0.27744955,-0.06677312,6571
0.10597366,-0.2223753,-0.2878,0.2537669,-0.051911086,0.022140142,0.343079,0.8208943,0.2601355,-0.79524946,0.36241484,-0.24573067,0.46521002,-0.5341996,-0.01003179,-0.33087057,7538
0.2880075,0.137094,-0.024109975,-0.33202687,0.10643837,0.13309596,0.31071693,0.6113509,-0.13199042,-0.328462,-0.01502485,-0.22911446,-0.058920324,-0.17400756,-0.20317775,-0.014494568,6903
0.0018577129,-0.16447137,-0.27645034,-0.35561603,0.043479085,0.2663492,0.15496814,0.50328046,-0.24918807,-0.2630356,-0.12876356,-0.46874407,0.30039623,-0.4787923,0.08139998,0.14841163,6499
0.028221786,0.027504317,0.25721234,-0.5290621,-0.17521232,-0.33439097,-0.01716844,0.3092718,-0.44215745,-0.4787006,-0.26171076,0.017744541,0.10218255,-0.21791567,-0.105175674,-0.21212554,4579
0.18292515,-0.07505176,-0.030841049,-0.011336118,-0.27718362,-0.093190104,0.14081243,0.7011272,0.07052003,-0.784655,0.12585145,-0.4015361,0.21502456,-0.58292377,-0.3159598,-0.22902936,3331
0.076994255,0.04134097,-0.020473529,0.0903458,0.049078725,0.42336136,0.16607955,0.9299686,-0.023650467,-0.75590897,0.24203667,-0.43290168,0.45468593,-0.6800034,0.07233307,-0.014183581,3144
0.1123045,0.25345576,-0.2456154,-0.42595717,0.14037679,0.29929286,0.11818278,0.4474273,-0.50037026,-0.10993071,0.031750914,-0.37778956,0.2519446,-0.32101965,-0.047161385,-0.25267357,2563
-0.02862741,0.27863935,0.30715626,-0.37288108,0.09947908,-0.010483615,0.21129695,0.47675,-0.43809387,-0.5174145,0.107596055,0.30798602,0.288558,-0.10709482,0.041646153,0.08165525,3927
0.15280712,0.14432211,-0.18818994,-0.07805386,0.024388798,-0.0731757,0.28002602,0.55598325,0.037917092,-0.55028844,0.21838495,-0.25224215,0.36647865,-0.2790409,-0.19156721,-0.13315117,5806
0.18918319,0.20650855,-0.112666406,-0.2736025,0.03666112,0.16154194,0.27163845,0.49723303,-0.32995483,-0.20808408,0.075639874,-0.21102296,0.2381343,-0.21411994,-0.2993367,-0.023662746,7518
-0.34670848,0.09843535,-0.32182485,0.32674924,0.3996818,0.3142591,0.5320311,0.96135986,-0.1567136,-0.58845234,0.5545644,-0.2400197,0.5787201,-0.47690427,-0.31393266,-0.37446862,4240
0.18417932,0.07077667,-0.03818518,-0.38815886,0.111866206,0.046163417,0.117420465,0.36599225,-0.29212213,-0.2065291,-0.03453894,-0.21385689,0.4841767,-0.2761381,-0.13427657,0.16716188,2120
0.14109825,0.16445059,-0.07617994,-0.41750735,0.17845783,-0.2413893,0.028972268,0.035798818,-0.26108176,-0.30459827,-0.039344374,0.1654017,0.24981102,-0.19238877,-0.025021136,-0.0858461,3441
-0.16145036,-0.21787909,-0.1578398,-0.04204437,0.16362616,-0.09056601,0.05162763,0.58835816,0.049679905,-0.5080998,0.1494041,-0.29958025,0.75605905,-0.34497508,-0.5338174,-0.08483957,6912
-0.2575931,-0.2170039,0.5585409,-0.29566655,-0.001941584,0.25054368,0.11866661,1.0501537,-0.577013,-0.58527887,0.16523798,0.41500935,0.6139498,0.09548132,0.3997884,0.3067457,2906
0.35845268,0.1320116,0.53598374,-0.4468012,-0.18473774,-0.12757882,0.041484583,0.38099635,-0.37925994,-0.5955924,-0.14571777,-0.15534735,0.091662064,-0.28774238,0.058967143,-0.18842877,5246
0.26919296,0.35495773,0.1162758,-0.5637653,-0.2970154,-0.082233995,0.10033365,0.013730869,-0.4505176,-0.44525138,-0.18305326,-0.26901346,0.06427747,-0.07946891,-0.12102784,-0.35956863,6736
-0.079494044,0.09663574,0.22617152,-0.5063476,-0.055850938,0.04484292,0.12436587,0.41056776,-0.472098,-0.38623503,0.06737009,0.2159355,0.34897488,0.04301537,0.057393014,0.2046515,8250
-0.04559788,0.06682646,0.45374182,-0.37339422,-0.07569791,0.0944608,-0.037587807,0.755863,-0.36866647,-0.29981267,0.16461834,0.13383237,0.40923053,0.019948728,-0.023589998,0.13554071,5364
0.027693287,-0.15580505,0.28301352,-0.3100267,0.027191378,-0.22492184,0.014552908,0.31247318,-0.2600935,-0.3581515,0.037164103,0.10068317,0.37087205,-0.00061831623,-0.21673146,0.24019846,2601
-0.10585722,0.042535223,0.052567184,-0.20042828,-0.086382285,-0.0802393,0.20638719,0.52876765,-0.3342519,-0.4170113,0.18884522,0.08204005,0.43135405,-0.18968886,-0.34931523,-0.020871028,2823
0.10776439,0.11290048,0.05462504,-0.18359841,-0.0028216988,0.069548175,0.15808086,0.5268953,-0.07592713,-0.455279,0.1841084,-0.21652249,0.33223218,-0.2318246,-0.21509632,-0.034078747,1364
-0.29219288,0.12685503,0.09120135,-0.27341676,-0.26603723,0.28490007,0.6721588,0.29079813,-0.26694927,-0.18475448,-0.06654633,-0.23676956,0.66952395,-0.15775973,-0.5688994,-0.32248104,4913
-0.16436224,-0.10974452,-0.28354472,0.15063703,-0.19213071,-0.029380742,0.24887228,0.922921,0.46200505,-0.7793992,0.37714452,-0.4495958,0.29233372,-0.5706734,-0.43146843,-0.1562011,1675
0.1482091,0.052095972,0.009064109,-0.40194744,0.3378883,0.024567027,-0.08813193,0.4533361,-0.5728036,0.09096263,-0.034002956,-0.050060526,0.48196793,-0.09765007,-0.26245356,0.19305338,9293
0.11846938,0.031295687,-0.15295912,-0.35512048,0.4149608,0.29881868,0.2179861,0.36553425,-0.7085277,-0.042522863,0.10410158,0.103025116,0.5307654,-0.15045512,-0.31218827,-0.01719588,4799
-0.24819736,0.17526367,-0.08400429,-0.19852655,0.4613415,0.66827375,0.36491826,0.9174369,-0.75035596,-0.13792363,0.08520731,-0.50380373,0.5714183,-0.5890098,-0.44404852,-0.29393685,1296
0.10643113,0.35940793,-0.051165387,-0.26147804,0.2879141,-0.08126618,0.2138128,0.18721876,-0.5552333,-0.31532294,-0.1522243,0.23157647,0.12433398,-0.10506919,0.16766486,-0.19846685,9621
0.23783131,0.021734357,-0.30091423,0.05893582,-0.042737335,-0.032681204,0.3935277,0.60367894,0.12148996,-0.7099544,0.27555352,-0.20783149,0.07438108,-0.5702169,0.30522403,-0.46708745,3338
0.05832602,0.32516906,-0.028972432,-0.51418537,-0.01583609,-0.2508591,0.044957045,-0.21614228,-0.41308713,-0.31034505,-0.0307981,-0.14944883,0.11378899,-0.18588708,0.085119784,-0.16727899,3538
-0.08349946,0.11304261,-0.012120915,-0.56280226,0.08818235,-0.21692336,0.27537718,0.028977975,-0.38348472,-0.34093055,-0.1587298,0.36089173,0.0947631,-0.16196972,0.07620445,-0.3082618,5110
-0.033033505,-0.08296541,0.3490165,-0.52873445,0.052022226,-0.05368646,-0.045740776,0.45313895,-0.32586086,-0.33799702,-0.25556123,-0.084546626,0.52605873,-0.07041217,-0.21698311,0.34468675,1413
0.05831193,-0.05211728,-0.023057142,-0.15301608,0.31149995,0.06723273,0.08481554,0.3919728,-0.4832685,-0.17369542,0.078536674,-0.04338538,0.63109964,-0.20077178,-0.3139917,0.29024333,2260
0.07120017,0.24882716,-0.16239114,-0.2073061,0.15464383,0.51645476,0.16504315,0.6790345,-0.51952296,-0.3324221,0.08664053,-0.48547077,0.3476693,-0.60692185,-0.105629265,-0.097132966,7187
-0.0239809,-0.14722045,-0.012427772,-0.22792077,0.51358396,0.1275481,0.18040594,0.33733708,-0.4706481,-0.14920697,-0.11434126,0.24421585,0.757524,-0.080020145,-0.21880051,0.3869356,8598
-0.05412829,-0.23606814,0.19606812,-0.3751401,-0.056915164,0.07208262,0.044408247,0.49631977,-0.4394788,-0.37133515,0.30042815,0.019249931,0.46240625,-0.029297281,-0.06213501,0.42217427,8072
0.19595875,0.2980427,-0.014457423,-0.36581758,0.04102391,0.08010941,0.118072405,0.48784444,-0.3489448,-0.3028263,0.09457104,-0.32278618,0.11621698,-0.26261377,-0.04527925,-0.3014869,8240
0.09761626,0.05747859,-0.050105162,-0.11736208,-0.3419931,-0.1496308,0.14115947,0.5329071,0.015523076,-0.66095763,0.14162125,-0.5382095,0.21013032,-0.52250177,-0.26361546,-0.24289416,9484
0.15647437,0.15049474,0.05128289,-0.22015291,-0.1507345,0.3256683,0.41872156,0.45194912,-0.27398717,-0.49693942,0.043596726,-0.2597596,0.25964326,-0.3351904,-0.2264562,-0.2550636,4858
-0.021337152,0.22235624,-0.0056749783,-0.28909788,0.23081301,-0.1922251,0.22520417,0.1864641,-0.21745291,-0.42860097,-0.018379774,0.081244975,0.22513276,-0.029603273,0.01705125,-0.0051983446,2390
0.36548352,0.3177903,0.27175456,-0.55621725,-0.2820194,-0.1064976,0.06629705,0.2316535,-0.36870927,-0.40739197,-0.16103491,-0.29369602,-0.044101268,-0.22141102,-0.07468435,-0.36647522,7738
-0.2518499,-0.018537715,0.049173307,-0.16277671,0.27177095,0.30649063,0.33657086,0.60147405,-0.34301996,-0.2673139,0.12665808,-0.016365945,0.7951213,-0.24834722,-0.30570868,0.10895866,7324
0.08963859,0.27388903,0.11022644,-0.6064506,-0.05368115,0.061887898,0.051836897,0.29006764,-0.45102954,-0.22324371,-0.06614736,-0.17975447,0.09698069,-0.1130431,0.028784752,-0.040865973,1565
-0.016792387,0.13368545,0.12022155,0.1519922,-0.13677822,0.22346225,0.18653731,1.2033085,-0.21750712,-0.96878505,0.31057978,0.035823643,0.48419732,-0.53982496,0.019497335,0.19901653,6149
0.025696993,-0.20595805,0.52195,-0.29089367,-0.38120902,-0.107419536,0.3050352,0.55037063,-0.05362131,-0.8935021,0.15711455,-0.5724216,0.6341211,-0.4776653,-0.5463456,-0.12226009,5650
0.21598096,0.11660529,0.08709239,-0.09035967,0.15544915,-0.16003169,0.24732243,0.5676646,-0.1153629,-0.61101264,0.09749768,-0.04953678,0.10821705,-0.3153304,0.07836053,-0.196247,1107
0.11427422,0.15169847,-0.40437114,0.28688014,0.1828183,0.28726333,0.5191185,0.8881381,-0.05299583,-0.7041992,0.38043758,-0.6716615,0.407844,-0.7210399,-0.46714154,-0.14184567,3604
-0.06269735,0.08432803,0.15600656,-0.5842993,0.08930757,0.017225984,-0.009354694,0.3941238,-0.4947372,-0.09801025,-0.12702975,0.036674097,0.42474443,0.028951436,-0.28582925,0.01680243,3974
-0.11418308,0.22513554,-0.048026495,-0.58636105,-0.028252587,-0.13542762,0.27073395,0.05502595,-0.59271723,-0.16250107,-0.2472146,0.368838,0.0894465,-0.03605987,-0.10248163,-0.02718705,9325
-0.008453414,0.17778644,-0.015425449,-0.51357126,0.037621304,0.13107486,-0.049168274,0.3733427,-0.58959526,0.02593328,0.0122866,-0.1664912,0.23830529,0.0009602457,-0.03990078,-0.15075755,5884
-0.2882769,0.053412393,0.16682945,-0.2032577,0.15920761,0.12773922,0.135801,0.7319591,-0.45432913,-0.37506694,0.08794011,-0.13541996,0.4849616,-0.3512446,-0.45958745,-0.1798633,9285
0.1911419,0.052938014,-0.11036994,0.30283582,0.3629499,0.004291825,0.44331074,0.925251,-0.12549974,-1.0679032,0.28147757,-0.22868004,0.45056528,-0.40629697,0.07821712,-0.304735,8058
-0.18377593,0.03298653,0.06344993,-0.11626656,0.17275341,-0.011975318,0.24760737,0.5132216,-0.09293913,-0.5009454,0.29244718,-0.019948497,0.48219207,-0.17319068,-0.24496523,-0.12791778,3814
0.0019173324,0.0028877854,0.0075679477,-0.25003186,-0.00012879074,-0.1953674,0.21349362,0.21762724,-0.33224583,-0.38683826,0.10055775,-0.013576388,0.40394053,-0.08717766,-0.13051237,0.20603953,7896
0.15006594,0.27075484,-0.07674098,-0.21322313,0.2118144,0.07336322,0.33996955,0.2713915,-0.44986576,-0.34087962,-0.15966327,-0.10333249,0.19607201,-0.18838324,-0.01754871,-0.3672071,5314
0.054835692,-0.059903756,-0.16643658,-0.22947142,0.18943135,-0.059636734,0.11338714,0.41169012,-0.093120605,-0.23382941,0.18804018,-0.033177003,0.4777364,-0.10722186,-0.25274056,-0.026988417,9212
-0.06665276,0.34843025,0.042612553,-0.57278323,0.03860408,-0.09884956,0.11633994,0.065863654,-0.370674,-0.04636845,-0.2232357,-0.06719792,-0.0377976,-0.05485501,-0.14634013,-0.14928856,1102
0.06605421,0.5928678,-0.11470096,-0.60639447,-0.09095463,-0.12027095,0.19249508,-0.13094595,-0.4149511,-0.19450885,-0.2793759,0.13007116,-0.17153612,-0.08523135,0.025875479,-0.45193055,7406
0.11480435,-0.62231755,0.117389314,-0.23063433,0.17824036,-0.12081249,-0.05674287,0.7200143,-0.10534094,-0.29301614,-0.25230992,-0.25974852,0.7462174,-0.3171543,0.05100298,0.26829836,2923
-0.012357533,0.23358165,0.016034659,-0.59087723,0.015989043,0.36359945,0.16129902,0.3575256,-0.48360568,-0.08324651,-0.27124286,-0.12649412,0.26336044,-0.07411548,-0.1867927,-0.14244752,1723
-0.098051146,0.045993835,0.012666559,0.039799333,0.16529831,0.34085837,0.2217799,0.8100478,-0.048271447,-0.5855728,0.3154911,-0.23662972,0.5769438,-0.4304766,-0.029309139,0.056163117,6914
0.093598224,0.16935688,0.12972909,-0.54365176,-0.06611913,0.15299636,0.17965916,0.3473652,-0.6553149,-0.21038267,-0.15804723,-0.23787063,0.1791514,-0.17617497,-0.30754328,-0.43152618,3315
0.013771258,-0.020109005,-0.050182167,-0.35782406,-0.028933093,0.24999686,0.20463905,0.41248906,-0.76321816,-0.21099629,-0.035530765,-0.27966446,0.27288872,-0.28263175,-0.3230628,-0.0033296198,1160
0.14540249,0.115798414,0.24524647,-0.07054736,-0.04644669,0.0060021356,0.3501397,0.5344028,0.06601873,-0.80965894,0.22232693,-0.3547464,0.37305266,-0.45782548,-0.2092829,-0.21554048,3155
-0.028947711,-0.08463791,-0.4455206,0.18028551,0.05520827,-0.022712186,0.23597693,0.60725594,0.3786057,-0.6049325,0.3359612,-0.61127716,0.52052754,-0.6526296,-0.24459797,-0.09644504,2258
-0.22715248,0.1318955,0.07225399,-0.61508775,0.083860785,0.4277283,0.20736226,0.6375513,-0.6344815,-0.0848289,-0.2110112,0.13510978,0.4434971,0.005251605,-0.1759418,-0.26389375,2035
-0.15163681,0.28056905,-0.24891898,-0.21318497,0.2926467,0.24378814,0.411741,0.35258466,-0.5475729,-0.12486027,0.019308172,0.23002213,0.3195814,-0.12882473,-0.17179005,-0.251866,6004
-0.060583904,0.25948498,0.08915818,-0.42086446,-0.08136818,0.16873169,0.34403965,0.29333094,-0.27602315,-0.14334308,-0.13624243,-0.32678905,0.33977982,-0.21964175,-0.5468284,-0.09648262,6534
-0.13113944,-0.10595397,0.0050348532,-0.16081904,0.0238524,-0.1144322,0.003251478,0.36150384,-0.4282287,-0.061192878,0.2481711,0.033454657,0.49451354,-0.0205836,-0.24164273,0.14890435,9305
0.093087584,0.2723981,-0.04511593,-0.3264077,0.25713918,-0.10239789,0.067842245,0.25886595,-0.45930642,-0.15134001,-0.10286871,0.17876315,0.22500736,-0.017160065,0.028004348,-0.100949794,9348
0.07036268,0.13029568,0.2253449,-0.366704,0.09969699,-0.14948423,0.14459798,0.32254374,-0.3090935,-0.5015735,0.027588902,0.14532799,0.30773392,-0.052655976,-0.026847452,0.113291085,6711
-0.019345209,-0.13065691,0.37605372,-0.41540086,-0.17311132,-0.22144,0.12880991,0.39736706,-0.2932523,-0.48190367,-0.24386805,-0.19050755,0.35149872,-0.20412003,-0.42961705,-0.22078066,5405
-0.05596991,0.10373955,-0.05518414,-0.5927919,-0.03990908,-0.08682957,0.022192264,0.00051137805,-0.6440649,-0.041551128,0.05305591,-0.059318874,0.16554269,-0.033131473,-0.052335486,-0.00088611245,4914
-0.08631406,0.38377503,-0.13179715,-0.6429201,0.12605244,-0.010900702,0.2094172,0.015941009,-0.4678058,-0.27917528,-0.24837197,-0.08414206,-0.047248125,-0.03087455,0.16254464,-0.14867936,4150
-0.08694728,0.051278997,-0.0048529394,-0.19797285,0.043308362,-0.17957057,0.13761306,0.487262,-0.39111498,-0.3209014,0.2856561,0.046745315,0.33259147,0.07591593,-0.037632495,-0.32547647,5014
-0.20944698,0.11933805,0.09701176,-0.5236266,-0.077733636,-0.09745012,0.27666947,0.15071572,-0.5294889,-0.2919767,-0.06796994,0.14727166,0.16041732,-0.12082727,-0.14028323,-0.0151669085,7481
-0.08918351,0.6091974,-0.18005043,-0.47418556,-0.113135755,-0.08685641,0.29359657,-0.112202935,-0.39927864,-0.23822594,-0.22117464,0.2613896,-0.3066074,-0.06433802,0.29069147,-0.52429235,7971
0.02063714,-0.07041648,0.6773282,-0.09941277,0.22211125,-0.3166349,0.3745241,0.4645447,-0.34250855,-0.9281916,0.035707448,0.5639624,0.28058362,-0.29547012,0.34676903,-0.19871327,4459
-0.037560016,0.037271746,-0.1738435,-0.09716965,0.3693173,0.2774812,0.41061598,0.43401182,-0.1642636,-0.5122679,0.104737654,-0.38238668,0.65031266,-0.44898784,-0.23641214,-0.0521079,2231
-0.0122906715,-0.069787666,0.015658468,-0.28403127,0.00916189,0.10959029,0.09834721,0.4705079,-0.404051,-0.27135026,-0.07156418,-0.39559487,0.5463048,-0.25970304,-0.46254492,0.10641619,8671
0.2317122,0.11109274,-0.034107674,-0.32255253,0.23842072,-0.033019826,0.19696656,0.15494242,-0.27752265,-0.29992592,0.14751555,-0.17239216,0.46766105,-0.19520174,-0.2269873,0.078826874,9679
0.00728181,-0.13113737,0.2790548,-0.26090372,0.13377185,0.2020779,0.047729954,0.8780486,-0.2247696,-0.7172165,-0.016652793,-0.08292703,0.6768129,-0.26085922,0.13500318,0.362832,1338
0.16986786,0.27644962,-0.32843712,-0.39585322,-0.07819909,0.12273401,0.42334706,0.111816466,-0.46348888,-0.15632068,0.18260963,-0.20690563,0.06322022,-0.21708108,-0.12013732,-0.20944144,7403
-0.2827099,0.00060329586,-0.19265069,0.27841285,0.13773677,0.04294458,0.5175905,0.8601886,0.14897588,-0.84476876,0.5317289,-0.16090062,0.52722466,-0.45539957,-0.21732347,-0.4251234,5151
0.2361074,0.28149885,-0.11650637,0.018190265,-0.048968814,0.2769362,0.38393185,0.7998401,-0.23665342,-0.6279649,0.2960624,-0.2442066,0.35917422,-0.48639858,-0.00055268407,0.017311946,6101
0.18568373,0.28611422,0.34873116,-0.49681377,-0.02089274,-0.021872498,0.07095681,0.29513377,-0.26241112,-0.41449296,-0.13705856,-0.08886528,0.09888539,-0.30728397,0.08264409,-0.16643952,7478
-0.08369778,-0.088211894,0.13286914,-0.18262896,0.1518307,0.087250955,0.04951021,0.47577357,0.15856643,-0.5337889,0.069240995,-0.26784435,0.58741546,-0.2727064,-0.07500589,0.20072699,9245
0.013188437,0.14999717,0.35484374,-0.46625113,-0.07235003,0.22801726,-0.007400466,0.8778603,-0.51699615,-0.3382003,0.1173477,0.070346825,0.25169587,-0.022902079,0.07818541,-0.26113507,6774
0.06466312,0.24983412,0.0017830161,-0.6447121,-0.085469075,0.113158435,0.15932128,0.3495139,-0.54781926,-0.09360286,-0.19856119,0.05431491,0.14947763,-0.034543693,-0.08413166,-0.48251855,7180
0.29956806,0.28138936,0.3473622,-0.61987203,-0.2847676,-0.16328034,0.112455636,0.32880032,-0.30527502,-0.39542443,-0.36144754,-0.20116128,0.060654312,-0.15946367,-0.11477104,-0.40239394,8327
-0.06869137,-0.0034762174,0.15332414,0.16195914,0.39945284,0.2739905,0.552423,0.5707379,0.17068549,-1.0608968,0.32462192,-0.56858164,0.6508663,-0.7780454,-0.0072823167,-0.22180349,9037
0.03187549,0.001835525,-0.22270396,0.09163959,0.12236812,-0.12241411,0.25409922,0.6182673,0.25304997,-0.61357325,0.34019166,-0.35983402,0.5177859,-0.4027433,-0.47997054,-0.040433437,1810
0.033806466,0.4249053,0.12627763,-0.6657181,-0.19225118,0.2810728,0.12829524,0.27670905,-0.6416723,-0.42524788,-0.0028906874,-0.10588056,-0.13436383,-0.054184925,0.28543222,-0.26031095,5219
-0.123284444,0.027257942,-0.297324,0.10977426,0.19607049,-0.031474043,0.3485231,0.76016444,0.13974251,-0.67899454,0.45011917,-0.36011577,0.60160875,-0.61287105,-0.49695605,-0.30364007,7360
0.12276655,0.17926517,-0.009482808,-0.31211352,0.093600914,-0.13787925,0.08782716,0.25951776,-0.19160151,-0.22484031,0.019048968,-0.032151654,0.35030615,-0.1411808,-0.15183371,0.12298036,4388
-0.09728697,-0.08868243,0.18413918,-0.15331896,0.06510021,0.13817799,0.13597798,0.7136284,-0.28520972,-0.5233091,0.18243161,0.0019459873,0.5361635,-0.15261742,-0.025123894,0.19389035,9134
0.0754294,0.17990115,0.007112813,-0.119495094,0.005936403,0.26679018,0.19264191,0.55722886,-0.08920267,-0.48647285,0.21364301,-0.4016553,0.33795094,-0.49691188,-0.07934044,-0.101511076,3928
-0.40493578,0.02315773,-0.25816417,0.29061761,-0.06936094,0.027735204,0.30338004,0.8871361,0.2542647,-0.9326911,0.37685147,-0.6157952,0.60614395,-0.8214251,-0.59367514,-0.3155052,5500
-0.38832855,0.023271136,-0.05371032,-0.49315208,0.21698105,0.7971086,0.45708218,0.8898608,-1.0078579,0.035939768,-0.23117276,-0.059061058,0.5537502,-0.2452454,-0.35310197,-0.5353271,7977
-0.12410988,0.39180696,0.2720254,-0.19573896,0.10897354,-0.011173226,0.5150722,0.37583512,-0.1823215,-0.5719262,0.076608375,0.37309754,0.014327645,-0.14850163,0.14662823,-0.13841099,8669
0.0875502,0.038345277,0.013649009,-0.30227244,0.2476055,-0.24960245,0.03165114,0.2901761,-0.22789906,-0.33966565,0.029714003,0.12672491,0.37628955,-0.14039555,-0.10945751,-0.097722515,6214
-0.10670282,0.11015508,-0.075005926,-0.64421964,0.03642556,0.024296813,-0.001529265,0.42116886,-0.73273444,-0.060879856,0.006317984,0.17612371,0.25080556,0.10823725,-0.019367635,-0.42404217,3790
0.19047478,0.29627758,0.18875839,-0.37117904,-0.06590049,-0.015192233,0.17249504,0.43466008,-0.2218782,-0.40977788,0.015313599,-0.09793712,0.098671556,-0.19040915,-0.047118843,-0.13398479,6076
-0.010311246,0.43676773,-0.07054478,-0.5815247,-0.02610866,0.33015245,0.20152941,0.32430208,-0.31536233,-0.13824898,-0.2887994,-0.030682288,0.060913116,-0.120884456,0.08191377,-0.34783038,4557
0.007819697,-0.017886214,-0.1898069,0.4931864,-0.0682309,0.67403626,0.32145807,1.4656258,0.24758083,-1.5009607,0.5756361,-0.51560754,0.44928926,-1.163292,0.21195796,-0.23889615,6832
0.044216856,0.12961553,-0.08736797,0.044738024,0.17755377,0.13084173,0.3175295,0.6584135,-0.10664905,-0.5806789,0.24760458,-0.24520661,0.45423198,-0.38374096,-0.06974831,-0.15316612,9993
-0.14226422,0.07936269,0.08247842,-0.33367252,0.3182308,0.65926754,0.23437086,0.80064934,-0.5165105,-0.46178663,0.0826239,-0.4470374,0.54666424,-0.59515154,-0.19674154,-0.28050092,2327
0.048456192,0.1963616,-0.12693827,-0.078054786,-0.14328554,0.066578306,0.26395717,0.49913645,-0.024671912,-0.3828494,0.22770861,-0.4675326,0.3714872,-0.44190133,-0.33106714,-0.021515027,6875
0.18133216,0.1494731,0.47527763,-0.34026808,-0.024760932,-0.018156676,0.059680447,0.5773756,-0.3487798,-0.57523036,0.013527902,-0.10555923,0.23393507,-0.11093685,-0.041961893,-0.022760525,8675
-0.05329819,0.081874155,0.20084858,-0.27564672,0.022332639,0.09360039,0.33488807,0.57668096,-0.2901208,-0.4733806,0.08411779,0.09357381,0.3744673,-0.08381451,-0.14936592,-0.0885714,5746
-0.07102719,0.0761664,0.113802984,-0.33300638,0.11919687,0.061485223,0.17428616,0.4292915,-0.31504953,-0.38846433,0.09508577,0.021895729,0.5488007,-0.0947042,-0.120213985,0.13136789,6630
-0.11166105,0.24755383,0.12556905,-0.6038733,-0.005169347,-0.05157561,0.09640837,0.21976644,-0.38229448,-0.28405756,-0.13901763,0.21057686,0.15599027,-0.036705017,0.013332903,0.085226566,9206
-0.0634784,0.10674123,0.30352637,-0.13658994,0.123758405,0.051809326,0.16226162,0.6951299,-0.20770752,-0.4085648,0.15313923,-0.051252417,0.3212869,-0.19250593,-0.1554924,-0.14604712,5743
0.047120243,0.009792402,0.081914835,-0.15348567,0.1563579,-0.01033292,0.3523431,0.45044106,-0.0167806,-0.57269543,0.22219229,-0.09889081,0.60582376,-0.12307204,-0.13676715,0.038083002,9239
-0.009895265,0.08122052,0.15242493,-0.29434183,0.08468573,0.06044565,0.16417705,0.5013839,-0.27287447,-0.34838146,-0.014992818,-0.15686657,0.36068898,-0.27583405,-0.29910144,0.094618306,1712
-0.085937455,-0.022731528,-0.03041068,-0.30959696,0.14187936,-0.06177929,0.08373302,0.51034796,-0.124675795,-0.33754915,0.15166888,-0.02965352,0.43118703,-0.14431694,-0.44705224,-0.10878301,9290
0.022431135,-0.05449523,0.0071242806,-0.35303414,0.17426461,0.07944271,0.100152984,0.47347045,-0.26184323,-0.34106606,-0.05430191,-0.102695175,0.47647068,-0.2778741,0.044938684,0.10580007,6727
-0.09224154,-0.05951436,-0.15127845,-0.057748765,0.3266323,0.31292987,0.27139667,0.65291786,-0.19976838,-0.5118455,0.14619832,-0.53347397,0.8154421,-0.5153583,-0.24985345,0.02645272,3888
-0.1675512,-0.033847682,0.037618734,-0.21350306,-0.02818273,0.01871255,0.17601453,0.50533175,-0.018623427,-0.4928519,0.13045639,-0.22278269,0.52495235,-0.23061088,-0.44921964,0.027014405,7137
-0.015543997,-0.18879992,0.002989224,0.29108223,0.20868818,0.024150427,0.29199103,0.900356,-0.14832601,-0.69813806,0.31336394,-0.04852487,0.5897491,-0.12130944,0.020842642,-0.077971354,3539
0.041164093,0.030626453,-0.0064200577,-0.3870171,0.07424648,0.11246553,0.101542436,0.40638384,-0.47114313,-0.16290547,-0.015289854,-0.02888196,0.3015159,-0.13010569,-0.2339715,-0.008900344,1974
-0.15473454,0.10994931,0.10716424,-0.30014813,0.047224738,0.043287106,0.06072074,0.45752192,-0.47572923,-0.18856034,0.110363856,0.17945926,0.32505473,0.08816434,-0.022053689,0.104303345,1397
-0.2415829,0.0020876676,0.27164447,-0.14345282,0.050414164,0.0996117,0.29009777,0.7754103,-0.2615608,-0.6202587,0.23709486,-0.023529872,0.49521503,-0.20383306,-0.18497415,-0.16760121,7817
0.16238031,-0.03773518,-0.10525908,-0.082118765,-0.019563958,-0.047749367,0.2457948,0.6039668,0.049945414,-0.41699558,0.20419116,-0.2883886,0.3693483,-0.318904,-0.2154583,-0.16661215,7271
0.16046517,0.106659755,-0.31755164,-0.3770583,-0.0974271,0.17995378,0.12194023,0.2629644,-0.25672758,-0.082974434,0.18204094,-0.39367703,0.1260921,-0.20965141,-0.07679637,-0.06557141,5137
-0.026776753,-0.12420814,-0.109556146,-0.124854,0.14060372,0.13960814,0.13626969,0.4662061,-0.12764575,-0.34250486,0.11861651,-0.3100577,0.60649455,-0.41094705,-0.053653345,0.014756337,7726
-0.09561895,-0.049458735,0.14518394,-0.364596,-0.139069,-0.088934585,0.038966108,0.41229782,-0.7688279,-0.26911893,-0.2137468,-0.057618618,0.0984416,-0.2780548,-0.38824704,0.15940088,9557
-0.34144473,0.015920892,-0.037431713,-0.44883433,-0.011597797,-0.50579935,0.11348224,-0.080878645,-0.35770667,-0.47772956,-0.17825948,0.32352027,0.10464689,-0.19771442,-0.08742927,-0.27664542,5829
-0.33984768,-0.11100455,0.094870746,-0.46312445,-0.19365014,-0.10805707,0.00435704,0.2990064,-0.24127,-0.46507072,0.019073889,-0.25674775,0.40851113,-0.05642499,-0.3566718,-0.26019472,9442
0.11889227,0.08028022,-0.07294533,-0.093190536,0.008848287,0.30668676,0.29118562,0.57439554,-0.33368146,-0.47114563,0.19600095,-0.31953907,0.4163453,-0.36782992,-0.20317712,0.07797897,1761
0.03296174,0.2667544,-0.080702476,-0.52258,0.11517961,0.21618861,0.098228514,0.26980326,-0.51422715,-0.094225205,-0.18727833,-0.06791261,0.2971247,-0.1336872,-0.13186206,-0.14481266,1955
-0.02219823,0.104504555,-0.03171861,-0.49925387,0.12204322,0.21480408,0.3474447,0.18261977,-0.31952032,-0.16076341,-0.22202767,0.047760963,0.41821784,-0.10301961,-0.29141837,-0.011611253,6493
-0.19537678,-0.4463867,-0.11714508,0.08137047,0.45265633,0.08391547,0.15030958,0.8551003,0.4165972,-0.60932124,-0.07795609,-0.44066826,0.63453007,-0.80893916,0.4325676,-0.15765643,9017
0.09121695,0.06654484,0.3526061,-0.29152414,0.21472144,-0.019868255,0.13651517,0.32462668,-0.1689502,-0.4010175,-0.06042764,0.124960504,0.38504183,-0.27606598,0.09061164,0.10451634,5472
0.009424165,-0.14452279,0.339588,-0.22227125,-0.14737672,-0.22452122,0.16278115,0.32328582,-0.19284733,-0.6470889,0.11952953,-0.00076293945,0.48209706,-0.21398953,-0.12645721,-0.17765836,5209
-0.12411268,-0.23055571,-0.04149258,-0.1350887,0.34618554,0.089372315,0.0757182,0.61947215,0.035916716,-0.39206588,0.006925624,-0.37868637,0.6688802,-0.48736435,-0.040052533,0.10484808,1472
-0.3416568,0.2527413,0.44584957,-0.46437088,-0.19908422,-0.1716072,0.44758034,0.3177029,-0.70960116,-0.12640682,-0.4023454,0.1447905,0.26309955,-0.33769822,-0.68094397,-0.39083052,7820
0.2120723,-0.116285086,0.5725439,-0.3123144,-0.38169038,-0.20042327,0.1416891,0.521756,-0.5875715,-0.6678134,-0.16254288,0.09096536,0.12698537,-0.14598763,-0.19826451,-0.25634152,1511
0.02473326,0.13172425,0.0995154,-0.23422898,-0.2644893,0.063264616,0.367903,0.48020697,-0.2965404,-0.40952837,0.24768825,-0.12168537,0.53138125,-0.12006791,-0.40206954,-0.053648338,3126
0.19150819,0.23800787,-0.028063545,-0.1341294,-0.02956967,0.00937964,0.27412745,0.59633744,-0.2867186,-0.52278125,0.19758995,-0.080974184,0.40881878,-0.3261702,-0.0449633,0.14035702,2489
0.039494343,-0.34211317,0.33811033,0.021135151,0.2788684,-0.04371056,0.19167906,0.4843313,-0.05962746,-0.5176122,0.05556179,0.10997826,0.5515113,-0.21557122,-0.12307215,-0.07199223,3545
-0.029238924,0.006220445,-0.051790122,-0.40722394,0.04903599,-0.035214745,0.097189814,0.30296385,-0.14527246,-0.23337242,-0.021314228,-0.17596382,0.24078609,-0.21460283,0.07567668,-0.055398196,6363
-0.14256684,-0.1182721,-0.0053910837,-0.45312423,0.16882715,-0.0007497966,-0.07032556,0.5030036,-0.6523539,0.06662542,0.16095781,-0.08783003,0.37867352,-0.07423481,-0.25015005,-0.020717785,4166
-0.055623904,0.045217182,0.25137588,-0.32528368,-0.11958013,-0.16737814,0.27509078,0.18269545,-0.31641424,-0.25609386,-0.1128161,0.032053925,0.3951271,-0.17295699,-0.44553372,-0.043792203,9292
0.53668344,0.28880015,0.03825482,-0.45776242,-0.34363335,0.1691535,0.1792289,0.4118096,-0.6931343,-0.6364639,-0.06422648,-0.63800466,-0.09811637,-0.45223284,-0.03827113,-0.32145292,7392
-0.11123821,-0.049955696,0.09953262,-0.27256456,0.33923894,0.23404586,0.20692895,0.62261105,-0.44766825,-0.25763026,0.019791199,-0.15819016,0.66986585,-0.23716027,-0.37168643,0.15783677,9904
-0.3092149,-0.1663711,0.15940484,-0.12876602,0.3752734,0.290864,0.30773455,0.7598809,-0.69879144,-0.24710926,-0.030356448,-0.36075348,0.7967148,-0.47195485,-0.75848025,-0.03524062,8957
0.008077115,-0.13774419,-0.0011254791,-0.08207826,0.012535378,0.16699916,0.14695624,0.57299805,-0.22651938,-0.47639388,0.20951697,-0.18740097,0.5555835,-0.23564999,-0.45607796,-0.014910534,2219
0.069260985,0.38380975,0.08280655,-0.45686322,0.08571698,0.006091118,0.16360435,0.18132772,-0.2240299,-0.31127074,-0.118365325,0.027938366,0.06494847,-0.083276324,-0.0020892322,-0.14819098,4529
-0.11712021,0.03229242,0.26371002,-0.23009162,-0.15733343,-0.21525818,0.2853572,0.2890763,-0.30370137,-0.43317866,0.15048847,-0.068770155,0.6651509,-0.25549436,-0.5194888,0.039162323,2739
0.41574413,0.14839083,0.011790796,-0.40658322,-0.2245805,-0.12896143,0.09557207,0.47997436,-0.2682334,-0.5617337,0.011269189,-0.4349899,0.106472164,-0.3059886,-0.03540173,-0.2796607,2070
0.020955078,-0.021887928,0.124798454,-0.17046951,0.2849434,0.029107228,0.03282508,0.38166398,-0.21551594,-0.112582654,0.0071527604,-0.06915097,0.58800495,-0.1800349,-0.28406912,0.22824936,6136
-0.100156665,0.0010496229,-0.016477328,-0.085114986,0.19824523,0.048675433,0.27017596,0.44611678,0.017141491,-0.56815773,0.27659816,-0.23462218,0.51158196,-0.31396908,-0.28623614,-0.13675354,2919
0.0027151555,-0.113393664,0.444159,-0.017977148,0.30199826,0.11179765,0.23337519,0.72521883,-0.07654447,-0.7932452,0.36289772,0.3700046,0.71451557,-0.08341618,0.2044976,0.028117537,2168
0.29500148,0.33563876,-0.345003,-0.11156653,-0.07179409,0.4059325,0.23570925,0.6751363,-0.07752028,-0.4740183,0.13196225,-0.692618,-0.0129722655,-0.80562073,-0.047582358,-0.20462097,7159
0.15046133,0.19978803,-0.102836765,-0.38314188,-0.02007842,-0.02703467,0.14415699,0.38748077,-0.2378906,-0.2386937,0.14507261,-0.2163932,0.20117216,-0.06877867,-0.1675355,-0.1713655,8795
0.26973626,0.6098872,0.2501991,-0.34719712,0.113964036,0.020974625,0.3705171,0.25574854,-0.21871872,-0.56492996,-0.3780617,-0.15597978,-0.16779861,-0.31142718,0.0040182173,-0.38036782,5046
-0.04557343,0.16525418,-0.10335466,-0.4681755,-0.037865162,-0.067893066,0.05020947,0.13953683,-0.4081001,-0.16020824,0.0132364165,-0.15864648,0.14153354,-0.08199698,-0.0220671,-0.031843215,8381
0.2506107,0.2207382,-0.087249085,-0.29972908,-0.049001828,-0.091788724,0.14495534,0.30686563,-0.17599666,-0.3370492,0.06512403,-0.3285994,0.20447174,-0.257782,-0.11694591,-0.082988486,6405
-0.092755005,0.10063456,0.24347281,-0.2874906,0.039020896,-0.1622142,0.47866645,0.5056225,-0.28513944,-0.658072,0.04379849,0.03582865,0.37605172,-0.20689178,-0.21827771,-0.4044425,2676
0.2197141,0.01723127,-0.17409322,-0.2897209,0.48674798,0.1467139,0.14685313,0.1606855,-0.37553585,-0.12842514,0.010290422,-0.13201177,0.49742603,-0.26476923,-0.15119171,0.20092532,6949
0.1813689,0.121636346,-0.32204515,-0.2236538,-0.075477004,0.31717634,0.29562077,0.36072713,-0.45040995,-0.20091772,0.12098639,-0.4158493,0.26228744,-0.29646146,-0.22457087,-0.087131426,2336
-0.0009943694,0.45600018,0.39018816,-0.38941503,-0.065348804,-0.016205896,0.34760374,0.19756648,-0.16077122,-0.40784582,-0.16492592,0.03552562,0.028069869,-0.27943364,-0.06410545,-0.25137126,5400
0.007097766,0.1268147,-0.38214058,0.14587337,0.12726566,0.24703407,0.41965237,0.72529143,0.11506227,-0.673683,0.38500306,-0.5935413,0.2992099,-0.7182081,-0.23823598,-0.31128007,1912
0.16619119,0.18442772,0.31545475,-0.46766418,-0.097452715,0.2551208,0.17748053,0.59518695,-0.3219583,-0.51522326,-0.08297767,-0.3041765,0.08445067,-0.23457274,-0.08565602,-0.4034278,6312
0.13889907,0.04553777,-0.2012734,-0.025772482,0.13364673,0.0703054,0.29951692,0.50104046,-0.24900794,-0.44928908,0.19470239,-0.21188343,0.4751119,-0.2029154,-0.13206923,-0.031221345,8284
0.18512565,0.19599053,0.14432168,-0.29764497,0.18348072,-0.19715968,0.18460454,0.14369678,-0.1756222,-0.42775512,-0.16370423,-0.040340073,0.065083526,-0.34121025,0.09546468,-0.26025233,8818
0.2247931,0.35110584,0.28641862,-0.46396548,-0.22950995,-0.19205403,0.1937393,-0.033082485,-0.2195499,-0.32587972,-0.42865592,-0.19821857,-0.029420882,-0.3329643,-0.07105383,-0.37473708,8844
-0.13036683,-0.02448769,0.14530599,-0.45313847,0.1417941,0.3532483,0.24480386,0.89421606,-0.70711386,-0.27959394,0.08924085,0.31196815,0.42753398,0.025613932,-0.20558654,-0.14483905,1901
0.058434047,0.16149424,0.3964166,-0.060346633,0.02103836,0.15682107,0.14665821,0.98526055,-0.45644745,-0.7470186,0.082372315,0.07344422,0.15683939,-0.47426888,0.00960207,0.28153843,8830
0.041476637,0.2687484,0.17903794,-0.087650105,0.2703689,-0.16842781,0.4424711,0.46724933,-0.24146388,-0.68068975,0.028822273,0.07603186,0.32229057,-0.1242665,0.00012284517,-0.17041479,9020
0.021402434,-0.110551395,0.34557328,-0.100435,-0.11320297,0.15571289,0.20892349,0.5962663,-0.38580018,-0.5794173,0.353146,0.077503264,0.32379028,-0.18405329,0.08106792,0.3817722,8364
0.015702516,0.67356044,-0.10120674,-0.72767305,-0.28056374,0.13883448,0.2105732,0.108982846,-0.4081238,-0.1040683,-0.5141539,0.1617083,-0.19309956,-0.1132192,0.33199078,-0.68130803,8680
-0.21150333,0.42595887,0.050913442,-0.49937916,-0.029845983,-0.07590258,0.47835648,0.02614887,-0.28151506,-0.34824443,-0.29713255,0.32048535,-0.13067979,-0.11651327,0.1160205,-0.4448097,7443
0.10881738,0.0863359,-0.015032906,-0.20102312,0.07364432,0.08173524,0.26699966,0.48311687,-0.07030626,-0.47066057,0.19075066,-0.22040881,0.44386244,-0.24335149,-0.17034714,0.030842781,2239
0.45124313,-0.010237113,1.1793908,-0.39657435,-0.19957337,-0.18629557,0.14527643,0.84001136,-0.26657674,-1.1839402,-0.063158035,-0.21054804,0.14298965,-0.40429,0.024393708,-0.15331696,6365
0.27252,0.114356585,0.28671652,-0.3502945,-0.16411348,-0.007770121,0.072092235,0.5203728,-0.28905296,-0.40584236,0.10384939,-0.16722742,0.14530958,-0.14482477,-0.16266172,-0.09562865,9283
-0.18857056,0.3068533,0.40390575,-0.4932249,-0.08068492,-0.27651888,0.21113403,0.25623742,-0.5928127,-0.47562957,-0.07905098,0.30849785,-0.02157116,-0.15943676,0.005988121,0.09846338,9276
0.10770123,0.036100045,0.13536304,-0.31410515,0.079749584,-0.08673269,0.0128782615,0.3729532,-0.3216533,-0.15665576,-0.07986025,-0.17910871,0.41814885,-0.2573803,-0.22402357,0.3084095,4348
0.02235812,-0.022661746,-0.067686595,-0.45988506,0.38046026,-0.23540725,-0.11549093,0.15079433,-0.3822716,0.017215922,-0.4748943,-0.14743322,0.4607305,-0.34156072,-0.17790633,0.24193296,9607
-0.069339946,0.09751627,0.047236368,-0.5342074,0.2399081,0.45558813,-0.004362326,0.6756693,-0.7014214,-0.15686223,-0.23623201,-0.061312407,0.30795127,-0.11398786,0.069741935,-0.16192746,4925
0.19800028,0.3237273,-0.08377884,-0.3937837,0.27206278,-0.11538319,0.09752708,0.21449871,-0.42428792,-0.21548381,-0.016010057,0.0076640546,0.25746173,-0.08851706,-0.080428585,-0.053934082,8908
0.16885877,-0.14698187,-0.14768909,-0.11367828,0.11021252,-0.082022145,0.02971597,0.42937446,-0.02794005,-0.43944502,0.081222,-0.16877767,0.46066383,-0.26834008,-0.12182449,0.07779503,6421
0.34837106,0.05223196,0.48637223,-0.53776515,-0.31049764,-0.10006103,0.10986913,0.12567443,-0.31607917,-0.4486842,-0.29101408,-0.2572253,0.22803906,-0.30659923,-0.03263709,-0.27985662,2096
-0.13336976,-0.20362312,0.24928944,-0.44550616,0.2151839,0.15822583,0.2646459,0.21851969,-0.015628621,-0.43435478,-0.22513705,-0.1238378,0.6561307,-0.083735295,-0.02220434,0.10501668,3088
0.06476173,0.13156986,0.06395236,-0.3757374,0.015389927,-0.04611517,-0.018147564,0.3098172,-0.19597611,-0.0964351,0.04250619,-0.06312017,0.3552063,-0.09128891,-0.17405125,-0.013316855,1992
0.061225384,0.26591128,0.18766753,-0.46084845,-0.05415357,0.06655365,0.22357552,0.4075638,-0.35124207,-0.35678387,-0.052535065,0.16533025,0.018011838,-0.13124537,0.07792026,-0.16782753,4967
0.034025565,0.0434545,0.04779791,-0.70450354,0.10708183,-0.17021592,0.007104248,-0.008042544,-0.6702948,-0.048699215,-0.23686785,0.10122157,0.081224784,-0.01948753,-0.11545116,0.08559842,5143
0.04856415,0.1849481,-0.096906096,-0.19137482,0.07729867,0.30709237,0.31344846,0.5750158,-0.6274442,-0.28164187,0.05734025,-0.37151906,0.2645901,-0.52736014,-0.2740157,-0.25208122,4650
-0.0566521,0.30801195,-0.08494437,-0.5492284,-0.09867889,0.023890574,0.24119958,0.07546706,-0.3532476,-0.111045755,-0.16642018,0.16835058,0.007942677,0.05403628,-0.09197153,-0.25934568,7742
-0.07174233,0.26462317,-0.15044044,-0.3876391,0.11581094,0.19894724,0.28892446,0.22742066,-0.44951922,-0.06099595,-0.043680802,0.10637042,0.2623536,-0.11559442,-0.292742,-0.21603726,1729
0.037792996,0.07459858,0.23234266,-0.40079063,-0.020007424,-0.196524,0.04025677,0.41931188,-0.23099598,-0.40732244,-0.08371517,0.09051563,0.16957915,-0.0815846,-0.2078942,-0.025190204,3361
0.055414468,-0.40111172,-0.13910387,-0.13324957,0.31214643,0.08782205,0.25807807,0.7192435,-0.07850057,-0.5999984,-0.014871456,-0.28042182,0.8335618,-0.24877122,0.07058534,0.17666857,5769
-0.056250036,0.07683976,0.3864577,-0.71198916,0.006421551,0.032315172,0.1142575,0.5430963,-0.5916786,-0.35548005,-0.2285104,0.3084544,0.23924647,0.120381474,-0.046552002,0.06127683,7517
-0.06888251,0.030062206,0.20171963,-0.15907371,0.11215417,0.14656314,0.18640313,0.64142966,-0.28711444,-0.5120956,0.24192439,0.06304127,0.5562297,-0.064421855,-0.058624715,0.08663012,9282
0.12207067,-0.3888523,0.3128306,-0.32604918,0.1993309,-0.103889406,0.061290227,0.5354445,-0.4642862,-0.42172515,-0.16681,0.12949885,0.84275234,0.058035523,-0.1404692,0.4051445,2745
0.088667534,0.00972607,0.14190513,-0.37532923,-0.10753643,0.15948658,0.25796217,0.439251,-0.43219435,-0.39388475,0.11089863,-0.052800886,0.31942725,-0.1433948,-0.3234915,-0.3544208,6789
0.17324714,0.19592832,0.13988256,-0.22715226,0.39928895,-0.15424165,0.26469368,-0.10780756,-0.30062687,-0.31071636,-0.31186122,0.13256781,0.14992046,-0.16237256,0.12894312,-0.14680944,6651
0.11533589,0.35254663,0.0735783,-0.4898429,-0.31411758,-0.07257096,0.31952703,0.15105087,-0.25354668,-0.37412184,-0.26354378,0.013401661,-0.1979864,0.015375616,0.005651742,-0.5382923,8970
0.0948858,-0.050998032,0.15643695,-0.37216204,-0.010835044,-0.038640887,0.17034155,0.5515783,-0.40846044,-0.2681551,0.14601219,-0.1276192,0.49251044,-0.051184922,-0.5947547,-0.16949196,8529
0.19867831,0.28744367,0.050982717,-0.47432417,0.019116215,0.28537983,0.03463974,0.5207345,-0.4244172,-0.41218656,-0.1593375,-0.6435746,0.23666349,-0.5628915,-0.065097705,-0.2111462,1709
0.27230546,0.4173515,0.29051337,-0.5676174,-0.32069984,-0.28419882,0.075501785,-0.09728873,-0.39504212,-0.47158763,-0.40447652,-0.328695,-0.11400223,-0.31610087,0.041342407,-0.42430717,3724
-0.09478508,-0.06823701,-0.07762566,-0.12914109,-0.113136604,0.37510973,0.4610171,0.58729553,-0.6442565,-0.34735268,0.13280712,-0.160644,0.4186577,-0.3073523,-0.2687744,0.1023317,5379
0.018119574,0.060562517,-0.06195841,-0.0097720325,0.0810518,0.16343905,0.3226463,0.58817434,-0.23015085,-0.43186665,0.2841472,-0.18304703,0.37738407,-0.24012269,-0.112277284,0.029109508,6143
0.12981308,0.29954445,-0.13010807,-0.36322814,0.24039152,-0.03913333,0.20502594,-0.13364267,-0.28960368,-0.17558011,-0.1347041,0.0036622882,0.19524825,-0.10495722,-0.04177466,-0.07810326,1844
0.10703908,0.06864107,-0.16136125,-0.5958256,0.0927217,0.0863224,0.010245901,0.2919248,-0.4548176,-0.024325669,-0.20377947,-0.2577358,0.24990621,-0.16474399,-0.009109378,-0.06896311,1542
0.08834228,0.3433239,0.09272014,-0.4384165,0.14218019,-0.109032646,0.17028286,0.32968128,-0.36056292,-0.44219413,-0.42553627,0.08208507,0.15240562,-0.22657582,0.31753403,-0.052047253,1741
0.09019225,0.26686144,-0.06530615,-0.4516105,0.1615397,-0.2587338,0.074986935,-0.10506612,-0.3695445,-0.19211859,-0.12114383,0.20168081,0.09322776,-0.14294855,-0.04592623,0.11104044,9754
0.15644623,0.32858366,-0.0573151,-0.5550723,0.03350261,-0.055639096,0.024034906,0.14334764,-0.38524294,-0.13432689,-0.03226447,-0.033411548,0.13045208,0.056340054,-0.13532326,-0.077900395,3460
-0.14710128,0.21551023,-0.2893046,0.09315345,0.16953419,0.6046613,0.5619152,0.75741094,-0.2152012,-0.49275225,0.20201474,-0.5367634,0.5242115,-0.7505483,-0.2796715,-0.22090012,2985
-0.14144954,0.19948046,0.18912889,-0.35371345,0.1724366,0.08752901,0.24560261,0.4375574,-0.31749403,-0.45369864,-0.022072881,0.20634322,0.45822966,0.033896133,0.11063069,0.02325961,6316
-0.14731424,-0.0476889,0.20574303,0.1526036,0.54664814,0.25805524,0.6483408,0.7510863,-0.025175586,-1.0249234,0.4062599,-0.26918894,0.9909251,-0.41824594,-0.09366575,-0.18046679,6586
0.03996914,0.080497235,-0.013728556,-0.43743452,0.11606198,-0.04107087,-0.0020469297,0.34084475,-0.35826868,-0.17580909,0.07491643,-0.054721437,0.41158423,-0.043654636,-0.29471415,-0.058333397,3038
0.066545755,0.38714725,0.30469212,-0.09583157,0.3426534,0.04205799,0.35194314,0.8137604,-0.36449286,-0.5534089,0.081494,0.07647349,0.042730793,-0.27550238,-0.05206281,-0.32024848,6510
0.04831548,-0.04738444,-0.054136366,-0.13484165,0.6290859,-0.17611486,0.24632531,0.10096161,-0.17012101,-0.37299013,-0.11978467,0.1256231,0.50413257,-0.15708455,0.1065608,0.20682284,8677
0.047664076,0.11214274,0.25734514,-0.4633053,0.026445538,0.14009127,0.2308606,0.49477452,-0.5351127,-0.45399466,-0.06599162,0.064820796,0.25299945,-0.10129388,-0.07760659,0.22904389,9610
0.098365,-0.034705803,0.29365343,-0.32906762,-0.19681427,-0.38095686,0.26185197,0.663431,-0.29422376,-0.84360373,0.103676215,-0.3441965,0.345989,-0.44823653,-0.21198316,-0.5101368,5841
0.1171187,0.13744633,0.06567579,-0.23412862,-0.014339507,-0.07354039,0.13110399,0.38803542,-0.17218675,-0.32335842,0.17439039,-0.049428403,0.40175503,-0.22963737,-0.19104269,0.10046178,7072
-0.079632774,-0.16548298,-0.13187712,0.08382097,0.09217262,0.026110604,0.15489407,0.7862455,0.34596074,-0.6226516,0.18604648,-0.4682026,0.53742677,-0.5840278,-0.16780528,-0.23694848,6588
-0.13460712,-0.49568203,0.054379992,0.14759523,0.2779092,0.20755795,-0.08720642,0.9224893,0.124506965,-0.616852,0.10519094,-0.29370508,0.950505,-0.5004065,0.188665,0.16447023,3215
-0.21020915,-0.35455498,0.019838808,-0.16450524,0.5164653,0.23685488,0.20480265,0.45803535,0.03379038,-0.616127,-0.065632276,-0.3868462,0.9288746,-0.46633834,-0.10097477,0.2469017,1253
-0.17120928,0.1831209,-0.18680312,0.22543305,0.16569695,0.3916669,0.5245211,0.97192276,-0.38222653,-0.5893995,0.32699051,-0.2264087,0.49277502,-0.6690858,-0.31145674,-0.1869922,4319
0.092934914,0.20506611,-0.13947806,-0.102080435,0.018730275,0.2933938,0.30397704,0.56942046,0.0766681,-0.6877123,0.15262333,-0.6028004,0.23029102,-0.7024185,-0.07778792,-0.1905831,7578
0.03799498,0.35452777,-0.036047913,-0.68932474,-0.11906932,0.007046465,0.22880891,0.06359436,-0.4759496,-0.31563067,-0.0030139685,0.05541472,0.041145444,-0.007765986,0.01858896,-0.31037995,5538
-0.12925255,0.17827395,0.34720686,-0.67350036,-0.12358692,0.008866198,0.018445622,0.47800255,-0.8055039,-0.0295863,-0.46605116,-0.011113569,0.10220496,-0.13431562,-0.4289025,-0.10164353,6971
-0.009611271,0.1439243,-0.1511334,-0.40735996,0.17697248,-0.20689343,0.082122706,-0.065360144,-0.35405144,-0.26507145,-0.04980241,0.24463461,0.17615178,-0.059429124,0.031021208,-0.035807773,1897
0.035129473,0.12053396,-0.019132948,-0.5182913,0.009756684,0.3376582,0.15237221,0.4856127,-0.70313513,-0.027224973,-0.27922142,-0.24338838,0.20848262,-0.23559412,-0.369945,-0.2003468,5676
0.050927572,0.23592758,0.10731127,-0.4972618,0.058158465,-0.19765602,-0.011495644,0.19147357,-0.30096245,-0.22819242,-0.08288131,0.10505942,0.19292472,-0.16553631,0.0629548,-0.07421914,8706
-0.090234146,0.33341977,-0.06489055,-0.16614756,0.29088,0.009629592,0.2700817,0.36638516,-0.4734695,-0.25195965,-0.04120284,0.31792992,0.20701022,-0.08435065,0.03384599,-0.25932312,8210
0.055931747,-0.048498172,0.26108947,-0.48574784,0.16856761,-0.049074396,0.07410565,0.4230105,-0.43616638,-0.4389753,-0.047359783,0.11553702,0.4452499,0.10332181,-0.048262864,0.27803794,2760
0.09755495,0.168426,0.24887782,-0.39658484,0.050758034,0.066328384,0.21023622,0.47682792,-0.2280458,-0.45216408,0.025924034,0.23144098,0.12345664,-0.11404538,0.08950217,0.03435412,9418
0.024079978,0.043413986,0.03178424,0.22988443,0.012509055,0.2551137,0.7284115,0.7100842,-0.015589133,-1.1050485,0.523064,-0.55459106,0.62828016,-0.5918006,-0.23759797,-0.46957362,7223
-0.0068145543,0.15703084,0.1533511,-0.09072612,0.044810355,0.35491446,0.20716935,0.8794777,0.1910026,-0.7617161,0.03395532,-0.5430775,0.21968777,-0.91482395,0.04637134,0.006439775,4724
0.07575997,-0.16691142,0.09193964,-0.56808406,0.2015998,-0.06502298,-0.0016471092,0.35034734,-0.34259176,-0.38528085,-0.15615244,0.05913116,0.42409733,0.013661129,0.1291979,0.22951624,9294
0.050393492,0.26388165,-0.04723036,-0.5089954,0.1955303,-0.16613445,0.15475525,-0.24806774,-0.42256683,-0.11467546,-0.41695145,0.24098122,0.15269588,-0.067095034,-0.029192358,-0.045243755,4916
-0.17072976,-0.09360897,-0.07109709,-0.14566123,0.28555736,0.31935072,0.3481681,0.37463045,-0.30603814,-0.28098446,0.13076444,-0.113168746,0.7713144,-0.29164228,-0.44660187,-0.033547625,2016
-0.030989349,0.30749938,-0.2546251,-0.37090483,-0.032690845,0.124337435,0.26300627,-0.021335542,-0.43568462,-0.05939363,-0.10451732,-0.23009384,0.15809134,-0.12675004,-0.16432561,-0.286649,3396
0.08693409,-0.099398926,0.08146016,-0.47757578,0.23150906,-0.05245053,-0.09600065,0.53168046,-0.47069415,-0.018119276,-0.13325302,-0.12583834,0.4430606,-0.0826261,-0.35358012,0.18690655,4493
-0.13933116,0.17232691,0.325447,-0.23848413,-0.17361173,-0.23850374,0.35666284,0.6043865,-0.5004131,-0.73556125,0.13431136,0.28600812,0.28350353,-0.28363216,-0.015853733,-0.1367406,5084
-0.059220195,0.3754803,-0.14751947,-0.6415936,-0.13458905,-0.27152723,0.06790298,-0.10918485,-0.56147736,-0.20019262,-0.07081413,0.15318845,-0.08239031,-0.055493444,0.30739835,-0.36519885,9649
0.03462419,0.077336565,-0.07234481,-0.09361185,0.061928637,-0.06866865,0.26523235,0.4070102,-0.2260231,-0.3127104,0.24480753,-0.03283398,0.3624982,-0.09038924,-0.080719575,-0.049538687,7156
0.12877461,0.3855188,-0.48013416,0.17243272,0.3882488,0.38097674,0.3903696,0.9275811,-0.25320297,-0.49606976,0.32324722,-0.6519198,0.29113787,-0.6591753,-0.10480125,-0.19981202,8545
-0.032329194,0.25329894,-0.25244257,-0.3153239,0.23835771,0.26630285,0.19864713,0.1377832,-0.610451,-0.019116372,0.012736835,0.19548543,0.3845797,-0.06338331,-0.2098588,-0.04457301,1363
0.06061776,-0.06480822,0.10822743,-0.31411797,0.113662645,-0.19024897,0.13990635,0.39871824,-0.14140016,-0.42817694,0.073998876,-0.055635944,0.47004896,-0.098150626,-0.49807143,0.09483428,6142
0.21358302,0.2969145,0.22959386,-0.4383737,0.05670774,0.036643546,0.30813444,0.42217332,-0.37507346,-0.67976296,0.027795594,-0.0091599375,0.15856239,-0.15125054,0.04508066,0.0008858144,6757
0.11642091,-0.13225362,0.039395764,-0.06189263,0.31651628,0.033814453,0.32366374,0.022783078,-0.07517932,-0.25190464,-0.06085734,0.24402726,0.33194846,-0.35207972,0.14563088,-0.021084249,1067
0.15199307,0.09677776,0.011178046,-0.27725548,-0.004767537,0.28470504,0.24551514,0.77697134,-0.47154653,-0.49427527,-0.059753977,-0.24822313,0.36358643,-0.37806955,-0.13684498,0.21549818,5667
-0.0968993,-0.2171772,-0.07981787,0.07448423,0.20465085,0.3006047,0.09878638,0.8730364,-0.19083166,-0.37939554,0.1761043,-0.33637744,0.6129964,-0.54499346,-0.07114774,0.03254968,2322
-0.1711154,0.17144859,0.11503981,-0.7324045,-0.040261656,0.16810529,0.17698534,0.37219703,-0.6616755,-0.13181297,-0.3953728,0.15107824,0.21049646,0.01987527,-0.14071125,-0.10486883,6293
0.003737852,0.10154066,0.110256515,-0.5099758,-0.096417464,-0.13961545,-0.011331381,0.16294895,-0.44140065,-0.12561384,0.014340242,0.0010830909,0.21579981,0.019957758,-0.08451821,0.08786628,1517
0.076721,0.14446993,0.03321074,-0.5025634,0.08649233,0.06285373,0.050792437,0.44234052,-0.367256,-0.14329216,0.024107426,-0.027569592,0.23808962,0.00025748461,-0.18337059,-0.12706019,7370
-0.12505905,-0.11332904,-0.023863494,0.13268489,-0.01250384,-0.12058278,0.25449762,0.77479434,0.06979515,-0.7267291,0.349318,-0.05555524,0.47380608,-0.28047138,-0.16793421,-0.34623238,8509
-0.06899907,0.24477082,-0.07466947,-0.2297009,0.28456628,-0.0025113449,0.30938607,0.25507092,-0.3075622,-0.28179264,0.04270141,0.13550553,0.37708956,-0.09026949,-0.18363185,-0.040555105,4075
0.20298816,0.33002302,-0.19226843,-0.20358178,0.115847155,0.38455376,0.25519714,0.5867189,-0.5060667,-0.25134414,0.053710245,-0.48404354,0.28033957,-0.49493617,-0.35978344,-0.15210064,8286
-0.13939647,0.07274394,0.10764978,-0.22932738,0.29118857,0.60549694,0.4073963,0.9285328,-0.74886674,-0.34556627,-0.12817366,-0.5359514,0.56084746,-0.6331347,-0.5457696,-0.2878351,6314
0.010931104,0.08678513,-0.050362475,-0.28225762,-0.0017735511,0.04155787,0.39041072,0.34932798,-0.2499589,-0.51258194,0.28353354,-0.1686175,0.33446762,-0.24111724,-0.19105627,-0.21365017,1412
-0.05663511,0.398556,0.17998366,-0.49848628,0.1040597,0.16385527,0.3005973,0.3663499,-0.3502826,-0.21335496,-0.27933353,-0.05638421,0.07464661,-0.18766472,-0.092614606,-0.09140453,5373
-0.16987164,-0.08789981,0.12453495,-0.0685536,0.0006451234,0.05656913,0.07162759,0.7296923,-0.43583015,-0.48749042,0.09395174,0.02072388,0.350854,-0.31475496,-0.26412424,0.17214468,2335
0.088686526,0.00645265,0.27231735,-0.20101553,-0.38091522,-0.17190653,0.15516914,0.40779066,0.058059864,-0.7894018,0.16610494,-0.67789006,0.35310823,-0.546623,-0.3305695,-0.19206426,9302
-0.29200816,0.010505952,0.03891139,-0.12723887,0.4312374,0.4905871,0.24743806,0.9410993,-0.58171356,-0.36141115,0.10532272,-0.45704046,0.6354833,-0.6080491,-0.43469852,-0.24560808,1496
-0.011284471,-0.26373327,-0.15283868,0.23849264,0.3187043,0.114174396,0.32163978,0.6927103,0.14050557,-0.9258424,0.25569832,-0.25205716,0.6257054,-0.5882868,0.29498553,-0.25114852,9563
0.046541445,0.28740832,0.21543327,-0.17629582,0.0010777116,0.43336833,0.20748313,1.1962484,-0.61933684,-0.7396742,-0.067962006,-0.1142212,0.34998935,-0.58834726,0.055592626,0.30063516,9194
-0.088495955,0.04893264,0.09113015,-0.2979178,0.17613557,0.17326236,0.16716133,0.5917682,-0.49761158,-0.27292818,0.07145409,-0.18006465,0.5049529,-0.26310086,-0.43323073,-0.045249388,9981
-0.07130195,-0.05416514,-0.2596748,-0.0077950954,0.10494898,0.48866284,0.39279896,0.7230511,-0.51329,-0.3661252,0.1235612,-0.38303304,0.40314695,-0.5444931,-0.27619645,-0.004543498,5343
-0.085602745,0.14849634,-0.021448355,-0.24323502,0.16321811,-0.11428973,0.13379641,0.3761047,-0.415716,-0.28137246,0.12885231,-0.010576658,0.3889157,-0.075318895,-0.21057531,0.00072415173,2201
-0.09796509,-0.11657831,0.038746994,-0.20255026,-0.13817355,-0.25320286,0.104759686,0.27888727,-0.13550091,-0.46530598,0.19838056,-0.027744345,0.28065744,-0.2475242,-0.14091322,-0.014783919,7664
0.3165299,0.28510737,0.117222056,-0.52277696,-0.020005867,-0.027499432,-0.024199588,0.30092657,-0.3895367,-0.3099856,-0.11065526,-0.19103628,0.10768007,-0.1612843,0.057890564,-0.32915413,3229
0.022999898,0.24756941,0.14658411,-0.48482105,0.118934706,0.124370635,0.0969907,0.38579708,-0.093151405,-0.21219422,-0.15754654,-0.24158879,0.09862147,-0.38127378,0.158823,-0.17435288,4772
0.039925635,0.081892855,0.19417132,-0.065115124,0.03374564,0.26473242,0.12739933,0.86496705,-0.05714637,-0.55582535,0.23283528,-0.15649498,0.39972073,-0.43462795,0.03205195,0.05619347,6613
0.108971216,0.23767057,-0.060863964,-0.3136415,0.035714123,0.08905071,0.21961458,0.29863897,-0.16850571,-0.33163038,-0.1447945,-0.25337034,0.23003359,-0.22075847,-0.053944588,-0.27749318,2504
0.15089867,-0.019412443,0.17950179,-0.34094012,-0.059214357,-0.45204863,-0.094660014,0.11968227,-0.58446217,-0.1466398,-0.15920548,0.038039565,0.42724556,0.0020564944,-0.18347144,0.15019156,6825
0.31497297,0.20159438,0.48659316,-0.45432884,-0.1518978,0.049191013,0.16266553,0.39379674,-0.31332582,-0.51837003,-0.13809153,-0.106661834,0.02380754,-0.23118779,-0.05494687,-0.11877209,3346
0.026949398,0.17893161,0.14902529,-0.33522135,0.04067323,-0.17503776,0.058220174,0.20368809,-0.2470556,-0.41381764,0.0029945225,0.14871527,0.2088394,-0.19464222,-0.026598573,-0.06253599,5059
0.14015491,0.0036489516,-0.06221679,-0.39961636,0.46831203,0.17394382,-0.09549703,0.5110758,-0.8907897,0.18623152,-0.051974077,-0.058832683,0.5519568,-0.20440732,-0.30872083,0.10599828,4091
0.19968121,0.08816844,0.66818124,-0.2703439,-0.01712194,-0.010910876,0.25904122,0.69685614,-0.41014647,-0.8347191,0.1331388,0.17618817,0.10152376,-0.20462461,0.16512758,0.035617694,6658
0.06914969,0.09838555,0.21890911,-0.5980655,-0.124827884,-0.17957315,0.17425607,0.27937615,-0.39316857,-0.3081531,-0.23104668,0.12751877,0.20481773,-0.06899349,-0.116031215,-0.2955369,7854
0.32043827,0.2922781,-0.15830836,-0.0027478933,-0.0010354817,0.24778475,0.26877877,0.70767707,-0.11537226,-0.57494617,0.16295882,-0.48505268,0.20504336,-0.6256877,-0.20119381,-0.09899813,9340
-0.1450196,0.12969175,0.11869541,-0.25573057,0.08165045,-0.20448257,0.28517795,0.17685299,-0.29100865,-0.35297307,0.10450182,0.1046073,0.57557553,-0.34345335,-0.5081664,-0.0024816692,6427
0.35995558,0.18176098,0.7525526,-0.18674138,-0.15255234,-0.12380845,0.26161537,0.64284766,-0.40908664,-0.95080024,0.13334966,-0.007117182,0.29298073,-0.3340431,0.121012166,-0.055532962,1256
-0.15413441,-0.14725325,-0.056298003,-0.37823898,0.28970096,-0.18100952,0.05148575,0.059773453,-0.5237393,0.072983146,-0.16791014,0.19970898,0.44131383,0.07383886,-0.097506404,-0.006042376,6071
-0.05945711,0.23103905,0.110897824,-0.7729683,-0.0067724437,0.13678123,0.07997007,0.108972,-0.49558842,0.0009184629,-0.46540308,-0.051627375,0.18295392,-0.029552177,-0.17965744,-0.07066958,7249
0.26680666,-0.09661402,0.15929252,-0.0050774515,0.042843837,-0.033317517,0.21817656,0.5918189,-0.04257287,-0.55619735,0.08758642,-0.1531795,0.27245837,-0.46643955,-0.013264954,-0.2183451,1633
-0.3949155,0.18010643,-0.029232182,-0.2975481,0.18017006,0.4477412,0.4177122,0.7482449,-0.6819799,-0.16698065,0.03913738,3.2693148e-05,0.60268,-0.26938933,-0.33588797,-0.39320648,6995
-0.12679428,0.27538723,0.16452712,-0.40056774,-0.025883064,0.118963204,0.30883774,0.14037256,-0.07743417,-0.2463396,-0.05543126,-0.40390804,0.48843104,-0.2237725,-0.40907046,-0.09267259,1427
-0.06154649,-0.12638402,-0.19042403,0.2181203,0.47824723,0.20505878,0.24613638,0.6582214,-0.5725769,-0.4272461,0.28014922,-0.076309495,0.76455486,-0.29427165,-0.031535074,0.037586622,9365
0.12982982,-0.0033458322,0.17505376,-0.38324615,0.0314399,0.017124461,0.106021255,0.455174,-0.30462375,-0.4262439,0.07945441,0.009835258,0.43911564,-0.059661932,0.026313096,0.16402186,4053
-0.015675455,-0.012803398,0.019040108,-0.5124666,0.20058954,0.061248224,0.24148561,0.25051564,-0.5921496,-0.07612881,-0.2172202,0.07929768,0.47456783,-0.079573534,-0.45036626,0.07993964,7176
0.13593176,-0.046102,-0.45545685,0.012221485,0.17269656,0.7502446,0.4460042,0.8018995,-0.70757836,-0.29750884,0.1498009,-0.51859534,0.09809971,-0.6838169,-0.1506637,-0.15888259,5866
0.13132605,0.18586157,-0.10087785,-0.23627773,0.1457785,-0.086673886,0.22084591,0.26652527,-0.10971144,-0.30905426,0.056246568,-0.16072378,0.26118076,-0.18385766,-0.122226074,0.0044728518,5270
-0.29506284,-0.12979832,0.21900612,-0.25722438,0.31276396,0.5024136,0.1789228,0.7408581,-0.0871246,-0.66478103,0.04561828,-0.32146814,0.85733837,-0.45317447,0.10164747,0.1382975,4697
-0.035481364,0.15449908,0.17734812,-0.6982018,-0.16791135,0.015409172,0.2714944,0.3143521,-0.77835953,-0.13093358,-0.251683,0.20047021,0.052206278,0.06443368,-0.37499282,-0.43803877,5728
0.1931452,0.066045,0.18580961,-0.33189306,0.027286418,-0.27275056,0.07466552,0.36747903,-0.2400054,-0.47517827,-0.06808703,0.05168014,0.08444487,-0.16183697,0.024020478,-0.3024776,4208
-0.017613888,0.4810263,-0.07771125,-0.35587454,0.23149903,-0.2639607,0.28051853,-0.17113525,-0.28244996,-0.2961735,-0.2773462,0.28559002,0.00071659684,-0.10272028,0.022425532,-0.13852818,8619
0.11532375,-0.56372225,-0.13266665,0.30631208,0.5516252,0.27663475,0.5101026,-0.0010920975,-0.10382972,-0.30228335,0.25723502,0.22770211,0.59361315,-0.44437972,0.60467434,-0.19501333,7621
0.1837825,0.02045016,-0.0987076,-0.14533687,0.029800385,0.036994204,0.27350616,0.45644778,-0.03909199,-0.4399857,0.19469664,-0.22043371,0.5190704,-0.2302971,-0.1805016,0.06615013,8560
0.20122105,-0.0097684115,0.008327507,-0.18734263,-0.056929737,0.03854876,0.13535301,0.6392548,-0.04206732,-0.61240864,0.1855452,-0.3275138,0.28857392,-0.4402171,-0.09747988,-0.1216266,2177
-0.05333312,0.16289559,-0.3083145,0.036344826,0.23363325,0.45807707,0.34314692,0.80530536,-0.16864845,-0.5912343,0.2981126,-0.5629971,0.33986813,-0.7437973,-0.21790719,-0.37440515,6240
0.01269038,0.03066577,0.37452105,-0.35795847,-0.056200914,0.37598768,0.13288754,0.8984778,-0.66103846,-0.6154344,0.11229618,-0.003500566,0.10153383,-0.23905632,0.18528527,-0.010264635,8292
0.28498763,0.33373427,-0.18013868,-0.40732858,0.075196035,0.1979519,0.15034306,0.42531556,-0.5037404,-0.14644432,0.14131083,-0.3476487,0.11063457,-0.19873562,-0.15520093,-0.2936321,4269
0.035712183,-0.16286162,0.097439736,-0.04595512,0.2271173,-0.27113938,0.17644605,0.5959702,-0.1132367,-0.6140426,0.05162687,0.18728319,0.5421858,-0.14049779,0.02864039,-0.2236717,9586
0.223555,-0.21210529,0.16743629,-0.0046801567,0.22079667,-0.15550968,0.25702426,0.24406104,-0.030328676,-0.73953366,0.017519262,-0.23467045,0.34281915,-0.43319196,0.15744203,-0.08121464,1134
-0.019956768,0.19952439,0.22147338,-0.50128245,0.13749208,-0.2089208,0.23877186,0.16027029,-0.39503407,-0.4978668,-0.07125698,0.37976563,0.14347202,0.017807677,0.10534933,0.14823103,7062
-0.35218647,0.0873512,0.114769064,-0.54291636,-0.09890318,0.19728254,-0.09724665,0.35396045,-1.0429263,0.04461968,-0.060266916,-0.3364733,0.65680957,-0.034761608,-0.34953573,-0.47777057,3744
0.050358556,-0.2772226,-0.01347409,-0.4050988,0.10997706,-0.02606002,0.08401573,0.5325146,-0.49955344,-0.3613943,-0.05368545,-0.081980936,0.58119154,-0.14485942,-0.046543866,0.26296127,7895
0.17747723,0.30132926,-0.12394496,-0.40427804,0.4071134,-0.21960303,0.14838246,-0.03657928,-0.3887999,-0.17109954,-0.11824195,0.103885144,0.23919117,-0.21480933,0.1341013,-0.09563854,8791
-0.0802616,0.37121528,0.21779379,-0.60053754,-0.112302564,0.17116845,0.24424368,0.56271845,-0.33897346,-0.35125247,-0.11200423,0.2127284,0.15468012,0.035637096,0.07859719,-0.2608174,4033
0.02127225,-0.19492984,0.12851137,-0.3378112,0.12353173,0.08364262,0.1602708,0.4587664,-0.23533118,-0.5736997,-0.12755688,-0.11381234,0.68923885,-0.14803481,0.021905094,0.26014978,5119
0.079397336,0.18460527,-0.016809002,-0.4875259,-0.034116358,-0.21089491,0.024098752,0.08632315,-0.29663682,-0.27880394,-0.0018350184,-0.07635869,0.15811305,-0.047516752,-0.05885473,-0.08501804,7423
-0.020087793,-0.03848683,-0.20918404,0.0852904,0.1847556,0.19132075,0.53824586,0.70455724,0.05445452,-0.8488135,0.35047618,-0.39087406,0.7818136,-0.44260934,-0.03817287,-0.17647989,8947
0.12466172,-0.037642367,-0.059365537,-0.32033432,0.29477638,-0.055403896,-0.020039678,0.35971615,-0.43158925,-0.025973797,0.04378814,0.054386973,0.49306583,-0.09033734,-0.28408313,0.09236026,1769
0.056401744,0.09849613,0.09990403,-0.4727257,0.092145614,-0.068053156,0.1303496,0.13507362,-0.31641275,-0.35007292,0.00011066906,0.028016984,0.18906116,-0.004379442,0.0122588575,0.098378755,7213
-0.04699953,-0.036863647,0.26452816,-0.32377115,0.112085074,0.047559228,0.246274,0.52183115,-0.30761504,-0.44194275,-0.094584145,-0.33681005,0.63621134,-0.25318247,-0.57546663,0.0952443,8753
0.04106041,0.1028992,-0.21233065,-0.35500234,0.023204342,0.15863362,0.0588456,0.38039097,-0.22156584,-0.29566208,-0.07527538,-0.5333365,0.24784128,-0.49733457,-0.0010853708,-0.14590313,8281
-0.2896453,-0.0033903718,0.2422756,-0.71160054,-0.1488339,-0.010584494,0.060472537,0.37250987,-0.79594445,-0.21792296,-0.17968257,0.35545468,0.27627012,0.21771824,0.0802598,0.23147364,8276
-0.009649232,0.3079621,-0.10098852,-0.35444507,0.12035766,-0.22684067,0.22698008,0.032112807,-0.18378042,-0.31333655,0.0034778789,0.01769904,0.055647835,-0.1559534,0.018676117,-0.049837902,6128
0.20355147,-0.054293126,0.6130735,-0.4445787,-0.3425517,-0.231992,0.03113887,0.55522394,-0.3572381,-0.66697514,-0.011237659,-0.093097776,0.26435336,-0.2551497,-0.27725238,-0.19212712,7451
0.05205916,-0.3496382,-0.56055135,0.49048653,0.21525724,0.4267978,0.3654277,1.2646856,0.25535834,-0.8268175,0.3125837,-0.73796076,0.51849276,-1.0998172,0.17206845,-0.19881436,8432
0.086473145,-0.20375477,-0.13444406,0.119609356,0.35887986,-0.031536847,0.2091173,0.396908,0.034028754,-0.6315806,0.14458899,-0.083989285,0.5684865,-0.21714386,-0.020715788,0.040077418,1488
0.04480557,0.047890916,0.14756586,-0.46675146,-0.047887266,-0.07262281,0.032816574,0.5738573,-0.46902153,-0.40670022,-0.022839412,-0.20985952,0.19623314,-0.24961391,-0.24092633,-0.34306937,6043
-0.2870794,0.42375147,-0.06167706,-0.73124695,-0.037734702,-0.1968521,0.38806194,-0.21116653,-0.48665512,-0.39248928,-0.24470687,0.41857857,-0.24853581,-0.11062781,0.3596727,-0.28119344,9136
-0.31395912,-0.3355103,0.37911692,-0.5908163,0.4291103,0.14675629,-0.015294176,0.7736755,-0.42657495,-0.14502342,-0.3293137,-0.33872783,0.8113451,-0.28990468,-0.33389217,0.087822855,6085
-0.06685928,0.053904727,0.22787748,-0.24534859,0.02805584,-0.2650153,0.21842836,0.46081704,-0.03112024,-0.5271121,0.20688586,-0.1908908,0.61733365,-0.30007714,-0.5063663,0.10327494,9286
0.015842095,-0.101367414,0.07990761,-0.39160562,-0.023096927,-0.2933181,0.048681278,0.08629212,-0.4383188,-0.25629205,-0.12560657,0.18951565,0.23012298,-0.050663903,-0.3114612,0.18798983,7323
-0.18347077,-0.00030272454,0.17471085,-0.14951038,0.05613419,0.13072595,0.28253126,0.7383913,-0.1880217,-0.6153017,0.11508952,-0.1992926,0.5156803,-0.40502912,-0.47555235,-0.15888596,1529
-0.26466584,0.122948565,0.36108223,-0.0711467,0.29178753,0.045674212,0.16658013,0.81466436,-0.68287504,-0.5813848,0.12899326,0.6704176,0.46922657,0.096643046,0.35964867,-0.039079532,1752
0.12196316,0.0509118,-0.2252149,-0.26743996,0.2237906,-0.023894116,-0.0033165328,0.38511783,-0.25815055,-0.29745737,0.14321877,-0.1382471,0.34869915,-0.42591733,-0.012061223,0.08378139,1593
0.21325357,0.08445876,0.40845287,-0.41093692,-0.10307743,-0.20463145,-0.013584379,0.34147954,-0.40967625,-0.5183789,-0.13009582,-0.1062254,0.11315185,-0.24900988,-0.01431632,-0.23480624,2302
0.021208972,-0.067307055,0.13330564,-0.117218554,0.052614033,0.0068848208,0.45886016,0.46015325,-0.19952528,-0.37875548,0.22972755,-0.17154744,0.87337685,-0.19100973,-0.6915439,0.17289841,1299
-0.03800966,-0.18547706,-0.07097217,-0.1342244,0.07444061,-0.020152237,-0.084256984,0.51246035,-0.13143082,-0.21584243,0.117314786,-0.10100225,0.43975472,-0.10703462,-0.13092996,-0.03979923,4344
0.11317393,-0.1978991,0.2960614,-0.28246823,0.0074784383,-0.02128535,0.037280887,0.8106339,-0.46463513,-0.6390215,-0.022489866,0.081350416,0.70335925,-0.057293512,0.0075820982,0.378659,5291
0.1302006,-0.19592977,-0.15306689,0.046243936,0.3556642,-0.06498359,0.31090897,0.6153228,-0.030232191,-0.70552754,0.08805487,-0.21189335,0.7179738,-0.25439554,0.06702685,0.031989753,6310
0.015400961,0.15290087,-0.07376811,-0.03500703,0.22382653,0.085740775,0.41970554,0.5405718,-0.11429805,-0.466418,0.23213065,-0.2249427,0.43829829,-0.42881605,-0.1461128,-0.075947866,4476
0.033690736,0.1606664,-0.088090435,-0.3865727,0.118899725,0.05119106,0.24555516,0.2670282,-0.40091896,-0.2811722,0.061520766,-0.053563192,0.22180589,-0.114831686,-0.17314892,-0.13618459,5480
-0.23871389,0.6858491,-0.08317481,-0.640682,-0.02013001,0.19522399,0.23523977,0.11990447,-0.40296614,-0.023643311,-0.33403465,0.3874012,-0.004480928,-0.034790836,0.25044912,-0.34218556,5950
0.23869002,0.147063,0.13790974,-0.27685487,-0.025922008,-0.16392848,0.17082727,0.3867418,-0.13714539,-0.3499883,0.0020306632,-0.083045185,0.1672471,-0.20648578,-0.026121616,-0.1365837,7501
-0.013473764,-0.13531758,0.060808647,-0.3976726,0.09859331,0.11684319,0.012289812,0.59575087,-0.35531718,-0.37269634,-0.13405643,-0.21390876,0.5319009,-0.2245462,0.087075055,0.18302122,5028
0.3301533,0.20166112,1.0112789,-0.32997328,-0.220923,0.013694353,0.25154188,0.71113294,-0.27532423,-0.92045283,-0.10014121,-0.10258689,0.057343125,-0.37677002,0.10545316,-0.17937492,1146
-0.18405378,0.042586256,0.019831011,-0.74943537,-0.035871774,-0.041184045,0.017228719,0.07652337,-0.80679566,0.06501062,-0.2253218,0.33279237,0.11953677,0.15544665,-0.08790092,-0.11692968,7445
-0.41320264,0.25508404,0.048976317,-0.47400677,-0.12638526,0.2818592,0.20267008,0.61169654,-0.6167975,-0.12313937,-0.009240434,0.39022088,0.27946174,-0.014217451,0.08796963,-0.16995472,1227
0.19175386,0.51916605,-0.17683148,-0.58561116,-0.05410614,-0.13026933,0.18249631,0.044290513,-0.61403686,-0.22608209,-0.22055046,0.08929569,-0.041948915,-0.047132477,0.23545867,-0.4868199,4656
-0.10801336,0.053696074,0.06676324,-0.14773093,0.25790727,0.17572194,0.37276998,0.50313485,-0.079636596,-0.5275895,0.24724533,-0.19736144,0.52905524,-0.31115526,-0.24883898,-0.12949754,1634
-0.013997629,-0.2337139,-0.042103924,-0.27936548,0.211885,0.0013081618,0.02138935,0.52620053,0.061102197,-0.36921972,-0.14813447,-0.3138578,0.43520427,-0.42139482,0.13855198,0.11957469,6367
-0.030054651,0.026356654,-0.14870623,-0.15798531,0.31753898,0.29492855,0.16573407,0.53534317,-0.34232575,-0.1818707,0.007576145,-0.11431026,0.4388943,-0.15608704,-0.05224462,-0.14307779,2141
0.08068951,0.24416393,0.27843222,-0.28129336,-0.07895687,0.22227676,0.4741903,0.59518355,-0.14774784,-0.58482444,0.0902017,-0.13164589,0.4233708,-0.16912042,-0.4456163,-0.10534677,5382
0.010100231,0.09331003,0.030790135,-0.31261906,0.07263023,-0.078544706,0.22406982,0.3399623,-0.23721895,-0.39018956,0.088587254,0.09849515,0.30992222,0.0073321573,-0.16402613,0.06842756,8515
-0.14886297,0.0037348345,0.06411495,-0.73294795,-0.13434358,-0.15256745,0.119722515,-0.19347486,-0.7754746,-0.19141933,-0.10302663,0.039967343,0.12472111,0.011442587,0.07675663,0.0886683,2728
0.057539046,0.14118741,0.17371136,-0.45199776,-0.07645788,-0.078909576,0.2269417,0.23500606,-0.30222136,-0.2302488,-0.10110627,0.011153676,0.29028282,-0.14382637,-0.24118909,-0.15195307,7906
0.11610155,0.0793803,0.0424217,-0.42096537,0.33441588,-0.37116706,0.057102922,-0.096821755,-0.36313057,-0.33289373,-0.23766087,0.25907674,0.22854297,-0.18068695,0.062081873,0.20164515,9246
-0.32066482,0.12252205,-0.18314123,-0.05248928,0.36565953,0.33127043,0.42233616,0.66541106,-0.7316726,-0.12000417,0.1383658,0.3367086,0.47319633,-0.14569305,-0.0893991,-0.16874485,3833
0.021386385,0.13141066,-0.004306173,-0.4595323,0.11335151,-0.07821809,0.12121701,0.29004255,-0.4605758,-0.21723491,-0.02931799,0.15399748,0.3750088,0.042120818,-0.24427268,-0.027629599,4532
0.14760883,-0.18292868,0.048060097,-0.07781178,-0.03136091,0.23434447,0.11714013,0.5261762,-0.11608828,-0.77187574,0.30615124,-0.2902587,0.3053902,-0.30359286,-0.049086064,-0.027361505,9211
0.22983474,-0.3756878,-0.2416006,-0.13298565,0.087644994,0.11845875,0.13782233,0.75482726,-0.19871783,-0.6984938,0.07746214,-0.3469591,0.6659789,-0.33579242,0.19599262,0.06727356,6917
0.055499487,-0.0592421,0.22034675,0.03478536,0.23534817,0.09193644,0.48852092,0.51794434,-0.020592436,-1.0522604,0.21275616,-0.52088845,0.52668595,-0.58495325,-0.1343606,-0.27457613,5188
-0.100400075,0.2718848,0.37530673,-0.27003247,0.13148047,0.22480942,0.13898052,0.792926,-0.30053777,-0.39325696,0.14690757,0.22343926,0.2969187,0.04599759,0.0025832355,0.06577772,6392
0.11825356,0.27601364,-0.05133809,-0.103447095,-0.022483043,0.024979196,0.49629796,0.49644664,-0.09066206,-0.34490258,0.16444296,-0.39042324,0.52464586,-0.33061492,-0.49312127,-0.049003392,9326
-0.038655847,-0.007911414,-0.13971038,0.01702243,-0.029164262,0.049905285,0.42281267,0.59829247,0.0845072,-0.5706456,0.3836857,-0.4265797,0.580984,-0.43009934,-0.51239663,-0.10640833,2865
-0.37119642,-0.20939796,0.06146793,-0.10803628,0.26959276,0.5681094,0.5745942,0.9521839,-0.7405977,-0.40443805,0.1507484,-0.09973931,0.81995094,-0.18891785,-0.27053875,-0.26280355,2514
-0.107469335,0.04509688,0.3214482,-0.4324649,0.1129608,0.24792957,0.018116422,0.69120705,-0.65983224,-0.24421322,-0.024399918,0.0019975305,0.39356494,-0.07931447,-0.12812226,0.27618214,6305
0.18560702,0.22366631,-0.08107777,-0.36580378,-0.018278226,0.18357262,0.16041125,0.48459265,-0.41475725,-0.15106264,-0.040281452,-0.3605349,0.14040479,-0.3043034,-0.24001886,0.029671282,9852
-0.0835329,0.22362651,0.15487447,-0.74876153,-0.03248988,0.03478329,-0.11154654,0.5747165,-0.6891412,-0.06724129,-0.25915825,-0.086652264,0.22333488,0.077355534,-0.25049865,-0.26881185,9478
0.116240606,0.045514785,0.02054611,-0.40342832,0.12655945,-0.008137371,0.12522724,0.41945267,-0.24995282,-0.13627067,0.025521614,-0.10371357,0.36259842,-0.055580974,-0.32638487,0.025666296,5164
-0.108323425,-0.12190716,0.25349924,-0.3428745,0.10534693,0.2529954,0.033529453,0.8238413,-0.5039285,-0.18985966,0.021599248,-0.12749285,0.58784103,-0.2243132,-0.06535131,0.089279145,2084
0.09612414,0.18387645,0.71831393,-0.24407196,-0.16432399,0.3498519,-0.033413157,1.065933,-0.64496875,-0.7977684,0.15870792,0.003376633,0.17078215,-0.55878067,0.16125372,0.29736376,6054
-0.1456852,0.16609295,0.43072143,-0.3542965,-0.32991108,0.066754185,0.4032907,0.41851377,-0.26303852,-0.39660382,-0.014027104,-0.18395594,0.53250927,-0.16387616,-0.5094218,-0.11996904,1468
0.08124784,0.32628852,-0.10456602,-0.20843801,0.23076104,0.24848427,0.34526005,0.5170263,-0.27667278,-0.4517361,0.18620747,-0.4552973,0.40831113,-0.41927445,-0.233054,-0.21666889,9224
0.1760839,0.37139124,-0.05835416,-0.35907704,0.065809,-0.18234095,0.20809044,0.20916462,-0.1747347,-0.24667719,0.015023482,-0.11253537,0.023155257,-0.26168668,0.03070061,-0.055950493,7548
0.04177268,0.27217633,0.0038384944,-0.32384196,0.015114002,-0.15617058,0.18920903,0.18302912,-0.30145407,-0.22241971,0.22290987,0.067770176,0.12797031,-0.1926883,-0.07143389,0.014706239,3179
0.4688486,0.65492606,0.3176913,-0.7195792,-0.33644947,-0.15839654,0.02510654,0.09026558,-0.49128687,-0.46148357,-0.40844676,-0.3474431,-0.24738485,-0.24884549,0.06745048,-0.46437854,4669
0.17705601,0.27658495,0.38968343,-0.3571831,0.08861141,0.1064018,0.10988487,0.6936357,-0.28773588,-0.56347597,0.039041866,-0.08216545,0.32498878,-0.16643661,-0.103294075,0.06836869,7330
-0.12750658,0.5467278,-0.25657618,-0.8605454,-0.06910662,0.07198362,0.17520425,-0.097645566,-0.68741167,0.04252726,-0.37366468,-0.011577547,-0.16642752,-0.046862848,0.030482411,-0.5808048,9544
0.037912317,-0.09086229,-0.034038033,-0.4268982,0.42767453,0.089445,-0.1926779,0.4309854,-0.6496352,0.19560392,-0.16990769,-0.0702717,0.48136348,-0.14018378,-0.16105166,0.17349672,1417
-0.076894745,0.13608676,0.014157865,-0.47784728,0.19346824,0.34407502,0.1844712,0.5591061,-0.5598524,-0.099112906,-0.016367998,-0.05608925,0.52166605,-0.15096107,-0.24807845,-0.183289,9854
0.25711524,0.3948171,0.29997042,-0.478013,-0.31381392,-0.09704644,0.20836984,0.059210047,-0.21229152,-0.29549986,-0.32191756,-0.28343898,0.044439793,-0.35986122,-0.22033313,-0.39750567,1986
-0.19585845,0.089796655,-0.025950532,-0.8137623,-0.044940166,0.014378963,0.067004055,-0.004504621,-0.7450776,-0.047070876,-0.13553187,-0.03489834,0.1687399,-0.011780099,-0.1686194,-0.15375778,2764
0.11015206,0.10386585,-0.11174105,0.014769673,0.36332282,-0.0037105754,0.18253085,0.17182021,-0.30420434,-0.36229777,0.18541871,0.015316963,0.58299315,-0.16165502,-0.18114185,0.15056838,7106
-0.00068101287,0.060806807,-0.1060406,-0.30379286,-0.066251636,-0.10406874,0.071976654,0.3511994,-0.10827689,-0.21676826,0.17612673,-0.15475582,0.33222038,-0.098927535,-0.22714558,-0.05971612,8149
0.012624219,0.03227037,-0.02830053,-0.018906862,-0.16738078,-0.08345412,0.07592961,0.6728637,-0.08690831,-0.57924646,0.03488627,-0.36524057,0.14530268,-0.6038568,-0.13678959,-0.12837844,2444
0.095063075,0.14763005,-0.1624231,-0.15516073,0.004499823,-0.101253316,0.25766057,0.50041753,-0.06682156,-0.33585793,0.23932342,-0.24696895,0.35712904,-0.2488899,-0.253765,-0.15972914,4630
0.10782212,0.14454022,-0.017496455,-0.28957978,-0.10785299,0.02369964,0.21759503,0.38007537,-0.08869073,-0.26998463,0.07407139,-0.2719399,0.18346241,-0.37306273,-0.06053713,-0.17315114,3134
0.07575621,-0.062154144,0.23541394,-0.20670444,-0.029488616,-0.08312718,0.23667026,0.47212747,-0.08970646,-0.5779464,0.1880541,-0.051815286,0.3845664,-0.14151135,-0.16084255,-0.08240728,4308
0.4008048,0.40419292,0.3509134,-0.3458026,0.4550965,-0.27179405,0.26815128,1.06427,-0.2833444,-0.9043407,-0.59646225,-0.15727244,0.07528418,-0.4987854,0.40426433,-0.61515415,4149
-0.113607675,0.33314788,0.16526276,-0.4965183,-0.07925089,-0.20623794,0.30847195,0.14401872,-0.29121053,-0.22945362,-0.2063196,0.3413257,-0.060470402,-0.1940673,-0.053554118,-0.30574375,6548
0.04335983,0.19441354,-0.12635039,-0.32657236,0.13696842,-0.1129928,0.071435705,0.060671076,-0.2476341,-0.17844468,0.117948845,0.047495738,0.3986217,-0.10675168,-0.18219668,-0.0046367794,3374
0.115465306,-0.0655691,0.20728701,-0.18862687,0.37766343,-0.102867365,0.027265802,0.3919716,-0.3321039,-0.36325073,-0.09881515,0.23503062,0.46990442,-0.12045341,0.027728736,0.23380142,6904
0.24307482,0.0414197,0.019894734,-0.40506774,0.20243005,-0.19260326,0.0605115,0.047476724,-0.3031923,-0.34758478,-0.13553888,-0.022269666,0.384535,-0.19310828,-0.13887471,-0.0384171,5135
-0.18817142,0.06482479,0.29810226,-0.5275782,-0.16411749,-0.19768174,0.069929145,0.3539343,-0.72291005,-0.1539003,-0.25760195,0.074943304,0.18180998,-0.104503766,-0.38396254,0.058366284,2751
0.13279195,0.29365587,0.105654486,-0.42532033,0.02753783,-0.1707483,0.09028065,0.1948672,-0.26828617,-0.30137506,-0.054990318,-0.0663687,0.0068489164,-0.08420076,-0.06989013,-0.15889792,6862
0.13052182,0.043546155,0.16431423,0.015533805,0.5899272,-0.061206773,0.48782903,0.21989828,-0.29677567,-0.5743296,0.08915301,0.19618784,0.6288874,-0.11468251,-0.08385949,0.14507759,9767
0.22783872,0.2333253,0.22492439,-0.54436827,-0.2014355,-0.20605817,0.15542048,0.049471468,-0.36265138,-0.30917037,-0.2621137,-0.07781558,0.13549554,-0.14907739,-0.07169776,-0.28681412,2830
0.2011688,-0.045452774,0.050322354,-0.10223387,0.46779567,-0.13270459,0.26514962,0.42611444,-0.4907902,-0.35344663,0.035354894,0.0041251034,0.73972166,-0.1322634,-0.2863217,0.17160814,3665
0.011879414,-0.1153667,-0.08688633,0.08183849,0.61787874,0.26204923,0.5142034,0.3865815,-0.2389014,-0.39766684,0.26775783,0.052240584,0.9034072,-0.20562652,-0.28618756,0.26229647,4815
0.06910454,-0.17027465,0.30332458,-0.14506347,0.57970864,-0.39731175,0.12853979,0.2664683,-0.34185576,-0.5735121,-0.33850583,0.22020274,0.3607224,-0.36263603,0.16487876,-0.07193558,5109
-0.09827213,0.09278331,0.2098419,-0.42717192,0.13251641,0.23346128,0.10639987,0.5863359,-0.31836927,-0.30233365,0.04645587,-0.15821066,0.47749835,-0.13084383,-0.22805756,0.021390617,4849
-0.23684868,0.04851577,0.05837752,-0.07962939,0.2401241,0.46913472,0.30980796,1.0552725,-0.80116016,-0.29076588,-0.02694325,-0.31975725,0.5376326,-0.6424097,-0.44000414,0.023026943,8245
0.14377743,0.15511799,0.004475935,-0.42796922,0.17650014,0.23521079,0.14812869,0.50890803,-0.7266431,-0.23041356,0.051375583,-0.36229643,0.27786854,-0.37084216,-0.26285607,-0.561515,8968
0.30247664,-0.1612958,0.5960377,-0.5054502,-0.43288463,-0.38838062,0.060366996,0.34496516,-0.33536834,-0.7963169,-0.071909845,-0.27133524,0.31047398,-0.25119027,-0.22943263,-0.29724437,4547
0.2014944,-0.049738847,0.2524237,-0.34249222,0.11715769,-0.09521209,0.15896726,0.577706,-0.39072472,-0.6716669,0.12264387,0.20922218,0.5652739,0.030742936,0.18502781,0.21897061,7016
0.1025364,0.24748597,-0.070741385,-0.48893672,0.14472803,-0.31429234,0.12891112,-0.28119394,-0.41680676,-0.14943837,-0.3257667,0.33962142,0.03377159,-0.096924566,-0.04191476,0.046033278,5488
0.08934372,0.15791202,0.08741131,-0.25227347,-0.17704967,0.37736607,0.28570655,0.65065503,-0.5639268,-0.19428466,-0.28851423,-0.3836735,0.104327925,-0.43602628,-0.46511176,-0.2467684,7071
0.008088142,0.024090685,-0.06936058,-0.39535213,0.09565717,-0.22096336,0.10631653,0.1926728,-0.26364595,-0.3346307,0.013076621,0.15207659,0.35033068,-0.04655853,-0.23439685,-0.15466961,1852
-0.046947792,-0.20625,0.21376349,-0.12617005,0.120714635,-0.021307807,0.36946568,0.47442287,-0.13649367,-0.5878297,0.17556453,-0.065628424,0.65465677,-0.22617286,-0.43945092,-0.048080802,5961
-0.11712327,0.25351834,0.12596123,-0.5633569,-0.11536346,0.0066062063,0.1831612,0.41024026,-0.4609608,-0.23616241,0.015337415,0.29349655,0.09787744,0.04999087,0.026506722,-0.24320349,9797
0.13465115,0.06891015,0.3275985,-0.18277755,0.2820822,-0.048086517,0.22020678,0.65784264,-0.30756903,-0.65742654,0.13151392,0.20555973,0.44194657,0.03233561,0.10024309,0.10390963,2189
-0.17881805,0.29765287,-0.056026876,-0.6120551,-0.016688287,0.057877764,0.3613642,0.044030443,-0.5358035,-0.15779363,-0.17135425,0.05433482,0.09982839,-0.17101638,-0.23463564,-0.30850402,2466
-0.03316173,0.5790373,-0.11654861,-0.22738093,0.15183517,0.18840954,0.27315193,0.32936668,-0.40414104,-0.2629279,-0.1447077,0.20624001,-0.0606353,-0.001118131,0.09223223,-0.3759973,2810
-0.010930136,0.12392977,0.42275926,-0.53443646,0.03584449,0.15166464,0.061750792,0.8231647,-0.69216806,-0.35057908,-0.31793928,-0.0055220574,0.1927283,-0.17259595,-0.2879377,0.08406806,4533
-0.09082672,-0.23364227,0.19293043,-0.54912126,0.18485127,-0.29460606,0.337252,0.45066315,-0.45827267,-0.73528653,-0.066232756,0.30606592,0.47518477,-0.15046635,-0.39641273,-0.15213609,1688
0.03420432,0.1510132,0.0077049583,-0.2997421,0.6618301,-0.3043567,0.093277484,0.16932836,-0.21341605,-0.1910977,-0.22952236,0.18592118,0.14823234,-0.27868074,0.038921982,0.12650643,4512
0.02846548,0.09260503,0.08745361,-0.4912781,0.039927267,-0.14242291,0.054956183,0.16512628,-0.3194645,-0.18331155,-0.10948836,0.032769635,0.24611388,-0.023221293,-0.21857393,0.02646774,4536
-0.05586113,0.053226404,-0.18520293,-0.057947755,0.1208017,0.050533794,0.30758017,0.45194477,-0.19721222,-0.41684198,0.24967377,-0.15298305,0.3433772,-0.2983913,-0.20024282,-0.040009215,1664
-0.065502405,0.070012435,-0.091148704,-0.053768724,0.2537521,0.39406317,0.39582014,0.754336,-0.3749822,-0.56538945,0.2079894,-0.47499382,0.55814445,-0.64745134,-0.40870085,-0.21933152,9839
0.07739492,-0.17646576,-0.29015136,0.19399673,0.1592658,0.12154687,0.39399898,0.7388126,0.3617002,-0.67166173,0.16452515,-0.44959012,0.44357437,-0.72550535,0.2094417,-0.3328765,8310
0.39572477,0.35979196,0.02855474,-0.38759208,-0.06705812,-0.0040962063,0.110731155,0.3258084,-0.50179803,-0.4603564,0.045579597,-0.37239414,0.02069974,-0.19924486,-0.049733385,-0.50992215,9836
-0.053139225,-0.09553291,0.03983461,-0.54692286,0.13911067,0.5091299,0.13521163,0.785529,-0.85841745,-0.013751626,-0.31436244,-0.4077586,0.3525906,-0.34125873,-0.3031574,-0.15646009,2435
-0.21355122,0.07555607,0.20909558,-0.48301053,0.03842064,0.38645795,0.14025673,0.72770584,-0.87046367,-0.18664226,-0.21017879,0.08075514,0.22991431,-0.16083826,-0.08023919,0.01717168,3618
0.17393129,0.4384847,-0.11597547,-0.71557736,0.082954474,-0.023388162,0.033534653,0.0055979043,-0.61232185,-0.0006249547,-0.23866439,-0.0123,0.00097346306,0.048033178,0.078447685,-0.35738808,8354
0.057366,0.23608376,0.050406173,-0.53156424,0.08424783,0.28513283,0.21083611,0.38721246,-0.35963222,-0.27699143,-0.21155256,-0.31496638,0.30859452,-0.2362644,-0.19415091,-0.30213463,9457
-0.15253714,-0.045251913,0.21492697,-0.47784975,0.24179572,0.2887239,0.04013996,0.76675606,-0.4883265,-0.2539215,-0.08205791,-0.10823116,0.6480586,-0.13949072,-0.1940448,0.08899306,6461
-0.12591612,0.16862121,0.022121426,0.01237765,0.12925825,0.25740463,0.5449292,0.67307407,-0.21233934,-0.57081735,0.21747544,-0.3258201,0.5347568,-0.5424379,-0.31099725,-0.23511553,9529
0.09796628,0.003925368,0.023984151,-0.43176898,0.29354307,-0.30475897,0.029986965,0.035143986,-0.31894076,-0.26528436,-0.17271766,0.13095845,0.2680651,-0.08989337,0.03332588,0.104665525,3075
0.06537347,0.2967643,0.48742378,-0.42942494,0.13953143,0.25247204,0.022226319,0.75270945,-0.32500467,-0.46871912,-0.15913513,-0.117892444,0.22791633,-0.40061167,0.04714483,0.13446116,4838
-0.012807161,-0.11275743,0.006913541,-0.180531,0.24137866,0.2025998,0.20604624,0.27851558,-0.17653462,-0.5145879,0.09524913,-0.28546497,0.6235243,-0.4146306,-0.080767035,0.10364516,1826
-0.007598564,0.21374911,0.111846425,-0.4880731,-0.17260048,-0.06722983,0.3325397,0.030623734,-0.36345872,-0.1362788,-0.27674538,0.107567064,0.17134055,-0.14837259,-0.24298276,-0.3441532,6867
-0.19756582,0.23523648,0.18071525,-0.77293885,-0.0013549179,-0.0812677,-0.0965846,0.30404,-0.6669966,-0.116529085,-0.283467,0.23317412,0.15060245,0.05138831,0.10815698,0.036361217,1941
-0.040960222,-0.141532,0.21339704,-0.44300413,-0.1370863,-0.3557035,0.0791479,0.40115085,-0.21333283,-0.6589607,0.04466597,-0.041507937,0.36225125,-0.25096595,-0.2098707,-0.23927993,1214
-0.14167778,0.37114024,0.07099081,-0.59608173,0.068205304,-0.14041793,0.21156526,-0.036585867,-0.31488383,-0.12287142,-0.35255063,0.11129727,-0.04891625,-0.12847066,-0.11544551,-0.15317285,9642
0.10939203,0.0067367405,0.19646333,-0.17401163,-0.028612942,-0.1343176,0.3267698,0.33240142,-0.41921204,-0.61784005,0.12115003,0.18706015,0.120841466,-0.14750956,0.025955945,0.21651818,8898
-0.095780045,0.22110814,-0.18730971,-0.080442846,0.317563,-0.0089190155,0.2152402,0.7696742,-0.3827112,-0.27174744,0.3890537,-0.13405907,0.48323685,-0.23407567,-0.29198676,-0.2674652,6060
-0.0061745048,0.16095182,0.02887253,-0.7391499,0.085817344,0.026363812,0.016347542,0.1474838,-0.578048,-0.012365267,-0.20950921,-0.09618005,0.11100702,0.02345793,-0.020264074,-0.004098594,2007
0.13737157,0.08358016,-0.32243934,0.21421766,0.22038816,0.018327154,0.44269112,0.7068036,0.061284676,-0.77773154,0.370224,-0.3988557,0.4197941,-0.49217102,-0.09544097,-0.21868785,6996
0.10601236,0.25018713,0.24229579,-0.5582557,-0.29679316,0.056928247,0.12722072,0.281679,-0.45423555,-0.1957255,-0.3094326,-0.31480908,0.11255953,-0.13679405,-0.34361494,-0.34589422,3380
0.010326311,-0.040407166,0.29075065,0.06798932,0.4848594,0.1469182,0.23380515,0.7431816,-0.3348239,-0.61753094,0.21357,0.3013707,0.76433283,0.038510725,0.039637208,0.24158779,7697
-0.014631048,0.10125482,0.12732732,-0.4105029,0.030743442,-0.15465769,0.15375549,0.37710935,-0.31689674,-0.30830616,0.0809993,-0.021787368,0.36785042,-0.19004324,-0.39191753,-0.06738095,3343
-0.08928789,0.18109559,0.105533354,-0.43957192,0.28781295,0.19231522,-0.034592707,0.7307164,-0.6999923,-0.01776971,0.0888183,-0.12258525,0.40509447,-0.14712745,-0.12780377,-0.29603404,3122
0.12854223,0.32906163,0.010985567,-0.6013255,-0.00848835,-0.13379599,-0.034870446,0.16472088,-0.385066,-0.18213813,-0.068791375,-0.16402122,0.1137657,-0.00211408,-0.055244446,-0.17453928,1889
0.09188876,0.2673514,0.15175575,-0.50659215,-0.1093634,0.3146298,0.25583416,0.33693027,-0.27295607,-0.23502913,-0.16395077,-0.1336409,0.36803204,-0.18342468,-0.16847137,-0.05202228,1547
0.2067776,0.098404765,0.22581238,-0.47930044,0.0066043884,-0.40148258,0.0064013577,0.1502785,-0.34277707,-0.53838485,-0.20400497,-0.022162676,0.10284363,-0.186471,0.07572535,-0.24111544,3244
-0.051536098,-0.018917248,0.06308276,-0.48953182,0.07338114,-0.2696072,0.0062476844,0.11881746,-0.60295445,-0.0798215,-0.17184632,0.49846295,0.23122421,0.034727246,0.028586924,0.23386222,8350
0.30913842,0.21781819,0.06967041,-0.27158353,0.2253573,-0.047164194,0.22178273,0.14418474,-0.37782162,-0.40026712,-0.047683526,-0.17839412,0.21471518,-0.22286472,-0.08816157,-0.031143948,7998
0.056595743,0.026926532,-0.024989769,0.15457928,0.3804685,0.09842271,0.44507962,0.6905381,0.004075259,-0.9445158,0.23994476,-0.3081359,0.5341416,-0.43870687,0.020302474,-0.20583259,5212
0.14994797,0.14078286,-0.4521952,0.16972196,0.27720422,0.54202193,0.5696314,0.96186286,-0.2168105,-0.6481024,0.12462455,-0.53243583,0.34548575,-0.8456407,0.04821199,-0.023708433,7085
-0.37487522,-0.08927445,0.09010144,0.0457263,0.28734422,0.31001365,0.2677004,0.7909442,-0.42150605,-0.39825836,0.25509357,0.14003041,0.85108376,-0.11695672,-0.12194301,0.047227606,8806
0.0029068291,0.07063702,0.08096417,-0.2909281,0.033036307,-0.06259372,0.22852397,0.3627891,-0.22414167,-0.3827867,0.14657076,0.046281658,0.39484406,-0.022131838,-0.30549875,0.06832862,1131
-0.23044863,0.26533145,0.3359772,-0.44578043,0.048814207,0.58342755,0.30311814,1.0404726,-0.813601,-0.25153396,-0.4237626,0.14675817,-0.009352937,-0.32227397,-0.072820336,-0.1639413,3882
0.1492319,-0.042957842,-0.053725593,-0.23458613,-0.21889223,-0.052035645,0.19717203,0.47524446,-0.10328077,-0.59351254,0.20553957,-0.28628075,0.06886794,-0.37231222,-0.08600287,-0.24083795,6203
-0.11472143,0.0756889,-0.07878104,-0.60575044,-0.037561826,0.36778542,0.0050576963,0.43160176,-0.8907079,0.080890104,-0.12071523,-0.15109089,0.15838112,0.08078404,-0.10177468,-0.30904186,1271
-0.081107825,0.1617158,0.022696238,0.21205157,0.14364474,0.6138899,0.2888218,1.1282724,-0.15962201,-0.8140503,0.32779688,-0.5044687,0.489547,-0.89066195,-0.13110434,-0.0835174,6103
0.041872844,-0.05330065,-0.005428601,-0.32036775,0.24196257,-0.24309959,0.048206396,0.19193023,-0.6248316,-0.06538328,-0.044978995,0.2562353,0.18773478,-0.06679607,-0.07972677,0.27755168,6395
0.1066209,0.079799116,0.06601494,-0.1080005,0.49193037,-0.25904262,0.24481899,0.35424775,-0.24665415,-0.53285885,-0.061856367,0.22049758,0.4090568,-0.11257532,0.0047632754,0.0008791238,8645
0.115376994,0.15437514,-0.025995139,-0.11927977,0.46416652,-0.13789624,0.13401034,0.15980041,-0.42659625,-0.19500889,-0.06585036,0.3049396,0.39523274,-0.19975972,-0.10869874,0.21385282,9613
0.0073979497,0.022955738,0.27410614,-0.43112287,0.03032519,-0.017987937,0.019821258,0.37046123,-0.5783389,-0.32362488,-0.061247453,0.00868547,0.3064812,-0.03930896,-0.099087015,0.3174514,9789
0.15878178,-0.11233738,-0.41578794,-0.101212084,0.035789162,0.3095123,0.48471344,0.2352649,-0.6548525,-0.22721854,0.34590328,0.5507966,0.3217016,-0.01453051,-0.4464879,0.42394748,4915
-0.030077457,0.20300785,-0.08503123,-0.28426725,0.31513628,0.09796135,0.07830708,0.309493,-0.44785732,-0.062642746,0.023436394,0.1700098,0.41147548,-0.051027738,-0.10226664,0.110825896,2415
-0.23293757,0.11146831,0.15593329,-0.7427063,-0.034180366,-0.039882213,-0.05217024,0.4275536,-0.79058385,0.058496222,-0.240547,0.3423854,0.27574238,0.12123841,-0.023406804,0.012253493,5231
-0.08371122,0.09501384,0.042247005,-0.34632456,0.44231102,-0.17489256,0.042611815,0.09615814,-0.20762691,-0.22430092,-0.15933995,0.17529334,0.26569325,-0.32592744,0.1147057,-0.063946515,1611
-0.16788492,0.05110059,0.020488814,0.18347451,0.11149944,0.657529,0.35741585,1.1782811,-0.36209303,-0.78374386,0.33213353,-0.2907952,0.74575114,-0.6429719,-0.005063534,0.10680483,4573
0.32310477,0.038654823,0.15291382,-0.37146658,-0.25405484,0.12614448,0.021397892,0.4418723,-0.6203436,-0.56133944,0.10820759,-0.41463965,0.0076812804,-0.289908,0.023857921,-0.28569654,4044
0.07028365,-0.104407355,0.08015004,-0.5103406,-0.023311794,-0.20923996,0.15112422,0.17916499,-0.5240265,-0.2192434,-0.2099913,-0.05277446,0.31207994,-0.069282144,-0.21688566,0.17558259,6822
0.12533164,0.43641645,-0.20365857,-0.42197257,-0.05653286,0.0044797696,0.18371311,0.05372729,-0.37190717,-0.14262219,-0.12393379,-0.15358223,0.038116634,-0.036950946,-0.0983201,-0.2499178,9519
0.012719855,0.283853,0.10572889,-0.47068822,-0.0027607754,-0.083801754,0.06058506,0.24567212,-0.47145715,-0.051053934,-0.08756429,-0.06614362,0.113946244,-0.08167295,-0.19027165,-0.029377326,4535
0.011388004,0.3485286,0.18046482,-0.36043414,0.08473767,-0.29610792,0.24577993,0.28984475,-0.27092603,-0.41921544,0.03167703,0.1336078,-0.05379489,-0.18531016,-0.062082633,-0.14696024,1373
0.34245795,0.25102526,0.025162693,0.05845478,-0.11221728,0.079806566,0.55130607,0.50639653,-0.08445603,-0.6885746,0.19079028,-0.3434562,0.21665934,-0.4474344,-0.18872094,-0.18225926,6236
0.08913981,0.05382099,0.0845778,-0.34841082,-0.13079111,-0.20473263,0.018553097,0.29572526,-0.17986938,-0.36855957,0.03334895,-0.17803353,0.29900393,-0.16695975,-0.22947891,-0.08301048,8466
-0.05635193,0.08725174,0.3433721,-0.1746224,0.36822292,-0.007928282,0.14935847,0.7109564,-0.39886284,-0.51369834,-0.016930033,0.32046008,0.41395813,0.01848758,0.1748485,-0.13244575,9946
-0.139747,-0.15139641,-0.027862268,-0.062128812,-0.10110359,0.22602527,0.25080627,0.5495074,-0.7410301,-0.24544564,0.030694902,-0.22005363,0.37983844,-0.41991052,-0.16492125,0.36265868,7589
0.04343596,0.20387468,0.19760476,-0.24178898,-0.026065275,-0.023404395,0.41316,0.16390237,-0.17254783,-0.46258706,-0.013023362,-0.09462251,0.34885553,-0.14983496,-0.29718342,-0.0738347,5509
0.094268434,0.047595713,0.009855337,-0.37940338,0.083541885,-0.17613608,0.0968816,0.3678108,-0.16615263,-0.41828874,0.11121915,-0.12803581,0.367343,-0.1913414,-0.3411547,-0.15704408,8498
0.0169639,0.037522454,-0.14141102,-0.19294147,0.021689773,0.12755351,0.18092574,0.42913494,-0.30746242,-0.3271852,0.1044454,-0.23692483,0.27621537,-0.28021652,-0.27100435,-0.064040944,3653
0.09967008,0.2504039,0.340406,-0.49470055,-0.0862666,0.14506799,0.2235636,0.52813524,-0.2926376,-0.49044684,0.020469956,0.005425893,0.23316662,-0.080647245,-0.01712215,-0.17926036,3354
-0.4525712,-0.5100599,0.27170515,0.24705228,0.5196475,0.45311892,-0.033935618,1.1198375,0.021729305,-0.845154,0.35577315,-0.12063576,1.245462,-0.2621208,-0.006170988,0.27465004,5638
0.2321742,-0.01707463,-0.39725333,0.17733222,0.1754065,0.28370798,0.49212432,0.80628777,-0.33226106,-0.7083888,0.2100732,-0.36207163,0.565601,-0.52044284,0.012169659,-0.14724387,8481
-0.31764448,-0.12302164,0.37463152,0.011726677,0.25055027,0.39582834,0.17527299,1.126362,-0.40524042,-0.53693414,0.36760837,0.24946795,0.71782637,-0.0034996308,0.13911563,0.10518549,7436
-0.23730896,-0.09370705,0.16494656,-0.32215518,0.3253158,0.27552414,0.12734738,0.64009863,-0.06485979,-0.3822898,-0.022697344,-0.36037207,0.5677412,-0.43307093,-0.09512816,-0.012228876,1834
0.052238584,0.041919306,-0.10574773,-0.21877715,-0.032382354,0.19181779,0.14384335,0.5220498,-0.36930737,-0.14790791,0.11398023,-0.31945747,0.27295804,-0.35429198,-0.14078408,0.07952305,6083
-0.0035866648,0.28672165,-0.080788985,-0.57325363,0.048701026,-0.10804351,0.08150664,0.1237171,-0.40355748,-0.08587905,-0.09374696,0.2736922,0.17402822,-0.03913512,-0.05252351,-0.09543143,6905
0.013304144,0.27613539,0.07791541,-0.98201317,0.037605777,0.19203304,-0.07232073,0.30829006,-0.67270046,0.055039153,-0.37038308,-0.08277188,0.080838576,0.14662948,-0.042381153,-0.22308233,1568
0.1665476,-0.09671871,0.019418396,-0.38161168,0.084496446,-0.16015506,0.11094111,0.35969606,-0.21289141,-0.4544066,-0.117928006,-0.095034994,0.23492086,-0.13660169,-0.18019374,0.101941526,7497
0.24189644,0.23135987,0.18994637,-0.3499432,0.20360768,-0.24345177,0.16858503,-0.20614733,-0.36439738,-0.37655562,-0.3808426,0.03973645,0.15277761,-0.276513,0.13936725,-0.1675293,7171
0.02821219,0.107867196,0.04664313,-0.23868921,0.01968722,-0.031479456,0.15596467,0.35053784,-0.28249705,-0.30518764,0.10452166,-0.06351988,0.26607683,-0.20581019,-0.049257636,0.13657376,4685
-0.06364006,0.039569236,0.19370842,-0.02522847,0.22261828,0.07891045,0.23670177,0.6838957,-0.34937614,-0.47812068,0.18612689,0.046802647,0.36391646,-0.047423072,-0.0597751,-0.14350688,7936
-0.24998377,0.41770592,-0.24812953,-0.74309325,-0.1976529,0.016399998,0.10832307,-0.03491363,-0.7442172,0.16673715,-0.21005549,0.28973258,-0.16361204,0.12571707,0.1499961,-0.43335035,5481
0.03858334,-0.064272985,0.06509991,-0.17454113,-0.21108639,-0.215957,0.19788878,0.51837313,-0.3142046,-0.64409554,0.06693202,-0.16933367,0.2643621,-0.5373608,-0.274857,-0.11526418,2163
-0.03897743,0.055798396,-0.07761771,-0.14760302,0.00069724023,0.06571288,0.18424389,0.69114363,-0.17254758,-0.48069915,0.10695487,-0.24480696,0.31617582,-0.38351715,-0.38482472,-0.14083213,8042
0.15347983,0.23896962,-0.016064374,-0.42575172,0.11747344,0.21050271,0.16184354,0.43457538,-0.30304292,-0.33733243,0.0430337,-0.19081154,0.08655341,-0.15193099,-0.018268809,-0.18975377,3348
0.09812723,-0.021381527,-0.025571205,-0.466798,0.18180557,-0.13379192,-0.0051383898,0.11808079,-0.50559956,-0.095080465,-0.21773618,0.26225162,0.49541187,-0.0060934573,-0.08854711,0.2523346,7434
0.16812798,-0.06539433,-0.05147391,-0.13274285,0.3729119,0.014168218,0.0185395,0.4970031,-0.48589423,-0.14801198,0.048277207,-0.20136392,0.6229964,-0.27786756,-0.3876341,0.2823688,5870
-0.008119583,0.05116369,0.059060194,-0.28677893,0.21878752,-0.13099644,0.22114141,0.15153864,-0.23736714,-0.44029033,-0.009304911,0.081170544,0.4760313,-0.112023585,-0.073915675,0.024601176,9330
0.08575907,-0.022132963,-0.13148743,-0.12269129,0.21533328,0.15186314,0.2874916,0.6409088,-0.5472642,-0.41241425,0.07677853,-0.225951,0.59630966,-0.28673553,-0.14994851,0.046361372,4603
0.44769746,0.14909253,0.3289422,-0.0024757981,-0.12654397,0.13890217,0.374113,0.82803375,-0.16616647,-0.9878982,0.14372697,-0.41754285,0.023660377,-0.6957688,0.009752974,-0.29971445,9819
-0.26958266,0.24181187,0.28639477,-0.44891852,-0.16381933,-0.210181,0.34155473,0.49629667,-0.59766155,-0.43561018,0.11000237,0.5828563,0.13140163,-0.041120797,0.095677406,-0.08359745,9548
0.018156841,0.40328014,-0.26109976,-0.4858852,0.23398745,0.42795047,0.25661775,0.2574141,-0.7973832,0.11830284,-0.1825884,-0.11487895,0.2479381,-0.24662536,-0.30932984,-0.46831596,9093
-0.13583049,-0.16772778,0.03742258,-0.19932489,0.23880175,0.1484261,-0.044875722,0.68357855,-0.32853168,-0.3600819,0.06736058,-0.11296731,0.74939036,-0.24200544,-0.040512264,0.1659334,2644
-0.0038119033,0.14656961,0.010537755,-0.56851685,0.09378067,0.08192197,-0.032721903,0.40449542,-0.4125319,-0.13487908,-0.10427378,-0.06944023,0.32269937,-0.039575316,-0.11170913,-0.037987158,2196
0.049007937,0.42976302,-0.1911719,-0.5294987,0.08228664,-0.0083730705,0.18306978,-0.10875924,-0.39380625,-0.12493832,-0.2931219,0.24072549,0.025971144,-0.071373284,0.21825579,-0.2284514,9820
0.07330296,0.09417638,0.06279036,-0.3451466,0.11042587,-0.018595982,0.090264075,0.21631467,-0.09682878,-0.24592891,0.04350931,-0.14958651,0.3872643,-0.13691816,-0.23727666,0.056894124,2399
-0.029945612,0.13023795,-0.041094154,-0.4331419,-0.089929506,-0.24701776,0.094972685,-0.15885553,-0.42208946,-0.21836026,0.026862621,0.042850137,0.030025803,-0.117468946,-0.005817637,0.1380892,5633
-0.2946214,-0.002345793,-0.24166274,0.3559456,0.51236725,0.13176897,0.41100597,0.7610471,-0.038191177,-0.62653875,0.43759608,-0.19837657,0.82611054,-0.34950733,-0.38706088,-0.18368451,5142
0.028311044,0.14968768,-0.052088834,-0.5012078,0.108532295,0.34352955,0.07721696,0.5389099,-0.56898886,-0.12552671,-0.092848666,-0.30437878,0.27081898,-0.23814586,-0.22268237,-0.1942771,9396
0.059913956,0.059493877,-0.050087113,-0.33011296,-0.032634795,0.12855847,0.2344051,0.27760205,-0.44881758,-0.3087528,0.021887342,-0.053969845,0.21015906,-0.0964926,-0.108178556,0.06303981,8703
-0.04292448,0.45204788,0.15064661,-0.47304392,-0.18969089,-0.20313513,0.19928008,0.046691135,-0.40749916,-0.12981689,-0.2976243,0.13587588,-0.028493702,-0.27203953,-0.07807192,-0.31970596,3558
-0.03290765,0.23886535,-0.20035274,0.015217274,0.24697596,-0.13285659,0.45750135,0.6280959,-0.017841905,-0.68762004,0.2928737,-0.21517435,0.32905704,-0.37598127,-0.0953732,-0.23082522,8713
-0.2036309,-0.20339327,0.25810727,-0.47721255,-0.111332335,-0.19280596,0.14735627,0.14949648,-0.7373318,-0.35235453,-0.040077932,0.23920192,0.43508258,0.16438949,-0.034596622,0.35382697,1418
-0.069671765,0.018031783,-0.21794368,-0.19801542,0.36808547,0.26619342,0.30327302,0.43743023,-0.0853318,-0.4726636,-0.04728141,-0.4147582,0.5391029,-0.52655065,0.07602224,-0.11449152,7183
-0.03229828,0.45388365,-0.20056264,-0.59759885,0.25100863,-0.08429167,0.07914162,-0.18267463,-0.30775023,-0.03923601,-0.26978317,0.09857762,-0.077535585,-0.04621433,0.16642752,-0.22743562,8099
0.1363545,-0.122569814,0.21257654,-0.107687086,0.048218444,-0.068528704,0.27699366,0.35480845,0.05810164,-0.7854451,0.057245698,-0.28764647,0.37677687,-0.3909976,0.042356595,-0.14354303,8339
-0.3617031,0.02148632,0.0896986,-0.4573287,0.08088486,0.42632878,0.13619581,0.87426776,-0.8928807,-0.07196633,0.0626773,0.24072352,0.5024135,-0.004651889,-0.087785006,-0.21647954,3552
-0.19509175,-0.21045327,-0.039348293,-0.097641915,0.028987005,-0.041397437,0.08874381,0.564841,0.15116917,-0.6678731,0.059066482,-0.38357368,0.7575139,-0.3435256,-0.2791874,0.104872495,8847
0.011196539,0.14628473,0.03566413,-0.36360636,0.10725689,-0.14698154,-0.0047268104,0.3054583,-0.26218837,-0.19094339,0.04936513,0.051165923,0.3400717,-0.011552736,-0.24015003,0.06319837,2431
0.10587011,0.15198389,0.36663067,-0.44415253,0.024997003,0.13684079,0.027529988,0.7143446,-0.20821033,-0.3837486,-0.000605613,-0.14407605,0.2571636,-0.25144807,-0.034600675,0.09308487,7367
-0.087965295,0.17759182,-0.24221504,0.18579847,0.43579563,0.3410479,0.62628484,0.75250626,-0.13018104,-0.6767415,0.3774239,-0.5146558,0.65681183,-0.62808627,-0.29482427,-0.21686497,8856
-0.36556828,0.24867247,0.17874858,-0.79158366,-0.1536231,-0.16100909,0.07970632,0.365255,-0.9232578,0.11254391,-0.33706763,0.3787074,0.034487903,-0.021692462,-0.21885577,-0.34199357,8088
-0.09117538,0.11554426,0.3628351,-0.29221052,-0.0045965314,0.17935944,0.46024892,0.6052596,-0.124817446,-0.6413794,0.015518988,-0.20716128,0.5194021,-0.33259702,-0.29618493,-0.2716024,1923
0.062083036,-0.08358042,0.0003508255,-0.3939905,-0.16705978,-0.07204014,0.02036154,0.31629097,-0.47261608,-0.12387694,-0.12265835,-0.34300932,0.25182965,-0.27218664,-0.29973477,0.21563536,6010
0.31845826,0.25352728,0.14966911,-0.4846567,-0.23094243,-0.22932093,0.06357544,0.08341757,-0.37523067,-0.44139928,-0.12392335,-0.2882826,0.042421192,-0.16628632,-0.015026927,-0.20881635,1650
-0.00370349,-0.25154763,0.083199754,-0.21173957,0.104959026,0.12774584,0.0058011264,0.5125289,-0.43380725,-0.20936736,0.11396163,-0.045713305,0.64713633,0.16972277,-0.16842785,0.21977986,9447
-0.008044809,0.31875437,0.060986765,-0.77341014,0.06308829,-0.04757763,-0.058955833,0.2516616,-0.3895654,-0.007949531,-0.19250503,0.023474976,0.17947018,0.011208959,0.09201342,-0.11684519,6362
-0.04003133,0.13620563,0.03238995,-0.14724751,-0.038402133,0.20814043,0.2252965,0.67019725,-0.33827808,-0.4865811,0.13814676,-0.22520897,0.54879695,-0.283143,-0.26618034,0.09207295,4123
-0.04450865,0.11988449,0.059336655,-0.23376134,0.24026248,0.22671784,0.43525752,0.5555476,-0.28994092,-0.48311707,-0.12939349,-0.30945528,0.62786186,-0.33937135,-0.31456143,-0.18986842,9838
0.0916255,0.105199985,-0.10027428,-0.25306475,0.09505906,0.19615872,0.24354403,0.4160878,-0.36789632,-0.261147,0.12491271,-0.35980672,0.4473323,-0.3085521,-0.4018343,0.018066064,2468
0.18123308,0.38815108,0.2194352,-0.7639929,-0.50627416,-0.021975033,0.054873683,0.14020823,-0.579286,-0.1577023,-0.41256392,-0.26546612,-0.08794242,-0.1009247,-0.13748915,-0.59714484,9574
-0.024887577,0.44722247,-0.275096,-0.68028843,0.06083303,-0.036257852,0.06246696,-0.07787444,-0.46291023,0.09235136,-0.18101123,0.10411261,0.041230783,0.021187931,0.14143625,-0.32121417,8212
0.028457582,0.19950183,0.037015524,-0.28428048,-0.019005254,0.32104132,0.0730046,0.8930872,-0.58628184,-0.39669287,-0.34616622,-0.5328134,0.23867872,-0.63453233,-0.26486003,0.19607164,7353
0.05190541,0.21492401,0.19686688,-0.47222477,-0.07055559,-0.31732464,0.116278805,0.19018054,-0.31389117,-0.472386,-0.01431972,-0.13402696,0.28665462,-0.24075007,-0.18648218,-0.1956565,9357
0.09958512,0.07315078,0.28483114,-0.32457942,0.039633766,0.04719863,0.13804951,0.36624098,-0.047671758,-0.5882391,0.02828972,-0.28961143,0.3402999,-0.32292688,-0.03694713,0.005269587,2552
0.07145267,-0.23717159,-0.09695186,-0.5364272,0.447068,-0.35281992,-0.06731893,-0.042311445,-0.6725463,0.079606906,-0.42472017,0.5213055,0.51764715,-0.022411294,0.09728989,0.30906677,2009
-0.06088543,-0.24892707,-0.040346283,-0.40245834,0.30490595,-0.057098664,-0.18076509,0.47111034,-0.3371381,0.024888277,-0.1689601,-0.05480826,0.5737879,-0.13249414,0.0163939,0.15476972,5719
-0.28123522,0.04874263,0.31799737,-0.514537,0.033463255,0.39718232,0.30050278,0.7721565,-0.49180955,-0.37800384,-0.055413466,0.10078081,0.56877047,-0.034878608,-0.11725761,0.00467813,5732
-0.20320825,0.17302224,0.32472637,-0.46170688,0.10207707,0.32703683,0.19410446,0.7592001,-0.49766627,-0.36683983,-0.21107173,-0.0402547,0.33936286,-0.19823495,-0.16823956,-0.0040788203,4490
0.11716219,-0.13497958,0.33810863,-0.21011186,0.0644543,-0.2211598,0.31768477,0.44378257,-0.19678225,-0.7022735,0.08131637,-0.14114562,0.47325635,-0.24491975,-0.22544831,-0.18838975,8405
-0.057939574,0.24384868,0.17661905,-0.31406096,0.040522307,-0.051631592,0.38753492,0.34971243,-0.29259294,-0.40306857,0.02148437,0.27024472,0.21420267,0.01803872,-0.113511145,-0.11416541,4421
0.04765918,-0.073952705,-0.013578899,-0.12095559,0.2709663,-0.12814422,0.20446596,0.5416385,-0.49961722,-0.39780718,0.084096245,-0.022245392,0.6317495,-0.07556644,-0.117590845,0.110998794,4521
0.29285392,-0.2463952,0.09682057,-0.10407975,0.083631895,-0.0965558,0.2355572,0.6954813,-0.30470908,-0.787556,0.23376666,0.13170168,0.5223863,-0.12721425,0.2625448,0.15235627,1673
0.10597703,0.20179628,-0.044836525,-0.58231014,0.08292411,-0.030033011,0.0053098444,0.21875653,-0.4295929,-0.04675839,-0.08230694,0.13006447,0.2936862,0.04080148,-0.12969089,0.000153929,4628
-0.0650973,0.04721076,0.1435597,-0.2766841,0.018808201,0.25500286,0.070822135,0.7227569,-0.44597095,-0.3253423,0.21385829,0.10753898,0.3001166,-0.052002713,0.106212914,-0.197502,9355
-0.33835617,0.06999637,0.14648342,-0.6081964,0.30330867,0.5226577,0.066793166,1.0435185,-0.94948924,0.017768532,-0.0311357,0.055088893,0.44568235,-0.05861465,-0.16629265,-0.4014833,9273
0.01889114,0.15961319,0.28438368,-0.4390604,-0.06043382,-0.1117094,0.3181285,0.3638186,-0.51240456,-0.47917616,0.046376314,0.35739326,0.38320428,0.068805896,0.0071161985,-0.07484117,8531
-0.10056803,0.14530782,0.5014181,-0.35329553,-0.13067238,0.24050215,0.26573446,0.9502478,-0.43195242,-0.56000125,0.04970252,0.3260381,0.32820085,-0.12094158,0.006919205,-0.026815936,7828
-0.045103148,0.2569154,0.43574944,-0.2636171,0.28766173,0.28977913,0.51084703,0.9139434,-0.11367139,-0.92488843,-0.028559217,-0.31131732,0.38391665,-0.57445717,-0.020672128,-0.25967386,2659
-0.08746768,0.26406947,-0.042764682,-0.5427147,-0.04046846,0.3309221,0.1719765,0.36880755,-0.53351355,-0.01390855,-0.2844992,-0.002680406,0.096024826,-0.061009247,-0.18290037,-0.31904656,6763
0.021370366,0.15682141,0.2549985,-0.40706408,-0.09275803,-0.40908605,0.08948404,0.17507613,-0.19406213,-0.48491338,-0.03540851,0.05726467,0.086046845,-0.27151853,-0.13052215,-0.20855851,3162
-0.16289282,0.22676635,-0.17220464,-0.38800967,0.14014271,0.1732021,0.21682766,0.2905622,-0.6519604,-0.13791281,0.13064851,-0.23958683,0.4736412,-0.2100417,-0.34011787,-0.13914114,1480
-0.1062658,0.08369863,0.2361707,-0.43939987,0.06058695,0.3493796,0.41706634,0.5975135,-0.29188073,-0.51839566,0.064046904,0.14838119,0.5140948,0.016633146,0.029239982,-0.043439165,1325
-0.34995273,-0.28623483,0.052246004,-0.2583534,0.46860367,0.4670063,0.33964258,0.9467715,-0.8544335,-0.16885224,0.02896962,-0.061791554,0.7526314,-0.27354616,-0.6310874,-0.27031037,8880
0.0051216036,0.16162239,0.11097887,-0.26966757,-0.011234179,0.2276009,0.3358305,0.6306614,-0.4382053,-0.47903067,0.13735238,0.08222412,0.37594792,-0.19021052,-0.07292239,0.13759385,4449
-0.09227971,0.30916697,0.011194453,-0.545521,-0.017706342,-0.022544716,0.26965994,0.19779488,-0.39821714,-0.24212772,-0.15225612,0.37444437,0.027679712,-0.036168255,0.06735158,-0.26719865,7350
0.018980637,-0.44298083,-0.0043722084,-0.0036543608,-0.23449868,-0.029525552,0.26465538,0.5683582,-0.4365291,-0.34348452,0.34771684,-0.17238487,0.6600552,-0.119882494,-0.17994878,0.22853413,8067
0.052813955,0.3088861,-0.03859792,-0.57433987,0.070291504,-0.10327782,-0.15957278,0.23235843,-0.59260374,0.054856464,-0.043240868,0.11262947,0.41856343,0.08778584,-0.15023458,-0.087525174,1554
-0.088277236,-0.16557083,0.10484642,-0.30784065,0.10589848,0.2111221,0.07182774,0.6599541,-0.19690311,-0.3218287,-0.16423115,-0.6670842,0.522586,-0.39311412,-0.53081536,0.10955314,8859
0.2854315,0.24495864,0.53063625,-0.50612605,-0.2133205,-0.37948793,0.09692605,0.21046858,-0.3530016,-0.49372733,-0.20331177,-0.08192377,0.015352756,-0.34396914,-0.07142384,-0.22714461,1242
-0.23185143,-0.09071412,0.08600169,-0.4901393,0.14231244,0.31828326,0.07895628,0.542695,-0.98359096,0.087750435,0.07241809,-0.19328885,0.41254896,-0.11601792,-0.37443894,-0.242299,5556
0.33843455,0.23586112,0.017857004,-0.38186416,0.060588345,-0.19147013,0.03702339,0.2671417,-0.309123,-0.3471862,0.014673803,-0.15307756,0.24796373,-0.18115483,-0.060773566,-0.15404597,7993
-0.054575726,-0.08258195,0.21003266,-0.22207782,0.103340514,-0.32696977,0.21325809,0.14648747,-0.1824453,-0.6428368,0.030589871,0.0100082755,0.5761003,-0.33180153,-0.22461721,-0.074799925,1011
-0.049684465,0.02263946,0.123466164,-0.2830623,0.09057471,-0.016314745,-0.045752894,0.5139179,-0.4126768,-0.11689296,0.10024383,-0.09907679,0.5185296,-0.09694187,-0.31524286,0.06320515,4229
0.18837532,-0.06982756,0.25379637,-0.22073844,-0.1875634,-0.17607912,0.16143197,0.21792781,-0.028820336,-0.5936682,-0.004105933,-0.39890766,0.1283861,-0.5467195,-0.00088469684,-0.19169828,9687
-0.07065895,-0.092785195,0.03652715,-0.12237583,0.30890194,0.11236765,0.023601694,0.5363798,-0.4148904,-0.14940673,0.17801699,-0.07236877,0.64897585,-0.0515799,-0.37784013,0.09245176,4414
0.02492322,0.08977488,0.0048306175,-0.54743737,0.039069578,0.27626136,-0.017676696,0.49082446,-0.66577524,-0.083957225,-0.050133787,-0.2684964,0.26135942,-0.15543343,-0.060444534,-0.18183501,5017
-0.054947242,0.03853374,0.020375751,-0.36717469,0.41419,0.07953436,0.0006850688,0.45325413,-0.47481942,0.08162007,-0.046821337,-0.023570046,0.5836665,-0.13812461,-0.17202334,0.12130682,3947
0.22046703,-0.08124761,-0.3751482,-0.01756239,0.06783415,0.17295791,0.27107403,0.6526513,-0.27241623,-0.4444617,0.22450969,-0.4999014,0.46265686,-0.5538931,-0.073042035,-0.10252109,2948
-0.023904651,-0.049739227,0.4850873,-0.24053621,-0.38854867,-0.27225873,0.25306007,0.560399,-0.13800217,-0.79007953,0.12858814,-0.49936813,0.52619135,-0.46911767,-0.5988617,-0.17915165,8948
0.026504457,0.2816599,0.0044688806,-0.31522676,0.17596519,-0.26078048,0.1458484,0.046906307,-0.29108632,-0.33021048,-0.12074929,0.34522563,0.19398865,-0.21206549,0.1667142,0.034785092,7266
0.1969837,0.11717467,0.058065586,-0.4781358,0.0901781,0.14494553,0.10919365,0.48871166,-0.5318237,-0.257357,-0.060993895,-0.24086446,0.22797969,-0.14792722,-0.2482492,-0.14407906,2116
0.29068917,0.19240312,0.38697243,-0.5277382,-0.22647919,-0.06195097,0.1623443,0.37251008,-0.44144273,-0.6157224,0.009684429,-0.015272565,0.024998099,-0.11847063,-0.07302323,-0.17654365,3978
0.09075014,0.03892695,0.245564,-0.2861785,-0.13933721,-0.15473285,0.28135142,0.48842266,-0.27421644,-0.61317146,0.1009143,-0.329166,0.4066359,-0.33206618,-0.3329803,-0.2502972,8620
-0.2922454,0.28963473,-0.066902295,-0.3275805,-0.0040630847,0.48499984,0.54305947,0.63775015,-0.4296719,-0.31903163,-0.057393845,0.16568963,0.23392127,-0.03535176,-0.08198258,-0.3986432,8888
0.016609043,-0.2898806,0.057882596,-0.14538941,0.2899534,-0.111949705,0.020172643,0.47996852,-0.2627976,-0.23631886,-0.05961552,-0.011106893,0.62318623,-0.26970226,-0.3097552,0.33138907,8930
0.06598181,-0.0831918,-0.20844415,0.07546842,0.17865033,0.052009486,0.18411289,0.6796734,-0.25209153,-0.41856986,0.19464426,-0.17387262,0.5489216,-0.3459826,0.043430135,-0.10813278,4886
0.14287533,0.06760043,0.41097972,-0.05344811,-0.024366282,-0.041827336,0.29471505,0.90546703,0.047429252,-0.63326263,0.30599308,0.17349267,0.41920283,-0.35493574,0.07921657,-0.03627932,3001
-0.069085866,0.25632945,0.17218758,-0.59124935,-0.15367687,-0.1441271,0.053718083,0.24752685,-0.71370065,-0.20006631,-0.34357238,-0.014156029,-0.016388714,-0.1206802,-0.16262005,-0.2921766,1460
0.033770874,-0.093045086,-0.2282461,0.025375307,0.24356201,0.21557003,0.23071831,0.34556442,0.09545048,-0.40368354,0.15498868,-0.30390686,0.5362186,-0.51333094,-0.05670932,0.20590167,2850
-0.31893343,0.34475017,-0.04893092,-0.67249495,0.009650566,-0.13630404,0.50036764,0.07188757,-0.7878711,-0.10787838,-0.50592375,1.0931993,-0.23787832,0.02630908,0.24746934,-0.50484014,1870
-0.0019040406,0.033841856,0.20170519,-0.5275774,0.24600244,-0.13507694,-0.025884833,0.3607235,-0.23650832,-0.06294365,-0.18214682,0.04867208,0.20629425,-0.18757984,0.07483703,-0.092871055,1030
0.061460942,0.08004152,0.009784314,-0.5635968,0.2181676,-0.06792748,0.011934614,0.18970811,-0.4504827,-0.23135093,-0.0756631,0.12436068,0.25905636,0.1726839,0.17157,-0.15255791,4999
-0.14012378,-0.046657674,0.17477849,-0.34420818,0.0731487,0.2422539,0.0052965116,0.75396645,-0.54923767,-0.18946074,0.059504695,0.028483704,0.36387423,-0.046070512,-0.069370404,-0.048194394,2958
-0.1422601,0.07896402,0.044409093,-0.39191034,0.20422596,-0.34201366,0.31917256,-0.105533734,-0.14327666,-0.50102174,0.05031894,0.25022766,0.023864478,-0.23890448,-0.030409127,-0.05110134,2004
-0.11017203,0.019316057,0.32690045,-0.8951276,0.118372664,-0.089478955,-0.04409418,0.3626231,-0.67614055,-0.22868448,-0.4492014,0.21518944,0.27813095,0.14441039,0.050655603,0.09394266,6129
-0.15121864,0.41142157,0.13756935,-0.7031063,-0.06915882,0.29907265,0.4629504,0.26824135,-0.50327665,-0.2949511,-0.36276302,0.41537398,-0.14264339,0.08304704,0.19820905,-0.2984433,9573
0.14357868,0.1839048,0.15878305,-0.4542837,-0.15669328,0.09683443,0.25109974,0.15740407,-0.096018404,-0.20480017,-0.17546661,-0.3667124,0.15953422,-0.29509228,-0.21397999,-0.22541636,7673
-0.32084802,-0.0012785867,0.18154486,-0.3616611,-0.15063629,-0.11695853,0.009786557,0.3881298,-0.7682057,-0.13392441,0.057136416,0.14268506,0.44453353,0.07171055,-0.11529823,0.20293672,8920
0.1793404,0.2824002,0.28902745,-0.49479628,-0.171698,0.0033292323,0.1637204,0.2954867,-0.19925655,-0.3776306,-0.14290844,-0.08286819,0.156914,-0.16587445,-0.15227464,-0.20383613,6457
0.022243723,0.03016705,-0.020707367,-0.26152498,0.13242745,-0.027892657,-0.022358712,0.4503008,-0.2291617,-0.14538418,0.08479063,-0.112409025,0.42177474,-0.19687663,-0.24089333,0.11211823,2605
0.31225443,0.24747679,0.08590687,-0.32286245,-0.22639866,0.1927088,0.15591472,0.65871227,-0.16925547,-0.6183525,0.113254815,-0.4525738,0.026771367,-0.6260933,0.034338742,-0.32452413,4046
0.095769346,-0.16039528,0.43278027,-0.1507667,0.012073223,-0.0808737,0.28673732,-0.019446954,0.010526553,-0.41256222,-0.049565658,-0.16336174,0.47625613,-0.5149354,-0.13868435,0.038396314,9496
-0.060025826,0.1335432,-0.012355562,-0.3141681,0.033488996,-0.11358769,0.059644762,0.1812495,-0.34252352,-0.21976283,0.068796754,-0.035073355,0.34741408,-0.039271936,-0.18890142,0.11554285,5191
-0.033081003,-0.19416142,0.073485695,-0.271818,0.15090415,-0.0885254,-0.05861671,0.49852076,0.04383117,-0.38376307,-0.053453885,-0.14885372,0.5786114,-0.23372686,-0.073627874,0.21269158,7978
0.14043564,0.34317484,-0.05002386,-0.33479822,0.020474754,-0.11863452,0.17830367,0.14686605,-0.19913852,-0.21562172,-0.060793597,-0.037710756,0.08325948,-0.08345757,-0.19240516,-0.090590075,3364
-0.12305975,-0.08196508,0.33156967,-0.6228277,-0.07001771,-0.010100501,0.062015522,0.48215717,-0.7025961,-0.13124077,-0.30340716,0.14790285,0.32013816,0.10722487,-0.35649306,0.040268883,7325
0.15326911,0.03911963,0.21110411,-0.5687164,-0.14539048,-0.3104949,0.027750738,0.2303879,-0.34509227,-0.48776403,-0.037844673,-0.04442306,0.14163527,-0.083669186,-0.040440157,-0.2185009,7951
0.20295192,0.16550547,0.30404395,-0.37363645,0.07509139,-0.10732712,0.2536183,0.32406473,-0.2765758,-0.5027155,0.08649996,-0.045373462,0.17467678,-0.094853595,-0.23493087,-0.052673146,8100
0.3405385,0.116960466,0.7582109,-0.50888205,-0.4363826,-0.09942916,0.19258179,0.31652507,-0.34753668,-0.6508837,-0.19088122,-0.20708853,0.1965844,-0.32495388,-0.12991336,-0.29048023,9849
-0.04506713,0.05520452,-0.072423585,-0.3408096,-0.035718665,0.34931374,0.28059787,0.4136135,-0.6686576,-0.25101694,-0.04682077,-0.11651163,0.19259828,-0.22584382,-0.16691428,-0.018164143,9578
0.19101623,0.3608272,-0.006282177,-0.276194,0.12259884,0.0064638406,0.10815011,0.5665965,-0.024899483,-0.30695063,-0.036215667,-0.30082583,0.08854596,-0.2814034,-0.048342198,-0.059674054,9493
0.14605261,0.11415732,0.23674667,-0.313277,-0.22079955,-0.029968895,0.13370699,0.5182775,-0.50926185,-0.4022541,-0.11970006,-0.22422723,0.1557337,-0.3800425,-0.3078165,-0.20004997,8689
-0.06111911,0.10818309,0.09597489,-0.22494236,0.02740784,0.343051,0.34077576,0.5668287,-0.55892766,-0.32443267,0.044305522,-0.32777995,0.36295557,-0.43483618,-0.3966027,-0.33654362,7365
0.10647613,0.2707035,-0.12743741,-0.3565441,0.38899842,-0.11645952,0.115146585,0.14167857,-0.48564094,-0.15278949,-0.074587345,0.3656839,0.22480191,-0.08360298,0.08560853,-0.09632397,2291
-0.16191319,0.057613403,0.18799132,0.25466338,0.6225071,0.11755805,0.5349189,0.58671737,0.044200167,-0.7331992,0.20147699,-0.032083586,0.662452,-0.49248916,-0.15030618,-0.12445328,9318
-0.02491559,0.24780478,-0.09234308,-0.10760036,0.12034741,0.21918166,0.4126314,0.6064613,-0.20827895,-0.41053167,0.093990356,-0.20335633,0.4097868,-0.36572558,-0.15127397,-0.1972894,3925
0.003047958,0.2573892,0.09328719,-0.22836758,0.102537796,-0.08739972,0.40436953,0.10433544,-0.13028035,-0.41949204,0.031097494,0.08085239,0.43913266,-0.119296044,-0.14103293,-0.057262078,8034
-0.12316078,0.16242577,0.24984987,-0.52315295,-0.14983828,0.40505758,0.40470132,0.62608016,-0.34476665,-0.32879004,-0.12804158,-0.0409272,0.41770452,-0.10385534,-0.29272085,-0.38210508,8291
-0.07468468,0.0045230538,0.012981918,-0.46992987,0.23798868,0.09895861,0.114037625,0.4572791,-0.78725255,0.0048574954,-0.15563245,0.28414756,0.4316525,-0.06806135,-0.29009482,0.08048691,7587
-0.13052838,0.10998389,-0.0529471,-0.405438,-0.003333345,0.5194946,0.26060498,0.45352417,-0.78869236,-0.25542012,-0.027064089,-0.052387923,0.16587882,-0.19082358,0.059217364,0.038789034,7814
-0.009707764,-0.13057528,-0.06698224,-0.19945186,0.33620554,0.18080792,0.31696752,0.47212753,-0.49184248,-0.4232971,0.26757628,-0.09469216,0.7201251,-0.36177528,-0.45610288,-0.2767474,5344
0.31201553,0.10031278,0.4662397,-0.23535469,0.032437842,-0.08225687,0.16056052,0.5604869,-0.38665152,-0.6332848,0.14594382,0.13144356,0.3164804,-0.14701256,0.02865173,-0.02690433,6518
-0.17039376,-0.027290553,0.1643689,-0.2535307,-7.301569e-06,0.07091314,0.08096732,0.7104109,-0.5744955,-0.39305502,-0.11234572,-0.08105325,0.35340184,-0.33714488,-0.337093,-0.10287663,6920
0.2841428,0.14009966,0.30655515,-0.36095905,-0.0824087,-0.057147644,0.25489786,0.19605482,-0.05116664,-0.48496467,-0.14084926,-0.35755146,0.17366028,-0.3699267,-0.026876211,-0.21350685,1027
-0.066892385,0.17807835,0.15905486,-0.3354478,0.10039135,0.22326487,-0.028826736,0.67775536,-0.36492115,-0.22117141,0.15369692,-0.14931092,0.3532418,-0.18944225,-0.003954202,-0.1834339,9700
0.18578687,-0.33136895,-0.1930964,-0.061891407,0.14755976,-0.0614715,0.012748856,0.57025766,0.09680162,-0.50416476,0.0138188,-0.26129368,0.5432698,-0.43816704,0.09011069,0.06424107,4265
-0.06933682,-0.24075903,0.24681799,-0.4429205,0.19810057,-0.06463152,0.003211353,0.5877771,-0.6255586,-0.107616074,-0.23003526,0.16317554,0.6261808,-0.023271717,-0.36553353,0.3372386,8443
-0.03892716,-0.102719665,0.12739454,-0.28749382,0.03155222,-0.06999672,0.14307536,0.22739258,-0.3034998,-0.37868494,-0.028189257,-0.29600215,0.742442,-0.2770763,-0.4045483,0.011761695,8637
-0.049201086,0.39925426,-0.06565899,-0.7284285,0.07716726,-0.087295935,0.053989284,-0.08707079,-0.5458252,-0.058525734,-0.19791038,-0.06317894,0.023692727,-0.04368353,-0.002396077,-0.2333819,3500
0.19688395,0.24355164,-0.044210713,-0.51681304,0.19296083,-0.14792608,0.02788889,0.15428838,-0.32013136,-0.21134074,-0.07383984,0.0005019754,0.2392017,-0.12401056,-0.06908058,0.0042149276,6112
0.26350868,0.1847178,0.11429829,-0.22381231,0.10546143,-0.09213415,0.23098296,0.42993218,-0.23406462,-0.32328445,0.15584831,-0.0026176926,0.24572992,-0.1613689,-0.23943251,-0.053752214,9619
-0.059423357,0.21683988,0.17926875,-0.23733905,-0.1394524,0.05972113,0.42002633,0.4951759,-0.2953883,-0.39917833,0.10968662,-0.04622162,0.3803301,-0.17760962,-0.4162099,-0.1042936,5475
-0.088887155,0.41785973,0.07515983,-0.2588881,0.06704883,0.037110314,0.4490572,0.18657084,-0.31048632,-0.108445466,-0.05032572,-0.2393291,0.3866217,-0.42999643,-0.60237825,-0.014257997,6722
0.16053835,-0.3109033,0.09152182,-0.3276874,0.35356236,-0.18755972,0.07522015,0.33030945,-0.42171782,-0.3269225,-0.20468569,-0.06648861,0.740365,-0.14518705,-0.2097317,0.37994927,4393
0.10518225,0.07809894,0.36267716,-0.4439484,-0.058846682,0.109000884,0.26456285,0.26797146,0.07978943,-0.45804137,-0.0775781,-0.397069,0.30116883,-0.34172708,-0.32975432,-0.067456126,9030
0.041065052,0.25169325,0.29611063,-0.30604878,-0.18571526,-0.18935409,0.2877841,0.15445755,-0.26981336,-0.27396393,-0.01458624,-0.103130385,0.25241965,-0.34219226,-0.3738492,-0.20522092,1544
-0.08045977,-0.016209885,0.06539715,-0.069963485,0.5651975,-0.013180636,0.3972849,-0.072345376,0.0065295547,-0.33916128,-0.2072903,0.08539264,0.5079183,-0.248815,0.09195709,0.026972845,2737
0.13685006,0.036137253,0.43298587,-0.37276968,-0.17426378,-0.4090071,0.14936697,0.4326169,-0.27605236,-0.6151855,0.010350168,-0.100997545,0.3153743,-0.18376727,-0.23414065,-0.17074198,4882
-0.0043085963,0.13814819,0.08386648,-0.17511569,0.2040511,-0.052571744,0.4339937,0.24900755,-0.17756897,-0.40210545,0.15618646,-0.06668072,0.5278847,-0.25911486,-0.267796,-0.09914349,4391
-0.15952846,0.11014047,0.11087528,-0.50755286,0.15869646,0.10249968,0.037553906,0.5864635,-0.6116518,-0.19088747,-0.074212074,0.23266888,0.45807338,0.03547872,-0.031800956,0.13265483,7763
-0.1878564,0.56277806,-0.16255085,-0.8273059,0.06778203,0.27030912,0.27403432,-0.014641255,-0.75169814,-0.058787644,-0.123457,0.14426064,-0.40035805,-0.111355245,0.0012821555,-0.34117234,3432
0.15783949,0.16760623,0.10036974,-0.43349186,-0.0042199194,0.07551295,0.2040967,0.27966356,-0.2850258,-0.2999517,-0.07117826,-0.07854443,0.23244525,-0.09634809,-0.12176712,0.06873436,1357
0.0482848,0.14827242,0.04339982,-0.64897996,0.034300007,-0.09438959,0.008220499,0.173668,-0.2665062,-0.09694348,-0.23516172,-0.08085945,0.17925543,-0.07487045,0.04922071,-0.085065246,5696
-0.0746287,0.21017247,-0.2227349,-0.519231,0.19582798,0.014681995,0.100345634,-0.00054717064,-0.5911505,0.038683392,-0.15079054,0.3579679,0.38601863,-0.0387017,-0.08747968,0.019448936,9311
0.19940984,0.26068687,0.08298676,-0.69053876,-0.07429153,0.036359392,-0.016419556,0.28543854,-0.34895596,-0.16082588,-0.11204596,-0.18203071,0.113926575,0.027240388,-0.1266464,-0.19973893,4905
-0.16226523,0.2783944,-0.03019068,-0.50349057,0.059359323,0.049042854,0.42281854,0.13899836,-0.45893222,-0.1409663,-0.20436214,0.51916397,0.100608945,-0.040010467,-0.057124555,-0.16966286,1092
-0.021370709,-0.042230874,0.31397763,-0.26764196,-0.041383766,0.04576377,0.07523102,0.6422421,-0.013632342,-0.5321036,0.12034531,-0.17900072,0.37998468,-0.29123342,-0.18357405,-0.023251504,8557
0.11497641,0.14205918,-0.047792792,-0.5746225,0.01998508,-0.08532147,0.065906756,0.20680235,-0.40943533,-0.13849944,0.0019870792,-0.16770475,0.19860363,-0.07799682,-0.18971428,-0.047867313,8484
-0.13371369,-0.082421064,0.43644074,-0.23514125,-0.3350117,-0.5157231,0.10737233,0.3637165,-0.14366913,-0.5527041,0.10247284,-0.2434827,0.7264408,-0.40546405,-0.532713,0.010371536,6407
0.038551323,0.11240542,-0.057325155,-0.6627183,0.12271333,-0.33659226,0.025346525,-0.1878461,-0.47210988,-0.15656397,-0.2535681,0.16499993,0.096686676,-0.036586534,0.06298119,0.040474653,9975
0.44675207,0.07169448,0.499252,-0.20891322,-0.21433353,-0.017373696,0.25201997,0.711937,-0.29905015,-0.82230437,0.096821085,-0.23634838,0.14162827,-0.49163818,-0.10841872,-0.061594233,3583
0.17543957,-0.049208127,0.013679049,-0.35782698,-0.09309767,-0.15160577,0.24814609,0.12093668,-0.48740017,-0.24340156,-0.085811585,-0.048486665,0.34370872,-0.064252265,-0.2137723,0.09816105,5181
0.16825771,0.023225091,0.44842762,-0.24193707,-0.045394078,-0.02199202,0.19938904,0.5035537,-0.115705505,-0.71256936,0.0879353,-0.25971967,0.37182212,-0.4125452,-0.13794816,-0.13434722,9137
0.12345429,-0.07243893,-0.099473506,-0.34704876,0.08133942,-0.049546693,0.07120362,0.44286358,-0.029034734,-0.3867651,-0.04493285,-0.27249593,0.32782215,-0.32722306,0.08756077,-0.10708967,8019
-0.18472299,0.57990944,0.013712533,-0.7624695,-0.31318456,-0.055416554,0.3617161,-0.08251198,-0.62263644,-0.069107994,-0.5211386,0.13633317,-0.28853807,-0.2686819,0.037562728,-0.89864326,3557
0.10385801,0.024714429,-0.004265557,-0.35167652,0.06751076,-0.052854948,0.10350309,0.3266585,-0.119255155,-0.29227945,0.042172622,-0.16972965,0.2912426,-0.18061493,-0.08766878,-0.06975514,5521
0.35026243,0.0052079484,0.51708823,-0.2281865,-0.4288747,-0.22549875,0.4589599,0.29219103,-0.14032106,-0.77570313,0.008642428,-0.556076,0.3945879,-0.4176272,-0.3718487,-0.304443,9202
-0.05437115,0.3263548,0.14463367,-0.34760213,-0.05304393,0.21586159,0.28323838,0.42419672,-0.48595935,-0.115184024,-0.09193189,-0.23797244,0.33359832,-0.31277066,-0.5319272,-0.1336444,2341
-0.08673143,-0.5899442,0.19572031,-0.37236953,0.4093685,-0.1399971,-0.088292524,0.49772495,-0.3582406,-0.071017325,-0.29877725,0.02890259,0.74412215,-0.09855284,-0.2323468,0.48385328,5657
0.03318505,0.12037519,0.061204012,-0.35694408,0.09031815,-0.2832443,0.07622806,0.15344344,-0.26546922,-0.35850403,-0.039631385,0.055077672,0.16941318,-0.09092923,-0.008949518,-0.13266055,8270
0.058555186,-0.113098845,0.03423642,-0.4197552,0.3746193,-0.16205636,0.020648308,0.08388487,-0.23109356,-0.22789687,-0.22239555,0.047560625,0.5100312,-0.13606629,0.032581836,0.26754767,7551
0.12914202,0.12815288,0.22670594,-0.36214337,0.18228805,-0.16110015,0.123687826,0.30116463,-0.30183026,-0.4195444,-0.027277984,0.13890429,0.32965052,-0.07555962,0.0021682084,0.123173475,7727
0.34807432,0.25858152,0.051755983,-0.18689315,-0.097072095,-0.075877294,0.26479837,0.4580168,-0.18237004,-0.484913,0.14229259,-0.270652,0.22416642,-0.3425181,-0.19815065,-0.06357713,4092
0.16570595,0.07242483,0.005465016,-0.4416672,0.048710987,-0.15971774,0.10928311,0.64775646,-0.2273263,-0.5889304,0.0843908,-0.46945298,0.29495853,-0.558122,-0.16257682,-0.35639626,1246
0.24891889,0.026458517,-0.142834,-0.19698219,0.10639366,-0.029387886,0.14003232,0.45396167,-0.16322428,-0.3960646,0.06396345,-0.17904563,0.41627192,-0.21546897,-0.060926273,0.12416453,7416
0.051179647,0.06513806,0.25704968,-0.4724785,-0.00547947,-0.058869716,0.13551114,0.49335232,-0.42475504,-0.39776152,-0.042851105,0.1893835,0.35558483,-0.03680835,-0.17830275,0.20976019,8894
-0.05017148,0.08058795,-0.15044028,-0.22083029,0.37341344,-0.007526012,0.24439876,0.27338812,-0.34024692,-0.3415343,0.1811322,0.21783063,0.5658147,-0.20681322,-0.25889918,-0.027420774,9188
0.056556873,-0.19036105,0.08871862,-0.176017,0.43350655,-0.04015328,-0.027326874,0.41220927,-0.35603362,-0.13363874,-0.015761789,0.0052195042,0.7240346,-0.101261765,-0.25883606,0.41384265,5641
-0.027124166,0.11536414,-0.37386006,0.17877963,0.16176564,0.33599675,0.47768807,0.44992,-0.4093398,-0.46465918,0.35647714,-0.3604995,0.23189184,-0.2624206,-0.077501655,-0.14317697,5304
-0.07393244,0.022121757,0.0733523,-0.063961625,0.12551202,0.059766233,0.39101252,0.5061536,0.015599623,-0.7540076,0.29536933,-0.10080173,0.6729673,-0.2260752,0.0397256,0.04400462,5061
-0.005648911,0.42891693,0.038992006,-0.5113617,0.010084435,-0.07914567,0.25178665,-0.08950515,-0.31594667,-0.20758809,-0.21917012,0.10235174,-0.039601326,-0.063115254,-0.051406264,-0.1615082,6276
-0.17804176,0.09403518,0.20659158,-0.4851367,-0.15840907,-0.053374268,0.13760635,0.44864082,-0.5045836,-0.405905,-0.048820082,-0.14604545,0.15761256,-0.0010484364,-0.056072205,0.006526917,2567
0.017418072,0.24732202,0.20381318,-0.3724292,0.038846,0.41808915,0.49417612,0.4530995,-0.0326214,-0.5607694,-0.05047202,-0.26992428,0.44198853,-0.25670052,-0.119843885,-0.1873911,2265
-0.18802884,-0.04147075,-0.10186823,-0.64358217,0.16208592,-0.20038532,0.027197637,0.16740134,-0.6403202,-0.1752985,-0.11057918,0.4708495,0.42883524,0.054825116,-0.11170551,-0.24551223,5822
0.06033857,0.26987103,0.16365677,-0.5558888,-0.05094488,0.17030478,0.05288229,0.35330266,-0.46012312,-0.36654294,0.0810695,-0.08554946,0.15650731,-0.016118083,-0.011910647,-0.013263091,3533
-0.11845733,0.060154717,0.04536265,-0.18584718,0.040811382,-0.010918105,0.057603195,0.49871284,-0.28158596,-0.26893798,0.19437855,-0.07127826,0.41732633,-0.06623118,-0.18140984,-0.15997285,8314
0.09205438,-0.053627588,2.2001565e-05,-0.4283446,0.056705855,-0.15619656,0.005599991,0.18733227,-0.26168257,-0.13300544,-0.05675781,0.13799095,0.3096966,0.020176,-0.23249808,0.10253734,6868
0.45339358,0.045050412,0.028275,-0.06679112,-0.14069797,0.17864788,0.16458234,0.42535818,-0.38939565,-0.6574114,-0.026220918,-0.5146271,0.66738313,-0.46325567,-0.21786556,0.13911176,5881
0.19252293,-0.038347572,0.034798518,-0.5409293,0.21263963,-0.10142897,0.06240701,0.23204897,-0.47301662,-0.14150491,-0.2071661,0.1467602,0.41152978,-0.013697017,-0.29069507,0.11432804,9600
-0.4104647,0.20217395,0.07148294,-0.56757945,0.10619617,0.6714918,0.18361965,0.87550664,-1.1040025,0.026302695,-0.26879317,-0.17831662,0.2789655,-0.2697588,-0.3697721,-0.4556111,7154
0.18841922,-0.07190329,-0.24418008,0.08474693,0.28337097,-0.1803029,0.3145048,0.54321617,0.22689596,-0.5531713,0.26659018,-0.36261368,0.6077445,-0.51548624,-0.21396302,0.0058445334,9579
0.17563239,0.3008296,0.021366306,-0.31699312,-0.16657624,0.017431453,0.28373587,0.21448855,-0.062295943,-0.219547,-0.091308475,-0.34252596,0.18033952,-0.28932643,-0.22079757,-0.19693322,5393
0.18335983,0.398176,0.06002257,-0.56488985,-0.04688269,-0.22624753,-0.09654292,0.24780318,-0.4302102,-0.13049537,-0.0467328,0.023150824,0.10848087,-0.119977534,-0.04774554,-0.120847985,2591
-0.08700462,0.19871232,0.12788351,-0.660993,0.010224327,-0.059852388,0.26114237,0.2402195,-0.53191775,-0.244162,-0.3297387,0.25189117,0.19508085,-0.060528763,-0.14476612,-0.034854576,2950
-0.11691022,-0.09415665,-0.16000807,0.2812875,0.22091308,0.2184923,0.3317719,0.82751983,-0.31614107,-0.63898605,0.36969012,-0.26284945,0.7036058,-0.2954969,-0.046147242,-0.16430666,2889
0.28568214,0.37383306,0.15259562,0.012610048,0.011909798,0.376282,0.28775197,1.1517783,-0.23713252,-0.71761715,0.1614907,-0.25892678,0.17031305,-0.78496164,-0.095144376,0.16782314,3829
0.14064276,-0.2007477,0.26739773,-0.5350767,-0.38323012,-0.27921432,-0.1432349,0.29713967,-0.38462096,-0.5553422,0.017410047,-0.20095,0.17389461,-0.32619667,-0.13767615,-0.24709429,3878
0.120157,0.2861844,-0.06594661,-0.46306482,0.17784639,-0.011597656,0.096150994,0.1508759,-0.4099607,-0.16768482,-0.031616967,-0.043472335,0.29432556,-0.12822971,-0.31265128,0.021439493,3493
0.15348007,0.22112204,0.049056426,-0.31225535,0.18398573,-0.23012012,0.09530133,0.14850104,-0.2758779,-0.330899,-0.045054644,0.11015173,0.2920517,-0.17401335,0.016893595,0.008751377,4290
-0.12491752,0.019762821,-0.107256,-0.18169108,0.22104323,0.19814236,0.25531885,0.3706611,0.04511322,-0.4751767,0.08013799,-0.45582297,0.52102554,-0.4859789,-0.09399013,0.0014529675,8017
-0.0014906228,-0.0026729107,0.08486438,-0.3463892,-0.01676862,-0.08972817,0.108306006,0.5402582,-0.31072098,-0.3156971,-0.05077351,-0.09644088,0.26983243,-0.13198896,-0.40145966,0.00018137693,3841
0.036799297,0.17443842,0.2802437,-0.18059511,0.2361311,0.19403735,0.34219107,0.38290507,-0.166085,-0.7246543,0.028685477,-0.3042083,0.33444712,-0.4214066,-0.029628158,-0.26742354,6450
0.13983071,-0.060760736,-0.058562584,-0.13819766,0.2971062,0.06767259,0.11340499,0.54591644,-0.29515702,-0.26651055,-0.031858187,-0.1380586,0.6729017,-0.22587626,-0.12646155,0.18568389,7150
-0.19448115,-0.704008,0.051326446,0.3739471,0.92513293,0.081239626,0.23098594,0.87503016,-0.04139082,-0.6605846,-0.0073178113,0.022265375,0.94801724,-0.4586242,0.44922304,-0.004198894,9811
0.17604797,0.22073616,-0.080020264,-0.26765332,0.030837126,-0.06271297,0.2623778,0.44886738,-0.21927595,-0.6629362,0.215725,-0.2935925,0.23188907,-0.29256448,-0.12855086,-0.29498184,3178
-0.05268553,-0.4064001,0.21352702,0.30023068,0.50885445,0.06580653,0.20641181,0.76205623,0.07599956,-0.86583984,0.092843644,-0.2798083,0.7633132,-0.5215864,0.13252428,-0.11941138,8116
0.31975055,0.18342991,0.4013706,-0.50016874,-0.30776703,-0.08492831,0.058084205,0.41154546,-0.4147427,-0.46887195,-0.13126473,-0.33907184,0.15028307,-0.30857483,-0.2455465,-0.16065495,6689
0.16099273,0.38237554,0.084572196,-0.49706125,-0.049536943,-0.14285904,0.1104983,0.06895168,-0.29141182,-0.2250677,-0.23287775,-0.19129136,0.023066685,-0.19884485,-0.11408809,-0.23668571,5813
0.09851524,-0.14257878,-0.01191199,-0.066490754,0.47203085,-0.08439208,0.2909547,0.043213785,-0.12161812,-0.33219838,0.031302117,-0.050642267,0.55681163,-0.3095983,-0.09731296,0.015698269,5478
0.2110001,-0.0006759872,0.019633815,-0.26511735,0.011896223,0.345797,0.27153888,0.8211316,-0.40073943,-0.7923511,0.12367706,-0.7696487,0.18183732,-0.7394311,-0.13141435,-0.55185103,3687
0.056272127,0.26772168,-0.035211496,-0.23054156,-0.039395273,-0.04519384,0.1676515,0.34430724,-0.31933737,-0.19682853,0.038363162,-0.26991534,0.2513601,-0.4228708,-0.3111909,-0.007009968,9552
-0.027905196,-0.1720675,0.05007681,-0.22014259,0.39883316,0.2196322,0.30341822,0.2780374,-0.11182546,-0.7047486,0.069045335,-0.021294607,0.72799045,-0.28472197,0.35467392,0.2249849,2744
0.032678112,0.595452,-0.06334026,-0.47654906,-0.104832634,0.0444638,0.07556684,0.31767264,-0.48072997,0.09716569,-0.17967674,-0.12520066,-0.24777406,-0.29651654,-0.19788186,-0.16086525,6685
0.118490964,0.32508355,0.08560281,-0.31096783,0.2476005,-0.12559795,0.12139459,0.301908,-0.3869354,-0.25509167,-0.016279943,0.16140512,0.15513885,-0.13020301,0.03706634,-0.0930998,2393
-0.083604634,0.33584905,0.063222826,-0.37953025,0.2546049,-0.38625067,0.32395953,-0.06255808,-0.39267096,-0.41724735,-0.13593249,0.48640972,0.23199517,-0.0810909,0.16211754,-0.12900707,6208
0.19553311,0.10393015,-0.089940816,-0.3000099,0.116348304,-0.15403485,0.14286248,0.13849051,-0.22121449,-0.2535858,-0.06627331,-0.13075171,0.334576,-0.17543589,-0.08206481,-0.018694803,1212
-0.0759657,-0.11650458,0.06375962,-0.056918263,-0.033296958,0.19144101,0.24865435,0.5540993,-0.53058255,-0.46870142,0.2673365,-0.012099326,0.4885134,-0.18145922,-0.12232798,0.34339565,9182
0.028980419,0.1536436,0.19323622,-0.12413591,0.17596701,-0.095879056,0.35390308,0.52055705,-0.24456766,-0.67275995,0.15486374,-0.11690178,0.3093204,-0.25529337,-0.18008487,-0.18868133,7535
0.21825162,0.01271718,0.22672547,-0.24689624,0.12796652,0.34496292,0.13873217,0.8018363,-0.39812857,-0.54082763,0.15323707,-0.08788634,0.22936969,-0.26591212,0.0102816075,0.32530156,4497
0.16476496,0.09783495,-0.14628085,-0.19842818,0.18971625,0.053002346,0.17132998,0.28915268,-0.3144412,-0.23789869,0.19787052,-0.15517095,0.5374957,-0.20699786,-0.19014728,-0.012482181,1445
-0.0019885302,0.140867,0.35564253,-0.17913847,-0.14550087,-0.25579605,0.48974776,0.109216124,-0.20806088,-0.5343559,0.008279156,-0.11613025,0.5371342,-0.45916587,-0.4406309,-0.21432728,9102
0.084906176,0.41740885,-0.1443873,-0.3710948,0.100995876,0.08787061,0.3915499,0.002725616,-0.30560252,-0.12592655,-0.17086956,-0.019057684,0.15979122,-0.120251946,-0.26295298,-0.24064654,2724
0.034685157,0.4793195,0.017449692,-0.53846574,-0.26958862,-0.07675961,0.15968777,0.030937642,-0.38366058,-0.24228144,-0.21296433,-0.040280692,-0.13493079,-0.14101791,0.028417021,-0.44892246,7704
-0.14446983,0.17115802,0.073204346,-0.5744102,-0.12051987,-0.105758235,0.26470816,0.18064898,-0.541155,-0.27003407,-0.05367674,0.35477793,0.15577814,0.0058324262,-0.004383415,0.025837094,1125
0.14252727,-0.082724586,0.10467093,-0.4160478,0.24101451,-0.16969925,0.02360202,0.19732383,-0.42504722,-0.13379453,-0.20204252,0.083483234,0.5200901,-0.1005017,-0.26677606,0.35757685,4670
-0.09644133,0.28085536,0.021126064,-0.77934265,-0.04347106,-0.10428005,-0.0182058,0.07860614,-0.6554968,-0.018768847,-0.27072063,0.048796743,-0.03199634,0.05173894,0.024451137,-0.26737672,4295
0.14646904,0.329409,-0.10398683,-0.23528826,-0.14087921,0.10150259,0.018355098,0.56596595,-0.22001487,-0.37624896,-0.009901833,-0.48406306,-0.0025190115,-0.5233511,-0.11511201,-0.21104892,2977
0.39020634,0.31296796,-0.15968752,-0.19378966,-0.11310288,0.3289442,0.39420506,0.45001823,-0.36082688,-0.46307403,0.02294155,-0.46864814,0.09022479,-0.3805604,-0.2913354,-0.19065337,3091
0.16976598,0.12540977,0.13775514,-0.2540728,0.0175042,-0.07080591,0.13703188,0.25737023,-0.2247776,-0.30156007,0.08878173,-0.060471475,0.14222492,-0.19107473,-0.16110972,0.050537765,2882
-0.08302072,0.052899193,-0.24037343,-0.09763011,-0.09797494,0.010552935,0.04128146,0.43298423,0.14909625,-0.31394827,0.19298019,-0.41836214,0.30009666,-0.33918735,-0.20014217,-0.12404807,7014
-0.15804362,0.044798926,0.12906201,-0.6784953,0.21795155,0.032445177,-0.22797284,0.42947584,-0.26484048,-0.17511217,-0.6755738,-0.12353064,0.64820045,-0.16260643,0.397005,0.18699361,7877
-0.034627296,0.0017682686,0.17739709,-0.47424254,0.055939533,-0.03817471,0.10342264,0.3771052,-0.51923186,-0.37063318,-0.048797935,0.3017772,0.47333306,0.098049834,0.042901993,0.20913194,7084
-0.2848648,-0.13330464,0.35878333,-0.35273182,0.047026895,-0.052422166,0.04967917,0.7409816,-0.53528243,-0.31850728,-0.18471676,-0.080028065,0.57448614,-0.19984907,-0.6129545,0.05654563,2533
0.19687466,-0.19065775,0.3480387,-0.2019913,0.2245504,-0.278574,0.1889162,0.15598872,-0.23863633,-0.6712552,-0.04684699,-0.06476176,0.50228703,-0.29486093,-0.051369533,-0.025825888,6410
0.13237394,0.36964807,0.1942818,-0.45897052,-0.17629853,-0.20449923,0.25538152,0.10869579,-0.25060052,-0.4389502,-0.22044039,-0.15174675,0.122846365,-0.19355385,-0.14535584,-0.36923593,3919
0.09981032,0.28979552,-0.07890387,-0.60509956,0.058970943,-0.11820463,0.02652957,0.10574299,-0.47240436,-0.04838118,-0.04892169,0.13421345,0.06079954,0.017917737,-0.013255954,-0.0015245825,3520
-0.11634721,-0.16322237,0.23955956,-0.28405482,-0.048191108,0.049453866,0.3763759,0.3575486,-0.26944914,-0.6591467,0.07647821,-0.4968738,0.6996417,-0.31411257,-0.60987854,-0.32524744,6318
0.12866096,0.50905764,-0.37265727,-0.26960754,0.44077116,-0.08460906,0.29080504,-0.20423932,-0.28677893,-0.0019110739,-0.1934195,0.3558649,0.014531583,-0.1285072,0.18252106,-0.19146,2803
0.27522665,-0.027804479,0.28083193,-0.44553995,0.043239303,0.09222503,0.2826633,0.6414199,-0.12028125,-0.5592421,-0.198825,-0.27549058,0.46722555,-0.4743075,0.16727665,-0.10289869,9233
0.17551666,0.21104912,-0.31944227,-0.16561194,0.20842846,0.37785253,0.36085397,0.5554258,-0.18310203,-0.33728138,0.113260224,-0.36252525,0.18763873,-0.5662913,-0.11558384,-0.010145202,7531
0.05131998,0.23932184,-0.18084554,-0.73768723,0.3416921,0.10949337,0.012191503,0.09034379,-0.6775799,0.18188605,-0.22322662,0.17403875,0.19627318,0.06680553,-0.04544474,-0.11920974,3314
0.049199358,-0.099977404,0.3697983,-0.40653405,-0.11304343,0.08883754,0.38665128,0.63690054,-0.25468776,-0.7178585,0.10467479,0.25827956,0.6342178,0.1397331,-0.11368194,-0.014102787,3540
-0.18300626,0.23007473,0.008251995,-0.74861777,0.22435766,-0.20061599,-0.035417583,0.17620087,-0.9079969,0.10155243,-0.35990787,0.5167612,0.4349044,0.041632965,-0.18051416,-0.21093065,5760
-0.2811692,-0.0207273,0.26888457,-0.49302626,0.07022041,0.09596458,0.08658192,0.8291514,-0.68743587,-0.17598993,-0.13934946,0.18415181,0.48046973,-0.0545654,-0.46453303,-0.2580272,3817
0.20251554,0.07847514,0.010058552,-0.41353917,0.21820036,-0.20630865,0.08544345,0.19187532,-0.33789313,-0.38203788,-0.023417216,0.060780764,0.33858734,-0.090059675,-0.09224267,-0.05975172,5582
-0.040018693,0.36843386,0.26203793,-0.43852806,-0.047420297,-0.24799724,0.23187396,0.1740838,-0.31940162,-0.38832036,-0.013482489,0.090942025,0.045637608,-0.25367683,0.020315796,-0.17648554,4947
0.13543802,0.0447936,-0.023102665,-0.11493814,0.26331887,-0.1084587,0.15344043,0.3535692,-0.06984827,-0.23771344,0.06460656,0.014964841,0.35941306,-0.1640887,-0.17763586,0.051295042,4398
-0.07074322,0.15774125,0.4099546,-0.26608393,-0.090427056,-0.098295815,0.18220113,0.3604662,-0.36512512,-0.47631732,0.07313746,0.25108385,0.29825926,-0.24459961,-0.037274152,-0.06217654,4130
0.1283792,0.20281208,0.2870966,-0.3650786,0.12633446,0.045708507,0.13301933,0.45009202,-0.2202269,-0.30931038,0.028584383,0.020974126,0.120909415,-0.19586746,-0.03250067,-0.004432127,4201
0.12620816,-0.08215316,0.08897277,-0.038552284,0.12909773,0.054925703,0.15838312,0.78247887,0.07591322,-0.61961436,0.042476453,-0.06783376,0.27129793,-0.3058316,0.13063142,0.05261819,1099
-0.0008056164,0.13747099,0.035454586,-0.328176,0.2921644,-0.027521722,0.07618065,0.21832281,-0.3375085,-0.20453751,-0.0663366,0.08367644,0.51920366,-0.09363426,-0.08529921,0.20656717,7276
0.15098366,0.17661302,-0.075153895,-0.20783809,0.38075024,-0.1375355,0.108878195,0.27266517,-0.33435935,-0.085307315,-0.051269826,0.21698225,0.25512892,-0.009523399,0.03033021,-0.04821956,9165
0.012910157,0.26006848,0.014241833,-0.6563816,-0.13247329,-0.18291691,0.21680564,0.024116889,-0.4636924,-0.41379035,-0.11664593,-0.090858944,0.02867791,0.0061000884,0.138161,-0.38380086,3407
0.123367175,-0.040151127,-0.006380193,-0.34682927,0.19266126,-0.035651762,0.20540449,0.38998625,-0.24848348,-0.49936265,0.1499767,-0.31106222,0.5773224,-0.30168682,-0.36116248,-0.1495403,7170
-0.0318864,0.28989667,0.22924629,-0.40078765,-0.040046223,-0.21283591,0.09310615,0.1488229,-0.41061676,-0.24299142,-0.09491181,0.07077886,0.16684319,-0.14834236,-0.21798758,-0.13032342,9215
-0.17370114,-0.061933998,0.16537216,-0.07203236,-0.22738421,-0.019615442,0.23603523,0.7914163,-0.09903049,-0.61092246,0.2226148,-0.1598636,0.5203062,-0.37017152,-0.493291,-0.026350766,7313
0.058754876,0.07882434,0.20840421,-0.28278455,0.21983084,0.030559808,0.3281966,-0.1554181,0.07480712,-0.39605808,-0.2865927,-0.12926026,0.33737096,-0.38887453,0.09067418,-0.09614752,4850
-0.06784277,0.029479854,-0.36302745,0.0050537884,0.011035696,0.029888012,0.11973913,0.5217771,0.23413377,-0.38976327,0.13363275,-0.47749156,0.26432347,-0.5845525,-0.09063162,-0.17142235,9035
0.039988585,0.18902968,0.021985978,-0.29607698,0.053034745,0.33782467,0.39083844,0.26481307,-0.46127832,-0.18135047,-0.011417866,-0.33262408,0.4214545,-0.32048112,-0.45489317,-0.32680666,6359
0.0060321093,-0.02752094,0.22698323,-0.17489159,0.08948334,-0.35967964,0.16585115,0.4226068,-0.19710699,-0.4414175,-0.062864915,0.21426272,0.18159346,-0.12859415,-0.0026367903,-0.08323124,5236
-0.1943649,0.17094028,0.19544548,-0.36068517,-0.1475318,-0.029023625,0.35732004,0.49993956,-0.46801645,-0.30743253,0.08295152,0.14707953,0.5402515,-0.16324794,-0.4443692,-0.08470541,6554
-0.1151786,0.19312078,0.2819124,-0.573051,-0.07811995,0.11370751,0.2065032,0.46389282,-0.5713344,-0.22721638,-0.27659813,0.13668317,0.24367175,-0.057932273,-0.22035661,0.024662033,7930
0.13753779,0.18730335,0.13469286,-0.08147177,0.04418076,0.11856983,0.25244465,0.73069346,-0.2597568,-0.5709277,0.25394604,0.061883405,0.39660048,-0.29293734,0.06827994,0.15383075,2513
0.0418567,0.2114515,-0.09029036,-0.68951964,-0.13806644,-0.13076282,0.16763167,0.13530084,-0.514692,-0.28912655,-0.19639683,0.081726186,0.02623801,-0.02687393,0.12977439,-0.576503,9514
-0.117908865,0.023982927,0.38884193,-0.39409918,-0.32388204,-0.19213495,0.097255446,0.54136145,-0.58652717,-0.44353402,-0.18066338,0.011978157,0.1795926,-0.34568605,-0.2848467,-0.2776451,3166
0.039375946,-0.05120619,0.15496501,-0.51515734,-0.045775436,0.02551698,0.058890224,0.49403784,-0.5297968,-0.080746494,-0.034478728,0.12597223,0.45999616,0.2337016,-0.32039618,-0.14227152,7789
0.3127041,0.14697388,0.16956481,-0.46419585,-0.18396913,0.14497039,0.030833157,0.27180305,-0.42064783,-0.33705527,-0.12413254,-0.3402857,0.094447404,-0.2013066,-0.24275157,-0.12035164,4426
0.036625147,-0.15437162,0.20242526,-0.3786375,0.252506,-0.09449195,-0.007114266,0.5421673,-0.33954796,-0.26703057,-0.11402022,-0.036137234,0.59817415,-0.19343388,-0.18718234,0.2901771,7081
-0.026430622,0.12722448,0.007436296,-0.5631819,-0.009562135,-0.09759095,0.020385323,0.20492682,-0.39728335,-0.14552607,0.019725248,0.013983183,0.16705406,0.08441076,-0.11968829,-0.12557662,1229
-0.085186556,0.23978433,-0.15184034,-0.2740012,-0.060487106,0.2394069,0.5293265,0.3248889,-0.3205436,-0.23430157,0.035847165,-0.20149896,0.2996631,-0.24696454,-0.2732451,-0.26852286,5187
-0.0989259,0.12533136,0.08464546,-0.57820594,0.08915172,-0.09978075,0.03600937,0.24700874,-0.43032435,-0.18793662,-0.15841885,-0.038776055,0.24402238,-0.04644125,-0.37596866,-0.09188697,4648
-0.06338082,0.111176945,0.28197706,-0.3459909,0.10174881,0.36802265,0.21664494,0.88931274,-0.6505023,-0.41938406,-0.11884294,0.09991509,0.30187577,-0.20952192,-0.17541802,0.07060985,7948
-0.054196283,-0.023753949,0.35305893,-0.32965553,0.044856116,0.10575833,-0.021330953,0.7895465,-0.3884868,-0.2794745,0.13868164,0.043207377,0.43155497,-0.043692306,-0.10029447,0.19784516,9124
0.12650175,0.59270746,-0.27591354,-0.45683104,0.19982268,-0.08834988,0.2097126,-0.31515145,-0.40117985,0.011474118,-0.25173134,0.07689336,0.0074618757,-0.2320472,0.06572619,-0.21769243,8379
-0.011780202,-0.15622185,-0.19331071,0.2800969,0.3473396,0.21438833,0.4047664,0.8073773,0.19259027,-1.0429765,0.25271383,-0.5484023,0.56763417,-0.73300934,0.18037704,-0.34794414,9673
0.026599452,0.4060444,-0.21362719,-0.30309975,-0.061017454,0.17275813,0.38393813,0.16948903,-0.16857046,-0.3233465,-0.007980619,-0.1942668,0.15767092,-0.13559201,-0.20559879,-0.2814489,6238
-0.07360135,0.043166026,0.47123346,-0.2147771,-0.0054502636,-0.22810212,0.11451024,0.5874629,-0.4906014,-0.71527505,0.02468045,0.32405764,0.2703667,-0.16365832,-0.12116113,0.091042936,2033
0.21496734,0.1939728,-0.14767393,-0.11469877,0.030514792,-0.08852755,0.3527246,0.55477935,-0.10454029,-0.5462121,0.13845351,-0.2857178,0.40054297,-0.28398418,-0.12933713,-0.049074456,3623
-0.3050767,0.1593205,-0.04729964,-0.4005098,0.14458975,0.74736816,0.47031772,0.78596175,-0.44871268,-0.15054488,-0.09865637,-0.112005204,0.4490201,-0.159818,-0.25280994,-0.51369125,1907
-0.16084152,0.1544837,-0.1736224,-0.31909466,0.12555078,0.17258504,0.22563235,0.33122486,0.089023784,-0.34009844,0.010989472,-0.6253746,0.33439308,-0.46220654,0.00056385994,-0.15426916,4510
-0.21192583,0.13229126,0.003229428,-0.3070828,0.06870977,0.37044883,0.36668447,0.48133737,-0.29004663,-0.208211,0.0018912088,-0.37498194,0.5504396,-0.3205068,-0.5464167,-0.20300052,5088
0.013794765,0.054092605,0.29478383,-0.20994085,0.09257828,0.06268719,0.060916573,0.55862737,-0.19067913,-0.36583507,0.1230294,0.023615614,0.34901592,-0.03349468,-0.15460822,0.07612909,4190
0.21089569,0.17066276,0.10421945,0.024363369,-0.11227379,0.054827437,0.5382874,0.3406089,0.103686124,-0.8272919,0.2509307,-0.51491606,0.42414677,-0.53575623,-0.22510229,-0.24608083,2406
0.14524992,0.30338198,-0.06631964,-0.50173414,-0.07851821,-0.010714002,0.0927834,0.040090643,-0.3990805,-0.20220163,-0.07785525,-0.2480027,0.12612782,-0.10847719,-0.1029298,-0.21772538,4035
0.039446026,0.29419184,0.31595153,-0.32515666,0.29565138,-0.10667547,0.22628932,0.28298712,-0.16914475,-0.43068367,-0.1763699,0.059158236,0.023879409,-0.19615693,0.06344843,-0.06488085,9546
0.18203208,0.009048365,-0.24298361,0.0104729235,0.0657832,0.041706488,0.29576072,0.60589963,-0.13632447,-0.5256725,0.1887611,-0.26636207,0.47245252,-0.27741978,-0.094960734,-0.035423875,1574
0.19868287,0.113533035,4.7148555e-05,-0.27541584,-0.02304373,-0.038009215,0.22200556,0.29753572,-0.13548745,-0.46981388,0.09379099,-0.15394557,0.22688241,-0.17767748,-0.029626876,-0.12899326,4956
-0.06796886,0.065287694,0.025876686,0.061784357,0.09223277,0.28275836,0.24743512,0.7521719,-0.24928035,-0.5696445,0.33417267,-0.28126663,0.37598512,-0.36943144,-0.14510334,-0.27682793,2735
-0.18677168,0.4820892,-0.23508783,-0.45497677,-0.023725107,0.24493875,0.39891633,0.07862688,-0.4525299,-0.2947874,0.0012041181,-0.02330193,0.07568206,-0.06229958,-0.15263054,-0.28383636,8786
-0.459412,-0.12028912,0.0035668807,-0.06085053,0.29115695,0.26763424,0.13302459,0.91733634,-0.33693016,-0.33481055,0.2261457,0.12958902,0.5287725,-0.23439288,-0.21679638,-0.1521025,9951
-0.036677375,0.14504448,0.19143839,-0.24728394,0.024277434,0.06795301,0.39712492,0.35447013,-0.132319,-0.49362767,0.07194361,0.038436837,0.35603186,-0.029785968,-0.16249482,-0.112389565,8080
0.079224735,0.37331805,-0.37229043,-0.4243799,0.17745869,0.08350404,0.19110838,0.027640656,-0.26121473,0.050479025,-0.1485326,-0.22767037,0.07756375,-0.23592241,0.04595384,-0.30240196,8877
-0.016676508,0.0062696747,0.3250713,-0.34228912,-0.11481914,-0.018132761,0.07068323,0.6794698,-0.4985991,-0.42649758,-0.22964,-0.12897758,0.3857457,-0.23786297,-0.3484017,0.2817652,7401
0.085060306,0.09446733,0.13473418,-0.36666155,-0.00014656782,0.02645858,0.17785336,0.25575024,-0.38159132,-0.33818135,0.041301377,-0.06163852,0.17598131,-0.038428526,-0.16558132,0.05470243,8793
0.015937567,0.3235399,-0.048763145,-0.5448197,0.180634,0.024534471,0.17739502,-0.053367794,-0.45900583,-0.04935637,-0.2025987,-0.102259755,0.41857687,-0.16671926,-0.44953465,-0.08478969,3381
-0.10412991,0.03982935,-0.27129954,-0.08484511,0.21843886,0.59316057,0.17741646,0.77796715,-0.56131446,-0.21324131,0.051684633,-0.46546263,0.32249337,-0.646054,-0.034620196,-0.046975538,9096
0.024104014,0.18884385,0.11072132,-0.16390032,0.0373632,0.3340408,0.24953401,0.73616743,-0.14647049,-0.6105654,0.13702503,-0.29602695,0.46531546,-0.49629918,-0.10384667,0.111717455,2723
-0.122146755,0.092047304,0.17176901,-0.25409892,-0.055706352,0.43996334,0.30943403,0.62194854,-0.10881562,-0.5713863,-0.015034739,-0.41480142,0.49980116,-0.4458844,-0.20161077,-0.010793269,4508
0.043429784,0.3336879,-0.079493515,-0.83452725,0.09379332,-0.03811016,0.05161874,0.014020264,-0.6233407,-0.021636233,-0.49601206,0.16868162,0.06762485,-0.058003966,0.016913936,-0.058425218,7384
-0.004814446,-0.16055569,0.1253694,-0.2734994,0.10159455,-0.15841505,0.13060696,0.5118941,-0.22307473,-0.5948758,0.05186428,0.08039479,0.4730567,-0.13928105,-0.24727784,-0.03256175,9189
0.2913546,-0.032015517,-0.11601013,-0.16081193,0.43045542,-0.15632054,0.048885666,0.35003942,-0.31610537,-0.21628895,0.012649276,-0.107308276,0.57656276,-0.35932976,-0.21360774,0.31966788,4354
0.062869355,0.19972086,0.023653887,-0.5183309,0.04742433,-0.16192105,-0.028516158,0.12527514,-0.29358682,-0.13004513,-0.12185371,-0.03335394,0.11348514,-0.025790572,-0.10582967,0.038606808,4366
-0.2773398,0.13070522,0.1462229,-0.45106092,0.333475,0.5512109,-0.22009298,1.0498245,-0.71565664,-0.14411996,-0.004301183,-0.14254019,0.550052,-0.16573673,0.1698941,0.11727308,4173
0.0902971,0.31701958,-0.2523253,-0.10791434,0.26139408,0.112512104,0.2946465,0.46562487,-0.34761715,-0.37901247,0.18384616,-0.2615828,0.34337217,-0.30082798,-0.17175673,-0.2091179,3296
0.100831755,-0.061976284,-0.27584803,-0.061329037,0.12231849,0.19731887,0.16381302,0.6066277,0.020667061,-0.5888819,0.12795877,-0.36958754,0.54685307,-0.50251603,0.02512005,0.08667984,9660
0.09680912,0.23322362,0.3891493,-0.47589415,-0.17310965,0.3134762,0.1141599,0.80645734,-0.710832,-0.5162143,-0.018497072,0.016938902,-0.13920051,-0.21114461,0.15068755,-0.05809495,2509
0.3579675,0.385419,0.28607154,-0.5424342,-0.26854604,0.0327104,0.19655088,0.0972444,-0.21796775,-0.43824244,-0.34584522,-0.45464683,0.051585376,-0.30752543,-0.15769891,-0.3781789,3199
-0.0879681,0.1711329,0.3510536,-0.36566395,-0.01921472,0.18187591,0.45296797,0.37650853,-0.09753118,-0.5608734,-0.006648995,0.07542655,0.5248119,0.040299106,-0.24373817,-0.08767836,9214
-0.14271922,0.020477712,-0.039718103,-0.31263205,0.23990297,0.32021984,0.22449218,0.6049989,-0.77293855,-0.1116153,0.09953345,-0.027993336,0.5215715,-0.18270954,-0.40866226,-0.25146812,9315
-0.17585596,0.19787578,0.53731734,-0.5132004,-0.11644298,0.10558469,0.12419118,0.7941955,-0.79392624,-0.36313698,-0.33803725,0.19095564,0.14739618,-0.12661955,-0.23165955,0.09371473,8054
-0.0450397,0.3942877,-0.06031965,-0.85714895,0.024731472,-0.056611132,0.054379318,0.006728187,-0.49491444,0.021796405,-0.27841204,-0.034702655,-0.016480029,0.03407067,0.11228618,-0.24102068,3029
-0.21319404,0.019349996,0.06723921,-0.22637042,0.29707664,0.45849526,0.17387968,0.9655576,-1.0120366,-0.21385069,-0.10473271,-0.14241382,0.2680589,-0.49237704,-0.35458076,-0.24099271,5504
-0.14262445,0.15050736,0.4609547,-0.4475422,-0.16938606,-0.015986122,0.12099134,0.8360753,-0.6532773,-0.4348796,-0.23149131,0.3070587,0.17344335,-0.13757344,-0.113079876,-0.09285809,8617
0.03088925,0.051595695,0.13907573,-0.46293294,0.053128153,0.12058011,0.18596448,0.72753096,-0.5741494,-0.19901082,0.028745696,-0.09212793,0.27913576,-0.09614058,-0.50344884,-0.0071600974,7453
0.0070450604,0.30795816,-0.07524609,-0.0076880455,0.044881836,0.3244479,0.24765301,0.9215816,-0.33870977,-0.40809274,0.009878043,-0.39714116,0.16083477,-0.67158324,-0.35121906,-0.06350063,1905
0.025125466,0.1671631,-0.08507263,-0.4853642,0.21896645,0.3385144,0.18095338,0.43388736,-0.55794126,-0.05624736,-0.05475809,-0.29954618,0.39086816,-0.20744783,-0.27945673,-0.28757158,9817
0.10688698,0.21880186,-0.114899464,-0.47875547,0.13938451,-0.1147456,-0.005868146,0.05840662,-0.3661027,-0.11392133,-0.0014768392,0.040213935,0.19963464,-0.0654433,-0.07829793,0.03072238,9505
-0.15046416,-0.013811097,0.113075204,-0.45170033,-0.24190734,-0.35605854,-0.15417315,0.31472063,-0.420317,-0.2616955,-0.1074257,0.06566219,0.21214005,-0.10624585,-0.03948939,-0.27166495,5170
-0.07241785,-0.109638065,-0.18112057,-0.052001923,-0.25183102,-0.110300966,0.3533646,0.5377658,0.054670602,-0.77148527,0.2763572,-0.45496315,0.44464493,-0.44421056,-0.30683166,-0.30379468,8558
0.07101467,0.047436673,0.037252832,-0.5201994,0.1903392,0.13238573,0.09723738,0.31164736,-0.5136977,-0.09544289,-0.045660287,-0.1301801,0.4195959,-0.07758,-0.35141668,0.0013023168,6017
0.059710726,-0.11633877,0.284435,-0.43785697,0.17678513,0.033230197,0.044777505,0.43236023,-0.18825099,-0.5316781,-0.035532728,0.010557272,0.5893842,-0.09666056,0.14860255,0.2915315,2596
-0.10697529,0.03010086,0.027187042,-0.14003932,0.1745635,0.62489057,0.31241795,0.843415,-0.38158542,-0.59399325,0.15164068,-0.33069474,0.66447115,-0.5365473,-0.1197132,0.022486657,8858
0.04180157,-0.010012373,0.3922734,-0.40860683,-0.21720243,-0.36991072,0.029766135,0.33947003,-0.27686447,-0.48764086,-0.104300395,-0.14379287,0.2264988,-0.30077386,-0.19891408,-0.16185716,5516
-0.03554967,-0.09813413,0.45517957,-0.42986652,0.17078738,0.29070368,0.050856266,0.94056475,-0.4444757,-0.6476141,-0.1509063,0.052786395,0.57062936,-0.1444269,0.100994825,0.42006242,7395
0.20696253,0.13404115,0.17298478,-0.27839065,-0.04551339,0.0819493,0.07330762,0.5168551,-0.26943746,-0.40106708,0.12145952,-0.22884788,0.11572531,-0.25573102,-0.026921436,-0.4250933,2229
-0.05485469,0.20850427,0.38118896,-0.30935204,0.017874122,0.6119822,0.41497022,1.1302747,-0.7853094,-0.75846183,-0.042876117,-0.15711462,0.2997411,-0.642145,0.04038295,0.42445332,2133
0.115861475,0.13388519,-0.13507505,0.009479493,0.009593762,0.5918996,0.24707454,0.8662753,-0.33688807,-0.51174897,0.27828482,-0.55673206,0.14343031,-0.83687174,0.085416704,0.027396277,2326
0.1187833,0.17529601,0.14783378,-0.46805167,0.024139583,0.09268049,0.20155595,0.32992947,-0.34945396,-0.38651112,-0.13823889,0.041030973,0.1158251,-0.09895589,-0.036535114,0.10237488,1306
-0.15909763,0.20612048,0.16098388,-0.47485533,-0.05137658,-0.28626078,0.27412912,0.20831904,-0.40799507,-0.35676625,-0.030194238,0.41624302,0.0007047355,-0.17054936,0.19975992,-0.12856671,7439
-0.039501138,-0.10058361,0.19597118,-0.5375015,-0.039613873,-0.08875711,0.12673911,0.3354192,-0.5689491,-0.21596485,-0.21942706,0.29468754,0.33802813,0.10753489,-0.10760331,0.17888558,8295
0.05135969,0.16645554,0.030050736,-0.6448182,0.027142346,-0.06734213,0.030530341,0.2374185,-0.5180037,-0.13474205,-0.10604309,0.046512976,0.18970825,0.0304375,-0.18495584,-0.14173299,2277
0.1479134,0.09317264,-0.10634641,-0.29847616,0.25543672,0.24436554,0.20594868,0.3181275,-0.53259605,-0.17557502,0.06307267,-0.22195855,0.43585345,-0.24404326,-0.28674105,-0.167652,7830
-0.045607135,-0.028924242,0.061913382,-0.48871243,0.12625527,0.29585516,0.084878445,0.50546724,-0.6632799,-0.13945654,-0.094802536,-0.115474135,0.38426587,-0.16007179,-0.18496251,0.06704718,4727
0.11111385,0.033144206,0.057253703,-0.30046824,0.10133012,-0.16214007,0.07729247,0.3044281,-0.09977531,-0.45655236,0.014780519,-0.00031076372,0.2802728,-0.18964168,-0.00051262975,-0.0066753477,7834
0.031211793,-0.14992648,0.5367153,-0.36007366,-0.21629778,-0.21386167,0.18658264,0.499327,-0.1563172,-0.6100762,0.04631253,-0.2054005,0.49342334,-0.27854055,-0.44826233,-0.12834272,8192
-0.035275787,-0.039457172,0.49120098,-0.014765918,0.09020027,-0.079632044,0.17705078,0.6193783,-0.39239767,-0.56168,0.2727954,0.30135345,0.37456673,-0.0027123466,-0.0072309077,0.0880531,3837
-0.037500948,0.2709182,0.14781511,-0.44038585,0.14161627,0.19326079,0.18068099,0.5789481,-0.47725135,-0.24972555,-0.043484338,-0.4071554,0.35292187,-0.30459028,-0.384321,-0.22993533,9320
-0.2526276,-0.15051788,-0.11796583,0.16295928,-0.016171634,0.2731818,0.20766926,0.72383106,0.57191473,-0.9212779,0.2478121,-0.6935797,0.57547796,-0.902127,-0.12547328,-0.14752749,4464
0.07841312,0.1911329,0.15551783,-0.2707431,0.016668469,0.029221222,0.17421284,0.5419208,-0.28853512,-0.29927537,0.12334017,0.00074517727,0.32624477,-0.27996004,-0.18678671,0.13266695,7289
0.17682068,0.010651879,-0.035327245,-0.2967685,0.015903488,-0.11560744,0.17393099,0.3424172,-0.26595733,-0.3536289,0.07123389,-0.016494736,0.43859753,-0.11750314,-0.18585154,0.09023233,6812
-0.01564221,0.0375989,-0.11293639,-0.14965701,0.48067847,0.24776135,0.23417854,0.4121482,-0.461385,-0.23612052,0.043134097,-0.0020224154,0.6018511,-0.14877605,-0.18062717,0.14864424,2440
0.02082865,0.18682449,-0.0528649,-0.38512167,0.28303424,-0.19592318,0.073512845,0.051590204,-0.62006164,-0.09557463,-0.184333,0.3348925,0.35440105,-0.13584995,-0.17637438,0.13845527,8837
0.2302327,-0.028960526,-0.04149776,-0.20108058,-0.017826408,0.11947097,0.20484999,0.602613,-0.12758845,-0.49799734,0.07336624,-0.35372084,0.44987133,-0.41716972,-0.27577263,0.078009605,1348
-0.0100554,0.30032596,-0.07300135,-0.63215643,0.042007394,0.14071533,-0.015919313,0.1926429,-0.42070425,-0.13701645,-0.040292844,-0.30963808,0.11338158,-0.16760884,0.13662505,-0.44376528,3373
-0.06715281,0.43150258,-0.22505894,-0.46297115,0.1900572,-0.03307506,0.10762537,0.100736186,-0.44535917,0.06530154,-0.21257332,0.31981212,0.03607005,-0.022980727,0.2117289,-0.33221388,4428
-0.15276596,0.1426648,-0.09580775,-0.3863571,0.11854519,-0.29219005,0.0005985424,-0.105307594,-0.45326602,-0.108901285,-0.15769348,0.41030577,0.26588738,-0.11539546,0.11209871,0.06215792,1431
0.12779315,0.016580522,0.30419654,-0.31761605,-0.014274292,-0.346611,0.1782944,0.21484564,-0.263456,-0.4466193,-0.008423403,0.0993363,0.3038115,-0.25293475,-0.15518454,-0.10107882,6627
-0.07201843,0.13555431,0.16593221,-0.85597324,0.025115952,-0.10422233,0.017188082,0.062464647,-0.8133038,0.0036123395,-0.3284464,0.05453463,0.012342349,-0.031463273,-0.21561486,-0.10915595,2877
0.06597321,0.2547462,0.17045027,-0.47834864,-0.081055336,-0.23780495,0.2975645,0.1974374,-0.34316784,-0.3076534,-0.22382808,0.17452541,-0.0029507428,-0.11682036,-0.031850517,-0.33640695,7743
-0.08258377,0.3034342,0.120836005,-0.52417237,-0.096631244,-0.11931495,0.14700292,0.10778855,-0.41604406,-0.090000875,-0.25289562,-0.00094775856,0.12432559,-0.14791015,-0.31902558,-0.17513643,4792
-0.011971414,0.23849533,0.09957771,-0.35140455,0.0022786707,0.106596835,0.010395218,0.55019337,-0.6470408,-0.17602286,-0.24857298,-0.29168528,0.05842173,-0.41423577,-0.2653045,0.055910647,7315
-0.035545498,0.17848144,-0.06698415,-0.5626375,0.015591346,-0.24572487,0.05063409,0.034466207,-0.33894852,-0.3501084,0.0671058,-0.096837565,0.19450587,-0.06708291,-0.010489494,-0.22322819,5454
0.057015896,-0.07588745,-0.09005557,0.1411038,0.060820453,-0.08389039,0.40966806,0.5784444,0.17369841,-0.86815226,0.39971328,-0.16322796,0.6589732,-0.30345684,-0.11953314,-0.16366073,5055
-0.054739818,0.14286847,0.019391354,-0.6053173,-0.021089137,-0.016121421,0.1420825,0.11395329,-0.45247918,-0.16800903,-0.15531021,0.14863692,0.08370106,0.04373277,-0.14940557,-0.09114759,8661
0.06221369,0.19885737,0.13039246,-0.48287404,0.24977468,-0.21524878,0.12669756,0.09958131,-0.27790582,-0.28200692,-0.1011495,0.21274865,0.15872367,-0.17903087,0.08107494,0.047735885,5811
0.2921359,0.21877834,0.068567894,-0.58857393,-0.23945433,-0.042182345,0.031781144,0.16625308,-0.28033435,-0.32229474,-0.13685943,-0.3605162,-0.021192268,-0.29388073,0.15180612,-0.46076787,4028
0.03536351,0.044941545,0.05307957,-0.20942566,0.25569898,-0.006053988,0.35880286,0.23886397,-0.2890788,-0.32995534,0.16561599,0.07236972,0.4913621,-0.14337526,-0.31328517,0.16956235,3004
0.2081505,0.10787662,0.014594499,-0.16604976,0.257514,-0.19104001,0.13563317,0.30062908,-0.17834695,-0.36005017,-0.06285048,-0.017648607,0.18101813,-0.29520333,0.23508365,-0.17852522,9027
-0.08662529,0.029299527,-0.07838466,-0.3079907,0.3127467,-0.023761176,0.18493003,0.23323093,-0.38774347,-0.19463071,0.022155933,0.4215477,0.48031008,-0.047763355,-0.1678339,-0.11990774,8436
-0.10430698,-0.007375054,-0.13454397,-0.114801705,0.074321866,0.10969301,0.35758704,0.4306944,-0.46890247,-0.35742912,0.18252979,-0.16261052,0.34548804,-0.38772023,-0.18056685,0.014413044,3015
0.19630764,-0.25432453,0.007650908,-0.38468888,0.021519646,-0.08268564,0.06747101,0.49506125,-0.4003294,-0.43689063,-0.21065527,-0.25552976,0.43943524,-0.12655142,-0.0958294,0.22734018,1420
-0.14991108,-0.03463881,0.38543296,-0.70755935,-0.06915144,0.12277959,-0.041265603,0.5577081,-0.85851663,-0.16383603,-0.410282,0.16966811,0.2588153,0.19571303,-0.17004605,0.07171862,4703
-0.11474395,0.1129909,-0.05563779,-0.6575751,-0.16957182,-0.18187736,-0.004964426,-0.04274471,-0.6877832,-0.03649564,-0.01174663,0.048077308,0.04698804,0.15093899,0.0834955,-0.07310353,7790
0.100093946,-0.20983233,0.4217516,-0.3538839,0.06707391,-0.028620303,0.032537293,0.71589077,-0.36612535,-0.34564227,-0.03306601,0.15027207,0.5630957,-0.0073685087,-0.33665073,0.117388085,9301
0.036482282,0.20939827,0.25687915,-0.15360774,0.048660316,0.24194857,0.17276575,0.8711681,-0.55747366,-0.48908567,-0.030215114,-0.11268411,0.2168211,-0.51357585,-0.17297821,0.13403758,4408
-0.08948949,0.10188264,0.0635667,-0.64948034,-0.13195303,0.06237902,0.303368,0.17653564,-0.5704509,-0.15969345,-0.25143066,0.13511242,0.12075356,0.05909031,-0.30719626,-0.2656563,2247
0.13905652,-0.03360191,0.032382913,-0.13942857,0.35712484,-0.17151302,0.2021231,0.14648631,-0.19602177,-0.31432414,-0.12882626,-0.17679065,0.46309382,-0.35374814,0.023832008,0.063152626,2982
0.0848177,0.371077,0.038064428,-0.37149525,0.033976078,-0.009558968,0.34285742,-0.021247745,-0.2767674,-0.23303333,-0.2751042,0.11142845,0.12128498,-0.1731712,-0.04340315,-0.29263496,8704
-0.12713735,0.08077797,0.044763286,-0.64312774,0.040625952,-0.014921039,0.1447526,0.19265546,-0.7029326,-0.07611498,-0.33231652,0.1778491,0.2973784,-0.041801568,-0.27668208,-0.0011550784,9561
-0.17113854,-0.12577689,0.06243821,-0.43524948,0.048712153,-0.05997716,-0.072151184,0.39199066,-0.5847551,0.017826274,0.004297945,0.38283426,0.45510954,0.10465186,-0.20779222,-0.027832046,9471
-0.01890175,-0.12815592,-0.10352339,-0.29786515,-0.004386522,-0.1895807,0.08859726,0.21306464,-0.09285746,-0.30461717,0.071198665,-0.16618729,0.37138364,-0.18564582,-0.2288582,0.05756419,1689
0.2920381,0.13985753,0.3961194,-0.54298663,-0.1618616,-0.07694633,-0.032395132,0.30653584,-0.27130088,-0.5060216,-0.18510962,-0.41320476,0.19811288,-0.32798785,0.0002399683,-0.24466546,7866
0.18472719,0.26261863,-0.34380797,-0.41988203,0.52192646,-0.17947657,0.03817725,0.023229524,-0.39680326,-0.24029385,-0.018586371,0.3378138,0.3872769,-0.042286173,0.04319784,0.08754392,7619
-0.19762047,-0.107908085,-0.07562549,-0.36178946,-0.05131772,0.37253606,0.36418343,0.42677516,-0.8185209,-0.20375349,0.059212793,-0.040330075,0.35867786,-0.07364513,-0.12253548,0.0044865757,9047
0.16442633,0.18444726,-0.024189243,-0.507316,0.027249515,-0.083618574,-4.2501837e-05,0.1032062,-0.45507625,-0.07178228,-0.035367556,0.07965579,0.19264129,0.015098922,-0.13833767,-0.0020841807,9221
0.066017896,0.53517234,-0.26063856,-0.6611804,-0.092323884,0.06437717,0.23534727,-0.14272597,-0.47349244,-0.037886307,-0.394999,0.1400886,-0.12236357,-0.049951617,0.107212484,-0.5978421,6916
0.2089122,0.014278153,0.20815247,-0.4213523,-0.13072571,0.12330223,0.19555634,0.56459457,-0.3579015,-0.3773531,-0.23362309,-0.23991597,0.31138116,-0.21244824,-0.36602396,-0.03714478,4743
-0.06934297,0.10926905,0.23117955,-0.61944157,0.3043385,-0.26703012,0.05804249,0.17870991,-0.24346033,-0.3506209,-0.32510668,0.20810243,0.19672495,-0.18436459,0.21532065,0.09270615,7781
-0.08221501,0.13197619,-0.035928648,-0.6567347,-0.058715835,-0.25513256,0.14007679,-0.16657872,-0.583947,-0.13968179,-0.18801308,0.26785815,-0.030617028,-0.019823149,0.013085455,-0.012463778,5067
0.21784219,0.35054895,-0.078401044,-0.30328605,0.5230403,-0.21296415,0.13175647,-0.01653941,-0.4424438,-0.1713554,-0.17630538,0.22231403,0.17975281,-0.2219018,0.12451808,-0.012867317,7597
0.007959217,0.06560116,-0.13620661,-0.5246555,0.21807827,-0.031516574,0.110008486,0.25904948,-0.5657347,-0.12574843,0.020760495,0.31597134,0.47238424,0.025715142,-0.20905688,-0.27468085,6975
0.11433375,0.09580231,0.097699635,-0.09662348,-0.24330458,0.20758486,0.117724426,0.77477515,-0.13795596,-0.5636191,0.37151912,-0.3219183,0.25804323,-0.42406684,-0.009878725,-0.011403471,7749
0.04199712,0.22766808,0.2290291,-0.2758209,0.11567498,0.62176937,0.19950077,0.90120065,-0.39407867,-0.7716658,0.10515296,-0.21706404,0.33956274,-0.47221535,0.22947872,-0.10812256,1426
0.18902825,0.31290224,-0.19713591,-0.31747514,-0.135705,0.204882,0.15425326,0.43368137,-0.4535014,-0.2648537,0.087360546,-0.42747384,0.0012487173,-0.29061043,-0.12387973,-0.2477971,6979
-0.04194808,-0.0813105,0.2765256,-0.62016714,0.21601063,-0.042927146,0.028007194,0.38506627,-0.32487208,-0.43316805,-0.317343,0.01439853,0.42015892,-0.060407028,0.010384917,0.28517863,3403
0.13391961,0.26101655,0.26930988,-0.2920413,0.054384228,-0.0749054,0.21096359,0.36781877,-0.4196065,-0.4008936,-0.12062055,0.12617812,0.09077127,-0.1738813,0.050281227,-0.22583222,5089
0.24248412,0.38595554,-0.0019252095,-0.55661345,0.13788286,-0.24843912,0.104094945,0.15384276,-0.41592968,-0.2740485,-0.18715417,-0.08594673,0.1481432,-0.1636503,-0.026500404,-0.29240796,5346
0.161195,-0.109204546,-0.05084069,-0.4211796,-0.0624972,0.24253345,0.24208105,0.37725097,-0.66180795,-0.17356041,-0.10140674,-0.19059747,0.24968526,-0.1324773,-0.346841,0.04430823,4017
-0.07252285,0.06339429,0.1724349,-0.291729,0.048953414,-0.051328816,0.37045932,0.349124,-0.3841897,-0.2770785,-0.0123942755,0.05803004,0.7641987,-0.16500363,-0.5905649,0.16251728,7641
-0.16593638,-0.06503679,0.58855915,-0.30967396,-0.4561531,0.00039517507,0.3928635,0.5941141,-0.2864976,-0.61876523,-0.1580795,0.081166565,0.17037496,-0.19987093,-0.29270777,-0.3730295,8171
0.1361341,-0.09214784,-0.14484037,-0.2736512,0.49506268,0.09774458,0.11851304,0.28493536,-0.39593035,-0.19964291,-0.020874213,-0.12991375,0.7104006,-0.25056767,-0.2889193,0.28031617,1872
-0.0087994635,0.14286374,-0.041444242,-0.62018853,0.042644083,-0.30928627,0.016343841,-0.0126956105,-0.5175413,-0.16345046,-0.155684,0.18002485,0.05363384,-0.08710015,-0.0047872066,0.13361584,1621
0.055612877,0.069122285,0.333153,-0.22075152,-0.3215965,-0.1264712,0.095270984,0.7050564,-0.6636557,-0.3668095,-0.28730986,-0.25306463,0.11029816,-0.43219107,-0.53449523,-0.15345538,7894
-0.20305297,0.12402667,0.24226135,-0.46818948,-0.034645222,0.3961966,0.17033543,0.7341092,-0.64718676,-0.31847668,-0.042002283,0.110923916,0.51572716,0.029602319,-0.10458696,0.12277901,8073
0.23234183,0.26674962,-0.033178672,-0.5791814,-0.03145419,0.14163649,-0.024513124,0.27361703,-0.5117236,-0.20286906,-0.082068235,-0.22021283,0.07332054,-0.050117828,0.1370045,-0.2894044,8445
-0.1732908,-0.030453369,0.16546507,-0.25139573,0.067754984,0.306366,0.12715401,0.7281573,-0.6066401,-0.32506388,0.09614086,0.026105613,0.5606152,-0.0503902,-0.109273806,0.25568736,2351
0.32018253,0.24031875,0.2358437,-0.3282026,0.2121287,-0.27474487,0.10645126,0.23597524,-0.36049116,-0.43937168,-0.14761527,0.016491935,0.121925145,-0.23110846,0.17525262,-0.11625604,3104
0.051676437,0.13997377,-0.23973897,-0.17005472,-0.053227223,0.10614268,0.294627,0.24856782,-0.1303345,-0.30984572,0.19908798,-0.3457747,0.28917384,-0.38392648,-0.20060194,0.0686617,9101
0.13198766,-0.015676804,-0.31975514,-0.032641888,0.21269576,-0.042445146,0.124283366,0.6625897,-0.16601388,-0.28612435,0.22942173,-0.21865262,0.4742636,-0.3392881,-0.008868054,-0.19986926,9777
-0.3213367,0.0901611,0.22966594,0.10438582,0.14713082,0.460591,0.44362155,1.2753171,-0.37328035,-0.83406734,0.35916048,0.16910179,0.56969714,-0.34801197,-0.04067236,-0.006211072,4235
-0.13116598,0.26180863,0.14932528,-0.48030576,-0.0076781884,0.27875888,0.35520536,0.45174325,-0.19179755,-0.3419512,0.0203444,0.12569478,0.277181,-0.027661316,-0.099654734,-0.07987337,9875
-0.12010947,-0.14336504,-0.19028588,0.2822505,0.57053614,0.36176687,0.40804842,0.6357171,-0.18576226,-0.69894767,0.3240047,-0.46717504,1.036583,-0.6263962,-0.20226091,0.08313251,1591
-0.1888518,0.07199245,0.120245434,-0.35906604,-0.08195317,-0.17247424,0.11993662,0.19049484,-0.24172519,-0.38031057,0.1549575,0.15230271,0.3508268,-0.083038,0.005097091,-0.11728294,4432
-0.18943523,0.20841557,0.17822209,-0.65350103,-0.032865837,-0.08174659,-0.097042255,0.17692444,-0.75745296,-0.1293743,-0.31419435,-0.09386018,0.09763701,-0.17417264,-0.2797767,-0.03424287,5970
-0.10412344,-0.032107227,0.041458823,-0.32380185,0.06539027,0.057301935,0.050280225,0.52813804,-0.44952685,-0.30001843,0.090888515,-0.06835187,0.33345494,-0.13940315,-0.29446524,-0.18770246,9417
0.12525888,-0.0011748895,-0.14777923,-0.2763993,0.34010404,0.18213019,0.09333274,0.39758247,-0.49063015,-0.09861578,-0.0013620798,-0.36197418,0.5282548,-0.35073432,-0.34502363,0.04274729,5183
-0.31009007,0.18481497,0.6348684,0.0037554204,0.26533073,0.6011193,0.3609032,1.4358727,-0.42837185,-0.883325,0.5024816,0.54012465,0.48068428,-0.09845631,0.43260202,0.046011508,4633
0.26181343,0.2287851,-0.13222735,-0.6023815,0.1741555,-0.15097958,0.10041692,0.053401537,-0.510389,-0.22401182,-0.11366579,0.14059988,0.31048802,-0.10168384,0.004572183,-0.31006473,8195
0.13208446,-0.046966977,-0.24181774,-0.18726498,-0.07953544,0.09539454,0.115557015,0.3711539,-0.3275672,-0.145841,0.187319,-0.3788093,0.33642903,-0.29413283,-0.20318696,0.021178618,2547
0.1095715,-0.0491874,0.041698806,-0.4247031,-0.016509473,-0.13688135,0.14629607,0.2378833,-0.46414268,-0.20925833,-0.19781429,-0.17054845,0.27000174,-0.16846648,-0.27294907,0.17647423,3684
-0.044329345,0.17151356,-0.03879387,-0.2624317,-0.05519005,-0.04520674,0.13203593,0.3954355,-0.39608073,-0.23464942,-0.019781174,-0.33746618,0.4049519,-0.42817533,-0.3716534,0.030545622,7042
0.06836731,0.04052306,0.25268748,-0.22086552,0.21895906,0.06220354,0.20395103,0.614267,-0.31400573,-0.5844331,0.08734365,-0.045339517,0.48947608,-0.11071244,-0.058891684,0.053114384,9223
-0.0032876432,0.08446473,0.13574527,-0.5136837,0.063481174,0.33539948,0.16096926,0.21186602,-0.31111726,-0.36007595,-0.2980046,-0.24580202,0.42094287,-0.20241812,-0.0029286146,-0.087910965,3763
0.15157732,0.16538188,0.10799146,-0.32418734,0.22030273,-0.08134233,0.0024462938,0.46025497,-0.32867074,-0.11417581,-0.13462254,0.067281574,0.3257836,-0.12693244,-0.008613288,-0.040346712,2498
-0.027985334,0.12544353,0.021232415,-0.3795383,0.14894605,-0.09783699,0.2493034,-0.17332368,-0.14391221,-0.103307195,-0.22985515,0.116019964,0.15246862,-0.09628539,0.0684603,-0.04411657,5707
0.10481592,0.14749594,0.080015734,-0.4718728,0.21387294,-0.24077529,0.07444116,0.03698173,-0.346406,-0.3289104,-0.2647323,0.027407229,0.1835699,-0.11087941,-0.112590864,0.10755537,1288
-0.013444491,-0.19262978,-0.21217151,-0.017146349,0.97353685,0.36061835,0.3609737,0.38346186,-0.28676757,-0.23664683,-0.05702039,-0.16153851,0.82575816,-0.34050548,0.17215349,0.20527261,8954
-0.3240192,0.1663335,0.12839171,-0.22536847,-0.0096627325,0.41499132,0.3826112,0.5798613,-0.42834735,-0.27455172,-0.14053139,-0.39638516,0.47236598,-0.45900652,-0.48427078,-0.2713583,7097
0.24247542,-0.04930827,0.58526695,-0.14075492,-0.11050966,0.30784708,0.11166671,0.9250451,-0.4233116,-0.86192644,0.21585158,0.0762289,0.3539263,-0.27776718,-0.06391579,0.21566854,6930
0.042314112,0.17040168,-0.10029024,-0.24707013,-0.123577595,0.33095127,0.32546026,0.49316025,-0.33149248,-0.15417565,-0.097192496,-0.35994688,0.29198018,-0.35780007,-0.4003433,-0.05676636,5573
0.013097331,0.11661255,0.023267627,-0.21759084,0.22585681,0.23027672,0.5134495,0.35227352,-0.29595518,-0.3393818,-0.012126522,-0.036955632,0.4819407,-0.20327023,-0.23851204,-0.23136295,9148
-0.14377399,0.07880861,0.14706863,-0.36494377,0.22873,0.59564227,0.15504374,0.8225935,-0.5073597,-0.42626145,-0.0075849555,-0.17355989,0.5004435,-0.31455678,0.029700488,0.03212002,7855
-0.04680094,0.27748445,0.27738255,-0.8937301,0.25835568,0.052648872,0.104655564,0.36814687,-0.4577647,-0.4549867,-0.58813304,0.39440122,0.22830133,0.0016132146,0.4903634,0.07859349,3003
-0.048439786,-0.04281094,-0.27200598,-0.018032074,-0.076297194,-0.13517177,0.14641106,0.581422,0.29623646,-0.48828322,0.30143052,-0.15933523,0.3832841,-0.3454275,-0.19602028,-0.27259988,3359
0.038368285,0.1418594,0.0020861104,-0.3192176,-0.052316353,0.14747284,0.31099576,0.30745804,-0.09800027,-0.23963171,0.019908855,-0.27356273,0.3701424,-0.186301,-0.34837404,-0.029446915,1910
0.10652835,0.25259903,0.31724545,-0.18412161,0.12365866,-0.16965333,0.27308068,0.328467,-0.18118912,-0.56930757,0.09107596,0.122055106,0.17835137,-0.15228742,-0.2155597,-0.023145288,4744
0.12449913,-0.12777285,-0.12787394,-0.107598215,0.23625723,-0.0558844,-0.10332787,0.12363236,-0.31727284,-0.053499106,0.09253917,0.19285816,0.6724162,-0.042484947,0.02353704,0.19494328,8565
0.22387108,0.0017793104,0.34877008,-0.46793875,-0.157245,0.056934774,-0.01630288,0.44032308,-0.38145104,-0.45777726,-0.08568525,-0.35744774,0.40960753,-0.36082476,-0.19446063,0.052709028,3752
-0.14284542,-0.012442641,0.49627638,-0.21445198,0.09669612,0.22359005,0.31601715,0.8369797,-0.05104883,-0.90483147,0.25955343,0.13449341,0.7715891,-0.20916048,0.28567016,0.14330399,3717
0.0275293,0.22819588,0.08353432,-0.24657346,0.12801558,-0.14008743,0.3118288,0.25697142,-0.21840622,-0.4942851,0.117981784,0.081764,0.17984167,-0.22918937,0.025226533,0.09239106,2887
-0.09433487,0.1116492,-0.10602418,-0.21632794,0.23699734,0.32699963,0.3598304,0.33206633,-0.42798364,-0.21524975,0.1225802,-0.11243444,0.5161309,-0.2492229,-0.31031257,-0.0038532168,7204
0.10345185,-0.031877935,0.07706035,-0.13697878,-0.11805839,-0.17839408,0.14344092,0.32764688,0.084418975,-0.38960856,0.29202762,-0.19232431,0.25006148,-0.23536505,-0.1364199,-0.07869719,3344
0.12680534,-0.13113968,0.1590459,-0.22101244,0.025376637,-0.04081532,-0.017716205,0.51885223,-0.26406607,-0.38072592,0.07953819,-0.07467473,0.56442887,-0.20340174,0.004892513,0.2370207,1430
0.17488308,0.17430563,-0.092267066,-0.20661968,0.3223385,-0.07371636,0.18366414,0.26926067,-0.45579654,-0.22967386,0.09484645,0.05037027,0.29420948,-0.18802345,-0.06763832,0.10938187,9963
0.037238866,-0.109568626,-0.38234243,-0.030618936,0.08162489,0.25659946,0.13495374,0.6059711,-0.20395464,-0.15436281,0.14564997,-0.54310167,0.34758127,-0.564675,-0.07408336,-0.12835838,9859
-0.23649918,-0.009515241,0.0076394454,-0.19936582,0.20909199,0.17608914,0.080711946,0.5823082,-0.37972426,-0.16240576,0.20443599,0.112839445,0.6227311,-0.11635717,-0.2647667,-0.028317392,9569
-0.1510074,0.11268845,-0.36550158,0.44945958,0.43802842,0.60129905,0.78451616,1.0777211,0.13046499,-1.1758102,0.4909472,-0.6010653,0.6012986,-0.8855922,0.08165161,-0.4331768,6474
0.120868005,0.099861294,-0.059645325,-0.31892145,0.044178247,-0.046631366,0.09394715,0.1577696,-0.20435008,-0.44957522,0.12116385,-0.12836036,0.48432502,-0.1992278,-0.10619571,0.09322791,7346
0.0618271,0.2678427,0.16267362,-0.24597314,0.45061725,-0.2774285,0.16689447,0.04006119,-0.40881148,-0.38455346,-0.15617846,0.42035013,0.08030102,-0.25516674,0.17652214,0.05134973,5876
0.25266725,0.17197707,-0.19618255,-0.3687362,0.0018352419,0.20158765,0.18915303,0.37395924,-0.40145552,-0.13293593,0.084677786,-0.30747464,0.14526156,-0.185817,-0.2047915,-0.017096832,7632
-0.19297369,0.22137126,0.37367532,-0.78076875,-0.067139104,-0.27072734,-0.03469051,0.34953576,-0.91563773,-0.06304817,-0.58692884,0.13859859,0.04207766,-0.09207208,-0.4140297,-0.19028065,7910
0.2210823,-0.2794339,-0.15531513,0.2426678,0.1964567,0.21152969,0.30800855,0.9776511,0.1723802,-0.97118056,0.2897707,-0.19617939,0.7920543,-0.5877868,0.3691974,-0.034118757,4883
-0.097783536,-0.065073505,-0.033505876,-0.25250253,0.13471824,-0.048691966,0.08615698,0.35025865,0.10051341,-0.38786995,-0.07020269,-0.31723282,0.58602893,-0.30870447,-0.22379468,0.1274361,8825
0.04738809,0.33108836,-0.04560576,-0.6437456,0.1811909,0.14686584,-0.016526498,0.37993455,-0.55436116,0.06622976,-0.1483336,-0.07242477,0.2302357,-0.06356372,-0.06335968,-0.2728154,8924
0.010003194,0.015060216,0.073044546,-0.3712193,0.26447618,-0.09833295,0.29636356,0.37483674,-0.40809238,-0.29860362,0.004495807,0.5253336,0.32739756,0.044816054,0.017150253,-0.09104057,3159
0.18989454,0.14383128,0.18528073,-0.14407158,0.060319364,0.29544544,0.49317393,0.7101158,-0.28541178,-0.8519017,0.29071996,0.031648867,0.3884653,-0.15025832,0.20580399,0.03012298,1685
0.25574514,-0.07626246,-0.24541995,-0.041630983,0.10904789,0.051282648,0.19106843,0.37615454,0.12196043,-0.69841397,0.174838,-0.4132397,0.5567293,-0.53658634,0.13637027,-0.04972577,5680
0.058097623,0.0069579184,0.39151874,-0.24212193,-0.14673416,0.10462309,0.1298945,0.5605816,0.006079152,-0.61205804,0.076466106,-0.3977685,0.38545623,-0.61926395,-0.117724344,0.039094403,4758
0.065700665,-0.2988335,0.017149653,-0.10435005,0.07120665,-0.05228273,0.19985843,0.64725035,-0.1644788,-0.62742364,0.17237337,0.06259836,0.41919267,-0.21317267,-0.20570616,-0.28732076,1221
0.079401955,0.41424513,0.071330115,-0.79985285,0.027115107,0.057801425,0.025755353,0.42046928,-0.64441085,-0.16952287,-0.26176995,-0.1282901,-0.023033291,0.109126076,0.039218217,-0.34089395,1968
-0.044300422,-0.010920092,0.3090692,-0.33543915,-0.121201515,-0.22083962,0.124319404,0.51791084,-0.24163836,-0.53380346,0.0319428,0.045951173,0.4491556,-0.1568915,-0.36846024,0.047805473,4700
-0.23834799,0.2015762,0.036756705,-0.26694268,0.027016588,0.40578526,0.48306942,0.4624545,-0.31326586,-0.26552948,0.066470094,-0.23360083,0.42130822,-0.25295413,-0.43384194,-0.34856611,2407
-0.030762598,0.18391813,0.34870392,-0.06955367,-0.20111525,-0.34730574,0.31272563,0.50178367,-0.52532303,-0.48501816,0.22999457,0.33006895,0.27301285,-0.30419827,-0.08868222,-0.13516384,4539
-0.005944103,0.12718764,-0.014524087,-0.14278862,0.099667296,0.15089552,0.42522565,0.44202074,-0.0035793483,-0.4650387,0.1693815,-0.3079163,0.50000954,-0.31538275,-0.24864657,-0.1432153,3267
0.16086042,0.118106246,0.10071389,-0.543099,-0.0953958,-0.10783824,0.053922493,0.10843983,-0.40687555,-0.14770405,-0.26481694,-0.1358513,0.21492928,-0.067918286,-0.17441362,-0.189247,8556
0.20483615,0.24528593,-0.1742376,-0.20281795,0.12985219,0.12814473,0.2332558,0.34987408,-0.3690474,-0.3289039,0.041240662,-0.36402917,0.2886688,-0.2634833,-0.15903279,-0.15936662,9651
-0.15362675,0.0895693,-0.032635435,-0.2319499,0.17531495,0.12503101,0.14257325,0.4302384,-0.6304703,-0.27792284,0.046524707,0.055385053,0.4386876,0.04458368,-0.041882545,-0.019420624,2104
0.06500133,-0.0040621012,-0.14992349,-0.3252092,0.36689872,-0.17026414,0.050002486,0.0363307,-0.21576904,-0.108611345,-0.12637894,0.17505112,0.37966377,-0.11116959,-0.09904969,0.17144409,7746
0.08100671,0.5034925,-0.22984768,-0.40809116,0.04738372,-0.014150724,0.22287948,0.10451179,-0.3768491,-0.21027976,-0.13323697,0.015329659,-0.015600711,0.028289765,-0.03524165,-0.31228405,8218
-0.0364877,0.2988763,0.02183884,-0.60412586,0.12694195,-0.21368435,0.14789067,-0.04309781,-0.41216385,-0.37696284,-0.07972135,0.16206458,0.027570993,-0.03608726,0.11926614,-0.096654326,4576
-0.013085425,-0.14614016,0.26337177,-0.024539113,0.79424274,-0.18655859,0.2683991,0.19551146,-0.2772535,-0.64231133,-0.19965903,0.4916693,0.48072532,-0.19127855,0.5229305,-0.05421944,2270
-0.23246658,0.022284225,-0.049152814,0.13058674,-0.08622785,-0.055898473,0.22482617,0.84298885,0.09023481,-0.63339597,0.15858659,-0.4857869,0.5929296,-0.6453755,-0.5762406,-0.0072339475,7483
0.0043118,0.019508146,0.21144828,-0.36618388,-0.01216419,0.18182428,0.16858208,0.7978621,-0.34193337,-0.6175733,-0.104785725,-0.13467018,0.5384277,-0.27760178,-0.043413326,0.29900953,4485
-0.10384689,-0.18093549,-0.14097838,-0.08825657,0.5314902,-0.015067551,0.12804247,0.057585232,0.035586417,-0.19419998,-0.102537975,0.08228016,0.45609263,-0.31852692,-0.0005773902,0.08959775,3044
0.2719782,0.11240863,0.3366135,-0.28980184,-0.07529503,-0.17962128,0.33194447,0.4162999,-0.366217,-0.8067018,-0.01348047,-0.22121139,0.22403103,-0.24926442,-0.10374874,-0.4307611,1226
-0.14398067,0.22329132,0.070301786,-0.36231643,0.0629802,0.1639777,0.1854441,0.60819495,-0.45544475,-0.31200355,0.1718621,0.10002573,0.37972257,-0.017024174,0.0215348,-0.114988,1317
-0.016016424,0.03380598,-0.117515974,-0.073170364,0.21846776,0.0651983,0.11719509,0.47278345,-0.5562525,-0.18968798,0.2144281,-0.051516972,0.61975837,-0.10102536,-0.25775138,0.022630662,4902
-0.0075914487,-0.040743507,0.08371277,-0.24974646,0.19110796,0.53635985,0.4182616,0.86662364,-0.39605755,-0.76445925,0.21812628,0.055431586,0.42298585,-0.1901299,0.048793077,0.041524515,8721
0.25423884,0.16958988,-0.042681415,-0.37890142,-0.038385317,0.06152664,0.105743445,0.34416333,-0.30643582,-0.3385363,-0.010221131,-0.24579659,0.21564522,-0.15855333,-0.1453447,-0.06386545,8811
-0.12408257,0.15388855,0.40358296,-0.46419898,-0.008600369,0.26248467,0.19209875,0.7477806,-0.57992184,-0.50240564,-0.04628801,0.25444472,0.3205724,-0.030440252,0.124965966,0.28219283,7471
-0.22298628,0.12906614,-0.42294052,0.30075434,0.096679114,0.25834805,0.41768342,0.57929707,-0.051199988,-0.76307243,0.5267092,-0.52685124,0.5274261,-0.67545074,-0.17333671,-0.5230285,4904
-0.07386464,0.3459794,-0.2643403,-0.48511168,0.023399245,0.18389376,0.24268353,0.17222916,-0.6550505,-0.078624204,-0.12139009,0.14009656,0.18190193,-0.04836968,-0.10950275,-0.3264318,7892
0.092014164,0.26481482,-0.152425,-0.4097585,0.11196277,0.18701515,0.053614423,0.43785244,-0.41275862,-0.17626706,0.12185139,-0.31281906,0.22112207,-0.26072866,-0.031025201,-0.32863426,3453
-0.06757364,0.06977104,0.06582835,-0.19706586,0.11964886,0.095828444,0.39337227,0.16450603,-0.1439585,-0.37806877,0.078954384,-0.16172297,0.72719383,-0.27731448,-0.36778063,0.059852406,8851
0.2997673,-0.19292086,0.6137468,-0.11215897,0.013423316,-0.38856035,0.19842976,0.39973825,-0.17207177,-1.0682921,-0.10637755,-0.08368143,0.17843087,-0.41700467,0.087602645,-0.36835632,1609
-0.1608881,0.14831488,0.2075992,-0.13027124,-0.0062507875,-0.05854105,0.32343948,0.56944525,-0.3038703,-0.5227264,0.05988918,0.057438537,0.14120647,-0.17876959,-0.07708655,-0.25477532,8467
-0.22132075,0.11289355,-0.043560013,-0.51419145,0.1478726,0.4939776,0.28302485,0.59622574,-0.697916,-0.055045567,-0.15331821,0.032971956,0.42936486,-0.17407712,-0.21340266,-0.29325664,1129
-0.07949045,0.44424105,0.029043905,-0.2766176,0.03206627,-0.04463955,0.41225103,0.1580877,-0.13998145,-0.2901624,-0.107520945,0.23254964,-0.02791515,-0.09750053,-0.032512516,-0.31705543,7078
-0.046748802,0.4058782,-0.04218918,-0.7716427,0.08071099,-0.13051821,0.08741491,0.18197896,-0.5841908,-0.09307988,-0.30356014,0.29774272,-0.00996244,0.1558775,0.12237546,-0.26853484,2729
0.0201374,0.106108144,0.07063161,-0.56229776,0.09141934,-0.5364327,0.13063303,-0.04723054,-0.54252696,-0.56031644,-0.27694368,0.4622745,0.06917703,-0.27461398,0.12867478,-0.42001274,3936
-0.15451212,-0.11034942,-0.09515144,-0.022341788,0.4529521,0.37358895,0.38095695,0.75465906,-0.7938789,-0.25920507,0.15748781,0.0055606216,0.7763303,-0.26304713,-0.28088516,0.031614676,2203
0.06393649,0.29088867,-0.19842604,-0.033570647,0.6038346,0.041482013,0.44755596,0.3260628,-0.5054695,-0.3956647,-0.0029818658,0.17414518,0.42660624,-0.13010123,0.060548365,-0.12514088,1975
-0.16574919,0.0099749565,0.26958358,-0.29251057,0.07492067,-0.010178886,0.11668542,0.5508959,-0.18317455,-0.40692228,0.041800775,0.29264075,0.38618264,0.06438567,-0.15962933,0.10200256,8519
0.17772071,-0.017353259,0.11031647,-0.50189805,0.179223,-0.27184987,0.025150873,0.1411757,-0.5314841,-0.23938325,-0.2866075,0.08549523,0.3699796,-0.029375471,-0.13072814,0.21949057,6715
-0.19166474,-0.06882886,-0.025968341,0.07571679,0.12296392,0.025853809,0.3008416,0.67770576,-0.14530186,-0.6259316,0.3655833,-0.13501318,0.38769355,-0.3626115,-0.17800044,-0.3031348,3026
0.24112526,0.16364892,0.33348325,-0.18977883,-0.06709799,-0.19430375,0.2677502,0.3282034,-0.14528625,-0.44354838,-0.023797221,-0.15810709,0.26991612,-0.3283347,-0.25418928,-0.18532178,8407
-0.3623855,-0.049178645,0.021529093,-0.32890624,0.24900311,0.4052196,0.40938866,0.7085142,-0.6618253,-0.10799371,0.0649818,0.31167966,0.7077838,-0.124427035,-0.30247617,-0.14245674,5997
0.0054341406,-0.056351468,0.026734473,-0.39056197,0.3691129,0.14933819,-0.006006453,0.40736967,-0.120082855,-0.25195336,-0.10444169,-0.21511953,0.513378,-0.22670859,-0.017385527,0.09683663,1220
-0.0667211,0.24535728,0.14086121,-0.42370477,-0.03510709,-0.25337148,0.12397048,0.037451975,-0.42997074,-0.10264054,-0.16827399,0.1000007,0.3101705,-0.19277428,-0.3307484,0.005959034,5051
-0.43057233,-0.3329083,0.23990609,-0.37733018,0.49909934,0.25269017,0.1154112,0.58616674,-0.10196637,-0.36444044,-0.3605128,-0.5137136,0.90196824,-0.4868538,-0.3030394,0.21305315,2221
0.089791626,0.2168188,-0.23436117,-0.16451137,0.3044924,0.20401138,0.15025854,0.46362063,-0.034318745,-0.099337116,0.16639958,-0.48646784,0.42604333,-0.47647077,-0.106323086,-0.04453756,6756
0.11074393,0.34307814,0.12849398,-0.49824867,0.010527,-0.19079436,-0.11581182,0.5246446,-0.3805664,-0.10824366,-0.14101547,0.06985089,-0.12832662,-0.112696774,-0.08340338,0.03552094,3216
0.07293391,0.084205404,-0.09041798,0.088137746,0.36163828,0.013387226,0.2667316,0.28381392,-0.4233061,-0.2329077,0.1869384,0.24890883,0.5194342,-0.055412203,0.19273213,0.14158748,5547
-0.081988156,0.17504486,0.22207186,-0.2325548,-0.23246543,0.07726842,0.13937539,0.31559795,-0.27244163,-0.7425977,0.17240769,-0.64775944,0.5201415,-0.53337187,-0.39212856,-0.32789835,9474
-0.19189717,0.055762745,0.25001162,-0.5061169,-0.05238513,0.19698778,-0.08055158,0.6317825,-1.0489357,-0.012848362,-0.3208156,-0.11758962,0.1539546,-0.24407136,-0.32615444,-0.06467217,2895
0.00896205,0.12948176,0.19667867,-0.6715706,0.066618904,0.043789413,0.09054533,0.31639808,-0.45894,-0.21480131,-0.36437124,-0.0063532963,0.33126613,-0.10792714,-0.1322242,0.08950433,8899
0.018021867,0.21343306,-0.034965124,-0.46777874,0.2777441,0.061591882,-0.038032155,0.53842473,-0.599619,-0.05476615,-0.03661017,-0.005459368,0.37565434,-0.122801304,-0.14317529,0.012732729,8375
-0.080443144,0.0691919,0.10862294,-0.53326905,-0.0875754,-0.057354238,-0.009108843,0.29591882,-0.61101997,-0.17111516,-0.1394941,-0.026513495,0.15329733,-0.05527495,-0.29291722,-0.09264697,6390
-0.066048294,0.42735073,0.28516454,-0.5824468,-0.42758435,-0.11229543,0.33284774,0.12730196,-0.4718066,-0.15034045,-0.52827495,-0.036742106,-0.1221537,-0.23061554,-0.30519843,-0.6822566,1594
0.0779848,0.35769734,-0.13744068,-0.4283327,0.16246928,-0.114883184,0.07030487,0.17934881,-0.25275773,-0.049123347,-0.07053521,-0.15274085,0.18066931,-0.20161837,-0.086991504,0.0038795918,6193
0.29263312,0.16260347,0.5869818,-0.417515,-0.13151115,-0.1726927,-0.020878354,0.55772847,-0.36628693,-0.5446939,-0.09845603,0.026551932,0.15459368,-0.32561335,-0.046108752,0.0313769,6632
-0.04256256,-0.059230775,0.104130924,-0.21629587,-0.13663456,-0.29359895,0.09952047,0.51918405,-0.105831705,-0.4619679,0.005611645,-0.099067956,0.45996904,-0.22809424,-0.43304402,0.06628871,4994
-0.14347552,0.043950506,0.0030085854,0.15719154,0.40267086,-0.043919265,0.44312346,0.70826447,-0.12895946,-0.6820081,0.2881844,-0.18378729,0.63069165,-0.3756531,-0.23382893,-0.19439128,7912
0.1144809,0.21522492,0.043335706,-0.4236749,-0.0035102144,-0.058134638,0.12027177,0.33124724,-0.299316,-0.3119796,-0.014326701,-0.016399175,0.21784681,-0.05691264,-0.073682204,-0.111337245,6418
0.07813795,0.011747621,-0.035539746,-0.014376909,0.6363424,-0.13750689,0.30212402,0.3986023,-0.44367364,-0.5201793,-0.005098682,0.23021649,0.5424042,-0.06509602,-0.011479288,0.21003453,2503
0.06889359,0.056393363,0.44508693,-0.123908386,-0.15088834,0.14044595,0.3152233,0.7009793,-0.028092168,-0.93086964,0.11932406,-0.44863915,0.34605053,-0.73209846,-0.22441503,-0.16108179,9624
0.27752244,0.2850043,0.34673208,-0.3640767,-0.08299896,-0.03709899,0.17861563,0.34570447,-0.24587058,-0.46152937,-0.08488399,-0.17978072,0.05355735,-0.23012966,-0.15790541,-0.14431812,4555
0.008214384,0.37617576,-0.018045068,-0.58802736,-0.007718459,-0.2058694,0.21149649,-0.17961064,-0.35767144,-0.28028268,-0.26235008,0.18353033,-0.09519252,-0.020893387,0.09703487,-0.13478878,2960
0.2946539,0.12235297,0.36483985,-0.47678137,-0.3319049,0.19047716,0.18292955,0.3788361,-0.5040966,-0.4766264,-0.050167218,-0.07184212,-0.23482287,-0.07972334,-0.069800615,-0.11990644,5455
0.104445666,0.53177595,-0.10189454,-0.4804889,0.15671206,-0.16854045,0.10042322,-0.16602439,-0.3851152,-0.081011236,0.024569646,0.071432196,-0.18458524,-0.19646722,0.08432007,-0.17411767,9000
0.082774,0.14361367,0.2058302,-0.49530792,-0.19920006,-0.17515977,-0.112964876,0.18296972,-0.7514945,-0.08375358,-0.12355673,-0.05808088,0.46743095,0.015899852,-0.4343234,-0.062097326,9322
-0.16901636,-0.058076054,0.11831411,-0.31976348,0.10238459,-0.033823565,0.17893857,0.53019875,-0.5465616,-0.17978159,-0.031720523,0.32553613,0.48601076,-0.06584201,-0.3621099,0.07335132,4626
0.04238674,-0.07235287,-0.2272032,-0.07142544,0.15571809,-0.021104641,0.045212243,0.37734628,0.10111746,-0.46560392,0.1729074,-0.15705392,0.46962497,-0.2562678,-0.21273097,0.0922188,7308
-0.11875437,0.13550623,0.09247474,-0.50713515,-0.061105736,-0.1398845,0.2367462,0.058859795,-0.37562692,-0.2848311,-0.08213184,0.1228091,0.2415129,-0.06322501,-0.13815114,0.016513199,5238
0.19657946,0.22893336,0.18483835,0.07088676,0.09766738,0.39491135,0.392214,1.0653577,-0.25044963,-0.8148833,0.29895163,-0.11353034,0.32999218,-0.6381518,0.0018242896,0.14489526,5837
-0.11303096,0.29421008,-0.16953197,-0.77748287,0.10517656,0.04469989,0.10444773,-0.06327379,-0.5418674,0.15415752,-0.4883581,0.18644048,0.017732695,0.028817527,0.003749162,-0.21829791,1571
0.18528232,0.13406087,-0.10595688,-0.15646477,-0.1095801,0.08793588,0.3071577,0.6114964,-0.36905843,-0.3052977,0.12173615,-0.22135094,0.33087772,-0.3517785,-0.34967744,0.0467868,4232
0.20058385,0.41358685,-0.26239812,-0.23408301,0.15815035,0.027034424,0.28140417,0.53161573,-0.3987916,-0.3023089,0.27401707,-0.13775548,0.05654461,-0.19185528,-0.05685702,-0.33913904,6990
-0.16719028,0.068969786,0.09671793,-0.83088803,0.044318184,-0.07567127,-0.05515843,0.15224212,-0.80216664,0.09151827,-0.32204467,0.28633046,0.16216211,0.09514885,-0.06759471,-0.058573365,7986
-0.02363713,-0.4119339,0.11323488,-0.21847297,0.52251124,-0.21338442,-0.22774018,0.7043363,-0.4599411,0.005014047,-0.11043239,0.14393371,0.87289834,-0.08982286,-0.38159025,0.50710124,5519
0.05910051,0.11811041,0.32894802,-0.2576663,0.15245453,0.021940999,0.20209569,0.5343212,-0.33512118,-0.6024994,0.2278905,0.22546771,0.3725505,-0.030562747,0.086009294,0.16049063,7677
-0.01962015,0.23452142,-0.12511808,-0.09623487,0.19004664,0.18883824,0.20305969,0.6752856,-0.32250676,-0.26511398,0.19666724,-0.26716793,0.29386052,-0.39783624,-0.08603153,-0.23801006,3581
-0.10844001,-0.085144,-0.026651701,-0.22227013,0.13402258,0.066949725,0.006366389,0.3699124,-0.5334983,-0.029773504,0.18254194,0.0056256056,0.5532577,-0.059354484,-0.28937316,0.1372935,9753
-0.27080178,0.20338115,0.031216232,-0.7049954,-0.23726813,-0.13579401,0.41005304,0.03378716,-0.68128306,-0.31861326,-0.08030149,0.35122913,0.061186135,0.10785405,-0.039488107,-0.1845361,6174
0.11580443,0.11723453,-0.14660805,-0.48787075,-0.06275128,-0.092398465,0.076077946,0.20565557,-0.38431543,-0.10367859,0.049161017,-0.06948509,0.20352124,0.0311317,-0.0591774,-0.060922384,2389
0.057337232,0.028421178,-0.10193694,-0.19034998,0.13346566,0.0499919,0.29857203,0.2343373,0.10628544,-0.5545553,-0.037746135,-0.35877955,0.4633407,-0.35695153,0.09241271,-0.26397917,9473
-0.048685864,0.03087899,0.08866593,0.00013008714,0.015228914,-0.11522421,0.4298292,0.7339193,-0.046719164,-0.6956455,0.4465703,0.28963056,0.46106833,-0.20163946,0.014660239,-0.29571807,6546
-0.046982273,0.30217314,0.0352891,-0.66711843,0.112748966,0.29894987,0.0020003691,0.5398867,-0.6805601,-0.018143728,-0.06365326,-0.093445815,0.30896702,-0.03287702,-0.14274487,-0.30990928,1801
0.0955891,-0.08577713,0.107649945,-0.3151167,0.011947855,-0.32904708,0.020224448,0.12584843,-0.3667779,-0.23352757,-0.13122535,0.16271195,0.35559568,-0.057098806,-0.13678187,0.25611177,6790
0.008459762,-0.006441787,-0.24565572,-0.12486316,0.048090138,0.15557301,0.17871578,0.54400706,-0.13812804,-0.35581076,0.119003765,-0.42210406,0.3318339,-0.41045988,-0.30861378,-0.0020554215,8733
0.0012733862,0.084874436,-0.08999382,-0.36857402,0.3879729,0.005554162,0.16900551,0.044303358,-0.39218777,-0.1506851,-0.14016865,0.3541007,0.43340743,-0.1008843,-0.020863041,0.23767744,6978
0.0746477,0.18523376,0.021307794,-0.31036824,0.22220162,0.07652715,0.28762785,0.09601298,-0.14889039,-0.45267338,-0.13562445,-0.11685061,0.347264,-0.22956562,0.040053874,-0.18842068,8722
0.013718858,0.009139575,-0.049961094,-0.16366892,-0.047432907,-0.15803868,0.20829411,0.42736846,0.057191685,-0.49939197,0.25406784,-0.24990933,0.45821935,-0.30037212,-0.39981264,-0.09811899,7920
0.053171724,0.17141241,-0.106309034,-0.47634575,-0.1546134,-0.029255714,0.054811858,0.27030036,-0.45965183,0.008460358,0.1224947,-0.22396405,0.16418412,-0.016869336,-0.0903648,-0.025929943,5206
-0.19150718,0.10295707,0.095829934,-0.3975025,0.0424051,-0.1081589,0.24335636,0.4081797,-0.49712282,-0.36403498,0.058325432,0.031346157,0.5050761,-0.19657396,-0.46590984,-0.11739877,3121
0.2512139,0.12427175,0.43211028,-0.098622575,0.028138593,-0.10947068,0.32742685,0.743117,-0.24001826,-0.6469943,0.12170989,0.037889093,0.14682691,-0.31034926,0.0034803748,-0.06741798,2593
0.34852624,0.17696717,0.25506464,-0.34264797,-0.0524579,0.07073399,0.20977259,0.5190056,-0.27585304,-0.68151623,0.12517658,-0.14628571,0.18222846,-0.16193007,-0.025748163,-0.19099356,9483
-0.05944109,0.26878226,0.07578096,-0.4365936,0.020615414,0.30110103,0.17268163,0.6788232,-0.54339737,-0.1407378,-0.13475735,-0.32654923,0.24435472,-0.31413975,-0.5474427,-0.12256685,3320
0.16416252,0.16624275,0.07447307,-0.4916916,-0.06610525,-0.39057058,0.066289775,0.09104329,-0.40501434,-0.48973513,-0.15738052,0.095585816,-0.038196266,-0.16450393,0.28337657,-0.36978206,8181
-0.07073392,-0.14274526,0.41256487,-0.27087277,-0.15131491,0.19724563,0.28933096,0.83838487,-0.22646385,-0.73849046,0.01322151,-0.4065432,0.6381163,-0.43899482,-0.5921866,-0.10705665,2066
-0.0524745,0.105118275,-0.27150857,-0.045179754,-0.2203345,-0.06717833,0.14908797,0.54088163,0.19008088,-0.672372,0.27543232,-0.49766088,0.27754974,-0.58125293,-0.26216066,-0.27080727,6828
-0.002567768,0.42954582,0.38289505,-0.29104823,0.09116162,-0.0719935,0.33927208,0.24527529,-0.20098972,-0.3981623,-0.2581164,0.3057476,-0.30467206,-0.26653767,0.1912156,-0.25174248,4056
-0.26944536,0.07647903,0.34829396,-0.48502225,-0.2713437,-0.024471447,0.19582674,0.62988347,-0.62335044,-0.3043508,0.14965603,0.5880958,0.30031413,0.19954613,0.06061983,-0.22422037,3771
-0.078014836,0.2970964,-0.15806502,-0.6221709,0.027382964,-0.3105674,0.07547836,-0.3194128,-0.5041491,-0.17580435,-0.21665426,0.2751593,-0.019582689,-0.20308274,0.21886325,-0.10550898,3030
-0.18282065,0.08993092,-0.33735216,0.20068145,0.08747536,0.22141866,0.42392582,0.7204179,-0.0059738904,-0.6053544,0.41146383,-0.6661718,0.58791876,-0.7260522,-0.5364343,-0.29059023,6573
0.21172641,0.24532713,0.31612855,-0.6044307,-0.24376965,-0.42856497,0.008900791,0.0012875348,-0.34527797,-0.57482356,-0.16156206,-0.14722188,0.024570286,-0.28314885,0.08565211,-0.29218572,7209
0.07761148,0.022046523,-0.39700288,-0.14621542,0.17955938,0.55099195,0.27315372,0.8026973,-0.4452311,-0.36914578,-0.018758358,-0.6269802,0.32848045,-0.6220582,-0.26983646,-0.10673939,3986
0.123565495,0.037683528,-0.11323296,-0.50759864,0.04639981,0.009156175,0.14884359,0.31305617,-0.3677903,-0.14544204,-0.23495348,-0.2979113,0.19049084,-0.3234906,-0.11001803,0.077780366,4968
0.09537282,0.17742723,0.012701248,-0.33754748,0.015805714,0.19294992,0.20150691,0.44528082,-0.3561695,-0.33190385,0.04811532,-0.18574223,0.42093432,-0.2169674,-0.22249454,0.023995087,8265
-0.17332688,0.29287317,0.32101658,-0.27148214,-0.011075884,0.19874665,0.41023588,0.9680595,-0.53493905,-0.6719342,0.20920436,0.45907134,0.28855,0.013630174,0.10405406,-0.06797266,9309
0.07558429,0.0017501637,0.22853403,-0.42461324,0.1625735,-0.017828714,0.013299207,0.31447554,-0.21528398,-0.3970868,-0.050351944,-0.046173528,0.3672794,-0.15688899,0.04750201,0.05358094,8138
0.087876245,0.033956945,0.31731,-0.37016982,0.077088915,-0.49886686,0.14186734,0.21159686,-0.15252577,-0.6695089,-0.1270518,0.06719488,0.11983621,-0.2689073,0.017846853,-0.22975034,2088
-0.095683016,0.2679285,0.05268874,-0.577115,-0.054153472,0.70122,0.28018528,0.56372666,-0.72873104,-0.35844022,0.040830947,-0.03307952,0.4139359,0.0084901685,-0.1945533,-0.23933028,2228
0.17818284,0.16130613,0.031228345,-0.30793363,-0.02304539,-0.05980347,0.1577198,0.27197775,-0.06717171,-0.4023956,-0.053356256,-0.17399764,0.14554694,-0.26581517,0.0133417845,-0.27480626,9065
-0.041008413,0.20479113,0.044968653,-0.6146376,-0.04607372,0.15154593,0.17688945,0.30250555,-0.6426967,-0.1653691,-0.22774504,0.08297706,-0.019022703,0.04328329,-0.08751914,-0.17978108,4135
-0.056261986,-0.08137658,-0.06893652,-0.23087718,0.013238624,-0.18707918,-0.01085249,0.39284265,-0.021014407,-0.3697694,0.12029086,-0.10080983,0.51707345,-0.107295744,-0.44699088,0.114556216,6480
0.1834559,0.121349156,0.077083185,-0.49313688,0.08375609,0.06959323,-0.017713178,0.48586303,-0.37657648,-0.22364342,-0.15463495,-0.16212004,0.3079333,-0.07927412,-0.13417867,0.21631464,1192
0.006380111,0.43446398,0.24642144,-0.18221672,0.099269554,-0.05374918,0.46440908,0.33361807,-0.08488635,-0.46551412,-0.08739439,0.27693692,0.120978504,-0.1840474,0.08436504,-0.16913556,6187
0.036945224,0.21523088,0.01747417,-0.58807427,-0.08439366,-0.31250644,0.064070866,0.029478133,-0.53145295,-0.25896537,-0.25581914,0.22474279,0.08860022,-0.16984111,0.11998986,-0.43643522,5037
0.14875746,0.051759847,0.1902638,-0.22000721,-0.07377661,-0.11035885,0.2612714,0.47203517,0.009489402,-0.56324995,0.1906571,-0.2133342,0.28157836,-0.28003806,-0.2057377,-0.019359618,8935
0.0061523914,-0.091521814,0.14041698,-0.18708387,-0.13958594,-0.48692608,-0.008670308,0.4975443,-0.13250539,-0.447815,-0.16998452,-0.057534084,0.3356515,-0.29184106,-0.44193748,0.039185435,9523
0.028636925,0.067896254,0.39533144,-0.18279923,0.0014742315,0.37928873,0.024290586,0.84506494,-0.24105273,-0.59411657,0.24406572,-0.2050195,0.36703944,-0.3409381,0.02660504,0.016407281,4261
-0.13540103,-0.32711586,0.29675427,-0.4362839,0.28706223,0.29832384,0.082995184,0.77648187,-0.35799593,-0.5598866,-0.23631518,-0.12061043,0.85965264,-0.08933669,0.15360066,0.29609218,5325
0.053124465,0.13779473,0.05000153,-0.26537415,0.31458193,-0.047558058,0.16904365,0.14818281,-0.24269256,-0.21075511,-0.18343426,0.21659464,0.18930787,-0.10381334,0.11875102,-0.10942358,1794
-0.11832057,-0.019338444,0.06628595,-0.52416766,-0.39532873,-0.5805481,0.036865782,-0.048453353,-0.24297659,-0.64849806,-0.011899356,-0.1228654,0.18446349,-0.25124478,0.2642413,-0.51954234,4819
-0.030693859,0.25336188,0.0958276,-0.32137895,0.17990206,-0.40085357,0.087549195,0.047729947,-0.16102006,-0.41747218,-0.06502946,0.1596059,0.20852429,-0.3277292,-0.08841552,-0.021077171,5194
0.18232685,-0.054404393,0.1004389,-0.34865603,0.10028521,-0.08868248,0.19564937,0.14693788,-0.2027271,-0.48444107,0.10827073,-0.17344323,0.47930175,-0.1473934,-0.22970848,-0.028873146,6498
-0.03517729,0.25634634,-0.124536306,-0.5716891,0.2202704,0.09696932,0.4262437,0.19099,-0.646041,-0.07352975,-0.25660712,0.57058144,0.14735979,-0.12452379,-0.13125189,-0.39952296,2117
-0.13454245,0.09661833,0.42086226,-0.40672228,-0.15886855,0.12232648,0.20645043,0.8732282,-0.63579094,-0.6195139,0.08104226,0.44375837,0.5068257,0.06968325,0.013285667,0.17509457,3052
0.1099112,-0.1964584,0.41544166,0.07774058,-0.7555318,-0.11420035,0.13685794,0.9832009,-0.124519184,-1.2615772,0.14715438,-0.662446,0.3911875,-1.1006941,-0.41934073,-0.24709755,6394
0.0893281,0.25928873,-0.31245846,-0.3856395,0.20504124,0.22028014,0.21617015,-0.010874748,-0.56693435,0.08759673,-0.27075702,0.08741376,0.18977699,-0.06657963,-0.06636658,-0.25177085,2333
-0.14543186,0.02758313,0.2008987,-0.21382484,0.21045059,0.2820371,0.17636335,0.82988375,-0.2586062,-0.6279702,0.12661897,-0.30920458,0.48949665,-0.45712793,-0.15739202,-0.27682474,1993
0.19166617,0.23502743,-0.056606628,-0.54183173,0.11114361,-0.1714669,0.1291503,0.18366696,-0.5083979,-0.053291213,-0.025454551,-0.11410095,0.12755796,-0.24594355,-0.18881066,0.08458349,2248
-0.10352638,0.08001475,0.33875212,-0.6597338,0.061570734,0.2443986,0.082743794,0.6940532,-0.4016096,-0.31188744,-0.12716898,0.05211561,0.4561212,0.053371817,-0.08253075,0.038941085,8949
0.33466613,0.07441909,0.20617153,-0.4849327,-0.062268846,-0.20047122,0.06941309,0.2866915,-0.4269232,-0.47578895,-0.040097132,-0.1861999,0.25368264,-0.12027537,-0.11331664,-0.22657041,5721
-0.020897716,0.10600545,0.6045026,-0.2684936,-0.25445,-0.11991882,-0.05191264,0.95994604,-0.596978,-0.77747333,-0.19974408,-0.05220884,0.11292395,-0.4224582,-0.103998795,-0.092153445,5821
0.08491808,0.1301743,0.006697898,-0.092137635,0.09173042,0.036700822,0.38287336,0.47792307,-0.103839986,-0.4743813,0.2627772,-0.16574664,0.47311866,-0.24943054,-0.17583095,-0.07506092,3796
0.0018281192,0.17700073,-0.08045464,-0.35550958,0.23557706,-0.17619151,-0.056492355,0.18393499,-0.2702485,-0.06384547,-0.093809724,0.08697753,0.2074758,-0.14694157,-0.0036340207,-0.08979973,3499
-0.07897659,0.017214231,0.23851049,-0.2524132,0.0021078587,0.023968183,0.3196362,0.5254758,-0.44383734,-0.418648,0.15720212,-0.11018511,0.42153502,-0.18025908,-0.56730247,-0.1431121,5341
-0.06307873,0.054305576,0.29451683,-0.3280561,-0.019167993,0.12508827,0.2590502,0.46556306,-0.25728798,-0.4135517,0.029756969,0.15039915,0.5436568,-0.07119567,-0.16221058,0.12789655,2430
-0.1297199,-0.0519156,0.023521453,-0.27736366,-0.021335877,-0.2048285,0.0029632002,0.21471271,-0.31470042,-0.21530506,0.101398245,0.12278512,0.32244104,-0.013388623,-0.03676434,-0.121708676,4298
0.21502987,0.26128358,-0.17044258,-0.39063963,-0.06295664,-0.11318412,0.17064385,0.5844,-0.1316191,-0.34611353,0.12518087,-0.46903938,0.23285529,-0.34629363,-0.08587775,-0.33494025,4666
-0.09353185,0.045498714,0.040140085,-0.33827543,0.21560574,0.1971954,0.298523,0.54016566,-0.6825045,-0.20107336,0.08123457,-0.15282097,0.49676943,-0.3089062,-0.52627736,-0.15481149,1332
-0.03037779,0.2696059,-0.14260349,0.07770577,0.4168502,0.026408717,0.45522168,0.50306094,-0.24154353,-0.48052412,0.28203735,-0.10558885,0.49764743,-0.32226753,-0.19463351,-0.15270011,1506
0.08218835,0.11411832,0.14806387,-0.15226507,-0.05047983,0.09717509,0.5039747,0.662792,-0.20432504,-0.42586935,0.37003952,0.055723254,0.49874258,-0.1427166,-0.5039816,-0.033306003,4806
0.0104570985,0.45930022,-0.027706627,-0.49357498,0.024257384,-0.22504365,0.2686191,-0.26739526,-0.3099627,-0.18917191,-0.33463806,0.22630234,-0.0045624077,-0.1066997,-0.06705214,-0.20925808,8843
0.06951944,0.2739739,0.4212373,-0.29533455,0.031194575,-0.016132481,0.33338347,0.370994,-0.28147548,-0.5312563,-0.07506247,0.1916351,0.059264854,-0.22624195,0.04846105,-0.17115562,6609
0.216416,0.05664197,0.44008118,-0.5437118,-0.066765696,-0.27776018,0.080937825,0.26004535,-0.4672928,-0.6528124,-0.21098915,0.005240202,0.0990008,-0.18700477,0.046608835,-0.32987794,8526
0.050050586,0.0388229,-0.17628862,-0.25416178,0.06172758,0.3724964,0.20528564,0.49690047,-0.5707781,-0.15889692,0.015088264,-0.3281481,0.2833493,-0.37843,-0.20694345,0.025121704,1292
-0.13840334,-0.1656301,0.28465143,-0.10939972,0.30237308,0.30823934,0.31739017,0.98821676,-0.38093245,-0.8010311,0.20593196,-0.0041181743,0.8902366,-0.12575093,0.10487899,0.12561548,5888
-0.229154,-0.372988,0.11090639,-0.31154668,-0.13111243,-0.39706987,-0.034012005,0.21801428,-0.26168108,-0.2851131,0.112761885,0.10260163,0.46378684,-0.031630553,-0.26567566,0.19501568,9606
-0.22463001,0.035785682,0.13756451,-0.61227036,-0.09044649,-0.068996415,0.2011437,0.14133106,-0.777077,-0.33379573,-0.09698638,0.36444455,-0.015063256,0.0461318,0.12609431,0.041542605,8838
0.15580961,0.087365754,-0.13384254,-0.41339156,0.17655191,0.0919122,0.04723806,0.50456756,-0.34545362,-0.25673434,-0.05417724,-0.3672483,0.2316655,-0.34128472,-0.2171787,0.024749368,1303
0.085187644,0.17982113,0.12791876,0.19404164,0.1881964,0.6473421,0.6878765,1.0513554,-0.085473605,-1.140728,0.40068528,-0.32708234,0.51182115,-0.75797147,0.0016498268,-0.22045477,6471
0.032594115,0.22504848,-0.17894526,-0.3043395,-0.11948162,0.019676343,0.27480227,0.32863235,-0.31070393,-0.23911273,0.24676815,-0.41234428,0.38569537,-0.25144458,-0.3444178,-0.1213949,5722
0.20034528,-0.033737957,-0.066500485,-0.23398608,0.053913914,-0.14798196,0.09107406,0.3200623,-0.16938192,-0.3407355,0.0026624473,-0.2067306,0.3395062,-0.2530797,-0.15543926,0.16792075,3745
0.03131725,0.056876395,0.09609105,-0.44666123,-0.04596789,-0.22132206,0.11302083,0.20917457,-0.27157927,-0.24534422,-0.03813833,0.1021688,0.12985098,-0.042876024,-0.0763803,-0.020659283,3650
-0.07136753,-0.07301672,0.5020505,-0.36447805,0.17300025,0.06558933,-0.11236012,0.8139803,-0.1852889,-0.38815343,-0.031910323,-0.0028211474,0.5227937,-0.14956737,0.04073912,0.3070128,4852
-0.11431609,0.51477814,0.052271537,-0.5514002,0.19216776,-0.030712739,0.23414356,-0.058470696,-0.23134144,-0.14325441,-0.32126203,0.07668784,-0.059756503,-0.18156452,0.17159222,-0.16497883,2748
-0.05585429,0.016615152,0.023104448,-0.3998747,-0.08091081,-0.04702758,0.109816596,0.030116059,-0.5057381,-0.3040697,0.14480588,0.07265589,0.18694419,0.026987104,0.009167105,0.24603373,1809
0.15915337,0.100822,0.19278564,-0.26908335,0.073651865,0.16444075,0.10242756,0.8643889,-0.34016535,-0.69131666,-0.085961804,-0.124566495,0.37020534,-0.4818197,0.2386424,0.2973605,8455
-0.051392466,0.21017839,-0.10703824,-0.64976364,0.20076652,0.28043005,0.18280065,0.24025735,-0.61327624,-0.31227195,0.21770003,-0.11973209,0.14421271,-0.11069456,-0.20395215,-0.26823935,4568
0.33051574,0.36402094,0.19348021,-0.35740504,-0.2965793,0.21788895,0.05748859,0.62313265,-0.35762334,-0.50446475,-0.19088116,-0.7476992,0.029737666,-0.80876255,-0.1930561,-0.16261616,3046
0.12733188,0.29458606,0.36361164,-0.32534292,0.13912138,-0.22138551,0.24717237,0.5283782,-0.40519196,-0.61737573,-0.067997076,0.034166113,0.037150055,-0.14522037,-0.02962014,-0.1879148,5798
-0.25593355,-0.07048061,0.221968,-0.44994915,0.1534081,0.2878983,0.057768382,0.82303196,-0.78709173,-0.18187319,-0.13161151,0.06914224,0.5081296,-0.09213299,-0.20372653,0.027790293,4717
-0.2139238,0.14616299,0.12685458,-0.40270388,0.012650803,0.43831724,0.38775682,0.5072048,-0.54542476,-0.375179,0.10212916,-0.32866192,0.72523785,-0.13440154,-0.6401069,-0.1539838,3401
-0.24005058,0.20049483,0.011798207,-0.7061305,-0.08258915,0.019758135,0.39740065,0.16379966,-0.8310183,-0.06521988,-0.35739043,0.4221043,0.010659784,-0.025012199,-0.20817459,-0.43908477,3463
0.17839265,0.27600554,-0.12007872,-0.24967739,0.22545874,-0.07149554,0.34526396,0.13150832,-0.35839128,-0.26725495,-0.051253743,0.13850313,0.2964106,-0.09955762,-0.2129883,0.12113871,3469
-0.18880042,0.18621016,0.28461337,-0.6849723,-0.14224559,0.11508563,0.054869264,0.66823435,-0.60115546,-0.26215976,-0.0154863,0.16512372,0.08389869,0.21893725,0.26807547,-0.17803521,5069
0.25318137,0.6683586,0.052009314,-0.5838405,0.5474121,0.50907314,1.0966504,1.0387142,-0.30113378,-0.9545411,0.46099746,0.43482763,-0.13440834,-0.07559398,-0.5798249,-0.6865539,8225
-0.10746662,-0.1155112,-0.18389538,0.29763022,0.0949535,0.24772204,0.3530504,0.8226807,-0.1517745,-0.70288724,0.39649782,-0.14053988,0.5743377,-0.22903867,-0.004627764,-0.16850372,4554
0.017426968,0.25835297,0.04317174,-0.43425184,0.109278664,-0.18307227,0.12837449,0.12929142,-0.29019415,-0.2092097,-0.086763285,0.049722135,0.058129817,-0.15991868,0.098327965,-0.25515467,1797
-0.070497856,0.23261853,0.12883124,-0.36083934,-0.13605404,-0.112334855,0.09742441,0.44178212,-0.39960647,-0.1722341,-0.10227695,-0.07864541,0.1338321,-0.27237606,-0.1752681,-0.1432687,7297
-0.1559415,-0.015686035,0.1064942,-0.0056392252,-0.028101169,0.049325664,0.28832862,0.6241629,-0.04108765,-0.83569485,0.42745352,-0.34155792,0.50116885,-0.47914845,-0.28523514,-0.34801912,2743
-0.018752262,0.24343996,-0.12657055,-0.50043386,0.05379916,-0.0071045514,0.23064029,0.038290605,-0.4582602,-0.16990775,-0.22095796,0.3373989,0.066660434,0.07815131,-0.09764743,-0.14994301,9268
0.06497139,0.010702431,0.1634739,-0.39687634,0.076951906,-0.44777757,0.05323371,0.14437804,-0.2257194,-0.4614585,-0.0069694445,0.01964347,0.38273165,-0.25385666,-0.07764907,-0.1015048,2300
0.0939789,0.13615547,-0.023338588,-0.7875596,-0.08504875,-0.20652339,-0.083575465,-0.05328629,-0.5976205,-0.3123411,-0.023631971,-0.27044582,0.13263266,-0.16351835,0.25276685,-0.4342981,9788
-0.07919727,0.05709842,0.37402615,-0.11605112,-0.20026055,-0.17532584,0.39131606,0.61812913,-0.19027796,-0.82920134,0.20976987,-0.1734444,0.5073333,-0.36068526,-0.49980134,-0.2380702,8876
0.006434262,-0.22586486,-0.10650852,0.051282972,0.6297224,-0.013066106,0.16456226,0.13380769,-0.05748751,-0.5000278,0.033536136,0.12975976,0.65973055,-0.21400149,0.1402964,0.25654632,4500
-0.15797311,-0.06960413,0.027105682,-0.030326515,-9.4518065e-05,0.20384741,0.6156392,0.6753685,-0.19777697,-0.5327428,0.37389088,-0.4309317,0.8886447,-0.38988313,-0.7012121,-0.17508882,4378
0.12758693,0.20756203,0.11048089,-0.53933394,0.042767763,-0.51277256,0.24652939,-0.21607403,-0.34643507,-0.5057346,-0.25301352,0.18816751,-0.22346607,-0.20325668,0.0424162,-0.009595871,5214
-0.08553845,0.24849775,-0.023039658,-0.09260437,0.20276755,0.30474517,0.4474446,0.6309242,-0.05648315,-0.5739689,0.18437304,-0.2950363,0.4231723,-0.31094298,-0.12983163,-0.170865,3894
-0.1891391,0.46587858,0.334616,-0.42522013,-0.24502088,-0.1277661,0.29418668,0.35115618,-0.6865294,-0.4585545,-0.21496427,0.28856063,-0.14808938,-0.3267197,0.2318199,-0.26807055,1902
0.19007123,0.006973326,0.21198909,-0.41277426,-0.13576767,0.17513275,0.06438955,0.5962503,-0.51128197,-0.48142874,-0.04296129,-0.10845688,0.20547314,-0.10059197,-0.0060329437,-0.2012733,7989
0.13439494,0.13156793,-0.018444415,-0.48376197,0.023547865,0.1228917,0.018758912,0.32230228,-0.41877198,-0.10089953,-0.03532473,-0.15744871,0.28177592,0.0027321726,-0.16063206,0.019968629,5886
0.22313035,0.11679753,-0.16063225,-0.3638445,0.1303227,-0.10212669,0.066944525,0.33199477,-0.34183544,-0.19342129,0.026950309,-0.17882329,0.31528455,-0.17635448,-0.11513436,-0.016505584,2626
0.25053453,0.20769268,0.13037446,-0.35480073,-0.05036161,-0.12973277,0.045872584,0.14625946,-0.2583156,-0.22671995,0.0487386,-0.15941772,0.16116293,-0.20678362,-0.15834779,-0.03414996,4638
0.11723067,0.42497852,-0.039160617,-0.57984364,0.18432945,-0.24687338,0.02054097,0.03576155,-0.341936,-0.20804363,-0.134617,0.011737481,0.0026890337,-0.11342986,0.12938994,-0.1798914,2872
0.117055,0.13838042,0.06973673,-0.30687904,-0.05104585,0.016123012,0.1705265,0.50012857,-0.36723796,-0.43654543,0.2140786,-0.14282198,0.2114845,-0.15494508,-0.02482909,-0.24619333,9392
-0.056589782,0.43893147,-0.22435841,-0.50232685,-0.06289762,0.22381225,0.2442752,0.17128666,-0.4464856,-0.078993104,-0.20644128,-0.018094733,0.021410286,-0.032343954,-0.1081267,-0.4083289,7870
-0.094930254,0.13047796,0.08016398,-0.38232753,-0.22605729,-0.043384835,0.082254685,0.41714808,-0.60059917,-0.18195835,0.011048347,-0.045039237,0.39079264,-0.13220052,-0.21409151,0.12893046,4854
-0.1019323,-0.1956024,0.14482889,-0.14481275,0.3111692,0.10661599,-0.055356093,0.5391921,-0.14735365,-0.05941589,0.0927842,-0.014955416,0.6755049,-0.18206705,-0.19633698,0.11323791,3946
0.023381792,-0.014468715,0.08155125,-0.2995072,-0.02641508,-0.17921251,0.059109073,0.13739055,-0.2870682,-0.26757336,0.09940477,0.008529142,0.31303155,-0.057088472,-0.21069932,0.23720846,3009
-0.021844342,0.104285866,-0.43040085,0.30509874,0.63243675,0.5551644,0.4471973,0.9393873,-0.26523358,-0.6098952,0.25732923,-0.38325414,0.24198392,-0.61149323,0.27014986,-0.26803046,7391
-0.1244086,0.032245837,0.06599127,-0.5853938,0.10596757,0.33955625,0.33341983,0.45049953,-0.5893102,-0.11573205,-0.21148281,0.21184978,0.24633108,0.03860954,-0.21693024,-0.07342769,5108
0.14249681,0.3745091,-0.23647949,-0.56369805,0.26311654,-0.23772985,0.04372811,-0.025309771,-0.52160203,-0.042063475,-0.09248722,0.18251078,0.15727049,-0.022192612,0.12002297,-0.1232592,9150
0.06973689,0.22715136,0.23676594,-0.34094998,-0.0004515648,0.02621322,0.24214572,0.3480089,-0.16451947,-0.34774387,0.036931023,-0.052655973,0.22375798,-0.128867,-0.2627257,-0.049236313,5351
-0.031106174,-0.008841917,0.08988074,-0.36492148,0.0021670721,-0.12685683,0.23168801,0.23900774,-0.32211292,-0.3662656,0.09070683,0.057767577,0.5571607,-0.15819803,-0.40479994,-0.0569468,2342
0.2740003,0.12371669,0.18060909,-0.3341754,-0.082670495,-0.021195017,0.19020177,0.45605856,-0.24630402,-0.37122265,0.03685715,-0.11649908,0.13787834,-0.18096213,-0.18383728,-0.0694731,4128
0.015448406,0.07442022,0.10210285,-0.5837084,-0.012324743,-0.104154676,0.06557229,0.19837877,-0.5189399,-0.14046255,-0.17179635,0.07875646,0.17994109,-0.005465135,-0.24937114,0.0032419711,3753
-0.045082748,0.17551827,0.48704115,-0.27034742,-0.019605517,0.20965695,0.12892844,0.7976756,-0.6988466,-0.5804049,-0.009249652,0.14051881,0.08369802,-0.22227795,0.13120127,0.29028702,3492
0.14508337,0.10958844,0.05343381,-0.62031674,-0.10342932,-0.095653445,0.046638813,0.2557301,-0.54289556,-0.36404872,-0.019421149,-0.17207807,0.16331808,-0.013707269,-0.04620391,-0.34345865,6719
-0.025508165,0.072887115,0.27477962,0.01956147,0.006899573,0.1795802,0.32352972,0.8499106,-0.22590718,-0.5513759,0.30890635,0.044140875,0.34694943,-0.22239321,0.010324627,0.16405156,1142
0.2534885,-0.18580708,0.99361205,-0.43175197,-0.6367088,-0.46673992,-0.021754099,0.633346,-0.23521651,-1.153977,-0.032081053,-0.36211583,0.13925245,-0.52757335,-0.07303889,-0.41432935,5263
0.2175251,0.3343193,-0.10308269,-0.27907932,0.01536338,0.062813476,0.19386408,0.43342215,-0.27537724,-0.43385798,-0.15873364,-0.4089404,0.29312474,-0.21628916,-0.25631985,-0.24026829,2837
-0.12995064,0.5377167,-0.14279816,-0.82342273,-0.14455122,-0.12553656,-0.03507766,-0.31340075,-0.7663239,0.02728787,-0.33140296,-0.15799847,-0.22955814,0.031518526,0.2582727,-0.45970175,4210
-0.062438592,-0.05193866,0.03507077,0.05821401,-0.05850151,0.12803628,0.15514947,0.90267086,0.118803054,-0.6088598,0.3613254,-0.12877624,0.43084592,-0.54121697,-0.10027513,-0.13477625,4304
-0.19499277,0.025988646,0.05376547,-0.35371092,0.30950013,0.5104872,0.2571446,0.8532108,-0.60834426,-0.24384832,-0.00070760027,-0.15822789,0.5307816,-0.30092943,-0.24858066,-0.3927326,9779
-0.013912931,0.11348861,-0.121093705,-0.42413223,0.24503794,-0.23417321,0.21722323,-0.01154685,-0.41504008,-0.0781057,-0.044434056,0.27795538,0.20543283,0.023844317,0.16232339,-0.09480521,2631
-0.09826514,0.44880146,-0.11048112,-0.44477117,0.017411046,0.22012609,0.40251693,-0.070439436,-0.36361974,-0.014780983,-0.1028238,0.046476163,0.297171,-0.18291247,-0.4235619,-0.19838586,2089
0.039018475,-0.13342969,0.053788826,-0.35701028,0.09612011,-0.055025987,0.10160817,0.23183243,-0.16180387,-0.29105264,0.014232287,-0.09003628,0.40030938,-0.2607023,0.03102678,-0.23701197,8785
-0.089944035,0.22313505,0.18957263,-0.23668995,-0.079338625,0.21315093,0.44881058,0.619982,-0.29809636,-0.46669462,0.054308288,0.18888204,0.23978469,-0.103402615,-0.1348602,-0.2074549,7711
0.03399436,0.15780191,0.3369933,-0.47063655,0.033645645,0.101767,0.2670204,0.48036703,-0.23760736,-0.58731705,0.070224024,0.09508752,0.5812553,-0.021486625,-0.004102826,0.19998263,5880
0.102066614,0.08436987,0.25513396,-0.25768554,-0.029023089,-0.008035481,0.10614103,0.5676457,-0.52044016,-0.4495272,-0.09227349,0.11043998,0.13963947,-0.24046195,-0.1973536,0.10583414,2269
0.020824462,0.034095123,-0.15640856,0.03896168,-0.066835806,0.025831908,0.23180364,0.6701124,0.121360615,-0.52640074,0.2531562,-0.34629703,0.40480798,-0.49625903,-0.30048615,-0.027089596,6190
-0.07444264,0.040684097,0.11042707,-0.47667477,0.006663073,-0.09616906,-0.050337445,0.31584758,-0.29417282,-0.1304953,-0.124256834,-0.12175617,0.450318,-0.015417624,-0.23871958,0.117038675,9494
-0.034040637,0.11895964,0.14160433,-0.081692725,0.21787152,0.040208526,0.3703689,0.8434345,-0.41806376,-0.69873446,0.25607288,0.1921262,0.4551169,-0.10612422,0.37647218,-0.043161362,4823
-0.00067202747,-0.29867846,0.33904415,-0.20962493,0.45519596,0.023105823,0.110520765,0.56224203,-0.12364461,-0.70063317,0.09923698,0.26563594,0.5937208,-0.13144676,0.23967066,0.25192264,3965
-0.018652916,-0.04040479,-0.1280346,-0.13729966,-0.08369678,-0.038950346,0.05237274,0.39024192,0.08778827,-0.4897383,0.1528319,-0.23056163,0.4446711,-0.2467076,-0.23305532,-0.0036650747,6583
0.048898064,0.018466853,-0.08699681,-0.3714537,0.39248472,0.12094501,-0.03361454,0.55438256,-0.6402722,0.050999284,0.09342912,0.014853135,0.5589684,-0.050776348,-0.29819453,-0.10413982,8123
0.021763124,-0.02307953,0.15616067,-0.574893,0.1526007,-0.14964905,0.15608913,0.16370672,-0.35324985,-0.24949083,-0.28465882,0.106432006,0.44542122,-0.07173913,-0.18816373,0.21679907,2614
0.037837073,0.30516803,-0.13023907,-0.5429885,-0.00042957067,0.009411171,0.124763966,-0.0041715205,-0.373914,-0.11128577,-0.09117818,-0.105490245,0.06028025,0.007539816,-0.11116634,-0.15563387,1715
0.036128,0.38580632,-0.2803067,-0.04329765,0.13737439,0.40260682,0.45890912,0.60580176,-0.5457149,-0.32017803,0.2165268,-0.4227099,0.3226716,-0.53322995,-0.24260604,-0.16582194,7125
0.052081503,0.016731655,-0.034994695,-0.09038678,0.23504063,0.07099264,0.36052838,0.4024586,0.030027166,-0.40840918,0.18128829,-0.16722113,0.39563358,-0.22316122,-0.1846334,-0.041097015,4518
-0.1422543,0.04602552,0.15638651,-0.52063864,0.01652214,0.10480663,0.12591322,0.48860264,-0.7664766,-0.13325112,-0.14417034,-0.025926441,0.29393134,-0.08199087,-0.37838954,-0.052965656,4445
0.15220138,0.1068766,-0.006052763,-0.45012003,0.33043367,-0.3144839,0.046058387,0.05607173,-0.34042993,-0.19962573,-0.15952477,0.17979163,0.16896741,-0.16807374,0.0081679225,0.14479429,6567
0.009190932,-0.16608718,-0.06329842,0.06253207,0.574743,0.023779936,0.24125731,0.49327388,-0.11132213,-0.3526308,0.13928568,-0.057697937,0.65643716,-0.24866661,-0.10952483,-0.034948394,6977
-0.08107191,-0.027109496,0.23280987,-0.2232735,-0.022885084,-0.02680327,0.0006920565,0.46454197,-0.3371858,-0.34163967,0.17720878,0.079821736,0.4255101,-0.054653466,-0.077762455,0.2945839,7537
-0.043422088,0.08828547,-0.607066,0.13154107,0.8012196,0.32805228,0.4589108,0.73703575,-0.038536757,-0.4548852,0.2080582,-0.56346357,0.5925422,-0.82812876,0.12124729,-0.40817752,7863
0.22171351,0.22787857,0.4982797,0.06780934,0.029176101,0.3693958,0.3051204,1.1727546,-0.5060652,-0.8992098,0.31138176,0.21212599,0.22701716,-0.6401383,0.23921004,0.4535272,1784
0.16256236,0.0011481419,0.32724229,-0.19171312,0.18950115,-0.29960343,0.27634367,0.5093237,-0.28954428,-0.70407224,-0.07038463,0.15154913,0.28121647,-0.042470645,-0.055399895,-0.13704184,1732
-0.36795348,-0.006199412,0.2483315,-0.13006598,0.14650509,0.5191997,0.09940003,1.2663509,-0.5956443,-0.4265731,0.1483233,0.15178503,0.33721069,-0.28548503,0.033279657,-0.15526947,1704
-0.3085272,-0.058582142,0.3983917,-0.7159821,0.071919814,0.37604287,-0.09185252,0.85795885,-1.0781311,-0.058282346,-0.36209565,0.16082224,0.3418874,-0.0009866841,-0.0202474,0.07851973,2548
-0.19442971,-0.15509602,-0.23235683,-0.020016998,-0.101852514,-0.012169927,0.106352024,0.5584463,0.05856873,-0.37741804,0.2774786,-0.48722094,0.5025987,-0.49223286,-0.33175686,-0.09532413,4125
-0.34943765,0.0929098,0.17371416,-0.2771424,-0.054754436,0.34922168,0.6031144,0.8251367,-0.76650476,-0.48668528,0.15703873,0.31118792,0.57713616,-0.06688012,-0.27234522,-0.22273418,3190
0.051409625,0.12747261,-0.011464213,-0.49705437,0.035471976,-0.02748025,0.028423782,0.093117684,-0.47592056,-0.045442097,-0.09990008,0.03667318,0.25046623,-0.01296816,-0.27951577,0.022298038,2362
-0.055269405,0.13536716,-0.065980114,-0.30180618,0.20484695,0.1204786,0.10201272,0.5334686,-0.46349466,-0.23067486,0.01793481,-0.021482091,0.43364948,-0.21451259,-0.067278504,-0.07783382,7368
-0.061443597,0.14371894,0.26929787,-0.39241993,-0.12937662,-0.2929006,0.14110026,0.3286203,-0.48655397,-0.23849796,-0.009373255,0.17926905,0.27704826,-0.12124794,-0.3590388,-0.00401783,4009
-0.13389401,0.42025855,0.17698643,-0.49632612,-0.12685056,0.3972744,0.3770575,0.53788304,-0.41751176,-0.20488778,-0.3599073,0.22109435,0.07025042,-0.12739113,-0.0942824,-0.28932935,1149
-0.00013949722,0.064306974,0.019994438,-0.5562707,0.047623917,0.004759893,0.08494728,0.29704136,-0.3375533,-0.12562895,-0.2795673,-0.16723545,0.26258415,-0.077232264,-0.15385686,0.020797595,8666
-0.06290319,-0.07298164,0.32561922,-0.056637466,-0.2093322,-0.0633013,0.11457668,0.9472506,-0.387546,-0.8612124,0.051282067,-0.028318271,0.23914494,-0.45673966,-0.212866,0.026534066,5801
0.07312953,-0.11093376,0.15464835,-0.106610045,0.40615678,-0.10518077,0.16596745,0.3897272,-0.110539004,-0.34996784,-0.095974594,0.061298445,0.36961418,-0.18831447,-0.06379174,-0.014929339,5322
-0.038657807,0.0005172882,0.26799333,-0.3158655,-0.033000067,0.051172286,0.3411529,0.5471774,-0.40589756,-0.5249976,-0.028504767,0.13992031,0.4679983,0.13427526,-0.07393631,0.013382882,1187
0.17029306,0.20979764,-0.23709275,-0.4168483,-0.05952233,0.10689557,0.18180695,0.25997025,-0.39353192,-0.07685548,0.13899489,-0.43543765,0.23724957,-0.2702898,-0.17006579,-0.10111545,3158
-0.123028815,-0.49294594,0.17855696,-0.43880886,0.3509606,-0.070940994,-0.11978057,0.5493715,-0.35493702,-0.19707757,-0.24340788,0.14244533,0.80646366,0.053722087,-0.119319335,0.39013195,3569
-0.063176885,0.16421975,0.14036722,-0.4915259,-0.043607436,-0.013259612,0.2156334,0.092142805,-0.23866177,-0.13746239,-0.29686034,-0.0632907,0.27575788,-0.14792782,-0.3397921,-0.02930671,5964
-0.2487106,0.08322027,0.21254504,-0.51862496,0.051739726,0.33968076,0.23194852,0.614684,-0.5257442,-0.25244159,-0.13478073,-0.053083837,0.8105305,-0.23287101,-0.27831167,-0.14309835,4303
0.0038899034,0.07176994,-0.017216263,-0.19429517,0.15837775,-0.1099754,0.1265451,0.20566092,-0.46585745,-0.15285121,0.032530542,0.17976993,0.40932542,-0.13182676,-0.24905695,0.12150578,6507
-0.023716927,-0.07537496,-0.0565449,-0.22585201,0.16782,0.13362882,0.025425354,0.582102,-0.568794,-0.103753164,0.05623947,-0.20842534,0.5979611,-0.25302884,-0.19088455,0.05842226,1342
0.16479795,0.11847159,-0.0828957,-0.2942202,0.16592197,0.06996199,0.17722192,0.2641628,-0.29779905,-0.20657672,0.14326179,-0.14040735,0.41371924,-0.13233809,-0.35510427,0.09663313,5299
-0.003989041,0.39905918,-0.21000202,-0.5690881,-0.019697815,-0.20629098,0.14786929,-0.15886858,-0.33881122,-0.12695178,-0.13382086,0.14221488,-0.019381464,-0.024325017,0.0113174915,-0.20371737,1656
-0.47628874,-0.33497882,0.041414756,0.38199756,0.36505264,0.7127015,0.11759773,1.6578146,-0.7187878,-0.6462382,0.03521672,-0.2910809,0.8328823,-0.76282555,-0.20264052,0.26550728,5009
0.17075853,0.21084216,0.2081411,-0.49956828,-0.073233195,0.006981313,-0.1147938,0.51368505,-0.45399356,-0.22646266,0.055393025,-0.13785075,0.22534811,-0.083489776,-0.03730361,-0.2591278,7232
0.067097,-0.11797588,-0.041812874,-0.41038468,0.036182553,-0.031585317,-0.06030038,0.40495142,-0.36874032,-0.12815672,-0.10623364,-0.21709737,0.4753232,-0.15326047,-0.11051263,0.2088529,7569
-0.43918878,0.11378685,0.08941179,-0.09414522,0.32741836,0.6614904,0.56971383,0.9916288,-0.52235,-0.59673107,0.36883557,0.12196155,0.78065294,-0.09292482,0.0719932,-0.26081538,3306
-0.024946883,-0.0858643,0.22557832,-0.37133986,0.05275462,0.06824638,-0.058885634,0.6035582,-0.47970253,-0.14655928,-0.033858407,-0.055499434,0.4615994,-0.052089214,-0.08574292,0.18909235,9241
0.07788202,0.15942398,0.065988034,-0.62530196,0.24599943,-0.29273677,0.010415454,0.023235485,-0.6229882,0.012441516,-0.42220134,0.16795516,0.2866667,-0.16819254,-0.23725268,0.16610768,1110
-0.06368619,0.5387334,-0.009843446,-0.5224403,0.16993451,0.1896905,0.20542413,0.32417122,-0.39510268,-0.3609158,-0.26028615,0.27997962,0.21597157,-0.03574957,0.40586364,-0.1481194,5575
0.032372028,0.46320653,0.010364881,-0.7235919,-0.14753275,-0.048637267,-0.05056734,0.17529519,-0.5899998,-0.05492261,-0.3113025,-0.07786172,-0.052096516,0.030271128,-0.0660702,-0.39994955,6755
0.11375049,0.10893036,0.025727885,-0.48866925,0.017462306,0.02344603,0.1031088,0.3136717,-0.42999017,-0.100654595,-0.01779,-0.14600265,0.27050468,-0.10214803,-0.30746865,0.014759526,8342
0.06684249,0.0023581684,0.04519194,-0.038753748,0.22793332,0.2711784,0.5407551,0.79783356,-0.16516984,-0.93293655,0.27606502,-0.5320607,0.42986804,-0.69618434,-0.21096013,-0.41002697,9094
-0.06643975,-0.30569386,0.28450662,-0.20232323,0.4178331,0.029710118,-0.03208658,0.66017926,-0.24834287,-0.4198405,-0.093830466,-0.09228513,0.7530508,-0.23230262,-0.05612743,0.4257599,5064
0.15088713,0.12021526,0.39644602,-0.30101645,0.16445163,0.011403285,-0.00905703,0.6118404,-0.36561295,-0.7190162,-0.02636931,-0.11477494,0.2992876,-0.13562971,0.15073831,0.20763275,2693
-0.15806298,-0.12903962,0.15518111,-0.15377164,0.06724895,-0.21691084,0.23944129,0.47992307,-0.18720028,-0.5179089,0.122086264,0.2139676,0.47326946,-0.15632418,-0.24043363,-0.20071298,8921
0.17281036,-0.007573366,0.31772783,-0.4056689,0.01922366,-0.44307327,0.11301811,0.46667773,-0.32930568,-0.6530266,-0.19876781,-0.22057256,0.3619888,-0.29278323,-0.31691688,-0.2776175,8013
0.30137634,0.16795945,0.010456599,-0.4018191,-0.32217324,-0.102793366,0.092499845,0.42055055,-0.32963783,-0.2880416,0.053673737,-0.36362144,0.16812454,-0.11575473,-0.044866845,-0.3302154,4067
-0.24947327,0.5606266,-0.1658343,-0.7143687,-0.21355432,0.17380087,0.44897094,-0.046869576,-0.370995,-0.028214455,-0.37992918,0.18715075,-0.32596397,-0.009620391,-0.11641127,-0.5472741,5994
-0.058551513,-0.17822494,0.15131348,0.05662486,0.092003256,0.380183,0.09150414,1.1823236,0.108795464,-0.8282939,0.30494967,-0.2324791,0.49144185,-0.5325649,0.037677884,0.074426904,1195
0.19160797,0.102920674,0.35714155,-0.28275722,-0.009881228,-0.13504744,0.28497317,0.09530562,-0.14232977,-0.40062618,-0.1251054,-0.15400334,0.2503867,-0.24353997,-0.21790351,-0.09291202,3575
0.22444493,0.093526825,0.17899708,-0.27303022,-0.21722195,-0.08749154,0.31322506,0.29509988,-0.21556655,-0.62570655,0.075798,-0.564253,0.41638768,-0.35864142,-0.34806728,-0.23114169,5603
0.28293097,0.046716645,-0.087609075,-0.12854382,0.24146488,-0.15275508,0.120288536,0.26682433,-0.14386934,-0.18219033,0.034720153,0.06380133,0.30012637,-0.2630939,-0.060698844,0.26504192,4933
-0.17368165,0.2991022,0.0427042,-0.15556398,0.34504542,-0.17964824,0.36319324,0.3116357,-0.44211918,-0.53011626,0.13344993,0.39637077,0.28981215,0.057109,0.09754628,-0.010643125,4631
0.088660434,0.46140555,-0.045905955,-0.3409155,-0.013413876,-0.19503564,0.29575518,0.0057315975,-0.3785478,-0.28970286,-0.05388184,-0.028985936,0.12815604,-0.05443464,-0.08390501,-0.2842362,5237
-0.074203655,0.2282148,-0.18318683,-0.0800347,0.31363946,0.41372442,0.56038046,0.7209551,-0.43084335,-0.41072935,0.2820091,-0.45280403,0.47538942,-0.58515245,-0.38053218,-0.31067038,4735
0.14886063,0.26818952,-0.13467813,-0.37285408,0.043616563,0.008889239,0.21319611,0.26565942,-0.37781858,-0.2886593,0.068973295,-0.17849693,0.18525234,-0.122406974,-0.06978816,-0.2172842,3427
0.10570444,0.3441806,-0.02205671,-0.6608738,0.099752404,0.057997122,0.12780881,0.103299,-0.59712845,0.059160158,-0.24645357,0.063126,0.15222864,-0.046786025,-0.32593113,-0.21026683,5756
0.10769936,0.20723937,0.19378877,-0.5398248,-0.2898357,0.06405449,-0.009168841,0.39178437,-0.5888008,-0.28895074,0.1546846,-0.111765906,0.11259942,0.015100129,0.066435814,-0.16615002,7109
0.011599995,-0.06305986,0.012481456,-0.20315385,0.34162444,0.106226295,-0.04917261,0.49915773,-0.4573451,0.0018969625,0.032337066,-0.004547544,0.704381,-0.16000816,-0.2443223,0.2829528,7988
0.0050667375,0.3413887,0.038579345,-0.6193877,0.07822477,-0.036307987,0.067548625,0.4649639,-0.46246043,-0.11653341,-0.048664436,-0.22283666,0.19246921,-0.09723455,-0.2824089,-0.29361713,8050
-0.26674163,0.0021848753,0.32177597,-0.5042219,0.057643645,0.40832588,0.19992308,0.9587418,-0.8065711,-0.2805981,-0.06763905,0.21436715,0.38367373,0.002003163,-0.23937525,-0.0143785775,2899
0.13678506,0.08149369,0.40456897,-0.23745637,0.1767296,-0.058142446,0.09570055,0.35630283,-0.3412276,-0.51013535,-0.07886913,0.09857387,0.38685673,-0.20249502,0.123473614,-0.04475352,8071
0.16121802,0.095715314,0.18201074,-0.4908765,-0.07480413,-0.059978366,0.025096651,0.4516319,-0.30476582,-0.28632757,0.023115925,-0.04952597,0.16786808,-0.09623635,-0.20760326,-0.11422008,6645
-0.051370695,-0.1242019,0.13605474,-0.25751317,0.08616809,-0.14432062,-0.09876153,0.5113993,-0.031629026,-0.30867746,-0.0070678852,-0.104934186,0.51433736,-0.14247288,-0.2900425,0.24619725,7702
0.14805785,-0.13503183,-0.17955014,-0.0625557,0.126532,-0.040119547,0.18159741,0.35368997,0.003347516,-0.4380281,0.16383176,-0.32680112,0.5742277,-0.32197827,-0.16328947,0.13638905,9059
0.097070515,0.3291473,0.2919224,-0.19568042,0.111760974,-0.17102201,0.3164915,0.34351924,-0.18688081,-0.5046582,-0.079861954,0.13695788,0.0067592263,-0.13465299,-0.08371198,-0.21739067,6529
-0.30216196,-0.23000774,-0.1566277,0.3118005,0.34167612,0.41190654,0.32492694,1.0298882,0.07582641,-0.8255247,0.39490512,-0.5602516,1.1142894,-0.6723874,-0.28661585,-0.052395,5733
-0.029893667,0.74418306,-0.20307468,-0.68092686,-0.15101647,0.27747303,0.10954836,0.058011502,-0.36871538,-0.019050188,-0.42186776,-0.2128399,-0.08845392,-0.06923765,0.09637162,-0.5341205,2268
0.08935631,0.13867575,-0.036810044,-0.04622057,-0.0397674,-0.076498754,0.2034907,0.64600194,-0.2983059,-0.47073793,0.067190275,-0.1910872,0.12352854,-0.48688582,-0.37893757,-0.020750567,1362
0.20686845,0.40192655,-0.039873116,-0.32474422,0.20017372,-0.1552495,0.2466863,0.035201058,-0.36370203,-0.1939132,-0.08394997,0.09667607,0.30344525,-0.11528328,-0.2465108,-0.034679115,7715
-0.105438024,0.022831753,0.14913355,0.3371373,0.38864017,0.09341875,0.3641843,0.9653001,-0.2848127,-0.76186883,0.3335441,-0.034727946,0.54902315,-0.28842983,-0.12968169,-0.30456406,6162
-0.08293727,-0.091000594,0.18310766,-0.28905058,-0.072266534,0.027654361,0.12401168,0.269381,-0.58116865,-0.39805782,0.13371709,0.12075503,0.27216768,0.010788027,0.0108088255,0.42297667,5936
0.06552851,-0.1197848,-0.0061300397,-0.130015,-0.011568882,0.037702776,0.3152726,0.8991641,-0.2841687,-0.88736224,0.14724603,-0.46972695,0.3370663,-0.61638045,-0.40638858,-0.4968605,5893
-0.026417509,0.14487734,-0.0077247485,-0.42986417,0.05545771,0.013768807,0.050384812,0.34617323,-0.4094649,-0.13421822,0.035515666,0.237326,0.39723,-0.030463643,-0.18629175,0.04281971,6068
-0.025227934,0.35449362,-0.12125705,-0.66272163,0.06731712,0.15965246,0.07501896,0.18820718,-0.31629914,-0.06056063,-0.19677833,-0.30249405,-0.048475444,-0.13234673,0.047518075,-0.32914296,4574
-0.18369338,0.19560698,0.27822036,-0.72127974,-0.14472765,-0.0039507374,0.36339146,0.3330807,-0.56920636,-0.41211432,-0.27578548,0.539073,0.0911109,0.16724586,0.11743927,-0.05222729,5843
0.35382873,0.12496538,0.27776095,-0.44061542,-0.19756378,-0.34480548,0.06246937,0.5945481,-0.42037487,-0.72804207,0.042970233,-0.35596162,0.056303024,-0.2638352,0.025514036,-0.56860816,8370
0.13852234,0.33699635,-0.20281632,-0.51940155,0.18780765,-0.024019644,0.04767308,0.08175039,-0.47637367,-0.004346147,-0.1163298,0.16439632,0.19923024,-0.034773946,-0.010819048,-0.11201772,8615
-0.03710811,0.1476089,0.1869438,-0.21096238,0.18779713,-0.18978508,0.40041405,0.26178995,-0.33299434,-0.5215649,-0.073510885,0.12816899,0.1354783,0.15193361,-0.2359991,0.056445062,8743
0.026509956,0.30155465,-0.075852185,-0.6000615,-0.0065912083,-0.09760967,0.0038081454,0.115899175,-0.41813087,-0.072283395,-0.047164816,-0.08028463,0.10442816,0.09929533,-0.022368014,-0.15898876,1112
0.18333891,0.17643262,0.087806985,-0.36141482,0.21883266,-0.1369923,0.15929809,0.2922123,-0.35260022,-0.28223932,-0.057519346,0.143603,0.006472394,-0.10411179,0.0031537414,-0.07013363,3704
0.16653234,0.3142601,0.25249833,-0.29261544,-0.013128564,0.05956721,0.25480115,0.3747379,-0.17717019,-0.55693686,-0.12198311,-0.1136324,-0.077993736,-0.12940909,-0.037398696,-0.2314342,1479
-0.11534779,0.1999543,0.16665712,-0.48447138,-0.076857716,0.14912522,0.3260675,0.28438836,-0.3295434,-0.19553792,-0.12703468,-0.17139702,0.35356113,-0.13679242,-0.52103806,-0.099121034,8501
0.08436221,0.118966475,-0.07891965,-0.24447162,0.25764397,-0.02211444,0.17284164,0.47307432,-0.39178818,-0.21119983,0.0064204372,-0.09767287,0.24260135,-0.3145681,0.059776634,-0.12166828,1717
0.18592641,-0.038026363,0.24544732,-0.3588986,-0.121425346,-0.14518145,0.10775936,0.16028152,-0.21084854,-0.53986967,0.049473744,-0.20918064,0.28702176,-0.15005341,-0.20439495,-0.12358563,5495
-0.2852667,0.002646923,0.039993793,-0.09790908,0.23054013,0.48679084,0.2383576,0.9859672,-0.8639904,-0.27536058,-0.05488762,-0.107825026,0.46924546,-0.48640224,-0.3404362,-0.07774736,8188
-0.21460299,-0.0130733475,0.38445628,-0.16416188,-0.086078025,0.13552186,0.058091797,0.87813365,-0.27345353,-0.6649746,0.305516,0.18839023,0.482862,-0.1291126,-0.26221457,0.016089812,5891
0.06396293,-0.12804262,-0.18822135,-0.23074642,0.20056716,0.01388149,0.021078683,0.37048334,-0.35172862,-0.14788818,0.02404549,-0.16862161,0.48697615,-0.29366434,-0.15809633,0.033246517,9706
0.38856575,0.038030185,-0.08126657,0.021762878,-0.23835848,-0.033902355,0.29216188,0.59741026,0.06731881,-0.7541454,0.23567814,-0.49758798,0.19558924,-0.67060876,-0.1344691,-0.31202975,8770
0.1396056,0.22972956,-0.16714603,-0.54618514,0.1996701,-0.12377388,-0.03611742,0.1013574,-0.39621603,0.006961733,-0.11219337,0.09177077,0.23151723,-0.01607345,0.0046831965,0.03718002,7868
0.026103798,-0.1288875,0.060485166,-0.31090865,0.22605577,-0.17308879,-0.07188971,0.32528573,-0.30618936,-0.16194138,-0.08120518,0.020963162,0.6661819,-0.09897724,-0.44105142,0.43674293,7089
-0.090642855,-0.030756518,0.035685536,-0.34739023,0.12669656,-0.03410261,0.09593287,0.6069384,-0.5657732,-0.30935544,0.03443452,0.17839663,0.45253462,-0.052616052,-0.25550842,-0.3404985,9300
0.034255028,0.04126811,-0.062139247,-0.021613598,0.083153516,0.25636622,0.21918003,0.7990494,0.11043076,-0.64188504,0.15466148,-0.59315693,0.38065204,-0.7880331,-0.16445096,-0.19060595,8046
0.16381294,0.27219653,-0.24804819,-0.4032507,0.35628626,0.08938573,0.24406697,-0.16357988,-0.5246024,-0.053487957,-0.19698523,0.095512986,0.2326433,-0.20845374,0.10615605,-0.090277314,7556
-0.14757979,0.1618188,-0.11645919,-0.3681276,0.37499794,0.14357054,0.65879226,0.13968055,-0.305143,-0.26892748,-0.05058326,0.713765,0.47323477,0.029604211,-0.15634376,-0.084754646,4012
-0.19604594,-0.051216617,0.11742069,-0.5645125,0.22392966,0.014175892,-0.19586319,0.49556044,-0.45675832,-0.050238773,-0.2110559,-0.1406401,0.55003375,-0.17435566,-0.0637621,-0.025210664,9559
0.04571767,-0.30058104,0.3135289,-0.12832096,0.092258446,0.11206859,0.20946923,0.46632993,-0.2081066,-0.77554655,0.14426458,-0.30298376,0.58625495,-0.38399312,-0.18904291,-0.3260223,3797
0.17957713,-0.21756856,0.028129168,-0.28896177,0.1760791,-0.08118229,0.1362862,0.482028,-0.41672415,-0.4061194,-0.097675405,-0.20834419,0.6575949,-0.1955688,-0.29764518,0.28239363,8623
0.08238984,0.2669572,-0.15530866,-0.27050686,0.24825236,-0.012396187,0.21864721,0.31345358,-0.34507096,-0.28952438,0.07716267,-0.12711811,0.46567336,-0.21733189,-0.16635351,-0.009143114,8217
-0.05488038,0.04214374,0.17938834,-0.5216368,-0.01168026,-0.06060896,0.10187032,0.32282788,-0.37747186,-0.2785613,-0.19142099,-0.07785082,0.3334861,-0.0360142,-0.23668662,-0.12919758,6254
0.13089891,0.25454098,0.011019062,-0.14270623,-0.0029867664,-0.06302056,0.44745466,0.389386,-0.2304364,-0.4583248,0.14426099,-0.012292609,0.28370583,-0.3134983,-0.08430411,-0.010198027,6201
0.11790495,0.08182031,-0.043704387,-0.5408375,0.025200129,0.017729245,0.07328092,0.19812429,-0.15558146,-0.21489291,-0.17357573,-0.20822302,0.1840868,-0.23620707,0.06158799,-0.110933766,5320
0.019785658,0.09451694,0.6256159,-0.24443242,0.035392128,0.021798275,0.15154605,0.7741097,-0.34098348,-0.6541051,0.14921308,0.275629,0.1373181,-0.12323275,0.13548282,-0.04827793,5845
-0.06636457,0.35073864,-0.14526857,-0.31609887,0.1440253,0.24930131,0.37424728,0.35967028,-0.469119,-0.16232578,0.0341314,-0.024661437,0.27933416,-0.16136852,-0.30760795,-0.3498489,4606
-0.10071248,0.46452186,-0.21461016,-0.70521075,0.12887728,-0.039670058,0.24138099,-0.34540874,-0.46860206,-0.06823994,-0.32532382,0.15769458,-0.026505053,-0.13724938,-0.053911388,-0.3101986,4844
0.029003605,0.25902078,-0.14085934,-0.35134616,0.0957511,0.15282306,0.107292175,0.4933129,-0.68669426,-0.03491707,0.16013947,-0.39100063,0.27323937,-0.26493037,-0.1822581,-0.2967006,5211
0.14634803,0.14138336,0.0653688,-0.2840442,0.10281521,-0.08399611,0.23181751,0.33686048,-0.20177545,-0.4089701,0.17164448,-0.07454277,0.3219891,-0.09712722,-0.19246544,0.03151813,8362
0.22141625,0.14117382,0.5999842,-0.3928412,-0.12363774,-0.21969692,0.12673423,0.35722065,-0.25063887,-0.58092463,-0.051398747,-0.13628529,0.1683858,-0.29503167,-0.096040666,-0.046741202,5114
-0.027428538,0.15328403,-0.04505169,-0.6095889,0.2607115,-0.03707172,0.037318453,0.14830972,-0.6242852,-0.031982705,-0.2667948,0.09366763,0.42225686,-0.1310484,-0.17804201,0.14007117,4751
0.015834093,-0.020355128,0.17863193,-0.54416686,-0.24958745,-0.37941813,-0.006337961,0.3275777,-0.3869269,-0.5775045,-0.06501148,-0.10655679,0.18222073,-0.12654051,-0.10485025,-0.36985523,2936
-0.08163567,0.02316498,-0.033568278,-0.4528559,0.01587265,0.37083623,0.22906478,0.47242492,-0.8128067,-0.21220325,-0.112498194,-0.07617953,0.24200337,-0.16035624,-0.16264367,0.031187668,8203
0.13578723,0.1339696,-0.14675404,-0.48218352,0.106464505,0.08707224,0.07805717,0.36615068,-0.34685904,-0.24577731,-0.0251386,-0.294492,0.25311866,-0.20447396,0.08961713,-0.3098926,2955
0.1765858,-0.40116823,0.036271513,-0.22049308,-0.011875421,0.005664129,0.07199494,0.59132093,-0.32744572,-0.2754285,-0.2837266,-0.39865112,0.5740006,-0.27658576,-0.37448016,0.2861543,3504
0.13724796,0.1340141,0.5818594,-0.44477957,0.005878836,0.17218688,-0.09038249,0.7882513,-0.25079766,-0.47291213,0.037070572,-0.09382826,0.27030098,-0.18201108,-0.025235027,0.05905749,8028
-0.1524637,0.20978697,-0.106056266,-0.6498223,0.01578223,-0.07345919,0.19771963,-0.0042546988,-0.5289496,-0.090101786,-0.18685323,0.37565106,0.0629603,-0.00361076,-0.023786932,-0.19503324,8788
-0.1390052,-0.07219049,-0.34150958,0.3703911,0.21707347,0.22948928,0.59734464,0.7543915,0.35968715,-1.1021639,0.48011005,-0.40432197,0.5412747,-0.6370977,0.14117962,-0.5198306,4730
0.078107476,0.12848832,0.15481059,-0.05115871,0.18844862,-0.3105083,0.27605355,0.39057994,-0.006641254,-0.5045895,0.25060117,-0.062887594,0.72250396,-0.32331073,-0.21077655,-0.051336765,9988
-0.12204149,-0.020635806,0.44896057,-0.40911084,-0.0805775,0.15140244,0.12275641,0.7221855,-0.44161087,-0.5062962,0.1353352,0.35739028,0.34667706,0.084249556,0.17112833,0.30132526,1965
-0.03157504,0.03244265,-0.11259294,-0.477499,-0.046737865,0.064711265,0.09244244,0.23286603,-0.52117956,-0.30143985,0.11136179,-0.19631568,0.12915935,-0.082454294,0.025019169,-0.22191589,6686
0.26458162,0.03861755,0.48306152,-0.2506533,0.017939053,-0.1395426,0.16060959,0.22113883,-0.1169753,-0.5145261,-0.038199447,-0.21843715,0.23644428,-0.4299615,-0.15883172,-0.056587517,7546
0.17921546,-0.21102269,0.28430283,-0.50477237,-0.13461311,-0.05968268,-0.0069495365,0.46233553,-0.75701964,-0.15120816,-0.2424327,-0.036191255,0.40731576,0.0411333,-0.37900594,0.31299508,3843
0.16200882,-0.07008056,-0.032951772,-0.26277632,0.21664439,-0.12529142,0.14847095,-0.036276616,-0.4232004,-0.48957604,-0.10869542,0.065558344,0.990919,-0.14936289,0.636362,0.051681835,8600
-0.06669912,0.21222481,-0.33624086,-0.5180203,0.22274366,0.04056852,0.11676676,0.17689566,-0.13427216,-0.058856577,-0.21717966,-0.32857007,0.094559506,-0.29113385,0.2830471,-0.3441977,8739
0.09030028,-0.14027353,0.27114478,-0.12263423,0.24225982,-0.06913404,0.3341385,0.28452948,-0.12442762,-0.67173845,0.14119804,0.05016789,0.60411197,-0.16397588,-0.05166225,-0.007369086,3565
0.40995282,0.37938422,0.2520399,-0.6002773,-0.24498168,0.061109953,-0.004069806,0.31121036,-0.34719616,-0.48398486,-0.13651578,-0.45263314,0.02020733,-0.25125057,-0.15957353,-0.27003366,4396
-0.020038642,0.1939928,0.5385929,-0.46242738,-0.021666817,0.2648945,-0.018572958,0.9805194,-0.42883965,-0.46258867,0.09712304,0.1172342,0.2948222,-0.018210404,0.11621401,-0.019923702,1457
0.021612532,0.2663744,-0.21728308,-0.14643562,0.3049258,0.06978859,0.3645497,0.5627248,-0.43669719,-0.50132143,0.13215104,-0.09626685,0.20372891,-0.13423268,0.018932939,-0.30201155,8373
-0.0041764826,0.18602422,0.008171359,-0.26393402,-0.004306622,0.29327917,0.4285034,0.5113275,-0.36632177,-0.4106807,0.05223331,-0.037158296,0.40492553,-0.16701084,-0.14121991,-0.11335485,1670
0.02380298,0.045559943,0.096034996,-0.35202333,0.07874351,-0.15232994,0.22689572,0.07087386,-0.33456862,-0.23562151,-0.056853816,0.11938141,0.49202615,-0.0918912,-0.29696238,0.12879655,7735
-0.32956374,0.1117236,-0.0461168,-0.37982625,0.1691118,0.57114863,0.573844,0.33199245,-0.53395635,-0.08468693,-0.16296208,-0.23023331,0.5053426,-0.24358995,-0.57356006,-0.3297054,7369
-0.23908292,-0.21646753,0.2821769,-0.639674,-0.033915162,-0.047754657,0.110648006,0.43232754,-0.6102483,-0.20649174,-0.16559884,0.30554077,0.29540032,0.26612404,-0.30602905,-0.035314173,7281
0.25369978,0.2972406,-0.07620363,-0.37402007,-0.013818607,0.28826344,0.22607094,0.4974293,-0.2993446,-0.38210955,-0.011932822,-0.376534,0.18184362,-0.33710822,-0.048002794,-0.12648416,8428
0.1739625,0.007427521,-0.07987609,-0.36950505,0.12151286,-0.05977404,0.18877229,0.35911626,-0.4961604,-0.34099263,-0.09695796,-0.1823146,0.35634166,-0.20020741,-0.20687237,0.06537281,5601
-0.21750817,0.3188324,-0.07300033,-0.47475323,-0.058864642,0.057320744,0.16081947,0.08822164,-0.22246456,-0.11028955,0.065866366,-0.17556863,0.6913628,-0.30543607,-0.1219023,-0.037849203,8692
0.21958841,0.27868026,-0.21608472,-0.30252957,0.018688455,-0.07384062,0.27614868,0.27680737,-0.107492,-0.21534419,0.059280995,-0.19992861,0.10831232,-0.26690924,0.07424885,-0.29228258,7983
0.20328684,-0.3056178,0.030010637,-0.25141764,0.10989753,-0.28462505,0.06182982,0.21196604,-0.302621,-0.4351791,-0.0962931,0.047742136,0.47582808,-0.08786427,-0.10102381,0.21546474,7215
-0.07834555,0.012908846,0.029327389,-0.31888643,0.032504857,-0.24116579,0.11684131,0.12569404,-0.32710904,-0.3022396,0.019605719,0.20129679,0.4389269,-0.14856577,-0.23479754,-0.0030128956,1251
-0.17165107,-0.16757502,-0.11214039,-0.015746891,0.36702228,0.3735545,0.2782821,0.7741902,-0.0005132854,-0.6535444,0.15106964,-0.62310636,0.7248291,-0.6356462,-0.1740069,-0.01094833,7018
0.000101819634,0.49981374,-0.110764585,-0.6646962,-0.04163325,0.19581114,0.18430908,-0.049278364,-0.49681872,0.11549923,-0.3882246,-0.10788935,0.037018925,-0.038176104,-0.38123178,-0.40893278,4525
0.24403535,0.16036643,-0.10696498,-0.121379584,0.046994228,0.0877344,0.27223247,0.5004663,-0.27790722,-0.4658213,0.1479242,-0.3637891,0.44386044,-0.42799336,-0.07026313,-0.09572367,8371
0.1670249,0.0031514838,-0.050681815,-0.25226715,-0.061779916,-0.08647725,0.102149785,0.43626648,-0.31143865,-0.21158789,-0.085820355,-0.36314136,0.31507578,-0.3018604,-0.33079836,0.14811823,7672
-0.30448785,-0.14332335,0.0737626,-0.299031,0.27184764,0.7456208,0.104707845,0.94971454,-0.29953733,-0.54080194,-0.04523144,-0.41916633,0.5444858,-0.6032618,0.26468775,-0.10872975,4643
0.08043068,0.13212417,0.006785844,-0.40278357,0.13649431,-0.3481473,0.019031253,-0.0115247965,-0.21273695,-0.34773746,-0.048520517,0.04218124,0.30679023,-0.23284882,-0.09520434,0.013365701,4506
0.23390993,-0.12317548,0.280402,-0.30821437,0.15108497,0.06336588,0.21335697,0.69369745,-0.44485384,-0.6741574,0.078701615,-0.18616568,0.43422288,-0.12939596,-0.40469208,-0.04421076,6834
0.13462368,-0.07762274,-0.021008741,-0.3845893,0.11691711,-0.17753133,0.04368783,0.38168365,-0.11274214,-0.2954524,-0.14538993,-0.19527547,0.39437953,-0.27982247,-0.077595934,0.12580389,9560
0.11252041,0.25524616,-0.13675609,-0.497685,0.041715167,-0.12945919,0.051366404,0.07928723,-0.36638296,-0.08426975,-0.016054504,-0.105951965,0.15286407,-0.083161384,-0.06713055,-0.03575799,3366
0.1794815,0.17798321,-0.15529467,-0.07140356,0.119025245,-0.047265224,0.35560966,0.39661455,-0.1294234,-0.58254474,0.20473734,-0.17536893,0.35601288,-0.15487151,-0.2356303,0.0016489029,9622
-0.09285836,0.034709007,0.28963456,-0.48320097,-0.15165971,-0.2571555,0.06326836,0.68978214,-0.3950342,-0.44002324,0.10896125,-0.022961423,0.35670143,-0.12054242,-0.54092443,-0.3916962,8961
0.1375573,0.111924455,-0.0995129,-0.28276947,0.3552142,-0.22625631,0.08459922,0.07925773,-0.2023162,-0.33843786,-0.060816213,0.12936157,0.18668742,-0.25707796,0.054616436,0.16208881,4023
-0.0517233,-0.057433873,0.23631448,-0.1098572,0.12488434,0.073921,0.52826333,0.76368904,0.0703303,-0.9445197,0.27048698,-0.4595011,0.4621632,-0.5201083,-0.34078363,-0.44607615,9465
-0.0063207448,0.12921503,0.14680547,-0.4224302,-0.20006363,0.026178323,0.3623081,0.1298474,-0.28651866,-0.3033102,0.03793364,-0.0117492005,0.34756824,-0.046224363,-0.34038818,-0.21394,8179
0.058495454,0.13271822,-0.091101274,-0.05200097,0.09226101,0.2706266,0.2479387,0.7454544,0.046330467,-0.6127547,0.237343,-0.2850654,0.31422162,-0.49922267,0.035825804,-0.0016555786,4463
0.057717912,0.03861648,0.18576425,-0.298027,-0.12759005,-0.108521566,0.09133978,0.49817553,-0.2475827,-0.38882035,0.1551379,-0.116012126,0.19725302,-0.089930624,-0.19578342,-0.22936673,8258
-0.0040467232,0.19652195,0.23028858,-0.45726338,-0.04913769,-0.45942172,0.012169078,0.07713827,-0.29593578,-0.39396077,-0.1666504,0.013682663,0.141313,-0.29946172,-0.046934187,-0.16113205,5530
0.11889262,0.36561027,-0.10863059,-0.5335514,-0.07451004,0.014221121,0.11459305,-0.015444875,-0.3029421,-0.09918229,-0.15242909,-0.236416,0.0154417455,-0.039725643,-0.14645462,-0.21741179,1130
-0.104363024,-0.18274559,0.48856568,-0.5198653,-0.019686215,-0.18872802,-0.14988509,0.51051456,-0.53949594,-0.2490556,-0.13338616,0.29411015,0.48060203,0.1107578,0.015171915,0.5139192,7344
-0.30068937,-0.27044266,0.1293804,0.034620553,0.20457198,-0.289292,0.22254539,0.558352,-0.05943472,-0.709077,0.3635982,0.20281655,0.6592648,-0.26587808,-0.1660609,-0.31316745,8590
-0.077127025,-0.09640557,-0.14565375,-0.20676902,-0.1674479,-0.0268772,0.22202395,0.14617315,-0.2274171,-0.26454163,0.27399212,-0.2472293,0.46577784,-0.18984076,-0.2678602,0.09473192,7160
-0.11460623,-0.010840751,0.16970927,-0.17360386,-0.010240532,0.09964667,0.12138292,0.599339,-0.37304944,-0.43676898,0.22036049,0.036180764,0.4822402,-0.03131257,-0.052158505,-0.025218114,2493
0.16582596,0.19082844,0.013942835,-0.20529464,0.002133578,0.17766583,0.35414988,0.48162997,-0.1822815,-0.46089566,0.17330219,-0.069936916,0.3240053,-0.17648485,-0.1389625,0.059094384,8988
0.105351016,-0.1898462,0.26582903,-0.44678974,-0.15047693,-0.43485716,0.06883559,0.68102837,-0.35810286,-0.99856794,-0.034474954,-0.2600443,0.3901231,-0.43399748,-0.10433549,-0.5314194,7374
0.08020583,0.3831175,0.014405123,-0.410976,0.115408905,-0.12755251,0.275054,-0.04223478,-0.2866776,-0.21121582,-0.25034156,0.10970627,0.06921092,-0.21804771,-0.037744895,-0.22523426,9263
0.054772586,-0.12380765,0.11870247,-0.3433474,-0.023841023,-0.3602306,0.029764555,0.19867118,-0.2580536,-0.5345383,-0.08404185,0.10132403,0.2877968,-0.21691796,0.05922389,-0.3108694,9295
0.10561831,0.73257655,0.05120209,-0.64616716,-0.042369906,-0.14843398,0.08032739,0.0017486513,-0.40328354,-0.2250919,-0.3883708,-0.27872822,-0.07875797,-0.28989506,-0.101679,-0.33026916,3231
0.15692556,-0.17183495,0.4741824,-0.26988015,-0.040671024,-0.013364263,0.019250643,0.7203937,-0.36113065,-0.6225708,0.107290186,0.13681026,0.61344534,-0.020007692,0.20180112,0.41807017,3025
0.041668765,0.067788556,0.19631903,-0.60297215,0.03602428,-0.12685435,0.0271228,0.2268556,-0.43729806,-0.24945632,-0.1961104,0.06419781,0.293024,0.045652233,-0.22645643,0.13312586,6044
-0.030974679,0.21807873,-0.06264865,-0.45106444,-0.014809936,-0.051525883,0.12781626,0.013616882,-0.35630047,-0.30005553,-0.037068292,-0.07315683,0.22252291,-0.08941482,-0.19358611,-0.1437483,6597
0.17116785,0.0696948,0.08182316,-0.2363427,-0.010304466,-0.05577285,0.14024106,0.3757175,-0.13207874,-0.29043573,0.0826364,-0.1670216,0.2450925,-0.22288999,-0.15043862,-7.160008e-05,3507
-0.00029413402,-0.069516666,0.21168181,-0.42694187,-0.19349316,-0.10312194,0.18599537,0.37355602,-0.3167224,-0.40696383,-0.009995645,0.0024960488,0.39751393,-0.10973029,-0.17749062,-0.22301054,6864
-0.058473215,0.16718447,0.35700357,-0.56663114,-0.07560083,-0.004975699,-0.046494342,0.52352434,-0.57253695,-0.1455878,-0.15992111,-0.0033499226,0.33179298,-0.042038485,-0.3493794,-0.0465122,8568
-0.09828006,-0.25007704,-0.15033434,0.40579152,0.2885118,-0.012132496,0.5854809,0.59564453,0.22333327,-0.9337977,0.52703315,-0.5345444,0.67463124,-0.7295996,-0.23021623,-0.4173511,4384
-0.08234422,0.105882004,0.18353349,-0.66339886,0.0023143739,-0.19387367,0.029016187,0.3707088,-0.55483305,-0.26742497,-0.16477731,0.38184518,0.28073192,0.035233617,-0.04401216,0.13321927,2508
0.0899637,-0.16414571,-0.10703219,-0.2608308,0.41783535,-0.12977527,0.044061966,0.2637652,-0.16910735,-0.25097004,-0.10254146,-0.068776384,0.3566717,-0.18646473,-0.08565986,0.24813814,2102
-0.0645593,-0.12742844,0.088329054,-0.4067201,0.17769507,0.28665707,0.12254441,0.4082871,-0.8562802,-0.37034515,-0.021319114,-0.1162388,0.397309,-0.1083048,0.050410807,0.33334735,2902
0.060501955,-0.055718124,-0.22263955,-0.20289761,0.5942321,-0.32719642,0.06847498,0.24680759,-0.012146272,-0.21528706,-0.02483663,0.14517207,0.4968871,-0.42254573,-0.13954133,0.23154132,4286
0.27385724,0.04946512,-0.3528068,0.09079042,0.07668733,0.037157904,0.2848392,0.7526982,0.10204613,-0.5369663,0.18396807,-0.5611326,0.32236236,-0.5397374,-0.20781125,-0.075794846,4346
-0.18331824,0.14966811,0.04747083,-0.26440614,0.009774677,0.37034768,0.36821228,0.7371679,-0.58564305,-0.29941863,-0.07642776,-0.10535066,0.3820112,-0.3732372,-0.31126684,-0.13124964,3135
0.47283956,0.104981616,0.1642987,-0.4511592,-0.42450145,-0.16665104,0.06975332,0.58085966,-0.3013257,-0.701139,-0.03615373,-0.45033163,-0.008962691,-0.38816574,0.0013846457,-0.45854682,1631
-0.012955885,0.34444115,-0.045691364,-0.2843391,0.10399423,-0.069110215,0.33477095,0.083530635,-0.30377778,-0.26050556,-0.22026119,0.03682682,0.12940143,-0.09912782,-0.07688512,-0.2930473,7529
0.08804915,0.5498338,-0.032751534,-0.47159085,0.06606132,-0.2698769,0.1975163,-0.16580924,-0.2895522,-0.3311736,-0.3252361,-0.008634746,-0.07996878,-0.19633716,0.08658162,-0.28705758,7544
0.24269393,0.52714026,0.029685944,-0.43992096,-0.055841923,-0.2416543,0.036079906,-0.04060577,-0.21603063,-0.23143372,-0.44762072,-0.12888621,-0.15095213,-0.22970799,0.1625523,-0.41473514,5163
-0.37717992,0.70458424,-0.061126832,-0.76387274,-0.26911926,0.18428604,0.4882196,-0.085115746,-0.607703,-0.173327,-0.48329133,0.29330274,-0.48189324,-0.014391884,0.32956877,-0.59945184,6303
-0.014389992,0.116578,-0.16987154,-0.20572232,0.12565665,0.32119006,0.13301016,0.57614535,-0.41303945,-0.25166115,0.14188787,-0.3105855,0.40328932,-0.4175404,-0.02458021,-0.18864633,3811
-0.3127545,-0.037098505,0.24554878,-0.25190237,0.0064130425,0.1684752,0.34625044,0.8011238,-0.49113846,-0.438895,0.09773363,-0.009463027,0.43268317,-0.3265736,-0.41302153,-0.308939,3608
0.1629205,0.30273458,0.12627098,-0.47342855,-0.013598707,-0.20017776,-0.19159041,0.3073025,-0.23094839,-0.19933079,-0.26450574,-0.14800419,0.070002824,-0.28721437,0.105452344,-0.3266648,6467
-0.15844758,0.5759071,0.33197623,-0.49124974,-0.0041206777,-0.05691171,0.22415899,0.3805407,-0.46065325,-0.33842015,-0.26492864,0.35538024,-0.060286433,-0.12227073,0.118691295,-0.16443728,3014
0.20705697,0.060627986,0.1777694,-0.21198234,0.09340723,-0.18246293,0.22600245,0.2248164,-0.27536124,-0.4305059,-0.15756273,-0.06445931,0.13369998,-0.26451394,0.11877355,-0.22694986,5216
-0.11226581,0.22706112,-0.03354708,-0.3961652,-0.06820801,-0.21465266,0.14253232,0.25994772,-0.22065282,-0.3692423,0.0731642,-0.14882164,-0.0028241575,-0.14047238,-0.084357664,-0.3628899,4874
0.018315852,0.066826925,-0.22185792,-0.3073493,0.24656752,-0.16855401,0.15162526,-0.27439258,-0.3301012,-0.22335997,-0.11614124,0.30615866,0.1562853,-0.043477595,0.12134209,-0.04881697,7408
-0.1541727,0.09083059,-0.022900686,-0.31426144,0.21006608,0.25400606,0.035155654,0.5678371,-0.523375,-0.09554924,0.033715654,-0.2366468,0.57104164,-0.22975612,-0.24109231,-0.015510574,6000
-0.23635595,0.09547001,-0.0006465502,0.2312243,0.5264754,0.034560576,0.32658538,0.6522015,-0.11806622,-0.55820584,0.36685118,-0.103228085,0.71250355,-0.36384827,-0.27973807,-0.081146315,7146
-0.015324354,0.11782135,0.073006086,-0.49756277,0.080720775,0.22231475,0.37404528,0.31771928,-0.26009887,-0.16882086,-0.15056607,-0.069505386,0.381536,-0.08248314,-0.3795733,-0.10214187,6528
0.08269958,-0.015876316,-0.052654237,-0.22810945,0.0045737475,-0.090089396,0.11335026,0.33110732,-0.15608856,-0.41410094,0.14529228,-0.04453028,0.34306735,-0.108643696,-0.24684186,0.16057287,1589
-0.23878598,-0.0638399,0.29587382,-0.5665793,-0.014681019,0.19447848,0.012837073,0.7529396,-0.91167533,-0.18525118,-0.2257024,0.27674478,0.36757195,0.10842095,-0.15143904,-0.05409263,8938
0.17686519,0.058027588,0.064451545,-0.21889198,-0.03340581,-0.27982688,0.118454374,0.2967312,-0.11300584,-0.42387608,0.09258934,-0.1525194,0.2857272,-0.35399982,-0.12806793,-0.07604669,2988
0.037523955,0.33142322,-0.045522667,-0.66507,0.13777949,0.19782622,0.1510872,0.10336515,-0.625002,0.066837475,-0.31126463,-0.10207809,0.18668205,-0.13092518,-0.36603844,-0.20157523,1970
-0.279249,-0.048316244,0.636922,-0.019528404,0.025212802,0.29442242,0.31252787,1.3333716,-0.3073324,-0.8373743,0.22797933,0.48112714,0.33090106,-0.27945805,0.056149036,-0.018770844,1953
0.1285781,0.013428576,-0.08892059,-0.21949935,-0.123590246,0.02167812,0.3080189,0.4857549,-0.39118212,-0.29253262,0.115338415,-0.19308567,0.38845354,-0.2736772,-0.25770792,0.081553385,8842
0.07369231,0.15575486,0.025264127,-0.4516505,0.07000572,0.061370328,0.07753105,0.4661045,-0.24902573,-0.35296327,0.09121932,-0.2829796,0.28580096,-0.20940828,-0.09200929,-0.35905677,1377
0.21256012,-0.11040489,-0.1582649,0.011760771,0.19596478,-0.19235858,0.17084324,0.6526104,0.07090008,-0.51670754,0.07185659,-0.4189031,0.4857007,-0.37272316,-0.13744399,0.019191936,3379
0.15330589,0.23272607,0.005150634,-0.6176081,0.07582837,-0.22605123,0.037185796,0.01977101,-0.5800401,-0.20085831,-0.12710024,0.09730695,0.3106378,-0.02204235,-0.1428263,-0.098910436,9601
0.024072222,0.09949756,-0.1808647,-0.07386863,-0.06258685,0.051143467,0.26880708,0.49622166,-0.07727459,-0.3817935,0.30025625,-0.33443022,0.5378398,-0.34918338,-0.2974244,-0.009424865,4759
-0.031471595,0.077886805,0.017864244,-0.14326039,0.23884079,-0.04442383,0.3417776,0.4001519,-0.13490136,-0.47374836,0.23262514,-0.07820649,0.48535687,-0.21495968,-0.30176067,-0.007969037,4327
0.1851148,0.26999968,0.39750174,-0.34509778,0.050770815,-0.24137178,0.091846555,0.28485072,-0.44093317,-0.4514982,-0.17456584,0.028370306,0.15009643,-0.21729368,0.012141228,-0.09331457,2437
-0.13721804,0.25663,-0.12833083,-0.5822137,0.13624278,0.3671031,0.39941907,0.2004937,-0.71360946,0.0772149,-0.16717249,0.18068546,0.3835512,-0.061278537,-0.45520592,-0.3878557,7617
0.06425487,-0.035126247,0.16541329,-0.26556808,-0.068597004,-0.13804004,0.16826306,0.42469174,-0.3619759,-0.6014727,0.03673356,-0.053451687,0.0870295,-0.28403857,-0.12553917,0.027478725,2863
-0.044180363,-0.38706174,0.07132057,-0.16286913,0.2024227,-0.11323066,-0.02711228,0.9338691,-0.04620666,-0.3243129,0.049672633,-0.31613702,0.4720338,-0.42039576,-0.32876486,0.16744033,3271
-0.0045165196,-0.080331326,-0.1000062,-0.31616688,-0.18583067,-0.07864438,0.17127585,0.094188645,-0.21882096,-0.30110407,0.16260704,-0.17926754,0.26221445,-0.2155413,-0.036623597,-0.22375551,1026
0.107233614,0.18322301,0.13117634,-0.29428864,0.19346909,-0.31356826,0.16192073,0.27197406,-0.25339028,-0.3920921,-0.07783663,0.06982535,0.25447276,-0.12302383,0.029799297,-0.093568385,4766
0.014322661,0.047545884,-0.29006386,-0.233457,0.08606325,-0.13924289,0.10859835,0.38263386,-0.011978149,-0.27739406,0.16404432,-0.08337466,0.43680108,-0.19886954,-0.14942136,-0.17747313,6998
0.19738872,0.1191438,-0.08899667,0.039465725,0.046087928,-0.080793455,0.3735442,0.70085955,-0.16045685,-0.55032355,0.24544565,-0.0048303157,0.4737742,-0.28097075,-0.19670363,-0.08987573,8975
0.061583713,-0.05944754,-0.0944243,-0.048817948,0.10557026,0.14135826,0.08684339,0.6933236,-0.08362633,-0.33206534,0.111411884,-0.31988117,0.47020966,-0.4545834,-0.12170027,0.062282845,3043
-0.17116673,-0.027613647,-0.1536403,0.038163185,-0.03685303,0.046026386,0.16124995,0.7573893,0.1569241,-0.5333484,0.367789,-0.2257432,0.3379742,-0.41037142,-0.14921702,-0.22539507,7761
-0.3426266,-0.29073822,-0.08602657,0.016037434,0.16017681,-0.14632082,0.059410505,0.3701517,0.13165775,-0.7562219,0.36480367,-0.3107763,0.8496619,-0.23831639,-0.6532761,-0.0461549,2665
0.071805336,0.12006208,0.0028909594,-0.40135586,0.12157685,-0.137236,0.056925386,0.00067767873,-0.358985,-0.09228499,0.09315565,0.101079784,0.5371143,-0.04196304,-0.2619581,0.22441334,2472
-0.011667356,0.27800426,-0.07772793,-0.538005,-0.058919184,-0.20308658,0.09016231,-0.028404191,-0.40113884,-0.18107691,-0.03098327,0.022056356,0.04286608,-0.023037009,0.010927498,-0.12645848,7668
-0.47459304,0.101559296,0.40341595,-0.39654776,-0.2520501,0.30933267,0.33272013,1.0333351,-1.0913332,-0.35129398,-0.13123092,0.63737285,0.031200826,0.041839786,0.02907744,-0.11032419,5588
-0.0008524209,0.573465,-0.39785257,-0.69799507,0.0076448172,-0.05006911,0.24044202,-0.2090419,-0.646524,0.0768556,-0.4211074,0.45066303,-0.19301584,0.08816894,0.20238194,-0.54535174,4266
-0.011514187,0.10635455,0.152833,-0.38672644,-0.1302104,0.17270112,0.2341584,0.54815865,-0.40345836,-0.21198109,-0.17621246,-0.30760652,0.5088848,-0.2773745,-0.36860645,0.074030116,7923
-0.17656437,0.059218876,-0.17773575,-0.0111705065,0.27497482,0.3316227,0.33427653,0.7514332,-0.52791965,-0.41303685,0.31654632,-0.17462026,0.31272507,-0.46988156,-0.2613378,-0.36314982,3969
0.074611865,0.31500703,-0.17130733,-0.47770303,0.17326368,0.17164233,0.18252666,0.2849074,-0.6514109,-0.039521977,-0.09917341,0.036778063,0.28989586,-0.08178006,-0.2830996,-0.22004415,6876
0.29315698,0.1463591,0.51755935,-0.48657516,-0.1835925,0.16115153,-0.0012551956,0.67422086,-0.6014243,-0.5954973,-0.051517725,-0.10799989,0.038541585,-0.37664032,0.03953564,0.064090416,9989
-0.12541622,0.20763284,0.18181139,-0.44694573,0.019986115,0.28251678,0.011667978,0.6960162,-0.5586828,-0.18425356,-0.049087103,0.08805107,0.31847832,-0.064134374,-0.058087513,0.004950434,8139
-0.001801677,0.0001257956,0.42637047,-0.25502825,0.0026642233,0.10983537,0.25365016,0.5264066,-0.21026047,-0.6152787,0.16576819,0.012400664,0.6151088,-0.11143907,-0.11477415,0.13066652,7520
0.061024323,-0.16267058,0.0101530105,-0.2580784,-0.15653026,0.14916502,-0.02235276,0.5073025,-0.49509668,-0.21861574,0.13337405,-0.33670533,0.54791623,-0.20456433,-0.13008466,0.07864224,6269
-0.17778744,0.041835874,0.27132538,-0.44694275,0.048355043,0.2948569,0.056372248,0.7673156,-0.83964634,-0.25278562,-0.17161404,0.13955782,0.25268912,-0.13339767,-0.07332328,0.10261067,4602
0.014295198,0.14841251,0.23539104,-0.5802703,0.02173715,0.19706538,0.08164759,0.7010459,-0.3692348,-0.2867843,0.02584816,0.12255965,0.302437,0.031506665,-0.0022711754,-0.09212643,6488
0.111629196,0.09516327,-0.05199259,-0.2199397,0.04845562,-0.191507,0.30363023,0.23682603,-0.18998156,-0.48257262,0.19660279,-0.058463924,0.3260183,-0.22398075,-0.026446223,-0.0034997612,1024
-0.055615276,0.35341066,-0.049962,-0.5297568,0.030493677,0.38975978,0.35482916,0.35755795,-0.4080392,-0.21135499,-0.23632143,0.3094136,0.22093344,0.05506822,0.09493974,-0.32893676,7250
0.1557069,0.19847023,0.11533564,-0.64013624,0.03801363,-0.006254427,0.010593787,0.3508212,-0.7020215,-0.13200939,-0.34091136,-0.24406224,0.021750502,-0.29206544,-0.17095423,0.15191968,8435
-0.044540543,-0.29478514,0.15903804,-0.21059881,-0.16598941,-0.2409542,0.1172822,0.38300586,-0.009070948,-0.62451094,-0.029986572,-0.13810365,0.3783698,-0.3308335,-0.078128636,-0.36626074,7174
0.09612422,-0.35600892,0.085878186,-0.31427318,0.120411426,-0.21051764,0.080131054,0.3400604,-0.114893615,-0.6092984,-0.1819437,0.0048600435,0.15286085,-0.16659355,0.022402003,-0.1164445,3226
-0.15227564,0.25571474,-0.17531003,-0.4329089,0.29969946,0.33433938,0.39719874,0.32606533,-0.8298552,0.019198239,-0.21619704,0.34958604,0.1841225,-0.028851321,-0.27811578,-0.38835442,8507
-0.07995726,-0.028306276,0.020885365,-0.33424827,0.09624805,0.19725484,-0.011023064,0.53389364,-0.54758483,-0.048009224,-0.026348969,-0.22094607,0.36488432,-0.27232212,-0.14701289,0.11558867,3696
-0.017461449,0.1369537,0.17102258,-0.3782918,0.1469968,0.049115047,0.13840017,0.41352975,-0.28785264,-0.41413647,0.019207956,0.091767654,0.4394788,-0.010333575,-0.035991758,0.15160152,3085
0.13889238,0.20374541,-0.0719448,-0.280055,-0.07238257,-0.0061497726,0.06350458,0.48554394,-0.34185612,-0.12750775,0.10543683,-0.2771024,0.078192696,-0.12839481,-0.07501438,-0.051039994,5861
0.07354914,0.40587652,0.036774583,-0.6796373,-0.1708365,-0.0141160935,0.06874085,0.021468341,-0.39291131,-0.11370807,-0.33557636,-0.2766857,-0.03485003,-0.08840531,-0.067832366,-0.41310063,3570
0.103459656,0.22860515,0.14078735,-0.55287194,0.33382797,0.25593543,-0.042849544,0.8941491,-0.6727646,-0.12608884,-0.11810316,-0.34418744,0.3132522,-0.28817928,-0.20273536,-0.05332245,4754
0.36652428,0.11513781,0.20352879,-0.4015065,-0.068240225,-0.10044436,0.045466304,0.1678312,-0.36257434,-0.37565556,-0.18171248,-0.3028616,0.15247089,-0.22892857,-0.07718709,-0.064853504,1002
0.05699943,0.2134684,-0.007863313,-0.20199971,0.42550206,-0.17290598,0.2753804,0.04757175,-0.27796158,-0.2696891,-0.23635605,0.32264513,0.22072887,-0.10360661,0.15978298,-0.15922599,5376
0.04605095,-0.085761674,-0.10789081,-0.32978928,0.15532896,0.04622447,0.065166555,0.3489188,-0.3054025,-0.21587354,0.13325179,0.010404766,0.35287014,-0.060660053,-0.17321591,-0.24006484,7162
-0.39471722,-0.24816103,0.045181915,-0.2598028,0.1727829,0.14519599,0.16493385,0.7320411,-0.77332866,-0.21538241,0.20359293,0.18165384,0.5363604,-0.121069446,-0.44184107,-0.24637781,5679
-0.051301822,0.110222034,-0.26914194,-0.09920959,0.15897965,0.42740846,0.50486124,0.61815286,-0.5139698,-0.33096945,0.2456483,-0.3861396,0.3420475,-0.5354974,-0.3221705,-0.1668069,6013
-0.22600232,-0.07491046,-0.13084367,-0.13511625,0.09326767,-0.16570288,0.15203635,0.43281695,-0.09674321,-0.39513355,0.37209398,-0.005063899,0.4128676,-0.20604086,-0.21635816,-0.12289201,3879
-0.02769614,0.26290298,-0.18829045,-0.39793473,0.35119388,-0.024728477,0.036688324,0.017989725,-0.45157915,0.09124285,-0.18708858,0.35027575,0.29305997,-0.14441335,0.18218659,-0.025697201,8032
0.14447564,0.2423867,-0.03338053,-0.43438253,0.25739443,-0.17090319,0.104626976,0.16066357,-0.3989104,-0.14370702,-0.1156458,0.0919833,0.21998304,-0.029387854,-0.0007792711,-0.10291992,8735
0.16735913,0.046537098,0.29948345,-0.3567466,0.064046875,-0.11357028,0.031772893,0.47685784,-0.28041494,-0.5631442,-0.0071226642,0.11785862,0.27219638,-0.12434256,0.08460212,0.27569458,5347
-0.07553837,0.28468758,-0.100654796,-0.78846407,-0.0033715367,0.13112223,0.0062366165,0.10264075,-0.9451122,0.17831323,-0.22722849,-0.06669353,0.013455346,0.017146364,-0.015897125,-0.28294215,2153
-0.05284378,-0.18427932,0.15230942,0.09181222,0.11260486,-0.06769105,0.2687616,0.7250887,-0.2697239,-0.61686075,0.3453138,0.16563405,0.58131325,-0.05888179,0.02311626,0.05539404,3433
-0.03720334,0.27529728,0.2010636,-0.24211398,0.24674268,-0.09038911,0.4580281,-0.089155465,-0.36475295,-0.34841484,-0.2991298,0.19944298,0.30464017,-0.34533605,-0.08233085,-0.20806974,1148
-0.06953178,0.6048755,-0.028815355,-0.42936915,-0.10015377,-0.050786905,0.2971345,0.016087838,-0.33378983,-0.32163775,-0.010027155,0.17639148,-0.21304527,-0.22177354,0.2389135,-0.45082185,6500
0.24760672,0.20348114,0.23129895,-0.67632395,-0.20958555,-0.24093738,-0.10624282,0.40561366,-0.39277828,-0.26724303,-0.12710913,-0.2789429,0.06660203,-0.05874903,-0.08818954,-0.36365658,3171
0.026852503,0.097640865,0.25023216,-0.6332782,-0.041077465,0.14335734,0.1716672,0.5202748,-0.6135281,-0.22878468,-0.2605515,0.012245625,0.31996152,-0.008017428,-0.46399903,-0.1181722,3417
-0.10776139,0.2324695,0.39085582,-0.45680076,0.1141804,0.14192313,0.2740401,0.5940088,-0.42427644,-0.5336642,-0.05592065,0.3555628,0.26262933,0.019056894,0.11226526,0.0055047125,3890
-0.09117472,0.0850301,-0.050019547,-0.47020108,0.22588035,0.2265886,0.00057034194,0.5934993,-0.7175022,-0.023382515,0.1506548,-0.107095,0.39324832,-0.015925825,-0.20220062,-0.32983977,3647
0.021284297,0.28026542,0.52171624,-0.4563849,-0.3910107,-0.006430432,0.606166,0.4004985,-0.53572166,-0.79774135,-0.2923161,0.36208102,-0.26019263,-0.26473558,0.21507084,-0.5553503,5148
-0.2414405,-0.227291,0.4669318,-0.38980025,0.055412628,0.07040039,-0.08937765,0.8441757,-0.6595701,-0.27699122,-0.08744556,0.18530364,0.57635915,-0.0033789873,0.012173742,0.60957265,3835
0.2007245,0.25261185,-0.14068799,-0.5412692,0.47731096,-0.23575519,-0.006342368,-0.13868025,-0.47748867,0.022277907,-0.25962082,0.3186647,0.24186076,-0.17993133,0.03943795,0.084191345,5330
-0.052272677,0.22261137,0.29700553,-0.57698756,-0.24821866,-0.17084743,0.123840995,0.3205797,-0.6638438,-0.16950788,-0.51043755,0.086593345,-0.010651022,-0.19745965,-0.24135323,-0.35891452,3573
0.15343116,0.09761502,-0.03782729,-0.16860051,0.15987104,0.043955937,0.33804235,0.2969493,-0.17404729,-0.37519062,0.1724822,-0.3346144,0.5718471,-0.3520224,-0.39015204,-0.0059140325,9897
0.23965654,0.09876394,-0.11798233,0.057401836,0.045921087,0.0061444454,0.45037222,0.6580024,-0.13823158,-0.745293,0.23252943,-0.2358425,0.30570865,-0.31224805,0.020556957,-0.33691925,5399
-0.17648207,-0.023007266,0.10893568,-0.5354422,0.04079112,0.20994139,-0.04664748,0.45032793,-0.7764479,0.03817098,-0.07757786,-0.090983704,0.4231158,-0.02978364,-0.18640785,-0.07229471,3874
-0.2700912,-0.10940235,-0.01844062,-0.030877054,0.6280594,0.6204853,0.3914425,0.72077775,-0.35085407,-0.47311544,0.16371796,-0.5712303,0.94825107,-0.61585647,-0.3774977,-0.062460363,7552
-0.035201043,-0.1365295,0.039998397,-0.35117865,0.23824771,-0.29615167,0.15895592,0.33080894,-0.100048944,-0.45316154,0.016618378,0.18817851,0.49545687,-0.17412099,-0.34025767,0.010456055,6706
-0.06251168,0.39635998,0.21029985,-0.5827054,-0.22914782,0.1419703,0.36068872,0.44349936,-0.46254456,-0.35158408,-0.27733433,0.35415322,-0.045804888,-0.03562371,0.19632852,-0.5477966,4364
0.09088762,-0.090409994,0.0128215365,-0.28417882,0.056357384,0.14823492,0.08728403,0.60771894,-0.47891998,-0.22420424,-0.06484943,-0.2689868,0.38296348,-0.23835982,-0.26282507,0.114684306,2672
0.27505362,0.12555495,-0.30373895,-0.21086892,0.23742041,-0.05584849,0.16656068,0.53134716,-0.19378078,-0.23762786,0.08942519,-0.24925321,0.37376857,-0.2967639,-0.025977388,-0.1178637,5239
-0.048590273,-0.01745008,-0.24931164,0.0009636581,0.40089467,0.38312837,0.24415798,0.90977776,-0.427258,-0.24350923,0.18195984,-0.6734445,0.6975562,-0.7004198,-0.45531064,-0.11708453,8658
0.017114043,0.12905967,-0.08516712,0.07189804,0.43764353,0.11004874,0.33881748,0.4024099,-0.38248238,-0.49493486,0.20843576,0.058200963,0.5305722,-0.18312111,-0.075631484,-0.013823271,8092
-0.09297952,0.012463301,0.29382506,-0.5938481,-0.033128627,0.013888035,0.108364835,0.48668736,-0.9897596,-0.1000481,-0.30077192,-0.11313503,0.22976343,-0.1359318,-0.4582757,-0.051990658,8792
-0.22328597,-0.07659258,-0.25823373,0.06305152,0.19879231,-0.043005005,0.23547283,0.5415702,0.5213867,-0.54713017,0.1998956,-0.32727277,0.37899536,-0.59951454,-0.05968082,-0.20669237,9572
0.29824185,0.11568309,0.14798832,-0.08487421,-0.10278021,0.04157752,0.43162954,0.5870123,-0.21338743,-0.82015026,0.39563507,-0.11758645,0.17875955,-0.25084522,-0.10323827,-0.119146556,3690
-0.05215597,-0.052815516,0.30096865,-0.39171743,-0.034289956,0.3706629,0.36276773,0.7536895,-0.42793202,-0.47797108,-0.1635657,0.0037428737,0.32173485,0.03136595,-0.033049792,0.07025531,2700
-0.0035963356,0.09921279,0.10850125,-0.09110898,0.30238327,0.09392511,0.69638574,1.0138146,-0.001594916,-0.9373429,0.36313936,-0.3485714,0.34272945,-0.42740887,-0.50206476,-0.3794939,9042
-0.27116886,0.2339836,0.16189265,-0.41606987,-0.059215926,0.36029845,0.4271289,0.4067753,-0.13460217,-0.39947355,-0.13691093,-0.055779673,0.43803912,-0.11573692,-0.1210088,-0.059999436,1111
0.1983971,0.011100359,0.09995516,-0.34398034,0.17969455,-0.17349897,0.038729515,0.2953685,-0.26427433,-0.4386493,-0.071272545,0.0423059,0.3705532,-0.1270535,-0.008618772,0.2188924,4738
0.078931674,0.13875909,0.08597706,-0.27300122,-0.1034561,-0.37048906,-0.0025578514,0.12718698,-0.2200533,-0.33482954,0.0074254936,-0.077010736,0.43225595,-0.37717184,-0.14492822,-0.066452056,7756
0.11712215,0.24186927,0.123779684,-0.44632566,-0.2597592,-0.20781103,-0.061435718,0.21878259,-0.32986987,-0.3044894,0.10818884,0.026705269,0.13273922,-0.09152672,-0.043800995,-0.15819265,1493
-0.029310986,0.35331035,-0.07842798,-0.12970072,0.28933266,0.2331748,0.48723057,0.31953406,-0.12996313,-0.60302114,0.1715861,-0.31045774,0.36603755,-0.35996196,-0.12838149,-0.32220736,7221
-0.005679846,0.04693175,0.21926513,-0.512292,0.10746684,0.24832214,0.031944223,0.6102775,-0.36040834,-0.3022135,-0.044809587,-0.108438864,0.42466742,-0.09700644,-0.1042463,0.047331095,8798
0.1701611,0.22914791,0.06868844,-0.49901712,-0.10492466,-0.08421686,-0.0013380926,0.27781773,-0.3539623,-0.22196557,-0.035925083,-0.1851826,0.08698529,-0.06877296,-0.031113356,-0.16671635,6360
-0.11467998,-0.04717478,-0.049177185,-0.06188722,0.0897591,0.033783086,0.1607507,0.496678,-0.37579703,-0.21632323,0.33184573,-0.16977322,0.45982158,-0.26883346,-0.28074223,-0.025145546,9187
-0.119366914,0.1515441,0.28543767,-0.6120701,0.058312006,0.021374475,0.030142354,0.54268336,-0.5239408,-0.28347468,-0.13552849,0.3637987,0.33247966,0.13861723,0.0615398,0.15454328,8470
0.1673496,0.19513488,-0.20845552,-0.5495698,0.15542433,0.10219161,0.06327332,0.28971216,-0.48777774,0.09086579,-0.119593635,-0.2283727,0.14929363,-0.19220369,-0.052624732,-0.12312767,5630
0.10924491,0.14658976,0.28635553,-0.32864717,0.12836142,0.00049779937,0.1505434,0.46400088,-0.15152402,-0.33020043,0.020283159,-0.006480094,0.17839782,-0.1579823,-0.11695245,0.018366262,8254
0.038356274,0.11974807,-0.13892463,-0.37720197,0.43183732,-0.2703402,0.14495789,0.0674267,-0.33107638,-0.29260892,0.044461958,0.41054845,0.31748885,-0.18932566,-0.1537508,-0.07841617,5439
-0.0013181567,0.051589273,-0.2504189,-0.07325891,0.006223783,0.25528154,0.12693271,0.49980724,-0.15872915,-0.26894325,0.18192849,-0.46445304,0.37474614,-0.47956675,-0.043223277,-0.20080635,8396
-0.48262277,0.041756123,-0.009288282,0.0672102,0.10838259,0.17237617,0.4075551,0.7259923,-0.48755574,-0.38786438,0.40668043,0.2078886,0.49121246,-0.035333678,-0.042052865,-0.16712104,7316
-0.03838098,-0.032380678,-0.121817045,-0.4438401,0.21119232,0.31899452,0.18948022,0.3569756,-0.12047371,-0.5211128,-0.122791976,-0.410748,0.587378,-0.21425362,-0.22665861,0.03815654,7598
0.20049216,-0.119533084,-0.17846465,-0.20585826,0.10303117,-0.06171033,0.1162864,0.40795493,-0.11234608,-0.31186247,0.020034095,-0.22586367,0.3680414,-0.2125481,-0.03368549,0.059551865,3913
-0.07185675,0.04027741,-0.054927006,-0.523605,0.35890114,0.08208452,-0.122078426,0.41357726,-0.7005981,0.21770267,-0.15774752,0.21845827,0.51859653,-0.016951256,-0.10506396,0.07377526,1122
0.08715655,0.21956354,-0.020747082,-0.4804211,0.060761135,0.2033442,-0.0011215433,0.23745173,-0.62994254,-0.23777835,0.05889716,-0.18403831,0.28109473,-0.16260639,-0.27990243,-0.10955414,7573
-0.11980063,0.24335225,0.14899816,-0.3844706,-0.026653111,0.08423064,0.4467591,0.55900145,-0.39852247,-0.5457567,0.051226728,0.24873932,0.53298146,0.012141451,-0.07299881,-0.12591158,9399
0.06819291,-0.5303122,-0.14377412,-0.12659091,0.09973346,-0.028746298,0.063683555,0.103570566,0.14046493,-0.45218772,-0.05799592,-0.19975138,0.47172463,-0.44736192,0.3965752,-0.12743224,6872
-0.035647064,-0.3075853,-0.18462178,0.30361584,0.59566945,0.14352635,0.32701427,0.79179037,0.004035756,-0.82194024,0.15380812,-0.37724555,0.90998876,-0.55757016,0.12629199,0.06398843,4444
-0.1972697,0.20805994,0.24909724,-0.7194843,-0.109142065,0.08264388,0.24355355,0.44196165,-0.58817166,-0.18523318,-0.33709577,0.33021352,0.077252656,0.071804434,-0.107564256,-0.19503167,3115
-0.057086676,-0.028715983,-0.15299071,-0.31344497,0.29502967,-0.067250594,0.06563863,0.33184958,-0.38207862,-0.14331028,0.1961604,0.44133013,0.4898988,-0.03617815,-0.2648506,-0.0777923,6622
0.0053722113,0.105997495,0.08351785,-0.24299157,0.16968158,0.047758076,0.019637665,0.5176466,-0.2835921,-0.19048171,0.08042414,-0.029088601,0.47947922,-0.024918556,-0.2650297,0.1174107,5422
-0.0069777146,-0.119928315,0.35886562,-0.4459105,-0.25645012,-0.3252771,0.037892945,0.26234478,-0.23265113,-0.5545206,0.046194725,-0.017763749,0.30814192,-0.17720705,-0.22509918,-0.22130384,7181
-0.053255692,0.0530964,-0.038015302,0.1665309,0.050585613,0.056849457,0.41552162,0.9819015,-0.107698485,-0.80664605,0.2617728,-0.3741534,0.25967315,-0.7970806,-0.29192632,-0.33505112,3324
-0.09938876,0.3347491,0.54738927,-0.3823829,0.06297456,0.4156791,0.27937043,1.0188034,-0.41464758,-0.7551944,0.09358024,0.121598706,0.4454463,-0.34186494,0.08643046,0.0840081,5438
-0.059434593,0.19039229,0.17639545,-0.44527256,-0.08871475,-0.028878454,-0.043570872,0.31471592,-0.49476776,-0.12623425,-0.158061,-0.23637739,0.37420183,-0.14398985,-0.27837688,0.19014418,5594
0.2618115,0.57428074,0.080397,-0.6651441,-0.1372809,-0.019375555,0.11323453,0.1410108,-0.39552474,-0.31698474,-0.22694567,0.04648151,-0.1833593,0.008658588,-0.25688237,-0.43992323,6664
-0.25699148,0.030297294,0.27356452,-0.49185985,-0.05118805,-0.06700491,0.16832167,0.36097112,-0.52483314,-0.40215176,0.005570689,0.43251914,0.16257139,0.19182354,0.10260132,0.23896028,7228
0.02504018,0.29897833,-0.04276625,-0.47947168,0.19971023,-0.119047776,0.2758057,-0.0046165586,-0.5531994,0.02853167,-0.11165288,0.4332814,0.26359758,-0.24634099,-0.2557369,-0.12749894,4811
-0.060727753,0.21388313,0.1352438,-0.35519406,0.18795094,-0.12343389,0.2871352,0.34954855,-0.36335576,-0.4391058,-0.10374741,0.20245075,0.3328879,-0.032513693,-0.062922716,0.04499483,4564
-0.30658424,-0.07473395,0.124235965,0.07481116,-0.11147938,-0.08902884,0.18743852,0.81289935,-0.29123938,-0.6971769,0.37521258,0.21782497,0.59417915,-0.16666922,-0.28046176,0.036217093,1461
-0.06186594,-0.030099235,0.026136722,-0.75422716,-0.0058715194,0.06009347,0.08000736,-0.0068188533,-0.7655984,-0.14836553,-0.23595841,0.008065239,0.1354501,0.08294761,-0.16613394,-0.033439353,8738
-0.14361364,0.046084326,0.09601861,-0.19148237,0.31541955,0.48250204,0.2652509,0.9199501,-0.6663065,-0.31613174,-0.06418489,-0.33953688,0.49322325,-0.6083176,-0.34368366,-0.10066937,7568
0.1754334,-0.14231685,-0.34683585,0.028790623,-0.012604684,0.25778052,0.33057785,0.693421,-0.33958906,-0.52537215,0.2093266,-0.50067806,0.50035536,-0.49078465,-0.053688377,-0.043041334,3189
0.040954396,-0.10160362,0.15959725,-0.31276697,0.26881045,-0.20398128,0.06974463,0.26292598,-0.382693,-0.41855732,-0.13480964,0.14206606,0.45322,0.006988138,0.045428455,0.20436475,8297
0.13736475,-0.19520205,0.004139715,0.10856864,0.15453947,-0.016886607,0.21458112,0.72250366,0.1755119,-0.5508827,0.16794819,-0.13141374,0.304056,-0.6073849,0.07765342,-0.3008508,2115
0.043835647,0.019261815,0.089143574,-0.10343455,-0.18238056,-0.11113256,0.24659179,0.546118,-0.1671959,-0.44021162,0.13030608,-0.22059484,0.539803,-0.30526263,-0.39409631,0.08187017,3210
0.18666044,0.22895795,0.12907238,-0.48446327,0.09865392,0.063591324,0.08018912,0.48034087,-0.44003874,-0.17015526,-0.13922785,-0.09869946,0.14939009,-0.18503562,-0.17976043,0.07398979,8532
-0.10951297,-0.016239256,-0.09544879,0.07799086,0.41773087,0.1697531,0.23205027,0.6465571,-0.15026523,-0.4834423,0.22763862,-0.27253628,0.74106133,-0.3557937,-0.31459543,0.06945419,9038
0.11104756,-0.09512122,-0.17608319,-0.43728167,0.61372995,-0.22724272,0.026613466,-0.015183002,-0.41467416,-0.0030181557,-0.24368846,0.2776271,0.45286158,-0.08848186,0.10150868,0.14270048,1365
-0.062354743,0.46113393,-0.14485878,-0.78398067,0.05480987,-0.05938588,-0.04428138,-0.03108579,-0.43108964,0.008393623,-0.17014559,-0.056151688,0.11236781,-0.10814815,0.11795099,-0.07666746,7227
-0.029685661,-0.05236666,0.03402231,-0.35369128,-0.11775054,-0.004568476,0.036188107,0.2015892,-0.5772031,-0.17589036,0.1531295,-0.10798578,0.32707587,0.009148952,-0.14997293,0.09486575,2055
0.32794333,0.49516293,0.06733656,-0.34248018,0.20241898,-0.410149,0.28473866,0.2572316,-0.49819618,-0.3813037,0.12955713,0.32617235,0.14872871,-0.01464653,0.23656559,-0.18870988,3235
-0.35055062,0.17575614,0.19899604,-0.49057955,-0.18751109,0.09352528,0.3377507,0.36248937,-0.8205891,-0.37408692,-0.025699869,0.40075073,-0.05426696,-0.062055986,0.17183405,0.03534761,4901
-0.24415164,-0.22766693,-0.2387331,0.39298525,0.029652916,0.07267705,0.4770061,0.6495035,0.29263288,-1.259784,0.5456194,-0.7783744,0.7021841,-0.97760606,-0.2640153,-0.60528755,4427
-0.0548916,0.0002751872,0.18095231,-0.27021524,0.03067527,-0.026743263,0.040756673,0.6001512,-0.31461632,-0.23539649,0.12350196,0.018450946,0.3732237,-0.07591626,-0.13930534,-0.080963925,3699
0.20132717,-0.018755138,-0.057917316,-0.33683017,-0.007025346,-0.09123549,0.115010254,0.36913335,-0.22845088,-0.3727271,0.016821936,-0.16287537,0.36759192,-0.21498838,-0.09319496,0.17698914,2961
0.09320054,-0.35107717,0.098961696,-0.16447306,0.14108935,-0.099307664,0.15713415,0.20659232,-0.06374569,-0.59162027,0.3587418,-0.19958937,0.5916525,-0.19178799,-0.26189378,-0.24281655,7620
-0.1578312,0.1802981,0.039740786,-0.33738694,0.056676835,-0.08904888,0.06343075,0.1415072,-0.39274853,-0.18919422,0.059575442,0.25342602,0.16617623,-0.03171472,0.10448155,-0.045723557,2890
-0.05961792,-0.25785816,0.31740522,0.08404219,0.16485003,-0.08857793,0.55211675,0.40387267,-0.11085577,-0.90126646,0.40068722,-0.18386605,0.92394423,-0.42763624,-0.45794815,-0.09632766,5115
0.07894112,0.09163155,0.14051592,-0.086058125,0.21312568,0.35993433,0.55592006,0.79072237,-0.21066993,-0.73344696,0.16187547,-0.35438654,0.39163816,-0.48666546,-0.2653038,-0.31248385,2530
-0.15795083,-0.10641795,-0.017838994,-0.26091945,0.06237889,-0.20861539,0.0858834,0.23029935,-0.19291103,-0.38387465,0.19407225,0.08287108,0.539927,-0.07041987,-0.28895864,0.0641748,1453
-0.0072716326,0.04489678,-0.16441233,-0.20462596,-0.081855536,0.03048034,0.29855946,0.48835754,-0.14153808,-0.45239896,0.27715194,-0.25600824,0.13922623,-0.27730384,-0.20914833,-0.09975949,3900
0.08557631,0.20700085,-0.3740311,0.057249457,0.31309047,0.474826,0.5806296,0.82071245,-0.46731174,-0.44710842,0.25122532,-0.64661974,0.39103287,-0.7722043,-0.33142713,-0.25905037,7933
-0.053913057,0.02295515,0.37747657,-0.16957979,-0.17432252,-0.38222182,0.21755669,0.43259767,-0.32035068,-0.6240489,0.088445604,0.46560737,0.35077485,-0.23405597,-0.047222346,-0.1723912,2215
0.13737063,0.016096056,0.008040495,-0.29830128,0.14004791,0.08934368,0.25667295,0.5415933,-0.38161454,-0.53288907,0.13899523,-0.35283303,0.33417195,-0.2857666,-0.2928852,-0.3794662,6087
0.052762344,0.027632698,0.45199144,-0.2661045,-0.13223736,-0.050526455,0.07837637,0.81477755,-0.5661144,-0.6182806,-0.05913622,0.035909608,0.17328414,-0.32326344,-0.16929919,0.046879128,1984
-0.16756329,-0.05185882,0.11632484,-0.37185693,0.10706806,0.13020816,0.11840964,0.6329005,-0.362111,-0.24999252,0.10749827,-0.029500365,0.50479054,-0.083336204,-0.3294417,-0.23678553,9919
-0.04549466,0.059709944,0.11984977,-0.6078166,-0.07868799,-0.20707789,0.007382136,0.06966214,-0.56532913,-0.19357593,-0.17591777,0.05819735,0.11184339,0.020556048,-0.1093315,-0.05148053,5104
0.108505026,0.41434723,-0.1829127,-0.5004968,-0.16327734,0.14575385,0.26735634,0.0681735,-0.44735438,-0.20187604,-0.11476612,-0.4658857,-0.1369799,-0.26011598,0.05863121,-0.43193516,5522
-0.13192235,0.45497116,-0.26857886,-0.4553523,0.06071341,0.20523897,0.4240905,0.19059421,-0.5452652,-0.059139967,-0.21892145,0.3145124,0.10764144,-0.1029558,-0.103566766,-0.56385255,9469
-0.09579337,0.15833102,0.031121626,-0.5752876,-0.12157644,0.08174555,0.30283648,0.28956434,-0.54173297,-0.11085324,-0.12345785,0.19788049,0.15293145,-0.009282634,-0.34009376,-0.31217912,1036
0.010116339,0.223487,-0.0061061587,-0.11045855,0.03617587,0.014971375,0.15857089,0.5827961,-0.19473769,-0.213973,0.053191632,-0.6102932,0.2631779,-0.618972,-0.40198028,0.113791645,5256
0.036012813,0.034704953,0.09546349,-0.32301715,-0.14682446,-0.046869442,0.18688881,0.44601026,-0.49451548,-0.37106973,-0.068847075,-0.052032746,0.13737978,-0.26099813,-0.320605,0.15095428,2280
-0.0055926293,0.19605744,0.0319684,-0.683269,0.17742631,-0.10180923,0.08693343,0.04860077,-0.6613094,0.00297606,-0.40956196,0.08618389,0.22326574,-0.11598565,-0.30494744,-0.021948606,5244
-0.0640782,0.16815463,0.2077509,-0.47626495,0.101838335,-0.013559744,0.110589385,0.20518517,-0.05420166,-0.41256088,-0.18588333,0.04740586,0.5648441,-0.20662697,-0.07835218,0.12539464,1455
-0.06294364,0.02524127,-0.023100084,-0.3083497,0.10618581,0.09612192,-0.008750977,0.5541883,-0.20463726,-0.18532999,0.043247677,-0.28040445,0.3685196,-0.27860758,-0.11729346,-0.099514246,2636
0.16426475,0.32138205,0.036757424,-0.46249974,0.15102291,-0.02120626,0.13355131,0.03819512,-0.24365571,-0.28037077,-0.1187608,-0.15594241,0.35233092,-0.17004836,-0.11621469,-0.028914616,4361
0.4232139,-0.25461936,0.35952288,-0.6183145,-0.35468018,0.0546615,0.0308972,0.3002071,-0.50812125,-0.54582685,-0.13503255,-0.32112956,0.36229655,-0.020227417,-0.34031594,-0.40790772,7432
-0.17829785,0.054983586,0.3050705,-0.2707101,-0.21358964,-0.07674897,0.2117089,0.71701264,-0.486995,-0.58037376,0.058115903,0.11350109,0.32708535,-0.22985962,-0.2991177,-0.20817499,6654
0.008844957,0.34316808,-0.13102013,-0.5670428,0.016059332,0.051704913,0.056709293,0.21198833,-0.4352316,-0.052931085,-0.1388519,0.17101903,0.13732979,0.06813209,-0.038398072,-0.108940095,6942
0.07715524,0.13410807,-0.015193693,-0.50430095,0.05001598,-0.24576725,0.07391302,0.0068850964,-0.52597463,-0.1560555,-0.105674446,0.20204052,0.09224766,-0.06251645,-0.07597165,0.08306522,8701
0.09650329,0.17436023,0.013975895,-0.45065147,0.084806174,-0.013113178,0.14646284,0.5349176,-0.39309263,-0.2596588,0.04000034,-0.22291085,0.21662208,-0.10000913,-0.32160327,-0.055766284,7692
0.06921987,-0.10070749,0.42953926,-0.18973683,0.027664416,0.028372,0.16416952,0.6626772,-0.2949459,-0.6833787,0.17917532,0.28198466,0.20319659,-0.10639681,-0.07205169,0.18213029,7034
0.16340323,-0.19622473,-0.090799406,-0.16400658,0.20637852,-0.17190887,0.05635355,0.3478406,-0.11607283,-0.22030893,-0.095326655,-0.3032685,0.4112825,-0.41248238,-0.120104074,0.15559173,5280
0.07284135,0.13190494,0.31966695,-0.48284736,0.025092825,0.036194995,0.0062127262,0.5454964,-0.4278891,-0.32790962,-0.038877524,0.0058690608,0.21378493,-0.0031918138,-0.00042057037,0.17663357,4394
0.3687358,-0.2155782,0.61458224,-0.29462004,-0.31499222,-0.13080043,0.13996808,0.7661364,-0.42940015,-0.60165954,-0.09149747,-0.3673181,0.49517834,-0.24889615,-0.7802445,-0.035075963,3280
-0.17238288,0.130769,0.19936128,-0.40345365,0.15147986,0.2801491,0.0991593,0.6204403,-0.33040306,-0.24964395,-0.07874186,-0.04063213,0.45826477,-0.25111258,0.07223819,0.21034685,4851
0.04564493,-0.066673405,0.067429855,-0.4491585,0.2182395,0.11209029,0.04459437,0.44244516,-0.5690135,-0.04011281,-0.17715749,-0.26902497,0.45514178,-0.2224121,-0.40021706,0.16860262,5596
-0.078566164,0.4928,0.42225033,-0.45298332,0.05486179,-0.2342245,0.23278336,0.297398,-0.39852032,-0.5222308,-0.08327916,0.41218108,0.16172963,-0.45332584,0.36326227,-0.06622173,8511
0.1479015,0.27540955,0.006571576,-0.30396366,0.14878325,-0.29794776,0.3664469,0.5882096,-0.4475714,-0.6059952,-0.03187102,0.1406017,0.25385433,0.012378823,-0.26006973,-0.08330768,6797
0.06996217,0.29552835,-0.08926703,-0.53314596,0.07255665,0.05751622,0.17409584,0.052743323,-0.4171996,-0.039206788,-0.14966975,0.09075157,0.17951562,-0.12265306,-0.13538674,-0.21698377,7157
0.13024034,0.46537632,-0.11435899,-0.6934234,-0.06839752,0.13588877,0.121251866,-0.00804247,-0.34241036,0.014656588,-0.33688235,-0.114159346,0.012658298,-0.059431553,-0.06086953,-0.41336578,4350
-0.05432847,0.077168465,-0.04449735,-0.020341456,0.21665463,0.30853635,0.30287895,0.7112471,-0.4341002,-0.46322197,0.23192683,-0.17721726,0.39787576,-0.438034,-0.17435147,-0.14431934,4948
-0.15956484,0.13374083,0.21186733,-0.60073125,0.04245528,0.19289666,0.16885068,0.63792753,-0.55341667,-0.34919778,-0.10471393,0.31760597,0.4028505,0.087156914,-0.06387913,0.09598736,9470
0.23061082,0.43156546,0.1600033,-0.15152942,0.22563422,-0.024148807,0.32940352,0.691216,-0.19646306,-0.57786113,0.13358946,-0.3939094,0.11676625,-0.4260695,-0.17570241,-0.21261433,1180
-0.045766547,-0.022634149,0.008279275,-0.24049023,0.2937409,-0.33945835,0.07172028,0.2574349,-0.06191439,-0.41024998,-0.0019216277,0.027877107,0.46625665,-0.343781,-0.38806787,0.043080315,7618
-0.0021786094,0.2406677,0.021027453,-0.5305879,-0.029441223,-0.036927093,0.15195915,0.11030683,-0.37689215,-0.023847029,-0.2716248,-0.08183951,0.13680276,-0.1351487,-0.23872462,-0.11470458,6749
0.15560858,0.091358066,-0.08724,-0.5554926,-0.0060399026,0.40527654,0.2524304,0.3485795,-0.6864108,-0.09296045,-0.22862501,-0.10601306,0.28331494,-0.17228326,-0.28462076,-0.5252995,8325
-0.19523567,0.14275756,0.22580566,-0.062496975,0.07990238,0.42632815,0.629798,0.74687856,-0.41373008,-0.56961066,0.19637814,-0.13823955,0.4955638,-0.52942026,-0.4103033,-0.3282107,4779
0.11074582,0.6365105,0.23882714,-0.3238119,0.12030722,-0.1494161,0.16352451,0.5207768,-0.038494647,-0.49017382,-0.065015316,-0.29474357,0.4343942,-0.4980588,-0.049000308,-0.07370958,6364
0.20396942,0.18469359,0.056528606,-0.5408051,0.17276774,-0.28757918,0.0061720177,0.17186834,-0.3324775,-0.20847973,-0.21350837,-0.047712594,0.09611664,-0.14922474,-0.055405065,0.10888563,3694
0.009476483,-0.15105182,-0.14777833,-0.25458497,-0.07422885,0.42823246,0.37778625,0.74988914,-0.037038937,-0.63191974,0.1768516,-0.28034577,0.11986369,-0.22278813,-0.44496223,-0.28724873,9920
-0.10576679,0.041002594,0.5634549,-0.60569733,0.061821565,0.10204942,0.1262344,0.8122483,-0.58509946,-0.6829941,0.024498984,0.55440825,0.5036614,0.24082223,0.4257465,0.28803992,3628
0.09735949,0.13473734,0.19896802,-0.33615133,0.020459123,-0.045741454,0.041020572,0.50249076,-0.22820213,-0.34338737,0.05774629,-0.090318665,0.21901876,-0.13687831,-0.18979385,-0.096236125,8426
0.105517164,-0.3752537,-0.061132446,0.031966656,0.4730005,-0.15549648,0.09685261,0.25902653,-0.097039945,-0.53004766,0.14030343,0.08514018,0.7988565,-0.06403659,-0.2833384,0.34886843,6944
-0.15743183,-0.35155347,0.054379113,0.12518162,0.4695192,0.14233838,0.054097407,0.7146219,0.031648695,-0.57326335,0.16798323,-0.15346333,0.9053053,-0.34088913,-0.07196586,0.17542514,2272
-0.003033217,-0.5576906,-0.33576667,-0.20319827,0.11004208,0.4698214,0.17288423,0.2486957,0.11627992,-0.83672035,-0.065823436,-0.7356523,0.5517156,-0.542971,-0.14835778,-0.3953684,3765
-0.14832103,-0.2456455,-0.016722137,-0.18527661,0.24445233,0.09396974,0.055342756,0.5822667,-0.11249426,-0.3782057,-0.05763349,-0.46810412,0.79958326,-0.42196867,-0.14736468,0.14042225,3393
0.22395256,0.18927296,-0.044239692,-0.4841487,0.17802179,0.055653192,0.09401071,0.35607898,-0.46136934,-0.19833922,0.0628207,-0.17720741,0.2711501,-0.11507159,-0.20587605,-0.19297509,1280
0.10481216,0.06358255,-0.23179519,-0.14976948,0.0062852055,0.073873505,0.16238311,0.42644155,-0.11336067,-0.46649826,0.24933368,-0.3976003,0.35836008,-0.36248806,-0.19890448,-0.1636856,2370
0.033850268,-0.019885913,0.11034122,-0.4268927,0.1752343,-0.059824266,0.22015014,0.36265832,-0.33645836,-0.45157215,0.0077167526,0.052721933,0.5717505,-0.17046395,-0.15250482,0.25319672,3671
-0.06524047,0.19602853,-0.21073177,-0.412832,0.23302346,0.03482279,-0.022103146,0.1825003,-0.71025884,0.12191204,0.014885235,0.25262654,0.34421712,-0.11608237,-0.0708504,-0.056421712,5177
-0.0018314421,0.26785547,-0.099831216,-0.663806,0.11851838,-0.11436981,0.02258604,-0.12596187,-0.49476954,0.04487446,-0.3878284,0.10529901,-0.01748243,-0.12490617,0.012672752,-0.06834026,7687
-0.045158863,-0.07719827,0.3891588,-0.29917052,-0.26156354,-0.18878627,0.33926216,0.427207,-0.27820766,-0.65064156,0.013508027,-0.19510263,0.51971364,-0.26277333,-0.43147194,-0.31724966,8326
-0.031519912,0.2906819,0.29756805,-0.47416,-0.14389074,-0.12968439,0.15616941,0.44473076,-0.5492679,-0.425362,-0.14600624,0.07093735,-0.024822623,-0.22743183,-0.03910482,-0.16297203,1421
-0.26397496,0.29058063,0.1227917,-0.7799709,-0.0815653,0.41128892,0.20621994,0.48051137,-0.71452487,-0.086564526,-0.29873008,0.2504951,0.111455396,0.10332169,0.075516224,-0.24723022,2324
-0.118589506,0.35308158,0.10579149,-0.8145745,0.023382917,0.29987797,-0.11393455,0.7322978,-0.6943661,0.0717262,-0.1861114,-0.0022352412,0.17850608,0.2204988,0.035247356,-0.38180703,3566
-0.048719913,0.04968147,0.1009474,-0.45972556,0.10722467,0.2566127,0.28260326,0.4839403,-0.61812365,-0.10237738,-0.1968041,-0.31528437,0.44491792,-0.260358,-0.5770925,-0.04746902,6246
0.28654897,0.5830518,-0.43183565,-0.48659402,-0.019741446,0.37760317,0.31531227,0.11366849,-0.54057425,0.111145765,-0.0741303,-0.46846688,-0.066537485,-0.38755965,-0.10449378,-0.51817566,4047
-0.1219566,-0.24804229,-0.1523573,-0.29542533,0.316442,0.77419317,0.6169362,0.5589855,-0.7520566,-0.04628195,0.03303434,0.21586722,0.5452748,0.05468087,-0.62785554,-0.17639409,6439
0.038564518,-0.15974887,0.13502161,-0.4989851,0.10991272,-0.11953655,-0.09961751,0.37569755,-0.57272303,0.021480277,-0.20315641,-0.10011731,0.38655064,-0.07079965,-0.26681668,0.3533456,3022
0.19943237,-0.050408863,0.070533834,-0.12112414,0.091023415,-0.15478642,0.13116658,0.5651778,-0.4370871,-0.24028826,0.06952067,-0.25254044,0.65556103,-0.23969026,-0.5158396,0.23437928,5510
0.06589305,-0.060110644,0.06052363,-0.32389167,0.25853032,0.045752905,0.14832298,0.36857042,-0.33014658,-0.27672648,0.062342744,-0.052538104,0.73951465,-0.114326954,-0.46467477,0.17147967,1133
0.31968108,0.2784128,-0.13640188,-0.3812809,-0.07845338,0.1736305,0.17169777,0.48859444,-0.30079746,-0.30523673,0.07386473,-0.4392011,0.03077425,-0.34346652,-0.09359543,-0.17052115,2959
-0.009465113,-0.20956647,-0.17005812,-0.08302021,0.40813997,0.054273095,0.22442877,0.4770366,-0.13016096,-0.5255468,0.029505039,-0.14349769,0.6085758,-0.37284672,0.15800938,-0.084569946,8993
0.07217793,0.38946903,-0.3302329,-0.27921063,0.005051121,0.50644404,0.14197789,0.68561125,-0.3708389,-0.38773227,-0.11284145,-0.54794633,0.050871328,-0.5188468,-0.19396317,-0.17866583,9243
0.22312225,-0.038287535,0.3362012,-0.28992507,-0.3395664,-0.37445843,0.11163777,0.29513648,-0.07893982,-0.7205411,0.15647893,-0.4213143,0.44802326,-0.41736758,-0.31810427,-0.15016395,7390
0.010059252,0.3513164,0.34329903,-0.23109068,0.38305327,-0.0280273,0.3678431,0.36839935,-0.38160598,-0.64354587,0.050795138,0.57475877,0.16452324,-0.0464536,0.24541295,-0.08780588,9270
0.10326493,-0.15903516,0.5751228,-0.04277286,0.14679961,-0.10939301,0.28532216,0.6092392,-0.049322985,-1.0401074,0.12633574,0.035751835,0.29463416,-0.24684946,0.07976532,-0.21578722,9938
-0.33142823,-0.29370078,-0.33420017,0.29117107,0.13542986,0.25827983,0.25576168,1.1071662,0.06322312,-0.7566284,0.35811037,-0.352531,0.6120564,-0.55722594,-0.4557588,-0.24313618,2110
-0.14374876,0.39966172,-0.27560273,-0.40485886,0.15080747,0.23188442,0.12056825,0.20632607,-0.7887858,0.11434178,-0.05677242,-0.17301407,0.2399222,-0.28629887,-0.14599761,-0.34564567,2307
0.02223681,0.21236801,0.3063079,-0.27799094,0.0792608,-0.20185247,0.41564685,0.0070298947,-0.2659418,-0.40833068,0.06078306,0.4860553,0.44540244,-0.308008,-0.10633917,-0.20869178,4443
-0.20678736,-0.2399204,-0.34963477,0.1464504,0.51266676,0.4214073,0.31327292,0.71199036,0.0825448,-0.6737362,0.09654875,-0.73838204,0.77443194,-0.8978994,0.10227078,-0.07051426,6173
0.065989345,-0.26706016,0.011886008,0.00083482265,0.28636783,-0.18385164,0.06280596,0.5665916,-0.3412079,-0.39977193,0.11283443,-0.011157826,0.7015724,-0.11444834,-0.35861224,0.29098824,6810
-0.083122574,0.12793133,-0.037582923,-0.5899079,-0.06563325,-0.29277197,0.086926624,-0.1801038,-0.48001832,-0.20872688,-0.15396704,0.19151056,0.072312295,-0.02940885,0.06927833,0.1173695,7705
0.04650663,0.2508475,0.087886915,-0.7495259,-0.02964712,0.0144632235,-0.016345372,0.31924772,-0.41823655,-0.02774641,-0.29179627,-0.14371313,0.15457374,0.0677578,-0.18846011,-0.114259064,7450
-0.2220661,0.47129858,-0.034489192,-0.43027467,-0.15607384,0.24011542,0.4114762,0.44132394,-0.45381537,-0.13563854,-0.11368969,0.24475548,0.13808802,-0.087172456,-0.08833353,-0.36540455,6759
0.19336218,0.44032437,-0.13116798,-0.57381207,0.18655103,0.14198889,0.22442736,0.115889,-0.47992378,-0.24507132,-0.010931835,0.088288985,-0.23101482,0.27230948,-0.052000582,-0.28863752,4157
0.48627347,0.19189581,0.22319293,-0.3861909,-0.26156095,-0.16642433,0.08628985,0.31903398,-0.37885737,-0.5684233,-0.0060729235,-0.29079652,0.047487095,-0.13334379,-0.11812687,-0.26200932,5996
-0.4120645,0.07337965,0.19661702,-0.45402324,-0.1577907,-0.13028304,0.2376547,0.611998,-0.7422006,-0.06387972,-0.04946046,0.6736391,0.26532435,0.013777271,-0.16309954,-0.24967109,3390
-0.11094397,0.021900184,0.31642416,-0.48204684,0.15812662,0.06778402,-0.07639356,0.63743895,-0.1941096,-0.26564348,-0.11686343,-0.10481239,0.44560453,-0.22298779,0.034529746,0.17666434,1713
-0.06623998,-0.26314163,0.17061317,-0.015057087,-0.22604874,-0.038308427,0.13172854,0.7612377,-0.12897599,-0.397048,0.34929475,-0.3461827,0.60737354,-0.26114857,-0.2155445,-0.20183042,6694
0.1390459,0.20861843,0.25006765,-0.18180397,0.01098825,0.28407204,0.27972078,0.94288355,-0.46219897,-0.642746,0.13690276,0.06026961,0.2911547,-0.340047,-0.01734975,0.26685458,2297
0.12142679,0.37467352,-0.26576063,-0.3147619,0.33531895,0.15508218,0.2688069,0.036812484,-0.450655,-0.049062483,-0.008796215,-0.018971168,0.3601155,-0.24549428,-0.21350154,-0.050825343,7690
0.043797866,-0.47983667,-0.24470776,-0.09788458,0.28233778,-0.10590893,0.073120475,0.4671022,0.24083279,-0.45948243,-0.09930116,-0.30139494,0.60557044,-0.48350334,0.24278912,0.052990764,4423
-0.0809004,0.14523561,0.28901398,-0.15992491,-0.04815724,-0.30996644,0.42409196,0.23024799,-0.19304404,-0.59896666,0.16876492,0.012694478,0.5611777,-0.29543462,-0.33923787,-0.1132108,5408
0.003380932,0.24411255,-0.273162,-0.535569,0.16507122,-0.09806669,-0.0036851354,0.045583405,-0.36504567,-0.07559414,-0.026113302,0.21680206,0.1958412,0.09826642,0.08374545,-0.12581025,5118
-0.048111245,0.073165506,0.054155596,-0.5215075,0.022400282,-0.21132405,0.08938649,-0.11812684,-0.48894152,-0.28674608,-0.10046948,0.019898519,0.025714517,-0.16545962,0.07327846,0.12620118,4542
0.21460542,-0.11217493,-0.024634948,-0.24650326,0.30580792,-0.06522732,0.35198247,0.5077579,-0.42675382,-0.7283206,0.20279244,-0.08589585,0.36025235,-0.1755672,-0.079156995,-0.42776945,3310
0.21863732,-0.06551864,-0.085094854,-0.35394666,0.16541448,-0.15804274,0.13061792,0.35338515,-0.32364136,-0.19130161,-0.098841615,-0.2061001,0.40162107,-0.25668088,-0.25599995,0.21652079,6707
-0.4669057,0.071030356,-0.21165435,-0.038898587,0.16958544,0.40081376,0.3302994,0.7764476,-0.6511073,-0.06408906,0.2758589,0.19943751,0.4401283,-0.12213619,-0.11509009,-0.41671902,1989
-0.32361853,-0.45851114,0.5697869,-0.44352162,0.044274405,0.1856886,0.006233504,1.125238,-0.5858415,-0.4355803,-0.37141946,0.5236253,0.30071235,0.175558,0.46351188,0.29670545,6275
0.116225764,0.095611736,0.23153552,-0.44766626,0.023002453,-0.039097898,0.006408287,0.35382214,-0.22997135,-0.24531205,-0.12256701,-0.12200756,0.13596378,-0.2859613,0.013660878,-0.20354776,7881
0.1010101,0.1276771,0.21140972,-0.4151888,-0.012100212,-0.31153166,0.025067,0.19793232,-0.46041337,-0.28732055,-0.19263807,0.074787304,0.22311932,-0.16335522,-0.17212328,0.24448182,1833
0.092124425,0.28323355,-0.11360605,-0.55066454,0.13447174,-0.120049186,0.020757008,0.049583122,-0.3720978,-0.1831993,-0.0019839555,0.00927148,0.14268416,-0.073767595,-0.04025455,-0.13653709,4279
0.085972965,0.23590028,-0.13522623,-0.17372197,0.25626868,-0.030775473,0.21730451,0.3532558,-0.37437525,-0.2819564,0.13446355,-0.066002704,0.2231878,-0.34904972,-0.13857085,-0.05943337,8929
0.11482091,0.12501304,0.2531913,-0.5158026,0.038552076,0.03529471,0.104952395,0.15729779,0.054684713,-0.38948727,-0.037922762,-0.31745338,0.28851765,-0.4095705,-0.0031082332,-0.03279054,6732
-0.091967285,0.35176545,-0.09597866,-0.53964514,0.11368446,0.25105745,0.30481553,0.24825837,-0.34374458,-0.4440996,0.026094198,-0.076940626,0.24885637,0.044286564,-0.15564689,-0.16958211,6700
-0.06399244,0.18786886,0.015413176,-0.60544515,-0.0024391636,0.09479946,-0.016238844,0.46449503,-0.6586625,-0.046638764,-0.100568876,0.009359226,0.19672066,-0.010955885,-0.099704444,-0.26459652,7639
0.11626087,0.23342282,-0.09328823,-0.55273676,0.036574654,-0.0031660032,0.1239871,0.0029072165,-0.42629343,-0.07580827,-0.19661826,0.0715669,0.15308253,-0.040272348,-0.09892844,-0.21447672,5493
0.10576408,0.02454526,-0.14844474,-0.013009906,-0.0017477348,0.008564673,0.30145803,0.54498553,-0.031823084,-0.5191752,0.24239217,-0.29099554,0.27181596,-0.41465417,-0.22626814,-0.15550667,4640
0.25791693,0.444347,0.099938646,-0.48191634,-0.20372355,-0.113316104,0.16242333,-0.037504002,-0.38945237,-0.3042583,-0.23948967,-0.3146229,0.0178518,-0.15052724,-0.07813588,-0.34469256,2946
0.03731291,0.4191291,-0.10844201,-0.59103125,-0.043933213,-0.11075966,0.13132209,0.002440974,-0.4487628,-0.122842915,-0.14630744,-0.05942201,-0.001964599,-0.046886057,-0.032948583,-0.26369843,6539
0.02727604,-0.07018244,0.012907647,-0.14196762,-0.096988365,-0.17297558,0.10886164,0.28158844,0.009005681,-0.33299577,0.19320217,-0.13959984,0.30305782,-0.31635445,-0.24690226,0.033908263,1734
0.13731891,-0.060647354,-0.16774064,-0.043122172,0.15538354,-0.038491555,0.17026661,0.50911325,-0.22237551,-0.5702915,0.26143992,-0.13527094,0.7346824,-0.17189702,-0.28689498,0.173592,4981
0.17401546,0.33397642,0.2703968,-0.4676991,0.08314167,0.010435171,0.17425454,0.4485984,-0.12033985,-0.34827006,0.015286874,0.029957708,0.2138992,-0.18269226,-0.052036732,0.09360951,9983
-0.09825727,0.077801764,0.094202206,-0.3896848,0.14517443,0.37169963,0.42730933,0.52730286,-0.8110286,-0.079099596,-0.08591631,-0.32628357,0.46765894,-0.29690313,-0.7156654,-0.15435624,3237
0.20585512,0.06690702,0.06684621,-0.41449618,0.08056161,0.19550154,0.1396325,0.36007303,-0.4503613,-0.39449978,-0.0018847361,-0.49974385,0.32427138,-0.3036232,-0.20274019,-0.36236054,6295
-0.046030194,-0.010208838,0.2446598,-0.6182083,0.027108476,-0.095577285,-0.13195866,0.31695122,-0.55224174,-0.050712876,-0.1762017,-0.006245807,0.34260458,0.041071095,-0.09731512,0.2357325,5734
0.058481164,0.19747543,0.29140908,-0.4614033,-0.0047715157,0.16135845,0.16379341,0.6104202,-0.34298244,-0.27897227,-0.13130689,-0.085500695,0.23721814,-0.18259513,-0.21903487,0.03413759,4878
0.12823236,0.1481654,0.24953279,-0.28158137,-0.103893474,-0.027632378,0.14000463,0.47672495,-0.2775023,-0.30472055,0.060843263,-0.11010875,0.27999163,-0.20956573,-0.3876477,0.010853857,4483
-0.20130777,-0.017610244,0.01798592,-0.055559665,-0.031670652,0.0519766,0.22651158,0.6147386,0.13655001,-0.7146768,0.30576086,-0.3710633,0.45825756,-0.52901995,-0.2783371,-0.24557897,5793
-0.08241635,0.07042996,-0.05240448,-0.004516326,-0.02294173,0.051152125,-0.042937007,0.8269431,-0.20717342,-0.22154717,-0.18760124,-0.18862197,0.08220735,-0.7024888,-0.076303355,0.1797328,5558
0.060785547,0.025700696,0.18449728,-0.23356722,0.2393502,-0.051842585,0.30587548,0.14018515,-0.17677353,-0.40899235,0.010374706,0.12292536,0.46331948,-0.08108175,-0.20010586,0.034466818,2944
-0.09354906,0.0661324,0.27876836,-0.75348794,-0.0485766,-0.108643755,-0.048140526,0.33536416,-0.7243738,-0.14535534,-0.44470397,0.085498974,0.15443628,-0.015084799,-0.21659264,0.06843509,3884
-0.05267188,0.20256262,-0.07653898,-0.32233295,-0.04146166,0.12099697,0.26816094,0.30599725,-0.38117895,-0.31246644,-0.04126858,0.08767371,0.18695548,0.018481538,-0.015252352,-0.14764135,8169
0.12224618,0.19945456,0.14042594,-0.41244215,0.34157,-0.28984964,0.10882151,0.12472145,-0.42268816,-0.28969544,-0.2732197,0.1743181,0.09395224,-0.118483186,0.25698787,-0.21716641,7918
-0.112933725,-0.108557224,-0.20061973,-0.1402225,0.13698596,0.6106037,0.16167684,0.7957486,-0.621633,-0.26344317,-0.03642785,-0.46972224,0.41844046,-0.44557688,-0.19751309,-0.15688342,4185
-0.19551027,0.038888954,0.18001615,-0.12271972,0.0142585635,0.12942547,0.31714106,0.89247525,-0.68994004,-0.48834673,0.041139036,-0.22997347,0.31140378,-0.6244676,-0.53928983,-0.28603494,6752
-0.19050393,0.14081204,0.0047566704,-0.20991737,0.06485012,-0.1526402,0.0588355,0.39843678,-0.62519556,-0.18445492,0.0772124,-0.06212925,0.25157046,-0.50220513,-0.3747516,0.0010861456,2622
-0.08497876,0.14914571,-0.16172469,0.23049818,-0.1665478,-0.13548549,0.43772474,0.9204475,0.095763594,-0.68140197,0.38465902,-0.1110985,0.23911753,-0.5140992,-0.33151093,-0.21647298,3748
0.121448606,0.04719198,0.05896888,-0.55839473,-0.18775585,0.032314792,0.073655255,0.17207845,-0.55661577,-0.37606347,-0.117591105,-0.16711651,0.105463,-0.12357655,0.013376266,-0.16084129,2565
0.099857606,-0.20831901,-0.0066028982,-0.21324274,0.33958954,-0.10469565,0.083671294,0.30253652,0.10066107,-0.29784095,-0.044955865,-0.16269419,0.9232495,-0.4074964,0.033309966,0.3048551,8559
0.15559673,0.32262668,0.06573043,-0.35831866,0.20497665,-0.30712378,0.058962714,0.059421167,-0.23380527,-0.30835247,-0.02248153,0.13868302,0.08948092,-0.19269171,0.037261963,-0.055331305,6900
0.1689137,-0.25033635,0.19580916,0.10881215,-0.059896067,-0.077920035,0.040820457,0.4940802,-0.01132068,-0.5984637,0.15129703,-0.3046286,0.5232995,-0.3178977,-0.35075966,-0.06448257,8448
-0.121404395,0.13243945,-0.06355721,-0.37600046,0.19694707,0.36549643,0.50638497,0.5171826,-0.8760638,-0.029237986,-0.05903798,0.12898935,0.49327937,-0.25710803,-0.5391845,-0.4142655,8356
0.033631265,0.09332312,0.093408674,-0.39655977,0.067911126,-0.010207983,0.12435564,0.4934465,-0.310731,-0.40718848,-0.007474771,-0.259757,0.3103601,-0.2831015,-0.19866352,-0.22344768,2922
-0.04196526,0.26118404,-0.024024744,-0.41434997,0.07250375,-0.20007786,0.30918026,0.123421565,-0.27972135,-0.36110723,-0.07318452,0.05539024,0.339289,-0.0759041,-0.16157846,-0.03929065,4480
-0.11233562,-0.12963742,0.10372405,-0.1874199,0.046620093,-0.030684,0.14511341,0.58079904,-0.31027046,-0.49636772,0.17454734,0.050244614,0.39912355,-0.15084915,-0.3667731,-0.03801939,2901
0.023895755,0.22798526,-0.17699555,-0.29236376,0.0487824,0.46568218,0.20928532,0.39723313,-0.5971078,-0.35458863,0.11953409,-0.21939465,0.060544748,-0.268973,-0.027600825,-0.32113415,7700
-0.17002988,-0.108275265,0.09239864,-0.18134496,0.19777568,0.18396549,-0.09010057,0.7594894,-0.23973596,-0.23012881,-0.07682729,-0.33480218,0.57096934,-0.40290824,-0.2041477,0.20678799,9513
0.12693377,0.08524601,-0.011669561,-0.15115896,0.11588785,0.057111133,0.23656851,0.38358846,0.059009224,-0.43984544,0.10518253,-0.24491861,0.34663892,-0.32231617,-0.10660167,0.050463557,6170
0.33702177,0.599646,-0.13583802,-0.17914698,-0.20504797,-0.0020048767,0.3482964,0.4072774,-0.3861173,-0.33039504,-0.2671006,-0.579437,0.13533702,-0.46277398,0.02460593,-0.40299076,4619
0.13942017,0.07883635,-0.11397356,-0.19521034,0.10990386,0.066676505,0.18558383,0.44717273,-0.41295615,-0.22186938,0.060025226,-0.22378668,0.46114808,-0.40458208,-0.20772679,0.13359308,5916
-0.05683121,0.09275289,-0.10619392,-0.3981372,0.14891908,-0.25038213,-0.030114003,0.12839693,-0.3588394,-0.13061123,-0.11347492,0.32897595,0.23374848,0.0017571226,-0.028869078,-0.051611394,2686
0.13984732,0.20686021,-0.07766481,-0.2843515,-0.054022945,-0.018823307,0.1688619,0.47786295,-0.18323658,-0.34439406,0.11758329,-0.39831176,0.22996856,-0.31855476,-0.3164529,-0.13473389,1425
0.11849947,-0.23196185,0.43042138,-0.22065699,0.35054213,0.020134926,0.009916477,0.6565449,-0.2668315,-0.660761,-0.03200075,0.17375864,0.71439075,-0.036369357,0.16569135,0.39395857,4272
0.0202384,0.23880741,-0.2050208,-0.6394618,0.28717917,-0.21332437,0.0055575967,-0.14806405,-0.61456174,-0.0034711957,-0.20085824,0.2932314,0.2298401,-0.118127905,-0.03364843,0.07057464,5628
-0.07908364,0.20875373,0.3551828,-0.5198813,0.014107302,0.09757888,0.26692626,0.4923066,-0.46693096,-0.45106035,-0.09036546,0.09373851,0.4011404,-0.050724834,-0.16309652,0.037109002,4681
0.056862824,0.40036047,-0.11986724,-0.41487142,0.41288498,-0.3778373,0.047279403,-0.29420176,-0.4354909,-0.21894863,-0.20797227,0.32651213,0.1485675,-0.30395013,0.25336835,0.0015624166,2061
0.045040756,0.37279713,-0.40088594,0.032132477,0.24641332,0.17033209,0.4679918,0.57538515,-0.15851247,-0.4026563,0.35864404,-0.32521406,0.40762252,-0.48220408,-0.14799365,-0.1937765,5167
0.003164947,-0.17295331,0.042032585,-0.32591185,0.28095567,0.033442073,-0.0013976796,0.35816458,-0.09604463,-0.064542316,-0.13850191,-0.031977803,0.4410602,-0.19729358,-0.041816846,0.10893308,9530
0.102303855,0.3003758,0.038883734,-0.36564493,-0.13924617,-0.009248961,0.2960648,0.20486943,-0.2259199,-0.35316253,-0.17324294,-0.123853296,0.08940677,-0.10208915,-0.14817864,-0.41905332,6693
0.019634083,0.5945014,0.124262445,-0.4849859,-0.23225404,-0.09180307,0.23441535,-0.15941268,-0.2246068,-0.1634076,-0.2530404,-0.06277407,-0.025518626,-0.2013677,-0.21437886,-0.45463383,7850
0.2678634,0.020148508,0.013413057,-0.09833583,-0.0124505535,0.2189711,0.33751026,0.68299913,-0.26285174,-0.44099265,0.09425412,-0.25923374,0.24810329,-0.4315189,-0.29840797,0.18695322,8572
0.22524105,-0.07883848,-0.052665964,-0.012182653,0.02023089,-0.11680281,0.30541122,0.6772505,0.113254905,-0.67007476,0.14387943,-0.23404303,0.22576925,-0.56031716,0.12605372,-0.3824764,1060
-0.03792037,0.110766634,-0.14314727,0.0047129393,0.06369258,0.40327954,0.5690539,0.7087229,-0.50978804,-0.42844218,0.124560386,-0.30396628,0.44367373,-0.38661847,-0.400716,-0.15566298,3010
-0.05119382,0.13694862,-0.047609925,-0.5478657,0.029817864,-0.29063797,0.107652165,-0.101625934,-0.5792987,-0.16969924,-0.15628971,0.20532115,0.14158219,-0.13668711,-0.120765224,0.14816718,8891
0.0040206835,0.00988853,-0.29672623,-0.15397963,0.13888791,0.01696653,0.24949533,0.5014266,0.065491065,-0.5713582,0.12964359,-0.18660858,0.3382951,-0.48422688,0.21276109,-0.17604584,5942
0.2420629,-0.050186224,-0.047347166,-0.22811952,0.14209366,-0.16509971,-0.0012779757,0.17806607,-0.2479245,-0.18607658,-0.003954783,0.1511209,0.4006909,-0.03921744,-0.24760422,0.12450445,7224
-0.04783021,0.11065444,-0.12116972,-0.047457814,0.1157651,0.23860498,0.2689469,0.8375769,-0.34160548,-0.5230714,0.09690252,-0.39595348,0.2707855,-0.60423654,-0.33315894,-0.24302751,4674
0.0022471398,0.28552175,-0.07299009,-0.53035766,0.030421697,-0.054211665,0.11633162,-0.0145056695,-0.429856,-0.12402394,-0.010164075,-0.18616462,0.12217459,-0.17164388,-0.100725904,-0.020207137,8280
0.100072384,0.3088051,0.14255871,-0.25760853,0.23694861,-0.012173846,0.2589902,0.19229172,-0.23221156,-0.3346945,-0.14644721,0.0880454,0.1075687,-0.16303952,-0.0065312386,-0.094500005,9232
0.049949512,0.20547117,-0.0973583,-0.35337967,0.3056588,0.22579324,0.08181286,0.34590697,-0.51838326,-0.087934084,0.14732337,-0.14436403,0.44229805,-0.23651604,-0.2605208,-0.04823795,1629
-0.063705444,0.12097289,-0.00075671077,-0.48873377,0.04393947,0.23955145,0.17548142,0.5016494,-0.6124929,-0.25219864,0.03482151,-0.07256543,0.21788886,-0.20007694,-0.36492074,-0.16380006,4825
0.1481265,0.29590058,-0.36470595,0.033293456,0.074470714,0.21387792,0.5317208,0.46842992,-0.1586738,-0.43363756,0.2758413,-0.34371442,0.24522312,-0.37545565,-0.16364078,-0.08039102,5681
-0.046670884,0.19961321,0.1316499,-0.6735515,-0.29929966,0.35060346,0.60152274,-0.046276346,-0.89988995,-0.5746101,0.0003490895,-0.04869938,-0.11226085,-0.073542066,-0.56288344,-0.24702178,9814
-0.009374231,0.061742954,0.064191125,-0.25307852,-0.09057745,-0.03116851,-0.02568149,0.45259875,-0.29268876,-0.16129293,0.23196355,-0.1773491,0.33081067,-0.07877267,-0.24095547,-0.1700852,6934
0.16597743,0.14994211,-0.18712114,-0.29642928,0.23599978,0.017078549,0.09478159,0.43974096,-0.32200953,-0.16481745,0.12931831,-0.157843,0.3412578,-0.22864383,-0.2789374,-0.041175827,5987
-0.06000386,0.4255097,-0.072822005,-0.48989683,0.030299306,0.062072992,0.43503436,0.038097173,-0.06414844,-0.09745273,-0.23314525,0.025441548,0.0091288835,-0.08753635,-0.20491305,-0.40044802,1536
0.14031065,0.39282006,-0.07171203,-0.60365486,0.09330912,-0.11787561,0.086500406,0.23083597,-0.39707845,-0.12524998,-0.057624437,0.025818616,0.0068152845,0.07737611,-0.03824398,-0.15501367,3494
-0.09181366,-0.23639706,0.16328296,-0.11198062,0.2893957,0.11662461,0.21806544,0.4231231,0.1277613,-0.58744365,0.09841013,-0.35763884,0.7150401,-0.45570627,-0.23061569,-0.028813124,6232
-0.12246223,0.12567252,0.22496988,0.002187997,0.12844805,0.30336836,0.24548742,0.90106726,-0.1334496,-0.56263155,0.045308687,-0.42013165,0.46862525,-0.64225036,-0.30222136,-0.023822606,4801
-0.08879621,0.19978942,-0.17772022,-0.36955768,0.3294896,0.20884779,-0.014863066,0.3653941,-0.6884286,0.04532075,0.0533096,0.0131150335,0.52546847,-0.14515024,-0.25578824,-0.0882891,4347
-0.15510005,-0.11629371,-0.0026723146,-0.49778804,0.46120927,0.16726407,-0.08469787,0.5844319,-0.6688454,0.035963304,-0.19328089,-0.09464942,0.72963566,-0.2971522,-0.060168535,0.16501509,6924
-0.033071898,0.14591753,0.028361222,-0.63589346,0.05321095,-0.09959812,0.077596106,0.015023008,-0.5836898,-0.18269634,-0.11323856,-0.0071658976,0.07597548,-0.04044725,-0.17727083,0.011590794,1985
-0.31139675,-0.28713006,0.06338925,0.052009314,0.28202358,0.17430335,0.015678333,0.68889105,-0.13376614,-0.35804108,0.17169039,-0.32438594,0.74858284,-0.36586913,-0.20601334,-0.040054142,8014
-0.25473213,-0.109629214,-0.011330491,-0.18753213,0.071319774,0.22124672,0.09326278,0.5444655,-0.64842993,-0.08301055,0.16713555,-0.17337355,0.6044437,-0.19616479,-0.20152393,0.17540798,4595
0.047727376,0.16268148,-0.1693863,-0.46843976,0.19571611,-0.3375754,0.030256521,-0.30242264,-0.50461876,-0.08060101,-0.22109759,0.335164,0.19113116,-0.20537579,0.16298786,0.12643364,3662
0.026616193,0.15494388,0.22079317,-0.4116918,0.107583694,0.19730794,-0.015300958,0.7220187,-0.41437554,-0.32000378,0.08954008,-0.2931825,0.34758818,-0.2598066,-0.10621311,-0.4060169,6021
0.18962832,-0.13481098,-0.18764101,-0.1154401,0.13645037,0.106435955,0.29206398,0.54900944,-0.3251559,-0.41779917,0.14176705,-0.34730127,0.39688128,-0.4222672,-0.43888408,0.30767223,2013
0.034585156,-0.029131413,-0.17753941,0.12327278,0.10416442,0.029539898,0.52431387,0.57160294,0.11151458,-0.9400842,0.36201978,-0.5314664,0.50816333,-0.54454494,-0.128181,-0.35856193,8499
-0.075176,-0.009798987,0.020240137,-0.48276824,0.05298551,-0.041817985,-0.023745043,0.43474704,-0.58064365,-0.1732238,-0.011107983,0.11883514,0.37141022,0.10412461,-0.20580854,-0.10002309,6835
0.019578278,0.3850534,-0.2404504,-0.63993067,0.044122443,0.2539031,0.20552725,0.19829604,-0.5252231,-0.02174452,-0.15134771,0.22346641,0.10161434,0.06183912,-0.07429613,-0.30925855,6413
0.014729032,-0.08734952,-0.24624714,-0.09142989,0.05838261,0.12056365,0.37027875,0.33996344,0.08167325,-0.4672153,0.10639273,-0.45320052,0.5427437,-0.3966877,-0.16362113,-0.12945317,1456
0.011783093,0.149691,0.12261668,-0.5883867,0.21620356,-0.22281858,0.065065496,0.094037466,-0.40024376,-0.26276916,-0.24425708,0.046386033,0.18042725,-0.04967508,-0.008345008,0.12610927,1700
-0.07189746,0.13286054,0.17981598,-0.3720683,-0.08578859,0.17305596,0.24664126,0.29107773,-0.47796184,-0.52542824,0.35150123,0.20122345,0.42616484,0.07965735,0.24965772,0.06369576,3582
-0.23390166,-0.14084138,-0.113485485,-0.03891787,-0.103093736,0.14352489,0.2227325,0.65140086,-0.046319067,-0.3018517,0.34273258,-0.1829398,0.46063325,-0.3881614,0.03537932,-0.46851784,6090
0.09596358,-0.010127403,-0.04494282,-0.43820184,0.030155778,0.0074372655,0.10943955,0.17788517,-0.51464605,-0.19595386,0.023202233,-0.1963911,0.328077,-0.08215028,-0.16496181,0.10786263,9451
0.09984555,-0.08620506,0.4026216,-0.24138299,0.06319411,-0.046481133,0.14798214,0.29711977,-0.04671912,-0.4685225,-0.040151298,-0.1377919,0.34541392,-0.33504254,-0.13600834,-0.034758747,4632
-0.07280631,0.03488087,-0.006348868,-0.2652314,0.1520023,0.041921195,0.13078111,0.3959617,-0.12655249,-0.48046434,0.25274295,0.07477226,0.34499186,-0.023377927,-0.1899066,0.06861009,5766
0.11944987,0.09105398,0.017442338,-0.33690864,0.30943125,-0.021139333,0.23891234,0.20577256,-0.38149002,-0.2922337,-0.16009001,0.05231726,0.3139277,0.00822729,-0.08521786,0.05565852,5297
0.07944028,0.112041,-0.13171157,-0.06089869,0.15176766,0.1820125,0.41100064,0.6192337,-0.12537107,-0.5591148,0.14596279,-0.32485494,0.55728745,-0.41321516,-0.16918042,-0.066118896,8009
0.2505083,0.12056753,0.29687357,-0.06650627,0.05530292,-0.12827604,0.32999516,0.09576077,-0.13203174,-0.84746057,0.31482705,-0.17283931,0.49735498,-0.3755048,-0.08529219,0.05713302,4960
-0.038000256,0.012059104,-0.059903577,-0.35655704,0.3451296,0.17860243,0.2154365,0.48635596,-0.36440995,-0.3515693,-0.05952089,-0.054078694,0.5852767,-0.08499046,-0.25573298,0.062338352,3476
0.12585852,-0.16763811,0.13382018,-0.3151069,0.12986459,0.28914815,-0.037705664,0.68348813,-0.6396533,-0.3965027,-0.4619524,0.31253237,0.2627006,-0.023213267,-0.087011546,0.15930629,9898
-0.16517276,-0.09058601,0.066588886,-0.19701092,0.053700916,-0.038431093,0.16893855,0.6046981,-0.31184182,-0.4955706,0.18721169,-0.015486807,0.48308784,-0.17801824,-0.1645702,-0.2998727,6166
-0.079475075,0.025937103,0.13511705,-0.29883236,-0.04946755,0.17504442,0.23276222,0.7488157,-0.41177157,-0.4269333,-0.108747765,-0.36222196,0.49218333,-0.40866002,-0.41436452,0.06834464,3117
0.21154623,0.11038354,0.5661507,-0.34351736,0.10325909,-0.3236261,0.0737167,0.37411934,-0.33231276,-0.58238953,-0.083962806,0.16888951,0.18357141,-0.30177557,0.073324025,-0.06668885,9666
0.1869387,0.09972476,0.060394302,-0.21216458,0.31679988,-0.25281587,0.24049692,0.017734408,-0.30450183,-0.31657425,-0.17417295,0.00020544231,0.4100374,-0.20755517,0.122629374,-0.05927764,4478
-0.051680222,0.20768917,0.06715189,-0.36331618,-0.08506182,0.11499492,0.11563869,0.34593526,-0.072625816,-0.28252748,-0.035114985,-0.3295983,0.40705472,-0.37601808,-0.21446559,0.0060038567,6796
-0.20558596,0.28830183,0.08919749,-0.31539786,0.0011889711,0.13469687,0.37868217,0.60884726,-0.43683314,-0.3880577,-0.03248514,0.22955361,0.06470561,-0.15251529,0.06312387,-0.2156772,6435
0.17046756,-0.0048037767,0.6913953,-0.36462122,-0.11844785,0.05283554,0.17327504,0.7695881,-0.30945957,-0.9247171,0.0054920465,-0.20665026,0.22684523,-0.43238315,0.02515021,-0.15488167,2925
-0.19991562,0.76147896,-0.42218274,-0.64488506,-0.1074613,-0.07866775,0.47522852,-0.38923833,-0.45806378,-0.15349387,-0.2229493,0.27704588,-0.41612944,-0.08536392,-0.0023608804,-0.50794786,5929
-0.03993763,0.2206021,0.010203011,-0.62913156,0.0908221,0.107080095,0.20542878,0.039820477,-0.32651365,-0.015896082,-0.3902971,-0.07670883,0.2535459,-0.1255348,-0.23188356,-0.08745907,8479
-0.32725808,0.10660717,0.22754136,-0.44385833,-0.124863654,0.3361789,0.18870407,0.6728694,-0.48161185,-0.27988726,0.019822795,0.24574651,0.5633358,0.03905063,0.038286448,-0.20055711,9630
0.0026961863,0.1583024,-0.038836423,-0.54919213,0.14587526,0.21384409,0.24198301,0.12658836,-0.3114351,-0.08928631,-0.24659473,-0.12402302,0.30544668,-0.12598675,-0.2242741,-0.07342978,8392
-0.16347732,0.14302544,-0.1467642,-0.30215484,0.025742307,0.15299094,0.11892965,0.33172238,-0.6672971,-0.06591766,0.030496433,-0.07299342,0.3476207,-0.085763596,-0.20760393,-0.19971678,4385
0.11887339,0.039869294,0.24313955,-0.3744849,0.14115249,-0.27016306,0.24201588,0.412853,-0.25018206,-0.4534111,-0.030312348,0.2751237,0.18954965,-0.18140246,-0.08373329,-0.1831558,7433
0.06254512,-0.0074287727,0.04275123,-0.43631324,0.15446173,-0.16153537,0.14413692,0.17962289,-0.45215654,-0.17302074,-0.05940284,0.25705835,0.3746571,-0.08103726,-0.3761287,0.035992846,4486
0.10330637,0.25757122,0.17605448,-0.32927814,0.04849136,0.05342997,0.2525436,0.674067,-0.30745703,-0.35593456,0.022455228,-0.28079402,0.0812044,-0.2507822,-0.40966034,-0.15968972,8771
0.18709767,0.019133508,0.31119606,-0.43428153,-0.26861835,-0.15826634,0.09684553,0.38193163,-0.4598269,-0.39044532,-0.050492406,-0.023228515,0.28692612,-0.1473829,-0.28032336,-0.13934807,5357
-0.14209653,0.47570986,-0.29528624,-0.29176384,0.31570193,0.07906168,0.44891328,0.14101002,-0.43805343,-0.09241226,-0.21942912,0.4425828,0.053647697,-0.049161665,0.039482668,-0.27875593,8512
-0.20520893,0.079428405,-0.21350077,-0.19971058,0.41535312,0.5279299,0.42897764,0.67575204,-0.5915485,-0.1565672,0.043409243,0.009072199,0.5145559,-0.29746446,-0.18564217,-0.14786427,7660
-0.3664527,-0.18242444,0.23045678,-0.121349484,-0.1766644,0.0021990407,0.049786203,0.4781135,-0.04590659,-0.5329076,0.43181655,0.09621013,0.3616181,-0.007294528,-0.21537337,0.069266714,3097
-0.18389587,-0.084799595,-0.01983767,0.024921298,-0.089614585,-0.09244388,0.22898884,0.60808563,-0.06475079,-0.4151075,0.3716977,-0.046451047,0.4146456,-0.17182244,-0.17765151,-0.21235316,8170
0.029573355,-0.26246586,-0.21141315,-0.07851544,0.0031889603,-0.001017631,0.26126206,0.198399,0.19739959,-0.725107,0.14283156,-0.5599665,0.5605101,-0.5523948,0.30697072,-0.2780243,2227
0.280329,0.1755043,0.21031868,-0.31332356,0.024486043,-0.18726099,0.118929304,0.18731253,-0.36667955,-0.41762525,-0.16980848,-0.0056983456,0.06253992,-0.14961311,0.032854557,-0.22568914,6481
0.14484078,0.5040146,-0.2584054,-0.5080974,0.12690829,-0.13785367,0.28692725,-0.04360211,-0.3382119,-0.2409777,-0.025256798,-0.15464245,0.048779234,-0.21438253,0.16913128,-0.35680738,7872
0.06616145,-0.069159836,0.87964404,-0.29784942,-0.6478567,-0.3820787,0.3790949,0.46714634,-0.2892198,-0.88301814,-0.22852992,-0.21280843,0.37096453,-0.44688705,-0.47728422,-0.46691817,4585
-0.09728891,-0.060025126,-0.0006735618,0.048472762,0.39467734,-0.024719834,0.2842715,0.6660808,-0.086788386,-0.4508772,0.20038822,0.07905355,0.396102,-0.24170363,-0.14698341,-0.065410644,6233
0.070713356,0.17850572,0.36486816,-0.31885004,0.17702912,-0.16556174,0.47635183,0.45792955,-0.43738848,-0.81139237,0.08418588,0.63188654,0.20046349,0.27023396,0.30916634,0.02244839,6940
0.30149716,0.4722157,-0.21898463,-0.36331666,-0.009972494,0.36235762,0.20002869,0.15954432,-0.76427025,-0.11446554,-0.086871676,-0.5074531,0.15390122,-0.4639331,-0.26304653,-0.43879178,1610
-0.044187486,-0.12259955,0.30369186,-0.5787077,-0.13569401,0.13794193,0.057761695,0.5443543,-1.1057922,-0.109832056,-0.47431985,-0.091195606,-0.03703749,-0.2781215,-0.23270343,0.105116785,3416
0.08879383,0.11846015,0.03301767,-0.49578357,0.18651643,-0.110062025,0.03132151,0.29983658,-0.29957977,-0.22073461,-0.077936575,0.02231285,0.32630485,-0.02531416,-0.10943307,0.08318354,8650
0.29435474,0.14288661,-0.08003692,0.031835675,-0.019615918,0.21126126,0.35735458,0.745991,-0.059265763,-0.6334021,0.22695653,-0.34826535,0.26448414,-0.5064947,-0.23543027,0.020766675,5112
0.13479996,0.5962393,-0.32212058,-0.50767064,0.23142639,0.10757062,0.31609735,0.016894266,-0.5309559,-0.052454248,-0.4175787,0.27015373,-0.04923296,0.051406477,-0.009516954,-0.48045892,9372
-0.031327993,0.24124444,0.13552551,-0.54060096,0.04004448,-0.35555753,0.30065197,-0.08345035,-0.35276124,-0.41484776,-0.14649479,0.39355794,0.09243271,-0.09316383,0.036891878,0.05835408,2674
-0.17983888,-0.5320763,0.028437674,0.03545013,0.08296879,0.30124557,0.2502064,1.0698034,0.18596351,-0.35101908,0.021753669,-0.4314657,0.105354354,-0.53300387,0.0541462,-0.57998955,8057
0.027607754,0.19049087,0.24745566,-0.06331186,-0.023981042,-0.0065997615,0.30274376,0.40447116,-0.45603812,-0.5517394,0.21723402,0.12252476,-0.055092573,-0.46183014,0.18793061,0.2696026,5735
0.053493604,0.11707676,0.12193547,0.0063454807,-0.017866239,0.15463045,0.34465665,0.6573911,0.17446773,-1.0113311,0.3120119,-0.42757332,0.25932407,-0.6759354,-0.12107566,-0.34926808,5371
0.109185606,0.16453372,-0.2504831,-0.38599372,0.03264816,-0.05430935,0.16798976,0.1153481,-0.17527367,-0.2586602,0.15154,-0.031063158,0.052345145,-0.13304345,-0.036356896,-0.08726941,2664
-0.12834297,0.2818601,0.23278356,-0.33009297,-0.11439544,0.16680646,0.37614635,0.22487211,-0.25307336,-0.17160086,0.019131035,-0.1666489,0.4532504,-0.24806571,-0.5494558,0.010796994,2164
-0.14737177,0.04029276,0.3533738,-0.20352101,0.34172988,0.09428229,0.26021892,0.630157,-0.032792322,-0.6004153,-0.04776874,0.13809992,0.6112831,-0.18250597,-0.030007243,0.008501947,6562
0.101422206,-0.20959257,-0.19370395,-0.13860537,0.2427134,-0.08831063,0.21430583,0.32899505,-0.053157553,-0.45043033,-0.00488133,-0.22319809,0.56859565,-0.3715008,0.014356911,0.09583645,7182
0.049946405,0.22508626,0.10160946,-0.74967265,-0.024501652,0.17799965,0.07068376,0.23456429,-0.6044328,0.008473858,-0.32396117,-0.038708687,0.098610945,0.07149234,-0.23390184,-0.16200772,3885
0.04829044,0.19390704,0.11425942,-0.5676898,-0.010111004,-0.34281838,-0.13326396,0.14387734,-0.541572,-0.09470697,-0.23422465,0.08289337,0.25450683,0.035089955,-0.10602924,-0.019292697,1644
0.14842592,-0.11657928,-0.05661774,0.12982675,0.061039135,0.13843535,0.17865722,0.908088,0.0046089143,-0.65716547,0.18575418,-0.06899157,0.3639409,-0.4035344,-0.058462337,0.12070575,3239
0.2612015,0.011784159,0.34499344,-0.30169585,-0.14705788,-0.14805597,0.10639825,0.6353883,-0.1406924,-0.59520096,-0.008928956,-0.18424466,0.055611074,-0.21585542,-0.11398627,-0.2597275,8998
0.1370253,0.015074018,0.19021809,-0.2564683,0.029846944,-0.04748013,0.2596333,0.61273104,-0.10470964,-0.63068014,0.11575611,-0.28367645,0.32457668,-0.29005167,-0.29840246,-0.21449967,4167
-0.11620928,0.15082765,-0.02131986,-0.1702722,0.22488324,0.126919,0.113789484,0.60131323,-0.53309274,-0.3163336,0.14297983,0.013726465,0.4150684,-0.19529821,-0.12456441,-0.117620036,8077
-0.04226318,0.083687596,0.109400064,-0.27857888,-0.07401513,-0.075672224,0.1759782,0.4965312,-0.2070427,-0.28964952,0.09795789,-0.26697218,0.33744672,-0.21272567,-0.5120895,-0.019119576,2699
-0.16479857,0.09237196,-0.04149431,-0.050992996,0.2960969,0.03839557,0.2676238,0.46075433,-0.13088843,-0.43016714,0.2912481,0.0579352,0.46572268,-0.123138435,-0.22758767,-0.01285395,9408
-0.28618774,0.11984207,-0.02803211,-0.16627069,0.19463506,0.4420027,0.18303987,0.65701556,0.11012173,-0.7170197,0.11033595,-0.75196743,0.39080918,-0.81918067,-0.057103887,-0.399946,2732
-0.08553915,0.19580333,0.032316968,-0.7923374,0.11777948,-0.21135208,0.04342013,-0.18322615,-0.63099337,-0.14905387,-0.2960904,0.02126941,-0.043040574,-0.09254974,0.014664143,-0.06992087,1597
0.0504248,0.055060726,0.09074958,-0.023002237,0.026796572,-0.1141933,0.30010453,0.67405415,0.004343733,-0.593729,0.24226566,-0.1452398,0.26695266,-0.29777008,-0.2874499,-0.26618606,4340
-0.066308185,0.4522817,0.11871453,-0.76059294,-0.26820192,0.10270616,0.23965856,0.21109453,-0.51253486,0.10120492,-0.4457912,0.13957298,-0.17084548,-0.044640057,-0.36947992,-0.5209155,5975
0.19407132,0.22298615,-0.075433195,-0.4765954,0.30741447,0.19959792,0.2219356,0.17029935,-0.6496914,-0.054628313,-0.069817275,-0.13357808,0.61708105,-0.17807278,-0.4178322,-0.2051396,6776
0.103852965,0.12456433,0.67656153,-0.11037335,0.20567028,0.1629822,0.32807863,0.85251665,-0.30391985,-0.9928573,0.16656059,0.13977724,0.44211835,-0.17238626,0.10317397,-0.19965602,3219
-0.11194934,0.47663483,0.09556978,-0.65902054,-0.18511176,0.021588545,0.13822134,0.14511561,-0.5131767,-0.035422027,-0.4160406,-0.074736655,-0.06201741,-0.09424781,-0.18745017,-0.47071326,7041
-0.13154177,0.06534537,0.19642636,-0.5884277,-0.013291225,-0.28868762,0.11881005,0.18517452,-0.47214466,-0.33824033,-0.08455549,0.06533341,0.2901076,-0.20954959,-0.225135,-0.20755337,1930
0.018560648,-0.42594662,0.38583052,0.04274562,-0.2843823,-0.07299492,0.17360982,0.8665731,0.35307384,-1.0862037,0.12852158,-0.39119548,0.38843936,-0.73997974,0.11140746,-0.46184057,9143
-0.08832677,0.47384244,-0.19624545,-0.35548666,-0.027804181,0.16561201,0.45363858,0.13361302,-0.4214906,-0.1020758,-0.24662326,0.023694396,0.15257286,-0.0897845,-0.23151428,-0.42843044,6414
0.16133018,0.45092314,0.10299881,-0.40411016,0.06664199,-0.21551262,0.15037218,-0.052961424,-0.38506234,-0.26385048,-0.41157433,0.010362044,-0.09726602,-0.31582224,0.12874523,-0.34287718,6191
0.0039754957,0.048828915,0.06126591,-0.43777657,0.17591858,-0.30519795,0.07236618,0.025485337,-0.45163095,-0.2099794,-0.22393158,0.2042504,0.24273,-0.21152085,-0.21483317,0.20156467,9242
0.03677535,0.03867949,-0.033627104,-0.35146162,0.12789805,-0.23494458,0.018736824,0.304084,-0.1877822,-0.3365053,0.09976615,0.057936117,0.41932514,-0.10586223,-0.20758605,-0.15112673,8711
0.12762786,0.16137102,-0.2823052,-0.041565,0.2956702,0.09721587,0.25233936,0.33262292,-0.14261347,-0.56599736,0.24422342,-0.3801851,0.38494614,-0.49152657,0.09628345,-0.22147995,4706
-0.1750316,-0.5075487,0.0074659884,0.16257128,0.80296576,0.07459823,0.25323892,0.5831498,-0.1446364,-0.6374524,-0.02239073,0.028180372,0.91083443,-0.34463474,0.18530113,0.13284123,2319
-0.06115231,0.23850942,0.38720328,-0.43974933,-0.09165846,0.11862138,0.28113502,0.6453162,-0.2318783,-0.47850025,0.073357075,0.14505596,0.41461304,-0.08858836,-0.14277771,0.0058886856,3206
-0.07798737,0.3245356,-0.09481396,-0.678833,-0.0664679,-0.029877312,0.09670372,0.0057098716,-0.49872237,-0.053106654,-0.26507825,0.17698483,0.0011979043,-0.009382755,0.00788261,-0.109367594,3452
0.12260241,0.13142043,-0.018910512,-0.48628312,0.122940846,-0.015341692,0.13138624,0.100708455,-0.40035748,-0.122809425,-0.05213729,-0.03312224,0.32873422,-0.015043404,-0.21420425,-0.028123394,3657
0.042104542,-0.11603682,-0.0974747,-0.23659682,0.12863293,-0.19551612,0.26080722,-0.04022363,-0.47415063,-0.22148232,0.076985516,0.27624795,0.3047506,-0.08060965,-0.056346714,0.22606307,5904
0.027900562,0.089877985,-0.02452511,-0.7506506,0.07609411,-0.06994855,-0.02114173,0.12290885,-0.7430154,0.095942676,-0.09503256,0.11327639,0.28253466,0.22289632,-0.0279212,-0.15509719,6666
-0.03840646,0.14647955,0.001134349,-0.6034446,-0.15870969,-0.028216764,-0.02195144,0.059143238,-0.78280663,-0.03372234,-0.13472375,-0.1251753,0.24526124,0.08450677,-0.21406521,-0.14200073,2257
0.12349696,0.2716824,-0.16370277,-0.1493083,0.35968027,0.19413954,0.19510095,0.33803654,-0.42612308,-0.1459245,0.16694956,-0.112268865,0.37135506,-0.33576238,-0.1496236,0.052399695,6476
-0.015860021,-0.031179294,0.23598796,0.14600214,0.1599555,0.08360027,0.4858988,0.987651,-0.3861872,-0.87517905,0.42982244,0.27248415,0.5935036,-0.038613603,0.27742645,0.028986737,6322
-0.21124478,0.01696004,0.33943123,-0.4130187,-0.25906467,-0.03812384,0.43178758,0.8036206,-0.86780715,-0.15603766,0.05579695,0.56754017,0.09849851,-0.06684476,-0.29098204,-0.35954475,2101
0.12836403,0.069895945,0.1983736,-0.35393554,-0.05153411,-0.07680941,0.104023606,0.21462387,-0.039038643,-0.538678,-0.005238943,-0.32069528,0.22653952,-0.36206284,-0.062128752,-0.106435746,1001
-0.20204884,-0.1706535,0.1583477,-0.36309958,0.028025687,-0.16999447,0.11027059,0.34426993,-0.3435737,-0.38303244,0.1429219,0.06398964,0.35094965,0.10999021,-0.32736215,0.108502805,2937
0.13280353,0.25001156,-0.069212645,-0.1795802,0.11071389,0.56946373,0.36619747,0.59373844,-0.31691265,-0.3568588,-0.20392625,-0.73846173,0.35083207,-0.5822615,-0.44466165,-0.15494484,4949
-0.07882792,0.2712326,0.03131689,-0.35875118,0.15999669,-0.040301844,9.724544e-05,0.28995657,-0.042672805,-0.14408924,-0.008791968,-0.17670624,0.30772293,-0.4230408,-0.15403304,0.0993399,7886
-0.032621704,0.16308777,0.023884883,-0.54671663,0.12274918,0.12555948,-0.102941394,0.6388872,-0.59250534,-0.09597004,-0.080143124,-0.09636459,0.27427393,-0.05390267,-0.06277166,-0.22716394,3093
-0.2880561,-0.015828148,0.20363167,-0.16180794,0.11187102,0.21873166,0.6501279,0.7564373,-0.21699825,-0.47427085,0.20619546,0.14896974,0.47058707,-0.2512895,-0.14445879,-0.640448,1495
0.14381708,0.120982066,0.16979608,-0.52123713,0.07895777,-0.24409892,-0.15534037,0.34446862,-0.2813335,-0.1946505,-0.16346186,-0.3342906,0.538372,-0.17271522,-0.23650669,-0.052728504,2499
0.33828583,-0.056955405,0.0849842,-0.20752752,0.13640189,-0.26075625,0.13123515,0.38497546,-0.19203168,-0.50419784,-0.1387223,0.3434953,0.0366776,0.046446927,0.099172845,-0.17809442,7199
0.18680301,0.84461725,0.102377236,-1.0588585,-0.019452626,0.22335169,-0.39520675,-0.40933573,-0.7569083,-0.26418522,-0.4539982,-0.7093616,0.7305905,-0.72639155,0.39929795,-0.049060784,2450
-0.20303868,-0.12548517,0.39680922,-0.06866303,-0.104112,-0.18598247,0.3019507,0.69600105,-0.15262249,-0.83333516,0.2766065,0.06679796,0.52553684,-0.270526,-0.38163823,-0.21187998,9462
0.12197656,0.19034931,-0.17538844,-0.28064507,0.17322046,0.16899243,0.22503136,0.4060211,-0.13272934,-0.29792762,0.21300587,0.088973425,0.20495096,-0.17114282,0.17823246,-0.0058819205,5166
0.015737228,0.2847141,0.10174832,-0.33147883,-0.031653915,-0.17196806,0.14974478,0.13121209,-0.26389724,-0.40741006,-0.22833353,-0.18673052,0.43584,-0.096050814,-0.169969,-0.09799042,3803
-0.1360052,0.24512854,0.3455591,-0.4718448,-0.0818478,0.10077903,-0.055279743,0.9175208,-0.8322903,-0.4126889,-0.34039488,-0.057047464,-0.013758332,-0.25367957,-0.17317164,-0.1381263,4048
0.07487215,0.18065706,-0.07961048,-0.42452466,0.023407124,-0.08780134,0.2135273,0.027654305,-0.5126361,-0.27627993,0.040980082,-0.1264504,0.24300185,-0.25139657,-0.19350159,0.18470435,5340
0.0976216,0.18650533,0.16039497,-0.50706434,-0.012987912,0.14218715,0.17702958,0.42774814,-0.5490404,-0.11984769,-0.20376356,-0.07773018,0.16392188,-0.079396725,-0.36388195,-0.10761763,3963
-0.11426237,0.40537274,0.123150334,-0.4483143,-0.13169055,-0.064386666,0.40772322,0.0066355467,-0.24817446,-0.1351799,-0.26982802,0.0712142,0.03497207,-0.23080713,-0.27582297,-0.29213256,5050
-0.0012367517,0.10821673,0.14180058,-0.5676639,0.04821772,-0.1161301,0.006553595,0.18257362,-0.53555524,-0.079928346,-0.30260205,0.077518374,0.12306318,-0.080695026,-0.23536257,0.05430846,7822
0.038397677,0.2815494,-0.13145895,-0.8134405,0.17605448,0.060707364,-0.016007114,-0.03904453,-0.662119,0.19773388,-0.40513045,0.07809989,0.03928438,-0.050413884,0.041944236,-0.12734498,6887
-0.14425941,0.6367724,-0.21656522,-0.38604054,-0.0015987158,0.0025760196,0.19174263,0.90034413,-0.3461942,-0.5876937,0.47904068,-0.37236258,-0.04639037,-0.39653337,0.17007416,-0.44142494,3430
0.31167454,0.10676556,-0.010612166,-0.72986245,0.12764375,-0.38685384,-0.02779661,0.22583398,-0.53385407,-0.48692095,-0.119045004,0.003993228,0.44188967,-0.09104571,0.14277396,-0.37261176,4492
0.17495164,-0.048076376,0.38145736,-0.37580353,-0.07145174,-0.28533876,0.14051403,0.3121182,-0.2502822,-0.6215078,-0.030404795,0.075005725,0.12602563,-0.2679338,-0.10439341,-0.11280839,9655
-0.010180637,0.302589,0.1504313,-0.38207638,0.09098782,-0.2881888,0.12275974,0.04959601,-0.22722225,-0.23216683,-0.086177714,-0.027211778,0.22053967,-0.30872837,-0.16676995,0.047288954,3048
0.1203222,0.5178574,-0.27123722,-0.62141293,0.122953035,0.12796152,0.096557766,0.07145659,-0.5700395,0.0815514,-0.21234536,-0.079893775,0.024037272,-0.002080284,-0.003453821,-0.37122804,1659
-0.051125005,0.18609148,0.10135012,-0.34389517,-0.052159548,0.0045165196,0.25929317,0.40721494,-0.42074096,-0.24451557,0.1222519,-0.18355125,0.46935266,-0.2653743,-0.4340942,-0.117932394,5792
-0.16701964,-0.1421333,0.13432778,-0.20755962,-0.19563451,-0.068756975,0.18226224,0.22473621,-0.55726135,-0.38602895,0.2000633,0.12512156,0.33526003,-0.09211094,-0.030008763,0.35116315,9905
0.011669233,0.06179278,-0.091933504,-0.048470303,0.24774519,0.015951619,0.22609363,0.45955092,-0.44406426,-0.2781816,0.13751753,-0.04004325,0.41323912,-0.15528718,-0.12886058,0.045565724,9697
-0.19276649,-0.014002476,0.048067562,-0.82445705,0.16890524,-0.14455283,-0.02840092,0.054118812,-0.8205221,0.057827875,-0.44899613,0.35426652,0.2087748,0.10949374,-0.016189784,0.029423326,4081
-0.06896875,0.15670791,0.4024832,-0.32898995,-0.16478309,-0.069126464,0.30462292,0.4709276,-0.3160995,-0.4891354,-0.12371947,0.032831818,-0.13954873,-0.092354946,0.1332547,-0.29949456,7729
-0.0679522,0.097183675,-0.3892006,0.23673144,0.0056772605,0.25345337,0.41430685,0.85289806,-0.118417844,-0.6110089,0.34099302,-0.6040795,0.5054204,-0.76174015,-0.35554212,-0.1593401,7562
0.04804775,-0.24099958,0.053507946,-0.14609972,0.051866338,-0.041139156,-0.08671777,0.51810205,-0.14972267,-0.2849475,-0.10172896,-0.29621673,0.60146827,-0.29837582,-0.25018787,0.24274558,3952
-0.1661874,0.14685291,0.2494009,-0.39062265,-0.053621292,0.07723052,0.27714455,0.5235657,-0.4489606,-0.45654732,0.21449663,0.3642925,0.34549597,0.086896,0.15069294,0.13817598,7486
0.09017012,0.23107077,-0.0616618,-0.25052404,0.28211853,-0.04476618,0.3215277,0.38627446,-0.3733479,-0.4448414,0.08469219,-0.06547204,0.38421926,-0.08876263,-0.20208704,-0.0031523407,2275
0.22119991,0.30583695,0.016449012,-0.3400849,0.15833749,0.25939354,0.32247266,0.36792904,-0.5149829,-0.49005422,0.05890227,-0.4587431,0.32048923,-0.40907925,-0.11762968,-0.39762157,2541
0.11889683,-0.030959599,0.14032555,-0.48539007,0.17569149,-0.13638589,0.1444462,0.2804348,-0.51122165,-0.22442555,-0.15511283,0.24343364,0.37325484,-0.005346723,-0.34706783,0.112130076,4745
-0.12247203,0.1382439,-0.17854227,-0.43771765,0.14876112,0.16554129,0.13742,0.30212462,-0.7435779,-0.063888215,-0.1292177,0.12488039,0.36809337,-0.032897376,-0.081587166,-0.020522743,8882
0.12187619,0.09412939,0.08122154,-0.5794349,-0.04702279,-0.20572224,0.089301854,0.30565974,-0.40579385,-0.36237764,-0.042587228,0.09119013,0.12422751,-0.031863756,-0.048538014,-0.30848867,1369
0.26669124,0.3944564,0.1119151,-0.35601708,0.22398403,-0.12142755,0.23308958,0.11428624,-0.36860752,-0.37434283,-0.2127964,-0.095654085,0.17336889,-0.15320526,-0.15090184,-0.12323283,3922
-0.090964675,0.04132869,-0.21525219,0.25317937,0.2618649,0.11651245,0.33027223,0.81589174,0.09643249,-0.52582175,0.36639747,-0.42896163,0.6721649,-0.56054837,-0.41018933,-0.11000016,7283
-0.047435418,0.23254417,-0.31699437,0.1408197,0.24973536,0.18844023,0.43645778,0.5209065,0.10525541,-0.6127784,0.34861875,-0.22258115,0.32838526,-0.49726093,-0.052215815,-0.17868194,9674
-0.0268009,-0.04400195,0.25508067,-0.4932693,-0.12829474,0.19402492,0.11084585,0.5764954,-0.972332,-0.21393563,-0.26068047,0.030744925,0.1612477,0.027500585,-0.31169158,0.041294917,5687
0.020313427,0.030800447,0.026000958,-0.2037851,0.26035014,0.0052760877,0.11593944,0.48084316,-0.39746356,-0.27189934,0.16733757,0.27018553,0.468485,0.036986127,-0.35048932,0.016505465,9458
0.10088448,0.16013804,-0.047452316,-0.46759957,0.03388112,0.0017322972,0.1454725,0.21118847,-0.3688984,-0.24485245,-0.1338004,-0.09780103,0.23716334,-0.11492784,-0.26854596,-0.0013759881,9398
-0.034128875,0.27489418,0.0025540409,-0.4505781,0.051735837,0.43008965,0.2479798,0.44750288,-0.4500585,-0.2703057,-0.028558187,-0.18628731,0.22660646,-0.08097411,-0.3370571,-0.45833963,9131
-0.23332655,0.2338727,0.32970724,-0.57084787,-0.20276713,-0.09897292,0.30835208,0.44432262,-0.552392,-0.22957055,-0.20685901,0.48133272,0.029235303,0.018234894,-0.17242998,-0.14910895,7490
0.2585248,0.06643298,-0.1457242,-0.06333482,0.32572776,-0.038143486,0.3188522,0.61034757,-0.42427403,-0.56621414,0.1862703,-0.09817691,0.43985236,-0.17367429,-0.14173843,0.011350393,1047
-0.13422719,0.09233335,-0.13428892,0.051926464,-0.10666945,-0.05717175,0.41120574,0.73948175,-0.018809065,-0.7283256,0.37029144,-0.28641215,0.44788066,-0.56787175,-0.441367,-0.30834457,8419
-0.026361689,-0.5915073,0.4085734,-0.13696705,0.6052585,0.19281253,0.8243668,1.0793968,-0.5534548,-0.9268641,0.34899613,0.39288944,0.5482733,0.1734778,-0.8381903,-0.02549997,4634
0.19404036,0.19916803,0.065345705,-0.31262824,-0.08123534,-0.14498428,0.13222753,0.36365312,-0.22659692,-0.32997483,0.04212663,-0.09046678,0.11128044,-0.114888825,-0.1311211,-0.109796405,6873
-0.01658988,0.047498062,0.034027826,-0.5186103,0.14552672,0.030197933,0.07176435,0.33974287,-0.4928403,-0.13716154,-0.11360094,0.04437384,0.4667896,-0.09113386,-0.3191106,0.095202506,5451
-0.03715937,0.036051467,0.071327955,-0.3415384,0.036620468,0.039515957,0.07918181,0.49224165,-0.2884198,-0.2746639,0.124261074,-0.085556686,0.28996396,-0.14176655,-0.16751067,0.13915256,7937
-0.11036798,0.23689954,0.07746473,-0.705316,0.080983445,-0.05773192,0.0023924212,0.024967741,-0.52810365,-0.09031682,-0.34665075,0.012458272,0.29791462,-0.12538469,-0.050574124,0.027223982,1549
0.040883116,0.36318687,-0.032484144,-0.38303435,0.34963483,-0.4485629,0.012588516,-0.120204866,-0.35875508,-0.26205945,-0.31671736,0.28656003,-0.00086708367,-0.3602993,0.14415741,-0.06548503,8183
0.1233218,0.22999762,0.25584054,-0.5471787,-0.2032254,-0.007319387,0.1595029,0.22507879,-0.2236357,-0.23653273,-0.1410195,-0.13379219,0.15527806,-0.1263049,-0.2121533,-0.21270671,3370
0.15349883,0.30440223,-0.111534886,-0.3172013,0.21253636,-0.13760614,0.115313046,0.27601957,-0.39463323,-0.20641813,0.03781719,0.10125366,0.16691649,-0.010158271,-0.12670791,0.040397927,9034
-0.1901034,0.28661722,0.082684204,-0.7545772,-0.14132926,-0.13150156,0.12136812,0.011026546,-0.7255368,-0.1187558,-0.40315613,0.24894975,-0.15563703,-0.0068996847,0.12607802,-0.18623787,9177
-0.29530507,-0.15747094,0.17311881,-0.18609859,0.084625565,-0.08283011,0.28089783,0.6382634,-0.32677868,-0.65399647,0.15031092,-0.09823477,0.4782598,-0.26855028,-0.11946595,-0.40003252,4953
-0.06097518,-0.010018632,0.15000343,-0.64269876,0.023630723,-0.3014855,0.10218522,0.043435946,-0.5982152,-0.16168831,-0.270182,0.07642421,0.03931637,-0.10376868,-0.1893912,0.18960628,9801
0.017559975,0.42413732,-0.15284869,-0.0827519,0.32879782,0.13188937,0.42872706,0.2961913,-0.4001475,-0.4689397,-0.048038065,0.19002485,0.14300534,-0.05214856,0.10762952,-0.36258328,4244
0.22252893,0.18175489,-0.105174996,-0.00040601194,-0.12996504,0.039410762,0.37794665,0.629877,-0.24878289,-0.3219883,0.38044348,-0.08391334,0.39849037,-0.37586504,-0.12712234,0.04331687,7075
0.053763747,0.1301762,-0.052797396,-0.4432063,0.04765123,-0.047039747,0.07806325,0.30761683,-0.2637949,-0.22294377,-0.022237316,0.0068822955,0.10163556,-0.09423135,-0.3354572,0.07828458,6487
0.11224887,0.065300375,0.37116653,-0.4175768,-0.008862913,0.39060038,0.52145123,0.58973074,-0.61438906,-0.38394117,0.16105776,0.4264486,0.18701549,0.1396523,-0.24986494,0.065715976,4641
-0.20811325,-0.42792973,-0.0335755,-0.09909147,0.31363124,0.29141048,-0.003621921,0.62282324,-0.2781717,-0.6526354,0.087168366,-0.24355334,0.9546453,-0.32872447,0.1545819,0.09967557,7545
-0.083514646,0.00496478,-0.03902547,-0.063334435,0.3109004,0.3623653,0.43094662,0.7462035,-0.32489774,-0.47096917,0.17877066,-0.42404747,0.5940521,-0.5902761,-0.40112644,-0.2407802,9786
0.12210058,0.03911287,0.26495337,-0.4997499,-0.21699128,-0.15200686,0.016293336,0.44337213,-0.47276604,-0.38590005,-0.104376376,-0.18674523,0.20911828,-0.10124301,-0.25928232,-0.16105925,4315
-0.04046616,0.23408306,-0.10250741,-0.6767066,-0.08880002,-0.20285569,0.0022238577,-0.05818046,-0.46730113,-0.26564464,0.0056596585,-0.10149766,0.120874986,-0.12849991,0.16022485,-0.32652628,4061
-0.1199444,0.39873114,0.025891326,-0.4526447,-0.04401198,0.117631145,0.3995155,0.025410295,-0.3914276,-0.20971544,-0.26805288,0.06747872,0.27295572,-0.0084814355,-0.16161011,-0.3409598,6846
0.08693979,0.30047297,0.0100140255,-0.45992893,-0.049243122,-0.008087736,-0.006070651,0.17055294,-0.48021436,-0.2289393,-0.04127754,-0.31287944,0.2122491,-0.15855536,-0.08912802,0.00031222403,7917
0.24103962,0.21828786,0.050605245,-0.29824978,0.10648266,0.22396806,0.2262938,0.6111462,-0.13366054,-0.45075995,0.025024861,-0.28357154,0.2566511,-0.48681954,-0.07063021,-0.0122653395,6986
-0.3364007,-0.045496345,-0.006216958,-0.11417696,0.1372076,0.14208734,0.49255762,0.6983619,-0.41380093,-0.3181178,0.40528974,0.3163197,0.20563534,-0.09429051,-0.20059821,-0.28030878,6063
0.2718904,0.08150354,-0.0491298,0.020435363,0.119582385,0.5198973,0.4745559,1.3927879,-0.32151264,-0.9650694,0.25463414,-0.13873838,0.3519264,-0.7578884,-0.05512178,0.21793509,3275
-0.12858778,0.36054394,0.006232461,-0.23771499,0.26756614,0.004931893,0.3029195,0.3345874,-0.38298544,-0.33978653,-0.032365307,0.39454982,0.08659229,0.025793895,0.10484859,-0.09149936,1005
-0.0371183,0.5907568,0.19353838,-0.22217089,0.106878854,-0.22773577,0.47291493,0.3722948,-0.18934576,-0.38533676,-0.06339601,0.31718266,-0.4184459,-0.06863633,0.004406959,-0.4948882,6595
-0.123381674,0.083749905,0.10664915,-0.6473185,-0.18374003,-0.2734002,0.26000798,0.104251154,-0.38319525,-0.5151944,-0.12334643,0.1741406,0.014380366,-0.10005182,0.14799795,-0.40430602,3150
-0.07804735,0.3413897,-0.056412272,-0.53645444,0.10000253,0.08124702,0.078053586,0.078191794,-0.3737872,-0.30594903,0.14193729,-0.2040231,0.16321465,-0.090203844,0.15410736,-0.15403402,2225
-0.1616747,-0.20682943,-0.1871645,0.17888358,0.46852118,0.17441615,0.2757608,0.564874,0.122406885,-0.6323088,0.26022068,-0.19764918,0.6586564,-0.2822489,-0.08556308,-0.07937655,5618
0.017507195,0.14760725,0.17496917,-0.16711605,0.11028446,0.28086188,0.29622418,0.6756962,0.02058065,-0.81313556,0.2081167,-0.2106118,0.5639937,-0.39941314,0.04527706,-0.0051829666,9758
0.1371046,-0.010003015,-0.19007061,-0.14084254,0.3696116,-0.04916187,0.1578522,0.4968399,-0.0133885,-0.14009853,0.14554949,-0.24145445,0.51999664,-0.34350145,-0.21297167,-0.014362112,8040
-0.18178804,0.050091416,0.092527494,-0.20369393,0.22749668,0.08538891,0.32803807,0.5191271,-0.22440422,-0.40175253,0.21788791,0.06252964,0.54393196,-0.13573472,-0.30689025,-0.04945162,4839
-0.12373857,0.23752844,0.09384517,-0.5090017,-0.18650496,-0.112717256,0.26299664,0.009713024,-0.56331503,-0.17787896,-0.19755451,-0.017591916,-0.0036647022,-0.3039205,-0.20878932,-0.14877586,4917
-0.12235133,-0.22319642,0.039648827,-0.21529885,0.09421079,0.16455756,0.249028,0.5917672,-0.39440408,-0.21385826,0.093305066,0.027241427,0.275823,-0.09437405,-0.25710315,-0.032125294,8822
0.14009696,0.32076755,0.002200842,-0.57007205,-0.023623794,0.15142518,0.10389694,0.40996045,-0.31688812,-0.12373302,-0.1501394,-0.28910863,0.04424663,-0.10888255,-0.10082318,-0.1735182,2845
-0.06855178,0.04109498,0.37019593,-0.37930024,-0.38891047,-0.54834306,-0.07199599,0.46439248,-0.2537123,-0.67535543,-0.009380706,-0.2950037,0.2613764,-0.27408284,-0.30683702,-0.41395918,4753
-0.104990244,0.55852413,-0.2690711,-0.4012122,0.2681015,0.081385955,0.3052112,0.13637581,-0.57866216,-0.06550539,-0.35662004,0.3788287,0.04853922,-0.08436469,0.058527112,-0.22692399,6669
0.019950166,0.15129015,0.22214493,-0.21691608,0.23250842,-0.19915834,0.2105525,0.29414496,-0.23156358,-0.56295794,0.08662867,0.30358633,0.21247527,-0.11387536,0.09218599,0.0786919,1435
0.16603419,0.019820223,-0.11009131,-0.36659166,0.18440202,-0.13812204,0.12928466,0.28072298,-0.25461465,-0.1283488,-0.021811783,-0.11949048,0.31712353,-0.11614249,-0.27163348,0.11934656,7123
0.10574483,0.03630682,-0.30161604,-0.17142789,-0.13862891,0.050081767,0.15171905,0.3458053,-0.05372794,-0.2685915,0.21876854,-0.45468962,0.40514177,-0.3614014,-0.14523941,-0.086323604,2344
0.15109539,0.29924822,0.061073914,-0.5178954,0.016214862,-0.22952154,0.08391732,0.06920393,-0.39319775,-0.2851787,-0.12232981,-0.08267611,0.12181662,-0.10089371,-0.057165697,-0.13585007,5910
0.12154603,0.036569282,0.079262316,-0.25607246,0.5292735,-0.04287669,0.22337942,0.20025638,-0.26620257,-0.16986963,-0.14923084,0.33396193,0.11346315,-0.1879116,0.24113241,0.04342462,9508
0.038089693,0.08095689,-0.08314978,-0.23599364,0.094832405,0.049007576,0.24588226,0.6053837,-0.19467852,-0.40449485,0.14388561,-0.1256006,0.23856325,-0.18876769,-0.2627174,-0.21723054,5470
0.127006,0.28023356,-0.12068024,-0.32618034,0.23262152,0.09048575,0.031152058,0.35250962,-0.42696136,-0.23411359,0.155687,-0.08530918,0.29332995,-0.11965301,-0.0879333,-0.14202675,6007
0.17544007,0.07253545,-0.0020787492,-0.15134247,0.41276866,-0.20696852,0.19781663,0.3212189,-0.1865172,-0.44851065,0.024249569,-0.054981485,0.5255029,-0.14379464,-0.17165574,0.12431864,9771
0.09752564,0.85358566,0.11172445,-0.06463373,-0.13087061,-0.109914914,0.4137997,0.31944454,-0.16984624,-0.29087573,0.17811657,-0.6965555,0.18070775,-0.9009078,-0.2530452,0.084044755,7464
0.27433473,0.42696115,-0.03140959,-0.5814874,-0.13406372,-0.095455244,0.063343816,0.022747189,-0.38546053,-0.16751678,-0.22196853,-0.5199851,0.13076155,-0.21801007,-0.004795015,-0.30458724,5937
0.1868923,-0.2001918,0.05106403,-0.35625964,0.04566185,0.106393754,0.2764164,0.66570354,-0.5917749,-0.28185812,-0.17720428,-0.44802636,0.59481126,-0.36903954,-0.37691438,0.10414667,8237
0.10499362,0.22427975,0.13322914,-0.4732636,-0.020500243,-0.28839332,0.11857446,-0.15370385,-0.32865036,-0.47299066,-0.037077166,-0.1034467,0.07666595,-0.21366438,-0.03280437,-0.13033205,2343
0.16133256,-0.123400316,0.49955314,-0.15328126,-0.0072831884,-0.17601326,0.24310161,0.58237374,-0.1210387,-0.8203783,0.1884329,0.047846556,0.36526942,-0.19165893,-0.06094098,-0.14487019,8182
-0.08830892,0.23899965,0.19264495,-0.32497114,0.095801845,0.20535986,0.11140286,0.68619883,-0.2838419,-0.4893536,-0.02690138,-0.2292367,0.58746505,-0.44825357,-0.022573888,0.23251137,7282
0.06718819,-0.35828692,-0.030095784,-0.28415447,0.4484765,-0.24892479,0.08868554,0.3168498,-0.30076048,-0.37261468,-0.18823092,0.12790596,0.52697676,-0.14588767,0.19235791,0.18061389,6018
-0.051998124,-0.06490888,0.11560748,-0.51085246,0.15048875,0.07653178,0.026719166,0.40962029,-0.7944642,-0.02348642,-0.095295355,-0.12799935,0.4315502,-0.08842708,-0.3615941,0.08753836,4281
0.2587245,0.23822536,0.26411662,-0.75068414,-0.03871633,0.09949967,-0.006010988,0.34688723,-0.5451395,-0.3711784,-0.19260404,-0.003841713,0.26021615,-0.0058150366,-0.111521274,0.11259121,2603
-0.24726969,0.16710876,0.18880758,-0.21964876,-0.006654948,0.21762699,0.4059448,0.45900983,-0.20926864,-0.44215742,0.16833459,-0.26897296,0.6682246,-0.36374748,-0.38748273,-0.13456342,6509
-0.17454043,0.1744705,-0.126565,-0.40158784,0.2204658,0.23240323,0.068781294,0.8039054,-0.78900146,-0.07240596,0.039670326,-0.29029804,0.17878066,-0.38458046,-0.27033615,-0.52667934,2942
-0.033750266,0.020684838,0.11348493,-0.1557929,0.21772778,0.05091222,0.46367896,0.6353761,-0.3397395,-0.4531955,0.27448642,-0.05852826,0.74659693,-0.22346947,-0.46685907,0.07965517,1371
-0.083489306,-0.09861562,0.049857005,-0.24479327,0.12103473,0.17098026,0.00085043244,0.45332956,-0.3722691,-0.081152834,0.07379233,-0.4329393,0.5003092,-0.4405802,-0.101575285,-0.123821005,2443
-0.035973385,0.14171061,0.13902994,-0.4124584,-0.13211644,-0.10988404,0.17957233,0.32497057,-0.49564022,-0.16805767,-0.10415287,0.02088736,0.22146973,-0.15995479,-0.36979958,0.01852113,3080
0.044821374,0.05161275,-0.19367938,0.060946733,0.016355142,0.20719568,0.32200924,0.70855474,-0.38232592,-0.30924022,0.10805628,-0.40775493,0.12841804,-0.5868545,-0.40761983,-0.0767636,8214
0.11906787,0.099860474,-0.039799593,-0.561411,0.074857004,0.057286322,0.013224203,0.09067514,-0.43907332,-0.46718496,0.05704946,-0.11932018,0.373894,-0.22488771,0.22598499,-0.3419323,1639
-0.16272312,0.008600533,0.280715,-0.04688552,0.64011234,0.22190025,0.18682162,0.83491373,-0.284577,-0.5691881,0.045291856,0.02141817,0.7725868,-0.17468327,0.08867812,0.17167002,2507
-0.14910011,-0.1599806,-0.09701673,0.19206813,0.7722385,0.42440405,0.66710174,0.5022552,-0.14330937,-0.7143489,0.3867181,-0.2013275,0.92391706,-0.4398858,-0.27576584,-0.022197396,8852
-0.1287934,0.1177478,-0.064059936,-0.3106269,0.27831,0.32357246,0.17360485,0.4836498,-0.58328515,-0.17003807,0.08037925,-0.19679761,0.5076518,-0.33061695,-0.2480034,-0.0012709051,8140
0.11762478,0.032344464,-0.19760361,-0.5424515,0.5403913,0.02265608,0.042867977,0.10924061,-0.5528997,0.106952384,-0.18478169,0.27643913,0.32435274,0.090531185,0.05284396,0.17182273,5056
0.16679744,0.24832597,0.062066473,-0.6199169,0.016705297,0.012655953,0.089273855,0.1926029,-0.25560036,-0.35338587,-0.18396856,-0.0825573,0.12036916,-0.1141244,0.09340733,-0.2237412,7679
0.29336983,0.093306676,0.7578189,-0.35235354,0.024315946,0.16451883,0.19204031,0.77485436,-0.47939277,-0.9307189,0.19604594,0.21846938,0.25282487,-0.21517582,0.21884671,0.20526446,2261
0.020692766,0.003594704,0.03842853,-0.25407046,0.25222754,0.16285974,0.295,0.45269802,-0.474114,-0.24109805,0.15684688,-0.04350344,0.48914105,-0.24126902,-0.36897337,-0.07856855,9525
-0.0022265688,0.21687903,0.036595125,-0.5061441,0.0931088,-0.14688152,0.14538833,0.2056509,-0.4693319,-0.18681213,-0.33785436,0.027798831,0.18306412,-0.16761546,-0.07399753,-0.039530486,4050
0.13217655,0.1622593,-0.50609964,0.52980626,0.3070728,0.6972031,0.8623091,1.3495256,-0.10521739,-0.954716,0.4706384,-0.25535512,0.28370863,-0.9173235,-0.08556923,-0.38789576,7966
-0.078874886,0.23850918,-0.077837095,-0.67255616,-0.060192898,-0.021823036,0.073710024,-0.07079105,-0.57310575,0.032322377,-0.28634703,0.046845607,-0.03303349,-0.06548865,-0.10662308,-0.09681481,8802
0.17897207,0.056666113,0.19273892,-0.4611027,-0.27533972,-0.331389,0.040848684,0.2870256,-0.27129805,-0.5046604,0.07465852,0.00641506,0.13950782,-0.1194758,-0.06771648,-0.28494644,6638
-0.15084442,0.026939988,0.15578902,-0.17195602,-0.14940473,0.21145858,0.2761208,0.7186845,-0.24087214,-0.6250483,0.27703997,-0.10931787,0.73541844,-0.22449006,-0.14162116,0.07024668,2741
0.2661904,0.23019886,0.46822488,-0.39814514,-0.16771987,-0.08916886,0.1347999,0.42183656,-0.27169544,-0.5071085,0.08385585,0.030546479,0.14608078,-0.24703875,-0.017799944,-0.051851436,7506
0.06789428,0.15052141,0.41641524,-0.2797749,-0.09150995,-0.17032647,0.23885313,0.35040992,-0.34148416,-0.50758344,0.07796338,0.07446219,0.34862548,-0.13215591,-0.31602782,-0.11296405,7643
0.19130719,-0.027055204,0.078406505,-0.37205675,0.11510306,-0.24023943,0.10866246,0.3555234,-0.40405917,-0.41535032,-0.039356027,0.042684503,0.47271353,-0.056477454,-0.13461822,0.19083175,8246
0.14955896,0.17654604,-0.27696672,-0.22999017,0.19430065,0.2358492,0.21204604,0.6499338,-0.3755796,-0.09205153,0.19446045,-0.52474993,0.1534042,-0.4627598,-0.1654902,-0.30603993,4223
0.07791424,0.07155397,-0.07310586,-0.27711105,0.1577281,0.108166784,0.117233545,0.5553809,-0.5514773,-0.12782131,0.117797256,-0.22478183,0.40588704,-0.30732065,-0.31722334,0.022256076,1033
-0.05498098,-0.05737018,-0.107567504,0.08359009,0.23056969,0.47200668,0.30899704,0.7124696,-0.046133712,-0.77883226,0.2712495,-0.47267532,0.6411103,-0.60847,-0.024242222,-0.097311825,7382
-0.250988,-0.35423446,0.16057444,-0.19914794,0.12693043,-0.09451352,0.16018923,0.6476233,-0.5035586,-0.22814016,-0.021851003,0.477697,0.7069274,0.113902085,-0.47004935,-0.026716128,9617
0.078053966,-0.1839278,0.0039729364,-0.36877063,-0.0076844543,0.0036403537,0.26972026,0.37833574,-0.2366279,-0.54234993,-0.17578107,-0.06765544,0.6112718,-0.09318507,-0.11917034,0.09024625,3910
-0.11874767,0.23234025,0.17283234,-0.57507104,0.24697196,0.23328634,-0.030094367,0.70361435,-0.23861977,-0.22368294,-0.08231382,-0.30328256,0.30593592,-0.24746613,0.111872196,-0.41441002,9661
-0.018629462,0.19451424,0.03501416,-0.11142945,0.07860365,-0.09526725,0.39451364,0.47339106,-0.17679563,-0.51905704,0.2442939,-0.12996328,0.4449218,-0.27287376,-0.22536919,-0.12067017,7234
0.09254155,0.11752134,0.08067949,-0.33352524,-0.04560449,-0.26489234,0.12491812,-0.105581716,-0.43173635,-0.30327785,-0.0123787895,0.033643335,0.25502512,-0.098343745,-0.0865186,0.052517787,8622
-0.26982668,-0.057862915,0.14554916,-0.59423417,-0.0012345985,0.16281182,0.06506943,0.5454304,-0.8450792,-0.031919584,-0.16983075,0.15488757,0.4321481,0.050930355,-0.23900071,-0.05841364,2077
0.0789743,-0.01327391,0.12993357,-0.20981514,0.08308216,-0.02282511,0.12314349,0.42952532,-0.13154948,-0.47051698,0.01404966,-0.15578793,0.18729664,-0.33811784,0.07515159,-0.32401377,4063
-0.053119093,0.037032023,0.63552654,-0.20441006,0.08243052,0.04122856,0.438734,0.93410885,-0.48067427,-0.94994223,0.3352552,0.4717573,0.78410476,0.20869818,0.260045,0.107842445,2817
-0.06472522,0.46114752,-0.09549241,-0.41287726,0.19195078,0.16855727,-0.0031697154,0.6419371,-0.22764379,-0.15523157,-0.024835892,-0.6545173,0.37104827,-0.31135598,-0.15320234,-0.15639654,7968
0.015402257,0.11390148,0.010716135,-0.059698388,0.16333038,-0.18674843,0.18085495,0.48724395,0.06721859,-0.3452664,0.11471953,0.058791757,0.16760142,-0.3987862,0.033184603,-0.12794696,8126
0.19386414,0.24478921,0.23576894,-0.31165954,0.2593982,-0.23049888,0.18292628,0.3555621,-0.15177104,-0.42298263,-0.09732427,0.019451857,-0.05499549,-0.49237806,0.14071594,-0.0037917495,9778
0.12596445,0.23768696,0.14992675,-0.47417414,0.06535439,0.019584045,0.11520844,0.28099227,-0.46507415,-0.29190582,-0.12809098,0.014715597,0.170097,0.07950236,-0.083762586,-0.004496202,7576
0.13900372,0.07617465,0.26041162,-0.093426645,0.01871486,0.28008825,0.083777115,0.80722976,-0.23488341,-0.5715573,0.22385408,-0.058635473,0.43977445,-0.35819724,-0.039505064,0.28153467,1512
0.09823383,0.3302721,-0.1324093,-0.4321205,0.01437366,-0.022695519,0.14656834,0.26772436,-0.1892059,-0.13599244,0.01822032,-0.20261483,0.0069856644,-0.14159167,-0.07417281,-0.1853327,8796
0.04739079,0.0019793957,0.19645678,-0.42994973,0.03490153,-0.17762914,-0.0026667602,0.39687532,-0.24006788,-0.36488163,-0.1255668,0.043224595,0.39920115,-0.06498001,-0.2613777,0.20646547,5540
-0.20697862,-0.1435767,0.1963915,-0.09639026,0.12520035,-0.042272754,0.22107619,0.63227564,-0.33151743,-0.6717379,0.19946788,-0.09011404,0.7653403,-0.32059544,-0.5408883,-0.02830267,5717
0.17437121,0.2119242,-0.05873876,-0.07682909,0.65256673,-0.12705413,0.24546184,0.4693336,-0.36442977,-0.19336474,-0.028577227,0.2560655,0.34794742,-0.0841868,0.07571338,-0.032596588,9176
0.34668988,0.24179,0.28302953,-0.33931333,0.30916014,-0.2446028,0.16496354,0.0041481405,-0.3861844,-0.61254287,-0.22428484,-0.13556589,0.3920861,-0.31995893,-0.0026493669,0.05356455,8414
-0.3471371,0.30487376,-0.23143667,-0.536094,0.120707676,0.39409155,0.34540135,0.14763732,-0.5184902,-0.038384125,-0.2482781,0.312066,0.63736314,0.037777968,-0.13118127,-0.15474612,1399
0.06301559,0.03464157,-0.12023306,-0.5913621,0.09734163,0.24466527,0.3094356,0.07342877,-0.9867194,-0.20624089,-0.0030161738,0.14334077,0.030149138,-0.018347543,0.015452653,-0.1686618,7875
0.28703284,-0.054537997,0.23080458,-0.16492411,-0.037045464,-0.06369262,0.24919312,0.6555164,-0.17660315,-0.73524445,0.10525328,-0.1978566,0.29362097,-0.3931439,-0.11259135,-0.06332973,8971
0.02670765,0.13102786,0.049012415,-0.58999753,-0.04319463,-0.30987668,0.15870294,-0.02437435,-0.37910146,-0.29302746,-0.19841419,0.31953934,0.0885579,-0.043510497,0.008484304,-0.14301951,4821
0.018504083,0.24687186,-0.24277282,-0.04685791,-0.05057268,0.32565284,0.2070869,0.59759223,0.082377985,-0.5643233,0.08696318,-0.7512003,0.0780078,-0.9597486,0.005931616,-0.22849096,4990
0.19233355,0.038046896,0.12893799,-0.1666552,0.075323895,-0.10130116,0.24578786,0.5544666,-0.13645616,-0.53329676,0.053522512,-0.072461136,0.20184582,-0.25430375,-0.020914495,-0.24799564,8640
0.04455626,-0.1440747,0.51344985,-0.45202145,-0.13942727,-0.28923833,0.04876708,0.5531407,-0.42841035,-0.6315688,-0.08890091,0.2827873,0.13604428,-0.21076262,0.075416744,-0.35843885,2996
0.15110496,0.09497138,-0.005839739,-0.604401,0.15319535,-0.09354386,0.095573395,0.013945714,-0.6193634,-0.109058954,-0.43072867,0.3302892,0.10130599,0.062128484,-0.034025073,0.0006210059,2346
0.112883106,0.04720018,0.08453478,-0.37770224,-0.13261628,-0.13681695,0.07656832,0.1810228,-0.3792135,-0.22840029,0.1182611,0.08267385,0.1739827,-0.010906622,-0.16978247,0.021966457,2776
0.05316744,0.17352252,0.0022707507,-0.15717395,-0.032514602,0.34005994,0.34045178,0.8823582,-0.5957521,-0.19280636,0.00054979324,-0.2720837,0.16629177,-0.49253517,-0.55237174,-0.10169783,9025
0.11142018,-0.13058251,0.049038958,-0.3217795,0.11313908,-0.2546188,0.15229857,0.25440815,-0.13666296,-0.6219027,0.047557533,-0.09505141,0.40497467,-0.21881619,0.0046156943,-0.29555315,2893
0.06942342,0.38314477,-0.23241174,-0.42650932,0.053999186,-0.011339011,0.39329225,0.12633783,-0.13260196,-0.07468775,-0.28213707,-0.1988093,0.095591456,-0.12537894,-0.10924153,-0.2536697,3987
-0.0197756,0.078822486,0.07490642,-0.2963229,0.010654375,0.27552137,0.34912223,0.6695566,-0.44251716,-0.41610104,0.052538674,-0.06421597,0.46689153,-0.26732543,-0.20277928,0.039470255,9240
-0.24949916,0.047101155,-0.10671604,-0.007336974,0.28101563,0.099761605,0.19426514,0.552407,-0.43169147,-0.133244,0.19863358,0.28085905,0.28376573,-0.01898082,-0.10715374,-0.10294144,8594
0.30467626,0.08818156,-0.028242622,-0.67023957,0.068344176,-0.038801696,-0.03216335,0.33670878,-0.616804,-0.26581505,-0.052276514,-0.17024986,0.25491413,-0.086530395,0.077192396,-0.44588646,2139
0.16136776,0.10019878,-0.12988813,-0.42688483,0.1963687,-0.11113797,0.0399463,0.15434906,-0.3750467,0.041300982,-0.061630525,-0.0050340444,0.1886495,-0.018913686,-0.026182175,0.051800713,7440
0.0830835,0.22660938,-0.22565572,-0.2140735,0.02129431,0.08356272,0.15832104,0.6689329,-0.100875415,-0.33282465,0.213526,-0.35598317,0.21580464,-0.33341646,-0.118460104,-0.3535714,6541
-0.07786946,-0.115040734,0.31168455,-0.099941924,-0.0165511,-0.26298416,0.06697494,0.5595413,-0.053132407,-0.5478363,0.14315207,0.103382304,0.35935128,-0.13506263,-0.1875861,-0.14215223,5572
0.15493491,0.17578055,-0.040421277,-0.44012907,0.06434981,0.019469801,0.11768661,0.47771198,-0.29997206,-0.19281447,0.10213889,-0.15385047,0.22989614,-0.11418625,-0.33719608,-0.10949266,6746
-0.19648738,0.020267233,0.43268883,-0.15900928,-0.035082713,0.31878677,0.24858963,0.9992421,-0.3542776,-0.78618896,0.29680413,0.11732267,0.56233966,-0.1433106,-0.07225925,0.017888784,7149
-0.032353655,0.15074432,-0.083755955,-0.64678574,0.058111154,0.23034242,0.121320166,0.32194754,-0.7489666,-0.0843505,-0.1785766,-0.07790197,0.08483203,-0.12700984,-0.08004139,-0.45625192,1612
-0.0679598,0.09221954,-0.07305501,-0.2344234,0.09171179,0.2868484,0.103126146,0.5807858,-0.46669072,-0.23167107,-0.026979905,-0.2672041,0.33147258,-0.38300127,-0.21249664,-0.032625318,7216
0.024864852,0.49548158,0.1035009,-0.5635527,0.04365111,0.032352574,0.03820273,0.41378683,-0.44723517,-0.09704426,-0.3600105,-0.1416192,-0.032860205,-0.22307259,-0.09517172,-0.060734272,8131
0.012980446,0.22499013,-0.06636908,-0.57044756,0.046063393,0.018874303,0.14343625,0.018135056,-0.4757955,0.0046711564,-0.26041773,0.115092784,0.22843434,-0.05889181,-0.23637813,-0.09903161,9337
0.12660345,-0.15776467,0.31442466,-0.4688652,0.06196679,-0.49360138,-0.028150402,0.38203317,-0.37396038,-0.37966466,-0.4073512,-0.26175892,0.32698208,-0.13707691,-0.095827,0.18369713,5775
0.018465355,0.14557351,0.0047234856,-0.45424783,0.019774288,0.050285593,0.03707059,0.12554651,-0.25113934,-0.26065814,-0.16572939,-0.14598165,0.20275512,-0.042514607,-0.08960648,-0.06052777,8801
-0.011322841,0.22700734,-0.10957059,-0.32154462,0.25819236,0.0049784244,0.20930864,0.34480208,-0.2931276,-0.3716647,0.05335876,-0.07232525,0.21762282,-0.014975838,-0.14404443,-0.032835335,6718
-0.0023462474,0.2214269,-0.0056465203,-0.59170246,-0.0012733042,-0.057374015,0.16100918,0.104010925,-0.4369431,-0.20986232,-0.21416557,0.014580533,0.14496101,-0.02127388,-0.25685668,-0.088902384,2375
0.41496852,0.30202168,0.23265319,-0.658687,-0.22885212,-0.20938237,-0.115908295,0.105912715,-0.5023454,-0.48006773,-0.14340547,-0.21650651,-0.042447656,-0.08630378,0.030474365,-0.23502019,7615
-0.13475052,-0.076712996,0.0749359,-0.07404503,0.3470458,0.18968524,0.40518996,0.40299922,0.051385537,-0.64778554,0.24410647,-0.28336343,0.67767334,-0.3508357,-0.3117875,-0.062427133,5796
0.20897803,0.3216437,-0.14034094,-0.7778853,-0.06824614,-0.23051013,-0.0053518023,-0.2543158,-0.60047245,-0.26616487,-0.38314012,-0.023356622,0.066182256,-0.22223787,0.38608682,-0.619593,3813
0.17544796,-0.0702476,-0.18585879,-0.4229283,0.13286816,0.02314006,-0.12611699,0.079207405,-0.30574107,-0.13312434,-0.045398764,-0.1907887,0.40472504,-0.17096996,0.08911346,-0.08596445,7394
0.10485349,0.040064286,0.2172284,-0.28258967,-0.045041382,0.1106322,0.09655663,0.53675354,-0.20361051,-0.5064906,0.2814757,-0.053499296,0.38766196,-0.13547483,-0.22981639,0.19869426,9495
0.3571999,0.12538275,0.24250877,-0.3520633,-0.113787584,-0.21942031,0.014302538,0.35717237,-0.30107355,-0.3976254,0.018948048,-0.034175545,0.11552596,-0.11072438,-0.10187273,-0.2575627,3106
0.0061301813,-0.0813969,-0.31451747,0.08302632,0.12322934,0.21497399,0.55942893,0.47161278,0.010254502,-0.97188705,0.3029603,-0.7800674,0.7766348,-0.6524406,-0.27177,-0.3818261,6288
0.11408714,0.40252477,-0.06248726,-0.4362561,0.09838776,-0.07440464,0.16335142,-0.07794902,-0.26419067,-0.12997825,-0.0802746,-0.0016609952,-0.0434148,-0.12351374,0.010576248,-0.2647111,9464
-0.0068391263,0.34102947,0.17503943,-0.41126883,0.10915072,-0.0090400055,0.2901776,0.273956,-0.34239525,-0.4623953,0.003477858,0.1541083,0.2287791,-0.047568306,-0.0009356439,-0.06102091,2520
0.14483595,0.2869498,-0.0040677385,-0.12684706,0.1549004,0.2757402,0.2215792,0.7488899,-0.34366193,-0.45279735,0.029835317,-0.3414088,0.19360057,-0.5045364,-0.2478889,-0.15958697,1618
0.034252293,0.6502767,0.07151544,-0.7344678,0.07386903,-0.39565623,-0.08702076,-0.13397282,-0.49322337,-0.4498355,-0.11388754,-0.29552162,0.19368327,-0.3958121,0.22512534,-0.23671415,8728
-0.0056760907,0.49179232,0.08287209,-0.35586426,0.06460983,-0.34686413,0.21904178,0.03644462,-0.4856947,-0.33462277,-0.19501951,0.1546683,-0.13556114,-0.27531487,0.20934567,-0.48306918,4625
-0.41128922,0.072029725,-0.04427559,0.3158702,0.15519959,0.7558305,0.34476373,1.2714744,-0.3125159,-0.85321724,0.39618537,-0.4954772,0.7353887,-0.8817674,-0.11467925,-0.08399388,2612
-0.23048699,0.20960581,0.30759665,-0.4346751,0.117330834,-0.15446703,0.37709874,0.20471081,-0.4530691,-0.7220523,0.049296927,0.5142969,-0.011195809,-0.14232874,0.44158125,0.14034644,4911
0.088624224,0.57074726,-0.117284,-0.54284775,0.019917853,-0.067701064,0.19631296,0.03294258,-0.29914677,-0.27823234,-0.22539805,0.1520973,-0.07814886,-0.07151784,0.081229836,-0.24722268,6596
0.20921919,0.29865524,0.05308611,-0.029573083,0.030601636,0.512607,0.29633003,1.133338,-0.22610593,-0.72794884,0.11848436,-0.28003976,0.22445995,-0.53513086,0.29556346,0.17287791,4946
0.24377666,0.59271246,-0.0026680194,-0.9567501,-0.5336326,0.26659805,0.07355152,-0.07690391,-0.7545828,-0.059874624,-0.5783322,-0.36888897,-0.2128239,0.039383017,-0.065176144,-0.88987756,6485
-0.004989624,0.21217561,0.0927652,-0.6025077,-0.03920707,-0.010455977,0.3344218,0.16647616,-0.4377762,-0.19010285,-0.06854963,-0.028313726,0.11409229,-0.13093178,-0.34191352,-0.12163116,9144
0.22990416,-0.16281141,0.6946863,-0.31241107,-0.101133004,0.1675521,0.23180377,0.49230403,-0.4168787,-1.080694,-0.08062744,-0.58628273,0.53004754,-0.36296278,0.21045192,-0.09330836,2684
0.043323163,0.03213042,0.35561696,-0.09420581,-0.036580026,-0.06635636,-0.020481013,0.4440199,-0.2657982,-0.5785612,0.11810586,0.025261104,0.3886635,-0.32745945,-0.11759426,0.0662829,4191
-0.026605159,0.19004886,-0.12495095,-0.19037025,-0.001489833,0.09119125,0.48658872,0.26168275,-0.17523472,-0.37922764,0.05915062,-0.04589627,0.16247642,-0.057101008,-0.20920348,-0.18184462,4767
0.0023720413,0.28321064,0.20503314,-0.38730216,-0.058766976,0.5722434,0.29551125,0.7230786,-0.6903713,-0.5349325,-0.06158113,0.014729887,0.16506253,-0.18261188,-0.23275481,0.07429528,3224
0.01778014,0.24958482,0.03925015,-0.34824112,-0.004410073,0.10239605,0.08475705,0.40294477,-0.63646835,-0.3000736,-0.20080191,-0.19767122,-0.04689306,-0.25277084,-0.18021546,0.045473263,7459
0.21091856,0.13901807,-0.04264193,-0.46733457,0.039811455,0.04146618,0.15081313,0.48397517,-0.4056834,-0.16956404,0.10620044,-0.23974216,0.3341228,-0.04814556,-0.4365734,-0.08185774,2898
0.047227357,0.14700088,0.104939006,-0.46900654,0.0058457702,0.4674567,0.16600583,0.48749393,-0.36739767,-0.3127051,-0.20781745,-0.32334492,0.26973823,-0.29924378,0.029351592,-0.058483794,6281
0.049229525,0.3655643,-0.057743512,-0.4678454,0.22955146,-0.4194355,-0.1376844,-0.09903766,-0.43593615,-0.24438897,-0.23794144,-0.022608489,0.7140287,-0.17276597,0.009886086,-0.09415762,1341
-0.17500845,-0.07477804,0.029641703,-0.3824952,0.24121697,0.077870436,-0.10541932,0.5159277,-0.49249405,0.07352786,-0.037698366,0.1320548,0.7008953,-0.001439102,-0.20487219,0.17999834,3669
-0.07645908,-0.050065406,0.36334744,-0.1115157,0.038409635,0.26821238,-0.097615294,0.763622,-0.10235211,-0.5374437,0.10974941,-0.15482861,0.6079537,-0.25328222,0.07963839,0.064137764,6637
-0.31209543,-0.06423851,0.3930775,-0.8083646,-0.0876299,0.14040095,-0.0049179494,0.69272166,-1.1612899,-0.07255958,-0.28904513,0.15279403,0.42502627,0.25271067,-0.26727074,-0.12826042,8849
-0.2634393,0.029056793,0.20162961,-0.5777888,0.01974316,0.18214974,0.27718276,0.44386584,-0.5421418,-0.23308653,-0.29279187,-0.045941673,0.39172065,-0.13326246,-0.26312482,-0.042811975,8907
0.12955314,-0.083967194,0.33153966,-0.6527609,0.09273875,0.46933436,0.24099237,0.9119872,-0.82841325,-0.6847739,-0.24807519,-0.0027672052,0.2783213,0.28169075,-0.047380835,-0.0059821606,7627
0.14358751,0.30516765,0.054772936,-0.401214,-0.025173664,-0.18846276,0.11057307,0.13705236,-0.30987504,-0.35653374,0.023915691,-0.10453126,0.045737863,-0.24261524,0.090261504,-0.071906835,2912
-0.23824109,-0.45495465,-0.17577347,-0.07545501,0.47030932,0.14438763,0.11421819,0.63773656,0.23718977,-0.45046508,-0.0922524,-0.44261515,0.7163477,-0.69927245,0.2538552,-0.032360822,1405
0.15581274,0.24420905,-0.084017284,-0.2440153,-0.048952207,-0.10075571,0.3644321,0.20353962,-0.19509988,-0.43875656,0.043102976,-0.07198256,0.1887953,-0.13906527,-0.16086291,-0.040021554,7407
0.14636941,0.26679987,0.0011185147,-0.69840693,-0.17994374,0.030364156,0.0036542895,0.21873435,-0.7052128,-0.19931191,-0.45574972,-0.23389253,0.008260101,-0.07209999,-0.025739491,-0.43455082,6091
-0.041057333,0.038530268,-0.030752067,-0.15736933,-0.03295991,0.03558459,0.17182682,0.3824666,0.23728293,-0.54962915,0.15910219,-0.407214,0.35290712,-0.42735374,-0.1854457,-0.085196465,4637
0.031956308,-0.25310153,0.19173206,-0.4964701,0.18330476,-0.14271683,-0.09585132,0.40001556,-0.3393234,-0.561478,-0.20917898,0.11341901,0.49223834,0.051876657,0.1852366,0.34225324,1101
0.32935143,-0.17043,0.47192767,-0.40729055,-0.31624317,-0.13100238,0.00079953624,0.3961088,-0.23360953,-0.66733676,-0.08970717,-0.3606898,0.19490276,-0.37429762,-0.03227848,-0.22698374,9033
0.36746,0.27582943,0.19013278,-0.77910686,-0.33286065,0.052661695,0.10047574,-0.12566657,-0.48049608,-0.35533446,-0.40166637,-0.3186903,-0.0010786951,-0.12381674,-0.322652,-0.47638834,4006
0.23171505,0.3020429,-0.08695879,-0.3244159,0.058962002,-0.15058328,0.3046078,0.096195035,-0.261057,-0.2062417,0.064555965,-0.13778172,0.28290635,-0.21675701,-0.034809515,-0.19113407,6366
0.14629334,0.25629032,-0.17653419,-0.29294896,0.01836507,0.09569424,0.22827753,0.36628145,-0.13271257,-0.20439577,0.037465446,-0.30064076,0.10515159,-0.28239578,-0.19951601,-0.03210041,5252
-0.054324046,0.115465194,0.04691448,0.14614025,0.25748688,-0.027075835,0.49720976,0.5843211,-0.07581465,-0.87589574,0.37229326,-0.2774023,0.43128878,-0.43984732,-0.2515665,-0.32309774,9517
0.23612158,0.050000325,0.010512946,-0.30775952,0.23713928,-0.16844688,0.11160441,0.40500945,-0.35293415,-0.3536759,-0.018347628,-0.21016292,0.41953117,-0.33857387,-0.20403874,0.23132114,1885
-0.1329591,-0.10062158,0.4050653,-0.2951859,-0.10596165,-0.1757873,0.122825615,0.89228094,-0.35792133,-0.5522339,-0.13252342,0.20885336,0.1785388,-0.17897063,-0.3751215,0.0802639,8960
0.20723838,-0.29377314,0.03119027,-0.21593943,0.42019352,-0.22434968,0.1270327,0.16816142,-0.24328572,-0.5672711,-0.3298007,0.092838675,0.55172294,-0.11125711,-0.05087453,0.18758865,1143
-0.23399988,-0.61163867,-0.4429858,0.30326363,0.81730556,0.9303094,0.4599704,0.7678019,-0.6369014,-0.594724,0.1900865,-0.09701815,0.80846775,-0.18810308,0.6260294,-0.0765289,9659
0.023170829,0.16000658,-0.2036637,-0.0022588968,0.36147785,0.25994837,0.46268353,0.55321455,-0.0644399,-0.6154399,0.3037709,-0.29659873,0.77021384,-0.41934922,0.029852808,-0.072130814,9695
0.08089343,-0.2601592,-0.2732481,0.30814445,0.23875707,0.53366065,0.4440303,0.7864966,-0.46036917,-0.5572784,0.3235126,-0.25895834,0.75148183,-0.45450485,-0.25597465,-0.048727915,9367
-0.29738855,-0.0132546425,0.13940917,-0.60247993,0.029958397,0.44516253,0.1331271,0.74316955,-1.1219308,-0.11760586,-0.2605312,-0.091232926,0.31474385,-0.14040413,-0.30148405,-0.24040538,2531
0.009575628,0.0072239703,0.051919065,-0.3844962,-0.017999873,-0.22962183,0.10498192,0.05910869,-0.251736,-0.21249267,0.0815349,-0.011178084,0.17612542,-0.06187973,-0.07557993,0.023346707,4214
0.09506349,0.2708553,0.20532143,-0.39764413,0.007551484,-0.17772514,0.15495804,0.12138456,-0.24168298,-0.27014455,-0.14375676,-0.06992189,0.1391629,-0.25526375,-0.17715932,-0.05987069,3203
-0.03729102,0.39842206,0.18927923,-0.388667,0.079659514,-0.045397356,0.33443925,0.11306168,-0.11535272,-0.31957367,-0.18523782,0.12921819,0.18458256,-0.10026527,-0.074049875,-0.122926876,1145
0.15075696,-0.020568281,0.35005224,-0.37484667,-0.07110563,-0.022625864,0.043837182,0.5341547,-0.30594712,-0.36419904,0.10500779,0.0041297227,0.33498913,-0.14710492,0.06953575,0.23728423,6356
-0.05356781,0.049906462,0.10778502,-0.43664742,0.024226137,0.064077616,0.02248927,0.42509347,-0.5335528,-0.13809296,0.02331736,0.022941202,0.289836,0.018328138,-0.14899878,0.06757869,3994
-0.23285063,-0.21335676,0.1323916,-0.11551601,0.2875151,0.08189188,0.3448732,0.54899454,-0.14661703,-0.6424186,0.3214174,-0.24033521,0.87448746,-0.37133378,-0.5566414,-0.24941687,8657
0.053128332,0.41414726,-0.34497115,0.10371116,-0.13419938,0.085106924,0.35185152,0.5906321,-0.010189384,-0.5974365,0.4418631,-0.2236906,0.22201708,-0.749859,-0.16977033,-0.100142404,1169
-0.09167656,0.40095624,-0.01782393,-0.39682758,0.055925243,-0.24234498,0.34091768,-0.028356105,-0.26093763,-0.38091612,-0.17724732,0.12461923,-0.05581373,-0.11747101,0.11803222,-0.2981801,4970
0.16883156,0.14430581,-0.24394682,-0.3498899,0.4008354,0.009915359,0.09802838,0.058686174,-0.54674613,-0.06413853,-0.0031443462,0.24569061,0.4859223,-0.15438336,-0.21493483,0.22782728,6785
-0.015479982,0.30733204,-0.13208559,-0.65981907,-0.0676782,-0.22224925,0.205951,-0.18592708,-0.67456245,-0.34193382,-0.0009548366,-0.069373846,0.10157329,-0.037669174,0.0070017576,-0.07885219,6231
0.016472131,0.4677533,-0.12005638,-0.47541314,0.020654961,-0.14931011,0.17525189,-0.044065937,-0.2877635,-0.21162587,-0.04850644,-0.040950216,-0.035355,-0.028735891,0.014277458,-0.20607954,5621
0.24580017,0.19975448,-0.14127316,-0.4796611,0.4943905,-0.2833765,-0.040338606,-0.08323768,-0.5192294,-0.098320305,-0.25842452,0.16942707,0.37265235,-0.20682025,-0.014371753,0.17137167,9945
-0.11754857,0.15607595,0.28768167,-0.44252005,-0.09419945,0.17390317,0.23979901,0.6816865,-0.3805087,-0.47091544,0.0825114,0.19624774,0.43795747,0.02660029,-0.0743584,0.09089835,7530
-0.23125257,0.028371982,0.2668045,-0.4762865,0.11633989,0.29249611,0.21268624,0.71459407,-0.42716622,-0.39028633,-0.22317237,-0.28231388,0.45502186,-0.35805577,-0.38906628,0.06741309,2065
0.13173339,-0.0097064525,0.13629621,-0.49724603,0.07237365,-0.08621376,0.10516924,0.46733713,-0.46680385,-0.17289394,-0.21159336,-0.18797196,0.24220833,-0.16420984,-0.4367491,0.06967531,2796
0.029082775,-0.0898121,0.046232563,-0.48203442,0.19144,-0.06305591,0.24732766,0.22990061,-0.5842358,-0.19266486,-0.10889959,0.18464574,0.31994408,0.1046856,-0.20216155,0.049693465,2986
-0.06756094,-0.082884505,0.06216348,-0.20026064,0.0018892027,-0.023487717,0.08086406,0.25419015,-0.37864706,-0.31049305,-0.14440851,-0.47922742,1.1163344,-0.37970296,-0.30135906,-0.026095167,6695
-0.024342537,0.14866404,0.3021232,-0.34065035,-0.03980583,-0.19324371,0.13736978,0.3533435,-0.3269165,-0.4753939,0.01728537,0.1285185,0.29441994,-0.13275534,-0.19696955,0.10582894,7843
-0.04016708,0.36402,-0.34131548,-0.5587163,0.25925174,0.014839377,0.34561363,-0.16789378,-0.4769259,0.025281817,-0.22825617,0.6417364,0.13457602,-0.090633236,-0.02456513,-0.25421664,3555
-0.09774296,0.02660758,0.054472633,-0.68840957,-0.103332326,-0.17277,0.097910106,-0.17136021,-0.6516561,-0.10386996,-0.1498396,-0.013868384,-0.041043133,-0.075794555,-0.01915437,0.05512283,4404
-0.12844431,-0.30182323,0.0633858,-0.105731934,0.3772157,0.052204728,0.14169025,0.81652755,-0.2803559,-0.5857498,0.06793161,0.04788561,0.6209156,-0.14718954,0.125979,0.054351225,8024
0.13417438,-0.044560537,0.27401397,-0.5072425,0.2246899,-0.081069514,0.011348221,0.4550188,-0.3991348,-0.4748276,-0.12241415,0.09851816,0.45754153,0.021355867,0.048544347,0.35694414,1739
0.023892388,-0.020448163,-0.023671558,-0.45213556,-0.105619684,-0.04797403,0.19943878,0.09275566,-0.52683014,-0.25114903,-0.12102195,-0.04811354,0.1922597,-0.05225661,-0.19814336,0.12530246,9253
0.12572345,-0.11505856,0.18572968,-0.23459189,-0.18396021,-0.07094586,0.21625808,0.6266122,-0.58063436,-0.3633505,-0.076938376,-0.001901716,0.33361277,-0.17485467,-0.44144762,0.14294201,3481
-0.20877516,-0.18578744,0.2092872,-0.17850518,0.13550192,0.27181178,-0.023985296,0.7032401,-0.3786468,-0.5781528,0.29501662,-0.08632069,0.96055317,-0.016702864,-0.02467373,0.16315845,8380
0.0010214597,0.18928982,-0.08132096,-0.14972904,-0.094461024,-0.10596222,0.03337442,0.52093697,-0.22687785,-0.43639743,0.025181627,-0.22538796,0.06513117,-0.35509512,-0.2712746,-0.033352166,6599
-0.18564028,0.027216263,-0.041881718,-0.15535052,0.16396576,-0.049958758,0.30201405,0.36062238,-0.17553082,-0.44018883,0.29677624,0.12618124,0.58674824,-0.09996988,-0.35948747,-0.084492475,4908
0.15218654,0.07097909,-0.10214716,-0.008726299,0.04994835,0.36542532,0.29544163,0.84633195,-0.040855363,-0.6418973,0.08972413,-0.45715654,0.25271535,-0.6160337,-0.20882459,-0.04221326,7925
-0.13173169,-0.03764818,0.5566269,-0.41187376,-0.14281625,0.029364571,0.28035763,0.6550775,-0.3547178,-0.54557294,-0.013683626,0.0971698,0.6515057,-0.057447895,-0.31382212,0.0027714223,5362
-0.048115075,0.07208374,-0.004457934,-0.15779798,0.3182072,0.11254437,0.09244332,0.69233114,-0.2748871,-0.26785594,0.23657353,-0.05499143,0.43095422,-0.22905457,-0.08275272,-0.29637456,7543
0.118305996,0.30968824,0.050271828,-0.26571462,0.2679029,-0.036836572,0.35542405,0.15912545,-0.45434397,-0.2147805,-0.17298386,0.513541,-0.022850737,-0.08424653,0.20139197,-0.25252795,6452
-0.03909254,0.4617161,-0.28799722,-0.83937,-0.05965729,-0.12648275,0.123175696,-0.24990395,-0.60078925,0.104541495,-0.19959721,0.13481289,-0.2371675,0.06269058,0.24016693,-0.32356846,6400
-0.019609861,-0.19362879,0.14502303,-0.4229254,0.03997409,0.21800153,0.120672114,0.6391357,-0.6358502,-0.3926211,-0.13773878,-0.089375794,0.57818437,-0.10523983,-0.030879706,0.28336766,2875
0.15346062,0.25489277,-0.06111841,-0.53612024,0.23047821,-0.053902186,0.15832332,0.3039857,-0.42086196,-0.27554518,-0.0120359585,0.07606595,0.3429948,-0.060838316,-0.18108678,-0.10047257,6564
0.08628609,0.16034183,-0.09797949,-0.13651162,-0.03557148,-0.08408042,0.30662143,0.6111908,0.025712356,-0.3539529,0.20062211,-0.09343623,0.15172502,-0.18029398,-0.19758934,-0.2358774,5636
-0.17159984,-0.014042884,0.08456611,-0.5060043,-0.176537,0.28293657,0.31053793,0.34028363,-0.5779411,-0.17224796,0.10889171,0.14901662,0.1642284,0.2650709,-0.3276548,-0.12639752,8648
0.17973247,0.2589277,-0.11887496,-0.3922548,0.016704977,-0.20575406,0.23786429,0.44193524,-0.2954713,-0.46406314,0.016516235,-0.07127413,0.050050423,-0.15384452,0.15748146,-0.42757094,5052
-0.2605473,-0.025428826,-0.08363863,-0.48798096,0.13649175,0.25082788,0.09197182,0.52941066,-0.95346236,0.1387581,0.03791244,0.21224912,0.41716886,0.059443723,-0.09211776,-0.18276162,8260
-0.012934953,0.11766725,-0.036985494,-0.038772076,0.18262269,0.2487281,0.27793244,0.69785064,-0.57126176,-0.22520015,-0.03560093,-0.25088698,0.15725093,-0.7878014,-0.15481979,0.02445139,2043
0.14344595,-0.08376054,-0.27110386,0.16759573,0.07684124,-0.03508053,0.41910902,0.6523526,0.053108558,-0.8052768,0.3448529,-0.15728171,0.4401062,-0.21546632,0.04357651,-0.15693632,9169
0.2508663,0.12670855,-0.0036185635,-0.3255062,-0.07641429,-0.13547589,0.15571268,0.40298954,-0.15082046,-0.3533768,0.070167765,-0.23662174,0.20720243,-0.143661,-0.13131732,-0.16388148,7026
-0.19438589,0.35899115,0.020541092,-0.57440406,-0.0878443,0.23849073,0.30680403,0.337762,-0.39430648,-0.10881236,-0.20130807,0.13683197,0.29873458,-0.0617849,-0.24062625,-0.3039788,8208
0.21604419,0.26913273,-0.13664821,-0.3847651,0.27911836,0.024587763,0.21936479,-0.06485163,-0.44484103,-0.04810697,-0.23414817,0.100258544,0.29418647,-0.120948076,-0.053164706,-0.05441037,3680
-0.24606298,-0.043789215,0.073915266,-0.24525128,0.23819691,0.32925552,0.33535317,0.7057377,-0.5442059,-0.27023247,0.16474165,0.07662909,0.54761326,-0.16400026,-0.2909907,-0.10522327,6284
0.095646255,0.19992454,-0.003725689,-0.3219065,0.03436391,0.06195067,0.16509019,0.51167834,-0.26952764,-0.15300757,0.07546316,-0.24362467,0.26025718,-0.42093068,-0.07029639,-0.032413885,4455
0.14837915,0.38784826,-0.05959815,-0.51944494,0.059199568,0.3414405,0.20421155,0.23740655,-0.6314254,-0.041228145,-0.23360851,-0.37504286,0.119872384,-0.31959176,-0.28660405,-0.55550814,2071
-0.07517381,0.02808956,0.07631567,-0.4988434,-0.13065387,-0.09981797,0.26797795,0.11476578,-0.5317092,-0.2654763,-0.012890261,0.09043567,0.23116335,-0.042734765,-0.15101689,0.09762882,4433
0.09216746,-0.28975552,0.51331234,-0.5315567,0.028331682,-0.12779926,0.33246973,0.6176701,-0.5394913,-0.678656,-0.14014918,0.3851666,0.28768304,-0.0299626,-0.2925294,0.48814103,7111
-0.15475763,0.30501717,-0.040243406,-0.6270115,-0.053768836,0.241815,0.26855114,0.28455856,-0.57013446,-0.0025960505,-0.241596,0.027082786,0.15797158,-0.095636286,-0.2736385,-0.37843257,7593
-0.090760216,0.04803482,0.13422398,-0.44357926,-0.034847103,0.06108585,0.06528446,0.54338175,-0.5848161,-0.25632948,-0.06520718,0.101959795,0.35276383,-0.07014492,-0.10132234,-0.0417113,5873
0.41259167,0.3517021,-0.05273533,-0.88719463,0.28323236,0.041325793,0.19952524,0.33138445,-0.69693494,-0.3107685,-0.1235791,0.08517702,0.03615509,-0.018411078,-0.3429229,-0.22338319,5452
0.015277341,0.061323345,-0.031200064,-0.51504344,0.030725434,0.05258425,0.18954328,0.14313889,-0.4027346,-0.27827623,-0.030500129,-0.09169422,0.1695489,-0.056316257,-0.097664505,0.06906301,1701
-0.13759515,0.16992126,0.07194211,-0.56153667,-0.120731175,0.009675838,0.31473228,0.3679176,-0.48254544,-0.25366983,-0.0017341822,0.32296455,0.093294114,0.19562773,-0.039452314,-0.34507465,1516
0.14743249,0.20127153,-0.23637457,-0.027802646,0.16902849,-0.039608642,0.34658447,0.51612973,-0.068185985,-0.5035333,0.25845003,-0.25016698,0.47211418,-0.3055441,-0.18189013,-0.08601789,5350
0.11801015,-0.02854558,-0.12809338,-0.18631357,-0.09941568,0.19930783,0.2632974,0.7432071,-0.50859416,-0.3446604,-0.07510762,-0.42926902,0.39833593,-0.4054371,-0.4938392,0.08695835,8972
-0.030777842,0.21573772,-0.0886947,-0.66353047,-0.12991211,-0.02108565,0.20525075,0.039436042,-0.78083324,-0.3819248,-0.28481388,-0.25523564,-0.38763052,-0.32077992,0.16898854,0.0041699708,9545
0.14698745,-0.13253373,0.02105382,-0.06705582,0.20693447,-0.018889759,0.5563628,0.6861427,-0.3522373,-0.58194244,0.19247252,-0.063994974,0.84180063,-0.16220576,-0.32530832,0.014857352,3932
0.08877076,0.29107034,0.10494583,-0.6352372,-0.14697322,0.110913575,0.1895035,0.23184028,-0.3077655,-0.23591077,-0.22121368,0.014818996,0.12098616,-0.04875362,-0.042506978,-0.3338834,3855
-0.057826832,0.07358493,0.08816317,-0.32899788,0.12626898,0.04675702,0.11422025,0.42453986,-0.33876806,-0.24743658,0.065445125,-0.18314348,0.4648909,-0.18486893,-0.38553122,-0.06827022,3584
0.017743215,0.025988102,-0.07880066,-0.12997428,0.4004901,0.05430655,0.21825558,0.32099018,-0.48736936,-0.3131299,0.1314811,0.24531206,0.36344284,0.13830364,0.089873955,0.12004159,3957
0.23983638,0.23418999,0.09770073,-0.50113773,-0.056773007,0.25647593,0.20459458,0.38836116,-0.5739647,-0.26277176,-0.108836986,-0.51798487,0.24055296,-0.31357932,-0.3917268,-0.4444371,6631
0.0043760836,-0.082277775,-0.14281684,-0.1661772,0.4217857,0.10345121,0.18095785,0.66760445,-0.036325693,-0.35106432,-0.019375205,-0.4713741,0.5874173,-0.5693008,-0.097770885,0.09826392,8422
0.03100869,0.1819437,0.36449957,-0.36954325,0.14061026,0.011134315,0.2258671,0.5574262,-0.29921147,-0.5782187,0.12738696,0.29772523,0.39072162,-0.029760804,0.09654307,0.104480796,2244
0.20076996,0.3137073,0.5798907,-0.3020678,-0.18937698,0.23615575,0.56111187,0.2628029,-0.10728708,-0.857733,-0.09055527,-0.5455874,0.28055954,-0.49342078,-0.331184,-0.5311379,2669
-0.043382592,0.2019365,-0.08370993,-0.5492558,-0.067649044,-0.15180868,-0.028985785,0.13540591,-0.4479528,0.01137206,-0.10938358,0.067178294,0.028320208,0.0071320236,-0.06591299,-0.066827446,8757
-0.21417943,0.060128216,0.5237564,0.055245697,0.64127135,0.742958,0.36078072,1.4375842,-0.29476884,-0.99205756,0.2249348,-0.10566506,0.7276883,-0.30133224,0.29415625,0.033047795,7010
0.0116997585,-0.07278071,0.22598362,-0.20372765,0.20878571,0.018185683,0.1342061,0.69885975,-0.43321395,-0.5018714,0.11833465,0.09476273,0.6810117,-0.08410503,0.013919622,0.2710121,3133
0.10287289,0.05678504,-0.029955115,-0.19950001,0.37673324,-0.020968892,0.32246312,0.1353271,-0.2647753,-0.37141293,-0.015768053,0.062108666,0.5641861,-0.12546383,-0.024132267,0.107843876,3446
0.08265704,0.05944689,0.13490374,-0.5070737,-0.18034188,-0.31831408,0.10771038,-0.048365116,-0.4819563,-0.081599504,0.0077368245,0.05719027,0.0086575,0.114521876,-0.06870249,0.029831752,8776
0.45941845,0.46017107,-0.009476833,-0.63802016,-0.20910572,0.0031928346,0.06519398,0.4011793,-0.4792006,-0.24722445,-0.0076448172,-0.5138016,-0.060775965,-0.12855093,-0.0108786225,-0.45381635,8718
0.18373302,-0.04697421,0.17029628,-0.22895439,-0.08011089,0.04595853,0.21387455,0.68228185,-0.5498297,-0.5056709,-0.03366145,0.010473847,0.3294213,-0.16233574,-0.14554393,0.24927956,3535
-0.14707085,0.18810692,0.5439533,-0.3387773,-0.26554367,-0.20724449,0.18673484,0.65974116,-0.6616074,-0.45518106,-0.23204234,0.30833954,-0.005000204,-0.22979416,-0.1843495,-0.21540895,7255
0.0920957,0.25839916,-0.109242804,-0.661486,0.25219944,-0.15252984,-0.023363981,-0.0753877,-0.6088941,-0.037888393,-0.20937698,0.10408953,0.092788815,-0.121080175,-0.0011929721,0.027528286,8719
-0.0033216625,0.1648414,0.08529348,-0.6648664,0.0381535,-0.014823054,0.099347964,0.070876434,-0.67117107,-0.1884875,-0.1500119,-0.03577894,0.012508571,-0.08274205,-0.09758583,0.04076603,1964
0.339118,-0.014379203,0.35715508,-0.5657395,-0.23769495,-0.3690354,-0.086695455,0.32188964,-0.39881852,-0.63383985,-0.110801145,-0.28361803,0.31328967,-0.160279,-0.13740206,-0.17905489,3571
0.2734562,0.018921748,0.15599135,-0.05184623,0.3214643,0.14524825,0.41104424,0.83037615,-0.3745331,-0.72456586,0.2048078,-0.15871869,0.3925401,-0.41713956,-0.02969876,-0.064142466,4897
-0.010472655,0.14640263,-0.09004745,-0.735361,0.043227963,-0.3174191,0.07086394,-0.32615864,-0.63288546,-0.11535172,-0.30924803,0.33943364,-0.088128984,-0.009639841,0.10419464,-0.070784256,5736
-0.039558485,0.030808799,0.25712657,-0.55031896,0.20768183,0.13119465,0.0052257143,0.5316925,-0.044044003,-0.38133085,-0.16570099,-0.15203553,0.32857448,-0.361861,0.31054744,0.012796462,8678
-0.16416702,0.016237989,-0.086684436,-0.3242489,0.11936809,0.32101756,0.13340145,0.50758135,-0.66346717,-0.2650289,0.061692093,0.0557127,0.29628405,-0.05694755,0.06969595,-0.016177043,6829
0.08371428,0.28107902,-0.15488447,-0.3507794,-0.031858593,0.38222468,0.30054924,0.31661022,-0.422361,-0.040136144,-0.048731424,-0.23766239,0.23707457,-0.23376778,-0.32080784,-0.26657903,3954
-0.14970767,-0.110100925,0.06393172,-0.29025704,0.18560264,0.24660455,0.16937983,0.74166894,-0.77150613,-0.011280686,-0.009026239,0.30534694,0.54809374,0.041675333,-0.29579267,-0.208611,7214
0.008134529,-0.08059038,-0.15381417,0.006900966,0.06897326,0.0605378,0.25363976,0.4615161,-0.0258203,-0.57008934,0.16205119,-0.5150569,0.47259957,-0.43615264,-0.27974734,-0.09730339,3554
-0.11771788,0.20806767,-0.089379445,0.022582233,0.46503252,0.1465165,0.4807539,0.50912744,-0.5489503,-0.39948618,0.27747375,-0.06652875,0.60522705,-0.30928305,-0.36227906,-0.09986648,3076
0.049258143,-0.13699429,-0.037313737,-0.26437274,-0.011836737,0.012652315,0.12571958,0.42583773,-0.5564056,-0.065796286,0.07088965,-0.30538937,0.31543162,-0.270774,-0.3553367,0.26391697,7463
-0.02032736,-0.038770497,0.22012497,-0.00877893,0.07505306,0.14209802,0.08093292,0.84329295,-0.009115383,-0.6927069,0.30936348,0.032925487,0.4972943,-0.27190948,-0.06981614,0.15165977,7862
-0.09429559,-0.09400383,0.124641016,-0.45569053,-0.080730975,0.51670444,0.2545178,0.72375387,-0.44849414,-0.5071439,-0.3314538,-0.24041626,0.2998571,-0.21792185,-0.11276221,0.008865133,9724
-0.37124163,-0.021994587,0.0067768507,0.051661283,0.36335993,0.68124497,0.55927473,1.113779,-0.428455,-0.6382576,0.26444423,-0.20090885,0.67536205,-0.5401473,-0.43597978,-0.27488774,3638
0.0913842,0.13144752,0.32646412,-0.50261486,0.08710317,0.13369247,0.26602426,0.53981,-0.43043718,-0.25856316,-0.19629805,-0.42591494,0.41575694,-0.14054698,-0.71635985,-0.0077408105,1515
0.0801984,-0.20426762,0.5092697,-0.039749622,-0.22099812,-0.21856478,0.26018086,0.64503366,0.18156885,-1.1206086,0.2312441,-0.22451311,0.35001507,-0.4440955,-0.11112672,-0.32524428,8444
0.040897407,0.20457715,0.3829661,-0.321644,0.11598718,-0.0038994178,0.16166306,0.4462868,-0.34148005,-0.5516877,0.12651145,0.30149478,0.15087412,-0.14529356,0.11741495,0.16462515,7513
0.031660765,-0.013575256,-0.1801259,0.13037714,-0.17587996,0.003644012,0.2101149,0.7223847,0.28704184,-0.77059627,0.30667892,-0.35335043,0.29604393,-0.655723,-0.19462213,-0.31690258,5076
0.15967634,-0.09548955,0.337615,-0.21245512,-0.060886264,-0.22016177,0.13852505,0.5228121,-0.11798203,-0.6599594,-0.013232876,-0.091311015,0.23248011,-0.31872717,-0.121130764,-0.3095633,5810
0.046999052,0.036733262,0.08767605,-0.2802748,0.21264759,-0.23384705,-0.045682993,0.24018213,-0.5191177,-0.0146035105,-0.23219405,0.28705102,0.31667084,0.013364635,-0.03748423,0.13128059,3484
0.059273705,-0.02733694,-0.03960747,-0.011808097,0.08532414,-0.12605225,0.23652904,0.47083127,0.06308779,-0.83779895,0.19169281,-0.39174566,0.38432276,-0.5132576,-0.1282394,-0.23678948,8173
0.07159286,0.08526232,0.18952042,-0.36604238,-0.11291096,-0.052143015,0.21646072,0.22961578,-0.2123461,-0.28619456,-0.06927185,-0.15313475,0.3149459,-0.07904298,-0.18414433,-0.1595886,3729
0.029643655,-0.0025403649,-0.0664588,-0.033570915,0.3419497,0.10181168,0.2001583,0.41848555,-0.22549434,-0.5784462,0.11533261,-0.1563983,0.6062686,-0.2569521,0.02813539,0.021483466,6659
-0.05286163,-0.35414258,0.21158902,-0.4448868,0.10960233,-0.088664845,0.07066697,0.45210582,-0.18823233,-0.5041559,-0.24300468,-0.087603986,0.72690153,-0.09127956,-0.10890663,0.31904343,8989
0.12245566,-0.5886297,-0.35416088,0.17258164,0.4830965,-0.116465956,0.16612333,0.24491593,0.029793188,-0.51344025,0.013521627,-0.22671129,0.976531,-0.4554791,0.3419884,0.0943512,4496
0.004448831,-0.03524607,-0.1561941,-0.022427708,0.24425644,0.06912668,0.4384855,0.81218344,-0.19792439,-0.6358013,0.22547647,-0.26857167,0.5323849,-0.5316295,-0.26385772,-0.29739305,1140
0.10552837,0.025231637,0.22262302,-0.35375482,0.02225367,0.38410416,0.17847987,0.6301113,-0.3443758,-0.7256879,0.15315023,-0.121299386,0.40439242,-0.23296346,0.10078475,0.1735611,5666
-0.33723217,0.26213175,0.010696553,-0.61871755,-0.18376616,0.08103757,0.4162513,0.22366682,-0.6924294,-0.23814309,-0.20856132,0.43646568,-0.23511383,-0.07529741,0.18475214,-0.39588636,8175
-0.046889022,-0.100250185,-0.106963046,-0.23994476,0.028890267,0.08355166,0.18139555,0.28930283,-0.31317696,-0.2992924,0.027829736,-0.38210657,0.28114587,-0.3111788,-0.21858928,0.12411739,6590
0.007311754,0.45527005,-0.050727278,-0.70582926,0.059207182,-0.08305218,0.042160243,-0.016185671,-0.5508887,-0.09057067,-0.32395193,-0.100374885,0.022978038,-0.022607028,-0.066414595,-0.3357988,1880
-0.010910973,0.15757115,-0.094462655,-0.10497101,-0.16514993,0.06898496,0.22902082,0.45017952,-0.5416442,-0.29237342,0.07577902,-0.2751841,-0.13840458,-0.57390666,-0.33274126,0.0017240047,7040
0.0058332235,-0.37406203,0.35475498,-0.10440166,0.15764698,-0.042005293,-0.17774312,0.7426378,-0.3610994,-0.55635184,0.08501964,0.15841712,0.78855896,0.0674434,0.02979824,0.39813647,9996
-0.069034606,0.0003398806,-0.27785045,-0.13672781,0.32928407,0.31299153,0.2181103,0.705029,-0.046930656,-0.3968612,0.017673552,-0.6641273,0.3477623,-0.6751984,-0.045576423,-0.17766492,2586
0.320059,0.40533,-0.03454781,-0.49757713,0.11620523,-0.18224826,0.09214722,0.10305419,-0.6049787,-0.24383578,-0.30190337,0.09126699,0.08755459,-0.14750914,0.17842454,-0.33866003,9636
0.16149111,-0.19356126,0.37625748,-0.34673047,-0.16867931,-0.27036285,0.06017581,0.6185391,-0.5133318,-0.746178,-0.26584598,0.07238868,-0.012467332,-0.27591884,-0.1876748,-0.07801047,9369
-0.028562382,0.09880152,0.050973073,-0.2756154,0.17245062,0.22226581,0.3045283,0.34920225,-0.35606864,-0.2310881,0.1014408,-0.12631747,0.38015446,-0.27540427,-0.17860073,-0.10997586,1062
-0.20787671,0.014434334,0.47084337,-0.15907039,-0.079493694,0.40102902,0.36077452,0.98257595,-0.28820425,-0.858606,0.14325605,-0.028995134,0.5874551,-0.29086807,-0.12084845,0.039816335,2030
0.4816316,0.17417265,0.40280965,-0.3727696,-0.19523524,-0.0801952,0.06129729,0.2614445,-0.47749785,-0.62345695,-0.17264397,-0.3785662,0.07204254,-0.25260067,0.04180789,-0.15438011,6331
0.04440564,0.21767339,0.1589753,-0.49749815,-0.117952794,0.028964221,0.28543788,0.2710812,-0.37588573,-0.14933492,-0.29910713,-0.15385006,0.25662267,-0.18068646,-0.43983772,-0.06570579,5265
0.12853146,0.26813895,0.07669841,-0.3413844,0.25521123,-0.20752168,0.18131539,0.22851373,-0.24874674,-0.37921393,-0.08216733,-0.011693701,0.1540663,-0.15247512,-0.10479666,-0.043445215,5935
-0.018764839,-0.2061826,0.0679811,-0.25496098,0.39367983,-0.1073328,0.14952019,0.49682957,-0.12518328,-0.43172783,0.11397006,-0.087041944,0.74439114,-0.05030498,-0.52838075,0.09894891,3701
0.17797868,0.14736602,0.12421337,-0.41499186,0.0139773935,-0.038381252,0.059442308,0.39121637,-0.2018168,-0.3907131,0.008192139,-0.20241591,0.11708009,-0.1820598,-0.07966308,-0.23865516,7455
0.14300318,0.39268485,-0.06546418,-0.45226687,0.18320684,0.13791735,0.26442152,0.38936892,-0.053451046,-0.22376743,-0.01602227,-1.0229462,0.5605937,-0.7049342,-0.2751545,-0.17369083,1139
0.021107778,0.038110007,0.23505194,-0.6170098,0.14669758,0.20024386,0.09263367,0.3168245,-0.048044086,-0.41128546,-0.0665897,-0.16514173,0.40504575,-0.19730072,0.080798924,-0.004790157,2856
-0.0046939403,0.2566415,-0.047631025,-0.6497935,0.10831051,-0.08882897,0.086290196,0.14567994,-0.63388187,-0.06108599,-0.25515807,0.34797305,0.19364184,-0.02328679,-0.086737186,-0.046044827,9860
0.16534315,0.11227923,0.06673148,0.09140435,0.091364816,-0.038281716,0.5155705,0.62917334,-0.016322479,-0.76163757,0.14422926,-0.13487017,0.20498483,-0.24479574,0.011753604,-0.26714385,5370
-0.07319184,0.04731535,0.48414078,-0.34763488,-0.27049646,-0.3552243,0.14231448,0.37152758,-0.47873825,-0.4111035,-0.20461664,-0.104774795,0.20394662,-0.31853098,-0.5399859,-0.17263076,1781
-0.13962266,-0.33001488,-0.12222508,0.23496252,0.5224422,0.07018736,0.19706035,0.80517715,-0.0055535436,-0.3080717,0.18538637,-0.12790577,0.7571635,-0.45802963,0.03532423,-0.16990967,5551
0.14916268,0.45273763,0.0590301,-0.31640357,0.16109237,-0.25446317,0.19596784,0.053473994,-0.28068674,-0.31364495,-0.19446827,-0.044873953,0.056593627,-0.22130063,-0.090266794,-0.10153125,6380
-0.023318425,0.22598295,-0.09217173,-0.14478354,0.18673408,0.038763486,0.19336054,0.5031264,-0.48378497,-0.32437134,0.25027436,-0.11427203,0.3558404,-0.15185414,-0.12338802,-0.18680176,8514
0.16550183,-0.13223147,0.32022488,-0.2581071,-0.29465222,-0.13043135,0.04189188,0.42312562,-0.3966716,-0.70982665,0.07211481,-0.14118847,0.104955256,-0.37092108,-0.15883467,-0.07243365,7661
0.04278142,-0.13937148,0.05947054,-0.33433983,-0.0154770985,0.13192563,0.122392155,0.43013948,-0.5624596,-0.18298133,-0.04991849,-0.13142669,0.3110539,-0.19258797,-0.28555882,0.22840577,8241
0.2540752,0.14661731,0.22333124,-0.33017915,-0.018306732,-0.058107365,0.030383456,0.5020708,-0.39789176,-0.40037557,-0.050240308,-0.2701488,0.14305162,-0.20584889,-0.06457414,-0.20721032,2199
-0.019639716,0.10341472,0.0036184713,-0.23165317,0.31434205,0.090625644,0.36667523,0.4421025,-0.42147762,-0.43252426,0.27548766,-0.040490083,0.5838821,-0.30432394,-0.3643834,-0.1583343,4524
0.38976216,0.6157658,-0.14408821,-0.5392927,-0.09837295,0.082265794,0.20859276,0.3018541,-0.24614996,-0.25661847,-0.17073517,-0.32337618,-0.1837964,-0.2452645,0.095620155,-0.46119714,8334
0.19377276,0.10695298,0.0646845,-0.08604629,0.65715164,-0.20292348,0.2867952,0.40644428,-0.58586013,-0.35104284,-0.08039404,0.20594199,0.6164483,-0.14107427,-0.27945024,0.3531769,6792
-0.01661846,0.3827007,0.01492599,-0.6303195,-0.03760919,0.006300047,0.009156009,0.2779139,-0.49155635,-0.093416624,-0.118062116,-0.18327227,-0.13378961,0.008155987,0.20895477,-0.14593898,3682
0.025508925,0.16927667,0.027297698,0.119481176,0.2583511,0.28508106,0.46197388,0.9519264,-0.17260814,-0.6997917,0.31383225,-0.16172993,0.45675516,-0.385048,-0.0061006844,-0.0928489,4764
-0.17068464,-0.16928613,0.6557776,-0.5431669,0.12711819,0.1349331,-0.17009705,1.6191764,-1.0961609,-0.20313443,-0.6089765,0.08839792,0.8090821,-0.108429074,-0.52146024,0.37876526,8603
-0.21515873,-0.18893456,0.24944401,-0.30714852,-0.098021336,0.0067628324,0.19183192,0.5818119,-0.2775694,-0.5300233,0.21163848,0.18141866,0.6691319,0.121302724,-0.34393516,0.18028422,9486
0.39783543,0.39617157,0.38840368,-0.2900419,-0.2503939,-0.30842018,0.25683594,0.27376056,-0.2393745,-0.58613694,-0.31465566,-0.37236923,-0.005659938,-0.39332718,-0.104613826,-0.34532383,4351
0.064558655,0.25847974,-0.05226542,-0.24293627,0.16489223,-0.08071889,0.17325802,0.28986698,-0.23624486,-0.2536464,0.11943268,-0.11775944,0.45278656,-0.40201968,-0.18317057,0.1107533,2706
0.012510508,0.1553249,0.033394463,-0.48852134,-0.10351189,0.03026253,0.04554451,0.17727642,-0.4390418,-0.2345149,-0.14840616,0.027273864,0.2565062,0.103163645,-0.09893529,0.0884339,2432
0.17000742,0.30319816,-0.1477837,-0.41853383,0.27451256,-0.065687135,0.116057165,0.22425222,-0.41598397,-0.14641789,0.03088998,0.081929095,0.26646525,0.030816913,-0.082937956,-0.10279226,6050
-0.04535304,0.19926736,-0.046281226,-0.058190778,-0.042402744,-0.11406454,0.26858678,0.5778909,-0.019933775,-0.39449894,0.23440993,-0.1512163,0.1686375,-0.3578267,-0.33044642,-0.07344709,6672
-0.06999771,0.28906968,0.14674427,-0.32099155,0.11424934,-0.16646072,0.23579536,0.26791388,-0.29386225,-0.28012523,0.111609824,0.23852983,0.07276237,-0.13402179,-0.088172436,-0.040910453,2358
-0.0077207983,0.102615215,-0.120140985,-0.28869593,0.0954158,0.07447344,0.30578643,0.051851943,0.0019892305,-0.22447027,-0.06261462,-0.25588253,0.21191889,-0.22530456,-0.10591921,-0.07057932,8547
-0.22323379,0.13362513,-0.18913305,-0.017247885,0.14643267,0.41512662,0.49004373,0.6940864,-0.5754997,-0.45958233,0.42067164,-0.21078768,0.54351515,-0.30066216,0.08498457,-0.29277313,8255
-0.0829163,0.28449285,0.10862744,-0.17315827,-0.028368622,-0.21912965,0.5027805,0.21605438,-0.07546278,-0.28086174,-0.03164433,0.205813,0.14489385,-0.19302458,-0.23410341,-0.19441985,3576
-0.061454102,0.49780434,-0.29708874,-0.47305062,-0.053386383,0.2251459,0.38377097,0.004343793,-0.38175908,-0.05032116,-0.36661425,0.4792952,0.04623124,0.11608899,0.033524692,-0.48604965,8756
0.082081765,0.25577262,0.24169011,-0.5597253,-0.11113039,-0.15547052,0.16998912,0.3266402,-0.47355998,-0.23223534,-0.17517108,-0.14790015,0.1495946,-0.055661086,-0.34039992,-0.27286518,1432
0.054238588,-0.039007246,-0.12847885,-0.40811998,0.37130696,-0.22886917,0.069172144,0.113509715,-0.18157198,-0.19537495,-0.17759207,0.1440537,0.16793841,-0.107518196,0.03959483,0.15772998,2511
-0.15238814,0.19305268,0.5674177,-0.77345955,0.17682847,0.10129877,0.1390729,0.6797595,-0.34247202,-0.4546385,-0.39355254,0.18982019,0.3248695,-0.084129855,0.27533203,0.2145192,4511
0.16032463,0.27003676,0.14386478,-0.31204617,-0.044842526,0.21768244,0.40310672,0.21109404,-0.34116125,-0.5059935,-0.20666058,-0.28567153,0.17225122,-0.26996738,-0.08859679,-0.42991102,4225
-0.014701009,0.20769176,0.1411863,-0.10080075,0.16917752,0.034194425,0.37042072,0.53499216,-0.29897588,-0.6794426,0.1167009,0.09277484,0.3722833,-0.04722496,0.081933945,-0.15502772,7398
0.09047733,0.54831076,-0.3611136,-0.52259576,-0.10025196,-0.16244613,0.2077337,-0.29717052,-0.5193695,-0.098248184,-0.3769982,0.5734678,-0.07855263,-0.15237144,0.45474526,-0.62866414,8874
0.20846432,-0.20651299,0.7998401,-0.47906378,-0.6912003,-0.44284278,0.033029117,0.56449485,-0.45733243,-0.922749,-0.2255598,-0.3237536,0.28609565,-0.45761564,-0.36945277,-0.38162738,1466
0.011319965,0.4489599,-0.11882301,-0.8206705,0.033946924,-0.25989163,0.01563143,-0.3677927,-0.7648618,-0.12005648,-0.18855704,0.0106682405,-0.07456139,-0.108856894,0.17014545,-0.15491703,9633
0.15045574,-0.02846945,0.35262513,-0.39869648,-0.16948496,-0.33655733,0.019585853,0.42761007,-0.43728393,-0.47639763,-0.30586162,0.05452119,0.09170687,-0.2521673,-0.138142,-0.018496513,8337
-0.072012335,0.20658988,0.06503562,-0.55700177,-0.12857759,-0.14937562,0.2596851,0.12250748,-0.4782226,-0.22860616,-0.10578647,0.20663285,-0.061400145,-0.20068821,0.025331616,-0.31056947,5872
-0.19353534,0.20197588,0.049379006,-0.3614481,0.19940591,0.52513766,0.47984186,0.35774738,-0.17807248,-0.35320967,-0.07755008,0.102135785,0.49046844,-0.16387598,0.015149087,-0.15799378,2209
-0.0033597946,-0.21648815,0.16970617,0.060710758,0.2522217,-0.09539611,0.35616353,0.44592693,-0.0020297468,-0.7502035,0.24008511,0.14946505,0.6036985,-0.2524542,-0.04469149,-0.11512166,5545
0.29718518,0.29576185,-0.18632321,-0.14117478,-0.21661824,0.37478027,0.9101776,1.0783195,-0.75570595,-0.7961998,0.04774548,-0.19424887,0.13971072,-0.14637366,-0.6269601,-0.31530666,2595
0.288855,0.45964074,-0.14603837,-0.41327128,-0.0552496,0.12854403,0.16309991,0.175551,-0.28070185,-0.23167616,-0.08271071,-0.40027648,0.06764831,-0.21614528,-0.0981452,-0.2952773,2044
-0.08213541,0.25975415,0.32853043,-0.53433526,-0.14842698,-0.37581906,0.11554689,0.06230623,-0.48527953,-0.15922588,-0.27503687,0.22074255,0.12363179,-0.15577751,-0.2776363,-0.03670861,5748
-0.083942324,-0.0008515939,-0.24467637,0.16658586,0.5560545,0.13148797,0.33136576,0.3728729,-0.11345999,-0.41110778,0.35801074,-0.07381131,0.6113968,-0.27058405,-0.28602034,0.07292871,3274
0.14208803,-0.03574028,-0.07441764,-0.19666167,0.38691443,-0.030841902,0.21502733,0.3554784,-0.24288894,-0.35103828,0.10686048,0.16318841,0.49062586,0.027433386,-0.43093973,0.13485661,8946
-0.22218393,0.11865354,-0.33234093,-0.16033521,0.03940834,-0.3661834,0.32497558,0.45660138,-0.9349357,-0.3730561,0.39804912,0.31742442,-0.2987262,-0.5100336,0.3341266,-0.05594334,3934
0.158755,0.1911478,-0.18826148,-0.5655321,0.06080059,-0.0649909,-0.07189396,0.2174588,-0.5398214,-0.029732756,-0.031756207,0.13007452,0.18845415,0.07637577,0.24301168,-0.25214896,7371
0.22294375,0.2558167,0.336255,-0.22680864,0.07699567,-0.22392227,0.26019886,0.30438763,-0.2597455,-0.6898287,-0.025769856,-0.27950892,0.32766503,-0.24569264,-0.2539336,-0.11481786,3308
-0.2984869,-0.34430805,0.14320055,-0.2289109,0.19342746,0.101617366,0.3590945,0.6737443,0.09363158,-0.69247305,0.32987335,-0.14444569,0.6876085,-0.15527682,-0.6248888,-0.2169964,9540
-0.09871994,-0.16972053,0.08452059,-0.68756783,0.09513346,-0.18732455,0.029958885,0.12992437,-0.6857919,-0.055881366,-0.24646582,0.38142437,0.2329548,0.14775288,-0.069128335,0.23427178,3175
-0.205313,-0.35054845,0.21210593,-0.34988695,0.027666569,0.16374783,-0.071118884,0.6946666,-0.7405301,-0.11036287,-0.046878934,-0.15141323,0.6741215,-0.016254947,-0.06751791,0.29690838,9359
-0.037214875,-0.082021356,0.11271499,-0.50403917,0.014326215,-0.14820854,-0.19733295,0.3342108,-0.39417344,0.0057691336,-0.08921017,-0.0012644529,0.4760306,0.01949513,-0.121550694,0.21377444,2214
-0.09703362,0.04711575,0.38743478,-0.48271513,-0.085995734,-0.17842348,0.1418544,0.50217426,-0.4690814,-0.35053802,-0.20251045,-0.039556935,0.47548628,-0.14609356,-0.4771606,0.21902215,1541
0.2915275,0.1330182,0.3304869,-0.39415798,-0.17613405,-0.25011247,0.14481127,0.41001728,-0.2653019,-0.5374309,-0.15370084,-0.2563943,0.11639938,-0.17015521,-0.11654347,-0.2815429,3376
-0.09801237,0.22727293,-0.011934783,-0.5974749,-0.17888731,-0.25901484,0.07461557,0.08259223,-0.41377676,-0.23936619,0.050485536,0.12825002,0.16013092,-0.2581991,-0.012063712,-0.319636,6634
0.04223761,-0.12620273,-0.044960596,-0.39935037,0.4183617,0.018067233,-0.20979565,0.4873734,-0.35105413,0.064027496,-0.22899336,-0.1443725,0.7447854,-0.20196854,-0.13870248,0.30509508,5162
-0.05050671,0.21125588,0.0022012703,-0.7256515,0.10068235,0.26679665,0.09484916,0.3875376,-0.7859628,0.033278704,-0.2782077,-0.012798965,0.16423714,-0.04465849,-0.28392074,-0.3350266,1381
0.16202947,0.2042031,-0.14484069,-0.22263913,0.18305258,0.07899176,0.15303421,0.4440371,-0.39734793,-0.109911755,0.113406114,-0.22850266,0.3208303,-0.2950307,-0.22374861,-0.046932623,8709
-0.12672134,-0.19935824,0.01655085,0.10290995,0.24305755,-0.039197847,0.7250671,0.64939725,0.04214154,-0.9405392,0.4843552,-0.17938851,0.82633305,-0.31392196,-0.31843814,-0.29311603,5713
-0.21325275,-0.10506578,0.3410257,-0.46946654,-0.08154337,0.0025401541,0.20138764,0.57170033,-0.6038708,-0.41372067,0.031010816,0.42075723,0.41734806,0.23001936,-0.039684743,0.30870953,7588
0.09196707,0.05657483,0.10382317,-0.43533367,0.06325014,0.041501313,0.078591034,0.37308502,-0.35987058,-0.19209777,-0.017327726,0.17923178,0.36606145,0.04854199,-0.11608599,-0.019929469,8760
-0.013784647,0.06288279,0.38126656,0.11596215,0.1051158,0.36500174,0.29522085,0.92590547,-0.18089959,-1.1172981,0.39287072,-0.33133832,0.5890396,-0.5355685,0.15671664,-0.25671992,5125
0.11665668,0.16385159,-0.12885872,-0.3159979,0.38064113,-0.13705659,-0.03742625,0.09070148,-0.44076353,0.030333936,-0.09880231,0.2286935,0.37407753,-0.084596395,-0.057116866,0.12658125,2892
0.120715976,-0.16671175,-0.09256266,0.035452902,0.47810706,0.015918031,-0.05890544,0.4683901,-0.50763535,0.02184008,0.2024836,0.0925405,0.9296283,-0.1584827,-0.426907,0.34049714,7611
-0.07797556,-0.15112138,0.66653603,-0.12760992,-0.08167945,0.207454,0.059823003,1.1514637,-0.35853264,-0.796074,0.1368185,0.12378807,0.35931587,-0.45145226,-0.07623398,-0.061636046,9267
0.20194562,0.18846047,-0.05517145,-0.28540847,0.020846508,-0.09274133,0.1181155,0.39482117,-0.23136386,-0.40594113,0.076155305,-0.08414961,0.2459435,-0.095653675,-0.04556638,-0.09984049,7785
-0.06977138,0.38374096,-0.15989578,-0.49285632,-0.07856938,-0.32983488,0.156567,-0.25006032,-0.38598728,-0.11909053,-0.333925,0.24003594,-0.056236267,-0.13710642,0.061503887,-0.10655704,8587
-0.062042505,-0.024239682,0.015348096,-0.43997568,-0.060292065,-0.075086884,-0.029672002,0.14329964,-0.46150196,-0.11316271,0.070079245,-0.048060626,0.2933686,0.0024010837,-0.14270906,0.09312093,4387
-0.05442895,0.13247651,0.12722233,-0.5237651,0.018641897,0.09786238,0.22766075,0.33441278,-0.328946,-0.19287294,-0.21770316,0.12512389,0.28537375,-0.08464736,-0.2724161,-0.0068241507,1760
0.13102806,0.14935768,0.1380205,-0.3053901,0.09580545,0.33176857,0.229923,0.5228416,-0.4811625,-0.41702914,0.051241484,-0.41902214,0.37371364,-0.3282573,-0.26311782,-0.34887397,2143
0.14401555,0.11065747,0.471149,-0.4202281,-0.29054826,-0.04822965,-0.057881944,0.68495715,-0.69884634,-0.59385675,-0.12807947,-0.2079151,0.03970033,-0.3911065,-0.16070662,-0.103467464,7582
-0.00848861,0.027150419,0.104757026,-0.018517882,0.14092913,0.3638128,0.1909121,0.8348672,-0.3243783,-0.5971693,0.22168593,-0.17340642,0.4986009,-0.38035345,-0.052111194,0.005952671,6698
-0.08154685,0.101298206,0.019226573,-0.40717828,-0.06366876,-0.083589725,0.003627153,0.5235611,-0.40582278,-0.24438769,-0.10707514,-0.24232443,0.24330744,-0.2531948,-0.38020548,-0.054617032,9906
0.24575955,-0.02968509,0.253895,0.10070011,-0.10931726,0.12420383,0.53975934,0.9943905,-0.3604023,-1.074653,0.38389567,-0.013405368,0.6668614,-0.38869396,0.06267655,0.015325874,7345
0.02476284,0.069892526,-0.27603063,-0.49857065,0.14671351,0.15603384,-0.032443307,0.3241817,-0.43011576,-0.018469155,-0.10506663,-0.3535728,0.16362692,-0.2572023,-0.00670141,-0.14012629,4712
0.13776147,0.139842,-0.05557412,-0.43340293,0.111050986,0.04822384,0.07197748,0.28479752,-0.19754753,-0.29737478,-0.05669597,-0.2873987,0.35744813,-0.25616774,-0.086835936,0.04850035,1917
-0.07096742,-0.03536129,0.33363417,-0.24882421,-0.21744198,-0.56000847,-0.031815045,0.24299842,-0.100976184,-0.53909665,-0.0038823225,-0.06426428,0.3678334,-0.36923426,-0.1306523,-0.18095437,1602
-0.055308565,0.025771715,0.0073997416,-0.34371704,0.11894561,0.22338223,0.31338698,0.67488086,-0.59044665,-0.3318347,0.24178544,-0.042998545,0.49709445,-0.25383756,-0.3779818,-0.4817314,5133
-0.06756908,0.15763237,-0.028705027,-0.036226243,0.16826272,0.28584754,0.60772145,0.62823695,-0.03286928,-0.7809995,0.3126439,-0.30763376,0.6000218,-0.4101674,-0.21363482,-0.29398972,4273
-0.054487392,0.14266303,-0.113168545,-0.5233995,0.21816453,0.13538201,0.17529742,0.37423262,-0.32181293,-0.29008862,-0.019546159,0.0533924,0.4421845,0.016725197,-0.06589885,0.043841302,2053
0.29769504,0.4608718,0.2103632,-0.74506354,-0.3254242,0.063925296,0.023201112,0.092915304,-0.43676335,-0.22946855,-0.37476456,-0.32534584,-0.17804109,-0.17650712,-0.025128737,-0.5467048,9237
0.029028915,0.54503816,-0.24516505,-0.5655148,-0.043340698,0.0022061467,0.23900668,-0.14408287,-0.28513837,-0.04105228,-0.3028739,0.020812497,-0.05782628,0.03375762,-0.15753928,-0.3946294,6545
0.1464215,0.39349347,0.22952726,-0.4485814,-0.4060574,0.18345043,0.26466605,0.019527577,-0.4599839,-0.33835214,0.056840427,-0.23866794,0.2568999,-0.25846583,-0.5850593,-0.2634427,6576
-0.064041704,0.023695454,0.2189217,0.008910567,0.15014622,-0.08189132,0.36541265,0.72688866,0.10204312,-0.73276955,0.25887296,-0.052043974,0.39230865,-0.3296072,-0.18091813,-0.23805726,9307
-0.17667243,0.24915606,-0.3106489,-0.034579724,0.4412709,0.34972233,0.4047631,0.37616995,-0.57221043,-0.15735477,0.13833062,0.02454786,0.5926131,-0.20064715,-0.21252367,-0.24219768,6970
0.020882703,0.29649425,-0.037051477,-0.45633364,-0.08852922,0.18263096,0.50153494,-0.06415695,-0.28361285,-0.14604725,-0.28813803,0.15216114,0.20120543,-0.16330172,-0.11552508,-0.5464761,9058
0.089802474,0.3752867,-0.20114928,-0.36067513,0.32292062,-0.18847911,0.16110662,-0.017971069,-0.4852022,-0.22518733,-0.12728384,0.29542416,0.089787155,0.042683505,0.06448957,-0.020150498,4513
-0.059408635,0.34997082,-0.047465842,-0.7211156,0.041896254,0.32397082,0.294324,0.14432128,-0.51920706,0.05156207,-0.37078184,0.17453305,0.11145495,-0.047857776,-0.19713008,-0.27562296,5305
-0.030921534,0.47081393,-0.0961044,-0.7404407,0.1326617,0.28207886,-0.019818861,0.61913085,-0.70638883,0.1001458,-0.102919996,0.05665262,0.18847293,0.1209492,0.017031342,-0.429745,9831
0.06668486,0.2893269,-0.15565042,-0.48130292,0.22675169,-0.073696695,0.15213498,-0.10782473,-0.525158,-0.05282095,-0.10664918,0.3097481,0.2099229,-0.07940158,-0.20450492,0.06862103,6465
0.10295021,0.050872605,0.12543905,-0.4469805,0.08352128,0.1369943,-0.027186634,0.5119754,-0.54773945,-0.12563163,-0.16133747,-0.1795003,0.4324549,-0.113778144,-0.30705476,0.11983925,2918
-0.15460148,-0.64380264,-0.07637091,0.02451557,0.85454464,0.183183,0.2609241,0.72241837,-0.052715406,-0.3813753,-0.09325092,-0.45723408,1.2120287,-0.6856798,0.077117085,0.18882632,9865
-0.25068575,-0.039280593,0.21345171,-0.38333678,0.10719996,0.13377884,0.30005336,0.5999503,-0.5961839,-0.17098199,-0.058722083,0.091006935,0.61957014,-0.14337078,-0.53340805,-0.059863925,1671
-0.0077155996,0.07630371,-0.33069304,-0.1372622,0.042919137,0.03543278,0.14063588,0.48972958,0.19111079,-0.29442367,-0.017019942,-0.4133342,0.46705568,-0.65141964,-0.07307432,0.18161483,3828
-0.040011868,0.37996757,-0.010479659,-0.60297334,0.05877102,0.28558657,0.15950063,0.47540718,-0.36087793,-0.10855587,-0.28234908,-0.22603288,0.096892655,-0.14565238,-0.124258295,-0.3944335,3654
0.10231371,-0.30380517,0.30238813,-0.26544422,-0.072442144,0.13327628,0.40778863,0.54665565,-0.38852596,-0.6602509,0.2752291,0.35790297,0.14852554,-0.046499863,-0.23463456,-0.15552251,6015
0.28601098,-0.2683598,0.20736206,-0.42178154,-0.21214853,-0.32094508,-0.065423,0.3105448,-0.31755483,-0.58549577,-0.08829205,-0.081990175,0.42565915,-0.19095153,-0.008344755,-0.2401081,3686
-0.09621826,-0.033266366,0.30358937,-0.15335128,-0.18435183,0.021595404,0.0051667523,0.76286066,-0.36555725,-0.5648023,0.19876793,-0.14516895,0.23906913,-0.45684174,-0.08655426,-0.22068882,2124
0.28851405,0.24324632,0.10813822,-0.3966877,-0.10651593,0.00482592,0.13817368,0.24066561,-0.28639692,-0.35855174,-0.04476073,-0.23899853,0.16235542,-0.18163772,-0.13504183,-0.17306678,1939
-0.07556965,0.119125076,-0.38987628,-0.30447695,0.14657652,0.43555012,0.29559082,0.41088068,-0.14599223,-0.49555212,-0.14304914,-0.56587714,0.2625437,-0.2764035,-0.0991064,-0.17888696,8315
-0.15612759,0.31800756,0.098199844,-0.4378315,0.023247756,0.00949014,0.31617257,0.347107,-0.3498244,-0.37301135,-0.14059348,0.34787583,0.16796227,0.0757965,0.04834822,-0.07350743,4233
0.11632794,0.081561066,-0.07749585,-0.43805057,0.29755184,0.17688112,0.26880145,0.32845172,-0.6317003,-0.18756762,-0.048452467,0.040428177,0.58579695,-0.16048644,-0.4189236,-0.25259268,7245
0.019361585,0.24923396,0.13930391,-0.69062865,0.0863523,0.08342337,0.054481164,0.3264746,-0.22265491,-0.15923458,-0.19701025,-0.115635,0.19412601,-0.08340011,-0.021682203,-0.114159256,2398
0.3137831,0.15807928,0.47892985,-0.47341686,-0.24286221,-0.16205277,0.20288533,0.18979481,-0.32846808,-0.51144767,-0.13082218,-0.17934369,0.13011652,-0.16447018,-0.26234466,-0.22340545,3529
0.2513702,0.23045455,-0.04329223,-0.10841662,-0.169929,0.16139996,0.433867,0.40050757,-0.08668445,-0.39412057,0.05497448,-0.43173844,0.35033697,-0.4567001,-0.24865365,-0.23490267,1135
-0.29078895,-0.013407648,0.13055082,-0.19575432,0.11281012,0.2444694,0.20654744,0.76166564,-0.7450434,-0.25402212,0.032630164,0.0117994845,0.45896843,-0.30066475,-0.29466206,-0.00032915175,4793
-0.19652857,-0.3516715,-0.06824793,0.17990154,0.5653231,0.1989412,0.13990547,0.28596818,0.17177127,-0.65851164,0.124884605,-0.45754707,1.0576395,-0.5436101,-0.07478671,0.2152992,2878
0.0145125985,0.10007179,0.33157116,-0.52084076,-0.29859743,-0.29575092,0.008779937,0.35791767,-0.43626946,-0.41102308,-0.237358,0.029735163,0.08878511,-0.14570488,-0.1037779,-0.34293497,9585
0.015506521,-0.077583194,0.3678099,-0.48260313,0.03338392,-0.17582653,-0.017331265,0.404309,-0.48689175,-0.5730307,-0.3086161,0.036843263,0.14409295,-0.09483237,-0.11184168,0.24604566,3611
0.12427382,0.08863322,-0.0015270226,-0.1571108,0.14346492,-0.057464648,0.17368941,0.6411949,-0.15848014,-0.4957417,0.13336599,-0.33742046,0.36876467,-0.40518805,-0.11346487,-0.3151876,5608
0.19366111,0.10287446,0.17572044,-0.40186933,-0.018982127,-0.05228322,-0.06172723,0.32956034,-0.36180598,-0.19233705,0.049550075,-0.122239456,0.30098665,-0.05848213,-0.15992421,-0.10853556,3926
0.20575091,0.15316343,-0.13328278,-0.3736022,0.09010061,0.08287341,0.06932683,0.43215322,-0.2052473,-0.215989,-0.06427351,-0.20856866,0.16479574,-0.27632457,-0.062785,0.106724404,6066
0.11548294,-0.054256953,-0.22004832,0.06273171,-0.04122333,0.15806367,0.33742967,0.7049245,-0.3235008,-0.82416195,0.31557336,-0.21405777,0.6715448,-0.27815792,0.19658628,-0.28326523,9869
0.21457097,0.09415279,0.17492026,-0.189304,0.21914805,0.21565899,0.24223031,0.89655715,-0.05577776,-0.66103023,0.10183811,-0.22042201,0.3637757,-0.5432209,0.15957081,-0.02775681,8895
0.23482266,0.21881403,-0.120122686,-0.31808943,-0.02361317,0.12576002,0.15043078,0.50726134,-0.2065553,-0.3203284,0.10370742,-0.38762665,0.17265812,-0.26172924,-0.14745332,-0.18682826,9349
-0.10974004,0.14811477,0.17036042,-0.71201617,-0.27998954,0.059779663,0.61139184,0.3001842,-0.6167933,-0.663131,-0.22898188,0.25567853,0.20134151,0.09927532,-0.30373713,-0.59680724,8458
0.0001553297,-0.2426445,0.29955885,-0.49348375,-0.091040745,-0.44886556,-0.030841587,0.60836864,-0.36711383,-0.6759355,-0.05912963,0.17781708,0.38698065,-0.26582593,-0.29029387,-0.3296774,2420
-0.33303237,-0.07683352,0.5117011,-0.6169188,-0.0038775206,0.34415805,0.24101067,1.029931,-0.7121589,-0.4179799,-0.23659353,0.18927678,0.5547262,-0.007341873,-0.24169037,0.026539952,5218
-0.11202865,0.2203179,-0.041863397,-0.47209865,0.07437432,0.04853647,0.16984631,0.23201771,-0.491456,-0.23353246,-0.20620877,0.2503855,0.07426618,0.023976378,0.18474984,-0.11307716,7764
0.012804493,0.051757835,0.40361696,-0.14592578,-0.052411005,0.2442481,0.2111797,0.6559287,-0.13370237,-1.0029593,0.39454693,-0.14190659,0.6481607,-0.27838114,0.04492235,-0.052562073,5456
-0.23496051,0.014140815,-0.062181775,-0.110782266,0.04103905,0.005202569,0.13048962,0.46660873,-0.20443772,-0.31781572,0.27997974,0.043550134,0.5660286,-0.17740819,-0.3722208,-0.085569024,2403
-0.2832198,0.09337795,0.08807945,-0.7238728,0.09009466,0.2663495,0.04973248,0.6660861,-1.0501719,0.11487377,-0.28487062,0.24409483,0.32679182,0.039882254,-0.29206285,-0.3489929,5107
0.117511876,0.0994409,-0.034277625,-0.1738068,0.4149296,-0.036110636,0.11581957,0.14321357,-0.15760495,-0.24979076,-0.021211108,0.004716173,0.45576727,-0.122477576,-0.18240866,0.16896252,2540
0.041164406,0.025725326,-0.1288872,-0.18082199,0.46917993,0.26703298,0.08263539,0.34956264,-0.5784116,0.0031845868,0.0633103,-0.21918318,0.7412004,-0.29069573,-0.35412097,0.09953382,8427
-0.016935557,0.21019822,-0.034369495,-0.0886866,-0.08185766,0.21547091,0.18546385,0.6248168,-0.013705075,-0.5519528,0.061137456,-0.5699933,0.20959441,-0.7069577,-0.18278745,-0.16815816,3326
0.0759419,0.23796478,0.073609665,-0.5295948,-0.08443936,-0.2029131,0.09256363,0.08830966,-0.34670696,-0.28852645,-0.102149986,-0.119844615,0.09232631,-0.1133727,-0.06466426,-0.17406628,8130
0.19996625,0.13882779,-0.06925967,-0.40459433,0.40051556,-0.04986733,0.081088655,0.12551078,-0.49943024,-0.069692306,-0.07732807,0.030596733,0.43619633,-0.20002307,-0.34513763,0.3046268,7509
0.13809624,0.11451475,0.028511548,0.24145333,0.14225754,-0.078665026,0.5738568,0.70781374,0.2100313,-0.6311075,0.38393557,0.034076322,0.32731664,-0.3507339,-0.10593477,-0.10256946,4580
-0.08017941,0.39867467,0.37420702,-0.47965097,-0.1624326,0.42815825,0.20619255,0.41086397,-0.36752808,-0.41382545,-0.38218507,0.045719832,0.19384754,-0.16408654,0.3040393,-0.29871377,1042
0.030138955,-0.16917942,-0.06968892,-0.06484723,0.6921407,0.06297781,0.28264675,0.3282339,-0.24573126,-0.2806979,-0.019375728,-0.123505205,0.6791682,-0.24841413,-0.0047398806,0.06630741,8644
-0.079395294,0.13527466,0.026423141,0.04360214,0.24226443,-0.12013702,0.5352027,0.39884084,-0.22633243,-0.74990785,0.3518951,0.1730865,0.6074518,-0.21909218,-0.0041550994,-0.23361237,9103
-0.21958964,0.3247472,-0.45674625,0.2833527,0.2894611,0.40489644,0.55606365,0.65061396,-0.38263553,-0.43738613,0.386706,0.12884627,0.380137,-0.579498,0.043747604,-0.30052692,1347
0.64204407,0.67954767,0.13213667,-0.58814317,-0.45428267,-0.03638054,0.21991196,-0.0644141,-0.54334724,-0.48862475,-0.1548591,-0.61847126,-0.36764514,-0.39853024,-0.004376173,-0.5702789,6321
-0.090433285,0.12558563,-0.084981225,-0.17748456,0.31714374,0.202867,0.46432072,0.6081617,-0.44041234,-0.41465884,0.17272563,-0.0055614933,0.4141963,-0.24644561,-0.19878867,-0.40473112,8118
-0.17746808,0.44339332,0.22670266,-0.3016338,0.26968986,-0.40151024,0.40269792,0.20609312,-0.27125353,-0.3677295,-0.023987167,0.56842166,-0.048570633,-0.37350327,0.2251779,-0.17415126,5846
0.13245535,0.031823277,-0.17475972,-0.3585879,0.15125418,0.07755771,-0.012517296,0.39873242,-0.1954507,-0.13396451,-0.038222305,-0.3408903,0.4103988,-0.3756727,-0.08051422,0.042263836,4560
0.22315946,-0.080187246,-0.039808117,-0.15020642,-0.26172447,0.04121957,0.075424545,0.61294013,0.0077839643,-0.6234336,0.24303365,-0.4164249,0.14716014,-0.42969066,-0.20404789,-0.2062255,3532
-0.215018,0.3444527,0.027609568,-0.97765696,-0.13817397,0.12969865,-0.0077391416,0.19177607,-0.8139638,0.1464577,-0.4657898,-0.06719062,-0.015172511,0.1833598,0.027589321,-0.3826411,6343
-0.01902622,0.26298565,-0.23876718,-0.5116766,0.22782399,0.006979365,0.08710463,-0.033008397,-0.48710686,-0.029319547,-0.140573,0.27152136,0.23750886,-0.015100248,0.019466102,-0.055688784,2954
-0.11698126,0.34072828,-0.24320683,-0.76974666,-0.06651607,-0.027632777,-0.051736347,0.016577795,-0.7208954,-0.029607415,-0.44393724,-0.097576156,0.4000514,0.027965458,-0.01082781,-0.40024352,1891
0.044330977,-0.16217217,0.08074613,0.021331787,-0.1322098,-0.12980674,0.29935408,0.81216264,-0.20244512,-0.8534864,0.1060771,-0.29568022,0.22483748,-0.68955535,-0.22020042,-0.39294696,7130
-0.17279086,-0.17022754,0.026075013,-0.2903602,0.03780542,0.15708108,-0.04580944,0.11147921,-0.12352722,-0.35466728,0.019431276,-0.20458591,0.72446537,-0.18726642,-0.032377042,0.18338193,7949
0.009330466,-0.03496847,-0.09085281,0.19836542,0.01160191,0.3993754,0.37803492,0.9735409,-0.20476997,-0.6709181,0.32776022,-0.34477657,0.09038608,-0.6635294,-0.070091814,-0.003368929,1124
-0.08950038,-0.09705842,-0.0062417947,0.11751935,-0.012753084,0.33296,0.1791003,0.8862385,0.098538265,-0.83427525,0.50416875,0.03074796,0.3201059,-0.30029017,0.0057244003,-0.027122498,3051
-0.1929547,0.19705884,0.18742453,-0.39892456,-0.21661156,0.06650877,0.4268423,0.35867506,-0.29717988,-0.21116441,-0.09546375,0.29083428,0.14372158,0.026152149,-0.19111049,-0.23221554,7124
0.33973336,0.401159,0.16685599,-0.36901426,-0.38589227,-0.18154877,0.09955028,0.1459018,-0.18414678,-0.5313574,-0.12800756,-0.47798407,-0.0031586587,-0.3956259,-0.17785585,-0.3251496,2232
-0.0050337613,0.37614703,0.10948466,-0.48785567,0.052293934,0.12965257,0.36421305,0.49498662,-0.27707168,-0.4140292,0.003949821,0.14623763,0.060506944,0.11439679,-0.27774805,-0.25364703,3395
-0.15555452,-0.116470486,0.055480085,-0.16266023,-0.09431957,0.22238341,0.1434452,0.40409866,-0.714133,-0.36645833,0.0041951686,0.09070985,0.47310886,-0.100728706,0.06277791,0.27934346,8474
0.07869652,-0.08360035,0.22980596,-0.43523997,-0.16535807,-0.25134054,0.02718807,0.5527601,-0.08255078,-0.3947272,0.08589622,0.12964259,-0.0077463253,-0.0021940917,-0.20592022,-0.12834689,8450
-0.348314,-0.006803803,0.1443326,-0.845392,-0.17735271,0.53413594,0.28507197,0.42141545,-1.2287114,0.004294887,-0.60830826,0.11035681,0.048033983,0.059778612,-0.08188762,-0.23826244,5307
0.092771836,0.30982637,0.0044000815,-0.624128,-0.06399131,-0.18949172,0.11408704,-0.06976017,-0.42542335,-0.29551792,-0.22346462,-0.14632186,0.024783462,-0.098708756,0.09177005,-0.30530807,4219
0.21597579,-0.055465437,0.27067527,-0.40238267,-0.3675799,-0.1611238,-0.123346016,0.57196206,-0.29173303,-0.41965264,0.042883158,-0.32671535,0.039407507,-0.14313476,-0.010734826,-0.50024956,5714
0.1416297,0.18236314,-0.08946745,-0.27257863,0.103497066,-0.033493865,0.12303593,0.2442115,-0.19249378,-0.08095501,0.15458259,0.13319296,0.17957686,-0.048294447,-0.05748003,-0.035081133,6532
0.015065253,0.5444287,-0.08563486,-0.53722167,0.14299001,-0.09625087,0.112328075,0.22329986,-0.39911506,-0.15901838,0.007437505,0.17465235,0.01154606,-0.065431535,0.10714486,-0.037884325,1534
-0.05277028,0.08058971,0.083523184,-0.2097473,0.15451032,0.1919848,0.05477768,0.59488755,-0.27482358,-0.18924648,0.059702244,-0.29726988,0.38463396,-0.43127483,-0.18634087,-0.06784898,2794
0.11473459,0.07111392,0.20293276,-0.29323992,0.04477684,-0.28951317,0.0532575,0.22577655,-0.21930009,-0.40814674,-0.107981555,0.043933645,0.15546018,-0.24574336,-0.01319629,-0.09992443,6952
0.11657573,0.18215096,-0.055345275,-0.30862477,-0.042649075,-0.059990253,0.18511741,0.17972253,-0.3781264,-0.26683185,0.18638673,-0.15036386,0.22567931,-0.20235065,-0.08905013,0.18771213,9079
0.009447604,0.00822036,0.26275378,-0.024913073,0.20430517,0.25731426,0.38352296,0.9777174,-0.24117337,-0.9497034,0.39825198,0.12509966,0.75121677,-0.16450879,0.32615355,0.026741758,5068
0.10605062,-0.19639805,-0.15292144,-0.19290951,0.25059432,-0.10392673,0.26711503,0.28131714,-0.2206841,-0.35942638,-0.005572669,-0.14286168,0.60695285,-0.27744415,0.05439934,-0.13836774,2482
0.10696643,0.33721626,-0.14109367,-0.35275528,0.29169738,-0.072153166,0.15999877,-0.05051355,-0.21774268,-0.10387655,-0.09462653,-0.07119837,0.286204,-0.24603406,0.024929017,0.0020027459,7869
0.27990556,0.17213626,0.199155,-0.10441801,-0.16975424,0.032502457,0.22146665,0.63738847,-0.36999822,-0.4635709,0.093491495,-0.41774598,0.1363995,-0.6665863,-0.2628127,-0.03812787,3586
0.05482068,0.017245993,-0.06314659,-0.16774464,-0.06555687,0.08138865,0.25928327,0.26570025,-0.49528623,-0.3043998,0.21571794,-0.10539824,0.038070515,-0.26260382,-0.056114584,-0.009472817,7009
-0.03560242,-0.15212685,0.30872622,-0.3693933,0.12091375,0.17428452,0.09084107,0.74494445,-0.6411576,-0.552402,0.022546276,0.30850726,0.69962883,0.12155511,0.181768,0.29762584,6743
-0.04580447,-0.14997411,0.08046354,-0.458154,-0.040716738,0.09323833,0.25094718,0.597445,-0.5898184,-0.49226856,0.02208794,0.11556167,0.4259782,0.24930546,-0.39875823,-0.046870336,1575
0.020257935,0.04666823,-0.4712615,0.14931944,0.0038027614,0.070764154,0.24984384,0.6628164,0.27785796,-0.63224304,0.37535524,-0.589818,0.43211392,-0.6378279,-0.29340225,-0.15121159,2584
-0.011406109,0.15968576,0.2271526,-0.22180904,0.5065565,-0.02721668,0.3522789,-0.06125918,-0.26113355,-0.42224693,-0.19707806,0.5349327,0.3880485,-0.33503658,0.45324185,0.10586278,4613
-0.06976494,0.13714962,-0.062271908,-0.1447228,0.04232112,0.20690696,0.44023874,0.6233033,-0.050951287,-0.6846122,0.17654431,-0.062827244,0.34976843,-0.37854606,0.00020325184,0.037303343,5025
0.064888716,0.3343585,-0.09682856,-0.0509011,-0.089560285,0.2308756,0.21429136,0.7327602,-0.49646485,-0.1976526,0.052737694,-0.3367879,0.014226913,-0.5666475,-0.41537514,-0.095024586,7060
-0.10545237,0.089291126,0.05364771,-0.12179023,-0.00079119205,0.33161935,0.30653468,0.76050776,-0.6489637,-0.439706,0.16053662,-0.028187662,0.48910367,-0.36079603,-0.13951449,0.1370371,8567
0.15577608,-0.10735785,0.2968802,0.021591634,0.09922163,0.040514313,0.24299666,0.7656466,-0.0118742585,-0.81165934,0.2467295,0.07446375,0.41761342,-0.32532138,0.18731411,-0.1485833,6716
0.21518685,0.049279805,0.26013836,-0.14709985,0.4285784,-0.31821936,0.10309185,0.34580278,-0.22167625,-0.551356,0.09773492,-0.11139844,0.51527107,-0.25150043,-0.2976432,-0.0302106,1056
-0.05018747,0.42087036,-0.023964942,-0.33702227,0.015381426,-0.17238158,0.3238841,-0.043594524,-0.19802251,-0.32824785,-0.12571146,0.1515216,0.0037343502,-0.08774389,-0.006820798,-0.12774625,5691
-0.05287905,0.01931151,0.22651039,-0.38735133,0.16161075,0.037238836,0.18067543,0.39906055,-0.12701958,-0.33236238,-0.049967673,-0.15167865,0.5518722,-0.16557097,-0.2765448,0.06767672,2707
0.022743471,0.29519358,-0.23935437,-0.59922266,0.21992624,0.024921658,0.066458926,-0.02799514,-0.49150932,-0.0004195422,0.02659301,-0.118910745,0.21564026,-0.21395051,-0.0477459,-0.018931314,8624
0.0003547594,-0.32845175,0.33199853,-0.10569213,-0.03689065,-0.024051178,0.17597069,0.38345754,0.19352224,-0.9435495,0.042502154,-0.3229549,0.35583168,-0.51263136,0.16442642,-0.2994966,9490
0.17588758,0.10618517,0.28064087,-0.16269776,0.19342531,-0.34640482,0.18545675,0.12107046,-0.2535024,-0.41142112,-0.15882242,0.08120878,0.057298556,-0.15807089,-0.19061418,0.044919774,4503
0.26996565,0.14050315,0.37039304,-0.58705974,-0.35620704,-0.30551884,-0.25931707,0.31489986,-0.35962024,-0.5132873,-0.02354734,-0.27227792,0.41115245,-0.1394977,-0.18167505,-0.19208214,4690
-0.12281935,-0.1926973,0.043476164,-0.2376589,0.72040635,0.20046157,0.2704885,0.7290822,-0.26567507,-0.20557784,-0.13613003,-0.19740039,0.53816795,-0.31950092,-0.0065990984,0.06333871,6854
0.18423074,0.6529299,-0.25643212,-0.5308638,0.49981976,-0.0055852085,0.0499855,0.29141304,-0.3845995,0.10680874,-0.3403109,-0.03423044,-0.19079606,-0.23323709,0.5218886,-0.34944138,3116
-0.41059965,0.109055415,0.10353695,-0.42850733,0.2025573,0.5427188,-0.014699252,0.9445983,-0.8979245,-0.08336943,-0.030923773,0.13287021,0.41149595,-0.19955409,0.17808056,-0.037432507,1829
0.024080083,0.18771964,0.034490645,-0.30496192,-0.0027134866,0.07797649,0.31542978,0.37940085,-0.2970778,-0.5074763,0.09045774,-0.03309965,0.31749395,-0.009394091,-0.181034,0.0516378,2086
0.111921035,0.19360209,0.018797986,-0.13331175,-0.1534333,0.36680067,0.38887948,0.7483582,-0.15815547,-0.5445388,0.27518317,-0.3299655,0.24211821,-0.6412699,0.13046539,-0.044882193,7376
-0.2182169,-0.0380229,0.212501,-0.5823389,0.045110986,0.2721164,0.16173935,0.684994,-0.8139409,-0.19882943,-0.21264736,0.18881993,0.40531227,0.028061055,-0.15205206,0.038167655,2821
0.044957317,0.0234213,0.098510556,-0.5921972,0.014376745,-0.21822506,0.045897413,0.13915907,-0.4897087,-0.23167023,-0.191497,0.26495004,0.19230396,0.08332975,-0.07101543,0.053572297,4098
-0.109329686,-0.053596452,0.11897653,-0.6254839,0.45873392,0.29408747,0.13349915,0.6260709,-0.5947995,0.023963585,-0.2403035,-0.10777964,0.68802106,-0.2733791,-0.24586597,0.0693614,5240
-0.07794795,-0.0011376888,0.22325659,-0.438554,0.016107395,-0.26417226,0.23069927,0.403761,-0.2239955,-0.46621794,-0.00027140975,0.22394621,0.36188856,-0.034537543,-0.29426143,-0.14910957,8605
-0.012570068,-0.056432016,0.05224846,-0.24136826,0.0153351575,-0.06231857,0.10504865,0.44819903,-0.19313805,-0.38573802,0.14266591,-0.06542124,0.34878823,-0.11422698,-0.31937245,0.08513817,1677
0.12953453,0.06308092,0.24293205,0.00887984,0.071927816,0.30360615,0.490555,0.8382476,-0.3574991,-0.9615429,0.22007504,-0.20121275,0.29060888,-0.51838,-0.07096514,-0.19581553,7262
-0.035905257,0.25699756,0.39438632,-0.37097177,0.02857095,0.25677612,0.2826894,0.6991151,-0.2042145,-0.61039686,0.0939207,0.2310228,0.33416834,-0.07067038,0.10913423,-0.01838477,8404
0.024237707,0.05457467,-0.04911605,-0.47279644,-0.063242316,-0.04253188,0.017880298,0.2828838,-0.40766254,-0.03313312,-0.017682742,-0.17450099,0.3342693,-0.034636095,-0.19774804,0.12294484,6184
0.11938643,0.3092529,0.07873662,-0.44349635,-0.056895673,0.21091521,0.15209308,0.5682199,-0.32281342,-0.41304183,0.10913496,-0.30547503,-0.07773882,-0.3332585,-0.05631189,-0.2571953,9870
0.0969972,0.16231695,0.16944766,-0.558903,-0.06539714,0.02662246,0.087006755,0.4157694,-0.41761863,-0.31908,0.022180911,0.13895649,0.09633967,0.0685509,0.034386665,-0.10997155,9883
-0.12753558,0.0001706481,-0.103070036,-0.20331267,0.1999591,-0.18779206,-0.18320124,0.43364203,0.12355199,-0.29123062,0.021657549,-0.28299528,0.5214847,-0.25969017,-0.29131332,0.10579401,6262
-0.2688226,-0.11412389,0.107112095,-0.12659945,0.19917786,0.11629646,0.2343652,0.69580775,-0.39078265,-0.425137,0.29088742,0.3858438,0.62953264,0.14708433,-0.18609712,0.04037334,9705
0.031353347,0.34933585,-0.17030391,-0.26537016,0.24322179,0.3945622,0.3747048,0.5653342,-0.29242298,-0.23687749,0.028078225,-0.49491975,0.26889473,-0.40972725,-0.21257752,-0.36503077,1255
-0.050267354,0.08769876,0.52203745,-0.35332486,-0.09986271,0.2780068,0.10326386,0.9999034,-0.58064044,-0.63638186,-0.017102335,0.05705376,0.25979304,-0.3886819,-0.03329444,-0.10582782,2688
-0.0050565004,0.0011682361,0.18896218,-0.010210782,0.13209146,-0.13348462,0.4034863,0.4260388,0.35790682,-0.74241626,0.17147401,-0.20889197,0.5751015,-0.40298676,-0.021344915,-0.05872199,4934
0.0903711,-0.004633434,0.22264472,-0.031172335,-0.10509513,-0.019112214,0.3247028,0.81160045,0.13209556,-0.5682885,0.02056114,-0.41509253,0.18634462,-0.5594904,-0.032209486,-0.32179594,4411
0.010553926,0.11824995,0.047068626,-0.63201714,0.23589048,-0.019408442,0.042603645,0.45231724,-0.27412894,-0.27999878,-0.3016438,0.060858667,0.3228982,-0.07631567,0.26165444,0.02069056,8249
0.03633429,0.09062094,0.25924772,-0.12782866,0.2902214,-0.013410542,0.3674207,0.5981696,-0.27015388,-0.71935046,0.22575873,0.2195043,0.5467895,0.032252908,0.09389691,0.09414303,5300
-0.1187757,0.13517772,0.037168704,-0.67192495,-0.17455643,-0.011126079,0.250822,-0.042716965,-0.5300368,-0.081836924,-0.3667713,0.039281607,0.042972922,0.04894536,-0.34209293,-0.2616911,2812
-0.10333975,-0.15511796,0.36007717,-0.44038892,-0.15389979,0.37247908,0.11832234,0.5040628,-0.062439907,-0.82881725,-0.22254938,-0.11829758,0.5627213,-0.080182426,0.5059345,0.025764316,9421
0.21886446,0.13452032,0.32212907,-0.4243126,-0.1869832,0.036946006,0.14001822,0.26621556,-0.24787222,-0.513684,0.10115439,-0.08934806,0.25692016,-0.16409749,-0.24020913,-0.018717915,7736
0.25789636,0.36205223,0.024950553,-0.5471854,-0.085196614,0.016898155,0.12867984,0.37510583,-0.3821801,-0.26457265,-0.11175387,-0.437519,0.13209175,-0.20168766,-0.20392819,-0.39595786,8079
-0.42227122,0.16407306,0.19547895,-0.44515043,-0.11211145,0.4474801,0.39052445,0.6339742,-0.5653378,-0.3106821,-0.055028886,0.15124017,0.2903194,0.2878739,-0.18191361,-0.14369713,4725
0.034008592,-0.2361884,-0.35095868,0.064593345,0.21063706,0.260536,0.125969,0.7154431,-0.11189723,-0.4370515,0.12506954,-0.52467793,0.57586074,-0.7750912,0.19433212,-0.25826222,2557
0.11436444,0.17291671,0.03936173,-0.78271997,0.04125288,-0.09041144,0.052787323,0.14839092,-0.60200334,-0.17706838,-0.20380406,-0.053836867,0.14187169,0.12916468,-0.28811088,-0.05961898,8714
0.05898042,0.19007465,0.09881865,-0.37541026,0.25828007,-0.035026077,0.25289887,-0.011879176,-0.075932436,-0.23566923,-0.3412426,0.028663397,0.15547755,-0.22636676,0.06230408,-0.2060466,3849
0.10902636,-0.07930957,0.088013,-0.16900006,-0.0189116,0.035706792,0.010859162,0.67794746,-0.21555302,-0.5269588,0.10242669,-0.14537022,0.67054206,-0.12913808,-0.14675817,0.26604405,1747
-0.0058785304,0.5020374,-0.2550965,-0.5664125,0.09949763,0.09009403,0.12264235,-0.16575095,-0.39545685,0.14413658,-0.35835174,-0.011893302,-0.017599076,-0.20776613,-0.0207171,-0.29150495,1238
-0.34775713,0.15377922,0.09485686,-0.11699292,0.08152936,0.26081705,0.085347705,0.73226255,-0.21829033,-0.543588,-0.1516309,-0.7215756,0.5560887,-0.7251332,-0.27260625,-0.03385344,4249
-0.24330893,0.54189855,-0.15234768,-0.26618126,0.019973882,0.18778415,0.12337381,0.42598668,-0.6566873,0.12271982,0.14303266,0.32467163,0.25197604,-0.45285928,0.10282709,-0.2143347,5739
0.04996282,-0.31200847,0.120824546,-0.090873584,0.31447875,-0.12407754,-0.10654448,0.48308238,-0.34238848,-0.16101961,0.04568325,0.11144471,0.74080276,0.0022002384,-0.25892112,0.39891142,2820
-0.118327975,0.1139863,0.26254603,-0.4750966,0.08791944,0.25136426,-0.036764376,0.69288254,-0.62902665,-0.19678654,-0.05581881,-0.111895256,0.33619222,-0.21095103,4.5001507e-06,0.101938136,7225
-0.14801368,-0.047661565,0.13885595,-0.7524193,-0.121677116,-0.14858764,0.15776573,-0.07688506,-0.57702804,-0.1428124,-0.18562944,0.2622314,-0.16713479,0.17552511,-0.059488207,-0.15291554,2608
0.14743897,0.09139408,0.56824064,-0.3860228,0.11031218,0.28982717,-0.044831514,1.009766,-0.42411795,-0.57708275,0.062305447,0.15514955,0.4201624,0.0038427003,-0.052483767,0.2792234,3181
-0.03220278,-0.46433592,-0.20175016,-0.09263432,0.27395147,0.12806055,0.15671962,0.31448522,-0.588977,-0.19382302,-0.0029507764,-0.10001611,0.9213126,-0.16964209,-0.05573514,0.004628673,7449
0.040989645,-0.15807223,0.16061176,-0.22246696,-0.067614675,-0.24947217,0.07629445,0.43025923,-0.10948144,-0.58636117,0.019461494,-0.11175429,0.4265409,-0.24160436,-0.281933,0.012646645,5620
0.19061895,0.14185235,0.20033987,-0.6167309,-0.29691362,-0.15005732,-0.015479699,0.20188077,-0.55094635,-0.39587167,-0.23847148,-0.25053173,0.016873524,-0.15391779,0.0009094924,-0.29036772,4504
-0.15675156,-0.37732714,0.26960433,-0.072561786,-0.14190617,0.09464305,0.23295479,0.71830195,-0.21518981,-0.8321364,-0.045285687,-0.21290115,0.41637108,-0.3422315,-0.23093542,-0.12690587,5740
-0.042124003,0.0028066486,0.46076024,-0.1023179,0.13169551,0.24354,0.2552584,0.7316867,0.09164086,-0.87108284,0.25391757,-0.19973004,0.6729065,-0.3205945,-0.0068460703,0.10856615,7813
0.23160648,0.021865852,0.3722749,-0.25800496,-0.20727032,-0.16563575,0.24462456,0.1953515,-0.14885952,-0.45921254,-0.16911435,-0.38188943,0.38907307,-0.36100736,-0.3546086,-0.08847529,9645
-0.057042956,0.27070194,-0.098776184,-0.62737954,-0.09691094,0.07422246,0.08808195,0.26962146,-0.6060182,-0.08730737,-0.0086976625,0.13946715,0.08860431,0.1272812,0.020155743,-0.23397051,7143
-0.16724233,0.5657667,0.012178723,-0.47133648,0.07131487,-0.16694438,0.2666136,-0.057924375,-0.30233312,-0.118684396,-0.060061544,0.11387732,-0.048184305,-0.33354282,-0.004892677,-0.0792253,5724
0.0070572346,0.28345487,0.27992648,-0.4510392,-0.10038459,-0.24257773,0.117681645,0.14093214,-0.3050443,-0.29088128,-0.21110293,0.14518727,0.12929285,-0.17566541,-0.07493821,-0.03162168,4110
0.23743682,0.26756704,0.09492127,-0.50644046,0.036964335,-0.1658251,0.08001097,0.07628306,-0.40610862,-0.3547774,-0.082742654,-0.16835675,0.17360473,-0.12960525,-0.0011741817,-0.16616225,6851
-0.018175483,0.39989758,-0.1795156,-0.7692567,0.17121483,0.40003458,0.25331652,0.31180233,-0.6689832,0.11937821,-0.36345175,0.1886624,0.0005183071,0.05799278,-0.2028984,-0.55335546,6192
-0.16444305,-0.054168195,-0.06508287,0.065445304,0.16331616,0.23126715,0.49647906,0.71372,-0.00024415553,-0.8313894,0.34469694,-0.39253855,0.9012599,-0.48229033,-0.15234762,-0.06887011,1398
-0.039882295,0.37680846,-0.084846675,-0.55951583,0.08758161,-0.12162095,0.26760733,-0.12583648,-0.36897945,-0.036410913,-0.33311668,0.2759859,0.084634215,-0.1520145,-0.101945266,-0.10683522,8070
-0.21487732,-0.10910651,0.1296043,-0.23893625,-0.080800556,0.03987593,0.01825888,0.4276553,-0.6322247,-0.19038889,0.20608449,0.13344304,0.5320035,0.057824217,-0.1325609,0.23197354,1679
0.28002095,0.09295216,0.44638985,-0.37728176,-0.4848871,-0.31829348,0.26834786,0.39264393,-0.28393495,-0.73000294,-0.1932926,-0.5211222,0.2657969,-0.45772475,-0.3028574,-0.34792054,6831
-0.012055531,0.26139903,-0.036796287,-0.43578452,0.12805021,-0.24157533,0.13404118,0.032369316,-0.3596918,-0.25944558,0.036586873,-0.0010716617,0.051624574,-0.15213037,-0.08330777,0.1037552,1126
-0.26108557,-0.3887384,-0.059229337,-0.20106727,-0.011481047,-0.04040888,-0.1782933,0.24709675,-0.04745397,-0.9969626,0.38275796,0.00067626685,0.6718563,-0.26249015,0.10694921,-0.19019468,3007
0.1447819,0.15858628,-0.13752846,-0.42933822,0.21939167,-0.11337291,-0.026903104,0.13923639,-0.38396657,-0.071103364,-0.10068058,-0.062465675,0.23623323,-0.10905564,-0.093544066,0.08125976,9138
-0.21970569,-0.09975001,0.13297504,-0.29372957,0.16569214,0.025859736,-0.21628523,0.6304089,-0.40692365,0.010516614,0.10754663,-0.046883464,0.6971439,-0.0640842,-0.26667213,0.22630844,3087
0.092524916,0.2446891,0.12738016,-0.6605202,-0.058553346,0.13825421,0.00031293184,0.4599762,-0.3941204,-0.16656987,-0.062824,-0.04790623,0.11313837,0.078587085,-0.030541152,-0.16662551,9800
0.080546364,0.08602731,-0.13063599,-0.052831948,0.28857085,0.034629367,0.20397153,0.2490606,-0.1981302,-0.3266292,0.21561575,-0.08761157,0.5327296,-0.17751443,-0.22457567,0.06600058,2549
0.033401847,0.037066877,0.033540905,-0.06996627,0.20007667,-0.0828266,0.17241938,0.42803258,0.12716801,-0.49094135,0.18153577,-0.068923175,0.44304702,-0.24282584,-0.33728525,0.03808053,3105
0.07067262,0.067621164,0.19074434,0.0328314,-0.07143366,0.05795122,0.23826534,0.81499606,0.03554207,-0.6069036,0.2641711,-0.13287036,0.28748134,-0.31430697,-0.18844688,-0.11884454,5098
-0.16261217,0.31647354,-0.08900824,-0.57980204,-0.077232264,-0.3754894,0.19303744,-0.25400034,-0.3363522,-0.41973692,0.00018545985,0.059041053,-0.08275592,-0.28497934,0.2638642,-0.23883854,9564
-0.008613765,0.08103986,0.16213697,-0.28785494,0.036774825,0.54136366,0.2776202,0.8379059,-0.9452659,-0.5315597,0.1344591,-0.1950603,0.61315095,-0.2881792,-0.23156343,0.12725545,9159
-0.088310525,-0.07984154,0.18961918,-0.17355305,-0.050774764,-0.24127482,0.15317139,0.60640955,-0.21258473,-0.7213695,0.14606684,-0.36517003,0.54779726,-0.5833483,-0.5091571,-0.32866848,3375
0.08460444,0.20873107,-0.056368098,-0.4089486,-0.095686354,-0.009052306,0.1408925,0.2688667,-0.29162413,-0.20317441,0.09569389,-0.21191484,0.06718095,-0.09965303,-0.0296119,-0.11307821,3891
-0.10469009,-0.4063198,-0.2619129,-0.47278884,-0.03412272,0.38751462,0.2285235,0.33472255,-0.56783056,-0.5011466,0.14138061,0.20344147,0.85701317,0.36251938,-0.592969,-0.17293434,7803
-0.24094222,0.33336762,-0.13994908,-0.13332714,-0.27241966,0.11294036,0.5367606,0.295279,-0.4192344,-0.7269019,0.6336905,0.30150136,0.47087806,-0.260249,-0.045488015,-0.44025514,6011
-0.14085945,0.18697692,0.1929549,-0.64489245,-0.08067465,-0.42435065,-0.00019981153,0.010373846,-0.6330583,-0.10080294,-0.2001467,0.18840605,-0.044514045,-0.019709967,0.04587564,0.006165862,1043
0.21492477,0.28723076,0.07789036,-0.6073178,-0.118671894,0.1332234,0.004262559,0.29258054,-0.27884492,-0.18854915,-0.09728396,-0.16715224,0.0048639476,-0.12557201,0.053784534,-0.40426886,8611
0.051499724,0.091010675,-0.070083775,-0.07170251,0.09346563,0.25369042,0.28736842,0.5823051,-0.3730912,-0.48064837,0.21225503,-0.14066243,0.34418234,-0.3276878,-0.1448947,-0.016862392,6438
-0.18947342,0.17838421,0.16455114,-0.19163725,-0.03959313,0.098773204,0.20257793,0.6337285,-0.45386082,-0.49279106,0.09086626,-0.0028044432,0.45709595,-0.27896702,-0.08911742,-0.009537712,8335
0.18773785,0.051422387,0.11467703,-0.263951,-0.06046331,-0.12881927,0.25107467,0.37084436,-0.36471435,-0.38927215,0.03724277,-0.17760333,0.7355708,-0.166709,-0.27360433,0.103706434,3788
-0.33537567,0.09906394,0.3228033,0.13115567,0.32528758,0.30113015,0.4106083,1.0344899,-0.2136061,-0.8017423,0.39748347,0.28188974,0.6495472,-0.029331863,0.14603114,-0.04773058,2570
-0.09935381,0.008385481,0.27054438,-0.44007963,-0.076083034,0.11222982,0.3025969,0.669272,-0.5590085,-0.44064665,-0.011572968,0.39377153,0.38816378,0.10017772,-0.19356927,0.01173386,8943
-0.013242513,-0.025076166,0.40649468,-0.34615663,-0.13001458,-0.07292722,0.39001152,0.5855476,-0.33750644,-0.7700646,0.05913338,0.010470293,0.39456165,-0.154288,-0.3243568,-0.33152795,5965
0.06372091,0.06668961,0.18241361,-0.51448464,-0.045055047,0.0124074,0.026797239,0.5210963,-0.57423455,-0.27230144,-0.28117362,-0.16416,0.32967544,-0.18108028,-0.3275776,0.09964221,5323
0.16277085,0.048359547,-0.2262798,-0.2115803,-0.031180143,0.07989581,0.15205935,0.4024417,-0.16534778,-0.19698338,0.11460489,-0.44490165,0.27246135,-0.33071682,-0.2605142,0.00082559884,6517
0.3083876,0.5804907,0.14593402,-0.6081354,-0.3808121,0.24678962,0.13577124,0.13177317,-0.622586,-0.16460231,-0.33480993,-0.41868585,-0.25446114,-0.312837,-0.25200814,-0.5724324,5664
0.10665448,0.19510968,0.013621343,-0.4953363,0.03802058,-0.14376819,-0.012679627,0.17559847,-0.3343219,-0.19846396,-0.01167905,-0.063840486,0.26189214,-0.039263345,-0.18008435,-0.057802215,8242
0.114892654,0.22563586,-0.076693356,-0.43090442,0.37135178,-0.1990084,0.023118503,0.09485857,-0.5021829,-0.106488705,-0.086397626,0.084426686,0.45317215,-0.28053477,-0.15975356,0.25864995,2716
-0.041413993,-0.126312,0.31980735,-0.17760536,-0.25849363,0.008961778,0.24831057,0.38993466,0.14368379,-1.0156653,0.09231663,-0.7167244,0.4893954,-0.7944331,-0.10229583,-0.35869005,7338
-0.037605077,0.3962279,-0.1357104,-0.68366784,-0.052386902,0.08027226,0.07793049,-0.15544036,-0.5537465,0.082867,-0.26660818,-0.06438096,-0.032450467,0.017883971,-0.117684275,-0.2897374,5611
-0.009453967,0.36915642,0.24460316,-0.40770096,-0.11668843,-0.18363065,-0.11768356,0.12267367,-0.43631685,-0.09759977,-0.24499363,-0.22437757,-0.032183528,-0.29385006,-0.119360685,0.011728682,2021
0.09771698,0.13275649,0.13459833,-0.45293742,0.005524829,-0.06329384,-0.0048303213,0.33445802,-0.27764606,-0.19860306,-0.07131926,-0.1456781,0.2768543,-0.08188864,-0.17249179,0.0419534,8160
0.004521817,0.11497105,0.03617351,-0.18364781,0.048745632,0.1002328,0.43398044,0.3985129,-0.32760748,-0.63310814,0.30403486,0.091154575,0.16820832,-0.19014281,0.09247115,0.18967667,6760
0.28201973,-0.06784867,0.33022773,-0.18118787,-0.22231203,-0.080729805,0.039686788,0.5797965,-0.34214726,-0.82649624,0.04143712,-0.25327754,0.3980022,-0.18663001,-0.28099698,-0.099203244,7994
-0.003999889,0.23291183,0.42656204,-0.28792012,0.15500574,-0.08350033,0.31963134,0.1575806,-0.043968737,-0.4490274,-0.09987179,0.049039073,0.16176745,-0.3049739,-0.00074225664,-0.07209431,2178
-0.22354342,-0.03469969,0.22464845,-0.629246,-0.057595596,0.062089615,0.17524037,0.44907594,-0.88434964,-0.1511462,-0.2199643,0.10453871,0.30370605,0.032250516,-0.35110667,-0.1476719,3530
0.0059521794,0.0075861467,-0.26594773,-0.34757817,0.19531025,0.20752196,0.2721678,0.31059355,-0.05565775,-0.41323984,-0.015152454,-0.25325248,0.3016711,-0.1769204,0.089000165,-0.38407397,2183
-0.06778774,0.15223692,0.25006977,-0.53791434,-0.10824454,-0.054528438,0.2561283,0.47003055,-0.5901355,-0.27033475,-0.25537786,0.1991042,0.18408848,-0.1320081,-0.26862752,-0.190133,4820
0.0027585924,0.065117545,0.030935198,-0.5967097,0.08166943,0.12438214,0.010698451,0.45802045,-0.6802739,-0.011602104,-0.11242044,-0.025817603,0.2852596,-5.2928925e-05,-0.2292142,-0.16067374,8555
-0.2764846,-0.11697663,0.2648819,-0.14126475,-0.040576987,-0.03582827,0.4489325,0.5886023,-0.5096654,-0.3959908,0.18923399,-0.097124666,0.78808886,-0.23482835,-0.8664602,-0.0927666,5652
-0.033325583,0.45827812,-0.030232372,-0.066752106,0.074580826,0.6308959,0.5800918,0.6961293,0.010828093,-0.7260455,-0.112430364,-0.7408664,0.27374247,-0.79538494,-0.22960001,-0.3257116,9958
-0.19773133,0.25485885,0.22453876,-0.2933891,-0.06990929,0.17899588,0.48196656,0.39286718,-0.12344677,-0.21537116,-0.0046355277,-0.11775702,0.31970206,-0.19522808,-0.6179215,-0.15756941,9708
0.13069862,-0.069179475,-0.41263348,0.16103059,0.18187246,0.12476219,0.3257712,0.66466564,0.077588454,-0.6640905,0.27999994,-0.57327664,0.61903334,-0.5604758,-0.11474249,-0.07723002,8824
0.010889836,0.18631735,-0.20655844,-0.3530234,0.39446878,-0.026391149,0.008038059,0.14324924,-0.30691224,-0.25633085,-0.12519519,0.07133351,-0.09692299,-0.18164703,0.2965061,0.019934535,9895
-0.06826049,0.23494232,0.011211436,-0.45785058,0.070563436,0.0819448,0.13839583,0.3046971,-0.5680411,-0.14203519,-0.11067514,-0.02400262,0.1856402,-0.18259099,-0.3836838,-0.14824232,7327
-0.06348096,0.15402448,-0.15900576,-0.45023012,0.35545114,-0.16807535,0.06067935,0.25299758,-0.19571973,-0.19761422,0.027531609,0.04933758,0.32307306,-0.04253653,-0.12858477,-0.17661512,2849
0.11326154,0.20945108,-0.15280268,-0.18669116,0.4355369,0.06827246,0.29953742,0.20330648,-0.3383534,-0.14459957,-0.0061158948,-0.023253955,0.34846663,-0.18286073,-0.12703131,-0.040150285,2303
0.13243249,-0.06276178,-0.14145637,-0.47632253,0.35514823,-0.12912433,0.01910391,-0.08466693,-0.59474695,0.1628118,-0.3907059,0.40095037,0.35251206,-0.0078057908,-0.07481657,0.26854074,5643
0.11192216,0.57066834,0.09794899,-0.63324076,-0.117702894,-0.12639709,0.009504676,0.28340456,-0.50981754,-0.15997332,-0.17152312,-0.13376398,-0.1122912,-0.19152598,0.19966264,-0.21652699,7772
-0.19997609,-0.19762146,0.11948347,0.12286818,0.5440828,0.32810205,0.50335807,0.38304904,0.18535176,-0.9441493,0.22655162,-0.2788969,0.7159398,-0.49708062,0.105888784,-0.21689467,1209
-0.13205816,0.23973536,0.2570254,-0.37991083,-0.09182157,-0.2056336,0.11073739,0.3119047,-0.3150385,-0.280093,-0.14352211,-0.09297901,0.18734042,-0.33104375,-0.3015403,-0.053754658,9127
0.17290358,-0.116287366,0.12732926,-0.3626404,0.35062632,-0.22603697,0.14533155,0.15112114,-0.4243908,-0.44859937,-0.13055392,0.28708223,0.47322372,-0.012514584,-0.01989615,0.33769622,6248
0.2530284,0.027137863,0.11350458,-0.41149807,0.061425816,-0.024257652,0.06147043,0.41662264,-0.42244506,-0.3042276,-0.14054604,-0.12138672,0.3893087,-0.13370241,-0.11444175,-0.17591575,5087
-0.10754228,0.08122732,-0.017231885,-0.18690565,0.115199134,0.320321,0.14460953,0.7282456,-0.5551419,-0.1845907,-0.072776414,-0.5520968,0.43248534,-0.5548875,-0.44716838,-0.10890563,5606
0.21861795,0.12305377,-0.107841656,0.021844894,0.5282974,0.030133765,0.34344104,0.6814779,-0.33973137,-0.4459585,0.121916845,-0.14808445,0.40659875,-0.21404684,-0.20517063,0.13779509,7608
-0.19578475,0.6885808,-0.24203134,-0.73528,0.0732671,-0.01796043,0.08684671,0.17362541,-0.6723746,0.24239863,-0.29863206,0.31288517,-0.12123139,0.003197357,0.181918,-0.314242,9031
0.017273352,0.13753897,0.017599415,-0.41561896,0.19447562,-0.16419308,0.22834326,-0.06834392,-0.14392677,-0.18112126,-0.39217502,-0.096728146,0.36454588,-0.24533862,-0.16217805,0.07823473,1245
-0.009345949,0.14419132,-0.03852206,-0.08392835,0.25824282,0.2047894,0.3602383,0.5995095,-0.15756002,-0.365,0.1514796,-0.3936875,0.5740611,-0.4125798,-0.14586177,-0.08399701,8527
0.057518788,0.029641539,0.0065015284,-0.26497748,0.4732447,0.09600949,0.2551226,-0.07269268,-0.21257713,-0.19751084,-0.19445279,-0.20045972,0.4824018,-0.3879374,-0.07639623,0.09222919,2175
0.053926185,0.08704838,0.12374875,-0.4932886,0.021529108,-0.027561475,0.07391845,0.33428252,-0.42599195,-0.29216263,0.0070040394,-0.13688047,0.29329154,0.011976004,-0.42251837,-0.11795841,4558
0.026919499,-0.13894263,0.22997499,-0.41352844,-0.19497621,-0.056516543,0.25197434,0.6167903,-0.6380975,-0.49859846,-0.124732524,0.057147756,0.30084422,-0.06435796,-0.5403754,-0.00038349628,6845
0.21355362,0.011892844,0.018945694,-0.26448935,0.0050408393,0.10698736,0.20259255,0.553266,-0.36609447,-0.33303106,-0.053154137,-0.24092963,0.28561044,-0.3248155,-0.30138323,0.16420838,5790
0.1146912,0.0029188432,0.03162258,-0.25544238,0.19194499,-0.42247027,0.05378467,0.22108261,-0.22798166,-0.41072991,-0.04915598,0.15777114,0.31176376,-0.24816117,0.058729127,-0.0037996173,1414
-0.082100585,0.004639536,0.27936313,-0.8394917,0.1295349,-0.11857149,-0.09364271,0.3850568,-0.7608639,-0.029232785,-0.5994915,0.06705406,0.27797204,-0.08213007,-0.31055593,0.21388981,7819
-0.11698656,-0.26771176,0.15860331,0.18619865,0.07642867,0.051405348,0.07777664,0.80152434,-0.06232427,-0.5992081,0.28826618,-0.073871695,0.6592934,-0.18336639,-0.33245173,-0.0128276795,2909
0.08506959,-0.15396118,-0.0012125946,-0.043810517,0.30779183,-0.04258996,0.14686492,0.5829814,0.022624776,-0.5298051,0.045269836,-0.24638171,0.5472663,-0.28117698,-0.16286384,0.000112861395,9648
0.16492519,0.11970009,0.22035249,-0.57487535,-0.09782642,-0.061276518,0.153164,0.17654544,-0.362902,-0.22919996,-0.17202058,-0.080183804,0.16681203,-0.053483237,-0.20727742,-0.1824801,7832
0.08501618,0.04414106,0.100621834,-0.45696777,0.18068314,-0.23068991,0.05423899,0.20409508,-0.43822008,-0.21727529,-0.10055154,0.031517193,0.34400985,-0.12545308,-0.33447683,0.20507592,3365
-0.23925881,0.06170488,0.27888644,-0.20244668,0.16230586,0.058064237,0.45768547,0.74840856,-0.6399033,-0.5924757,0.148821,0.43324628,0.43042672,-0.08159241,0.26626518,-0.017725632,6045
0.21016067,0.16094984,0.251744,-0.23052087,0.084892966,-0.0030244142,0.3763817,0.03569193,-0.103774786,-0.47609773,-0.1250396,-0.17400664,0.24424252,-0.2626235,-0.17921713,-0.12595648,1627
-0.2612188,-0.09601749,0.08440457,-0.2784473,0.07993711,0.08800375,-0.09286596,0.6201922,-0.73818445,0.041155607,0.14848696,0.096854955,0.6520473,-0.04498294,-0.20691155,0.18293814,9894
0.04177448,-0.1496807,0.0555762,-0.18329188,0.10024003,0.11390769,0.28443813,0.62140065,-0.16641802,-0.44122022,0.103994444,-0.33327353,0.7428594,-0.33049622,-0.34313288,0.1280174,6300
-0.06326379,-0.24347273,0.0354315,-0.100594565,0.3722825,0.057601035,0.2839146,0.51527226,-0.1514818,-0.45915106,0.16892338,-0.22515047,0.84745383,-0.29361808,-0.6797658,0.008397251,2857
0.17487395,0.06346332,0.06807259,-0.36320752,-0.025212243,-0.13499574,0.13020381,0.35710958,-0.43483934,-0.52312577,-0.085490845,-0.12971297,0.11368871,-0.23807655,-0.15509999,-0.05357769,9703
0.15995671,0.09041111,0.06323838,-0.43998238,0.17963704,0.06258668,0.08034303,0.5065645,-0.5054806,-0.17049536,0.016501583,-0.18348661,0.37743264,-0.1102377,-0.392909,0.020632207,6073
0.1389658,-0.07831924,0.012023382,-0.20989129,0.18302792,0.012574341,0.39027548,0.38864827,-0.1871511,-0.46015233,0.14908049,-0.23754042,0.7219353,-0.18395726,-0.5726591,0.11023229,5906
0.10171086,-0.018620498,0.106030256,-0.47223234,0.019477405,-0.43305966,-0.013025023,-0.058694392,-0.64431477,-0.12251443,-0.16904987,0.12538815,0.27181178,-0.043900725,-0.20581664,0.29726672,3222
0.0522179,0.0026726648,0.09682578,-0.49972403,0.0024419203,-0.028445497,0.12430194,0.27464885,-0.56177896,-0.21236503,-0.106414296,-0.02093342,0.33953813,0.00045349076,-0.38259283,0.08083691,3721
0.02394304,-0.07761278,0.3476264,-0.37827566,-0.16717681,-0.030189151,0.38177872,0.14292106,-0.2964206,-0.4846713,-0.20326097,-0.047294293,0.51232886,-0.22845636,-0.24754778,-0.27570394,1074
0.027908161,0.093434274,0.37478283,-0.32277453,0.21572834,0.15676391,0.14955965,0.60761285,-0.17596276,-0.58863914,0.0038338294,-0.107819065,0.39347696,-0.17892984,0.09986505,0.081437215,7751
-0.11745612,0.57465774,-0.0006933976,-0.41547677,-0.27738193,0.23396894,0.3135883,0.015344255,-0.2820178,-0.21968982,-0.04047671,-0.11841006,-0.0973748,-0.18448982,0.09545651,-0.28992474,8569
-0.17522621,-0.40048113,0.45954657,-0.25206596,-0.107876524,0.15939644,0.03724501,1.1241908,-0.3879813,-0.8170243,0.003202051,0.11321527,0.49916384,-0.087984964,-0.11888416,0.018065363,2924
0.29037663,-0.31981838,0.12589401,-0.16265142,0.11585119,-0.27283546,0.07896571,0.20680779,-0.1748739,-0.49489912,-0.2890138,0.070308134,0.37393352,-0.14478198,0.1305745,-0.06340104,6885
-0.012005329,-0.010722309,0.013987326,-0.011306971,0.45777392,0.2311571,0.29470178,0.3425546,0.0855138,-0.62139976,0.09222624,-0.3259279,0.489837,-0.46458334,0.029147223,0.040427506,5338
0.06383316,0.24282753,-0.2463439,-0.40761107,0.1324679,0.042737685,0.04587983,0.32615542,-0.41668928,-0.058570877,0.11396678,-0.061312318,0.26279306,-0.05403978,-0.03437385,-0.19511719,6266
-0.23395003,-0.5775908,-0.48556608,-0.058939636,0.034066945,0.56254816,0.31585607,0.48308086,0.5045631,-1.4027987,-0.048775822,-1.0713983,0.5102727,-1.0715909,0.357413,-0.6817625,5348
0.12823156,0.26107788,-0.19573176,-0.20603305,0.119407155,0.19225161,0.3495774,0.3973716,-0.36272365,-0.31573817,-0.04509542,-0.3214192,0.33660668,-0.20259078,-0.2559422,-0.29223078,3781
-0.23711313,0.1007123,0.200104,-0.026105493,0.16531305,0.54712355,0.37626153,1.0678046,-0.34690177,-0.82450026,0.32058382,0.021761835,0.6861208,-0.32497656,0.09043394,0.055352584,2281
0.0933038,0.2390576,-0.034235053,-0.62755924,-0.22226997,-0.054658785,0.23983659,0.15823504,-0.36224586,-0.21175393,-0.12551019,0.09566805,-0.12427701,0.20748883,-0.11308621,-0.37103343,7220
0.036899887,0.05612201,0.23076627,-0.4037196,-0.071591206,0.19250587,0.28788796,0.3842039,-0.42264423,-0.28147906,-0.055373497,-0.3368596,0.5402856,-0.25932783,-0.4460752,-0.23430157,8779
-0.03418897,-0.29464665,0.025470208,-0.0055942237,0.20529108,0.13191538,0.062232237,0.6153405,0.27889296,-0.6969378,0.17954117,-0.3074602,0.4346621,-0.4724946,0.12968194,0.0111655,2945
-0.11926164,-0.07254498,0.1256993,0.32710087,0.6863536,0.09919944,0.58836275,0.67414665,-0.23311347,-0.8516481,0.39451724,0.10767506,0.7955127,-0.2210032,0.037750468,-0.1454143,5640
-0.034712836,0.21949278,-0.04033895,-0.42686754,0.082428396,0.30495965,0.31094038,0.40997112,-0.27673495,-0.2566821,-0.031306017,-0.06940192,0.39483786,-0.13715158,-0.24954098,-0.22620408,4192
-0.05458972,0.13795678,0.17408863,-0.334715,0.18882239,0.69460523,0.17840698,0.92162347,-0.9546591,-0.42755958,0.013501342,-0.0097761005,0.2759416,-0.3353461,-0.03158903,0.02355735,7328
-0.33981246,0.1448574,0.6527085,-0.3089931,-0.27324712,0.20813657,0.32541326,1.2394601,-0.64120215,-0.89301,-0.06158768,0.3365335,0.6017309,-0.03848066,-0.2574171,0.25717324,3935
-0.18144104,-0.004055515,0.39974844,-0.3071608,0.2623918,0.4231965,0.3664552,0.90727496,-0.26289344,-0.7367564,0.11000568,0.10508229,0.6500026,-0.08830733,0.25274163,0.009519979,7728
0.0008214116,-0.19324772,-0.38773936,-0.3191258,0.4936307,0.1656323,0.18296476,0.40273136,-0.19255468,0.015558772,0.040185012,-0.102654606,0.7899933,-0.31316492,0.26402932,-0.13256547,6088
0.046069026,0.35917383,0.10578809,-0.55709815,-0.05937717,-0.097329006,0.32158035,0.37902603,-0.52961504,-0.28181106,-0.08875725,0.1950931,0.087373145,-0.06605208,-0.22185597,-0.49857622,8359
-0.06537975,0.18802541,0.17334211,-0.64015067,-0.18082431,-0.043963756,0.25886875,0.17815082,-0.46640226,-0.1571873,-0.274745,0.068765044,0.14344795,-0.02437103,-0.4432494,-0.31941152,7351
-0.049613684,-0.001473628,0.07289204,-0.3021913,-0.14153618,0.052298866,0.25676417,0.32969853,-0.69671243,-0.27584893,-0.02469879,-0.08555851,0.24102,-0.23325926,-0.22850005,0.09366482,7387
-0.38976645,0.11411831,0.16580449,-0.5543156,-0.24302271,-0.071278244,0.2866735,0.4378394,-0.70543605,-0.11382531,-0.093581825,0.4579496,0.27634642,0.02606482,-0.29116338,-0.15721202,1404
-0.11057173,-0.29457226,0.15320212,-0.28037363,0.3345044,0.07433644,0.013939194,0.5326562,-0.15333438,-0.34345883,-0.050032742,-0.06382992,0.77716875,-0.21456268,0.00983271,0.20257984,1814
0.0052966177,0.16339323,0.22908095,-0.17768948,-0.14545485,0.048741862,0.14558733,0.27121556,-0.29250243,-0.38602713,0.13852492,-0.36915848,0.39387518,-0.5569834,-0.3771316,-0.26824296,6788
0.03696619,0.06512003,-0.029466186,-0.38528645,0.23966274,-0.012312219,0.13492689,0.43219337,-0.14689577,-0.23174646,-0.03120286,-0.14698789,0.41657552,-0.2521712,-0.045107067,-0.045862973,7312
0.00776875,-0.009496853,-0.37290442,0.15486568,0.12312687,0.14057487,0.20564502,0.5892087,0.0391165,-0.46729934,0.1932482,-0.51343626,0.0944459,-0.84801567,0.038342297,-0.013313919,3660
0.33067727,0.31167462,-0.075115204,-0.5180819,-0.102779835,0.11609414,0.05639014,0.4562087,-0.491333,-0.33595777,-0.060237784,-0.5560812,0.0097323805,-0.30936408,-0.015003264,-0.19973177,3495
0.1881648,-0.10239634,0.15666652,-0.27314833,0.10557788,0.0068874736,0.014166913,0.2881625,-0.2382122,-0.5077743,0.08449269,0.12041798,0.44778335,-0.12734792,0.15170826,0.09993213,9761
0.14783381,0.051839873,-0.5129256,-0.37243888,0.42266852,-0.21812084,-0.028159201,-0.73574156,-0.463444,0.10634169,-0.9674089,0.18244565,0.1431834,-0.37258428,0.5317733,-0.16641717,7321
0.15348418,0.056656554,-0.19464889,-0.24245879,0.14233227,0.2744566,0.18632106,0.54404813,-0.3936817,-0.18395056,0.027215146,-0.46259362,0.24919572,-0.37955198,-0.28251228,-0.024968967,8074
0.4094128,0.21406907,0.07692182,-0.32693332,-0.05750345,-0.13679829,0.034355573,0.31734696,-0.56947714,-0.43063828,0.023596976,-0.20555577,0.15620582,-0.19929922,-0.067018434,-0.40882608,3256
0.053744525,0.1957573,0.16348137,-0.7055306,0.0755125,-0.13118765,0.13109879,0.09649181,-0.29409045,-0.05074127,-0.39330757,0.0030772984,0.45704633,-0.14657067,-0.14643046,-0.055624217,6168
-0.31613654,-0.043157496,0.20133251,-0.3181402,-0.007835776,0.43461958,-0.14627977,0.9922625,-0.7589967,-0.4376136,-0.041498333,-0.21285231,0.58679354,-0.052376144,-0.117738724,-0.025371313,2301
0.082192704,0.22032878,-0.15545914,-0.31143668,0.08034346,0.055810843,0.25537923,0.2919247,-0.36718905,-0.2527143,0.14258066,-0.18281904,0.31176004,-0.2150323,-0.18521336,0.008565545,4108
-0.100946486,0.08021903,0.3180387,-0.5013859,-0.09424603,-0.17641976,0.007043734,0.4374311,-0.45795867,-0.25810835,-0.046064317,0.19617525,0.27203578,0.05440756,-0.0580862,0.0965349,6608
-0.04594925,0.5628364,0.27874446,-0.6008797,-0.3282997,-0.09265522,0.17968236,0.012717277,-0.49811244,-0.15028855,-0.494638,-0.285527,-0.11770111,-0.41940448,-0.23487124,-0.50349444,8803
0.44597298,0.10934507,0.34598258,-0.7368417,-0.33659768,-0.2506232,-0.026142936,0.21437523,-0.5000592,-0.53350526,-0.260271,-0.2363444,0.06816722,-0.08337912,-0.09754814,-0.38883936,1058
0.103457615,0.16786548,-0.262188,-0.31310692,-0.04758396,0.06251297,0.16190726,0.21471953,-0.19205824,-0.18562387,-0.03214743,-0.22818568,0.15429717,-0.18079312,-0.16219582,-0.12013863,7340
0.08672702,-0.015047535,0.28033012,-0.2431839,0.14586261,-0.0073909797,0.29153082,0.30372316,-0.1458835,-0.572126,0.11223217,-0.10754832,0.4891593,-0.2068674,-0.2257093,-0.0164797,9500
0.12564717,0.119518176,-0.050392963,-0.40699315,-0.11830349,-0.10471414,0.061457545,0.32840073,-0.21528952,-0.2997415,0.04980287,-0.22446036,0.23461984,-0.12527959,-0.11595824,-0.2078832,4435
0.08583374,0.35338205,-0.19390781,0.08046457,0.21885878,0.50865185,0.37057263,0.9202106,-0.3920048,-0.4611233,0.10312189,-0.5474996,0.24204972,-0.85680526,-0.3865464,-0.08692643,2801
0.1430776,0.08452313,-0.039086696,-0.63309056,0.12574604,-0.017178604,0.0391672,0.12112935,-0.62056625,0.019089624,-0.2605147,0.21367641,0.36711738,0.0038489476,-0.14218543,0.011321455,3807
0.07267278,-0.0072671175,0.560451,-0.19904205,-0.24525976,-0.11359129,0.0748721,0.563146,-0.401061,-0.58599925,0.12057337,-0.0074889883,0.39148414,-0.37895378,-0.25167742,0.017256692,2039
0.354283,-0.011518918,0.2827533,-0.12655248,-0.21709973,0.39666745,0.25001413,0.8666254,-0.41093934,-0.9502177,0.42848215,-0.42646798,0.23619054,-0.5523384,-0.011243522,0.34208032,3915
-0.20421001,-0.060718626,0.19401254,-0.54633623,-0.19439416,0.015391663,0.12675095,0.3868099,-0.75995934,-0.123751104,0.09928985,0.1592082,0.10411059,0.07195668,0.085739195,0.014820814,7997
0.07695067,0.15306878,0.12883574,-0.46475005,-0.14474376,-0.034043692,0.43913692,0.5207578,-0.90930396,-0.23759422,0.021415919,0.2596429,0.25909236,-0.13597855,-0.40120518,-0.12503648,6992
0.16819046,0.29935062,-0.07122232,-0.4433432,-0.046642892,-0.008677587,0.050860446,0.12212856,-0.27648696,-0.101042755,-0.07582852,-0.2270329,0.15312502,-0.13475533,-0.11293272,-0.18225503,4569
0.065643236,0.3408718,-0.12854454,-0.4818195,0.2831688,-0.103069596,0.066786565,-0.15397024,-0.46172938,-0.015500583,-0.23377335,0.08246589,0.20199561,-0.19823055,0.19172654,-0.16570419,2651
-0.16973342,-0.14404418,-0.07620683,-0.4476518,0.32228068,0.21726263,-0.09716086,0.7076903,-0.3250899,-0.058804877,-0.12516591,-0.33259732,0.4272185,-0.34430784,0.07560241,-0.05006832,6003
0.31910592,0.20067954,0.14000657,-0.48366147,-0.18265578,-0.14815763,0.07276992,0.28353032,-0.39667928,-0.37144274,0.047773696,-0.13189092,0.09735222,0.0057345144,-0.12409674,-0.21086743,6819
-0.14272457,0.15572299,0.1423338,-0.56082875,-0.11609296,0.08269514,0.30074537,0.20549515,-0.48667306,-0.28080565,-0.30404395,0.17603528,0.43094677,-5.2034855e-05,-0.13853163,-0.06382167,7435
-0.16417193,0.18168873,0.5029391,-0.3069489,-0.26468343,0.37701675,0.54113775,0.77547073,-0.20365623,-0.75870025,0.049188405,-0.03829556,0.7214709,-0.15491651,-0.31102806,0.06472674,4987
0.16925405,0.26442927,0.0634865,-0.056283444,-0.15734889,-0.010937531,0.53400356,0.43115562,-0.011254489,-0.73448557,0.19383255,-0.34725866,0.3247648,-0.3746093,-0.26132235,-0.20341009,2266
-0.3090491,0.40586913,0.22806491,-0.503562,-0.15645772,-0.18519923,0.57917255,0.25315693,-0.3875681,-0.19797474,-0.14436829,0.50807315,-0.12891969,-0.20574471,-0.26014167,-0.47331345,1563
0.32914227,0.26219657,-0.105221406,-0.35226914,-0.22793011,0.047859326,0.2783539,0.31670278,-0.3807737,-0.47257495,0.1299194,-0.42162484,-0.074747324,-0.35913467,-0.010899097,-0.18832938,9234
0.01706449,0.11342728,0.030933714,-0.27744925,0.17007744,0.09337524,0.08835648,0.36179602,-0.31791162,-0.33684075,0.051955625,-0.20927987,0.5020433,-0.25814298,-0.17524043,0.0915976,3293
-0.46262997,-0.3382298,0.12556717,-0.13818699,-0.27837086,-0.04814048,0.24838333,0.67535007,-0.37927207,-0.5941756,0.21841916,0.2990351,0.25395605,-0.18095875,-0.10647969,-0.32914025,4196
-0.092144564,0.038460962,0.29623288,-0.103171885,-0.03305675,0.05864809,0.24873352,0.7177098,-0.4758178,-0.66036063,0.18206102,0.30729106,0.16065378,-0.075349905,0.109259695,0.12779108,4182
-0.13888556,-0.00075871125,0.11337988,-0.5470699,0.083217226,0.19692755,0.10582524,0.6432682,-0.6272589,-0.0725739,-0.09503449,0.24593367,0.42877677,0.04641879,-0.17144427,-0.16095899,2331
-0.2739269,-0.0089289285,0.19597499,-0.06116098,0.2362582,0.51386666,0.17391753,1.1239825,-0.58511484,-0.45424694,0.10520059,0.08794986,0.33853748,-0.3791571,-0.06190914,-0.081899256,6989
-0.048830435,-0.08291554,0.36183843,-0.5723759,-0.13445279,-0.3075386,0.22983158,0.42624366,-0.7954198,-0.6405572,-0.49044538,0.3367141,0.4442005,0.28340024,0.13126566,0.08865081,9715
0.27320385,0.6907321,0.29503727,-0.38657954,0.026332848,-0.076149546,-0.04036434,0.5221217,-0.5195607,-0.5761317,-0.11687479,-0.43082434,0.4016596,-0.5547527,-0.075209826,0.10381383,6323
0.21288243,0.07462472,0.040035505,-0.417719,0.15704481,-0.00823373,0.18196668,0.30477855,-0.51403236,-0.32402325,-0.09144707,-0.02895169,0.29854637,0.011841249,-0.33151758,0.13220876,6955
-0.04829678,0.3854658,0.010631293,-0.300262,0.22183861,-0.26042545,0.30582148,0.079997815,-0.29252332,-0.3381734,-0.050212014,0.3161277,-0.12951237,-0.085355036,0.11225572,-0.1195057,8275
-0.10151149,-0.2382249,0.25165257,-0.16775072,-0.01824727,-0.11124289,0.12798871,0.3509075,0.09398387,-0.609278,0.049753517,-0.13139705,0.32285368,-0.4155309,-0.08011001,-0.22460246,7077
-0.23316473,0.36570936,0.17694767,-0.06789264,-0.13586779,0.06914185,0.1838111,0.4311878,-0.40746924,-0.47319403,-0.09181353,-0.05831556,0.30258122,-0.43188804,0.2023308,-0.25825375,8969
0.093736105,0.14433412,-0.23607594,-0.073759645,0.06347117,0.2205203,0.4085212,0.46043217,-0.30731457,-0.2800179,0.22961333,-0.31418267,0.21125424,-0.4796663,-0.14955673,-0.014158905,3131
-0.09154671,0.25264782,-0.0863802,-0.512272,-0.11304063,-0.0027047023,0.1465803,0.03541994,-0.14030093,0.12686081,-0.4324302,-0.40138814,0.17897499,-0.3184952,-0.07558939,-0.3178669,2140
0.32915977,0.3733022,0.32034263,-0.4028674,-0.12907626,-0.08566685,0.24725373,0.16399813,-0.23305055,-0.44984698,-0.21012253,-0.2815004,-0.15410739,-0.32655728,-0.11672459,-0.31805098,5276
-0.0403822,0.15604323,-0.0695135,-0.3862591,-0.048338592,0.028827101,0.046965655,0.6251488,-0.5047854,-0.32852027,-0.05399124,-0.20113596,0.04362557,-0.22427571,-0.23830217,-0.24516939,6966
0.21972676,0.040704966,-0.2132366,-0.24736081,-0.0033647865,-0.093109176,0.10704171,0.5143332,-0.026893377,-0.32027656,0.11645432,-0.3899083,0.2735447,-0.27429816,-0.21071267,-0.01820223,5074
0.17115983,-0.19643266,-0.4460214,0.014824212,0.05043786,0.16918354,0.24955969,0.5894572,-0.017683461,-0.62779343,0.15515113,-0.5516665,0.62574136,-0.555389,0.09949902,-0.027532145,1141
-0.27956924,0.14139348,0.10795746,-0.20940144,-0.40045634,-0.083541304,0.31733814,0.2978792,-0.5230256,-0.22312425,0.2591312,-0.23170805,0.31356043,-0.388923,-0.34624928,0.12889275,2028
-0.3598779,-0.013060704,0.22790304,-0.25574094,0.10136646,0.6146921,0.36262304,0.8955591,-0.9010315,-0.6386756,0.23279226,0.060014665,0.5590273,-0.22693284,0.22739494,0.45438993,9570
0.020987894,-0.11393843,-0.0956953,-0.07505214,0.09900295,0.36108798,-0.0010354184,1.0009637,-0.11454713,-0.5966598,-0.09513129,-0.51370925,0.3912763,-0.5768765,0.1073145,0.2771987,4520
-0.12889962,0.046117436,0.08310584,-0.522248,-0.1057577,-0.13335522,-0.10496052,0.51334584,-0.44666594,-0.087539144,0.13916075,-0.04655294,0.35296038,0.26173264,-0.231413,-0.19918813,5152
-0.28161368,-0.35905325,0.08658008,-0.36766794,0.12812549,-0.1656965,0.24305984,0.5711779,-0.3730712,-0.5052963,0.041631803,0.268046,0.5085252,-0.1796327,-0.33016658,-0.38360757,9208
0.067359,0.22626388,-0.10502435,-0.4751748,-0.0032155216,0.11293586,-0.077818125,0.3862862,-0.44391745,-0.07108482,-0.02468542,-0.21702331,0.24635509,-0.24644312,-0.015342832,0.22053605,7153
0.11895818,-0.17667635,0.15565309,-0.39106366,0.28795278,-0.26567265,-0.092463285,0.38466346,-0.34329683,-0.21768355,-0.23895983,0.027942255,0.44070387,-0.10889597,-0.15198326,0.38390988,2172
0.08529812,0.094296664,-0.09600972,-0.58895344,0.3349202,0.48749804,0.5001649,0.2837161,-0.5563669,-0.30654135,-0.07283858,-0.3060648,0.5169546,-0.21045813,-0.36663938,-0.46365467,9515
-0.12049955,0.118578166,-0.17338805,-0.04244715,0.4808578,0.4892805,0.41722915,0.48402363,-0.49024868,-0.13025968,0.059467338,-0.11397828,0.6452112,-0.29675004,-0.40799785,-0.04915005,4575
0.29785523,0.0033735856,-0.13121784,-0.18528663,0.09068468,0.042316973,0.14661695,0.428329,-0.17843503,-0.32904047,-0.041699626,-0.36874592,0.40505812,-0.18321022,-0.20638354,0.06706445,8449
0.18217652,0.34110484,0.47358787,-0.031338803,0.010379396,-0.47056827,0.50845647,0.3304198,-0.026150022,-0.81726354,0.17422543,0.34029055,-0.16257021,-0.45310977,-0.041244358,-0.1102674,8758
-0.12824637,0.12278051,0.011964671,-0.17173713,0.26073343,0.39445776,0.24058703,1.0276229,-0.666844,-0.35063064,-0.046351112,-0.38227493,0.40722632,-0.68094504,-0.38486776,0.0035808384,2439
-0.34835598,0.11840844,0.19676521,0.03167209,0.122027606,0.04646784,0.41790894,0.8858548,-0.43088445,-0.39965764,0.25892192,0.19956033,0.47277093,-0.13165532,-0.0064491928,-0.32189426,2062
0.0778296,0.0069281384,0.2896433,-0.13355535,0.23203687,-0.23318326,0.07228291,0.4700901,-0.3193209,-0.5274942,0.03261373,0.32869247,0.3212487,-0.21449354,0.04546553,-0.019426093,1175
0.18335429,0.06167852,-0.07397941,0.0719727,0.14418954,-0.022332763,0.39216328,0.69787335,0.09344895,-0.7880318,0.23963985,-0.1884175,0.30699533,-0.21901104,-0.21253128,-0.2432465,9455
-0.17729568,0.021142013,0.5016855,-0.040843368,-0.18109907,-0.36186305,0.33451095,0.5997493,-0.16733992,-0.4895842,0.30490524,0.18301927,0.2846816,-0.43631274,-0.10077566,-0.19762461,3508
0.2988618,0.08283505,0.21712816,-0.16347158,-0.24682757,0.046234325,0.3267953,0.445894,-0.023970298,-0.3044423,0.06271676,-0.2003085,0.12381986,-0.36074957,-0.23438288,-0.18583345,4076
-0.050154313,0.13122196,0.18161735,-0.41713303,-0.07618024,0.35759526,0.3976569,0.58126193,-0.27757773,-0.3973896,0.04883355,-0.09189212,0.42618653,-0.18250048,-0.19502923,-0.4284522,1055
0.15053107,0.18955019,0.09504298,-0.46305507,0.0227044,-0.36735058,0.075868994,0.15008065,-0.3866554,-0.51214874,-0.14641504,0.0011523664,0.095229656,-0.11610888,0.17212686,-0.26514584,3186
-0.041073248,0.20594195,-0.16885915,-0.53250927,0.11565894,0.68010795,0.2343843,0.4481031,-0.46815532,-0.21798192,-0.4007789,-0.5127363,0.30194852,-0.53464717,-0.047620773,-0.2905318,3588
0.105294555,0.19914314,-0.20226544,-0.26908007,-0.029914424,-0.07320787,0.24842615,0.36399034,-0.16862583,-0.3249113,0.1581552,-0.034692913,0.19049326,0.011854298,-0.089322284,-0.22753535,4251
0.011377096,-0.032894805,0.22117974,-0.5353131,-0.04047379,-0.27950177,0.17220812,-0.0066048354,-0.5445893,-0.3560951,-0.18305573,0.11381009,0.103903934,-0.0951336,-0.1439887,0.20403373,7852
0.02373299,0.14379892,0.012829553,-0.515857,-0.04740058,-0.03057022,0.20815843,0.1169464,-0.36347497,-0.172741,-0.12922555,0.003544569,0.08392097,-0.020690214,-0.24629292,-0.018771738,2616
0.16868845,0.30379865,0.13985832,-0.32852593,0.10919655,-0.25652438,0.13989753,0.15161385,-0.304998,-0.24553871,-0.29276824,0.11319603,-0.21018359,-0.32315913,0.19386202,-0.24131429,4369
-0.54019225,0.41396096,0.25559247,-0.6149461,-0.31165206,0.124777876,0.4660937,0.46711674,-0.92255795,-0.22219117,-0.28740644,0.4231781,-0.19771829,-0.11980073,-0.058103025,-0.49573737,5464
0.09597067,-0.32078,0.12287979,-0.13913997,0.16012226,0.07986194,0.013730919,0.7435194,0.002024144,-0.48232466,0.021264687,-0.14956114,0.55828965,-0.34463412,0.11343086,0.17490222,7565
0.097421765,-0.16214563,0.21438272,-0.37260652,0.19240351,-0.2039403,0.06707932,0.24184544,-0.40135947,-0.3817963,-0.02151721,0.13019069,0.5143156,0.05245591,-0.19527651,0.24456915,1040
-0.2423337,0.21731779,0.0011925586,-0.29043153,0.0945041,0.4167411,0.43783453,0.4781052,-0.24538352,-0.2575983,-0.1383576,-0.09752606,0.44473127,-0.12734668,-0.3359462,-0.4425034,4760
-0.028544456,0.39845014,0.18649556,-0.6252,-0.17802371,0.26406974,0.16966757,0.5381298,-0.634117,-0.30014393,-0.1392625,0.034223974,-0.028542161,0.0010709018,0.007163942,-0.58117104,6931
0.18855983,0.02648719,0.35148045,-0.26283708,0.0032725632,0.19907701,0.16044731,0.47858733,-0.26901925,-0.5906627,0.019488793,-0.08073898,0.24830127,0.0025943397,-0.121114716,0.054158047,1695
0.22269112,0.29587618,-0.019635672,-0.5840623,0.0774078,-0.123854935,0.059571803,0.12569554,-0.37582022,-0.2869703,-0.11333415,-0.19093148,-0.02912882,-0.119753025,-0.06507166,-0.12252693,5186
-0.034241527,0.3337499,-0.021804705,-0.2662009,0.020316407,-0.03009288,0.28151762,0.2806357,-0.2163034,-0.36274642,-0.0040477403,0.042652637,0.06958005,-0.072717294,-0.073928565,-0.14711611,4559
-0.22373517,0.4497769,0.08478516,-0.5664765,-0.061012972,-0.22290249,0.34197608,-0.07410361,-0.32752746,-0.18793738,-0.28438056,0.2298721,-0.13406782,-0.23727474,-0.20937856,-0.20273243,1645
-0.02479729,0.16734797,-0.21520837,-0.19497372,0.22429648,0.41081962,0.4002942,0.19386798,-0.29895994,-0.36541587,-0.050451595,-0.34782824,0.5403472,-0.39539996,-0.15646511,-0.20145737,4860
0.23671493,0.44739616,-0.08678319,-0.41033375,0.1643153,-0.35327262,0.022579513,-0.41544867,-0.38866574,-0.3108546,-0.3470729,0.14317936,0.08522552,-0.30420542,0.3118059,-0.29069045,9555
-0.2769605,0.4994924,-0.1617502,-0.7992261,0.046533033,0.04890259,0.090098605,0.25052676,-0.5081602,-0.007087961,-0.12136298,0.064324856,0.17205322,0.13444476,0.13125733,-0.3338607,2762
0.32707304,0.24582055,0.31165507,-0.3194043,-0.23123729,-0.09891583,0.25685018,0.32413542,-0.24995823,-0.56756246,-0.044898182,-0.20299062,-0.013616651,-0.16172315,-0.1824872,-0.29459155,9973
0.047290616,-0.2890041,-0.063902676,-0.12963544,0.008780874,0.2173344,0.24077886,0.672632,-0.36047053,-0.36839032,0.04340819,-0.41245565,0.5425551,-0.58746797,-0.04177013,0.058985636,2037
0.04834968,0.55959153,-0.066549115,-0.70346195,-0.006986499,0.09443508,0.1430601,0.18338932,-0.4089712,-0.17661044,-0.09738198,-0.32613933,-0.19985813,-0.10553384,0.15076998,-0.2806787,1595
-0.06751802,-0.554873,0.08815341,-0.39135844,0.26270765,-0.15383175,-0.16859908,0.3957637,-0.2058064,-0.07465352,-0.25726613,0.06473079,0.6513361,-0.0069998987,0.08047086,0.25519586,8878
-0.11969724,0.36103594,-0.0063262326,-0.5058552,-0.058266144,-0.0848298,0.17040782,0.06499408,-0.39343643,-0.08026758,-0.1755739,-0.005217761,0.20250908,-0.23903717,-0.2590763,-0.12881638,2438
0.36428893,0.112209395,0.53205556,-0.16296132,-0.14815098,-0.32499862,0.04544682,0.25211585,-0.008894147,-0.4061762,-0.18171346,-0.09788806,0.056022763,-0.30939916,-0.1455343,-0.2223963,8871
0.022594064,0.5423689,-0.10647943,-0.5772382,-0.034418166,0.19535056,0.171851,0.25340772,-0.34248018,-0.15613362,-0.18005896,-0.3847432,-0.027042657,-0.20388371,-0.2092822,-0.19006535,9735
0.15111774,-0.024287805,-0.16785182,-0.17602739,0.44339424,0.47385535,0.40972933,0.27286655,-0.3979234,-0.21683052,0.12059923,-0.12615432,0.71351755,-0.2792014,-0.26454502,0.018384337,5465
0.028004691,0.4540403,0.13899149,-0.56381357,-0.21439669,-0.3001427,-0.0047516897,-0.14568147,-0.49552798,-0.15757954,-0.71755475,-0.14749,-0.036046684,-0.29208252,-0.053578272,-0.3153163,4377
0.06847125,0.11427221,0.22606838,-0.1525653,0.40641788,-0.09963225,0.35908344,0.2785844,-0.3847806,-0.65650755,-0.033499166,0.27994817,0.47130668,0.03900042,0.10807788,-0.07274535,6787
0.24377175,0.22148037,-0.057808816,-0.39074945,-0.13765442,0.017453268,0.16858429,0.446261,-0.16775535,-0.3991974,0.061448615,-0.26906252,0.16785486,-0.113728724,-0.35746896,-0.124454275,2824
0.0501204,0.15196232,0.29464865,-0.418354,-0.07988208,0.028401364,0.045580294,0.46448958,-0.17899394,-0.40960795,-0.025145363,-0.2698937,0.24377021,-0.2414892,-0.23033695,-0.00077319145,1360
0.31166148,0.79621637,-0.12480876,-0.7156068,-0.14138085,0.016918503,0.112287164,-0.31858855,-0.42885268,-0.17451482,-0.36378622,-0.19455054,-0.3023187,-0.2000343,0.12641972,-0.64148945,5708
0.017018974,-0.0065335445,-0.056043137,-0.41794062,0.1844238,0.074811175,0.050914515,0.3864224,-0.21697737,-0.37772608,0.07815619,-0.36873072,0.42957595,-0.23114853,-0.113621786,-0.35082564,4817
0.11389238,-0.07873151,-0.014219709,-0.33226633,0.10397142,-0.20048253,0.12381602,0.18246807,-0.21526715,-0.29156756,-0.099027246,-0.14778459,0.19755448,-0.25966445,-0.11013,0.17939377,1297
-0.0058053285,0.3110478,0.022090176,-0.54096097,-0.036657177,-0.16610657,0.11461902,0.031722084,-0.4824962,-0.15406683,-0.18360332,0.054673508,0.10239014,-0.14002009,-0.122602716,-0.055692166,1310
-0.02421531,-0.00403741,0.09544085,-0.5922049,-0.032522857,-0.27141026,0.028401874,-0.08023861,-0.5856998,-0.1843396,-0.22970974,0.15553086,0.18030915,-0.05361584,-0.034733236,0.22565778,5158
-0.16171274,0.2649402,-0.16639169,-0.5117072,0.15059812,-0.23459974,0.26723075,-0.18025148,-0.37337652,-0.17115004,-0.05755523,0.15098406,0.070522636,-0.039090864,0.005456835,-0.118825614,4519
0.2395817,0.12034652,-0.09748867,0.031986043,0.121103294,-0.29379597,0.43808764,0.045641925,-0.33784005,-0.22631429,0.17924573,0.3093497,0.14695911,-0.16353723,0.20615503,0.0658642,1439
0.3191411,-0.103352584,0.16500083,-0.17154948,-0.040673405,0.12182787,0.2648877,0.76099676,-0.03447754,-0.66668797,-0.022999303,-0.34259883,0.12006365,-0.45437768,-0.17400935,-0.23509675,4436
0.11433622,-0.24343073,-0.051778216,-0.2905391,0.46460336,-0.08016752,0.0032538027,0.09780298,-0.25435463,-0.20541379,-0.19186762,0.050780877,0.638667,-0.09603391,-0.081570506,0.26895982,9709
0.10195263,0.36196792,0.42540067,-0.29991502,-0.06429293,0.15749796,0.074513726,0.6876952,-0.4622607,-0.463588,0.14753588,-0.009387702,0.1562803,-0.4025212,0.0070277005,0.20089227,5208
-0.19156401,0.14421041,0.21064849,-0.44602665,0.22237295,0.18731509,-0.009578102,0.52900267,-0.47714978,-0.13467328,-0.21945873,-0.37964016,0.55812323,-0.35068077,-0.34945023,0.13362634,3599
-0.03189364,0.121395394,0.21807665,-0.587697,-0.07946139,-0.06901358,-0.06751095,0.5152011,-0.5357001,-0.26072037,-0.15545937,0.13270976,0.2011858,0.118505485,-0.11304577,-0.028635591,3214
0.11719998,0.14365676,0.38154155,-0.14781256,0.05193384,0.09871254,0.16534206,0.77648056,-0.25900772,-0.6037638,0.12885171,-0.065344155,0.11518248,-0.063515276,-0.04844658,0.041217,1722
0.0074145794,0.17948507,-0.16862565,-0.6981957,-0.14633387,0.082159445,0.05153099,-0.13739985,-0.62182313,0.04259056,-0.29955587,-0.09834252,-0.0475194,0.052812893,-0.053298846,-0.118550494,6172
-0.1824659,-0.14662962,0.18682763,-0.48841262,0.0072202682,-0.12445254,0.0063162744,0.18611352,-0.45467216,-0.2276242,-0.18178912,-0.08339061,0.29536352,0.058830023,-0.2612397,0.14211857,9252
0.19733082,0.16543011,0.25907713,-0.39028585,0.009479091,-0.04442307,0.05374546,0.4353233,-0.4920937,-0.6166551,0.13558131,-0.27767587,0.44569087,-0.12831223,-0.14524145,-0.24176389,6285
-0.009075463,-0.07448333,-0.2064844,0.13860442,0.08135268,0.4121952,0.44498593,0.9753849,-0.26195866,-0.65650976,0.14951487,-0.49888778,0.7127651,-0.71331215,-0.3204944,-0.06753804,7372
0.31450602,0.14518934,0.36968532,-0.040815294,-0.19311403,0.3708957,0.21800289,1.1478851,-0.41741037,-0.8530892,0.1470257,-0.22679368,0.19934653,-0.7587613,-0.24337474,0.14550462,8075
0.25671998,0.36344823,0.23297112,-0.27537453,0.077823944,-0.03927728,0.22313246,0.41091383,-0.223538,-0.5198468,-0.06476721,-0.059035033,-0.01974073,-0.14374644,-0.058127254,-0.27042216,6375
0.4045623,0.2654124,0.14868315,-0.22149542,-0.37323824,0.09086028,0.34067678,0.29894596,-0.43582088,-0.7150232,-0.21269433,-0.49964595,0.0756433,-0.344841,-0.08850627,-0.5759781,2263
0.037547454,-0.101288944,0.19529088,-0.18085474,0.13558327,-0.076637,0.14246753,0.56870073,-0.4652853,-0.6269584,0.18477148,0.06864151,0.5237346,0.060627043,0.10957861,0.18710472,8025
0.150302,0.42150483,0.5831069,-0.15520868,-0.28449196,-0.043027114,0.411007,0.18956316,0.111918524,-0.69261616,-0.10553106,-0.73326904,0.40526685,-0.63480204,-0.2910735,-0.074539185,1168
0.057150677,0.30361572,0.1315499,-0.12410511,-0.010508567,-0.08680035,0.3814824,0.1402697,-0.0011076778,-0.4974965,0.13589032,-0.1477021,0.34327883,-0.32169643,-0.09951277,-0.12006138,8020
0.09427324,0.17767438,-0.0004822053,-0.6889969,-0.114730045,-0.08221642,0.100098185,0.24225128,-0.61264104,-0.31931907,-0.11387387,-0.0407077,0.04298131,-0.0065253414,0.060492724,-0.53745437,7448
0.17164773,0.25818497,0.073249534,-0.45876962,-0.03865365,0.06583629,0.0377476,0.3673367,-0.15909639,-0.16966596,-0.12569806,-0.24065585,0.20145728,-0.32514095,0.0020596832,-0.15415859,8232
-0.0992215,-0.14888944,0.34518814,-0.7953012,0.26242238,0.32530677,0.042890735,1.1114482,-0.959651,-0.12707496,-0.1096389,0.2408025,0.33190635,0.099420294,-0.09448707,0.32636884,4032
0.07397403,0.18366931,0.021973312,-0.51819026,-0.018039748,-0.36879587,0.060005337,-0.052871794,-0.40131462,-0.4151265,-0.08515527,0.06382921,0.10521698,-0.1026731,0.07328063,-0.11619933,1188
0.06849855,-0.0991586,0.33958802,-0.5486965,0.15631138,-0.2674709,0.036337666,0.4777842,-0.683383,-0.15626398,-0.43919924,0.21637127,0.5182451,0.04672464,-0.44475812,0.28493828,3930
-0.036771044,0.07470627,-0.19837777,-0.46719062,-0.049857184,0.23896345,0.26075283,0.23282054,-0.5056032,-0.07513176,-0.07975553,-0.33051956,0.2873534,-0.26957574,-0.29311675,-0.046336472,5048
0.2653861,-0.11231246,0.18361923,-0.18107256,-0.08713913,-0.19824716,0.18164572,0.448808,-0.12541234,-0.28338045,0.035278857,-0.0335346,0.23017679,-0.013820209,-0.36444664,0.039545953,4939
0.1772498,0.028783515,-0.06018148,-0.27736175,0.011785567,-0.21022724,0.25537607,0.2301863,-0.2531578,-0.36532158,0.05899261,-0.14665125,0.33706683,-0.24741443,-0.22367103,0.19407369,6317
-0.009276956,-0.15298586,0.21661821,-0.24035156,0.05320193,-0.2804379,0.13417535,0.19211797,-0.12953609,-0.58823025,-0.0343977,-0.072827965,0.48910463,-0.32908624,-0.08490957,-0.10314116,9935
-0.30325407,0.029215425,0.6266439,-0.29857096,0.15286432,0.6493187,0.14938046,1.4830881,-0.6222934,-0.64526427,0.18528685,0.44943464,0.4729113,-0.1843287,0.37521708,0.24181615,6784
-0.048063636,-0.15484172,0.127343,0.022799268,0.33011562,-0.017278716,0.22807676,0.7563505,0.016557515,-0.6239626,0.31601503,0.04320991,1.0007932,-0.39005512,-0.2000917,0.025041044,7880
0.0062306076,0.044472918,0.057886437,-0.5797926,0.22481164,0.17512035,0.2040326,0.337592,-0.055371016,-0.35991564,-0.37684983,-0.52532125,0.3543135,-0.5598546,0.10346183,-0.1815146,2311
-0.20383683,0.10397957,-0.19089356,-0.4961611,0.27835944,0.33994702,0.028372444,0.23311368,-0.25635204,-0.07986367,-0.16567478,-0.43080553,0.54589576,-0.28457308,-0.017517239,-0.18328854,4813
-0.06486374,-0.0073153377,0.47260743,-0.28067675,-0.22696489,0.016875297,-0.096312016,0.6103947,-0.4131779,-0.31947425,0.2722596,-0.03999424,0.49595386,-0.06198923,-0.20266803,0.15845722,8345
0.01877381,0.20198172,-0.13353124,-0.047748238,-0.18119872,0.14822637,0.19714531,0.73207515,-0.30782452,-0.3666343,-0.019694814,-0.5017528,0.30418018,-0.61120594,-0.42984527,0.055883184,1822
0.24962229,-0.76239717,-0.12383638,-0.38067845,0.5394541,0.30063447,0.45868355,0.34141308,-1.0404977,-0.16437285,-0.11074103,0.7945358,0.4381771,0.23253009,-0.15145807,0.06338191,2858
0.31637838,0.135899,-0.20417204,-0.1473704,-0.108656436,0.041391358,0.16054748,0.33500302,-0.16236603,-0.42965263,0.22058898,-0.3971043,0.28896293,-0.40067792,-0.1755972,-0.111333564,8497
0.006699115,0.21831158,0.06115522,0.023743719,0.24525297,0.21551968,0.61367154,0.72371006,0.05922234,-0.7150881,0.1666218,-0.39520687,0.4253468,-0.44834578,-0.18956792,-0.31843105,6983
-0.23552522,0.3410264,0.08400788,-0.58690226,-0.19307312,-0.16670482,0.055187304,0.2813723,-0.59110874,-0.018506348,-0.13608631,0.08977117,-0.16318744,-0.1651136,-0.07187295,-0.2661946,3918
-0.09683579,-0.15193596,0.027670726,-0.49690378,0.18713854,0.16351014,0.0314045,0.61872464,-0.6768403,-0.057139054,0.033111427,0.02455306,0.65969306,0.1073536,-0.37773556,-0.16833693,3883
-0.05759859,0.0836842,0.27241912,-0.43642104,0.017727405,0.12814274,0.20773311,0.49379992,-0.33295423,-0.23357269,-0.16050784,-0.120615855,0.36792988,-0.16707475,-0.33423197,0.009760857,1551
0.04046467,0.76377255,0.0063501,-0.73285925,-0.05891998,0.32289276,0.04678525,0.34300813,-0.72877365,0.07905093,-0.24027865,-0.3010948,-0.26437184,-0.29608127,-0.10968017,-0.29733533,4246
0.094606884,0.0074846447,0.12190996,-0.10153243,0.017935976,0.32986042,0.17821455,0.54383135,-0.22428118,-0.8183049,0.333391,-0.19760987,0.50182307,-0.23015921,0.16398072,-0.028312206,3941
0.213441,-0.018937781,0.30919185,-0.45412642,-0.081988886,0.20945573,0.044635847,0.49821103,-0.49785164,-0.49781564,0.011738453,-0.050238997,0.32509238,-0.050211795,-0.15921293,0.18090165,5200
0.06885114,0.07568909,0.18794547,-0.20123637,0.4526744,0.18437675,0.42094904,0.5194321,0.024694592,-0.4407476,0.0030962452,-0.086658776,0.3834715,-0.2677977,0.006028712,-0.061909437,5201
0.04790745,0.08851584,-0.105462685,0.056603074,0.29089326,0.36837122,0.34455365,0.8968873,-0.07600793,-0.6385752,0.090239406,-0.8751651,0.6928487,-0.9203019,-0.15824652,-0.13196868,5865
0.057312913,-0.12261293,0.43861184,-0.3883491,0.31157416,0.11772403,0.14276823,0.53677356,-0.16342857,-0.43177992,-0.019962447,0.11093232,0.6561996,-0.17751105,0.047012717,0.21564327,7058
0.1240402,-0.007744737,-0.0051919315,-0.3069538,0.30584607,-0.14984885,0.10747159,0.18416055,-0.24943168,-0.22335546,0.031926192,0.0865253,0.518411,-0.09874591,-0.3844666,0.2661407,6620
0.08588403,-0.09893622,-0.12382148,-0.27202773,0.3143001,0.048350763,0.27555025,0.18802264,-0.3633786,-0.27850497,0.13352843,0.19008186,0.7255453,-0.17133152,-0.3640715,0.031634644,7197
-0.059003726,0.00192222,0.51678807,-0.36468363,0.10181436,0.35949036,0.29933757,0.5127031,0.13262013,-0.79632115,0.13512555,-0.13158125,0.51736677,-0.35395622,0.06255114,0.044530526,8686
-0.0047446787,0.28337297,-0.035560198,-0.6694689,0.038340837,0.18632887,0.08875133,0.25620875,-0.6115346,-0.038031474,-0.14174783,-0.099421926,0.21562782,-0.07345985,-0.31400034,-0.17146179,3243
0.024326667,0.46931642,-0.3292837,-0.24188891,0.5170599,0.21889539,0.41949654,-0.008702666,-0.31855083,-0.07447442,-0.20920339,0.10254907,0.23908278,-0.136242,0.19850217,-0.33371887,2983
0.015015449,-0.105891496,0.1393684,-0.3937615,0.09074326,-0.18719164,0.057146832,0.20909965,-0.40039277,-0.23577692,-0.07160868,-0.006592497,0.39683628,-0.060769845,-0.29702288,0.19979185,3037
0.010441467,0.009222433,0.26386693,-0.40875903,0.075493954,-0.28172848,0.13270532,0.3743747,-0.28143087,-0.41351998,0.009804197,0.4079358,0.53428924,-0.10721571,0.01085788,0.32160252,4676
-0.029054314,0.0033537224,-0.009665333,-0.6479205,0.06991947,0.24866991,0.0958483,0.2075451,-0.74607867,-0.03210804,-0.01596912,-0.12569155,0.10933792,-0.009963775,-0.1046574,-0.21956517,3515
0.17698625,0.38714343,-0.14026241,-0.4079902,0.2800352,-0.16850889,0.037136797,0.15547244,-0.44338942,-0.14682107,-0.120577455,0.123569936,0.11264798,-0.103958145,0.12145808,-0.056368113,8663
-0.09248762,0.133395,0.052286256,-0.543529,0.035697907,-0.047500946,0.31040308,0.24364528,-0.3832882,-0.16422449,-0.13796951,0.40687576,0.22893801,0.04570799,-0.25547057,-0.14427778,6132
0.24944186,0.13823047,0.32017905,-0.50346863,-0.18230364,-0.3126303,-0.048597597,0.22386754,-0.36610264,-0.44133928,-0.11757485,-0.11829957,0.11630826,-0.23175076,-0.07005274,-0.23381113,9721
0.06817887,0.3650689,-0.29119542,-0.55469936,-0.012549669,0.22193407,0.10914911,0.37149101,-0.44044632,-0.044983156,-0.0492778,-0.47718227,0.20126511,-0.36203218,-0.15111086,-0.11149284,4060
0.08313311,0.009754229,-0.03090116,-0.6119719,0.3283113,0.05504129,0.08185187,0.16745073,-0.5421967,-0.104751244,-0.08272526,0.16446039,0.47609067,0.059212424,-0.25063115,0.109797865,7048
0.28331766,-0.27554956,-0.2006321,-0.2895926,0.3228294,-0.051362157,0.26807845,0.6023002,-0.32215208,-0.51257956,-0.3788006,-0.443501,0.82906294,-0.3651624,0.16825217,0.1545097,5124
-0.039377995,0.20196038,-0.11591809,-0.4049897,0.30007452,0.08368773,0.32898116,-0.11506271,-0.1542329,-0.017943278,-0.1919671,0.05356516,0.35617065,-0.09107848,-0.173303,0.04620467,7534
0.008802772,-0.2585684,0.21972701,-0.27231726,0.14735341,0.17603448,-0.10341129,0.55322623,-0.68301713,-0.17355858,-0.027041946,-0.040702507,0.6788064,-0.21921797,0.025010958,0.028228479,2479
0.009142235,0.18033344,0.13585022,-0.6149864,-0.009895347,-0.22063711,0.059060313,-0.011034474,-0.5264181,-0.21451628,-0.29912132,-0.0205044,-0.033639133,-0.023297057,-0.1007171,-0.13759714,3612
0.09634389,0.2534084,-0.05890064,-0.47544998,0.058700234,-0.042380527,0.13205995,-0.021092683,-0.30060303,-0.19167994,-0.027194299,0.011388637,-0.0061315447,-0.040790513,-0.08086112,0.004607722,8705
-0.090846695,0.04332099,-0.11546469,-0.26305982,0.5876775,0.30938318,0.22467971,0.41808647,-0.24391408,-0.17716354,0.051443424,-0.19610749,0.74107367,-0.3736822,-0.04990001,0.07464975,3049
0.28664482,0.02264814,0.27814582,-0.25981268,-0.29585725,-0.18093988,0.08219678,0.39718843,-0.13434638,-0.5477307,0.045147114,-0.31078428,0.10634995,-0.29145393,-0.19536653,-0.18541862,3962
0.09785059,0.11106953,0.43034196,-0.30826017,-0.05360236,-0.29165024,0.113966376,0.3258056,-0.23660351,-0.41334224,-0.00080130994,-0.037034124,0.14310682,-0.2603022,-0.10062219,-0.051792547,9594
0.05465982,0.0669741,-0.0793705,-0.16043794,-0.074686214,0.1051163,0.32095525,0.6017942,-0.27467537,-0.27415943,0.098326415,-0.23426703,0.44305474,-0.28517497,-0.6199263,0.093877986,9077
0.033622444,0.035097435,0.101729095,0.033097595,0.02856889,0.05568702,0.4532855,0.62726855,0.124305084,-1.0254399,0.26750305,-0.59908783,0.43310094,-0.69018674,-0.15061867,-0.44057673,5378
-0.03855127,0.20781188,0.25307,-0.07611461,-0.01772008,0.17367508,0.21625376,0.81965995,-0.38197756,-0.62548566,0.10708223,-0.003081292,0.42676204,-0.39894548,-0.1670357,0.1383822,5665
-0.020147905,0.17051741,0.04997352,-0.6158636,0.14229538,0.17376119,-0.11914018,0.43379143,-0.57443535,-0.12751058,-0.1984014,-0.18711323,0.34048763,-0.17230073,0.014622375,0.0706716,2806
-0.095519125,0.11616068,0.17845155,-0.46577236,0.09561215,0.13363393,-0.059566446,0.60879743,-0.6819043,-0.16016969,0.021356817,-0.14980179,0.5689695,-0.080008164,-0.36586142,-0.1648679,6941
-0.07374732,-0.08863492,0.17207642,-0.3230367,0.410143,-0.17957608,-0.004622616,0.25135663,-0.15469545,-0.35295343,-0.12814055,-0.17839584,0.8360045,-0.21782826,-0.25614187,0.36647546,3397
0.15833385,-0.26434568,0.06689499,-0.09194376,0.27527547,-0.11401074,0.09101167,0.64276326,-0.213541,-0.32861584,-0.075231075,-0.41605324,0.7163043,-0.42204902,-0.339172,0.22102207,2813
-0.40228212,0.007029921,-0.08727044,-0.034997463,0.42352766,0.7907451,0.40610597,0.8031272,-0.7586907,-0.34153318,0.19210884,0.13530363,0.75347954,-0.049849138,0.20630749,-0.1775902,4716
-0.0606097,0.08857837,0.03832303,0.10327849,-0.04565911,0.46651936,0.3892871,0.9419048,-0.09444837,-0.89595807,0.23303173,-0.5619277,0.45935315,-0.87264264,-0.20249107,-0.17486031,7780
0.07474527,0.4173161,-0.104503155,-0.6408193,0.043572903,0.18020548,0.055081233,0.30279893,-0.48554963,0.037724435,-0.2985913,-0.34226888,-0.027296443,-0.09110245,-0.04181832,-0.18937398,5585
-0.023679942,0.5346269,-0.2755211,-0.6897154,0.22955564,0.11191856,0.1369428,-0.1194157,-0.69429004,0.18811022,-0.40589687,0.24248908,0.043410897,-0.03783936,-0.00011861324,-0.436768,7079
-0.030884042,0.26526198,0.060718343,-0.57851064,-0.102940366,-0.08976164,-0.07703373,0.30410334,-0.48167783,-0.053682163,0.22363792,0.0032182038,0.17264737,0.18258557,-0.10613014,-0.22946878,2587
-0.14731582,-0.08290388,0.03434402,-0.40576312,0.25515375,0.34375256,0.048325073,0.6166776,-0.6503136,-0.067387536,0.04132329,0.16471785,0.3398954,0.016086282,-0.016632378,-0.047707647,9419
0.025484607,0.16723712,0.26910543,-0.49039525,-0.19743499,-0.019637853,0.052755985,0.25331855,-0.55210847,-0.25357658,-0.04205146,-0.029213965,0.30624503,0.1066107,-0.2554274,0.071433045,8638
0.028470382,-0.262938,-0.28892958,-0.050278783,0.17935683,0.27896017,0.22157851,0.42198366,-0.016562939,-0.63462454,0.11904703,-0.47505918,0.6110095,-0.64329183,0.22591063,0.0070149302,4002
-0.19900462,0.002038464,0.30666804,-0.39956164,0.03355389,0.13290255,0.35345423,0.64692616,-0.5824981,-0.35039347,-0.04982287,-0.14645532,0.4981233,-0.23173991,-0.5682608,-0.09124106,7208
-0.07589133,0.016205773,0.016655616,-0.19688337,0.0193146,-0.1685709,0.023563698,0.4640673,0.010503389,-0.17546071,0.03130605,-0.027817044,0.48354974,-0.3889035,-0.3833093,-0.023790747,9615
-0.36524278,-0.19030963,0.22974312,-0.19685733,0.05221524,0.08567527,0.08585446,0.70533574,-0.55222523,-0.32402906,0.170598,0.1572765,0.566592,0.08958517,-0.20788684,0.14440732,2758
0.04376425,0.7259126,-0.3541771,-0.67560905,0.17283282,0.059869368,0.2185437,-0.22818023,-0.50423706,0.16269334,-0.19528121,-0.034660354,-0.12034519,-0.06119375,0.102098614,-0.47307712,2226
0.090924695,0.117078304,0.17528054,-0.51008636,-0.13740386,-0.14512897,0.017446466,0.18819919,-0.62928814,-0.5149165,-0.37347466,-0.08177018,-0.11982496,-0.063828796,-0.06283508,-0.18647754,1799
0.21240868,0.048151247,0.4073091,-0.5052924,-0.29731077,-0.07696849,-0.05171345,0.506365,-0.31059325,-0.5607851,-0.09716009,-0.4280137,0.21932952,-0.4871824,-0.24706122,-0.1073014,3480
0.0027191192,-0.02655549,-0.17856868,-0.4552869,0.48827952,-0.12021317,0.12901515,-0.041533202,-0.41492397,-0.042613775,-0.26998773,0.1322613,0.4278812,-0.118168384,-0.17752862,0.0049798787,4867
-0.02614335,-0.3224839,0.110910915,0.30634427,0.49114427,0.1317451,0.28705525,0.8325296,-0.31885788,-0.90890527,0.26220262,0.14855571,0.5778779,0.1452573,0.3864379,0.04569921,4405
0.219771,0.21681015,0.015403278,-0.5750253,-0.098733515,0.25572574,0.24148741,0.2948814,-0.43832213,-0.117920816,-0.15736535,-0.18906644,0.07820309,-0.00090939365,-0.41209963,-0.28931263,1636
0.2576195,0.2659158,-0.29217714,-0.07256904,0.3764189,0.032280438,0.34911877,0.5283313,-0.25402272,-0.44170094,0.2808279,-0.22594473,0.3984012,-0.3560098,-0.07640831,-0.19523317,3462
-0.11368029,-0.26018715,-0.39046124,0.26077494,-0.048921585,0.024650585,0.16670881,0.81688637,0.22787815,-0.5794989,0.42628807,-0.433985,0.5496708,-0.5325739,-0.29951385,-0.06202039,6821
0.21010356,0.22102064,0.09528142,-0.6309935,-0.047146104,0.12941281,0.038181864,0.4342826,-0.5616295,-0.17424512,-0.2883391,-0.23683985,0.112868644,-0.03620568,-0.3149567,-0.17785943,7557
0.08720961,0.08373557,-0.04394307,-0.111712724,0.25443465,0.22110453,0.084896386,0.52746177,-0.34925443,-0.70998764,0.25611675,-0.025402687,0.3774173,-0.1263216,0.08947331,-0.11157279,1647
-0.14624773,-0.06416625,0.49941328,-0.05288756,0.04615242,0.5730348,0.20152205,1.0259522,0.03542359,-0.9432551,0.32154652,-0.27531156,0.49713004,-0.5696018,0.17778608,-0.14068599,3775
0.11481579,-0.020923786,0.10880867,-0.49075094,0.11710468,-0.14613968,0.008227307,0.20922172,-0.47684568,-0.16237871,-0.13517949,0.015176311,0.27525404,-0.014657117,-0.33952305,0.13540864,6408
-0.089716345,-0.08211088,0.05417779,-0.28004792,-0.2195518,-0.22611897,-0.011994809,0.08718629,-0.12902746,-0.482879,0.20074052,0.081919685,0.60045063,-0.14970075,-0.07208261,0.041543067,6605
0.07697691,0.10261187,0.22755648,-0.46421582,0.1856913,-0.19339097,0.14935587,0.4522357,-0.42043924,-0.6716481,-0.032569416,0.32700577,0.39645043,0.031985253,0.29622695,0.2052147,3095
0.051604643,-0.102727935,-0.024180684,-0.8833471,-0.106080964,0.053595275,0.21905595,0.06860348,-0.8186931,-0.2243766,-0.29197136,0.4419179,0.07809782,0.6540693,-0.09342575,-0.24984351,8204
0.028246209,-0.026565231,0.008043952,-0.23733997,0.08327739,-0.2936248,0.12839001,0.38696864,-0.21761495,-0.4214561,-0.00024378859,0.09468189,0.4769076,-0.1987114,-0.27607653,0.08311644,7055
0.07118279,-0.08954805,0.13949381,-0.11259693,0.19668016,-0.14613469,0.12121956,0.31484532,-0.11751711,-0.5848371,0.116024,0.0047359094,0.55132943,-0.13661672,-0.18997037,0.20304552,2056
0.27289736,0.315316,-0.16506855,-0.1562598,-0.20008588,0.38630217,0.20589495,0.6892272,-0.60366523,-0.34065378,-0.060493067,-0.69323653,0.14221916,-0.6534329,-0.4113428,-0.23743804,8621
0.10569638,0.18180488,-0.013155853,-0.32925624,0.14100611,0.1932139,0.18350066,0.5140044,-0.29533508,-0.2544543,0.039187808,-0.21189678,0.27092206,-0.22741574,-0.11841908,0.09503626,4363
-0.28463688,-0.24201173,0.11303607,-0.11340913,-0.113030925,-0.32901922,0.05718594,0.40883234,-0.23587888,-0.20555943,0.28241098,0.085934445,0.37902415,-0.11958838,-0.22331172,0.16563845,2078
-0.04735504,-0.047836177,0.39216423,-0.38070858,0.11516258,0.053430732,-0.0617576,0.68673766,-0.23489541,-0.38380116,-0.008250605,0.07967556,0.5209968,-0.1399658,0.038976192,0.31071895,4326
-0.030112684,0.24972032,0.3825846,-0.678977,-0.15516251,0.3474641,0.34580046,0.8887367,-0.8102366,-0.38191777,-0.5654177,0.28122932,-0.3026793,-0.0119408555,-0.05000034,-0.40836805,3464
-0.065160826,0.07678364,-0.051328257,-0.5822898,0.24335271,0.53769445,0.18965319,0.6232033,-1.0336349,-0.04433185,0.11516501,-0.1689769,0.29780108,-0.22663926,-0.29236582,-0.10859291,8850
0.15884924,0.52064437,-0.13945656,-0.68226254,-0.05544406,-0.15862997,0.013944179,-0.0062678903,-0.5460322,-0.11920594,-0.27626675,-0.3512221,0.038624883,-0.15050308,-0.05835122,-0.30413038,2392
-0.0405266,0.41691098,-0.14495593,-0.40531838,0.08758938,-0.16936392,0.10869269,0.13696787,-0.34726387,-0.18473363,0.11324158,0.0612459,0.03337112,-0.24833556,-0.014888778,-0.014705956,2628
0.16541913,-0.09748834,0.38716647,-0.22055295,0.063373,-0.30988714,-0.0047608465,0.35971993,-0.32661635,-0.43327934,-0.08081796,0.048454627,0.9234719,-0.16671775,-0.015329972,0.3078701,7050
-0.06617382,0.30819795,0.24164176,-0.70895547,-0.014201179,0.14593184,0.008592895,0.41928446,-0.72897375,0.03119649,-0.33075827,-0.1838763,0.15969777,0.044583313,-0.33657324,-0.20348926,4418
-0.08611829,-0.38240346,0.63379514,-0.021385938,-0.0012516901,-0.012946542,0.44862717,0.86332625,-0.052857056,-1.2174275,0.1919295,-0.3731347,0.55020124,-0.6327951,-0.26071313,-0.5106842,1990
0.0113880485,0.44206047,-0.07692545,-0.34151638,0.1558979,-0.14394619,0.31470323,0.12355393,-0.23959826,-0.36681676,0.013076894,0.12104274,0.12775873,-0.032344393,-0.02399154,-0.13763471,6436
-0.102587156,0.29564902,0.07635966,-0.4902027,-0.04089704,0.0060065687,0.15340616,0.25898653,-0.57772005,-0.22008474,-0.17359382,-0.16521987,0.10817292,-0.29679072,-0.21967721,-0.2342882,4309
-0.06264584,0.07986851,-0.19464567,-0.2918736,0.100224674,0.055505037,0.15402116,0.19874707,0.015434504,-0.22071326,-0.04080359,-0.58783054,0.6206339,-0.42931205,-0.029859707,-0.1281858,2114
0.04688309,0.4287802,-0.14560159,-0.114977986,0.039095715,0.29090503,0.28477576,0.5786206,-0.46665573,-0.27135995,0.18057907,-0.17209694,0.047495425,-0.42830384,-0.14841075,-0.20040603,7470
-0.03980802,0.14667363,-0.249955,0.17396902,0.03605773,0.12574609,0.4543478,0.5108661,-0.21547604,-0.50880355,0.4919707,-0.14069417,0.60732263,-0.4947275,-0.13417408,-0.28449133,9846
0.099067494,-0.024790183,-0.1905981,-0.01987809,0.108931266,-0.14357448,0.31252646,0.4273135,0.20049718,-0.6980214,0.2000688,-0.26154953,0.3339159,-0.420623,-0.037871346,-0.19062163,3426
0.30191118,0.015630394,0.33045974,-0.15305336,-0.15023118,0.39573312,0.11971541,0.734261,-0.21940869,-1.0633601,0.30533206,-0.32119015,0.42278594,-0.49866626,-0.14560682,-0.02972377,8827
0.10263874,0.056825474,0.02929521,-0.19421302,0.50018865,0.006445028,0.24630801,0.107615784,-0.2886905,-0.4439687,-0.11737278,0.33581775,0.3632757,0.028213486,0.29276893,0.11912668,6282
-0.22977844,0.03413385,-0.21247043,0.061204582,0.27690923,0.21761484,0.3960759,0.726659,-0.027510107,-0.65076435,0.42772487,-0.30106136,0.6103039,-0.4176955,-0.2784109,-0.13563423,3670
-0.018909335,0.14258869,-0.014169246,-0.20982444,0.1230219,-0.06671643,0.29460377,0.2888201,0.038548157,-0.48341775,0.21438518,-0.05568984,0.09676634,-0.23228012,-0.11007935,-0.14664432,3689
-0.100535884,-0.12263679,-0.19963449,-0.23311715,0.4103102,0.62752146,0.45284227,0.586092,-0.2963835,-0.52147186,0.17957205,-0.26563922,0.43638468,-0.17295766,-0.34024042,-0.20907529,2429
-0.52426577,-0.2495636,0.34129167,-0.19236603,-0.1380893,0.12858246,0.20474792,1.0202655,-0.5880826,-0.54120725,0.03048422,0.06831519,0.3328297,-0.15984009,-0.71509755,-0.24987167,2747
0.09371382,0.18752348,0.18945529,-0.43433377,0.19425021,-0.10281057,0.10180813,0.14130463,-0.26193517,-0.37328762,-0.08992002,0.0797566,0.21627806,-0.106487185,0.04840532,-0.18027642,9163
-0.48287138,0.014702983,0.19704697,-0.25451213,0.23970735,0.78619945,0.2985975,1.1802148,-0.66900027,-0.37199378,0.21235159,0.2552787,0.627771,-0.09566646,0.06523448,0.017675072,6195
-0.07580748,-0.21986973,0.15077591,0.065829396,0.17245343,-0.17126241,0.48663098,0.8355131,0.08855523,-0.98461473,0.33450454,-0.45542586,0.8075699,-0.5992986,-0.4828047,-0.31840003,9785
0.2567538,-0.19785465,0.06439322,-0.40034693,0.17391363,0.07730335,0.23607953,0.3260402,-0.62592673,-0.23921026,-0.2078297,0.1425823,0.46503055,0.003757324,-0.24839038,0.14016642,5019
-0.07090711,0.07977018,0.18959889,-0.41550124,0.10480768,-0.15809058,0.21001382,0.38418716,-0.4028041,-0.3282848,0.0022416413,0.3337683,0.53016007,-0.0315777,-0.14886847,0.19394138,4140
-0.035008624,-0.2674797,-0.221632,0.17445105,0.3771799,-0.18249854,0.29026112,0.49377573,0.10992319,-0.30464596,0.7582194,0.5501878,0.5463808,-0.21027325,0.040973753,-0.124117255,3013
-0.13063972,0.082032785,0.22959974,-0.527354,-0.08147172,-0.57505447,0.0180944,0.10596459,-0.43870065,-0.509811,-0.28741324,0.096624196,0.1551835,-0.27445325,-0.25133336,-0.28134686,9565
0.009256035,0.0935188,-0.0025075814,-0.6267998,0.13822013,-0.071298316,0.06381379,0.14729781,-0.6677639,-0.026892677,-0.28031957,0.33672714,0.26493028,0.0063057505,-0.24552776,-0.0068068504,4441
0.09994236,0.1451936,0.05083874,-0.29142764,0.04858955,0.16559985,0.31844142,0.43617088,-0.31604376,-0.36808932,0.07239243,-0.043609932,0.2847515,-0.115692824,-0.20522583,-0.038720444,4289
0.30947262,0.35230643,0.27507335,-0.47939682,-0.3113283,-0.2884255,-0.03935784,0.1661771,-0.20189458,-0.41032398,-0.5003307,-0.18954092,0.11192852,-0.22192056,-0.055196673,-0.5044968,4362
0.10037892,0.082421236,0.4415813,-0.3060803,-0.051908314,0.1809518,0.33218735,0.40420556,0.01684764,-0.68761003,0.040311366,-0.22150627,0.3787825,-0.2519214,-0.18124664,-0.08048269,5226
0.11730657,0.11421808,0.080279596,-0.25207368,-0.1317164,0.049916126,0.0963655,0.44476962,-0.03560427,-0.54041123,0.0017564334,-0.44764248,0.19140944,-0.4861288,-0.21775815,-0.124987334,5047
0.23326631,0.06784614,0.15193191,0.082122505,0.29783428,-0.13103642,0.45578063,0.40775964,-0.18297341,-0.7864842,0.21765535,-0.26688913,0.46017382,-0.40333086,-0.14273235,-0.111115366,5011
-0.11168729,-0.08852261,0.093638524,-0.058369905,0.0647791,0.025439978,0.24893725,0.5452274,0.0012204051,-0.6492562,0.1768026,-0.31455988,0.78913355,-0.41170996,-0.17787388,0.10581504,9790
0.25463104,0.1540639,0.25757554,-0.46142918,-0.20568584,-0.12402959,0.07018326,0.23473483,-0.44020107,-0.5095096,-0.24586397,-0.17397405,-0.06373407,-0.24257477,0.2600318,-0.3213554,7046
-0.48976696,0.111712694,0.19177613,-0.39898565,-0.46110523,-0.3138211,0.0020302832,-0.08917582,-0.36930668,-0.46846956,0.1844044,0.06633644,0.31995758,-0.6327809,0.053781003,-0.49746633,6928
0.45886925,0.34165823,-0.110231854,-0.16523816,-0.3091895,0.27586818,0.37022147,0.44215152,-0.1641103,-0.5769601,-0.12253808,-0.97019106,0.06001076,-0.66401553,-0.20840955,-0.6347761,4692
0.1951376,-0.48166442,0.3504634,-0.24161102,0.12990451,-0.208604,0.17723495,0.9601494,-0.39574647,-0.6519353,-0.09307084,0.10227777,0.9047753,-0.12553823,0.13646686,0.39683586,4154
-0.014786035,0.037328165,-0.21583,0.0058494806,0.024356252,0.17208263,0.21800911,0.63641894,0.045990273,-0.5275444,0.23864098,-0.5788256,0.34712222,-0.6256252,-0.06283297,-0.39778528,6455
-0.3618752,-0.094689324,0.16412333,-0.44281688,0.1549807,0.5008998,0.067394964,0.9447149,-0.96917796,-0.20394707,-0.030535653,0.29175192,0.51782906,0.08612414,0.010118157,0.013218164,1840
-0.23201202,0.18452486,0.16366431,-0.6918775,0.026579812,0.15218993,0.122467265,0.61387336,-0.82237536,-0.21464407,-0.24198927,0.08354992,0.40324777,-0.040362816,-0.16597949,-0.20860192,5122
-0.07673426,-0.092236266,-0.10992579,-0.07754132,0.23776478,0.18448983,0.13782135,0.56491494,-0.36503023,-0.23420061,0.21080868,-0.15159681,0.6072845,-0.35694984,-0.22350124,0.11400537,7117
-0.15438569,0.44283947,0.02218921,-0.65270734,-0.22473821,6.9998205e-05,0.24814747,-0.047729164,-0.5348692,0.069279075,-0.45761713,0.1260503,-0.16017604,-0.11610807,-0.14080124,-0.6211447,7348
0.17245242,0.7189029,-0.37146056,-0.46496102,0.40274447,0.3493506,0.26352295,1.1648095,-0.07069388,-0.43435636,-0.5766067,-0.62222224,0.24500176,-0.6883344,0.38763878,-0.31500956,9405
0.10101989,0.1532842,0.07859985,-0.3995751,-0.07927624,-0.0022547618,0.28060314,0.038601518,-0.12706983,-0.24597973,-0.1182674,-0.30585593,0.43499538,-0.2500649,-0.26732197,-0.1079264,2851
0.08325612,-0.2163432,-0.10915809,-0.19340068,0.12940454,0.3059776,0.23695667,0.34552926,-0.3460521,-0.26020712,0.10264428,-0.12634912,0.51891005,-0.05888145,-0.111646906,0.10772404,8460
0.03735245,0.161012,-0.1481459,-0.13161536,0.005924873,0.2800779,0.38379732,0.45729384,-0.33920315,-0.36080873,0.11699675,-0.12275396,0.31005713,-0.21245027,-0.21136916,-0.12140535,9710
0.301684,0.19526169,0.019702919,-0.020880654,-0.19903463,0.43812594,0.43736476,0.5638323,-0.26067832,-0.49863917,0.080955684,-0.3590827,0.19442257,-0.46369207,-0.2481516,0.07879609,8159
0.031503677,0.036563564,0.31763664,-0.55948013,0.0048324764,0.2972798,-0.06239671,0.9286641,-0.5169324,-0.22149573,0.0852066,-0.022113562,0.25403333,0.12287484,0.030274719,-0.15075527,7567
-0.011129022,0.29090112,0.19998474,-0.54664505,0.12483244,-0.0124756545,0.2720543,0.22954579,-0.06632539,-0.34993818,-0.20347689,0.09665908,0.32729083,-0.24538109,-0.14928892,-0.08362675,1637
0.089403,0.1808677,-0.2806794,-0.19603482,0.51715285,0.16869414,0.33918503,0.36232442,-0.30820984,-0.49183622,0.13888231,-0.18255521,0.56265926,-0.34043324,0.0017685294,-0.038788065,7811
0.19786356,-0.15956476,0.058057133,-0.2978499,0.18489671,-0.1871852,0.04750961,-0.050633974,-0.3493691,-0.3337714,-0.15972644,-0.042343035,0.37153152,-0.24974847,0.015013531,-0.018432766,5710
0.41500965,0.30428272,-0.07398251,-0.3616827,-0.045221925,0.11626513,0.19441545,0.43045193,-0.43296602,-0.5521176,0.060840555,-0.521541,0.023796186,-0.35043934,-0.10214245,-0.37063837,2359
0.034204394,-0.16044173,-0.035827115,-0.23048633,0.011954777,0.053430162,0.13239063,0.57398975,-0.40436563,-0.33621964,-0.07376817,-0.3262682,0.5685346,-0.3629079,-0.13887879,0.3151592,5834
0.13167417,0.41410834,0.38631558,-0.5348875,-0.33089364,-0.33850142,-0.014386579,0.14378104,-0.5555878,-0.20683327,-0.43014935,0.068338156,0.0114813745,-0.35868517,0.041867673,-0.3318743,1966
0.19031708,0.044278324,-0.30543146,-0.10741082,-0.05360876,0.09860176,0.20804518,0.4622174,-0.19879931,-0.53875136,0.16782747,-0.44857842,0.39457092,-0.4423979,0.026624575,-0.1467611,7784
0.15126422,0.1289252,0.055919252,-0.5956978,0.033606403,-0.06645053,0.00018113665,0.095361575,-0.3408699,-0.1569922,-0.11766691,-0.027125329,0.3766249,0.019917546,-0.13349864,0.046028018,5864
-0.1490274,0.15722199,-0.17912216,-0.15571544,0.4312204,0.013538346,0.20893635,0.0424859,-0.07121089,-0.24337623,-0.10663963,0.15752771,0.4132456,-0.11048913,0.008844376,0.12415823,8804
0.17761225,0.15709569,0.22770946,-0.4742762,-0.14577307,0.1493768,0.3142485,0.4352033,-0.38213575,-0.1883741,-0.077925295,-0.3692761,0.2919721,-0.10484798,-0.5737716,-0.14944273,3358
0.01684776,-0.07622719,0.045643236,-0.3683171,0.001844205,-0.06768564,-0.03263928,0.3980053,-0.23706174,-0.11995268,-0.03359814,-0.19920611,0.3620508,-0.06400613,-0.3032765,0.13876417,4783
0.09875774,-0.055092253,0.084268995,-0.1098264,-0.09531596,0.13132277,0.33979842,0.39052725,-0.007207945,-0.8550331,0.18506491,-0.49929315,0.3711095,-0.40471798,-0.17071702,-0.22437392,3084
-0.03543213,0.0059598796,0.039089993,-0.28926966,0.22216356,0.06991513,0.175721,0.53860605,-0.019576427,-0.38845712,0.06204712,-0.20150845,0.3841273,-0.3117516,-0.20862454,-0.14236367,3596
-0.1538194,0.55534625,0.40265658,-0.68677765,-0.22949736,0.49788985,0.6352304,0.68549,-0.41055137,-0.53757834,-0.1738658,0.32773715,0.049104974,-0.04592619,0.0027764142,-0.35425907,5165
0.18628913,-0.11322735,-0.07101071,-0.17526534,0.26682147,-0.11086677,0.08231589,0.34491825,-0.19145519,-0.3304096,0.03503697,0.0013496056,0.4947965,-0.10949573,-0.21020283,0.24821211,5095
0.019588575,-0.06959808,0.23510592,0.07377839,-0.010282032,0.01683911,0.44696504,0.7653104,0.21149817,-0.75899184,0.22363004,-0.22856769,0.35947534,-0.6257134,0.1351768,-0.33421895,7378
0.098829195,0.23267709,-0.01118442,-0.4212155,0.2594165,-0.22182927,0.08883139,0.2596609,-0.41018096,-0.19010969,-0.077746116,0.051173985,0.30601576,-0.14056222,-0.0020276308,-0.16302492,8963
0.0602632,0.11635393,0.105011344,-0.38299894,0.22699815,-0.26022118,0.27031758,0.33018392,-0.3745916,-0.4914551,-0.07305752,0.24235147,0.28644538,-0.15728828,0.014176309,-0.25448418,6330
0.26554355,0.35046428,0.1340235,-0.4487967,-0.13187511,-0.121170744,0.16864924,0.16082147,-0.34116864,-0.22980034,-0.06699999,-0.23368862,-0.17245619,-0.12614422,-0.10698599,-0.16815275,7269
-0.119369075,0.4101147,0.026324462,-0.5484223,-0.3092738,-0.033135913,-0.22175792,0.3466648,-0.6783151,-0.10554534,0.1431823,-0.23723377,0.24368143,-0.06571211,-0.063891545,-0.22043817,2941
0.06254365,0.011708409,-0.029547725,-0.24714461,0.07268433,0.03390527,-0.06717539,0.32733643,-0.118996926,-0.12698297,0.036523156,-0.005515963,0.37177774,-0.11470616,-0.06995843,0.24389674,5394
-0.11879641,0.034368515,0.2785315,-0.2763999,0.07298201,0.35068974,0.0072127543,0.6382744,-0.15686643,-0.57489,0.21950287,-0.16955319,0.6300987,-0.2700821,-0.05448994,0.15943465,5437
-0.030688405,-0.078547925,0.08053716,-0.2243034,-0.06537746,-0.17132017,0.14441785,0.44497836,-0.22638847,-0.26746523,0.16524187,0.05809854,0.30919194,-0.07931995,-0.32642502,0.0017138273,2847
-0.11094195,-0.31082153,-0.45580363,0.24940574,0.3599679,0.16185062,0.096788436,1.122747,0.17931382,-0.72142684,0.18509884,-0.4056941,0.6100204,-0.8056428,0.3267706,-0.02601543,5377
0.50055945,-0.047651447,0.22587472,-0.16207886,-0.3455125,0.24095877,0.23846011,0.55082154,-0.1249294,-0.85253966,0.13109347,-0.5734774,-0.032458767,-0.49666145,-0.2677735,-0.13302156,7175
0.043677337,0.12731773,-0.014638003,-0.3349226,-0.08314787,0.013812665,0.13660963,0.69276863,-0.37834436,-0.3922799,0.04547487,-0.22349927,0.014641672,-0.13642591,-0.020760864,-0.1954728,4198
0.028790906,0.14062957,-0.05579552,-0.16323319,-0.08919911,-0.056182723,0.2504562,0.49530023,0.13800454,-0.65666443,0.30266967,-0.15041797,0.4571895,-0.29395464,0.013448402,-0.19270433,3109
0.15538374,0.1699446,0.092698485,-0.22988501,0.1908158,0.045810007,0.25591698,0.7582169,0.14114764,-0.5115672,0.03270612,-0.09406419,0.118394345,-0.4722339,0.17844236,-0.09563324,2726
0.15059842,0.14883806,0.19821638,-0.46514693,0.056600146,0.031325705,0.080473304,0.3255124,-0.35487682,-0.29276624,0.010379102,-0.09808819,0.13903376,-0.053409286,-0.14077884,-0.0925429,1224
-0.15752542,0.19360381,0.2781688,-0.31067312,-0.15022132,0.09738344,0.29994115,0.62959445,-0.3430201,-0.4096411,0.17251512,0.36676022,0.35328266,-0.024657708,0.061782718,-0.03206946,2463
0.079862565,0.15678039,0.24256523,-0.2837718,0.14855677,0.3599782,0.20279676,0.8169417,-0.14770406,-0.6406488,0.1237839,-0.17524502,0.41269836,-0.39399153,-0.036522567,0.100764126,5223
-0.13471636,0.438806,0.04991691,-0.4942854,-0.061708093,-0.18729877,0.3452624,-0.00042711198,-0.28426298,-0.29180962,-0.16960163,0.33493936,-0.11757375,-0.14872338,0.022553414,-0.20343897,4989
0.02862985,0.11811072,-0.12634116,-0.20639223,0.384926,-0.11612882,0.10312557,0.4028432,-0.34471637,-0.3004636,0.17252468,0.1513595,0.57538694,-0.10591318,-0.27585882,0.10903041,6641
0.20494291,-0.093299165,0.203751,-0.45279577,-0.17529233,-0.037949935,0.18680044,0.24580668,-0.42643762,-0.4269967,-0.29442626,-0.23908979,0.43433952,-0.25140706,-0.204741,-0.29385614,6626
0.22692889,-0.27441174,0.07633863,-0.45742387,0.26263434,-0.10916538,0.4503737,0.05928754,-0.3645289,-0.6595,0.07504014,0.1540903,0.5380547,-0.033787027,-0.12297332,-0.33267915,9689
-0.24340111,-0.09690828,0.08336705,-0.024868682,0.027673826,0.032874346,0.09375798,0.6674297,-0.419811,-0.29474443,0.34617814,-0.0632958,0.40031183,-0.1357188,-0.2890578,-0.25583413,7363
-0.055049747,0.25057614,0.26658657,-0.16229424,0.1412809,0.1150368,0.54892236,0.45690605,-0.1518774,-0.4577661,0.053804494,0.09382577,0.25151145,-0.12570845,-0.32222244,-0.30885208,8681
0.15086046,0.26220003,-0.24444178,-0.49377745,-0.13160834,0.091748595,0.07029122,0.09367913,-0.65028894,-0.029531926,0.0027254038,-0.25396764,-0.07081126,-0.17616837,0.12625,-0.10896017,7441
-0.57973564,-0.008752726,-0.06880076,0.34364796,0.34210438,0.84901327,0.28798681,1.3707033,-0.55724484,-0.5884026,0.3037594,-0.43160683,0.93319345,-0.76071197,-0.18184812,-0.010595709,1596
0.057872683,0.2285955,0.22542353,-0.53286064,0.14817525,-0.095628634,0.23390216,0.3423512,-0.2538716,-0.410483,0.041180547,0.120188735,0.14918694,-0.048502043,-0.34494448,0.06360574,7805
0.1898598,0.39929795,0.019634916,-0.18385623,0.313803,-0.13703558,0.216541,0.29275155,-0.21366523,-0.371804,0.029249694,-0.16753457,0.27135697,-0.17120953,-0.20725378,0.12009296,5319
-0.0006607026,-0.10287519,0.25048897,-0.2409637,0.015960142,-0.15495211,0.2849274,0.16338344,-0.061293103,-0.49700758,0.11018941,-0.122943364,0.629565,-0.24718365,-0.44501302,-0.0796815,8815
0.1218064,0.0029389113,0.042447265,-0.41585994,0.29963848,-0.009759888,0.089109495,0.24549666,-0.30925184,-0.20303734,-0.088630974,-0.08835281,0.49338424,-0.12995183,-0.18611589,0.2501777,7140
0.232771,-0.06877224,0.2488202,-0.5258087,-0.23208697,-0.27904764,0.02110276,0.4240728,-0.2874249,-0.48624206,-0.024333782,-0.059001647,0.14394781,-0.08624264,-0.1650711,-0.31797558,4515
0.5400584,0.2214486,0.35076064,-0.3868212,-0.20052853,-0.08997348,0.21762241,0.04435987,-0.35418728,-0.51307905,-0.33828324,-0.20004985,-0.062127277,-0.12519005,0.016860232,-0.3022195,1576
0.14333312,0.48594606,-0.05607769,-0.5661867,0.08769789,-0.30988252,0.050680637,0.114893965,-0.49422902,-0.22024436,-0.13635437,0.09178188,0.11948362,-0.087298006,0.114243895,-0.19681254,8055
-0.12607953,0.55561733,0.19302659,-0.4044018,-0.02357103,-0.32774538,0.050981604,0.47088555,-0.5322076,-0.3500115,9.615719e-05,0.38905495,0.0005507469,-0.32234576,0.23486945,-0.14930926,4263
-0.013832912,0.26115206,0.18666464,-0.50090516,0.002307482,-0.04976102,0.3200065,0.16491307,-0.42032546,-0.36638892,-0.18237132,0.21936217,0.07192081,0.030427199,-0.16383906,-0.14220612,3681
-0.28484577,0.34360278,0.06916261,-0.6452459,0.094268516,-0.20304888,0.2228955,0.1336499,-0.85067266,-0.028155103,-0.38921314,0.5889914,0.016990155,-0.1226175,-0.19588071,-0.3662659,5479
0.115707114,-0.019478798,0.12545426,-0.45094556,-0.121297866,0.13196826,0.28234088,0.18995616,-0.6765061,-0.33201534,-0.16752991,-0.032628424,-0.07892385,-0.09463854,-0.20584917,0.11561604,9961
0.029952034,-0.061898336,-0.09446381,0.3180823,0.46398658,0.094837494,0.53724766,0.5876028,0.03388758,-0.9425323,0.391784,-0.2501799,0.64160746,-0.43681678,-0.008687943,-0.12449677,4331
0.08341574,0.24521337,0.10066675,-0.2947026,-0.007113129,-0.106319405,0.3160914,0.16697004,-0.10106698,-0.25123727,-0.13458845,-0.12159319,0.19242437,-0.12177083,-0.33249712,-0.1296852,3195
0.04501292,-0.08748073,0.08928661,-0.20875071,0.06552077,0.24853592,0.07665507,0.8175897,-0.35947537,-0.352547,0.02633395,-0.265687,0.449228,-0.2721315,-0.13594785,0.23920426,5096
-0.1135157,0.59007347,-0.26813844,-0.5418296,-0.14179039,-0.005124852,0.3089375,-0.29020235,-0.22989985,0.01012437,-0.3022164,-0.16061261,-0.2273365,-0.1212393,-0.0034500957,-0.5530663,6999
0.109035715,-0.4506302,0.5373575,-0.2007738,-0.26455867,-0.2653832,0.15279411,0.8294711,-0.72340924,-0.6333533,-0.023947451,0.10255042,0.6611247,-0.04860884,-0.84055555,0.14411435,3413
0.07250841,0.00069503486,-0.034670804,-0.49527302,0.09465104,-0.022750681,0.08750313,0.3997414,-0.20311578,-0.40112275,-0.09907085,-0.087223455,0.31605053,-0.19882026,0.0689159,0.040333226,3649
-0.014191873,0.13726938,0.08110701,-0.5196901,-0.033587348,0.12739474,-0.059427507,0.4137006,-0.4042751,-0.05775024,-0.19322863,-0.46010223,0.55065775,-0.23923963,-0.39662093,0.027837276,9026
0.06160093,-0.111968786,0.4351746,-0.39823526,0.0048809946,-0.47099605,0.18536651,0.29373324,-0.24008349,-0.45975363,-0.06207873,0.4570539,0.023070559,-0.09035404,0.012877464,0.2546109,5033
-0.11670033,-0.20931382,0.2877285,-0.22342907,-0.13702092,0.056743383,0.022277946,0.42391622,-0.21769181,-0.3960753,0.03196013,-0.092218116,0.44046557,0.041294865,-0.045036808,0.029412135,6278
0.058934845,0.30309427,0.0058010556,-0.43469015,-0.08747654,0.15074408,0.051358778,0.60569793,-0.65507716,-0.066103846,-0.14548528,-0.42740956,0.092389435,-0.25858366,-0.390021,-0.14983691,3431
-0.101146445,0.37143782,-0.15691814,-0.74708587,-0.12066495,-0.08301726,0.1831471,-0.02584815,-0.5749226,-0.08774005,-0.18424843,0.19356295,-0.21130936,0.069489725,0.12561473,-0.3223937,5629
0.06996444,0.2893998,0.64897126,-0.29631692,0.026188016,0.37304154,0.22590825,1.085361,-0.5584988,-0.67793,-0.14401744,0.2824065,0.13586359,-0.26772076,0.01467967,0.12023938,2775
-0.034428492,-0.011142876,0.05073505,-0.46908647,0.07665921,-0.19947766,0.16152118,0.017476112,-0.28808093,-0.3194273,-0.09530881,0.06309697,0.25291392,-0.071824126,-0.16792193,0.03500919,5941
-0.035093725,-0.23534948,-0.28466678,0.090838045,0.31835055,0.16114983,0.28937262,0.58865297,0.2138944,-0.8594138,0.15224595,-0.619581,0.6384911,-0.84490246,0.2510404,-0.10536826,3098
0.12543054,-0.12097368,-0.036463525,-0.28297535,0.13587147,0.0016508158,0.068834804,0.27930588,-0.206562,-0.17401007,0.11552268,0.044738635,0.24455787,0.11758591,-0.26130596,0.0001925677,7563
0.09084696,0.05645659,-0.032793716,-0.42991403,-0.2611302,-0.21733356,0.07594263,0.2529457,-0.08662914,-0.49529105,0.07128583,-0.39349863,0.16688356,-0.38187927,0.041681796,-0.47029018,7671
-0.40648842,-0.13701911,0.20058711,-0.515592,-0.2971868,-0.0880226,0.25899652,0.2086231,-0.94120574,-0.3035126,0.09371532,0.40644687,0.23999882,0.09461556,-0.19313264,0.16367939,6092
-0.04697987,0.06353807,-0.06417814,-0.23970345,0.32338423,-0.10729498,0.044705275,0.3227229,-0.3006807,-0.13629794,0.08285093,0.11322783,0.49791938,0.018082265,-0.19777161,-0.004294336,2491
-0.0198666,-0.029737726,0.27821812,-0.09090313,0.24107057,-0.29867503,0.20246847,0.099586636,-0.08331081,-0.551322,0.014602497,0.16048573,0.43303695,-0.2685901,-0.15464377,-0.0042877644,4083
0.17602542,-0.24902621,0.31027645,0.049730867,0.53026664,0.035387352,0.3827001,0.23752315,-0.15823263,-0.61230785,0.039602123,-0.0007278323,0.6506175,-0.2604106,0.029587224,0.1147052,4036
0.17803957,0.16087131,0.08764884,-0.21819201,0.11128188,-0.18604669,0.21791272,0.14228806,-0.0531898,-0.38891143,0.09115396,-0.34409654,0.4154303,-0.34665763,-0.23715916,-0.0008395165,6069
0.01579085,0.12220083,-0.11627726,-0.28041947,0.19229098,0.26269808,0.21703729,0.60501933,-0.5405642,-0.25615844,0.23606032,-0.24772182,0.38526338,-0.23611008,-0.34603906,-0.40718013,7786
0.031543747,0.41414803,-0.16550541,-0.42076135,-0.11541666,0.029660106,0.16364646,0.076163635,-0.408711,0.037874192,-0.19679296,0.116920464,-0.08076829,-0.12587741,-0.15267529,-0.49161983,9936
0.21343884,0.14651766,0.11762254,-0.33100834,-0.04734084,-0.023724632,0.17979574,0.45922783,-0.092079654,-0.36011475,0.07298232,-0.18205096,0.20518057,-0.20299831,-0.25389275,-0.12716645,9414
-0.33748788,-0.025743825,-0.15305671,-0.133993,0.30427092,0.2720513,0.11951692,0.7388523,-0.84308904,-0.014357805,0.17926055,0.029831134,0.49937028,-0.3777191,-0.046477467,-0.19451286,4661
0.017338395,-0.008785024,0.10942635,-0.2110948,-0.027060851,-0.012070477,0.29077584,0.34945232,-0.24080946,-0.30603856,0.22172642,-0.26202074,0.5495329,-0.2117054,-0.4560159,0.038955852,4647
-0.14445466,0.022914842,0.20815992,-0.69540584,0.11124337,0.12055169,-0.030430172,0.6747809,-0.6574009,-0.12653072,-0.18217818,0.3135172,0.42892942,0.15251541,-0.04898615,-0.014527917,1999
-0.1502387,0.13633715,-0.052730575,-0.4541515,0.08846839,-0.19640234,0.109453574,0.45797217,-0.6988554,-0.019787252,-0.10715239,0.43665984,0.09330188,-0.23972388,0.029034749,-0.38320106,9757
0.07045499,-0.18388392,0.10978691,-0.4151467,0.061811857,-0.09990184,0.2882898,0.27717283,-0.34282085,-0.5072466,-0.13983977,-0.12648427,0.5659205,-0.23775677,-0.28240132,-0.32623205,4370
-0.035420805,0.055320226,-0.10051494,-0.48892325,0.14897248,0.512187,0.35991076,0.3146969,-0.5168207,-0.0488258,-0.07717398,0.026555326,0.3018844,-0.041894086,-0.33747154,-0.2556265,1585
-0.03808389,0.29456064,0.31504986,-0.5087837,0.10734965,-0.008736055,0.08320938,0.38331032,-0.29272205,-0.2701305,-0.08000328,-0.009527728,0.027663037,-0.27582937,0.14669895,-0.19932525,6420
-0.03469655,-0.10092969,0.24386738,-0.39921287,0.016112387,-0.15492457,0.026569068,0.5014506,-0.11896322,-0.43587497,0.05412587,-0.17622493,0.5975516,-0.1568012,-0.2862246,-0.10561307,4271
0.018987797,0.045692865,-0.059837695,-0.47617355,0.013745807,0.13779478,0.31744182,0.18905698,-0.45139256,0.003827691,-0.15756933,0.50161314,0.077897936,0.17297512,-0.03673683,-0.2589425,2092
0.07419562,-0.08468505,0.33740258,-0.11723404,0.14169762,0.3147425,0.19577445,1.1486053,-0.5217007,-0.819747,0.1116337,-0.10621448,0.48233435,-0.4379744,0.1822677,0.4999507,9146
-0.2202122,-0.05454216,0.07967524,-0.4521848,0.022881113,0.18628019,0.2320781,0.5032447,-0.6273511,-0.25182408,-0.035695523,0.13791507,0.4520995,-0.05484666,-0.0966744,0.07726738,7126
-0.35111445,-0.023432706,0.22264896,-0.4733923,0.16135594,0.5726341,0.11506519,1.0539758,-0.49258012,-0.27643418,0.0759126,0.24873757,0.6207505,0.056107663,0.18159223,0.037022516,2067
-0.082966,0.40705603,0.146465,-0.7714571,0.034313962,-0.00936684,0.2048578,0.13854878,-0.54989845,-0.34939075,-0.4331259,0.12339235,-0.0119846165,-0.10404033,0.024317473,-0.20291445,2131
-0.14204216,-0.08492479,0.32039082,-0.23401672,-0.19537836,-0.23080857,-0.051759746,0.62572503,-0.28736305,-0.5073151,0.05596021,0.09406173,0.291741,-0.1876964,-0.15448275,0.03308451,3772
-0.040701777,-0.18928966,0.40358245,-0.44022116,-0.09189223,0.09237767,0.19432995,0.65724456,-0.87442625,-0.5215677,-0.29105982,0.27246326,0.22176592,0.020982102,-0.3594818,0.19353837,4453
-0.035405457,0.10183351,0.18488687,-0.33546415,0.10870369,0.18883635,0.3913223,0.81882435,-0.63816655,-0.572371,0.015744284,0.17596456,0.5940265,-0.25930175,-0.22701795,0.14291754,2135
-0.11178486,0.31136718,0.0071600564,-0.59903085,-0.13493976,0.038343243,0.24787512,0.15037476,-0.42365873,-0.071786985,-0.14191847,0.12635905,0.070264086,-0.104062624,-0.19237283,-0.3302496,3893
-0.29676574,-0.13387093,0.15458849,-0.07684451,-0.0029977337,0.05263553,0.08024339,0.71588755,-0.03341762,-0.7009178,0.19054268,-0.17252693,0.8210299,-0.12963814,-0.29691637,0.118459426,5273
-0.049655333,0.041296072,-0.20058522,-0.027132154,0.19429648,0.25174847,0.2630286,0.6457344,-0.3658023,-0.41427225,0.19079714,-0.35177308,0.6211355,-0.38774538,-0.16130982,-0.06752941,8579
-0.1761289,0.13667706,0.12395538,-0.5800954,-0.072362006,-0.30483377,0.25998488,0.23929417,-0.6976097,-0.13039249,-0.12606764,0.6355889,0.13608924,-0.02862204,-0.020186141,-0.3860314,4434
0.2665138,0.37298203,0.2565631,-0.19378561,-0.1124772,-0.11578358,0.37425143,0.36998093,-0.1490306,-0.52405185,-0.026680205,-0.19869745,0.06427474,-0.2845727,-0.19997036,-0.22702456,7656
0.047346577,-0.033617422,-0.026581075,-0.05032152,-0.105307445,-0.13010046,0.29587254,0.47989535,0.14842719,-0.41908056,0.15861809,-0.17190003,0.20202899,-0.2819596,-0.1395719,-0.2388381,7883
0.10599047,-0.08847604,0.4043043,-0.27445096,0.004083745,0.035948224,0.12738417,0.6719132,-0.057822205,-0.60043555,0.05582817,-0.10579494,0.2532451,-0.23371023,-0.09596276,-0.00786683,9992
0.19568159,0.3989661,-0.14909296,-0.5313724,0.18011603,-0.28411487,-0.021435693,-0.0847418,-0.5271175,-0.19886453,-0.047026552,0.152379,0.19679916,-0.17209846,0.12223324,-0.21338187,1513
0.29061094,0.18786746,0.18091914,-0.5294843,-0.18813673,-0.3764631,-0.037762392,0.1350804,-0.26914322,-0.5760236,-0.12790269,-0.26469168,0.019638747,-0.3387196,0.12630874,-0.17936817,8344
0.000629738,0.12752579,0.049694173,-0.6372802,0.03346575,-0.008334167,-0.066933475,0.26637405,-0.37220412,-0.13942261,-0.24017736,-0.13530372,0.28655893,-0.064991444,-0.14338075,-0.021728873,3636
0.055515178,0.009786267,0.19561541,-0.60428226,0.19090347,-0.45834,0.22574764,-0.105266154,-0.5210486,-0.23932579,-0.42401782,0.30321312,0.26992488,-0.08161675,-0.17105007,0.16140263,2939
0.07694322,-0.35073096,0.22774582,-0.16761604,0.012965143,-0.014807731,0.061031207,0.6717765,-0.03303292,-0.7121485,-0.04056163,-0.12165226,0.7118224,-0.14968264,0.03947687,0.27053112,2611
-0.076145545,-0.02888073,-0.24502507,0.15228729,0.16384032,0.18270157,0.47832736,0.62259275,-0.1853018,-0.57567394,0.39349142,-0.17414851,0.33249328,-0.43455958,-0.20995907,-0.2734087,7386
0.1562188,0.4971087,-0.10661832,-0.4960078,0.06698289,-0.27602765,-0.011817226,-0.13355808,-0.5273589,-0.11852557,0.06368525,0.061486945,-0.08172214,-0.18572132,0.018627092,-0.07139708,2846
-0.10034837,0.46584988,-0.18974826,0.075030886,0.43120638,-0.32802552,0.32943493,0.77260697,-0.16727367,-0.36909395,0.48477823,0.5451841,-0.10360781,-0.29882222,0.2540051,-0.19752826,7934
-0.19292095,-0.1531427,0.0480223,-0.24487832,0.2216645,0.22129245,-0.028475676,0.60407484,-0.5440966,-0.06616626,0.024167463,-0.16808173,0.51768565,-0.19908033,-0.20424387,0.18796872,4462
-0.005096376,0.21968004,0.10569796,-0.2129325,0.057539262,0.008263901,0.0972657,0.21965654,0.03191331,-0.15125033,-0.0436809,-0.42454565,0.6072595,-0.5558238,-0.23232387,0.03241867,4620
0.20755386,0.12183887,-0.0019489452,-0.24497701,-0.21653056,0.0497237,0.19710028,0.31585354,0.065240726,-0.4412467,0.003971942,-0.3823443,0.10085496,-0.36076757,-0.14388177,-0.2838514,4164
0.07932027,0.057942614,-0.43975818,-0.10067594,0.42913747,0.04536276,0.20713314,0.54041636,0.042054117,-0.12683971,0.14328344,-0.19590242,0.43765998,-0.4168233,0.20238766,-0.23501642,6772
-0.21625769,-0.13079453,0.010233931,-0.06701842,0.5307673,0.3951104,0.48392627,1.0180209,-0.4261717,-0.53115374,0.24599206,-0.14701825,0.70429456,-0.48200336,-0.49971393,-0.06406376,5727
0.11034191,0.18779288,0.4935685,0.05019477,0.22882108,-0.45717907,0.35415077,0.28324646,-0.12834013,-0.49451548,0.22758448,0.09573758,0.7020811,-0.34356385,-0.32221004,0.3380251,2031
-0.35366493,-0.0099301785,-0.19179216,-0.14393616,0.10900518,-0.17600174,-0.0013502426,0.38579082,0.17291206,-0.6955049,0.11110672,-0.43837905,0.32136235,-0.51600695,0.039444447,-0.40351096,1792
-0.11049497,-0.3946391,0.57455146,-0.31282818,0.2814503,-0.017961752,-0.09198073,0.83135605,-0.36967552,-0.66814744,0.06477508,0.26033327,0.75311434,0.054022796,0.30486786,0.3785391,2337
-0.046644166,0.24281967,0.06355171,-0.25359604,0.1504064,0.48758745,-0.11723142,0.7955972,-0.50811315,-0.34145072,0.016061384,-0.4891174,0.362555,-0.54403675,-0.003240019,-0.13425462,9512
-0.09196818,0.11067225,0.27426624,-0.25008863,-0.10594872,0.102004714,0.14414231,0.72773993,-0.50141597,-0.58785,-0.053599812,0.0074083284,0.37938738,-0.19078606,-0.18620199,0.18859945,6188
-0.24124204,0.1432359,-0.13413617,-0.07873447,0.017647453,0.11602561,0.16832477,0.61427546,-0.26223636,-0.24853584,0.20763457,-0.1861532,0.35734242,-0.42113125,-0.16217154,-0.04949686,3773
0.21763262,0.10215919,0.15498358,-0.13271633,0.03387209,-0.08918706,0.27669844,0.5293724,-0.070861734,-0.6550256,0.1020538,-0.2241537,0.3092925,-0.28644356,-0.04634817,-0.09667638,6444
0.11037865,0.3419722,-0.16739137,-0.48863184,0.2935775,0.2809323,0.2539653,0.3087873,-0.73670065,-0.04255016,-0.17915574,-0.07804043,0.17450216,-0.295798,-0.24917656,-0.46980494,1652
-0.4329746,-0.41319513,-0.06636661,-0.101777434,0.35280898,0.6564949,0.24620306,0.92930096,-0.6016129,-0.3664065,0.24629183,-0.2238622,0.82007647,-0.004016012,-0.5282005,-0.17779167,2551
0.043354943,0.21767667,0.06748243,-0.07205841,0.23982793,0.008412078,0.3473584,0.37609372,-0.24854828,-0.6087685,0.23330785,0.028585985,0.3756189,-0.17752333,-0.12444631,-0.039882436,3968
0.0011565238,-0.043480605,0.17745727,-0.23422068,0.18305299,-0.23317513,-0.09673064,0.4132548,-0.17255747,-0.26392853,0.062729836,0.05597958,0.39074683,-0.13028434,-0.2780776,0.10801233,9641
0.37155944,-0.032773405,-0.018811112,-0.060085252,-0.21782514,-0.096489415,0.22935997,0.4467939,0.040058196,-0.4959376,0.07319489,-0.62261426,0.2459833,-0.52014756,-0.16446441,-0.115324095,9712
-0.10677442,0.055239484,0.028448902,-0.28722322,0.24249622,0.17731626,0.18652081,0.4596484,-0.34726608,-0.18921371,0.09454789,0.16876903,0.54452753,-0.022604246,-0.17907196,0.04075347,9353
-0.45408097,-0.09066194,-0.06670807,0.13228923,-0.094411954,0.059799716,0.11865217,0.5687204,0.08399585,-0.6782806,0.55662024,-0.23103873,0.79347754,-0.44114828,-0.40968978,-0.32271534,5477
0.277811,-0.14927655,0.06410758,-0.10720563,-0.046295494,0.13608834,0.16496924,0.9345412,-0.38867733,-0.7759283,0.078297004,-0.39956647,0.048882544,-0.5131044,-0.063321546,-0.40714878,1394
0.0859035,0.16384628,0.16837354,-0.31428638,-0.08158495,0.38035914,0.34801576,0.44098428,-0.19046086,-0.48234397,-0.042736754,-0.21493018,0.31693715,-0.31044206,-0.16610172,-0.24487087,2811
-0.11750357,0.38301355,0.1514346,-0.49031574,0.017382305,-0.1816909,0.18372858,0.1221973,-0.4568134,-0.23415816,0.0033219755,0.1547408,0.13913874,-0.2709443,-0.12046924,0.03074281,7462
-0.042665824,-0.024664871,0.29445493,-0.07301095,-0.008113898,-0.14331499,0.15214396,0.7499893,-0.20646071,-0.66588,0.16779278,0.30303994,0.23369075,-0.33190015,-0.21864899,-0.014082104,6197
-0.08321668,0.75604063,-0.35948843,-0.75434804,-0.033037633,0.3321426,0.35205206,-0.08553659,-0.4982323,0.043133482,-0.35033298,0.034111053,-0.36358067,0.17012063,0.155254,-0.70772064,8510
-0.007526189,-0.06412941,-0.120844394,-0.29651985,0.03794809,-0.013492558,0.015991058,0.06870553,-0.0071474016,-0.2900892,0.039824374,-0.21951938,0.22132012,-0.33043042,0.10009532,-0.18454044,5768
-0.0036409944,-0.066863194,-0.045185737,-0.08353642,-0.10331855,0.026770942,0.18232264,0.47196096,-0.27264097,-0.4585628,0.22604273,-0.18775669,0.2085447,-0.33782443,-0.18902308,0.033764288,8807
-0.19299443,-0.06317972,0.055831537,-0.06345177,-0.10981088,-0.0009045452,0.117518246,0.6376159,0.035757154,-0.57403755,0.19185603,-0.5744061,0.5699512,-0.34350473,-0.51217955,-0.23785588,3712
0.19507469,0.2996939,0.14737026,-0.5848765,-0.06586067,-0.11398628,-0.007928643,0.25276458,-0.31785628,-0.21577133,-0.11447945,-0.28832144,0.1013045,-0.0871092,-0.1685911,-0.19223796,2556
0.15479481,0.1259141,-0.45399785,-0.30809772,0.1234532,0.12908801,0.33928624,0.42602473,-0.20374395,-0.42315242,0.007883466,-0.5208032,0.30171666,-0.3106654,0.13452968,-0.539649,6332
0.13847834,0.15531561,0.13536333,-0.5274994,0.13749379,0.06686331,0.16350871,0.5153777,-0.19160509,-0.34699243,-0.21360606,-0.36116648,0.20028275,-0.27169147,-0.32655346,0.111938596,3429
-0.2735508,0.21236522,0.04274615,-0.01929763,0.06563009,0.017943107,0.4129797,0.79784304,-0.51096964,-0.64700377,0.2725982,0.2851593,0.25360575,-0.23766297,0.046290338,-0.035477027,6516
0.121935554,0.13740525,0.0966165,-0.46835363,-0.07662006,-0.19228306,0.17247565,0.1436949,-0.37280688,-0.2409257,0.032898217,-0.007254921,0.045583323,-0.1301791,-0.030478388,0.020998016,3248
0.18203612,0.05119808,0.047587678,-0.48240632,0.032446653,-0.00410768,0.13135853,0.25717068,-0.37533048,-0.20776495,-0.07479671,0.0001925528,0.3176672,-0.023343787,-0.2825393,-0.009735212,7999
0.037686888,0.17797875,0.11690013,-0.117870435,0.17206988,0.7672128,0.3607048,1.0809516,-0.6174129,-0.59641635,0.023814183,-0.28677034,0.40317452,-0.7999134,-0.07807398,-0.030366063,2718
0.026231613,0.367034,-0.12272309,-0.61122745,-0.06379409,-0.053768165,-0.1007002,0.15980822,-0.48893178,-0.25342298,-0.30778232,-0.31934437,0.25099087,-0.16862547,-0.18651913,-0.12729421,5990
0.6207695,0.036205113,0.22236174,-0.23925078,-0.16493514,-0.30236542,0.044514522,-0.09468481,-0.42552158,-0.42930275,-0.12757197,-0.26000756,0.3263234,-0.57031345,-0.03885755,0.09249717,5274
-0.22848709,-0.31127083,0.33032984,-0.5280157,-0.1563835,-0.1463333,0.47739565,0.2858145,-0.7231931,-0.48443198,-0.050116688,0.43701488,0.25868902,0.36196133,-0.22998708,0.05745952,4373
0.0076836124,0.07096178,0.15037164,-0.55812204,0.045653895,0.05302097,-0.00014517084,0.4876742,-0.7319764,-0.1725796,-0.13587926,-0.11901742,0.32178807,-0.20475826,-0.35981807,-0.30604023,7167
-0.2569819,0.2857133,0.047929227,-0.05047658,-0.19121757,-0.35838234,0.1976573,0.5144667,-0.18759951,-0.43890458,0.17000885,-0.19172077,0.2904157,-0.6182283,-0.3971902,-0.079143345,9614
0.112560384,0.13332051,0.069845974,-0.45434707,0.12622595,0.30160713,0.11252532,0.28489727,-0.3607149,-0.26539505,-0.07372161,-0.36292332,0.30461383,-0.37970263,-0.059134282,-0.15289904,4774
0.10994846,0.08494734,0.017783403,-0.41746095,0.31190354,-0.22891155,-0.00041996688,0.9168878,-0.6490816,-0.3555609,0.102761805,-0.15346251,0.46385694,-0.12352592,0.041861206,-0.5449867,2454
0.20793657,0.19975212,-0.10078874,-0.1638147,0.047433376,-0.055331256,0.18424183,0.3716465,-0.11044108,-0.30140653,0.15462802,-0.36025503,0.38498127,-0.32557964,-0.35776743,0.06382291,5978
-0.089741856,-0.19298716,0.15201503,0.011077493,0.47855508,0.1420941,0.07776594,0.57905614,-0.17066878,-0.41496223,0.1312851,-0.14418268,0.97598124,-0.22762118,-0.23372626,0.32133785,9568
-0.023418263,0.45732528,-0.020175291,-0.644868,-0.059114672,-0.05304527,0.05492681,0.11728098,-0.33351916,-0.04463151,-0.14283009,0.012852319,-0.102290496,-0.060097136,0.014083624,-0.15925454,3795
0.40008023,-0.14196041,-0.051226526,0.0881532,0.115757845,0.15864876,0.10309194,0.50596756,-0.7107049,-0.69413364,0.264035,-0.075216085,0.65772736,-0.38736486,0.19644433,-0.17013747,9054
-0.097140566,-0.1371865,-0.4366683,0.5090941,0.56473124,0.7458152,0.7610903,1.1383151,-0.005474806,-1.2033657,0.49814886,-0.8321221,1.0154618,-1.1539637,-0.038654953,-0.41776848,4991
0.2779137,0.3336311,-0.22889397,-0.36043325,-0.072051,0.426896,0.23514752,0.45597318,-0.41351748,-0.18171175,-0.08149875,-0.47948515,0.12634254,-0.33844212,-0.27033076,-0.23898356,9152
0.37188712,0.28246868,0.097263515,-0.33555138,0.0012907982,-0.044736743,0.27057058,-0.058756903,-0.35433236,-0.4088779,-0.25604847,-0.07000126,0.22889444,-0.18483675,-0.15011795,-0.31216478,7237
0.0033142269,0.08429857,0.049861044,-0.36456066,-0.008794889,0.039222978,0.13131405,0.2946905,-0.40940914,-0.21590018,0.033240646,-0.098596975,0.28534752,-0.13760674,-0.34636095,0.025840506,3449
0.061659217,0.28131056,-0.1754109,-0.43635398,0.06841006,-0.04636074,0.29756576,-0.012663983,-0.6410929,-0.31841984,-0.08209381,0.15636075,0.2893695,0.08643937,-0.049837723,-0.026209116,5175
-0.05722889,-0.3031298,-0.3357233,0.254587,0.33766288,-0.014011722,0.46491534,0.7371816,0.14676341,-0.6729162,0.4948807,-0.4228304,0.7446798,-0.4984983,-0.5229896,-0.22118422,5484
-0.16267586,0.05567234,0.065194584,-0.015789717,0.21334164,0.08379455,0.6952862,0.46248943,-0.25887918,-0.49513942,0.17881334,0.11714236,0.5900004,-0.16078903,-0.28863695,-0.2257027,9260
0.03766235,0.298658,-0.35655525,-0.062246114,0.33532453,0.67390263,0.3650306,1.0724666,-0.3445337,-0.4580052,0.102807984,-0.6156361,0.20428878,-0.7073277,0.02354893,-0.31969696,9522
-0.16020414,-0.09834468,-0.20226021,0.13240558,-0.03216271,0.052950848,0.24657069,0.6740813,0.039706603,-0.5992669,0.35665187,-0.09461581,0.3503415,-0.39939755,-0.22334677,-0.05047983,9312
0.06595498,0.1541866,-0.037210055,-0.32783425,-0.0068769455,0.16882509,0.044301916,0.50328827,-0.83915085,-0.09708412,-0.18391332,-0.27748758,-0.034262,-0.5387574,-0.16381668,0.10507946,6795
0.08344692,0.2123894,-0.062450312,-0.28070533,-0.09806659,0.040326424,0.18250802,0.21195011,-0.23461422,-0.24884325,0.117468126,-0.29607183,0.3143251,-0.42216128,-0.15629773,0.018072873,9807
0.114889644,-0.020450562,0.19182146,-0.45334777,0.031040609,-0.2795942,0.17210108,0.31621587,-0.32516938,-0.64413035,0.05874148,0.07738916,0.42577565,-0.17556107,-0.19117574,-0.23535383,5202
0.27933937,0.026804462,0.13678637,-0.016958922,0.08747542,0.15445343,0.23381096,0.8165401,-0.10285697,-0.73655546,0.307458,-0.093116485,0.4875449,-0.3902856,0.025729835,0.03425327,1521
-0.06948179,-0.04227949,0.18854019,-0.19946685,-0.031165391,-0.22016773,0.1901689,0.32398027,-0.16773632,-0.4922373,0.1777849,0.09870764,0.13490438,-0.108908795,-0.057242826,-0.049496368,3145
-0.005990833,0.38540187,-0.030103467,-0.2877408,-0.07790199,0.0355857,0.41017586,0.13055833,-0.15632412,-0.36156273,0.10403833,0.09420797,0.18253525,-0.11456572,-0.2668268,-0.19429693,9646
-0.009636864,0.060672775,0.06329422,-0.5332553,0.28745216,0.32211256,-0.011801504,0.45713195,-0.64175224,0.07272998,-0.23055707,-0.088461936,0.59276086,-0.1627046,-0.31643745,0.06496064,3265
-0.04074665,0.13043636,-0.29401815,-0.59567845,0.32875314,0.08435848,0.06480606,0.019138098,-0.16520192,-0.24655235,-0.32652646,-0.13932517,0.4797322,-0.27059108,0.42179576,-0.37174934,8660
0.024882853,-0.0674458,0.18816012,-0.02293846,-0.16104749,0.014792033,0.26604328,0.7082398,0.011052102,-0.82295096,0.26748177,-0.2904871,0.37526438,-0.62623227,-0.2559873,-0.23916696,1137
0.121977784,-0.078332484,0.3010932,-0.2006925,0.27790105,-0.19333372,0.15149298,0.56973004,-0.2123058,-0.44684204,0.057468593,-0.12655678,0.49519762,-0.20574462,-0.3196993,-0.086905986,1690
0.12869188,-0.015013963,0.1684956,-0.13400777,0.683761,0.02928605,0.26908076,0.24829033,-0.12261671,-0.22380506,-0.123377986,0.0030500144,0.40588927,-0.21684995,0.065102264,0.24265121,4147
-0.16366059,0.07824147,0.098903805,-0.023502856,0.14037555,0.42754188,0.4017868,0.96561414,-0.30788207,-0.4726662,0.35170093,0.0463304,0.37654608,-0.42934078,-0.080517724,-0.10100967,1383
0.19437489,0.20615491,-0.10430887,-0.22412813,-0.09646707,0.04553279,0.26311037,0.39054433,-0.23448052,-0.22925219,0.16978943,-0.28880835,0.26995414,-0.21394286,-0.3397716,0.091000274,2880
-0.09664504,-0.04847993,-0.15994596,-0.3138363,0.3151119,0.2685816,0.118413076,0.6062093,-0.22274628,-0.24983542,-0.20933798,-0.45996058,0.3988167,-0.6365654,-0.016166896,0.04705277,4179
0.0001309216,0.045968585,0.6489021,-0.27666563,0.38919747,0.1994155,0.36786062,0.6872987,0.0108309835,-0.88885987,0.13176507,0.20827293,0.63221055,-0.18802524,0.2346167,0.1405445,9160
-0.02347511,0.075428516,0.57166183,-0.2664015,-0.003200248,0.2513885,0.18527363,1.0325215,-0.4503944,-0.623555,0.14745498,0.29589832,0.31787404,-0.21440887,0.09292507,0.18583158,9410
0.17624885,0.21745649,-0.15456194,-0.32831782,0.58184695,-0.04319231,0.06061776,0.17536525,-0.43627617,-0.05791551,-0.050243676,0.19235376,0.1742236,-0.040004175,-0.08760807,0.046911716,6859
-0.021486804,0.10053604,-0.0144152865,-0.22177503,0.14096299,0.03144467,0.36407596,0.23312113,-0.22870947,-0.3349023,0.13517903,0.051897764,0.45263216,-0.023013826,-0.18001628,-0.01009506,8158
-0.10584012,0.09606302,0.008759181,-0.06831041,0.09989591,0.51091415,0.44479012,0.7726506,-0.5107285,-0.6313205,0.33575216,-0.008524157,0.43014336,-0.26583764,0.025549948,0.03737837,9249
0.20044619,0.72487247,-0.36183456,-0.62447715,0.07476288,-0.2992419,0.18823297,-0.6954847,-0.6190829,-0.23789206,-0.5949534,0.25724062,-0.14014044,-0.2901519,0.5968561,-0.5358227,2418
0.09972493,-0.013961777,0.1755994,-0.44185498,0.03813511,0.15435047,0.33743972,0.39204338,-0.6457199,-0.2821365,0.15106605,0.32871342,0.14801331,0.18798764,-0.42170566,-0.08584263,5587
-0.07244337,-0.16244105,-0.33067673,0.10877243,0.47214884,0.43965682,0.32301912,0.22820789,-0.35732764,-0.21499875,0.3106408,-0.052926,0.88168037,-0.2347847,-0.37618035,0.053404927,3058
0.03720779,-0.071225666,0.043371856,-0.5408964,0.20287491,-0.09700233,-0.14617155,0.24130614,-0.44388318,-0.04293044,-0.10134491,0.06400013,0.4324179,0.08325561,0.14806014,-0.11516131,8761
-0.06287615,-0.12449585,0.341281,0.06892666,0.063800424,0.10710193,0.36975643,0.48026437,0.19124134,-1.2711966,0.30997103,-0.31179646,0.5013019,-0.51617175,0.13608627,-0.23597863,5851
-0.035254598,-0.010447405,-0.014284348,-0.2545862,0.12231034,-0.04767584,0.12167298,0.56744176,0.02006711,-0.38326335,0.1363738,-0.23920184,0.44386524,-0.20595081,-0.33387715,-0.04897961,3141
0.12563843,0.18375325,0.10181716,-0.20342264,-0.018030584,0.05171537,0.16794394,0.48054418,-0.27884704,-0.17628367,-0.068086565,-0.12860997,0.1262545,-0.37903824,-0.20210274,0.22222103,4300
-0.13883755,-0.3078026,-0.024085995,0.02422896,0.57392025,0.20315176,0.3383485,0.7053453,-0.08518137,-0.8025087,0.18686815,-0.45607004,0.89081246,-0.44881645,-0.24383867,0.10965006,9806
-0.025619917,-0.55355555,0.04524876,-0.33992767,0.5069328,-0.18680495,0.13927832,0.3999803,-0.33359933,-0.20432186,-0.24510644,-0.17462412,1.3089741,-0.2871149,-0.105128095,0.28629965,9061
-0.02994512,-0.047979012,0.31228718,-0.18199073,-0.12060596,-0.37606382,0.22691861,0.65377134,0.046250775,-0.7688307,0.1029692,-0.048788764,0.12282833,-0.32983494,-0.15379736,-0.33359665,7396
-0.38497657,-0.38769084,0.040935144,0.15897182,0.93519324,0.5220083,0.81890917,0.7395806,-0.27193758,-0.31889117,0.3882681,0.118860014,1.0620863,-0.23165181,-0.3122766,-0.062671006,9452
-0.018301003,-0.09370016,0.12693796,-0.29596308,-0.03452359,0.07957,0.07085147,0.49325404,-0.5173784,-0.46774584,0.09545079,-0.23294297,0.30416977,-0.089273565,-0.19289102,-0.23404112,8782
0.11084172,0.121345006,0.10522765,-0.113238335,0.30079982,-0.10964617,0.21581158,0.599753,-0.21712181,-0.62387705,-0.004602492,-0.025646105,0.4568437,-0.07962465,0.102211386,0.017655313,1073
0.109632194,0.10325849,0.22976938,-0.20787261,0.0026953071,0.13045546,0.4831782,0.29080284,0.13430135,-0.500508,-0.113262266,-0.22919706,0.4678734,-0.32057157,-0.11000362,-0.21190119,4174
0.18352705,0.2506055,-0.10033831,-0.20948575,0.09492219,-0.017010048,0.2021739,0.33077824,-0.21867436,-0.22592714,0.22620487,-0.24606515,0.3744136,-0.20658839,-0.27199608,-0.011017621,7469
-0.05724347,0.11721657,-0.040204383,-0.24022464,0.49257925,0.03206867,0.29672846,0.3224774,-0.58951545,-0.36327678,0.21621767,-0.04079245,0.95421547,-0.42738414,-0.19124338,-0.04881206,6801
-0.04467401,0.4416139,-0.21410406,-0.72784334,0.07714239,-0.05776008,0.036213562,-0.08594486,-0.48532438,-0.0028514713,-0.21433878,-0.06344696,-0.038163215,0.0562446,0.10429528,-0.2449226,1867
0.32780468,-0.019301213,0.53778636,-0.42651993,-0.25219658,0.44042107,0.35459423,0.6643376,-0.6779549,-0.6983428,-0.112755,0.07663666,0.20434766,-0.12435301,-0.4203917,0.08620381,4333
0.21308938,0.3306744,-0.38727283,-0.39998204,0.4298838,0.24449019,0.22309425,-0.0029471815,-0.36571038,-0.036732435,-0.27902663,-0.030229196,0.37723956,-0.13070709,-0.01596795,-0.14058955,9332
-0.14263096,0.3005732,0.13671827,-0.291525,0.055661395,-0.14376844,0.16328505,0.5276333,-0.35525817,-0.15365717,0.18126951,-0.06778889,0.2557715,-0.36574474,-0.18654808,0.0155624,5380
0.09148991,-0.04568998,0.028063504,-0.5782367,0.01892078,-0.16962627,-0.011993572,0.26903626,-0.33179617,-0.277726,-0.15110873,0.11746106,0.22790642,-0.04585661,0.031928003,-0.2147888,1396
0.015189736,-0.5506222,0.25871468,-0.2781901,0.08918333,0.28094986,0.5329252,0.44622505,-0.27823383,-0.5769576,0.033873606,0.13412769,0.46834412,0.005964443,-0.16037771,-0.105706155,6861
0.11238123,-0.03207718,-0.0046324357,-0.21652964,0.23448423,-0.252003,0.26758507,0.21986346,-0.29904407,-0.5717541,0.016147029,-0.053391308,0.46976313,-0.059010446,-0.027634978,0.008596823,5805
0.055084296,0.0074260384,-0.29048258,-0.12590274,0.116856754,0.3351937,0.2368282,0.63293874,-0.12813404,-0.27137983,0.10374138,-0.4629469,0.33183262,-0.59957427,-0.02767378,-0.17277145,7770
0.00080150366,0.19529796,0.63726556,-0.16254494,-0.3053226,-0.24632902,0.018676352,0.6640633,-0.38627362,-0.8450663,0.040044107,0.0032375306,0.32945105,-0.49712706,-0.12450318,0.049036518,7605
0.20708969,0.45702213,-0.0789273,-0.2594186,0.4356997,0.20273508,0.15864414,0.39410913,-0.60976094,-0.34315932,0.034477007,-0.25392038,0.6010361,-0.26130363,-0.066635594,-0.02395089,5747
0.03887108,-0.16326985,-0.0069637187,-0.22916323,0.18139657,-0.37975055,0.06011627,0.13182011,-0.10718545,-0.46385652,-0.015560338,0.21627799,0.3720042,-0.209981,-0.14647503,-0.028689712,5144
0.0069964975,0.30814582,-0.08560459,-0.53011465,0.22019497,-0.29933918,0.19648422,-0.11327782,-0.41003227,-0.16000514,-0.26485673,0.2514283,0.0077177435,0.010096356,0.35204852,-0.2162033,6838
0.06231468,-0.047347248,0.13155046,-0.5748414,0.080697276,-0.08101344,-0.063904665,0.38994884,-0.4172538,-0.113446996,-0.2857248,-0.17105742,0.41453373,-0.090081096,-0.31168035,0.16007197,7533
-0.072824195,0.03256428,0.22562769,-0.32541177,0.17313758,0.1502966,0.2195959,0.86396646,-0.3967124,-0.63659954,-0.03703003,-0.33586136,0.33403355,-0.45084044,-0.32025632,-0.44218427,1600
-0.10416277,-0.17543973,0.150509,-0.102687374,-0.033632874,0.5456309,0.226121,1.0878948,-0.26747563,-0.7944757,0.04258821,-0.15503229,0.5496345,-0.3681207,0.0033688545,0.24998342,6728
0.02567473,0.23289497,0.026679846,-0.5879687,-0.028677523,-0.16905639,-0.032624986,0.22630164,-0.4667228,-0.18820117,-0.14552666,0.052750632,0.08934659,0.029585443,-0.096797794,-0.20163572,1356
-0.21115702,-0.26394296,0.022592276,-0.04413086,0.27323753,0.12686752,0.18724424,0.6810819,-0.46535942,-0.23407987,0.12897617,0.21607107,0.7704257,-0.021156332,-0.60764086,0.0719389,3506
-0.09984901,0.14542808,0.33741608,-0.06450823,0.4096845,0.10547026,0.2968686,0.6214378,-0.43680578,-0.6460682,0.124963686,0.46913546,0.5099621,0.08094502,0.19106248,0.10225529,9698
-0.15816371,-0.18457031,0.05279526,-0.07229133,0.29289943,0.066970095,0.025330886,0.7022471,-0.10599889,-0.3557788,-0.08340995,-0.4911391,0.7181783,-0.3993939,-0.1777823,-0.068190664,1508
-0.39892563,0.11108965,0.20086186,-0.5944445,-0.0329125,0.37577435,0.21166982,0.7453162,-0.9724165,-0.13627504,-0.2879205,0.22113319,0.2538165,-0.0968753,-0.042630434,-0.12350494,7045
-0.22848842,0.08761687,0.16778257,-0.2795397,0.08255927,0.047053073,0.3874687,0.52329177,-0.63785,-0.4344854,0.01828261,0.28718942,0.25674146,0.11638236,0.12270452,-0.07502617,4103
-0.0622935,-0.054390334,0.33192804,-0.03743583,-0.17778204,-0.06082609,0.3034173,0.7018209,-0.2469147,-0.7679631,0.24536622,0.11914076,0.420689,-0.30693552,-0.17585045,-0.12719119,6997
-0.04502642,0.124172054,0.0048225336,-0.81626713,0.17395991,-0.15458626,-0.08812051,0.14736237,-0.85955566,0.12785465,-0.47838837,0.3717747,0.24151774,0.04943096,-0.056611374,-0.0008340031,6404
0.10351516,0.08457295,-0.25866953,-0.17085221,0.07935018,0.13926695,0.20595556,0.51686394,-0.2727015,-0.29942787,0.17658855,-0.31748086,0.40424418,-0.37153095,-0.12579975,-0.0036260337,6138
0.11716702,0.08191879,-0.10287479,-0.5924884,0.042962715,-0.0058501544,0.064412996,0.26692975,-0.45756954,-0.2271759,0.06808393,0.068885505,0.23638046,0.06566876,-0.061524868,-0.35587442,8808
0.2537675,0.27219683,-0.16035467,-0.4472444,-0.027341679,0.21360277,0.12265372,0.5700257,-0.46846423,-0.10878835,-0.11163412,-0.47929513,0.053158835,-0.28070027,-0.14052944,-0.13484855,6401
0.04679714,0.4374588,0.21287552,-0.44509634,0.019182995,0.23482944,0.44335994,0.41134226,-0.24160111,-0.2681526,-0.2696521,-0.014321327,-0.0235987,-0.13622802,-0.04226455,-0.25794476,7095
0.17056687,-0.096498355,0.18175942,-0.52631,-0.35075307,-0.22213155,0.019558076,0.32462373,-0.5269051,-0.48425895,-0.09712036,-0.09431647,-0.060526513,-0.0880299,-0.046714976,-0.3511806,4688
0.22764821,-0.10142812,0.0898752,-0.1429848,0.4994607,0.257464,0.45701635,0.6524017,-0.48682815,-0.61650735,0.15745623,0.08865184,0.86854243,-0.091405526,-0.22135627,0.1530899,3339
0.12655914,0.22576639,0.16461049,-0.40947074,-0.12102801,-0.052271068,0.19429824,0.087302245,-0.41701323,-0.38062894,0.11688167,0.024459809,-0.011760071,0.049480155,-0.045568287,-0.25972286,3850
-0.36658418,0.27933112,0.18133628,-0.7294675,-0.02982855,-0.2785926,0.2342765,0.107392214,-0.5470365,-0.14771187,-0.15271145,0.21342874,0.26782575,-0.24924603,0.020927459,-0.00905484,5869
-0.3063169,0.37018174,0.022325404,-0.48412418,-0.29720986,0.15265465,0.68737066,0.09607879,-0.2821536,-0.24995895,-0.36305577,0.35166985,0.082837865,0.11737217,-0.24539681,-0.48723298,9922
-0.29863238,0.105308324,0.18194836,-0.47083083,-0.09208259,0.17856386,0.7184504,0.52251613,-0.7663268,-0.68674064,-0.06068471,0.50613856,0.1919764,0.13833699,0.0032154322,-0.22249086,1604
0.08814892,0.30143,0.5807731,-0.38027593,-0.13046254,0.42763382,0.41902387,0.77640355,-0.55738044,-0.8887073,0.08836797,0.07477947,-0.029211156,-0.07928996,-0.041633546,-0.0030378401,2460
0.17078134,0.28280103,0.4363713,-0.22008635,0.30195516,-0.08058173,0.24571082,0.28112698,-0.4133874,-0.6086,-0.118053295,0.2988956,-0.04371442,-0.24633586,0.1946852,-0.19447833,8530
0.12506157,-0.086038865,0.10529625,-0.40175343,-0.09640243,-0.2038145,0.037659302,0.25686058,-0.18995719,-0.36188948,0.039784137,-0.10599966,0.37735036,-0.15380219,-0.17790899,-0.06441662,2871
0.21304527,-0.3159309,-0.18867186,-0.12063758,0.08511863,-0.10757378,0.10955493,0.57056326,-0.16404375,-0.6133271,-0.03954574,-0.31382173,0.6543228,-0.1719391,-0.07406302,0.16880715,5120
-0.090369046,0.28553084,0.14068687,-0.31718057,0.07176279,-0.08603404,0.42772007,0.41315085,-0.35016116,-0.43818605,0.2798192,0.3608621,0.1865291,-0.07328516,-0.109695256,-0.15380006,6340
0.0829082,0.14101872,0.25171083,-0.47302234,0.003919348,-0.040666737,-0.077666864,0.5692549,-0.23967278,-0.3440743,-0.04436132,-0.05625218,0.22526817,-0.03943749,-0.06484935,-0.054203972,3378
-0.383739,-0.27453956,-0.10134213,0.45447567,0.2861729,0.9345668,0.11823374,1.4086769,-0.49192557,-0.53441143,0.28112122,-0.57570136,0.7681744,-0.9471507,0.06527835,0.11524423,1995
-0.00084783137,0.21263283,-0.20158729,-0.030887663,0.50204885,0.132241,0.3009992,0.520226,-0.16748261,-0.3888957,0.2940033,-0.34888113,0.59179425,-0.4343677,-0.39851034,-0.07449359,5597
0.46688867,0.13491441,0.058968157,-0.020422757,-0.31170017,-0.03251974,0.32597914,0.5432625,-0.037462935,-0.9087827,0.12992093,-0.6477493,0.2218436,-0.6602769,-0.13802744,-0.19381076,9913
0.08738794,0.1914804,0.23504603,-0.4002806,-0.11465235,-0.36407638,0.20458594,0.30985868,-0.4002033,-0.24811262,-0.09302974,0.057676315,0.20147401,-0.367792,-0.105209604,0.04145728,8030
-0.4662402,-0.018330917,-0.003878761,-0.35525057,-0.06445886,0.460626,0.2693972,0.67221725,-0.8402394,-0.2523177,0.27949876,0.059954256,0.29031476,0.010830238,0.018972427,0.0024031997,6022
0.17494835,0.1687648,0.12941304,-0.54034364,-0.106169626,-0.048607618,0.13613614,0.27312952,-0.1913333,-0.309076,-0.12414485,-0.24694222,0.21118705,-0.20934975,-0.03047663,-0.29078808,3341
-0.18762061,0.5276922,-0.18408218,-0.6267083,0.18186477,-0.17262307,0.13087319,-0.23123142,-0.41322204,-0.2045652,0.1918986,0.112765454,0.060435057,-0.22686222,0.08877897,-0.28844476,5705
0.2656352,0.19126981,-0.1974739,-0.38702115,0.2529531,-0.00842227,0.04504946,0.31068382,-0.14757605,-0.12631406,-0.073948584,-0.232276,0.41377681,-0.27856654,-0.07113336,0.25258666,1250
0.23004366,0.041173995,-0.013491596,-0.21019995,0.07891522,-0.17183374,0.30267024,0.667655,0.066616565,-0.94379723,0.23485418,-0.24361481,0.07123223,-0.39026952,0.0053781867,-0.36073402,3635
0.30324328,-0.02966547,0.32265866,-0.4886273,-0.044687808,-0.20283103,0.044945523,0.580681,-0.5981171,-0.642689,-0.13020045,-0.067537405,0.17918602,-0.16612373,0.03736332,-0.62260884,3461
-0.22348419,-0.18122707,0.1935637,-0.4077193,0.101444945,0.12587355,-0.052708738,0.9484268,-0.58086157,-0.37746748,-0.04612811,0.1819445,0.62912023,0.12459208,-0.39353442,-0.12430851,6014
0.17773364,0.12465439,0.49728176,-0.5031314,-0.36276743,-0.25487393,0.3021292,0.30573264,-0.48757732,-0.46799028,0.037543297,0.20228548,0.19497181,-0.02803389,-0.34703502,-0.4484818,5784
0.043723688,-0.09691715,-0.21017423,0.13040936,0.42559785,0.09033814,0.36032224,0.7908429,-0.099234305,-0.70698535,0.18484975,-0.4278925,0.5512363,-0.5246036,-0.027091831,-0.11069384,8976
0.013502166,-0.11153823,0.4122658,-0.5315858,-0.032013446,-0.38839036,-0.0075298212,0.4212777,-0.5864024,-0.28154075,-0.38160872,0.26990953,0.22424088,-0.009860799,-0.2558345,0.19705051,8376
-0.0064020306,-0.22550786,0.2993852,-0.041095495,0.2658447,0.15100259,0.090043195,0.9713049,-0.4574456,-0.5737679,0.08313412,-0.14352688,0.8515966,-0.22496895,0.035243124,0.20236005,5090
0.09775062,-0.06535871,-0.06798106,-0.024338722,0.65280837,-0.03481935,0.27327693,0.5295408,-0.2835889,-0.35392374,0.054834206,-0.14585268,0.7965344,-0.16627868,-0.25610632,0.18237984,8522
-0.06076085,-0.36281297,0.38410854,-0.4408604,-0.12873855,-0.34783983,0.28375223,0.7263583,-0.3265758,-0.68251324,0.047423318,0.3165855,0.3704149,-0.09528384,-0.20686767,-0.48940983,7572
-0.064128466,-0.030555326,0.078935295,0.056532025,0.3515396,0.8377566,0.39898932,1.3392265,-0.5837625,-0.7848895,0.1904642,-0.10536546,0.4028819,-0.6323316,0.26050818,0.3382308,1693
0.05336398,-0.050631255,0.2475113,-0.38466558,-0.20977075,0.17362526,0.0744712,0.5451144,-0.4680727,-0.5812357,0.0624042,-0.34947816,0.21455637,-0.18440822,-0.12989558,-0.4882885,9952
-0.1121501,-0.04896964,0.11954913,-0.104237884,0.01824294,0.088150606,0.035443164,0.9583516,-0.13867047,-0.8283487,0.05550559,-0.12322916,0.32797226,-0.2211725,-0.062426686,0.039058268,1048
-0.12398701,0.09085232,0.065383576,-0.41594288,-0.0865773,-0.27087092,0.0848787,0.01908961,-0.2772575,-0.27063453,0.0038930513,-0.030549586,0.23921958,-0.1871246,-0.117614105,-0.101903185,8287
0.021668375,-0.10159142,0.038560484,-0.13729693,-0.08897449,-0.29672873,-0.06817535,0.2513437,-0.008272592,-0.25749463,-0.009967088,-0.012905732,0.33307648,-0.18535905,-0.21034184,0.13482784,7389
-0.3985685,0.19761243,0.27707633,-0.93126833,-0.20896685,0.081581965,0.2017659,0.33942586,-1.1467392,-0.12700155,-0.41729397,0.31364316,0.013437033,-0.026945949,-0.058647454,-0.16905561,3561
-0.006251678,0.499407,0.15705742,-0.21559021,-0.036760677,-0.15467146,0.48375008,0.19310242,-0.23598199,-0.45311594,0.1907373,0.2801266,0.20537981,-0.13474117,-0.17724258,-0.2540739,7649
0.026158549,0.17198771,-0.06017494,-0.045636237,0.4368751,0.12905096,0.36168188,0.4195236,-0.23283364,-0.43803498,0.22381523,-0.077551946,0.3410982,-0.16236801,-0.10582158,-0.15052477,9174
0.16448963,0.1017141,0.47213793,-0.3429134,-0.08126363,0.01672031,0.08903243,0.66581744,-0.1767715,-0.9039959,0.14535981,-0.20969662,-0.032838024,-0.34415692,-0.03039889,-0.33582437,7024
0.056868225,-0.23115988,0.1564351,-0.26501924,-0.04290013,-0.29957822,0.07802839,0.29417574,-0.14115742,-0.5485899,-0.03452146,-0.002860546,0.4015959,-0.23624465,-0.196989,-0.109490916,1165
-0.054672115,-0.33658302,0.28191382,-0.21161379,0.108328395,0.30815804,0.35652536,0.72639006,-0.41339156,-0.4323188,-0.025887014,0.08101815,0.15143873,-0.09623675,-0.056903884,0.037098497,6690
-0.03694655,0.20916718,-0.013386309,-0.4738143,0.058246598,0.10065717,0.016752806,0.43306935,-0.46936125,-0.0735066,-0.02057483,-0.02152212,0.35760537,-0.059964824,-0.21258034,-0.15951847,7285
0.2932845,0.14829929,-0.15649565,-0.18098514,0.2890234,-0.14755568,0.33183318,0.4887758,-0.18256472,-0.26118147,0.09116924,-0.033350676,0.23610878,-0.08260907,-0.03490542,-0.1095247,3198
0.113482095,0.24026501,-0.04893332,-0.17668991,0.28495297,-0.10445266,0.123771325,0.16278474,-0.29304373,-0.26686436,0.054517508,-0.08551723,0.61372,-0.2941078,-0.22085577,0.1326173,7015
0.16207159,0.32577458,-0.016825888,-0.6493569,-0.25660092,0.07661541,0.2931817,0.08495144,-0.38754815,-0.18298693,-0.3119273,0.077260695,0.046057105,0.047723003,-0.14728794,-0.60523266,8752
-0.03354554,0.42831573,0.070563376,-0.5171349,0.0107199475,-0.027469903,0.24812521,0.24512467,-0.33385217,-0.33981913,-0.02662097,0.19351542,0.07097146,-0.053184845,0.109635174,-0.17024629,4932
0.08830435,0.22332798,-0.05866476,-0.40158576,0.19030201,-0.08701867,0.18105468,0.074998945,-0.32697403,-0.19458058,-0.19623657,0.07405515,0.24562956,-0.053068794,-0.20740303,-0.072341874,1127
0.24628566,0.031667314,-0.14037547,-0.22939992,-0.0575265,0.19934985,0.3195661,0.5801903,-0.31608948,-0.588395,0.07218396,-0.5386478,0.14207742,-0.43134224,-0.33669207,-0.23983388,1573
0.13248003,0.10761055,-0.024770737,-0.35882512,-0.054551527,0.027920954,0.28190553,0.26392734,-0.58744127,-0.1389764,0.108479835,-0.052813176,0.10996318,-0.09862205,-0.17717187,-0.22032133,4291
-0.11195989,0.27210176,0.44916135,-0.65489244,-0.048184603,-0.04894767,0.13680354,0.4915282,-0.6429893,-0.28500032,-0.30367282,0.06253597,0.06530644,-0.116035126,-0.32166624,-0.08569238,3475
0.13077381,0.08670376,-0.041390464,-0.34449425,0.1828797,-0.031177215,0.15976241,0.3548165,-0.3991881,-0.25603697,0.050029695,-0.1890038,0.46641982,-0.20924929,-0.3394492,0.14762872,9090
0.1827425,-0.18925123,0.8143716,-0.21981922,0.033208467,-0.1643266,0.26589313,0.57716846,-0.09920001,-0.827815,0.021665491,0.10127379,0.24347982,-0.31149966,0.07757881,-0.16939934,6523
-0.38069272,0.07293346,-0.040563695,0.2733665,0.18653603,0.16733143,0.4922105,0.8032665,0.33921027,-0.9279143,0.4807227,-0.49308616,0.6407763,-0.727764,-0.342019,-0.3289762,2283
0.352247,-0.4286236,0.73008233,-0.35258615,-0.50389737,-0.07916134,0.055476397,0.4894166,-0.46708077,-0.64842075,-0.30858347,-0.43006313,0.31067353,-0.26315397,-0.5573908,-0.22020179,1458
-0.42723572,0.33018297,0.117973596,-0.27986458,-0.21336639,-0.037939504,0.42141646,0.06645871,-0.17363735,-0.18863703,-0.13886493,0.07668166,0.24398223,-0.1771446,-0.40303022,-0.11066857,3556
0.06957759,0.0003928095,0.06592332,-0.26238865,0.18210939,0.1784803,0.11213131,0.54269856,-0.011402965,-0.33525303,0.027312364,-0.25800163,0.39479038,-0.3120586,-0.1271269,0.14045292,7420
0.025782779,-0.09468232,0.08572686,-0.033175945,0.30293447,0.12104387,-0.04220126,0.5497698,-0.27854598,0.10522257,0.082712255,0.13740633,0.51351595,-0.17384925,-0.07966468,-0.09642385,4068
-0.078981176,0.30129752,-0.090302214,-0.25154883,0.35501552,0.22630182,0.4200189,0.38969886,-0.37473023,-0.27273396,0.17689924,0.15548523,0.28816628,-0.21675628,-0.056056976,-0.031208247,4382
0.11590284,0.28000015,-0.078443535,-0.3064427,0.057316586,-0.10517935,0.21899134,0.31437904,-0.21716475,-0.29566574,0.15852718,-0.022095887,0.15573415,-0.03851742,-0.18178275,-0.031061605,5035
-0.25672635,-0.1674901,0.31497836,-0.6202636,0.25046092,0.28707424,0.06631054,0.84186,-0.89658344,-0.09852928,-0.32793927,0.070376605,0.50736994,-0.0950118,-0.23650596,-0.051140487,8652
-0.2086199,0.5443734,-0.09749815,-0.1763532,0.13836193,-0.081858836,0.58917546,0.33481297,-0.32344297,-0.2984189,0.095167,0.21239841,-0.10507923,-0.20123605,0.027698606,-0.35344255,8574
-0.05738911,0.13368696,-0.033014167,-0.48756158,-0.094300374,-0.17580718,0.05385543,0.10724152,-0.23056147,-0.26032463,0.0673355,-0.07260054,0.2436164,-0.110250235,-0.04913938,-0.24205346,7927
0.12668312,-0.13324282,-0.004810117,-0.33577147,0.07617499,0.3217346,0.3901785,0.4705183,-0.34901685,-0.57659376,0.046076506,0.054019924,0.34408462,0.17401634,-0.22189608,-0.08621365,3567
-0.03750448,0.21537587,-0.17138301,-0.12560809,0.26479465,0.1763838,0.3331912,0.5360277,-0.306275,-0.36449146,0.24566275,-0.24655962,0.32790926,-0.3779384,-0.20555492,-0.331366,9864
0.10764243,0.048205525,-0.1257477,-0.27470437,0.0023299754,0.016249558,0.13890463,0.19792557,-0.104638174,-0.57853043,0.15550166,-0.29920024,0.28316882,-0.34026223,0.12324044,-0.24949448,5686
-0.19225007,0.35245737,-0.08505048,-0.12424815,0.23996097,0.6373806,0.61642647,0.55626255,-0.48961687,-0.6360425,0.19800088,0.2567482,0.46523702,-0.13815089,0.55783904,-0.41881603,3369
0.122663714,-0.039093338,-0.17381212,-0.47083718,0.2308892,-0.025931446,-0.08141519,0.016714826,-0.30705696,-0.15589336,-0.16968602,-0.14333987,0.22016001,-0.008036628,0.099200875,-0.056929354,3297
0.02785404,-0.13315724,0.25321922,-0.5754946,-0.12875529,-0.23241335,0.19039348,0.19414581,-0.37806147,-0.44105992,-0.15490626,0.01536873,-0.008282393,-0.1099771,-0.23578915,-0.096046045,9562
-0.021541677,-0.042040437,0.14287043,-0.04488346,0.35183948,-0.019112654,0.17218353,0.5530077,-0.187782,-0.3695213,0.09209846,0.078546464,0.4513241,-0.11672826,-0.208516,0.010592595,4980
-0.06499989,0.17702915,-0.045893513,-0.14699084,0.095388554,0.48473018,0.41181517,0.7979766,-0.5077059,-0.32792014,0.06408252,-0.21674776,0.4341393,-0.5056815,-0.29324758,-0.08156362,3559
0.06888571,0.19099526,0.025030803,-0.17477173,-0.023590006,0.013138205,0.30971345,0.35308522,-0.44608393,-0.39449704,0.08875954,-0.118841134,0.27098873,-0.32839036,-0.19629553,-0.053595394,4526
0.025261465,-0.076802276,0.08795499,-0.35676974,0.12766162,-0.40952957,-0.010301486,0.058800247,-0.42902243,-0.26405072,-0.13700627,0.27062732,0.8097723,-0.015107989,-0.22724359,0.28778464,9316
0.35780364,-0.024926484,0.20001644,-0.2779901,-0.13420828,-0.083767794,0.07494359,0.23717529,-0.21525168,-0.43809193,0.07882506,-0.37227947,0.3172951,-0.35698903,-0.15168187,0.029637977,1507
-0.01428552,0.0944227,0.060110345,-0.5176376,0.059313208,-0.020579549,0.17090428,0.1258693,-0.7370083,0.0067326576,-0.18574566,0.32633302,0.27114648,0.0984256,-0.23093048,-0.13521016,5126
0.1293294,-0.42627758,-0.19728944,-0.063444674,0.21149078,0.038984627,0.20396408,0.7076686,-0.1794543,-0.67667115,0.020822272,-0.49789095,0.7414867,-0.61219215,0.12429534,0.09935273,7318
0.06573027,-0.0125373155,0.10600629,-0.18670197,0.026676029,-0.41283983,-0.08022398,0.10274645,-0.12042534,-0.37668604,0.0056342445,0.20496288,0.26995987,-0.25094977,-0.0505338,-0.23635593,7890
-0.2795313,0.073299244,0.23911136,-0.45937312,-0.051744565,0.34701675,0.33058864,0.6168959,-0.59509516,-0.40228117,0.39147118,0.4584641,0.41755632,0.26918975,0.078168005,0.11344425,5645
0.066610135,0.005629547,0.1987538,-0.21155718,0.12406697,0.09286449,0.25026762,0.6892936,-0.36441004,-0.509413,0.08202954,-0.06597559,0.39913738,-0.15328279,0.0034494996,0.03128858,6853
0.045368128,0.15659225,-0.0837808,-0.5682564,-0.06637125,0.09248713,0.08824651,-0.26946247,-0.36558264,-0.080245346,-0.3766414,-0.1851598,0.16406733,-0.1899135,-0.03925188,-0.22179659,8541
-0.22480375,-0.0053493977,-0.23546922,0.114596546,0.18673173,0.42401552,0.15174186,0.9223465,-0.3895868,-0.3200282,0.2841026,-0.45878467,0.42633367,-0.72433716,-0.11537838,-0.3508312,1731
0.18867812,0.8588135,-0.15536326,-0.42420563,-0.03192404,-0.06523466,0.012311496,0.42869195,-0.3988438,-0.18868518,-0.037746813,-0.477297,-0.04223944,-0.47042322,0.13189864,-0.10087882,7290
0.01993788,0.17675175,0.08170947,-0.30035615,0.00030596554,0.071311094,0.07548271,0.56048137,-0.05423706,-0.3150185,0.034798067,-0.31542477,0.22008629,-0.27447087,-0.11423682,-0.117786154,2767
-0.15819159,0.035662867,-0.4272895,0.38616708,0.20114265,0.4773479,0.48078173,0.46265286,0.088204205,-0.3887555,0.31255192,-0.32608557,0.84014314,-0.69450366,0.10126089,-0.17437632,4893
0.17773603,0.26046678,0.19447263,-0.42969227,0.08948185,-0.069707446,-0.03718712,0.34309554,-0.6526593,-0.31028712,-0.397935,-0.13086383,-0.009877384,-0.30079162,-0.032067463,0.083401404,2788
0.2414853,0.44693476,0.017334374,-0.79219985,-0.22463669,0.13948517,-0.005401816,-0.031756967,-0.61360466,-0.121062085,-0.24256392,-0.36428848,-0.0994,-0.015529379,-0.032834604,-0.4920153,4658
-0.2710418,0.066485904,0.020498198,-0.15087302,0.12658909,0.17312364,0.312745,0.6800554,-0.63622946,-0.2653472,0.15920356,0.053214252,0.4834125,-0.16903836,-0.3187577,-0.07542117,5345
0.018315308,-0.007947877,-0.042584196,-0.11723086,0.372403,0.12545124,0.16772288,0.32078812,-0.4152238,-0.21436721,0.038460415,-0.15770973,0.75718415,-0.33872712,-0.32140362,0.30553305,2864
0.17337461,0.11808887,0.42902935,-0.1678336,-0.045342878,-0.04914818,0.19153854,0.562216,-0.058800425,-0.3433582,0.021305062,-0.07075876,-0.0071920604,-0.34380943,-0.055158675,-0.13497618,8413
0.16531456,0.23452826,-0.20430225,-0.55612767,0.214517,0.17727976,0.20353141,0.060204305,-0.5176194,-0.012887716,0.08393206,0.09572149,0.020457365,0.13365011,-0.034021437,0.11491567,6119
-0.083049595,0.23065433,0.14690176,-0.4837894,0.13253155,0.20841713,0.1606423,0.5135614,-0.5597149,-0.3048994,-0.0016977331,-0.39047307,0.3713383,-0.29993653,-0.43176696,-0.35529363,7139
0.20829952,-0.00015077926,-0.04341223,-0.19380534,0.1167229,0.1953885,0.19535804,0.7977155,-0.14000082,-0.45153043,-0.07780488,-0.37034178,0.31098327,-0.54193306,-0.047927022,0.21618903,9052
0.275311,0.014297187,-0.1689658,-0.28217828,0.15177147,-0.10511068,0.21529953,0.33612615,-0.13253947,-0.2503926,0.054034065,-0.15123922,0.27451125,-0.17292826,-0.043738723,-0.014315277,8741
0.20861712,-0.42876646,-0.020721236,-0.16586572,0.27437052,-0.15222083,0.07666816,-0.070626244,-0.12914924,-0.46267438,0.00738341,-0.21502542,0.8876528,-0.31473762,0.16033345,0.10919428,6150
0.085183755,0.3121489,0.20422472,-0.41273037,0.08821811,0.10574025,0.27875382,0.14195988,-0.10257718,-0.34003943,-0.1399262,-0.10479855,0.18138936,-0.17180213,-0.09527187,-0.15814339,5476
-0.13053596,-0.14777291,0.04254502,-0.18803513,-0.12480915,-0.18555057,0.025113028,0.65249,-0.17599165,-0.48532236,0.27265102,-0.13724405,0.22712326,-0.24002878,-0.052959725,-0.41894138,7844
0.07436957,0.05080958,0.26346773,-0.27357936,-0.3416925,-0.16414496,0.25047895,0.57152855,-0.34663248,-0.605991,-0.20921001,-0.4130705,0.14247473,-0.51243776,-0.3022094,-0.31202924,9999
-0.103372365,0.44178444,0.008263532,-0.60082567,-0.11454554,0.6187849,0.3079038,0.5036331,-0.2215216,-0.061519682,-0.65879786,-0.17050362,-0.18584701,-0.0152371,0.34427723,-0.66652864,9278
0.19722795,0.14131874,0.1472731,-0.31614232,-0.028207868,0.016353328,0.19824086,0.46754184,-0.25393707,-0.48860183,0.01065135,-0.0859264,0.11385462,-0.10907082,-0.09006652,-0.4008339,9986
-0.2680296,0.055459548,0.121779025,-0.2974275,0.18726137,0.34333232,-0.02181702,0.8386802,-0.8408847,-0.18203504,-0.17541102,-0.0036221296,0.26087362,-0.15770057,-0.16153337,0.092946306,2790
0.13144705,-0.0004138127,-0.02048224,-0.1823726,-0.11199127,-0.16239882,0.2568732,0.50623035,-0.01395604,-0.88487726,0.19522299,-0.2737524,0.2672534,-0.33011404,-0.0590446,-0.43909684,1842
0.22329739,-0.16265112,0.4158327,-0.3284313,-0.32072696,-0.28402805,0.008411963,0.6483709,-0.21368396,-0.75718004,-0.0041317525,-0.21562713,0.0897091,-0.24514586,-0.036441237,-0.55260104,9190
-0.0008100718,0.029832795,0.114337444,-0.50932145,-0.003563434,-0.17510125,0.0011165272,0.2313162,-0.28399435,-0.3090077,0.006141067,-0.11030828,0.4181005,-0.04925421,-0.25612596,-0.13841899,1800
-0.34799704,0.03772635,0.056135356,-0.2695852,-0.19330859,-0.35104984,0.014884211,0.30260226,-0.20691419,-0.40276015,0.049665123,-0.21268147,0.46634924,-0.3290991,-0.40645176,-0.014705062,7960
0.013867542,0.15223306,-0.121685274,-0.1874314,0.20044065,-0.022628164,0.24228586,0.20954728,-0.17228177,-0.26501554,0.19285646,0.15341118,0.45866013,-0.12659746,-0.17203814,0.18159121,2786
0.12645304,0.17609936,-0.16728854,-0.2822682,0.4226197,-0.12922017,0.12532227,-0.059465826,-0.46978554,-0.16717942,-0.06559183,0.33469525,0.5391282,-0.20495921,0.023725256,0.19312258,9717
-0.08715491,0.14754745,-0.14300078,-0.019957125,0.14546867,0.0027806424,0.38287824,0.46344492,0.07023433,-0.57584465,0.37730268,-0.22179355,0.50800157,-0.2638019,-0.3667435,-0.14076199,1976
-0.06519076,0.1900908,0.19849373,-0.37754223,-0.097717375,0.13232997,0.539947,0.42232132,-0.3019193,-0.47764355,-0.09861511,0.20493646,0.4693327,0.0861125,-0.14661367,-0.15140316,3307
-0.060708314,0.13671258,0.24098685,-0.26664168,-0.09058211,-0.046333827,0.24314973,0.57491755,-0.40487796,-0.20784402,0.20902345,0.3167526,0.29393834,-0.10023991,-0.11542979,-0.0794123,8361
0.31291476,0.28114182,0.447824,-0.3545685,-0.07478148,0.21590865,0.4811632,0.29967326,-0.43720323,-0.7374338,-0.07088304,0.025068924,0.03745675,-0.10175635,-0.36489186,-0.21405257,5410
-0.026993513,0.060568854,-0.0010864735,-0.3806162,0.177523,-0.20695326,0.047177188,0.39563325,-0.17872374,-0.3500388,0.048897486,-0.09755331,0.4221778,-0.2976386,-0.37195212,-0.19928263,2332
0.021633737,0.2826497,-0.0555359,-0.37952766,0.12847406,-0.12773946,0.08640002,0.12928945,-0.22368298,-0.18002234,0.045701858,-0.060964935,0.18198793,-0.1586025,-0.13526474,-0.065043524,3303
0.12685779,0.13240117,0.18741696,-0.30981603,0.038058694,-0.030316278,0.103844516,0.34934145,-0.17166539,-0.4091679,0.07757886,-0.22931822,0.37988508,-0.2249146,-0.1955302,0.080071524,3282
0.2362696,0.49165845,-0.37037718,-0.07731521,0.14951907,0.29404616,0.113643415,0.78164494,-0.28252625,-0.20084487,-0.011432249,-0.65696526,0.0138902515,-0.75397944,-0.003636323,-0.14092384,7835
-0.14379081,0.15793727,0.29005903,-0.52326155,-0.094973326,-0.11776572,0.13341835,0.49586332,-0.5821297,-0.36087847,-0.2665547,0.009812586,-0.036502063,-0.29640853,-0.47745544,-0.40756285,8613
0.014340952,-0.2403491,-0.0093765,0.3562025,0.28380767,0.17978197,0.55335945,0.91658694,0.33732557,-1.4265281,0.37952724,-0.73421663,0.69075894,-0.89384425,0.17764696,-0.5403521,3420
0.07620083,-0.24877536,0.37606794,-0.459768,0.023936667,-0.11946168,-0.1452643,0.69141597,-0.74904394,-0.033038005,-0.44929206,-0.24886654,0.9164906,-0.185615,-0.60041595,0.40487337,8516
0.21070918,0.37255853,-0.2286184,-0.64890087,-0.112457104,-0.007356532,-0.07611159,-0.0033525974,-0.7183536,0.13242994,-0.024583504,0.0028667971,0.074888974,-0.0747166,0.17307693,-0.42492583,4798
0.20143443,-0.0755324,-0.013968475,-0.14836988,0.42609122,0.0901097,0.20134665,0.24734116,-0.16224761,-0.30715102,-0.09184115,0.14185436,0.41811496,-0.23282275,0.14649335,0.21380755,5895
0.2376434,0.13624161,0.0061678924,-0.19651951,0.24181966,0.03093043,0.17823464,0.41786414,-0.20725289,-0.36015972,-0.100014806,-0.0037897266,0.28952235,-0.12256758,0.01948832,-0.01989171,4892
0.35909015,0.6220344,0.26807803,-0.36834648,0.4353051,-0.19736612,0.19519404,0.19482625,-0.24756102,-0.32831538,-0.25792545,-0.011721179,-0.3804085,-0.28060895,-0.101952046,-0.1315318,1403
-0.21892047,0.13391864,0.05891109,-0.12207866,0.29054058,0.27365246,0.3975068,0.6180843,-0.45875186,-0.5303438,0.26498792,-0.13824129,0.7391814,-0.23229776,-0.2464923,-0.31822193,4372
0.2084897,0.32586214,-0.10959098,-0.55194587,0.09802582,-0.014873236,0.13901627,-0.008210361,-0.3088025,-0.13414901,-0.2177289,-0.13162142,0.04064417,-0.009295202,-0.013934121,-0.24469756,6462
0.08450345,0.21153773,-0.009917073,-0.46887213,0.07157527,0.13891819,-0.005945625,0.55382633,-0.5287913,-0.073404096,-0.0764358,-0.2902339,0.22397915,-0.14533246,-0.124205664,-0.040161654,6932
0.13005415,0.19178273,0.15736909,-0.19267675,0.17658019,-0.036929063,0.35351685,0.0054887384,-0.25615445,-0.39754117,-0.08303815,-0.08342911,0.36932212,-0.18992913,-0.12766336,-0.02497068,8737
0.25076103,0.104580246,-0.010963634,-0.3427362,0.106163375,-0.120635845,-0.00876171,0.18119691,-0.371498,-0.09758319,-0.019849904,0.31100652,0.19187233,-0.097666234,-0.0137593895,0.17830774,3285
0.08633029,-0.029601961,0.4184749,-0.052941874,0.17768635,0.09563249,0.447376,0.41289532,-0.16916333,-0.85961723,0.23652327,-0.2214773,0.6713205,-0.37662578,-0.18983825,-0.11481796,6530
0.074076355,0.1189,0.044889245,-0.21440826,0.37549114,-0.18661238,0.19763032,0.18271902,-0.35060143,-0.38223252,-0.040151093,0.23442373,0.45834032,-0.02571814,-0.11527087,0.14313924,7675
-0.21417132,-0.12787259,-0.06792525,-0.12859967,0.29410324,-0.16757628,0.31398976,0.41814137,-0.41895974,-0.51012284,0.23900759,0.4702781,0.52991366,0.016185451,-0.14656083,-0.18039075,3739
0.04348726,0.31842422,0.16041243,-0.36066696,0.035930984,3.406778e-05,0.06885084,0.6035415,-0.46396166,-0.31680834,-0.010985151,-0.08162284,0.15393348,-0.34014872,-0.050930932,0.08363035,9554
-0.053655364,-0.24816436,0.40046006,-0.43465912,-0.3475587,-0.39607745,0.07088877,0.3775912,-0.41195512,-0.51674145,-0.13958776,0.080933765,0.40797248,-0.28799248,-0.1646381,-0.29101312,6766
-0.42344683,-0.080010556,0.0868108,-0.2215249,0.17741069,0.34608993,0.19335255,0.8392234,-0.81240535,-0.21023023,0.1703624,-0.1326153,0.54258835,-0.22948213,-0.5844723,-0.27952045,3674
0.19260526,0.3919211,0.26288277,-0.018012702,0.13624227,-0.12806262,0.2499915,0.133676,-0.15753876,-0.4550507,0.09910497,0.05781825,-0.021837875,-0.50073326,0.06461494,0.07234421,4741
-0.26075512,-0.05107561,-0.20499197,0.18758273,0.49444294,0.11376812,0.26902083,0.63212484,-0.35026214,-0.284019,0.2690202,0.1388416,0.68705404,-0.1428191,-0.21508582,-0.03941129,7165
0.14331216,0.45003653,-0.059683703,-0.48330873,0.033507973,0.035419133,0.37592807,0.070591375,-0.18333039,-0.44691685,0.016502567,-0.1135544,-0.23556814,-0.24384272,-0.16015127,-0.34109056,3002
-0.032353073,-0.2033713,-0.10502747,0.048710495,-0.054699183,-0.11717558,0.038642876,0.6149151,0.19769068,-0.5163702,0.1941796,-0.17768003,0.4136575,-0.39613432,-0.160312,-0.24921092,3350
0.05253187,0.0146537125,0.0892071,0.026993364,-0.049644396,0.12929699,0.39969438,0.73003554,0.0072027594,-0.78471553,0.31327596,-0.28605813,0.35432622,-0.57537895,-0.2093598,-0.25707144,7879
0.22419824,0.17197216,-0.580842,0.06992486,0.19093063,0.30784437,0.30496305,0.5610779,-0.18442743,-0.37684646,0.3082331,-0.532941,0.2641516,-0.6704395,0.115441784,-0.3350473,9012
0.00094679,-0.051430598,0.6471343,-0.25291613,0.0014926195,0.32323518,0.4565815,0.7441038,-0.27283326,-0.99355286,0.3904965,0.01371377,0.623081,-0.18374358,-0.038333178,-0.14858162,9509
-0.06310058,0.26000404,0.11194405,-0.60269463,-0.017934605,-0.1613856,0.02330112,0.21962282,-0.45683122,-0.14331931,-0.061367705,0.25828707,0.14731592,-0.024668135,0.07159817,-0.009025216,9135
-0.27933455,0.0049646944,0.54464555,-0.59944224,-0.00049741566,0.26448372,0.021174438,0.978667,-0.91941667,-0.310871,-0.2943657,0.38463387,0.34090728,0.007612951,0.0913533,0.3087899,8066
-0.08406873,-0.023273617,0.14035329,-0.45789194,0.26728973,0.24827033,0.060317475,0.49493915,-0.5379255,-0.14116828,-0.080561474,-0.20955941,0.6223501,-0.1991912,-0.3026443,0.002614826,3180
0.044894904,0.14039737,0.027472291,-0.20594618,0.15571545,0.24832892,0.19813833,0.31687665,-0.31116918,-0.4385944,0.13789698,-0.29240623,0.47552538,-0.23576799,-0.18554932,0.019125402,6800
-0.03880997,0.6149838,-0.2935513,-0.4933358,-0.14291221,0.234082,0.19086356,0.17819923,-0.50487036,-0.055691317,-0.16869643,-0.004503742,-0.09913978,-0.010236777,0.019101381,-0.6404597,8477
0.24523804,0.109163925,0.14463069,-0.62143016,-0.14048883,-0.12699366,0.116230346,0.24590947,-0.48829317,-0.19083823,-0.11680764,0.106825754,0.12584272,0.21170393,-0.34390828,-0.2529147,1624
0.1924679,0.05571279,0.38612443,-0.3557596,-0.18259984,-0.14531472,0.020840107,0.5839187,-0.27411765,-0.49137777,-0.020471385,-0.22994277,0.07492466,-0.23286772,-0.087364,-0.30805525,9064
-0.76002795,-0.238262,0.26276702,0.03839773,0.013523236,0.277614,0.46563682,1.040177,-0.8130096,-0.5943815,0.51467824,0.19543907,1.3701158,0.18712364,-0.42788446,-0.6073274,9141
-0.3709677,0.0019228868,-0.20833738,-0.14447206,0.5209809,0.5559943,0.53997105,0.8792462,-0.51189214,-0.31628853,0.25171578,0.4629394,0.4861697,-0.06424156,0.11216326,-0.34662133,5224
0.17545375,-0.07592813,0.22134155,-0.37418574,-0.15047556,-0.18808782,0.021522276,0.33247143,-0.100908995,-0.07174572,-0.1446797,-0.26561707,0.48465282,-0.28122985,-0.29364803,0.1281809,8923
0.27833554,0.20496723,0.19087829,-0.60210085,-0.3124535,-0.10524571,0.062922664,0.19448453,-0.49828455,-0.336435,-0.05730179,-0.14351133,-0.16721563,-0.104669936,0.018880308,-0.2962001,6084
0.15839513,-0.0625349,0.5009761,-0.24608912,0.1167353,-0.47381386,0.16330689,0.3067226,-0.28132614,-0.7326847,-0.19057165,0.3312395,0.12739155,-0.35554442,0.20002483,-0.29777527,7087
0.005395598,-0.1348787,0.48831072,-0.22159477,-0.40968254,-0.45342955,0.041057102,0.42246813,-0.07436823,-0.7219855,-0.011018041,-0.3536007,0.1990245,-0.4157627,-0.189051,-0.22824949,7194
0.26408544,0.39021918,-0.0040958673,0.16437891,-0.28284627,-0.0071908236,0.5011065,-0.16568291,-0.42033935,-0.55879307,0.6992792,0.045174226,0.29884604,-0.48431697,0.1008888,0.016094834,8831
-0.060630053,0.1753522,-0.11722411,-0.3668619,0.16752191,0.16712971,0.3307197,0.24257576,-0.25092185,-0.23637885,0.062074233,2.2597611e-05,0.42688924,-0.1676537,-0.2171757,-0.014548048,4495
0.10572318,0.10805358,-0.009527836,-0.12488046,-0.16629928,-0.09245002,0.2763045,0.53420204,-0.14173108,-0.39128482,0.18292445,-0.20203012,0.29895934,-0.44581187,-0.25937337,-0.100149944,7032
0.10723766,-0.10607845,0.2510071,-0.18157217,-0.0090287775,-0.24143404,0.19653803,0.6239126,-0.17300972,-0.79736733,0.17979491,-0.23773634,0.43990788,-0.289529,-0.21831849,-0.45889056,5178
-0.009288296,0.3109997,0.045812145,-0.22573292,0.06688262,-0.43348542,0.2612769,0.280179,-0.14247403,-0.4800558,0.089189485,0.11703855,0.048810065,-0.35897395,-0.056226432,-0.100655794,9539
0.05826374,0.14471358,0.030097058,-0.49957383,-0.086710155,-0.20403469,0.047094434,0.19455238,-0.30260432,-0.291796,0.043344546,-0.051345125,0.13389876,0.009298101,-0.09002413,-0.14830254,2122
0.03607837,0.2789387,0.2760705,-0.23788919,-0.19307214,0.29586953,0.16534561,0.78741395,-0.47943884,-0.6549844,0.113915026,-0.18019748,0.552528,-0.34951645,-0.093782395,0.1348898,5290
0.04946904,-0.029894546,-0.013634782,-0.21452035,0.08139195,-0.020083657,0.24461822,0.36427972,-0.2582648,-0.3080701,0.18223111,0.15562616,0.2688484,-0.06871028,0.10518818,-0.037823133,9078
-0.32946956,-0.4159363,0.16261218,-0.0018667281,0.29989344,0.53165376,0.35527456,1.0144013,-0.50423574,-0.5295347,0.38600576,0.16711345,1.3926795,0.1068726,-0.5753077,-0.0235168,6879
0.2814611,0.33257627,-0.2334399,-0.10236159,0.0701821,-0.07352989,0.3271604,0.57619935,-0.10078673,-0.56620514,0.24411412,-0.15634522,0.11037275,-0.25415996,0.031427503,-0.2331029,3620
-0.090117246,-0.20652929,0.3881966,-0.15424538,-0.025553986,-0.1257323,0.04555531,0.6533702,-0.09237577,-0.68672466,0.20640609,-0.0007364154,0.524505,-0.16373435,-0.15741628,-0.12273809,6006
0.119373366,-0.020044383,0.115306914,-0.15742768,-0.034281388,0.13035558,0.43034193,0.61044204,0.18196979,-0.7430602,0.21239635,-0.5741891,0.32826805,-0.7263327,-0.023479342,-0.16896906,1205
-0.043285087,0.1693654,0.0816293,-0.2567317,0.17606217,0.11653037,0.3812844,-0.0050346106,-0.2442616,-0.3096484,-0.1605265,0.19817181,0.44902292,-0.035094954,0.06682339,-0.10345766,9718
-0.0725207,0.23399755,0.026636878,-0.17063874,-0.11628527,0.1726065,0.19943209,0.5610488,-0.55784273,-0.2157841,0.12328529,-0.22622606,0.14095134,-0.33813554,-0.48218882,-0.1303815,4292
0.16935691,0.38090724,0.0024927603,-0.6293603,-0.0313565,-0.04223959,0.094310224,0.21348162,-0.5686707,-0.08573136,-0.13836202,-0.110857174,-0.08891559,-0.12267399,-0.13574567,-0.2636575,2590
0.05640655,0.28465965,0.15516841,-0.345264,-0.08623949,0.2835894,0.31824225,0.5729694,-0.31093335,-0.29354545,-0.09035456,-0.20144472,0.21164346,-0.19341597,-0.35819483,-0.13886495,6040
-0.16249838,0.26408577,-0.15955895,-0.5799532,0.5365684,-0.0322743,-0.22658741,0.3611369,-0.53356516,0.2055335,-0.06382215,0.1485421,0.56485903,-0.058438674,-0.09355286,-0.13952449,4828
0.07305482,-0.079004586,0.16055414,-0.31291524,0.18662304,-0.012009792,0.14674829,0.4258886,-0.2469406,-0.23912507,0.016603086,-0.16772313,0.5314305,-0.11488313,-0.39436316,0.12564641,4356
-0.019495055,0.62253404,-0.20948663,-0.48606285,0.124298036,0.13968585,0.35858384,0.18623002,-0.12445326,-0.017299391,-0.05854997,-0.04294359,0.037385732,-0.24905537,-0.032729313,-0.33853775,4285
0.15768719,0.12262689,0.02062647,-0.0031826496,0.002315551,0.47835353,0.63186806,0.60251546,-0.485975,-0.3195333,0.34060034,-0.39110637,0.68944883,-0.45989293,-0.74285424,-0.20112479,8864
0.05419436,0.04833394,0.2572506,-0.27951598,-0.15312101,-0.018010732,0.052755587,0.6629639,-0.29292172,-0.52706474,-0.032053966,0.13124341,0.41924897,-0.15107611,-0.13501345,0.2815408,3713
0.046779618,0.07133544,0.09840456,-0.40992525,-0.17220935,0.09794931,0.37006113,0.35746223,-0.72771966,-0.3780334,-0.1812922,0.104528576,-0.06285447,-0.162305,-0.41045433,0.00089389086,1514
-0.48866987,-0.40711728,0.23787223,0.24765629,0.4522028,0.35541165,-0.08702902,1.3058519,-0.10496959,-0.571277,0.04183161,-0.61924386,1.0206177,-0.8372085,-0.61342496,0.23014393,9422
0.013861395,-0.1364154,0.526724,-0.08250865,0.13614182,0.2983361,0.07816893,1.0405294,-0.31585282,-0.802503,0.39853522,0.19319351,0.57536113,0.09656604,0.21288007,0.23185971,4467
-0.07426834,0.15824246,0.123457015,-0.4177671,0.05840768,-0.11471708,0.0808032,0.44143116,-0.25183716,-0.37657002,0.093802854,-0.14312382,0.37060392,-0.1152665,-0.516681,-0.10304004,4733
0.3158747,0.12865216,-0.049859256,0.08007665,0.34782732,-0.1856527,0.32426852,0.56499857,-0.14295527,-0.4995935,0.14735496,-0.018973619,0.17151512,-0.23450336,-0.16158271,0.094990924,9901
0.07517561,0.20991062,0.048597906,-0.38317403,0.04198297,0.05251813,-0.0626492,0.47580355,-0.33900142,-0.25032708,0.12167602,-0.17641985,0.18020765,-0.23394279,0.017012104,-0.29206154,1120
0.22428747,0.14610447,-0.026997294,-0.07514629,0.14923415,-0.1090101,0.3163635,0.35574353,-0.045555368,-0.3216358,0.13158119,0.09748309,0.21066254,-0.2647968,-0.15557292,-0.0731525,9948
0.030021265,-0.089842066,-0.2974721,-0.4300065,0.7630911,-0.24663174,0.051998258,0.2527334,-0.76021576,-0.34157717,-0.00018808246,0.7798023,0.63598216,-0.127885,0.2965748,-0.104836956,5971
0.13391665,-0.10146181,-0.083634354,-0.1304625,0.058931783,0.16296002,0.3110882,0.5401356,0.09752003,-0.3529766,0.08229444,-0.20031641,0.2519883,-0.43566665,-0.02812241,-0.3179487,6131
0.09195224,0.019447781,0.10722211,-0.5044676,-0.07884626,-0.328891,0.28484875,0.4598397,-0.30554074,-0.7174243,0.105380625,-0.18506098,0.25896275,-0.10408922,-0.07737976,-0.3859049,5333
-0.13065012,0.25601956,-0.10722846,-0.48830944,0.1659744,0.36805275,0.20768239,0.43180147,-0.48219496,-0.09665468,-0.011049267,-0.07961633,0.38805667,-0.17463231,-0.22870138,-0.20433436,3892
0.020314664,0.10813315,0.022854771,-0.32181486,0.24712475,0.13687113,0.29118773,-0.25508446,-0.060779303,-0.24142136,-0.22560662,-0.11248948,0.48776853,-0.20721899,0.15934381,-0.03003937,3288
0.12273107,0.2507207,0.028863989,-0.42275822,-0.1319095,-0.1656303,-0.033291657,0.34954813,-0.38037157,-0.15419829,0.11850001,-0.059459336,0.009589776,0.046894543,0.011206105,-0.2843019,3510
0.045608908,0.482158,0.0024306178,-0.5785072,-0.030732244,-0.2524268,0.26929867,0.02015914,-0.42958036,-0.28348157,-0.30769458,0.009079218,-0.2065681,-0.08263624,0.08082539,-0.5163556,2913
-0.10142109,-0.12108174,0.23129824,0.13221455,0.091150574,0.25804818,0.34016824,0.9823037,-0.06111615,-1.0396842,0.31782746,-0.42873633,0.46060085,-0.76065564,-0.0716449,-0.4042009,7152
0.01979278,0.52732915,-0.2537776,-0.68987477,0.16661453,0.35233957,0.21363235,0.19713037,-0.6805991,0.17180666,-0.31784582,-0.027085498,0.14955518,-0.12832552,-0.29851294,-0.5119977,4516
0.108364835,0.17695788,0.1381553,-0.33060068,-0.063257635,-0.11447163,0.010857521,0.45847678,-0.39559793,-0.22249949,0.16002059,-0.010134667,0.23725733,0.02632647,-0.18696985,-0.14326473,9228
-0.028250761,0.4082324,-0.29014486,-0.7302704,0.057410605,0.412085,0.17508319,0.191081,-0.7438512,0.14330545,-0.24740672,-0.40551668,0.00040701032,-0.23218869,-0.05016589,-0.44156432,1771
0.10745641,0.04499036,0.054476023,-0.33218163,0.2783178,-0.26172185,0.019739702,0.035745278,-0.27326128,-0.23426034,-0.15557647,0.14253932,0.23101223,-0.18805778,-0.04181467,0.1642304,6533
-0.28839543,2.8140843e-05,-0.5561891,0.36561024,0.28354177,0.6746023,0.39521757,1.088904,-0.012001365,-0.81926125,0.46874967,-0.6427176,0.5349709,-0.98289245,-0.26336858,-0.32855886,8647
0.054473236,-0.11772549,0.07376124,-0.30186272,0.03820893,-0.034302518,0.012859495,0.46790805,-0.33886468,-0.38345385,0.05555931,-0.21451548,0.35754624,-0.021305937,-0.1455385,0.27489024,1763
-0.06215913,-0.0062771887,0.27754897,-0.28029802,-0.057725567,-0.12075387,0.09656789,0.5860099,-0.19475882,-0.40505603,0.06742286,0.32744336,0.26718646,-0.09391262,0.005643517,-0.0053386837,2458
0.34660226,0.091254756,0.48424953,-0.40495962,-0.21574011,-0.1444716,0.10380399,0.28257954,-0.23361021,-0.6838333,-0.08023685,-0.26648,0.24743694,-0.23691136,-0.0011039823,-0.09309435,5529
-0.53854597,0.1085543,0.2712915,-0.27910095,0.042557757,0.5369323,0.23331049,1.2073588,-0.83546895,-0.36080337,0.21852417,0.49884647,0.56616235,-0.038361713,0.16061935,-0.020175546,2014
0.21559328,0.081821635,0.46985498,-0.0859603,-0.12816444,0.021682173,0.17293268,0.8110945,-0.1663789,-0.9659319,0.21090426,0.040635236,0.34371385,-0.5748321,0.3436517,-0.26222488,3011
0.28879198,0.43760094,-0.16642699,-0.45813644,-0.03718195,0.13059774,0.13303396,0.42401323,-0.31227058,-0.19301355,-0.020044856,-0.3539961,0.06323546,-0.15057373,-0.034398913,-0.16831514,2995
-0.010105014,0.686356,0.16999882,-0.4256937,0.062294334,-0.21826683,0.3886158,-0.01367861,-0.17202242,-0.33213875,-0.27146965,0.23248842,-0.27968457,-0.24111947,-0.06609231,-0.3499431,9678
-0.07194452,0.532282,0.010146421,-0.81049865,-0.053857565,0.21415871,0.21167871,0.17046358,-0.26053363,-0.11150006,-0.33443195,0.08796972,0.07722865,-0.107884176,0.018990487,-0.30864966,3212
-0.05689922,0.12445498,0.27339906,-0.3827136,0.114328556,0.48439497,-0.07810157,0.85810935,-0.5896063,-0.51659167,0.10792257,0.0004710257,0.51247096,-0.0013970286,0.13273233,0.32374105,6065
-0.32936028,0.13271245,-0.10611907,-0.06535734,0.5951924,0.31557044,0.39175075,0.9138731,-0.36103943,-0.33428085,0.20634964,-0.02105207,0.5890321,-0.34913915,0.019569635,-0.31622267,8207
0.07663603,-0.0944601,-0.015081319,-0.34888768,0.2451946,-0.18644181,0.14564481,0.12770566,-0.5194696,-0.19153035,-0.08163762,0.40191892,0.5021753,0.03574171,-0.19717087,0.313475,4328
-0.3465363,0.57067347,-0.21740687,-0.5636193,-0.004658778,-0.025772296,-0.032285817,-0.13805582,-0.50233257,-0.08354306,-0.13559505,-0.0143134445,0.18972844,-0.2740269,0.24530289,-0.29165733,5184
0.04914263,-0.14661008,0.07277694,-0.37997913,-0.17210984,0.12145085,0.228178,0.1943865,-0.59950614,-0.12070453,-0.068413466,-0.085271224,0.39046532,0.0967965,-0.356978,0.06249741,6553
-0.3131722,-0.13380763,0.6849141,-0.19098991,-0.5569711,-0.1684589,0.12572443,0.5566578,-0.20785356,-0.7886095,0.17085236,-0.22601289,0.6384113,-0.24350831,-0.30901217,-0.2492149,1390
0.14228791,0.62401366,-0.021005403,-0.6671606,0.34073967,-0.35057837,0.19663703,-0.0025996864,-0.8010359,-0.14728117,0.014931589,0.112666056,0.2908458,-0.15855905,-0.05488822,-0.13166344,6668
-0.14017181,0.13398111,0.07955414,-0.5058472,0.12096799,0.37576908,0.29341805,0.49318534,-0.5511692,-0.14016777,-0.16911922,-0.15645082,0.38372764,-0.1834423,-0.4687209,-0.27498162,7012
0.11986698,0.5361762,-0.2194888,-0.70391965,0.0004979223,0.24035153,-0.015769094,0.1787289,-0.6980644,0.05741419,-0.09664683,-0.32464975,0.011758566,-0.06163742,-0.045825362,-0.4783569,1355
-0.16980551,-0.38631833,-0.03766027,-0.38282555,0.13892218,0.3375996,0.108217664,0.96886337,-0.33233935,-0.51594627,0.005979322,-0.25705212,0.47402567,-0.102539465,-0.08484742,0.11012755,1951
-0.24968313,-0.048440576,0.12923117,-0.23843467,0.10333013,0.059474774,0.0015541539,0.7909261,-0.75109965,-0.4236399,-0.032161728,-0.15464026,0.46693,-0.42518473,-0.4780661,-0.35578233,8239
0.05436933,0.27779078,0.46813735,-0.44693118,-0.29373577,0.80637246,0.5200026,0.81324565,-0.085552335,-0.6466838,-0.27051103,-0.21689457,0.26325005,-0.21898477,-0.13479456,-0.529292,1025
0.2691557,0.22096041,0.16084269,-0.65497166,-0.19970354,0.038755745,0.07735608,0.05307486,-0.36092168,-0.3821072,-0.16827655,-0.32384086,0.19692773,-0.16406025,-0.089213625,-0.36609775,3751
0.25383493,-0.18315761,0.119813636,-0.10964145,-0.13324553,0.008402117,0.28576392,0.58169425,-0.3197842,-0.56897694,0.13273507,-0.022426307,0.44663966,-0.13141175,-0.44567403,0.1255929,1279
-0.5308995,0.41034675,0.23733582,-0.59556615,-0.050084233,0.1484824,0.27016574,0.70900077,-0.7167287,-0.00643526,-0.27639306,0.16429347,0.0068571568,-0.30744785,-0.20107643,-0.38998488,2968
0.091334246,-0.1714036,0.070035174,-0.18065885,0.20666994,0.3314501,0.18225387,0.8597063,-0.3855372,-0.5670048,-0.024614803,-0.10445547,0.5369727,-0.36705524,-0.23045695,0.17061098,2689
-0.29140222,-0.05366368,0.18798684,-0.31993958,0.24941647,0.33318824,0.28561586,0.711544,-0.39037123,-0.3234018,0.034916706,0.007673517,0.69795096,-0.16682567,-0.22705595,0.10895656,5303
0.31298494,0.2954669,0.08968763,-0.4067333,0.08668384,0.14410013,0.24593154,-0.17521432,-0.182509,-0.5810048,-0.100574344,-0.4499989,0.4047379,-0.35313237,-0.017845064,-0.11174291,2285
-0.247351,-0.107213795,0.13067713,-0.45340016,-0.14764762,0.022699427,0.041772075,0.2340504,-0.8175011,-0.07494525,-0.039824743,0.104975596,0.24331394,0.051270723,0.007546872,0.16865362,6972
-0.038448855,0.020237736,0.13238116,-0.38473785,-0.0844952,-0.12766159,0.186999,0.5845496,-0.34444797,-0.38898003,0.070325986,0.0043569393,0.1469614,-0.08723063,-0.12048511,-0.3942384,1078
0.44510144,-0.053471446,-0.21747139,0.16465035,0.4642567,0.2846504,0.4062642,0.46248725,-0.07409668,-1.009233,0.35882962,-1.1888672,1.0913695,-0.7962883,-0.6600366,-0.14954793,7499
-0.17478636,0.13686803,-0.3641751,0.14147907,0.28732324,0.59893656,0.30154428,1.2004073,-0.4052329,-0.65145785,0.2653063,-0.43813336,0.5440906,-0.9317275,0.009355947,-0.06047654,9680
0.116137356,-0.02776137,-0.056150805,-0.092765525,0.49308133,0.04179831,0.22990441,0.18059914,-0.19371028,-0.33151823,0.038416788,0.11589443,0.6307814,-0.24516821,-0.028406128,0.3435912,7347
-0.09126639,0.17236589,0.06034398,-0.31341827,0.05598396,0.4764046,0.40174207,0.7279478,-0.47574818,-0.4232363,-0.05571147,-0.4077223,0.41380754,-0.4507444,-0.38463274,-0.087471426,5517
0.1861195,0.2901841,0.41405034,-0.2977725,0.30135953,0.041086003,-0.12849292,0.99103624,-0.19440824,-0.42269367,-0.2673741,0.14387135,0.16793315,-0.3805827,0.13966691,0.07350789,9867
0.02605164,-0.15480417,-0.35244727,0.11788046,0.25753444,0.2663468,0.3173176,1.3520743,0.16399743,-0.8923296,0.023472741,-0.7380202,0.5601647,-1.0201554,0.31790364,-0.56821203,4870
-0.33032912,-0.1256438,0.2348922,-0.4479531,-0.17480315,0.18186295,0.6016685,0.65868855,-0.64504075,-0.2669035,-0.10691933,0.41723233,0.4816844,0.0973773,-0.42403114,-0.4538256,6110
0.1563971,0.41089803,0.2724239,-0.4160328,-0.27378228,-0.22651523,-0.016296722,0.34244984,-0.5763099,-0.17972736,-0.055615082,-0.17144087,0.022478133,-0.28675288,-0.13860941,-0.2339251,8462
-0.1496636,0.33145547,0.005547859,0.078024566,-0.07161258,0.54610455,0.34887907,1.097921,-0.45346552,-0.609747,0.30769023,-0.26453024,0.3525003,-0.73099256,0.050838828,0.055431463,3593
0.121644065,0.17283115,-0.005635444,-0.18287235,0.30303383,-0.11609486,0.2765515,0.38255763,-0.18819275,-0.44125387,0.016674269,0.08822642,0.15131706,-0.14987609,0.07963063,-0.065141276,2789
0.15668023,-0.099707305,0.23257504,-0.3543506,-0.29279166,-0.2995119,0.05145472,0.17139636,-0.67911774,-0.27775782,-0.26270142,0.026102513,0.25295955,-0.017103195,-0.29110283,0.21268822,2157
-0.118440434,-0.02665665,0.32240397,-0.41529778,0.023809165,0.049432755,-0.17816916,0.75481254,-0.28459856,-0.04679337,0.07839442,0.17955296,0.5514084,0.10275572,-0.0148522705,0.15002625,9304
0.06898257,0.20001213,0.2141307,-0.064131886,0.10601066,0.40575826,0.17827794,0.9733044,-0.08419948,-0.87742865,0.26117048,-0.3194796,0.5920983,-0.5831505,0.32776758,0.15443563,8861
0.1489286,-0.07063335,-0.07008626,-0.054124236,0.16232763,-0.23257232,0.15684707,0.43103755,-0.058709174,-0.646147,0.22904983,-0.004107915,0.66143453,-0.28725475,-0.02581878,0.050018683,8797
0.11952833,0.42715234,0.039882034,-0.57161176,-0.055186115,-0.077045575,0.050752357,0.09389195,-0.2831184,-0.15522105,-0.13183,-0.09190521,0.033755705,-0.12687299,-0.08732216,-0.27339554,8667
0.07158892,-0.090006374,0.13745505,-0.6999252,0.057978787,-0.32041663,-0.0005599782,0.06671982,-0.68818253,-0.072110236,-0.335816,0.14355938,0.17894799,0.047088936,-0.22432697,0.12275514,8383
0.32135954,0.20981784,0.18397301,-0.5228619,-0.32489327,-0.060671132,0.14831078,0.062999696,-0.33410236,-0.43479633,-0.22202215,-0.34671658,0.10334015,-0.15133858,-0.20407023,-0.39576393,1687
0.041827276,0.07746047,0.09407308,-0.28770238,0.065363504,0.20578429,0.120115384,0.6416181,-0.4646715,-0.24861449,0.11885762,-0.23736382,0.25639716,-0.16388872,-0.11886373,-0.13794403,6563
0.13516942,0.042723257,-0.027587548,-0.41751212,-0.122957826,-0.23824917,0.083581105,0.09426477,-0.4279826,-0.18306088,0.038832527,-0.053381793,0.2527769,-0.052811984,-0.14030437,0.055927634,9746
0.014396578,0.035398178,0.36260048,-0.2623397,0.077519126,-0.13750784,0.37351215,0.5586791,-0.18420686,-0.5402823,0.08797486,0.29021177,0.23659468,-0.06750308,-0.14189218,-0.1868146,3208
0.2537398,0.075011656,0.41096643,-0.2385162,-0.060197882,0.26296288,0.22800471,0.8082676,-0.13341108,-0.69387794,0.14046079,-0.051531676,0.12997782,-0.4419513,0.07596651,0.15706696,3016
0.12097686,0.14119057,0.057580046,-0.6150407,-0.04245072,-0.11196706,-0.10825083,0.0071252175,-0.517061,-0.047319762,-0.03993643,-0.083073765,0.22051765,-0.054582678,-0.021587431,-0.16175227,8390
-0.09926133,0.038385917,-0.013237743,-0.08454643,0.16751792,0.20404474,0.32659972,0.5233265,-0.2840591,-0.39910808,0.4521296,0.056795076,0.27625436,-0.028272014,-0.15630499,-0.15153655,1442
-0.03083457,0.40884113,0.16674122,-0.33835232,0.024443798,0.35560438,0.32469505,0.52028424,-0.44358686,-0.41442725,0.29850745,-0.1137442,0.41475374,-0.32096097,-0.18023063,0.06462318,1104
-0.13733931,-0.0720828,-0.0655878,0.029665053,0.39816105,0.696393,0.11283823,1.0594647,-0.5246065,-0.35892257,0.15033492,-0.12028032,0.42575666,-0.46668437,0.10766178,0.14512949,7465
0.10792259,0.13790761,-0.15971306,-0.20751609,0.29416546,0.37341508,0.32094443,0.35820842,-0.49591517,-0.21806881,0.018106908,-0.38984787,0.44053826,-0.39665785,-0.1665375,-0.36210126,8697
0.22206272,-0.4929902,-0.25788498,0.19022071,0.42488486,0.0002876306,0.16535291,0.5504453,0.16307618,-0.6250873,0.19684748,-0.29063672,0.70745724,-0.2547484,0.06056176,0.10993734,1954
-0.07436241,-0.22262003,-0.15336768,-0.0044546127,0.65839994,0.31314507,0.24352564,0.45540178,-0.06439822,-0.4231671,0.020596292,-0.28091118,0.5078256,-0.4702319,0.23437777,-0.018640712,5852
0.09358234,0.08565003,0.18225303,0.3518108,0.37979186,0.2073589,0.9995737,1.2245747,-0.04061359,-0.80261374,0.3850337,0.07355673,0.34617016,-0.39314452,-0.27117634,-0.1268008,8860
0.047190182,0.16555333,0.13167207,-0.6180843,-0.17772117,-0.29834956,-0.02977132,0.2775429,-0.39697146,-0.2562765,-0.119931445,0.25139922,0.12910686,-0.028630383,-0.13134545,0.07572992,9497
-0.31591296,0.19032896,0.24727085,-0.15153334,-0.12017281,0.1031268,-0.047352526,0.7624458,-0.62492955,-0.33417356,0.1492617,-0.19329935,0.3403527,-0.43772465,-0.2795413,-0.12821767,6858
0.1156898,0.1486603,-0.31043828,-0.39050856,-0.47713357,0.09831596,0.11026497,0.13918582,-0.25173545,-0.39856312,0.28020233,-0.527148,0.29163074,-0.23029849,0.041014478,-0.62551576,2234
0.03323637,0.116878,0.36247212,-0.56873137,-0.008422494,0.30696508,0.20316103,0.6383344,-0.54053706,-0.4408051,-0.051000662,0.035323657,0.34987772,-0.11836846,-0.17399992,0.047325224,9091
0.08642781,0.13728023,0.6056988,-0.13699453,-0.3894805,-0.71811116,0.023276046,0.7391612,-0.41632253,-0.5980954,0.18639198,0.63739336,-0.13326637,-0.5593785,-0.20114416,-0.08775851,1841
-0.22140865,-0.39017454,-0.0012498014,0.33274662,-0.1545487,-0.23732398,0.24281669,1.1127312,0.09472819,-1.0705014,0.34164488,-0.1479536,0.35838756,-0.7792471,-0.35032412,-0.51895005,3863
0.14030713,0.05726544,-0.37758532,0.20694163,0.1744494,0.55847734,0.47221586,0.69836223,-0.29045993,-0.717721,0.2979814,-0.49099165,0.28859282,-0.67211306,-0.12904224,-0.2940659,5100
0.23886693,0.3348059,0.06385768,0.013690591,0.076845765,-0.029413518,0.37355307,0.42013067,0.0034169555,-0.5016201,0.048237465,-0.40769142,0.12464032,-0.3607642,-0.2314254,-0.13069281,6936
0.22136582,0.1590207,-0.10486691,0.002693221,-0.0054975897,-0.13470083,0.45271632,0.6126928,0.0134379715,-0.39123088,0.21089557,-0.14088807,0.2055762,-0.2634384,-0.14352751,-0.123051405,4523
-0.06042064,0.029927,-0.54171944,-0.37548023,0.28640902,0.47129673,0.18249713,0.24323888,-0.7458712,0.18015024,-0.065441735,-0.03714943,0.3334326,-0.2957431,0.28952944,-0.03768287,3629
0.09679831,0.099282645,0.17963493,-0.016618818,0.1188267,0.18056111,0.160669,1.020631,-0.13309062,-1.0206846,0.32141554,-0.032258097,0.6487707,-0.5481869,0.3770979,-0.17174089,3616
0.028729588,-0.13252078,-0.19799712,-0.06335834,0.19137774,0.15402678,0.12542397,0.7034814,-0.19250509,-0.5402422,0.19103222,-0.50178504,0.61424214,-0.4377521,-0.24757925,-0.07523219,2233
0.0630174,-0.0092481,0.1616998,-0.22115098,-0.01507026,0.050173823,0.36989012,0.24863327,-0.17358787,-0.59599733,0.07690156,-0.061351895,0.30658433,-0.11993165,-0.08597815,-0.219008,2589
-0.12536639,-0.13381825,-0.07157691,0.2576597,0.39308697,0.37025306,0.592495,0.6814479,0.27177772,-1.1942424,0.4135225,-0.26969418,0.94415236,-0.53176224,0.28420034,-0.20474064,7633
-0.10691181,-0.014476836,-0.06328508,-0.3198552,-0.11347087,0.14189377,0.081185535,0.2742079,-0.37629896,-0.16359518,0.18055665,-0.2958488,0.32480955,-0.122667156,-0.30271444,0.009158216,9420
0.13583206,0.14920467,-0.12397429,-0.37291104,0.34964004,0.8096621,0.32460576,1.4632902,-0.55546796,-0.5980706,-0.014491484,-0.5191244,0.29877073,-0.5854848,-0.17169616,-0.15302359,8266
0.3556025,-0.095942914,0.51615626,-0.48158145,-0.6014987,-0.21999654,-0.09394476,0.47889683,-0.2653586,-0.85788417,-0.23022927,-0.6196559,-0.031997584,-0.60309947,-0.21832095,-0.3648012,2349
-0.01834917,-0.092518196,-0.31350455,0.06666052,0.15382797,0.021663256,0.30073828,0.66255784,-0.007602293,-0.23598835,0.3016991,-0.20477214,0.30726022,-0.5059322,-0.24225427,0.022479385,4856
0.25927958,-0.3794948,0.42865315,-0.28725085,0.02726427,-0.13419141,0.011359222,0.5663111,-0.31472546,-0.30221108,-0.38343203,-0.2992585,0.9025524,-0.2913319,-0.42005035,0.30453348,9707
0.23964056,0.15687762,-0.04938268,-0.22368318,0.5078324,0.12111194,0.2045548,0.32341927,-0.47908643,-0.5209833,0.025135502,-0.3684222,0.6232455,-0.3212337,-0.039377667,-0.0045662075,1998
0.03611698,0.36028394,0.021997627,-0.58206934,-0.014544964,-0.13424389,0.22895387,-0.09071006,-0.36972058,-0.21718216,-0.34751296,-0.08561237,0.19755703,-0.20961015,-0.107342154,-0.35026336,1282
-0.08466931,0.13649571,-0.10201141,-0.24702917,0.34248874,0.047308605,0.28998455,0.42173365,-0.64538926,-0.2819547,0.038286544,0.29804313,0.2948736,-0.09908776,0.1291841,0.009143367,1851
0.068827435,0.061587892,-0.10732476,-0.4491486,0.1903667,0.3040511,0.2566882,0.35264724,-0.42898163,-0.08523379,-0.12078032,-0.26574665,0.43968838,-0.21524248,-0.4216974,0.054187655,5902
-0.15242979,-0.19480659,0.20780046,-0.18502581,-0.15774488,-0.7028442,0.34560403,0.33062002,-0.41455257,-0.46945202,0.32193136,0.5023325,-0.10898702,-0.49948508,0.044226527,0.39375958,6355
0.14219171,0.35591984,-0.12805805,-0.519016,-0.015387371,0.21161547,0.023479946,0.4254965,-0.12776192,-0.098945186,0.009916509,-0.3936346,0.14729705,-0.34255907,0.10765685,-0.1282968,6852
0.22305968,-0.16587092,0.04497828,-0.14337292,-0.048681766,0.13938157,0.2095685,0.61951476,-0.032772213,-0.6026025,0.036511023,-0.508455,0.5692767,-0.7128119,0.04269716,-0.173123,7829
-0.036438465,0.17324409,-0.023105247,-0.07418282,-0.20180118,-0.09591548,0.14839356,0.5523857,-0.35903192,-0.56218934,0.028871208,-0.3644066,0.011495352,-0.49210465,-0.26505253,-0.2044682,9862
-0.17254174,-0.48696557,0.31717655,-0.32048392,0.19546093,0.27350408,0.22424062,0.65881777,0.15227568,-0.8748368,-0.03847951,-0.13554811,0.70071733,-0.24639049,0.30630443,0.13797836,8437
0.087529734,-0.08925924,0.12810566,0.2418221,0.21122313,0.197759,0.21049683,0.7545891,0.003863901,-1.1005021,0.34869573,-0.44418716,0.6477051,-0.56029105,0.15928745,-0.12538409,7766
-0.088651255,0.07997005,0.25517002,-0.42047253,0.043448962,-0.19077313,0.17331685,0.24441415,-0.1397827,-0.32057807,-0.33741406,-0.13636819,0.39700356,-0.3497586,-0.0071358085,0.07461706,8482
-0.17514557,0.04992701,0.049245734,-0.38999248,0.12676229,0.21889512,0.16807806,0.5982393,-0.80624646,-0.037404805,-0.040368203,-0.017327696,0.37626004,-0.21786675,-0.21702158,-0.10019076,9638
-0.19633693,-0.06446561,0.528113,0.10362129,0.035802066,-0.15898286,0.2631666,0.9289465,-0.17689736,-0.48223707,0.2725804,0.14373602,0.14425625,-0.124151275,-0.30033845,-0.27506438,4146
-0.016623288,0.15739827,0.009176992,-0.099212214,-0.049071852,-0.05668369,0.25026947,0.075359955,-0.16006593,-0.53994626,0.36963767,-0.061455883,0.6663855,-0.21645863,-0.22173151,-0.1590257,4074
-0.1763085,-0.20333052,-0.2487585,-0.30355895,0.26456338,0.35537353,0.18887246,0.7140547,-0.24634928,-0.4180122,0.13118969,-0.29512906,0.5000775,-0.073144436,-0.404252,-0.19649202,8156
-0.28719318,-0.032465786,0.05362343,-0.1888742,0.26011044,-0.05677712,0.019682217,0.5974957,-0.24820398,-0.33944374,0.09701193,-0.15911041,0.643353,-0.2941513,-0.6259606,-0.07770896,1090
0.18316045,0.14090416,0.55074906,-0.34745055,-0.06967634,-0.018301927,-0.0732365,0.59371185,-0.54168844,-0.5077363,0.040018953,0.14247265,0.5088265,-0.16387607,0.14842193,-0.07407106,6786
-0.3267792,-0.14498365,0.32634604,-0.95103705,0.030754864,-0.19927676,0.1018804,0.51770765,-0.47119042,-0.18383408,-0.34721437,0.5300274,-0.18934616,0.31049186,0.0550496,-0.30682355,4698
-0.03884107,-0.03712318,0.10762085,-0.32860923,-0.21762168,0.025726825,0.20113657,0.2194838,-0.6157759,-0.29065675,0.04807616,-0.031282872,0.43468058,-0.033110548,-0.28086394,0.20700568,7681
0.039614648,0.2799354,-0.11867984,-0.022598088,0.47586244,0.7964047,0.45553416,0.6407943,-0.4686618,-0.5112227,0.25569016,-0.4531253,0.4151777,-0.44276202,-0.2748279,-0.112917125,8773
0.08492102,0.20733239,-0.17033993,-0.30914629,0.14144154,0.08652654,0.08001797,0.32916856,-0.5111034,-0.07951062,0.13241787,-0.19358154,0.33799893,-0.30694944,-0.20514008,-0.07785128,8536
0.1397992,0.055588916,0.555669,-0.20749919,-0.20981602,-0.20236449,0.1706506,0.73112357,-0.045870185,-0.79566014,0.13066459,-0.10399094,0.1555618,-0.43617183,-0.32167703,-0.13963237,3498
-0.017504081,0.12800854,0.14395235,-0.33450377,-0.08252035,-0.07658917,0.18058954,0.44561172,-0.34106427,-0.26115546,0.029506274,-0.1284197,0.3150348,-0.18683942,-0.5023363,-0.02611491,2421
-0.069834575,0.06186247,0.020576086,0.033180088,0.24094145,0.17988776,0.2795747,0.84227335,-0.02450335,-0.6614031,0.3958974,-0.172603,0.63077784,-0.43967098,0.031716585,-0.10236046,9888
0.04457088,0.11626529,0.26519856,-0.048485532,0.3210404,-0.41186523,0.2996713,0.306345,-0.13899857,-0.6544459,0.14942051,0.107420415,0.48088592,-0.25161904,-0.1335253,-0.063999236,5781
0.14047633,-0.19614151,-0.15058279,-0.2431657,0.18463275,0.14510952,0.28741366,0.6952711,-0.4901159,-0.46400452,-0.040215433,-0.3413021,0.528782,-0.29855835,-0.26766688,0.06699309,2841
-0.15542538,0.12970795,0.019419149,-0.33288124,-0.064179815,0.15878628,0.06515079,0.40284106,-0.57198566,-0.23858412,0.21379222,-0.10614686,0.61894494,-0.17413956,-0.038204283,0.13487643,5985
-0.035239503,0.15404603,0.2739351,-0.26920736,0.005814925,-0.08428889,0.48699036,0.21021052,-0.24777423,-0.45078206,-0.022711847,0.059446722,0.44867343,-0.19236366,-0.3458358,-0.13891166,7061
0.24704385,0.23394343,0.12448956,-0.21359459,0.14293484,0.11454022,0.20840086,0.9750134,0.035630673,-0.46437415,-0.22415555,-0.8162692,0.25667942,-0.639134,-0.39088836,-0.072965086,9868
0.008401498,0.09876296,0.03342461,-0.5817023,0.17440656,-0.11814225,0.2378809,0.101108745,-0.66392064,-0.1583488,-0.43417296,0.20906276,0.3049484,-0.054448508,-0.2753799,0.014564753,7631
-0.2931369,0.05286139,0.28879654,-0.3369566,-0.043082684,0.7806888,0.58235157,1.0233288,-0.41639936,-0.5523795,-0.087157235,-0.06004098,0.5586997,-0.2717439,-0.16077445,-0.4231302,3302
0.08552115,0.2877225,-0.29835206,-0.34920472,-0.062315427,0.21130817,0.1715733,0.6579739,-0.17324919,-0.36693347,-0.09055896,-0.77650213,0.090667576,-0.56461126,0.029534787,-0.3563601,9795
0.18430743,-0.011827322,0.32403636,-0.3620231,0.11376413,-0.37117875,0.14288804,0.3940836,-0.548903,-0.1641546,-0.17346866,-0.016179621,0.04208845,-0.1588696,-0.16480438,-0.045862496,1505
-0.05493416,0.2805564,0.07453013,-0.6414049,-0.034218926,-0.16108012,0.07890546,0.033069864,-0.5773151,-0.086938635,-0.10221611,-0.21230705,0.1912879,-0.37940076,-0.033782512,-0.098221526,2123
-0.04632461,0.22736277,-0.1431222,-0.3694688,0.030024022,0.14389893,0.102752686,0.33042485,-0.4932971,-0.10487227,0.1856354,-0.19391292,0.10328709,-0.19969538,-0.04887864,-0.28961575,2807
0.09836003,-0.18934898,-0.14919771,-0.7339258,0.0138504505,0.077041775,0.0706188,0.08470359,-0.62550575,-0.348939,-0.25871912,0.08314103,0.28758317,0.034006365,0.16345887,-0.3616435,7065
0.13270581,0.07320116,0.1540277,-0.8517699,0.11334218,0.27366093,0.2147587,0.45888907,-0.8278698,0.013775229,-0.40072286,-0.113075346,0.23183444,-0.027687669,-0.61744106,-0.22046393,2505
-0.12825675,0.12889358,0.016214505,-0.5332971,0.019591965,0.23819835,0.13087708,0.40799746,-0.6501113,-0.046124414,0.0345909,-0.04826361,0.24698153,-0.09826864,-0.41685367,-0.21443492,9376
0.012895167,0.037751526,0.24754085,-0.36090308,0.04508722,0.03314338,0.17523035,0.32915607,-0.08283275,-0.41319573,0.027520955,-0.26705754,0.5911242,-0.1724388,-0.525833,0.1512518,1335
0.5337871,0.16182926,0.3575738,-0.23720145,-0.22078075,-0.019460991,0.10645831,0.4928791,-0.32770562,-0.4868175,0.015103009,-0.38681725,-0.028158322,-0.35966408,-0.24674192,-0.07392058,2367
0.16024609,0.30436525,0.04875192,-0.45322782,0.09946513,-0.028855436,0.30551413,-0.12505817,-0.20116626,-0.18335661,-0.22290704,-0.28520644,0.19972941,-0.26225734,-0.25561303,-0.122133866,1878
-0.29913154,0.3472938,0.11104434,-0.38121873,-0.11196557,0.30322462,0.44254136,0.54864293,-0.4551169,-0.16801813,-0.020536974,-0.09517984,0.29016018,-0.2234863,-0.46581548,-0.3277042,7134
-0.02063267,0.08579038,0.43655866,0.021676391,-0.29349342,-0.3667822,0.3688213,0.826844,-0.11135568,-0.72582763,0.16224131,-0.023338838,0.26321712,-0.31245667,-0.24208863,-0.20313668,5694
0.03945668,0.0569498,0.22700301,-0.5346507,0.003492497,-0.44431818,0.079786286,0.13704167,-0.3079542,-0.46343774,-0.16544288,0.09590736,0.34713626,-0.33276916,-0.19709541,-0.20574072,7774
0.053972043,-0.018833354,-0.2424898,0.16168241,0.33995175,0.13104205,0.29834533,0.35938287,-0.18580554,-0.26699442,0.2784564,-0.45912826,0.681172,-0.5939021,-0.39081755,0.04144144,8839
-0.54691875,-1.1300722,0.5492328,-0.10562843,-0.2271201,0.24721888,0.118456826,1.0872383,-0.098415315,-1.5059654,-0.076895356,-0.3371088,0.87474895,0.0777943,-0.3429492,-0.496332,9583
0.05975233,0.112549715,-0.0140718445,-0.527208,0.17232773,-0.30652648,0.15345335,0.19350101,-0.23271966,-0.3701689,0.01695689,0.31902847,0.20871083,-0.1887629,0.18088348,0.142553,7301
-0.10857117,0.8335263,0.034901872,-0.5658176,-0.036121506,-0.27443615,0.3080492,-0.06926949,-0.3967734,-0.0538098,-0.18212894,0.37291384,-0.4159371,-0.42385048,0.15538578,-0.23563793,5720
-0.112113,-0.05212079,-0.10262701,-0.23223564,0.0906879,0.5398791,0.66735196,0.28989002,-0.6986907,-0.40211308,0.49547756,0.32077432,0.6376382,-0.08006951,-0.12070468,-0.17507994,7114
0.1914874,0.4719152,-0.14713244,-0.5861253,0.009045109,0.031047687,0.08986427,0.06242814,-0.41880727,-0.120669514,-0.17809696,-0.36957708,-0.18959104,-0.054228775,0.15869562,-0.29767758,7662
0.18921019,0.17977466,-0.27012908,-0.2839963,0.32864672,0.11087894,0.12168515,0.24103719,-0.53634304,-0.09158289,0.09796447,-0.05381728,0.5104195,-0.30436945,0.01671543,0.22894539,7776
-0.03481146,-0.2502805,0.30937803,-0.20471257,0.14372738,-0.1486119,0.33646768,0.483269,-0.09024465,-0.6038779,0.2153424,0.030279428,0.6895211,-0.25270325,-0.43322474,0.02855289,4976
0.035591576,0.035725012,-0.156165,-0.23101819,0.50985974,0.4539164,0.2598751,0.3302036,-0.6457674,-0.09703262,0.044657737,-0.2706884,0.68366647,-0.38674262,-0.2745188,-0.06785534,8143
0.12156628,-0.07280266,0.18149859,-0.18079326,0.09759663,-0.018228054,-0.13168503,0.61224836,-0.14329351,-0.30642706,-0.002828071,-0.3535597,0.48968983,-0.2968061,-0.22082871,0.171531,2132
-0.4918605,-0.044598617,-0.26261044,-0.26832968,0.18447775,0.30725548,0.30631053,0.40658638,-0.3320979,-0.1305726,-0.030899838,0.32797414,0.22384006,0.15516391,0.10219544,-0.1430269,5060
-0.18870863,0.6543783,-0.04301069,-0.38545606,0.113636,-0.16440219,0.41502085,0.019950211,-0.29535985,-0.32856542,-0.093964115,0.33388048,-0.19976401,-0.17002547,0.15650216,-0.321379,7294
0.22978286,0.21632145,-0.08180076,-0.39640123,-0.08011107,0.05245307,0.315666,0.18297428,-0.22741184,-0.30743864,0.15904199,-0.21602547,0.07073218,-0.26110575,-0.09504232,-0.32393295,8305
0.120515,-0.21544829,-0.20401707,0.1217109,0.14116776,0.2098637,0.33990037,0.8699659,-0.2463598,-0.5909679,0.035859954,-0.3925213,0.55731064,-0.65213674,-0.09988977,0.04520203,7871
-0.023931265,-0.14652099,0.1091152,-0.39253676,-0.052540414,0.15568934,0.3048401,0.14676954,-0.7695694,-0.26127815,-0.010791138,-0.138938,0.33572242,-0.023027712,-0.416336,-0.08755325,6762
0.23955707,0.539253,0.20485444,-0.16298044,0.18098915,-0.365253,0.3552617,0.17053582,-0.06583351,-0.47785524,-0.00918287,-0.029374085,0.39874998,-0.29386467,-0.23925535,-0.019384146,9692
-0.0022633784,-0.31214362,-0.020566916,-0.28601056,0.32795864,-0.16983373,0.12246301,0.123622715,-0.19082072,-0.0339601,-0.14392516,0.11704085,0.3878138,-0.045046896,0.0670488,0.2414024,7238
0.1633383,0.036772087,0.19109994,-0.28832608,0.002970025,-0.219268,0.15682618,0.5693406,-0.20191477,-0.4877292,-0.115318365,-0.08839801,0.29949838,-0.2716305,-0.3908497,0.121295765,4912
-0.17799528,0.17928801,0.08492481,-0.63745344,-0.023235433,0.11371973,-0.04574175,0.33749798,-0.6985348,-0.07891204,-0.07336533,0.091868475,0.21604359,0.070724346,0.15171352,0.0035749376,7792
-0.041047037,0.18064003,0.077162035,-0.33382803,-0.15944442,0.009925583,0.22023878,0.23252703,-0.44854563,-0.4007306,0.3180212,-0.08914323,0.18990642,-0.030443955,-0.0625903,-0.122484475,3389
0.026234388,-0.11987687,0.28427675,-0.3908863,-0.019588187,0.28470093,-0.073332585,0.83516526,-0.6018539,-0.29909974,0.102712005,-0.0025063455,0.18539283,0.08786524,0.06970121,0.19406547,1848
0.038115285,-0.050854906,0.033876963,-0.13459824,0.36722794,0.008349583,0.19503656,0.082665145,-0.10287616,-0.3355558,-0.056421876,-0.046845596,0.65902305,-0.20429769,0.0062137097,0.12437416,9086
-0.041888744,0.23563778,-0.0066297287,-0.5891494,0.031994596,-0.053551078,-0.04626523,0.30843624,-0.5362366,-0.027920932,-0.032400556,-0.0781375,0.31318176,0.032380886,-0.11917019,-0.014503434,7458
-0.16300829,0.13035975,-0.07473372,-0.6200882,-0.032853663,0.010978289,0.04259853,0.08147967,-0.56075364,0.061892956,-0.44957238,0.14722121,-0.10962504,-0.0394713,0.0003607571,-0.20379582,1533
0.07631294,0.07911111,0.14428811,-0.08044493,-0.13895544,0.12851608,0.21678497,0.7611283,-0.0015858412,-0.58906907,0.1898604,-0.21422727,0.24976495,-0.13631535,-0.036127537,-0.35914636,1868
-0.13324331,-0.039899364,0.1600764,-0.31982195,0.22326067,0.069625825,0.41609865,0.019218132,-0.041445732,-0.24879187,-0.17597665,-0.04289247,0.6358986,-0.20191287,-0.34473893,0.106098056,5391
0.1004267,-0.012447599,0.34678414,-0.067764714,0.3150712,0.15739703,0.5208715,0.60209894,-0.22628722,-0.53314435,0.01830373,-0.20886584,0.39072794,-0.32964718,-0.18052076,-0.21178216,7721
0.14762466,0.070919916,0.89491045,-0.19189501,-0.14700253,0.051885866,0.05417182,0.710462,-0.43698856,-0.97461927,0.35778672,0.112939246,0.8030999,-0.2939476,0.04761827,0.113674924,3730
0.3387956,0.11134526,0.123329684,-0.12587124,-0.10202714,0.040188238,0.34245908,0.5727047,-0.06066723,-0.6286592,0.15341222,-0.54173917,0.2268622,-0.54954386,-0.16751604,-0.16775277,7810
0.005394948,0.3353368,0.0703422,-0.5553841,-0.17955866,0.10691267,-0.0005161166,0.09433469,-0.4511168,-0.25750908,-0.06498305,-0.3393631,0.09151729,-0.15698376,0.11892897,-0.31660607,2580
-0.15378408,0.105650306,0.029149685,-0.12938234,-0.049745545,0.0478307,0.34405717,0.4749043,-0.48843563,-0.26714027,0.23232809,-0.017300628,0.5754056,-0.29001945,-0.37131014,-0.06640756,2323
0.30194515,-0.43876576,0.7034081,-0.3424982,-0.41976187,0.014771268,0.23872037,0.7876946,-0.9866014,-0.47769803,-0.5701068,0.2886062,0.41131148,0.062079296,-0.8220871,0.2101876,7184
-0.38089207,0.31157592,0.19338998,-0.5042299,-0.14757437,0.46542352,0.017441947,0.575954,-0.4247723,-0.43598244,-0.16269915,-0.31944838,0.19149998,-0.04923695,0.014744192,-0.02583909,9768
-0.5485687,0.2438329,0.3317251,-0.7247933,-0.35621908,0.4595486,0.48745024,0.5411264,-0.92946553,-0.40487126,-0.09057112,0.009328842,0.13640672,0.00514549,-0.33377147,-0.49076802,2943
0.16710693,-0.020988738,-0.053449146,-0.15949951,-0.03233683,-0.0057384223,0.43447083,0.48583657,-0.11261695,-0.3115692,0.21599525,-0.13551217,0.26400036,-0.13751769,-0.24305339,-0.18917592,4959
0.109825134,-0.2346444,0.5344965,-0.18265851,0.2573124,-0.0067397654,0.12576763,0.80830646,-0.10775644,-0.46659675,-0.16697468,-0.026787043,0.558076,-0.22363473,-0.05330679,0.28880912,8124
0.033006683,0.17751995,0.23186713,-0.3250499,0.022559926,0.18572435,0.19610558,0.7465566,-0.7109572,-0.30730823,-0.16157304,-0.22431527,0.24508664,-0.41068622,-0.5444808,-0.060750455,2599
-0.30603215,0.55057675,0.11350375,-0.4060039,-0.25199565,-0.20317693,0.1373891,0.17616656,-0.3520595,-0.11874007,-0.16321537,0.21868567,-0.0720557,-0.19653836,0.123123676,-0.23801331,5779
-0.2592482,0.013041589,-0.111930855,-0.585713,0.5624659,0.33620465,0.35665175,0.9171853,-0.35443377,0.15583606,-0.4207818,-0.43204838,0.5497221,-0.6962901,-0.1570572,0.039185405,3755
-0.14505345,0.2871462,0.31289804,-0.45961273,-0.10915862,0.10160442,0.15487033,0.6854494,-0.46123964,-0.4246627,-0.052214645,0.27226794,0.2600389,-0.063824974,-0.0053463876,-0.078716785,8974
0.31799814,-0.22963183,-0.4694683,0.24330881,0.034154505,0.3451876,0.2797741,0.8626971,-0.04988864,-0.71101415,0.20829774,-0.47542155,0.44952667,-0.6743077,0.00573197,0.12588182,5506
0.20045832,-0.20004705,0.22599249,-0.15508038,-0.015157387,-0.27726036,0.2043634,0.48914826,-0.06917447,-0.6465479,-0.021828264,0.059062995,0.18367954,-0.29796955,0.03596902,-0.4849475,8936
-0.0008190423,-0.20416304,0.06821692,-0.1570126,0.0023092777,0.18141752,0.18427223,0.7367108,-0.38837177,-0.500782,0.21533544,-0.14282137,0.6616608,-0.22814316,0.06860086,0.14427671,6370
-0.1086027,-0.06451878,-0.0731384,-0.13493302,0.41767886,0.53823674,0.19323725,0.95480984,-0.5064333,-0.38996214,0.061541982,-0.25116342,0.62609446,-0.4212376,-0.06837313,-0.037583157,6886
0.09051908,0.1382547,0.22932824,-0.49314165,-0.11864834,0.096522495,-0.054422602,0.27889416,-0.2222119,-0.2475149,-0.08096075,-0.18323296,0.29298022,-0.19732086,0.037521616,-0.015973657,2475
-0.15121582,-0.017753035,-0.014173642,-0.07780452,-0.0630921,0.06811271,0.23019412,0.22177087,-0.5007848,-0.37957394,0.40067115,0.34453458,0.718255,-0.05216237,-0.16685262,-0.105980955,4395
0.11551638,-0.18872403,0.2815518,-0.004720986,0.37476173,-0.16475067,0.24292162,0.5233687,-0.12921664,-0.7365087,-0.05359546,0.0641845,0.31243804,-0.36379063,0.21689656,-0.25301886,4221
0.21727616,0.25325158,0.21326953,-0.13210244,-0.026940264,0.30108196,0.23136255,0.68724734,-0.31708628,-0.72278506,0.10678764,-0.44355744,0.34026664,-0.5008366,-0.041266084,-0.37230167,7320
0.10046792,0.04677273,-0.48722523,0.11938864,0.6858755,-0.13661933,0.05486007,0.38467515,-0.48057,-0.39007205,-0.083911,0.89103323,0.09191875,0.033270583,0.3204152,0.30455726,1920
0.15398197,0.15765154,0.030539187,-0.122341305,-0.058842972,0.096868604,0.30608186,0.3252783,0.07611185,-0.9017464,0.28675035,-0.27541572,0.30739272,-0.48484373,0.039774746,-0.100663885,7309
0.25713998,-0.0156234875,0.38855267,0.05111581,0.07759079,0.07971421,0.30323425,0.5859301,-0.2928295,-0.7025915,0.29978463,0.16155401,0.0886495,-0.30700517,-0.012656063,0.27976224,6337
0.06480818,0.24963412,-0.10840537,-0.58694875,0.032812938,0.5175663,-0.094913915,0.27784872,-0.78977835,-0.1888619,0.112401,-0.22229058,0.31117663,-0.0018237084,0.028624877,-0.17278975,1983
-0.08412483,0.13909172,-0.3575583,0.31599092,0.33048907,0.40572906,0.5182297,0.9292408,-0.57825756,-0.33656156,0.53349537,-0.49446577,0.55130595,-0.6823039,-0.2318398,-0.3502708,9289
-0.36108258,0.04656567,0.34982276,-0.30483735,-0.14302206,0.40301687,0.3332268,0.97553164,-0.61919796,-0.49156517,-0.070748895,-0.0036936998,0.68623817,-0.032986954,-0.22397661,0.022172764,7006
-0.032797858,0.16675556,0.28467384,-0.53794855,-0.04471019,-0.14453831,0.19933784,0.2359951,-0.36866087,-0.42407686,0.050895505,0.21291883,0.17123158,-0.15209956,0.050276965,0.20815106,6780
-0.18327145,0.49208242,0.24444455,-0.69583154,0.044706643,-0.011900067,0.205549,0.16766863,-0.4916463,-0.23177285,-0.18236807,0.1385143,0.035869658,-0.3350938,-0.021121323,0.16769247,2385
0.109645516,0.08942786,0.27294132,-0.41976538,-0.0005887002,-0.05551319,-0.008221695,0.5278305,-0.3803686,-0.309316,-0.025649749,-0.04183379,0.20907357,-0.0008426532,-0.07654454,-0.103642404,9351
-0.043372907,0.5233924,-0.015507586,-0.71936244,-0.3595838,-0.122844905,0.20156926,-0.0658153,-0.46289378,-0.23143291,-0.46567094,-0.21395975,-0.06586468,-0.07122934,0.08187142,-0.7135625,5754
-0.29179382,0.028742164,0.37530524,-0.11447525,-0.35482264,-0.13030571,0.1505307,0.8056663,-0.27701467,-0.9175639,0.20888756,0.03734798,0.5462016,-0.26780358,-0.19094932,0.010940775,8889
0.008247659,0.30620843,-0.024349531,-0.3389947,0.07690725,0.34409085,0.3308413,0.41852275,-0.30626807,-0.3963439,-0.026120428,-0.2768249,0.23618099,-0.22880732,-0.14148214,-0.3774348,8172
-0.106438845,-0.13231108,0.032849904,-0.22994795,-0.048652,-0.15437427,0.25993183,0.24305075,-0.18919586,-0.6044998,0.1758349,0.16223401,0.3775421,-0.054408874,-0.19475938,0.14040235,9985
-0.054825373,0.2551539,0.055289403,-0.6926006,-0.09327284,-0.17882419,0.0027039275,-0.030722827,-0.5015241,-0.057587765,-0.3023868,-0.08666015,-0.15243015,-0.09311904,-0.08993222,-0.041730255,4695
-0.525198,-0.2218292,-0.009748861,-0.16828865,0.33237568,0.7239452,0.21570598,1.086574,-0.6301815,-0.4650968,0.00819781,-0.321607,1.0173278,-0.43776724,-0.11229214,0.026007965,2526
0.33945417,0.09070563,0.18571948,-0.078478724,-0.1730319,0.25981557,0.42038628,0.39900118,0.09477109,-0.77393705,0.05099958,-0.7381748,0.33959824,-0.88795114,-0.045786068,-0.24832846,4468
-0.26105303,0.10313152,0.20382763,-0.24428657,-0.27963138,-0.38019502,0.11412273,0.4891602,-0.078952506,-0.57266426,0.0718,-0.119716704,0.25443333,-0.30247772,-0.41890168,-0.23057413,1546
0.21867742,0.18257445,-0.16253215,-0.1665717,0.0741576,0.39126137,0.28849673,0.5791136,-0.5560585,-0.3079514,0.05184964,-0.31480128,0.23038787,-0.42197475,-0.24192506,-0.17210695,3845
0.12516692,0.32875556,-0.09294963,-0.5578008,-0.09115477,0.09352803,0.10588008,0.361835,-0.35576084,-0.15775082,0.025022537,-0.35015213,0.010399699,-0.0686614,0.03739351,-0.29113036,4200
0.18655059,0.09307011,0.116661705,-0.1411156,-0.11929296,0.03928504,0.31279022,0.58113277,-0.36247614,-0.30911535,0.038659282,-0.07871081,0.2752373,-0.26623964,-0.38978022,0.06769766,3388
-0.08136605,-0.19248359,-0.062251218,-0.3355468,0.33727497,0.062010676,0.20000598,0.56405175,-0.46493047,-0.1998522,0.10038952,0.12365341,0.47776365,-0.15022309,-0.27799731,-0.25073138,1328
0.06999175,-0.020376943,-0.20019487,-0.6169139,0.14855224,0.07450828,0.1685453,0.16896926,-0.88333225,0.08287422,-0.10374722,0.7603714,0.5486817,0.33726412,-0.2813961,-0.08901614,1749
-0.04666841,-0.029184453,0.15042162,-0.11109617,0.08309753,0.33307415,0.11030418,0.75513184,-0.44941533,-0.67271566,0.29349238,0.08642419,0.6426505,-0.012505459,-0.09458916,0.22795713,2159
0.004174605,0.01565212,0.037095148,0.09127876,0.44466835,0.14856994,0.3487223,0.45897597,-0.32840714,-0.43640715,0.21380636,0.04183753,0.5831488,-0.19106153,-0.10783784,-0.03423907,3614
0.24774942,0.14676586,-0.03532623,-0.49307793,-0.016990256,-0.30322918,-0.027184755,0.116370484,-0.5117523,-0.33350268,-0.14415577,0.14893812,0.2522995,0.031385757,-0.015675753,-0.21306011,1330
0.14367522,0.05936484,0.1384118,-0.34533757,-0.1936975,-0.15011424,0.23424833,0.24545848,-0.478448,-0.2376208,-0.22990066,-0.103597686,0.45068535,-0.014624217,-0.4861815,0.055048272,9415
-0.33747175,0.21636066,0.35975075,-0.48088646,-0.30505642,0.08670259,0.32753244,0.42543647,-0.6599736,-0.54324216,0.42903945,0.1459988,0.0066392496,-0.22068027,-0.56329715,-0.6676867,5292
0.10406534,0.037658617,0.24782026,-0.6524825,-0.17829409,-0.43730673,-0.10994619,0.07450488,-0.4088782,-0.6189986,-0.0795567,-0.2632608,0.30019218,-0.16038343,0.03618756,-0.3432703,5777
-0.022982672,-0.033668116,0.0033902265,-0.35448772,0.11095305,-0.0007412508,0.28154504,0.40947276,-0.31795162,-0.31306273,0.08512069,0.27665532,0.080964416,0.021310449,0.013510555,-0.3566687,8155
-0.13892213,0.13941516,0.068238676,-0.39262515,0.12735088,-0.23245631,0.08288439,0.13059576,-0.23259076,-0.014443189,-0.05110096,0.039168134,0.036038816,-0.2851615,0.078945965,-0.1476416,4885
-0.49973118,-0.39664343,-0.042368162,0.0047180057,-0.05203787,0.21368326,-0.036024965,0.80739987,-0.56101453,-0.05163934,0.071428955,-0.678401,1.0000572,-0.53252065,-0.49018922,0.01847425,3136
0.07519622,0.33083355,-0.013362493,-0.65457493,0.18755081,-0.027860343,0.09569259,-0.004665181,-0.49069145,0.0939949,-0.4236703,-0.11911723,0.29667524,-0.21569362,-0.43406984,-0.07715155,1302
0.045754284,-0.039447755,0.20860353,-0.36400777,-0.049709715,-0.5918255,0.04666193,0.16537125,-0.38576508,-0.32494402,-0.03710217,0.20745185,0.1673343,-0.18020925,-0.27253744,0.23005569,2655
0.048381045,-0.09430274,0.71894497,-0.45981452,-0.10928437,0.033678256,0.09335843,0.86807656,-1.0815287,-0.61293775,-0.45113054,0.3724155,-0.032342076,-0.07985398,-0.1382086,0.40029317,1856
0.30408347,0.31001928,-0.072766155,-0.39566594,0.03495595,0.075311005,0.23252848,0.32424697,-0.37215808,-0.22772191,0.08984828,-0.29892284,-0.095264144,-0.32735035,-0.2756265,-0.13299155,4195
0.032864183,-0.023503512,-0.23667173,-0.29498142,-0.17417006,0.14060214,0.20453301,0.41304326,-0.5623213,-0.048673198,0.09349852,-0.41919553,0.23404197,-0.3385287,-0.19726503,0.09623478,3613
0.063201785,0.27764022,-0.2036083,-0.21253265,-0.11337292,0.25262535,0.18273878,0.28999993,-0.6799331,-0.26574293,0.21379924,-0.4649188,0.18473262,-0.61300474,-0.230484,0.09636469,1163
0.19307959,0.3473928,-0.076431885,-0.4681598,0.19836761,-0.048223823,0.20994505,0.19721991,-0.47344702,-0.22860944,0.08018144,0.08882253,-0.056936927,0.1432677,-0.044847786,-0.06949875,7409
0.12758827,0.25986028,-0.097836584,-0.36689588,0.12465808,-0.13876382,0.1584814,0.07189806,-0.26423076,-0.23630828,0.01360113,0.0092344135,0.08009719,-0.08333488,-0.04216279,0.090364665,4178
-0.009291343,-0.065123186,0.026856005,-0.19984925,0.065510176,0.25970113,0.1527335,0.5909535,-0.5155959,-0.1938601,0.07372222,-0.16189654,0.46154714,-0.2136091,-0.11069268,-0.09587732,6374
0.01664181,-0.18025883,0.014056489,-0.5208913,-0.22352116,-0.43692628,0.42931336,-0.26789483,-0.54447037,-0.37175113,0.20268005,0.71766245,-0.124791116,0.21225366,-0.018485606,-0.018201724,6183
0.0053871274,0.0348427,0.05581932,-0.42179614,-0.13214605,-0.28649262,0.06616734,0.2670886,-0.22360744,-0.39001942,0.056058988,0.10563777,0.13196418,-0.097780116,-0.14023224,-0.26388925,4756
0.03523265,-0.22068317,0.10826337,-0.35748532,0.09571111,-0.13234133,-1.0494143e-05,0.38985544,-0.34772202,-0.1432085,-0.078783035,-0.14230987,0.3891247,-0.0846374,-0.46603906,0.20804138,7287
-0.24279483,0.17982455,-0.037429426,-0.28241074,0.12660733,0.479276,0.34366733,0.5407095,-0.5543817,-0.39387292,0.24993485,-0.19578116,0.584272,-0.25274444,-0.235614,-0.28064287,3912
0.26510644,0.30271497,-0.060017224,-0.18710577,0.18453139,0.56954056,0.26109084,0.7355066,-0.35653603,-0.5424632,0.22616836,-0.32773238,0.056124553,-0.48153698,0.028140113,0.08150622,2854
0.1659414,-0.107601516,-0.20598827,0.15377313,0.14335972,0.0346023,0.31840673,0.55797905,0.10890789,-0.7770265,0.23183933,-0.2713862,0.36638188,-0.39080712,0.05168736,-0.09765485,1501
0.055444237,0.38069397,-0.14261758,-0.33832064,-0.10585721,0.04058423,0.18947786,-0.042473465,-0.3325189,-0.22907978,-0.024729341,-0.2683535,0.15268783,-0.36558586,-0.18526465,-0.2777601,3336
-0.049251325,-0.118332826,-0.018794801,0.18556407,0.2282429,0.098104626,0.5122903,0.53465676,0.14947046,-0.683611,0.3768164,-0.5389428,0.946077,-0.5543095,-0.15943514,0.020823866,1651
0.34366408,0.43066806,0.28714365,-0.2885922,-0.07471433,-0.19683354,0.3066839,0.24404141,-0.2993839,-0.55415595,-0.109501936,-0.06634395,-0.036178485,-0.26724344,-0.04631743,-0.27249175,5912
-0.064929955,0.20501201,-0.2215106,-0.58954656,0.27864128,-0.021903574,-0.102975026,-0.20223814,-0.52746785,0.12033649,-0.25878826,0.11223133,0.1331287,-0.06813145,0.12920138,0.033464536,7648
0.12425363,-0.21410114,-0.08633198,-0.093292505,-0.083969764,0.03557927,0.15423359,0.40857768,0.093455836,-0.54258764,0.19062586,-0.2856369,0.41676825,-0.36619478,0.11842017,-0.049115703,2379
0.018088825,-0.007348992,-0.3297029,-0.077317685,0.5393813,0.24282894,0.14717351,0.34435934,-0.4146339,-0.013658665,0.24390242,0.20419586,0.5849356,-0.06832698,-0.022469655,-0.052459776,7688
0.062883556,0.11739455,0.7814666,-0.22322008,0.30373356,0.27638513,0.28025907,1.1361623,-0.09483299,-0.8591096,0.08622783,0.3241653,0.30919644,-0.36165413,0.32350314,0.23819476,5217
0.25690797,0.22491848,0.23213811,-0.22192852,0.115032785,-0.16964997,0.35370004,0.073174156,-0.15299487,-0.48922995,-0.20347662,-0.017487118,0.06523341,-0.2677919,-0.06567669,-0.24021332,5824
-0.4821848,0.097597994,-0.031043988,0.15872926,0.29406527,0.4465682,0.42053404,0.8369232,-0.5014374,-0.47914135,0.57733214,0.14487599,0.8672488,0.0033310056,-0.059065536,-0.15885666,7121
-0.14900987,-0.30867153,0.50232595,-0.22813755,0.22364235,0.32694292,-0.10887103,1.0867082,-0.2949372,-0.51260746,0.21496701,0.12665318,1.1547711,-0.28107953,0.30201232,0.35239142,9833
-0.033853084,-0.24483092,0.14546223,-0.59981275,-0.13103603,0.20979866,0.2842025,0.5575585,-0.5471543,-0.4447939,0.022754677,-0.019958615,0.40261865,0.24752119,-0.7277312,-0.28630406,8236
-0.027197197,0.056842234,-0.00086534023,-0.22352536,0.102204055,0.27438894,0.35426974,0.32813883,-0.19427595,-0.57269526,0.1922121,-0.32639974,0.4787542,-0.2616613,-0.312649,-0.099756196,3059
-0.24485166,0.0388862,0.11251181,-0.28739238,0.03647162,0.4726523,0.42221677,0.750324,-0.5032137,-0.5693191,0.2083222,0.1502311,0.37203437,0.26033267,-0.15285729,-0.07693851,3485
-0.005389236,-0.045787364,-0.31742674,-0.001681745,0.08490763,0.18222143,0.24586013,0.34460276,0.09454605,-0.6999585,0.33329672,-0.40975362,0.5309603,-0.6962957,0.12506251,-0.2875419,9804
-0.012472231,-0.33121228,0.12899947,-0.07304351,0.23407313,-0.027136564,0.29019573,0.62333465,-0.06118485,-0.33842862,0.12740263,-0.25409007,0.35688353,-0.28788108,-0.25639936,-0.21282421,1620
0.010918237,0.20839086,-0.03076543,-0.5950711,-0.21362613,-0.2937134,-0.26122808,-0.00116463,-0.50558543,-0.16779986,-0.11030455,0.34364617,0.086289346,-0.17168236,0.39971572,-0.10073164,9657
0.11063567,0.16461605,0.057319228,-0.27393755,0.13418752,-0.1961447,0.17531258,0.38039672,-0.28514558,-0.3562186,0.049955465,-0.0746914,0.30086815,-0.11410269,-0.14762291,-0.15383698,6929
-0.06857075,-0.0027792156,-0.24853523,0.18948317,0.5789119,0.23862109,0.54321915,0.33293623,-0.16031277,-0.41109407,0.46976507,0.014782969,0.88379776,-0.43829924,-0.1985699,-0.011573434,7265
0.31646904,0.137109,0.021955077,-0.6240028,0.19372821,0.05072897,0.0058395453,0.35153833,-0.516579,-0.0029099137,-0.15505631,-0.15385273,0.23773569,-0.005233664,-0.22176853,-0.020344466,1682
-0.087298244,0.068948865,0.0464352,-0.6723473,0.20957938,0.12706278,-0.023411263,0.48541093,-0.5712933,0.060664997,-0.24053988,-0.091879636,0.40258312,0.05925741,-0.25071388,-0.07147393,3421
0.012199692,0.5892143,-0.25869897,-0.7977121,0.23892674,-0.16848305,-0.025429346,-0.24763379,-0.5629915,0.24360178,-0.61831474,0.27354115,-0.009049416,-0.19364668,0.13617374,-0.12736526,4231
-0.037684858,0.47689345,-0.124319255,-0.71811604,-0.10648699,0.10371489,0.26813957,-0.13244705,-0.5485625,0.10483581,-0.5259994,0.19994268,-0.1465325,0.027473137,-0.28629616,-0.49135116,4622
0.052980885,0.27748337,0.14383563,-0.27684805,-0.02978538,0.04891754,0.13006374,0.6745881,-0.3432185,-0.48877472,0.03209643,-0.02425113,0.22663404,-0.43645543,0.06816366,0.28621247,9528
-0.3305475,-0.047045648,0.12989849,-0.24028108,0.0016603917,0.16113105,0.18282604,0.8114493,-0.61562526,-0.33297986,0.12077954,0.22849555,0.32530078,-0.14607467,-0.25810546,-0.22859709,7987
-0.32893413,0.25631785,-0.11090303,0.044007882,0.14004336,0.109414086,0.4382692,0.43207854,-0.3651013,-0.41752386,0.35931128,0.007874042,0.49626586,-0.35972595,-0.16393188,-0.29972798,4204
0.0039700866,0.09905605,0.16355498,-0.3952778,0.06356215,-0.07998288,0.037961245,0.7412756,-0.06563399,-0.32078794,-0.090779945,-0.18623732,0.13077603,-0.44278938,-0.018808067,-0.09936145,6560
0.035599545,0.07707947,0.38536608,-0.42964977,0.11909239,0.2295321,0.16698042,0.8104095,-0.37943998,-0.47759408,0.20082283,0.21457943,0.5630545,-0.04197512,0.17862254,0.31501353,3904
0.07998861,0.60172236,-0.23293355,-0.36801034,0.114554234,-0.12962586,0.2553658,0.31083268,-0.16633567,-0.10816716,-0.18917637,-0.055812933,-0.18572265,-0.09495242,0.022840083,-0.32945338,7793
0.3266853,-0.0988033,0.15989098,-0.4007413,-0.13350406,-0.12249279,0.058605406,0.26133427,-0.1965599,-0.55263335,-0.0608077,-0.09519923,0.25666317,-0.092806816,-0.19096355,-0.11652978,9812
0.23068972,0.016384162,0.19798154,-0.25063136,-0.004220411,-0.03023364,0.1546334,0.41900626,-0.052734733,-0.59658694,0.048587233,-0.14641213,0.25730625,-0.3959617,0.028853178,-0.22356333,7747
0.065072194,0.15392919,-0.074511886,-0.32138628,0.20504904,-0.010974834,0.28236264,0.21953745,-0.5015189,-0.23176353,0.06554678,0.22980806,0.20684627,-0.06009756,-0.13478439,0.051377207,2427
0.028988056,0.2736192,-0.19657628,-0.3231371,0.22923532,-0.03825681,0.28942037,0.34457663,-0.35539874,-0.21675399,0.24658538,0.5320267,0.24259228,0.046131507,-0.09107648,-0.0071412623,9436
0.123790756,-0.3036946,0.11424887,-0.12922248,0.37383962,-0.10611944,0.052607834,0.6015471,-0.5566688,-0.46676674,-0.030149192,0.24165967,0.78614295,0.11680222,0.025566578,0.28748393,3977
0.23140752,-0.004030809,-0.12917769,-0.3859861,0.34886396,-0.06657205,0.16372195,0.045570448,-0.41256893,-0.30494615,0.0064010676,0.06911081,0.5782215,-0.20298511,-0.112348646,-0.042712748,1839
-0.019619808,0.029860986,0.029575186,-0.51217103,0.14290401,0.09859902,0.23218581,0.14697567,-0.44614047,-0.2160747,-0.22960132,0.2723207,0.19871134,0.094274,0.04751821,0.07366451,6047
-0.3461354,-0.06441549,0.1929977,-0.2684909,-0.0029265825,0.046760656,0.05915548,0.5249888,-0.11398922,-0.5059152,0.114151776,0.13270526,0.97441775,-0.06753068,-0.23358834,0.25580883,7942
-0.01834409,-0.3181344,0.087212086,-0.05012533,0.09353541,0.1854172,0.11104045,0.64555794,0.05445078,-0.88756186,0.13019842,-0.347136,0.8076204,-0.2941985,0.2123371,0.10418965,6642
-0.106828436,-0.17264566,0.40455434,-0.3805689,0.14264277,0.23693563,0.19568047,0.78281736,-0.3932863,-0.606744,0.028032504,0.061269283,0.6239407,0.04759433,0.059935823,0.24289729,4776
-0.17629889,0.15479828,0.106307216,-0.43710798,-0.024822198,0.16077016,0.59202224,0.08167849,-0.26055178,-0.21626902,-0.23009668,0.17096724,0.4961598,-0.08601376,-0.40616417,-0.10393931,8323
0.15709643,-0.024368823,0.098564595,-0.09249695,0.3915091,-0.29252484,0.23607497,0.49064997,-0.42861792,-0.5512417,-0.0017649382,0.28191856,0.5800881,0.020923547,-0.019699752,0.08226949,9684
-0.016940042,0.07386001,0.08218266,-0.6095687,-0.08491671,0.055866323,0.101217635,0.43620086,-0.67845774,-0.0826,-0.16435593,0.13117366,0.12356697,0.19330482,-0.18762206,-0.22562756,6511
-0.0018906593,0.50064474,0.36196995,-0.48356572,0.17407095,0.3354222,0.3524595,0.5484834,-0.26230478,-0.5416557,0.077102646,0.28567773,0.21363689,-0.055172108,0.22438562,-0.11935794,6896
0.26047546,0.10731516,0.30118912,-0.26761252,-0.10650167,0.061124206,0.1481266,0.59063154,-0.26671675,-0.5546922,-0.19203204,-0.029897436,0.0062619597,-0.1559955,0.070761636,-0.18540739,5635
0.10246852,-0.09449336,-0.4355237,0.07246417,0.44376367,-0.05890432,0.2439616,0.50421274,0.2882343,-0.52571297,0.3105932,-0.4321368,0.59898156,-0.58299273,-0.11324872,-0.081968516,3337
-0.026796475,0.23101248,-0.23522982,0.066652805,0.27041733,0.3381947,0.55106837,0.5095912,0.045122504,-0.76068956,0.1745345,-0.66089165,0.47177714,-0.70846987,-0.025907218,-0.3743406,1051
0.013446018,0.15671912,0.22315413,-0.40829408,0.04499212,-0.2642604,0.106479466,0.29395533,-0.5997771,-0.18985657,-0.11436986,0.21762973,0.38376465,-0.018197455,-0.40538073,0.11829768,4718
0.023367345,-0.0946354,0.22229113,-0.41660434,-0.06582866,-0.16055694,0.16121565,0.37438375,-0.27097082,-0.3718025,-0.04042075,0.30181363,-0.063993,-0.066293344,0.069782406,0.18398403,4615
0.23872904,-0.622156,-0.15054071,0.09850657,0.53375804,-0.13947064,0.15461463,0.863621,0.084019095,-0.71856314,-0.07794846,-0.10813927,0.6540588,-0.5611077,0.31721687,-0.03052546,9932
-0.05771634,-0.43214846,0.37495306,-0.17484935,0.07646318,-0.03393168,-0.2494168,0.34062284,-0.0059361905,-0.45073488,-0.02045497,-0.13116258,0.5272621,-0.54973793,0.24177223,-0.08364594,1368
-0.14749959,-0.31315202,-0.30673394,-0.08795619,0.24285555,0.6058151,0.27315098,0.6058245,-0.7289216,-0.21111095,-0.11414701,0.22690602,0.17048001,-0.07025675,-0.0910089,0.024775863,3710
0.17429501,0.27023435,0.013555065,-0.43361568,-0.09425324,0.00421503,0.14897937,0.15666991,-0.5200452,-0.2578407,0.055536103,-0.27760816,0.13752559,-0.19589034,-0.2533394,0.023695752,2750
-0.13171233,-0.043076433,0.27228272,-0.39077777,0.13863096,0.17464381,-0.07496367,0.8910735,-0.6951331,-0.025109872,-0.24019927,-0.4084388,0.50612473,-0.36287957,-0.47313663,0.03959912,1860
-0.25947648,-0.18401247,-0.013243817,-0.095853955,-0.0016043037,0.12678923,0.21857662,0.5749586,-0.5704869,-0.30484912,0.36887458,0.25972998,0.3922196,0.06653174,-0.05933085,0.13359207,5053
0.07602058,0.08891101,-0.42529842,-0.2102436,0.1399467,-0.015913349,0.17592606,0.41228086,0.017788112,-0.21818462,0.10601065,-0.16020873,0.23594879,-0.25484756,0.07688995,-0.2347785,3422
0.062138334,0.064804114,0.057345416,-0.44975394,0.09553748,0.013759501,0.0910942,0.43228704,-0.11027131,-0.277247,-0.02960256,-0.1882538,0.27979118,-0.061368022,-0.22225243,0.004369721,9429
0.117947355,-0.254753,0.47561887,-0.33287477,0.17226282,0.47353137,0.29815972,1.0388092,-0.2600323,-0.76478356,-0.055575088,0.15123272,0.3638108,-0.010085076,-0.015771508,0.31104982,5847
0.07194778,0.34196663,-0.057934485,-0.70076203,0.085314475,0.04861927,0.16806848,0.18027575,-0.5655461,-0.03614275,-0.16740228,0.36841574,-0.009921193,0.18057802,-0.05602449,-0.17035359,3292
-0.055195656,-0.01073771,0.24489355,-0.20503396,0.26349205,0.16775298,0.3232692,0.19312528,-0.14425506,-0.36082065,-0.1322593,0.19559696,0.49439794,-0.26120454,0.39709705,-0.070320666,2927
0.075694025,0.11823428,0.3304317,-0.31262413,-0.32265693,0.04365194,-0.08053415,0.4249978,-0.20847628,-0.35194913,0.06488577,-0.47336984,0.5400482,-0.38360298,-0.1968913,-0.17965858,5081
0.04958082,0.23132658,-0.049874797,-0.17407562,0.10754133,0.2364698,0.42664412,0.5486406,-0.2766201,-0.52748334,0.059813805,-0.34280962,0.3552518,-0.29665184,-0.23636442,-0.27824706,2949
0.1606142,0.06528595,0.46761358,-0.33434948,-0.1563194,0.077392586,0.23825392,0.648534,-0.5001267,-0.7258177,-0.18201599,0.07026397,0.21708328,-0.23184165,-0.06366265,0.029091015,3318
0.11369334,-0.021178246,0.11275871,-0.2060922,-0.020653337,0.07996842,0.38702428,0.41063118,-0.50714576,-0.48196143,0.16608517,0.12635128,-0.046121538,-0.28918576,0.040593654,0.24320664,8193
-0.33259815,0.21397665,-0.17538932,-0.79146034,0.08091067,-0.2575358,-0.26810992,0.15036915,-0.6902942,0.20762466,-0.27970207,0.035470694,0.37822425,0.11824848,0.0087581575,0.01688391,2024
0.030442268,0.091561526,-0.117976785,-0.22946256,0.5179629,0.13608497,0.27271545,0.45969683,-0.08819583,-0.27542016,-0.061953835,-0.41604957,0.4961552,-0.5161786,0.04136321,0.0040634274,9197
0.17077994,0.1261281,0.119772665,-0.43761146,0.024035677,-0.19684598,0.020546366,0.29033166,-0.42998022,-0.37567216,-0.16203207,-0.07546036,0.14151952,0.007580189,-0.02086258,-0.16836376,2278
-0.19533092,0.16054776,0.016527966,-0.48590422,0.2412264,-0.19517869,0.3991903,0.056287482,-0.37329674,-0.5650022,-0.122396305,0.062300265,-0.040880308,-0.061359655,-0.06465703,-0.27791822,2682
-0.12130584,-0.16327424,-0.028262392,-0.2071377,-0.070919976,0.09321025,0.32722786,0.57489026,-0.09135579,-0.4877765,0.103332825,-0.3680605,0.38073206,-0.17748381,-0.46539122,-0.09580484,3714
0.086489305,0.50216895,-0.06901919,-0.55543935,-0.065425165,-0.100704126,0.16332977,0.00669232,-0.29894248,-0.06700303,-0.2027299,0.058202937,-0.02080743,-0.020617127,-0.15343031,-0.20173165,9435
-0.053490132,0.5614529,-0.13755277,-0.5364158,0.033623733,0.063474394,0.331133,-0.043486014,-0.45790365,-0.05915159,-0.35225892,0.14997748,-0.102621466,-0.022896107,-0.073456794,-0.4670862,7505
0.2957852,-0.14389086,0.10771449,-0.09523657,0.20453648,-0.18610784,0.30107284,0.43417317,-0.10195366,-0.5954549,0.016813334,-0.038844936,0.321146,-0.1799087,0.07871574,-0.12295975,8235
0.10088437,0.03270319,-0.28599623,0.120577894,-0.0378335,0.16043107,0.43464366,0.29462683,-0.42588457,-0.15414491,0.35859942,-0.1722255,0.2893451,-0.5048388,-0.046557292,-0.13920891,1372
0.16387305,-0.094120115,0.20433335,-0.44830358,0.036665007,-0.094941325,0.049535323,0.31307358,-0.40053636,-0.24426186,-0.08898163,-0.19735399,0.8222643,-0.11619365,-0.4826813,-0.029948384,9921
0.20295058,-0.03793543,0.08450441,-0.18903634,0.1315772,-0.1070055,0.24452671,0.582204,-0.27871066,-0.567156,0.13125455,0.06467956,0.40203267,-0.056798365,0.020706207,0.20805268,1402
-0.0713013,0.115181826,0.14849058,-0.42957532,-0.045828655,0.25926268,0.31697237,0.54614496,-0.49806714,-0.3349983,-0.07792669,0.052296966,0.29265782,-0.111993045,-0.140347,-0.122485414,3951
-0.1764481,0.17622103,-0.12202964,0.011339635,-0.117106125,0.5850874,0.6698395,0.81927866,-0.72958505,-0.57644296,0.3637895,0.107452065,0.3661118,-0.4349676,-0.2272293,-0.0028458983,6226
0.015366044,-0.4657879,-0.29458797,-0.085782826,0.5905992,0.19298413,0.14954454,0.60167706,-0.21127458,-0.00083480775,-0.23352943,-0.44744995,1.0384724,-0.7341776,0.024531573,0.085100666,6524
0.15233576,0.004528133,-0.14073046,-0.09435083,0.2830879,-0.0032870322,0.16213813,0.5660243,-0.31933075,-0.17419307,0.16306572,-0.1705172,0.43296978,-0.12064043,-0.17447235,-0.0902127,9924
-0.035539612,0.12824567,-0.03081784,0.01991561,0.44249752,0.12770793,0.3416279,0.5478645,-0.27125317,-0.50343484,0.21423247,-0.16906777,0.59599423,-0.23618099,-0.12694274,-0.048407733,7898
0.12265421,0.17126119,0.2157984,-0.59687465,-0.027876109,0.18032514,0.015823174,0.5924126,-0.49073422,-0.2886823,-0.063843675,-0.07797531,0.0018539876,-0.14147668,0.25635356,0.08973026,6522
0.12394731,0.29275376,0.035059355,-0.49451286,0.16479015,-0.048817836,0.1389041,-0.023577243,-0.28644416,-0.08044153,-0.31004664,-0.20856698,0.15221784,-0.20568897,-0.14840713,-0.10523033,8440
-0.05765661,-0.16049436,0.05335224,-0.22719878,0.3899434,-0.07282127,-0.12533544,0.5142647,-0.20645957,0.019809602,-0.08751939,-0.045713544,0.9631463,-0.24189553,-0.27127257,0.40267342,8177
0.21814193,-0.15330288,-0.072513886,-0.57758486,0.06188555,0.16090277,0.19479315,0.0015266538,-0.48892257,-0.12993675,-0.24676245,0.045356244,0.34690958,0.17896444,0.018837452,-0.24874718,7456
0.15357138,0.110052556,-0.24938294,-0.13470955,-0.15418035,0.035215802,0.18504678,0.70449233,-0.044159815,-0.678151,0.14140731,-0.6257442,0.1962235,-0.62518275,-0.18663743,-0.3741745,9802
-0.05128859,-0.029613301,0.5740032,-0.4720276,-0.096041,-0.17472209,0.22171398,0.47715467,-0.057684578,-0.45480227,-0.21793416,-0.097369924,0.4157432,-0.17035782,-0.45137125,0.1429263,6263
0.35499766,0.053736072,0.45241547,-0.52462494,-0.38313496,0.20214362,0.07255428,0.60628223,-0.6085987,-0.7963226,0.17036565,-0.2528098,-0.026481211,-0.1880117,-0.06754169,-0.13376361,5627
0.09813212,-0.053343065,-0.062448222,-0.22466296,0.4561567,-0.35648912,0.24208884,0.32071596,-0.12534007,-0.53627837,0.030798448,0.203521,0.5302823,-0.21140033,-0.023201078,-0.10476187,3236
0.089502335,-0.23833843,-0.5189478,0.052688807,0.039130352,0.023645202,0.17611387,0.65002054,0.26325268,-0.52338755,0.16151851,-0.58633894,0.41410124,-0.5957766,-0.024314344,-0.1916349,8800
-0.18281712,-0.054160062,-0.05481881,-0.33897507,0.14852047,0.3610372,-0.008997828,0.20567258,-0.30875444,-0.16280723,0.028230367,0.055895362,0.5569203,-0.16121337,0.17358556,0.06571132,2242
0.11215725,-0.07899365,0.34001467,-0.44702154,0.18580498,-0.2752192,-0.104330145,0.3640788,-0.4642786,-0.21057224,-0.21394931,-0.072052926,0.34898815,-0.0804716,-0.119042054,0.1716157,1314
0.1584326,-0.4154819,-0.18131144,0.23086545,0.502943,0.13286367,0.13890131,1.0338777,-0.3999945,-0.70859736,0.23380913,-0.31081957,0.8033902,-0.27617615,-0.06497455,0.101078436,4431
0.21806008,0.22380692,0.011918543,-0.35606226,0.16550271,-0.18948826,0.24959686,0.3424285,-0.2750158,-0.4528842,0.1852472,-0.05712306,0.2674961,-0.13673565,-0.21548,-0.1383477,7935
0.041382037,0.034965683,0.15765625,-0.6819792,-0.22815102,-0.40169126,0.07145419,0.2693578,-0.694611,-0.566392,-0.42261624,0.25374037,0.12315348,-0.03652122,-0.103087574,-0.5718174,4358
-0.19490762,0.2772174,-0.03002195,-0.57675946,-0.08874841,-0.18839793,0.27159804,-0.15939173,-0.42649263,-0.20610292,-0.04865813,0.104053035,-0.079854906,-0.14336227,-0.0024397373,-0.13901153,6335
0.24310982,0.24304594,0.072863266,-0.47709447,-0.014726914,0.30692565,0.08858697,0.6030929,-0.085170016,-0.3771024,-0.22391737,-0.5447965,0.06544609,-0.5996377,0.17380863,-0.26477024,2010
-0.06601116,0.23497179,0.052735943,-0.4953135,0.07883638,0.14019689,0.3492315,-0.063353494,0.07219116,-0.20938161,-0.3317902,-0.21817867,0.4009312,-0.21112396,-0.23724258,-0.19406223,8328
0.091876045,0.065410316,0.08802223,-0.31482315,-0.07320613,-0.09119763,0.40023103,0.1550232,-0.46926877,-0.48637998,-0.09034459,0.33092535,0.17994319,0.11566603,-0.20812364,-0.06208107,6031
0.12517922,-0.0025573373,-0.10677994,0.06879616,0.6357558,0.034069985,0.26525804,0.14059085,-0.21733046,-0.41193482,0.07567819,-0.12483794,0.6542869,-0.15680018,-0.010155134,0.17530209,9321
-0.08820276,-0.05618286,-0.048782635,-0.38801804,0.47900754,0.12074323,0.25031283,0.0602089,0.034000576,-0.22643006,-0.25786275,-0.19831556,0.61824507,-0.29426503,-0.06492308,0.19241782,5000
0.2072191,0.16323599,0.4877193,-0.28772756,-0.02859047,-0.20143716,0.18926917,0.23729838,-0.21475549,-0.5034919,-0.13679633,-0.171524,0.10714069,-0.33729374,-0.07142322,-0.0937438,7938
0.25890923,0.10473417,0.15701011,-0.62609184,-0.21904548,-0.016871065,0.05041327,0.2944525,-0.21671984,-0.3496927,-0.1316351,-0.4617334,0.17841107,-0.22320485,-0.042803094,-0.23767287,1136
-0.17214057,0.07642849,0.0773338,-0.49390173,0.2103534,0.29081285,-0.043759555,0.76565284,-0.80238724,-0.009736106,-0.010958919,-0.09420267,0.56318635,-0.112696424,-0.33154747,-0.19153775,8789
0.113982424,0.081582464,0.07665363,-0.50465655,0.0068627745,0.021712117,0.1289182,0.5237342,-0.5702508,-0.31818807,0.061039694,-0.20364484,0.27518865,-0.10578765,-0.2590029,-0.37866217,1016
-0.07375246,-0.16645434,0.10650716,-0.14399505,0.3163672,0.1963385,0.28203315,0.50938797,0.1443271,-0.537602,0.05678998,-0.35043648,0.59414047,-0.39464483,-0.19470683,0.12005526,5526
-0.020982645,-0.12329104,-0.065939106,-0.1803456,0.5332191,0.390827,0.34598365,0.5025822,-0.46631575,-0.20984516,-0.034496427,-0.24105269,0.81806386,-0.27700818,-0.27914542,0.18884571,6411
-0.2497156,-0.026798047,0.17379801,-0.18460256,-0.043213733,0.13080606,0.26852295,0.6949134,-0.36511528,-0.37257004,0.28461966,0.2403844,0.35003096,0.090978354,-0.08226967,-0.17264599,8674
-0.47823334,-0.15724799,-0.2067745,-0.07052648,0.7131735,0.99013436,0.5077428,1.7069871,-0.7383635,-0.6120098,0.035806254,-0.3101228,1.5897055,-0.65665257,0.17352903,0.13782306,1892
-0.0022282898,-0.25287005,0.34658104,-0.14371838,-0.198571,0.071626596,0.45309603,0.7903125,-0.88847923,-0.60111713,0.052181765,0.50282204,0.31582642,-0.03930223,-0.18751612,0.21411009,9062
0.09180565,0.3166659,0.07424855,-0.5345923,0.029344857,-0.2415937,0.23517212,0.24357077,-0.48146018,-0.28971076,-0.007403426,0.025475636,0.046686262,0.12977411,-0.23256774,-0.1130864,9041
-0.110521175,0.003353212,-0.039068297,0.036739767,0.33565074,0.09175806,0.27446643,0.42496407,-0.21371527,-0.36257106,0.23079267,0.089925796,0.4118697,-0.06951379,-0.21892759,-0.031205982,7480
0.08622696,0.3359108,-0.15014938,-0.40939704,0.0022621118,0.23835868,-0.092164904,0.34831467,-0.53780866,-0.1974975,0.027094755,-0.4901109,0.28637245,-0.49149922,-0.110690996,-0.30247712,2536
-0.31815785,-0.26640275,0.2121846,-0.46066988,0.24635372,0.14273268,-0.18774599,0.6360416,-0.3957552,-0.055606678,-0.26677787,-0.2529601,0.64216226,-0.24168648,-0.092519,0.12628366,3626
0.15967707,0.06284103,0.4514241,-0.21911237,0.21993615,-0.2405074,0.0004887283,0.3645252,0.084040254,-0.559596,-0.44767335,-0.037460506,0.34476158,-0.62224615,0.36102813,-0.21364504,5349
0.047588386,0.12785013,0.20200634,-0.3528021,0.03198623,-0.065652326,0.12747079,0.21304435,-0.117180966,-0.38474682,-0.1034453,-0.17830423,0.10490156,-0.37408143,0.095932975,-0.16526155,8781
0.16486143,0.30696365,-0.1652715,-0.12791276,0.079046436,0.42735535,0.2636227,0.6220393,-0.4831253,-0.3852421,0.097498484,-0.56069183,0.20842864,-0.77903205,-0.25117156,-0.13358064,4278
-0.11835481,0.75469494,-0.19103864,-0.5183909,-0.2711122,-0.0657592,0.23782296,-0.22876991,-0.421272,-0.08585526,-0.31872335,0.09998937,-0.10313764,-0.26323617,0.32750383,-0.53748727,2473
0.5066916,0.20288569,0.5253285,-0.62924814,-0.41877982,0.025862902,0.20092857,0.15802833,-0.53676957,-0.6822262,-0.17095643,-0.30616727,0.06382163,-0.0705082,-0.2922773,-0.37067747,7972
0.09566634,-0.04390332,-0.24851805,0.03629777,0.19046225,0.116003424,0.27269498,0.5725453,-0.040722042,-0.49326912,0.24418642,-0.51577544,0.5936783,-0.51028,-0.36846176,-0.022017851,8135
-0.063691184,0.22726709,-0.15539831,-0.49874964,0.18039282,0.036036603,0.31153738,0.29423356,-0.34344766,-0.18020107,0.1429191,0.2824785,0.19140445,-0.20586726,-0.04656803,0.21650952,9575
0.13393511,-0.1386549,0.5913316,-0.08223079,0.20492527,-0.08124405,0.3660131,0.34834695,-0.1463712,-0.84478396,0.1604665,-0.009292118,0.60072607,-0.2340949,-0.0040841103,0.0023784488,2920
-0.18549539,-0.73319614,0.37428504,-0.06783429,0.25753638,-0.10469883,-0.23557666,0.9738889,-0.02903612,-0.5266585,-0.10879458,0.0021694005,0.85168374,-0.36774874,0.3551826,0.2653367,5450
0.022899136,-0.05938322,0.23766981,-0.3480994,0.056740314,-0.09575353,-0.1520246,0.49977934,-0.3707239,-0.016190529,0.0073752943,0.06405376,0.39831832,-0.018725872,-0.08455454,0.19165434,3801
0.0395502,-0.101876274,-0.007026583,-0.19795103,0.2654602,-0.17863613,0.14229773,0.16483724,0.0287764,-0.34669793,-0.033359833,-0.22456948,0.44730338,-0.45899794,-0.028170913,0.30292845,4769
0.107283846,0.083017714,0.012508675,-0.52099884,-0.0039441437,0.030587696,0.011371154,0.2351533,-0.5607351,-0.25277334,-0.18443853,-0.19687158,0.090115815,-0.1328209,-0.14771533,-0.056847796,9218
0.10190796,-0.10842656,0.27028343,-0.26178306,-0.0379289,-0.07363366,0.1632729,0.6773353,-0.41826147,-0.39771158,-0.061854817,0.048792668,0.5341513,-0.10709507,-0.21606028,0.35686824,3472
-0.19012234,0.22329555,-0.2380407,-0.010609567,0.2586988,0.13615066,0.2938744,0.36584178,-0.30675617,-0.24392316,0.33266544,-0.0036862493,0.41742325,-0.4002313,-0.04769279,-0.17456478,7755
-0.2188747,0.62982553,0.122202754,-0.6862892,0.10314798,-0.027616289,0.27259663,-0.010498792,-0.7776153,-0.58469695,-0.42048046,0.041237682,-0.350628,-0.23031735,0.45196995,-0.011049673,5029
-0.057936564,0.11022955,0.28975695,-0.4123438,-0.1603969,-0.1513554,0.22111142,0.4689886,-0.33728373,-0.32141227,-0.123579085,-0.04626801,0.2724105,-0.28786182,-0.14974143,-0.39963382,9299
-0.13254575,-0.47639835,0.16744012,-0.25187844,-0.060268626,0.15405688,0.1494695,0.51383924,-0.11960408,-0.37038824,0.17158768,-0.20542921,0.3818047,0.111984484,-0.4818508,-0.1681909,9918
0.018317536,-0.114546336,0.25645784,-0.5242257,0.13502161,0.07184244,-0.14580494,0.5466794,-0.55771697,-0.089845985,-0.17878963,-0.11386542,0.61933136,-0.031006824,-0.19702348,0.29180652,6615
0.05015745,0.10480368,0.2201812,-0.6468779,-0.0017813593,-0.3066251,0.03788838,0.2839116,-0.37276354,-0.18636127,-0.33842582,0.1881573,0.06446195,-0.03334426,-0.1977005,-0.012502253,9997
-0.27727896,0.15846455,0.24381971,-0.35809743,0.0374521,-0.7127795,0.40199783,0.5385139,-0.32943788,-0.49767607,0.22089732,0.8306812,-0.08901507,-0.35970736,0.052229643,0.08761197,6104
0.12016046,-0.13015595,0.08159111,-0.30698854,0.28749484,-0.3050159,-0.06682685,0.14002803,-0.28837556,-0.057062797,-0.13592793,0.27922136,0.55248076,-0.13008302,-0.11760721,0.40765363,5639
-0.43171299,-0.37024468,-0.24286008,0.2502782,0.32061246,0.35705632,0.25282323,0.8563056,-0.07328102,-0.56548506,0.5013774,-0.29401118,0.97946167,-0.3228274,-0.4023777,-0.118896574,3352
-0.06153126,0.16319436,-0.060798373,-0.34006977,0.0073770694,-0.18371344,-0.06776809,0.113590196,-0.5904927,-0.061846346,0.036791548,0.25438783,0.23025346,-0.15235315,-0.04082091,0.1589425,2908
-0.052639272,-0.30604962,0.03895831,-0.48191482,0.1476914,0.34643167,0.20753692,0.42611134,-0.64723426,0.022452593,-0.015093982,0.41088566,0.35406715,0.28772905,-0.21704248,0.12932682,2528
-0.07234536,0.20587678,0.056338914,-0.48587942,0.07173948,-0.3428329,0.18054162,0.12829481,-0.36014658,-0.38563013,-0.03128559,0.024707347,0.30014887,-0.18282971,-0.006534457,-0.19201897,9125
-0.011616364,-0.2846794,-0.30209613,0.257105,0.2574513,0.20670061,0.28017852,0.70925283,0.21469748,-0.7540865,0.35715255,-0.54098153,0.98154503,-0.6140484,-0.13274191,-0.20087251,1210
0.14226234,0.14994389,0.027021276,-0.5184562,0.04690194,-0.0042064115,-0.015013581,0.39204645,-0.3102981,-0.16883203,-0.11500295,-0.18303898,0.26513922,-0.121857084,-0.10172652,0.14243522,4230
0.06430954,-0.20742199,0.09704743,-0.41964427,0.14719918,-0.13264792,0.006038469,0.34859127,-0.29606682,-0.35522178,-0.20624487,-0.050026923,0.54227424,-0.07383735,-0.057344735,0.26596436,7798
0.042941526,0.17983645,-0.036301464,-0.44094378,0.046021022,0.035063606,0.12558168,0.22043154,-0.384094,-0.14804377,-0.00449929,0.09476021,0.27079886,-0.07445498,-0.1846464,-0.025551096,6338
0.19360623,0.07264623,-0.09797013,-0.20710872,-0.3380883,-0.048437007,0.24366376,0.36100236,-0.29620185,-0.26349598,0.27009302,-0.28921092,0.20259108,-0.19900194,-0.33754015,-0.17124753,6525
0.189698,0.3301691,0.5378064,-0.3639027,-0.21856385,-0.26751536,0.3081131,0.38803977,-0.48912305,-0.795071,-0.37757748,0.1961,0.006103784,-0.28649145,-0.10966602,-0.32311141,6512
-0.09033851,0.052847467,0.01733528,-0.0028057098,0.12006587,-0.07963106,0.36466306,0.51338625,-0.1437332,-0.55741954,0.2973213,0.11333403,0.3610555,-0.11656702,-0.04647498,-0.116113946,7447
0.083152965,-0.05566785,0.004964996,-0.3322308,0.30461115,0.2242809,0.03006465,0.80641186,-0.44397277,-0.26421323,0.061410293,-0.31711522,0.47698689,-0.101873726,-0.21938477,-0.0574414,7231
-0.20372328,-0.27722222,0.8383857,0.0015933663,0.035091907,-0.1653814,0.2935932,0.6403066,0.011755027,-0.6815126,-0.20961004,0.19538233,0.85984766,-0.35989857,0.2018201,-0.15788665,7417
-0.1404857,0.19475883,0.20197783,-0.78320116,0.13809782,-0.1675937,0.19846469,0.06722899,-0.29385614,-0.18282314,-0.6397445,-0.12115983,0.042229503,-0.46296793,0.15586473,0.01370278,4944
0.38375938,0.06643476,0.38171843,-0.49402002,-0.10663122,0.07567594,0.23262554,0.85458124,-0.37840933,-0.38983586,-0.34052444,-0.13132483,-0.08762507,-0.07921323,-0.2401405,-0.19608742,1215
0.12937586,-0.005863622,0.27669132,-0.26956934,0.16588286,-0.070014685,-0.03956786,0.7303559,-0.36154285,-0.115492426,0.06083,-0.27603576,0.2980037,-0.23609376,-0.2497509,-0.11087418,7011
-0.21501917,0.36586684,-0.4849545,-0.44404912,0.3114666,-0.033706855,0.23734696,0.03660845,-0.5817654,-0.08088483,0.18757735,0.496931,0.33607355,0.014726259,0.1084325,-0.09649725,6235
-0.19691423,0.21374679,0.07623332,0.033737272,0.09203432,0.6071953,0.26988757,1.1237053,-0.23391706,-0.9157994,0.06087915,-0.32713062,0.54125065,-0.6804959,0.31724176,0.15867993,4561
-0.024212874,-0.16083547,-0.08538564,0.022485271,0.039203875,0.14105201,0.36514547,0.4295902,0.03871803,-0.68074995,-0.03976012,-0.18443733,0.35273615,-0.4556766,0.115704596,-0.43885243,1008
0.058607854,-0.09896397,0.008029185,-0.23856473,0.106357306,-0.11686261,0.062226392,0.29674,-0.07428082,-0.36128014,0.0076813623,-0.10563554,0.38632655,-0.13891633,-0.20614187,0.11198584,3643
0.42545056,0.4746884,0.014876522,-0.34616646,-0.23163137,0.29203114,0.31977096,0.20646942,-0.2788936,-0.56014264,0.027934462,-0.44849586,-0.088008285,-0.25101268,-0.12943982,-0.45643616,9488
0.000783056,0.013048202,-0.024551168,0.01033318,-0.020206854,0.26347968,0.19531229,0.7903671,-0.38102436,-0.48993355,0.3905747,-0.082894154,0.5871906,-0.31757075,-0.09964223,0.06942403,7888
-0.0937233,0.27006483,-0.0052568037,-0.34239906,-0.10454367,0.12732385,0.053846084,0.39048716,-0.51299775,-0.2558785,0.1458078,-0.07858717,0.6113916,-0.23092039,-0.067797124,-0.04444986,4258
0.22628525,0.6468004,0.3208379,-0.76926064,-0.404344,-0.025264371,0.019139431,0.19347014,-0.6127276,-0.34804785,-0.18865693,-0.17173208,-0.021181405,-0.2476589,-0.12008628,-0.46665025,4739
-0.0761389,-0.06374519,0.030796017,-0.11480959,0.08865887,0.07436033,0.5157167,0.57611275,-0.21168149,-0.61442685,0.30572549,-0.15929593,0.62848854,-0.22596136,-0.2894069,-0.18246569,6674
0.019734949,0.14986894,-0.0034745466,-0.3215156,0.36916173,-0.054118913,0.2742242,0.108896546,-0.29917085,-0.17771253,-0.20316291,0.27792358,0.24886939,-0.08885501,0.13621405,-0.33613205,6830
-0.321187,0.0363768,-0.15881889,0.17010209,0.4261906,0.711717,0.14672746,1.6078125,-0.20877978,-0.79218644,-0.027860314,-0.033405006,0.37611586,-0.22992446,-0.2213736,-0.022516847,1971
-0.15542041,0.0159221,-0.030332007,-0.31783777,0.31637445,-0.36287338,0.015213601,0.40782008,-0.12434378,-0.40118068,0.18136394,-0.097735286,0.43884975,-0.24962015,-0.3827701,-0.018243045,9842
0.06297847,-0.035576493,0.11157675,-0.3777611,-0.121552415,-0.18428355,-0.042592347,0.22887857,-0.32621577,-0.45472583,0.050441798,0.060227916,0.3032806,-0.15858738,-0.07969941,-0.30514422,1083
-0.088855885,-0.015682995,0.26374108,-0.462766,-0.2649092,-0.20382786,0.15230486,0.4386084,-0.25007376,-0.35243466,-0.0026934221,0.08368386,0.44936314,-0.037475724,-0.3876499,-0.17288199,1449
0.17014146,-0.08143194,0.2534245,-0.39408025,-0.23766494,-0.022451118,0.072939835,0.4514658,-0.39403403,-0.39837092,-0.07610003,-0.21896712,0.26373628,-0.15674561,-0.10885507,-0.24766918,3335
-0.22345674,0.31252673,-0.10906236,-0.4139096,-0.14903525,-0.23446709,0.12045367,-0.19950321,-0.41069016,-0.28278655,0.04757698,0.16240066,0.22665063,-0.25191984,0.18489438,-0.39932197,7466
0.070143506,-0.10386348,-0.17304665,-0.08089365,0.49021468,0.08166127,0.2778209,0.38939446,-0.3315982,-0.2886877,0.2531973,0.0875446,0.60758173,-0.22025222,-0.42342263,0.15908724,3537
0.14297414,0.2957736,-0.29893285,-0.40827835,0.14088795,-0.16189484,-0.002401583,-0.2663425,-0.24971649,-0.09648127,-0.0525002,0.25992942,0.16732484,-0.3014342,0.14781831,0.0035946667,8708
-0.27168816,-0.08557701,0.04955101,0.17252366,0.40358824,-0.06531546,0.55482966,0.9356128,0.36095256,-0.5648175,0.2769627,0.17992115,0.43955892,-0.31978318,-0.045157164,-0.10493815,4335
-0.14179665,0.2451808,-0.0204595,-0.17093778,0.079580046,0.23885277,0.64052266,0.18293676,-0.19999169,-0.32004464,-0.11426999,-0.043661505,0.3414973,-0.27799308,-0.30291855,-0.24666233,9595
-0.16696574,-0.251614,0.14188015,-0.41030478,0.23527381,-0.0048604906,-0.015277511,0.4465202,0.04473172,-0.2817827,-0.20556499,-0.26645508,0.47771344,-0.46549177,0.063717335,-0.06741433,1049
-0.07722374,0.12256548,0.09836767,-0.45402098,0.07345987,-0.19151129,0.12061696,0.1226545,-0.32487756,-0.172344,-0.13077974,0.078722164,0.26098993,-0.11793761,-0.2292608,-0.048642978,1937
0.27484688,-0.028723627,-0.11156717,-0.2445453,-0.10048132,-0.18877077,0.36336845,0.2927037,-0.31877697,-0.44347197,0.14908472,-0.17669457,-0.020394288,-0.36240783,-0.10725227,0.06719127,6710
0.12489976,0.032658543,-0.3200179,0.04325366,0.18546325,0.31560016,0.4697124,0.64911675,-0.10038671,-0.607299,0.3209369,-0.4016816,0.36859876,-0.502236,-0.0752801,-0.2868148,1029
0.120565,-0.053891644,0.115048476,-0.22958526,-0.0850819,-0.117264725,0.21948923,0.09123641,-0.3279793,-0.34645474,0.100337684,-0.14037065,0.60369503,-0.285729,-0.23602203,-0.03006041,5894
0.08105485,0.02768413,-0.13612512,-0.20487854,-0.082279935,-0.07933371,0.16927123,0.41433853,0.04898691,-0.37147832,0.1284209,-0.2621696,0.29175135,-0.3279566,-0.15689889,-0.20078878,1298
-0.05487773,0.4321292,0.38436812,-0.468163,-0.02987139,0.08308987,0.43208966,0.4807948,-0.113394715,-0.23968597,-0.34470153,0.16218531,-0.05213888,-0.06063321,-0.10240953,-0.2967854,8759
-0.16610476,0.011177421,0.22683473,-0.040632315,-0.27019978,-0.2510442,0.3006939,0.239044,-0.08984041,-0.43457562,0.11297555,-0.011058442,-0.062452853,-0.29946047,-0.08714494,-0.24004929,4969
0.025228292,-0.17747243,0.33010042,-0.16747881,0.036441933,0.017412253,0.17748123,0.22039631,0.27370396,-0.8942447,-0.026223687,-0.51243806,0.5625855,-0.55722344,0.08509132,-0.07036978,5182
-0.36981225,0.08179868,0.14148425,-0.39383525,-0.027149316,0.16255528,0.077366054,0.55324847,-0.6703483,-0.056324117,-0.057470806,0.05661553,0.34274298,-0.08298187,-0.13824083,-0.10172195,3200
-0.031083552,-0.037659172,-0.03064974,-0.30838224,0.08468211,0.20313025,0.16013175,0.34108523,-0.45466793,-0.19340754,0.064063154,-0.3010681,0.38393036,-0.21570739,-0.2709555,-0.21879694,5251
-0.089368865,0.21265383,-0.0036917145,-0.4142192,-0.0668364,0.09388826,0.12832291,0.33091444,-0.5292728,-0.20583786,0.15322547,0.10071598,0.016792268,0.040110208,0.15192214,-0.057367146,9625
0.1599913,0.24236348,0.3872411,0.08839968,0.46836358,-0.3041343,0.49396235,0.19859704,-0.20723343,-0.85526514,-0.104323104,0.19906542,0.47755283,-0.14741743,0.06630528,-0.16074607,9394
-0.049193338,0.18394847,0.061957017,-0.5505891,-0.0860668,-0.15997532,0.12093869,0.07128413,-0.4364049,-0.2537112,-0.048586063,0.13051464,0.07194096,0.061640702,-0.012724131,-0.02305244,7528
0.0012862384,0.15804097,-0.1605504,-0.30389476,0.10534155,-0.16287978,0.16220161,0.21474743,-0.022906095,-0.4224292,-0.013902599,-0.3343103,0.22331181,-0.44868648,-0.12839627,-0.08127169,2562
0.36348355,0.23118168,-0.023579314,0.0008893162,-0.0320812,0.1660384,0.30336228,0.6211206,-0.3725808,-0.49955046,0.012845826,-0.43949407,-0.21161225,-0.6961844,-0.14177077,0.20477998,2210
0.34249014,0.20607914,0.05907491,-0.25455865,-0.19747286,0.058832355,0.4049158,0.6306976,-0.37046087,-0.25606346,0.01761559,-0.41924417,0.15053216,-0.42447877,-0.26166877,0.0091483295,6808
0.0369984,-0.27354681,-0.13739899,0.29745254,-0.22640672,0.25254825,0.32601961,0.9424498,0.31988764,-1.2587358,0.38577026,-0.6555912,0.3240228,-0.7195826,-0.09457287,-0.32166898,6434
-0.015673324,-0.25442678,0.34518734,-0.29405817,-0.124674544,0.030428454,0.30837613,0.5759348,-0.7190126,-0.52669084,0.04003025,0.42834255,0.09180421,0.08983225,-0.09749243,0.31678447,2602
-0.022440046,0.52118117,0.19862062,-0.50954986,-0.23151931,-0.22931083,0.2043034,0.054293558,-0.39426535,-0.23718406,-0.35999146,0.0049710795,-0.22872284,-0.23203227,-0.116860926,-0.4921078,6890
-0.057729214,0.2709134,0.10112494,-0.78913367,-0.0748772,0.15708742,0.15055652,0.49241653,-0.82715064,-0.20111957,-0.24587426,0.094683334,0.038720787,0.17727421,-0.23461734,-0.36333585,7856
-0.02804014,0.14180587,0.021805808,-0.8383681,-0.0874573,0.08160198,0.33806664,0.04885888,-0.76704204,-0.23336418,-0.38534474,0.05557996,-0.2873554,0.13570608,0.08565727,-0.1239595,9722
0.03753171,-0.2881834,0.039222166,0.26213604,0.8657851,0.5656078,0.7616069,1.0689218,-0.44874966,-0.7184728,0.18887606,0.39276037,0.10631441,-0.41059253,0.40954995,-0.11111745,6230
-0.06985088,-0.06320683,-0.30489463,0.12510872,0.2380642,0.18691137,0.3425895,0.42291456,0.074921206,-0.4724178,0.37648597,-0.37438035,0.7913691,-0.60779977,-0.2883184,-0.044567376,3258
-0.004529953,0.2485558,-0.10773943,0.14680144,0.12660843,0.19180375,0.52636033,0.6987816,-0.21036796,-0.6711627,0.34601516,-0.11451622,0.121713355,-0.4772227,-0.1762218,-0.0147429705,7100
0.29324245,0.4803374,-0.00094379485,-0.5556456,-0.0059490353,0.003343545,0.10053963,0.2857973,-0.53002775,-0.28579307,-0.044974424,-0.12067975,0.10305749,-0.085565016,-0.08881891,-0.34187976,8550
0.25209397,0.46923125,-0.1621374,-0.19745031,0.24051562,0.16840984,0.017104939,0.4876255,-0.7443018,-0.4449408,0.379129,-0.3547579,-0.14624822,-0.12066141,-0.25077614,-0.15751849,3688
-0.5172648,0.030919358,0.19772437,0.045239836,-0.1459412,-0.79557776,0.18742496,0.35087287,0.012841225,-0.6712947,0.47932994,0.51532227,0.40348226,-0.54632276,-0.29615706,-0.07272521,7069
0.0140922405,0.14941224,-0.025313087,-0.18729356,-0.087429956,-0.09952411,0.12416691,0.23865189,0.037596628,-0.05802258,0.1780195,-0.04383374,0.4014591,-0.2016314,-0.2502802,0.07633211,2087
-0.29784334,-0.29115242,0.14456819,-0.08911589,0.314235,0.32303977,0.21837173,0.7705207,-0.28006023,-0.47508848,0.10126828,-0.3249481,0.920895,-0.3638726,-0.6310006,0.13651833,5326
0.012834579,0.24462229,-0.103070274,-0.4451022,0.23506829,0.20421967,0.0076766387,-0.078217186,-0.15446994,-0.105373956,-0.03155215,-0.3443704,0.48684257,-0.3899183,0.043979406,0.0004362017,6725
0.1014798,-0.10925749,0.28449482,-0.45817405,-0.1548372,-0.2008703,0.15632103,0.18819827,-0.4004825,-0.21703261,-0.5287577,0.10920784,0.069090486,0.015063725,-0.40620586,-0.051080734,3942
0.11667091,0.1987628,0.0020573214,-0.46988696,0.11953075,-0.090315714,0.07324322,0.06042879,-0.41185814,-0.12993708,-0.10166986,0.013592958,0.29328492,-0.14033923,-0.23474516,0.016172424,7298
0.23675056,0.15062428,0.044300236,-0.34790674,0.17754486,0.06116323,0.21861741,0.12967119,-0.16666555,-0.31228954,-0.20142376,-0.19852693,0.40074605,-0.32539865,-0.1539081,-0.02824241,4964
-0.26217878,-0.15307006,-0.11889339,0.01566565,0.23366879,0.07753557,0.06616249,0.7803135,-0.07049005,-0.3283844,0.32972047,-0.2260661,0.6936306,-0.3532265,-0.4156149,0.025239766,1262
-0.13667515,0.5060098,-0.3047656,-0.5194072,0.1076297,0.16891886,0.40634966,0.14630981,-0.6867711,0.046848893,-0.057024047,0.3854747,0.0037801266,-0.21736205,-0.058035,-0.53454447,8885
0.099398084,0.33317503,-0.10829384,-0.5041338,0.0738305,-0.17040169,0.09006031,0.24113631,-0.3445033,-0.12519379,-0.06720237,0.25667286,0.033483297,-0.015909374,0.09381749,-0.26393896,1384
-0.697211,0.173258,-0.31080365,-0.22619554,-0.4819609,-0.45044053,0.121172726,0.36301666,-0.09831238,-0.3166801,0.28802282,-0.33148405,0.5886669,-0.6123531,-0.09694749,-0.25880086,9982
0.09923384,-0.3602012,-0.087744944,-0.13499491,0.015097059,-0.11159675,-0.030216927,0.64069664,-0.043804035,-0.28871334,-0.025719874,-0.4004866,0.61651003,-0.40304744,-0.093438014,0.12997949,6080
-0.4692616,0.008630499,0.18518938,-0.0011512339,0.17226712,0.5652061,0.22646299,1.2343845,-0.9298208,-0.3287469,-0.030065674,-0.11137266,0.61116564,-0.50103515,-0.2999584,0.022226274,8084
-0.062896565,0.6483091,-0.20562863,-0.79513466,0.0026308,-0.08147839,-0.135429,0.05240423,-0.64523375,0.0732565,-0.11312069,-0.18937008,-0.109181285,-0.070297256,0.17712541,-0.32741618,7031
-0.08249954,-0.09723656,-0.29188,0.7395288,1.212565,0.58690524,1.0998633,1.0000657,-0.55981576,-0.8154691,0.42223927,0.32021958,0.23322456,-0.37866583,0.5539152,-0.24488837,3501
0.11655334,0.14402662,0.0064237495,-0.16761485,0.2464211,0.21690904,0.15216915,0.7591095,-0.21883461,-0.29612046,0.09400492,-0.20326671,-0.017604157,-0.44798467,0.14880197,-0.43338758,8333
0.24875867,-0.14969169,0.18247654,-0.09252458,-0.094837695,0.09743248,0.42259794,0.9004306,-0.2665236,-0.55384153,0.14722511,0.09869641,-0.09372246,-0.14362854,-0.14144027,-0.1655285,2952
-0.1270482,-0.49033108,0.2459906,-0.040460303,0.19943412,0.33825275,0.3303442,0.8933612,-0.33541897,-0.5919018,0.26246488,0.37440288,0.5817069,0.2097332,-0.33316457,-0.0137782395,5712
-0.2748429,0.026665013,0.40179658,-0.5846586,-0.094424985,-0.11385861,0.016910259,0.60307926,-0.7824747,-0.23797368,-0.3735903,0.30897516,0.38758534,0.062139723,-0.26483384,0.13896254,4950
-0.29550225,-0.12111111,-0.24421711,-0.0363563,0.324115,0.32062387,0.3736832,0.5116922,-0.27798665,-0.46468297,0.40220603,-0.1692787,0.77314246,-0.3146423,-0.56266165,-0.20713711,2426
-0.0093688,0.047998793,0.17105006,-0.274099,-0.12698051,0.020128418,0.13676912,0.6411761,-0.2714534,-0.45890743,-0.06766538,-0.37922043,0.40430215,-0.39922118,-0.41037568,-0.0063094944,7158
0.124772124,0.026365459,0.2703138,-0.5339721,-0.050265245,0.060433846,0.0970362,0.33553874,-0.43063307,-0.42119324,-0.1562089,0.08228661,0.21398744,-0.13304803,0.07950091,-0.1755751,9775
0.24575771,-0.097079605,0.40166917,-0.30663192,-0.13377245,-0.05319794,0.0023940343,0.63905,-0.4070403,-0.6587231,-0.0997065,-0.08163343,0.10463673,-0.28235644,-0.13814078,0.027687356,9923
-0.20315666,0.46956277,-0.100267276,-0.4172209,0.15374601,-0.24648702,0.15944096,-0.14900333,-0.3957805,-0.13225994,-0.39642757,0.3075704,-0.16884452,-0.4493122,0.35419655,-0.4299391,1935
0.06672828,0.31071353,-0.057412937,-0.28426716,-0.036944114,0.06410964,0.13960911,0.46280187,-0.35323545,-0.35356402,0.0045585935,-0.4375583,0.14611173,-0.47424507,-0.17228489,0.00039868802,6357
-0.20221025,0.45183828,-0.08600548,-0.078291,0.01948224,0.24256247,0.2682761,0.5429629,-0.37829742,-0.73938644,0.4180982,-0.4814129,0.2683684,-0.4600827,-0.32285133,-0.27368826,5286
-0.37622666,-0.3756731,0.01678279,0.043893874,0.19922116,0.6046227,0.5386583,1.4518696,-0.42848992,-0.86017716,0.058661655,-0.04545945,0.21302098,-0.5037091,-0.35032046,-0.37943476,1109
-0.08967784,-0.062319636,0.5107432,-0.15450501,0.06763047,-0.09825015,0.21006137,0.4819725,0.10861775,-0.9842285,0.10436781,-0.4354819,0.57968414,-0.5419522,-0.3015658,-0.24674696,2316
-0.11383415,0.58964866,-0.06705917,-0.6853969,-0.14299956,-0.095833704,0.13903005,-0.014555842,-0.35291833,-0.075181544,-0.30710948,-0.25508076,-0.15170014,-0.12267335,0.012998641,-0.29371715,2309
-0.12719475,0.19261318,0.52076596,-0.9842819,-0.091353096,-0.4849792,0.0231062,0.13555464,-0.8144728,-0.18853071,-0.58045924,0.017211437,0.3128164,-0.16478994,-0.20182666,0.083728135,9637
0.023333795,0.13964708,-0.116129614,-0.5843955,0.07817973,-0.020299412,0.057430148,0.16998889,-0.3994164,-0.079901636,-0.22685541,-0.24616612,0.19707946,-0.061886124,-0.15576863,-0.008424744,5430
-0.0488663,0.08978295,0.20482111,-0.24088669,0.21399528,0.26623893,0.031535245,0.8815436,-0.39758137,-0.35532808,-0.08495913,-0.119675115,0.34828627,-0.34799358,-0.069069594,0.07160458,1805
0.08096803,0.3312366,-0.058507346,-0.45159027,0.039930206,-0.092767015,0.1362266,-0.2577068,-0.36182088,-0.19443081,-0.36313963,-0.10428293,0.21658039,-0.2415652,0.055386603,-0.2657953,4899
0.18705744,-0.11563641,0.11323257,-0.28035116,0.3976115,-0.059715435,0.42459375,0.08152665,-0.44271636,-0.37169948,-0.1560992,0.33992833,0.46050254,-0.08349109,-0.08549635,0.011263773,1789
0.29103732,0.20497298,-0.12496089,-0.8324027,-0.13246769,0.12735996,0.010872878,0.117600515,-0.26394257,-0.35955742,-0.3148545,-0.73464686,0.2574288,-0.3743918,-0.05346278,-0.37829533,9007
-0.0594348,0.11258607,0.14924595,-0.29524785,-0.103876874,-0.04859459,0.4647789,0.3825076,-0.3425801,-0.4252869,0.20985456,-0.01051338,0.37699217,-0.2616599,-0.43488845,-0.23012458,6373
0.006607741,0.1023898,0.3179727,-0.17076689,0.15266463,-0.33720794,0.33078572,0.435906,-0.18678975,-0.535048,0.01559668,0.25530344,0.19917831,-0.12935936,-0.12304008,-0.115980744,4665
-0.08699517,0.22491616,0.0047708694,-0.31335413,0.079763174,0.30200732,0.40090597,0.23217967,-0.27158406,-0.23154202,0.03562453,-0.20868438,0.44875085,-0.22209543,-0.419733,-0.061145276,1286
-0.22758096,0.33390886,-0.15708652,-0.47237232,0.0515114,-0.265099,0.23447885,-0.2790984,-0.35138234,-0.23635618,-0.21284916,0.29785973,0.22889212,-0.093952924,0.035551727,-0.124874055,5878
-0.26476693,-0.20639265,0.13973345,-0.12646902,0.045655064,0.18202922,0.08531332,0.700626,-0.5529809,-0.4108018,0.2299116,0.044392012,0.46355158,0.00093080103,-0.39227408,0.08909197,7637
0.2737704,0.22574708,0.5683119,-0.53721213,-0.23984635,0.076203525,0.16466287,0.41923612,-0.27458367,-0.49354443,-0.27604014,-0.27064365,0.07416004,-0.36144552,-0.080310255,-0.1798666,6196
0.06168951,0.18153968,0.042026203,-0.35705236,-0.15728357,-0.13878046,0.20871806,0.13822967,-0.40185726,-0.39005178,-0.21966526,-0.093931526,0.16458105,-0.25717214,-0.06911112,0.06268686,2717
-0.053077333,0.05273219,-0.070278436,-0.028541654,0.25325772,0.036313668,0.277849,0.32273582,-0.23052412,-0.30404103,0.095891,-0.08777786,0.32075104,-0.30201936,-0.07088518,-0.049931765,3502
-0.09737247,-0.14005955,-0.120748,0.12830961,0.22578159,0.008243561,0.43282285,0.7032689,-0.030765936,-0.6075531,0.36343274,-0.11893741,0.6934737,-0.34662625,-0.3537772,-0.24171805,2363
-0.039060898,0.1671312,0.3232807,-0.49893415,-0.11499865,0.122071795,0.13234475,0.45507267,-0.36154133,-0.30379462,-0.1978713,0.04295811,0.2571753,-0.039934583,-0.07178697,-0.13993582,4494
-0.12269777,0.22650042,0.5046913,-0.48300087,-0.60422623,-0.11564888,0.24141392,0.65877867,-0.5112346,-0.7314559,0.007967826,0.034143597,0.35966325,-0.30524683,-0.49018216,-0.32543325,4830
0.11716975,-0.01081489,-0.1381264,-0.12603153,0.36508992,0.07700424,0.11356698,0.4314915,-0.5056907,-0.17662318,0.10513462,-0.045247376,0.5704582,-0.17962867,-0.22086267,0.1973682,5755
-0.075212836,0.3266361,0.27153504,-0.29287538,0.14500803,0.091518804,0.24473442,0.37889355,0.017516315,-0.2748537,0.07464303,-0.14882809,0.41462767,-0.47167683,-0.061400175,0.06940207,9003
-0.048481286,-0.014785819,-0.025634333,-0.052327752,0.50778604,0.25860617,0.6021689,0.43149364,-0.35690618,-0.46913183,0.13530946,-0.0014402121,0.6639878,-0.100715265,-0.27613324,0.007234946,2001
0.04235567,0.19011042,0.11235157,-0.5002482,0.07248963,0.0033586249,0.015935,0.42947152,-0.32315373,-0.13028492,-0.03389436,0.025563046,0.27497166,0.012327906,-0.21418664,-0.0692548,8673
0.02467002,-0.44515085,0.0722337,0.007260829,0.46167463,0.038495596,0.18183,0.5539963,0.12720896,-0.8366151,-0.007630028,-0.10339189,0.6319542,-0.3776997,0.32340822,-0.030501619,1733
0.13331921,-0.074459836,0.24060233,0.017114967,-0.11771399,-0.28751227,0.27949452,0.6759584,-0.13117069,-0.724525,0.20479596,-0.008350596,0.27045298,-0.4747451,-0.25958866,-0.19126166,3247
0.19114222,0.076939546,0.0048262775,-0.2592417,0.024763077,-0.09917112,0.20221594,0.6475479,-0.21667218,-0.50628346,0.107588336,-0.5612997,0.44864944,-0.35154805,-0.30558902,-0.06617537,8302
-0.05783233,0.20783842,0.18932402,-0.60651076,-0.091477424,0.095002346,0.13835226,0.37394536,-0.52795327,-0.014927566,-0.25725082,0.026401259,0.115667224,0.02255267,-0.32079536,-0.26304305,2284
0.22380199,0.18800303,-0.08999186,0.004049957,-0.017503425,-0.16007796,0.30669838,0.9281552,0.24409145,-0.7913041,0.22560203,-0.32352823,0.15529981,-0.5020592,-0.13652861,-0.32160246,4073
-0.023305818,0.16476956,-0.19887772,-0.3472816,-0.0314361,0.1094103,0.11581608,0.51748353,-0.08742425,-0.25631174,0.10147616,-0.38003075,0.24038067,-0.28849998,-0.061543524,-0.1775561,9823
0.18270886,-0.27465388,0.054701578,-0.15148586,0.23707774,0.048252672,0.07034009,0.2235286,-0.4080963,-0.5749506,0.09312399,-0.021059752,0.7987386,-0.053688765,0.01178059,0.20863785,9487
-0.14975208,0.46268392,-0.0037735635,-0.53771734,-0.098433375,0.04673489,0.39488402,-0.11797106,-0.34671146,-0.057735667,-0.33012873,0.10379152,0.001098752,-0.13194199,-0.33883974,-0.35470212,8855
0.26345295,0.45029217,-0.27500042,-0.24305347,0.18486385,0.397128,0.32681435,0.62552345,-0.45155346,-0.5345212,0.18498334,-0.49475947,0.18041778,-0.41547823,-0.113345936,-0.2956405,9995
-0.20595197,0.04233049,0.17265303,-0.09367937,-0.033457726,-0.23081017,0.15361348,0.6890571,-0.12711468,-0.6666525,0.12129949,0.08910321,0.17352328,-0.21905854,-0.2073627,-0.2195954,4000
-0.07826549,0.14285733,0.3236226,-0.43379527,-0.17627539,0.06915425,0.21514858,0.44918767,-0.324047,-0.31566596,-0.06897268,-0.15032406,0.3950402,-0.13497938,-0.37948656,-0.07100479,4550
-0.09655549,-0.019002914,0.08780639,-0.054515213,-0.24894282,-0.30008382,0.28964397,0.7024697,-0.018499836,-0.78185916,0.33513966,-0.28807047,0.52032095,-0.55652195,-0.55317444,-0.2791845,6302
0.16228013,-0.19269343,0.22296329,-0.54018867,-0.19834259,0.006719768,-0.21111201,-0.091770545,-0.3773793,-0.44607446,-0.20596497,-0.63498175,0.49138087,-0.4524083,0.1378361,-0.29909933,1548
0.07990549,0.43432087,-0.02424404,-0.63168347,-0.032249723,-0.023656916,-0.01415634,0.0051002353,-0.2761087,-0.10375121,-0.14139174,-0.16698751,0.035813496,-0.17883363,0.014713228,-0.30275583,8146
-0.16424789,0.03361508,0.6820321,-0.15478304,-0.022392534,0.52653486,0.19494171,1.3379065,-0.48757926,-0.90268415,0.051691122,0.011203125,0.46471468,-0.46072602,0.050851017,0.18528771,6963
0.21825291,0.15352726,-0.04661174,-0.1571534,0.022537671,0.07759847,0.21498881,0.6217008,-0.27743015,-0.4594165,0.08988985,-0.3149393,0.21316119,-0.3476145,-0.1176561,-0.22084855,8120
-0.033883154,0.044722356,-0.08711824,-0.017515004,0.027900666,0.5893679,0.49725333,0.96456814,-0.79567516,-0.44014314,0.003539957,-0.31926852,0.08461958,-0.70449626,-0.26710618,-0.024289638,5780
-0.043257885,-0.0029435158,-0.17482054,0.13098684,-0.0028617997,0.050163403,0.31858313,0.5176748,-0.51116693,-0.5145775,0.42204535,-0.08640372,0.72453606,-0.3320502,0.010319769,-0.26170126,9656
-0.066387355,0.44464147,-0.08443093,-0.37702438,-0.17584383,-0.14254472,0.25210968,-0.12328127,-0.5758681,-0.11149871,-0.04478053,0.110232264,-0.026539966,-0.14393179,-0.02897942,-0.26584247,7019
0.18880409,0.12378095,0.0012235418,-0.48622942,0.02054555,0.059563193,0.1580076,0.31703314,-0.32045048,-0.24364771,-0.026810385,-0.25097167,0.298526,-0.10311239,-0.28985035,-0.13772233,4004
0.0034432113,-0.17696497,0.17873065,-0.3660077,0.2826093,0.06729299,0.1811077,0.46330568,-0.34474796,-0.33498588,-0.096586995,-0.00407283,0.7430157,-0.09723948,-0.25662026,0.34661758,7724
0.3685218,0.31624264,0.0713404,-0.50534403,0.050159514,-0.16383961,0.058903374,-0.043904603,-0.56963366,-0.24255213,-0.4089615,-0.005567506,-0.056798026,-0.29213902,0.2537232,-0.3231916,2216
-0.027699143,0.038935374,-0.17420863,-0.15152915,0.16991283,0.33045498,0.34341767,0.5536074,-0.16597426,-0.4636237,0.22665896,-0.3266043,0.44699478,-0.33076882,-0.35120982,-0.20629494,4732
0.01026918,0.38497066,-0.11256533,-0.5491129,0.042081222,0.12742655,0.22205281,-0.19879483,-0.39847493,-0.116492644,-0.42168963,0.022546291,0.28049725,-0.2389209,-0.0220792,-0.4237435,4165
0.35424376,0.073828526,0.11189772,-0.17814133,0.33813515,-0.10958075,0.14016071,0.10854962,-0.38629657,-0.26011273,0.04733023,0.04023128,0.20627165,-0.19418456,0.094178185,0.16335374,5808
-0.048828375,0.08078869,-0.14934458,-0.14024551,-0.02720303,0.12961689,0.18632369,0.66697836,-0.26345515,-0.33006513,0.08196013,-0.5862659,0.35907274,-0.5125446,-0.32232648,-0.22212878,5283
0.2649486,0.2777382,-0.089932,-0.37212753,-0.11232652,-0.058439486,0.15155788,0.37115207,-0.29814494,-0.24343431,0.079765044,-0.26250327,0.1129909,-0.012026946,-0.047001123,-0.33189744,6993
5.9366226e-05,0.30057436,-0.20321462,0.1749591,0.06701998,0.19563113,0.31645662,1.0216589,-0.1333772,-0.70391697,0.2993317,-0.815687,0.3369822,-0.9835583,-0.4559704,-0.2531667,5757
0.037273467,0.0095407665,0.03868103,-0.65640676,0.20304602,-0.048534654,0.08452168,0.115848325,-0.63972336,-0.12707497,-0.16402753,-0.012428717,0.20022,0.026190756,-0.36434385,0.15541103,4085
0.18965949,0.38648656,0.25552806,-0.44108322,-0.040165253,-0.4533247,0.05305571,-0.15478563,-0.3826685,-0.5350804,-0.29812437,-0.107349336,0.21626721,-0.42966717,0.13936824,-0.15705997,3766
0.20859724,0.19344416,-0.016525107,-0.33936617,0.049316138,-0.015256077,0.07169443,0.38092834,-0.16944373,-0.14196438,-0.058419883,-0.23911062,0.1480893,-0.21675053,-0.054399326,-0.015555799,7841
0.01141502,0.26493663,0.11448484,-0.29891938,0.10283038,-0.29294345,0.18596295,0.17673826,-0.21196964,-0.30079296,0.024084106,0.327374,0.189639,-0.033036843,0.036704227,0.04914999,1938
0.026193514,0.015451297,0.48855335,-0.33796814,0.010790482,0.20218161,0.26525944,0.74546546,-0.27961817,-0.74308324,0.21615484,0.073840655,0.5919535,-0.1336092,-0.107278794,0.06924957,5617
0.06854816,0.091398895,0.0651063,-0.29034403,0.23892428,-0.056090068,0.16728719,0.267213,-0.24049391,-0.42867395,0.06177251,0.17134926,0.4003591,-0.094276465,-0.014173031,0.08849288,2997
-0.30790585,-0.019331075,0.8915285,-0.40510404,0.038778573,0.33335584,0.12130263,1.3973305,-1.0089703,-0.75677514,-0.33163178,0.3342771,0.54133993,-0.055296406,-0.50474465,0.35372162,1821
0.24040315,0.26679593,0.079240344,-0.35590422,-0.03817807,0.047706872,0.1844267,0.35399312,-0.30309108,-0.40595266,-0.0058862604,-0.31692246,0.15247461,-0.24075076,-0.3065146,-0.17368254,9960
0.2680687,0.09853551,-0.097420394,-0.2563796,0.2820726,-0.021102827,0.31823087,0.63790596,-0.13025132,-0.35236895,0.11766639,-0.5353327,0.3918208,-0.43488514,-0.25286594,0.10598314,6257
-0.22712277,0.06548662,0.26207408,-0.11317295,0.38562846,0.54387534,0.46617046,0.85280764,-0.1427294,-0.8951711,0.3027792,-0.05095882,0.7791091,-0.3087297,0.25946176,-0.087181,1239
-0.03948365,0.10558347,-0.4882474,-0.30688024,0.18047266,0.69555306,0.18303584,0.559448,-0.88449156,0.14177313,-0.03593027,-0.7082748,0.21669334,-0.57737184,-0.060905755,-0.3715046,6994
0.020480439,-0.22138861,0.10000199,-0.54537636,0.12095203,-0.29959163,0.17594546,0.26941803,-0.37799877,-0.49928463,-0.011312981,0.25754613,0.2813585,0.002731759,-0.2648536,-0.05867821,3621
-0.485417,-0.45642304,0.29944545,-0.64145553,-0.17672753,0.11308494,0.2545808,0.19203773,-1.1189421,-0.48717958,-0.1467245,0.03861624,0.5070628,0.3457802,-0.05280325,0.23916717,7091
0.06802548,0.020240441,0.28679883,-0.03537661,0.08840545,0.21780421,0.18796115,0.95340955,-0.15868501,-0.6869261,0.1249701,-0.27808776,0.6529403,-0.4567471,0.057717502,-0.1018077,5903
-0.088134825,-0.093875945,0.09985802,-0.27131262,0.07694179,-0.19726671,0.013345499,0.12661842,-0.16399765,-0.15966442,0.2000297,0.03223157,0.46108556,-0.08214757,-0.27892572,0.12463656,3720
-0.086516194,0.23658985,0.15210062,-0.43312895,-0.32222807,0.042990983,0.33003533,0.2392826,-0.39815852,-0.27065286,-0.06474298,0.22803047,-0.1309633,-0.046789408,0.059031397,-0.21658427,7804
0.20041221,0.21959902,-0.19882333,-0.116889566,0.28142852,0.1425481,0.09360136,0.02751361,-0.5203563,-0.31434906,0.03955909,-0.063939825,0.3294186,-0.07830047,0.24632975,0.004986927,4660
0.14880504,-0.08322086,0.15847938,-0.40694827,-0.0067539215,0.1671457,0.23759745,0.7221509,-0.5963385,-0.49198028,-0.23463614,-0.079866156,0.30604726,-0.14375827,-0.29053694,0.20210879,6442
0.25847068,-0.12954147,0.2531649,0.046217054,-0.36015803,-0.0059682056,0.25127733,1.0534848,-0.15284137,-0.88634026,0.14352167,-0.28409386,0.10473755,-0.74959356,-0.34138128,-0.20970914,9081
0.17749146,0.12936258,-0.23372656,-0.17036945,0.42362934,0.13660492,0.18032642,0.29860136,-0.33980882,-0.09748983,0.14278162,0.086158015,0.31979427,-0.18038535,-0.06529882,0.0094794035,4321
0.07384024,-0.068913534,-0.07100889,-0.20072004,0.03684885,-0.07196119,0.15465252,0.4018454,-0.17076042,-0.49422538,0.07900952,-0.122123,0.3941436,-0.26783627,-0.15073408,0.047105625,9949
0.018118873,-0.34364352,-0.22427307,0.20682786,0.3047893,0.2571944,0.28646913,0.8315333,0.47855267,-0.8170439,0.06799898,-0.62438124,0.435545,-1.0261837,0.2971741,-0.5105305,5528
-0.095198125,0.504497,0.22098073,-0.6720525,-0.049474385,-0.10513163,-0.0911161,0.4444661,-0.68327343,-0.10441195,-0.33223397,-0.12006855,-0.02705115,-0.12520798,0.02026251,-0.15063545,7230
0.10055968,0.2651396,0.017768836,-0.45399874,0.015862085,-0.37805963,0.10708797,-0.19726981,-0.40942818,-0.25611246,-0.04917141,0.061641216,0.01933515,-0.15221491,0.0033367872,0.012349427,9593
-0.043917865,0.82599604,0.11803179,-0.17804754,-0.24280356,-0.18149859,0.04527101,0.574854,-0.8951374,-0.18210416,-0.16046181,-0.6142309,-0.17279005,-0.8474258,-0.25820532,-0.0044115335,1560
-0.049271256,-0.3271246,-0.27514488,-0.04510194,0.48592943,0.0017710384,0.22548676,0.23491935,0.30131304,-0.4784866,0.19924136,-0.13134722,0.6740192,-0.21049301,-0.3331654,0.09054923,5531
0.09774269,-0.24050713,0.16184857,-0.2234983,0.2169567,-0.05972188,0.2533002,0.4075172,-0.35576257,-0.4739524,0.03225513,0.009648204,0.8261745,-0.08900994,-0.27574143,0.3198855,4570
-0.1337606,0.27941838,-0.12819597,-0.55831593,0.08852201,-0.23434101,-0.033721425,0.06757069,-0.34300008,-0.0942454,-0.19217387,0.20932992,-0.27797922,-0.3011328,0.20616777,0.14916125,3064
-0.0068110228,-0.18968134,0.11152469,-0.54450107,0.14005788,-0.199658,0.03719559,0.45370606,-0.35498276,-0.2267186,-0.12514162,0.32107583,0.36139846,0.1854807,-0.31064683,-0.015597612,9824
0.012378886,0.5522865,-0.18944971,-0.54532933,0.13871458,-0.09484992,-0.09699988,0.013838485,-0.5118308,0.08990226,-0.13820878,0.05611246,0.11610298,-0.26597825,0.13085648,0.06324743,9186
-0.019870445,0.30351174,0.19301958,-0.40712044,0.18034288,0.031773448,0.27651507,0.26192212,-0.29543465,-0.2830669,-0.061101936,0.45145583,0.080799505,-0.115615375,0.04989505,-0.026950076,1982
-0.052866444,0.16318852,-0.17198619,-0.2656138,0.13562043,0.1166344,-0.022815792,0.11370976,-0.49444163,0.054328315,0.16256595,-0.16839178,0.5997047,-0.2289805,-0.1696645,-0.05384118,2148
0.23460384,0.12963897,0.2818737,-0.29303253,-0.17456247,0.01265768,0.19709301,0.5381177,-0.32689202,-0.37872598,-0.053124033,-0.13857554,0.17022015,-0.319227,-0.30490705,-0.054437757,9334
-0.005966708,0.16613004,0.33268544,-0.71155965,0.060446195,0.3774489,0.091030635,0.76437736,-0.58660126,-0.2751792,-0.30930072,0.03756108,0.26698366,-0.017300785,-0.06414151,-0.043057114,6291
-0.08739694,-0.056595832,0.07427103,-0.15449396,0.15869445,0.32855216,0.09306528,0.7471713,-0.43760997,-0.31272578,0.10507417,-0.18803015,0.6853789,-0.28724808,-0.16416399,0.1332238,4371
0.28063536,0.081539825,0.04143902,-0.15772857,0.033926547,0.058251858,0.31327626,0.71135616,-0.26543564,-0.7178424,-0.04917007,-0.32125455,0.39975014,-0.2349098,-0.029259026,0.026935399,5353
0.2716465,-0.15816696,-0.16243395,-0.2275678,0.657213,-0.06571771,0.13766009,0.04567702,-0.47865972,0.06588702,-0.16071829,0.28056356,0.46466368,-0.09115045,-0.07738377,0.40439525,7496
-0.15699942,0.27886492,-0.045303065,-0.4725845,-0.1314411,-0.32713318,0.074542314,-0.084690824,-0.42924532,-0.17589536,-0.05934769,0.18903466,0.17768162,-0.26647294,-0.014178857,-0.014258355,1979
-0.030988619,0.30623838,0.3026516,-0.21109393,-0.04676585,0.14551485,0.16803208,0.7614965,-0.35015884,-0.63003933,0.3472427,0.056637615,0.7778473,-0.1758998,0.20898592,0.121722914,9892
0.2273377,-0.0067509264,0.47776267,-0.43696526,-0.203027,-0.39986572,0.07341167,0.29092917,-0.26861355,-0.69971836,-0.0374678,-0.13856962,0.076462716,-0.24000877,-0.038774416,-0.26769823,8636
-0.24804914,-0.41641352,0.29652712,0.05542952,0.13042624,0.20376638,0.19907069,1.0039121,-0.2283634,-0.6868623,0.24481872,0.14556766,0.5300633,-0.13061881,-0.11178841,-0.017420202,5875
0.20454504,-0.17113912,0.12731713,-0.41638678,0.22235054,-0.33098146,0.0007081954,0.32074815,-0.37709826,-0.40133673,-0.2739876,-0.027764201,0.37597,-0.11673431,-0.22820602,0.34403044,4322
-0.05522585,0.112308875,0.026479611,-0.4792171,0.04160933,-0.048425555,0.13632518,0.13877502,-0.33445293,-0.18056224,-0.098410174,0.043776378,0.43864787,-0.070685945,-0.33967307,-0.018298447,3944
-0.05473853,0.118037045,-0.06244435,0.09529844,0.052911386,0.30888993,0.35865754,0.8998724,-0.5075949,-0.6431607,0.19416702,-0.28160158,0.27379024,-0.75264114,-0.30613017,-0.044791326,9319
0.1367931,-0.048967913,0.24104297,-0.5501291,0.14172448,-0.14062501,0.17985979,0.38675863,-0.5467152,-0.29937994,-0.30321753,0.19435933,0.36415002,-0.110378295,-0.2856558,0.3128357,7911
0.023968518,0.20021224,0.14163089,-0.42990696,-0.008710176,-0.10878122,0.1661946,0.20264877,-0.45993525,-0.2580512,-0.20426372,0.031528726,0.04005675,-0.14342783,-0.26095486,-0.02580601,5131
0.020553093,-0.32424453,0.052656367,0.040228218,0.49539396,-0.22711264,0.38857377,0.24630585,-0.27461845,-0.44160268,-0.03342074,0.23703091,0.7587273,-0.16430216,0.102229774,-0.10335599,1699
0.40636405,0.1721351,-0.0023497455,-0.38020474,-0.20860912,0.12119922,0.08727583,0.018220454,-0.3798729,-0.4210322,-0.014922805,-0.7282482,0.21250695,-0.5391461,0.043224066,-0.39305007,6660
-0.088123605,0.028441267,-0.022835393,-0.29206502,0.18272817,-0.02577284,0.29727843,0.42684203,0.086799756,-0.41153032,-0.047465302,-0.62126553,0.57206833,-0.40179595,-0.374093,0.09010953,5366
-0.09826535,0.47889373,0.027533814,-0.03589718,0.22740927,0.037789617,0.8994787,0.45141175,-0.23645462,-0.42360157,0.70793766,0.440013,0.13792579,-0.51485807,-0.24055678,-0.13984463,6703
-0.15581281,0.27203602,0.26314762,-0.4370595,-0.07804763,0.41427168,0.536189,0.5386056,-0.7724544,-0.41807908,-0.08858842,0.30056375,0.027412862,-0.11626191,-0.2049327,-0.12386635,7108
-0.108834416,0.16052827,0.10672756,-0.59233785,0.10586768,0.15708488,0.26414597,0.13916554,-0.5084254,-0.05443649,-0.39672747,-0.18125732,0.36609033,-0.1136823,-0.6371081,-0.14702106,6024
0.19036344,-0.13689831,0.32412013,0.027819216,-0.060258344,-0.028805148,0.48413283,0.38539436,0.1053915,-1.0641922,0.015994906,-0.70473367,0.509278,-0.5808347,-0.14226767,-0.26653263,5991
0.25349486,0.16240412,0.26444954,-0.5575992,-0.11341143,-0.005336255,-0.025884131,0.46523625,-0.5819548,-0.30373636,-0.2029574,-0.14197916,0.22972067,0.014416587,-0.27803385,-0.15817805,7601
0.27603412,0.2058308,0.24126373,-0.60205483,-0.3128197,-0.09206541,-0.1029499,0.02510256,-0.35918555,-0.55116826,0.11949508,-0.636255,0.45278358,-0.47407836,-0.43054676,0.12750922,8144
0.011274546,-0.23292854,0.4856624,-0.11871664,-0.25289425,-0.18534037,0.16605633,0.78710103,-0.24866514,-0.82579297,0.006166376,0.16285571,0.34516692,-0.3338939,-0.4891891,-0.2502713,5105
0.018781655,-0.11998924,0.27008697,-0.38819137,0.0091890395,0.013387637,0.2214223,0.37766457,-0.49356633,-0.4397977,-0.060621485,0.07926189,0.12658307,-0.032773346,-0.3018191,-0.08348347,9338
0.06363474,-0.28553635,0.12070801,-0.39348733,0.17800133,-0.12670916,0.15990931,0.4721468,-0.30389822,-0.3735113,-0.16772462,0.25888756,0.5409175,0.045329425,-0.50101024,0.10846111,5914
-0.23600274,-0.2566993,0.2468804,-0.09695811,-0.039807264,-0.10880114,0.027025456,0.5541383,-0.0464508,-0.12867111,0.32984215,0.11023463,0.60255367,-0.15523311,-0.30093503,0.046543747,3473
0.06251394,0.42908648,0.05516137,-0.62028587,-0.3210282,-0.010257944,0.08758028,-0.14306435,-0.34424227,-0.17700529,-0.29368165,-0.23985411,0.17575823,-0.27432445,-0.23334347,-0.2687262,1950
-0.13302252,0.048063748,0.04753019,-0.46196324,-0.1267283,-0.1860547,0.12305837,0.09247853,-0.28018612,-0.40172428,-0.034828488,-0.10264893,-0.086107865,-0.14107037,-0.02097866,-0.18749028,5785
0.0053526163,0.33905768,-0.2060439,-0.07466796,-0.16220474,0.18226041,0.25231934,0.26067936,0.040328845,-0.27795026,0.08398835,-0.69352156,0.22173248,-0.55810225,-0.1274193,-0.11127941,2003
0.37913555,-0.42452857,0.5067004,-0.6490903,-0.57183397,-0.25763902,-0.06909627,0.48628294,-0.29012552,-1.120081,-0.16497304,-0.48908573,0.12801866,-0.46777213,-0.12574437,-0.49383405,9015
-0.29958218,-0.37138727,0.0713194,-0.057128564,0.10574928,0.35251257,0.6154785,0.79844487,-0.49991292,-0.46807534,0.2155585,0.513192,0.16154063,0.20514704,-0.20425287,-0.20983377,8951
0.21506076,0.14427948,0.40985355,-0.15832123,0.036528435,-0.13388434,0.22245182,0.5803396,-0.21218017,-0.49933678,0.10688859,0.051845312,0.064615756,-0.103273734,-0.30769262,-0.06076041,4429
-0.06275649,0.22642222,-0.08995497,-0.56424725,-0.1316903,0.13892058,0.0720316,-0.009804316,-0.55969304,-0.14985658,0.13992237,-0.063453615,0.056082122,0.033453293,0.07715012,-0.17925172,8862
-0.1569513,-0.33503053,0.38006735,-0.027228177,0.020598412,-0.6176773,0.3590812,0.884686,-0.079617634,-0.67547,0.08848305,0.545732,-0.029396757,-0.4406293,0.03971538,0.23201862,3816
-0.05820197,-0.22327887,0.42091826,-0.33769658,-0.20247898,-0.4229527,0.34479406,0.48237792,-0.4831413,-0.54509664,0.12167604,0.20567265,0.58213425,-0.052841537,-0.7264899,0.0018687248,8933
-0.020798191,0.06288326,0.29492167,-0.3440201,-0.064274564,-0.10951567,0.34869534,0.38600314,-0.27216297,-0.41665182,-0.12322437,0.08975685,0.27815446,-0.13736655,-0.15692832,-0.23151658,5021
-0.11880715,0.0067060217,0.33796605,-0.3071028,-0.0416817,0.13956645,-0.44852066,1.2190144,-0.27249444,-0.0615059,-0.37805855,-0.46619344,0.8982691,-0.1542637,-0.49210903,0.5299371,9978
-0.08231832,0.012342356,-0.02534004,-0.45554882,0.19353288,0.20690376,0.08028416,0.3673642,-0.13247353,-0.31781095,-0.13868916,-0.3577582,0.3774126,-0.3932195,0.088299096,-0.1073717,9927
0.18221785,0.3308751,0.112104565,-0.32332262,0.29588413,-0.24649394,0.108591065,0.3162798,-0.41149032,-0.22339451,-0.04477653,-0.006334752,0.19557756,-0.05432113,-0.18145932,0.028242677,3820
-0.615495,-0.2210843,-0.23133062,-0.3580743,-0.0017534494,0.5779912,0.15753597,0.6857928,-0.09706277,-0.7022933,0.30778223,-0.44084787,0.50141466,0.00076823344,-0.007389784,-0.4708931,8412
-0.26426566,0.36301905,0.23696291,-0.26396415,-0.032329544,-0.74251497,0.50921845,0.04829049,-0.29577845,-0.4325354,-0.014495194,0.6658127,-0.19286488,-0.5798358,0.028607786,-0.19042963,2474
0.12483602,0.26312727,0.01277867,-0.101650536,-0.0036664754,0.21986529,0.36426246,0.66480523,-0.3041565,-0.4794745,0.106259465,-0.5073732,0.24149281,-0.5666071,-0.31121993,-0.1772872,1484
0.03724537,-0.2935502,-0.1234722,-0.48441643,0.6315049,-0.11954844,0.08570942,0.2754951,-0.3440023,-0.33730358,-0.1959162,-0.058612734,0.53647196,-0.07153068,-0.19655004,0.08696385,4014
-0.17866522,0.10195286,-0.13475463,0.19363576,0.112979054,0.6999054,0.23820008,1.0876395,-0.5542561,-0.5138578,0.17302112,-0.39372492,0.49387527,-0.6579596,-0.16891348,0.05856344,1267
0.016890079,0.25055304,0.0960916,-0.4788568,0.099140726,0.042709395,-0.003003913,0.38595086,-0.21254963,-0.16431114,-0.13316098,-0.1655842,0.17170212,-0.19145572,-0.06589803,0.042659506,8596
-0.28514457,0.09127271,0.1795112,-0.35028145,-0.027236804,0.025133267,0.28558227,0.62327605,-0.47187787,-0.54472435,0.08914798,0.22839612,0.37067345,-0.029107474,-0.08445233,-0.24210715,4156
-0.06394826,0.13146076,0.1556587,-0.19284578,-0.038213335,0.17440107,-0.015385767,0.7580316,-0.51561445,-0.38362065,-0.12859972,-0.20031328,0.4346891,-0.35202083,-0.11394589,0.2989108,8431
-0.03943938,0.47004065,0.0961526,-0.19831708,-0.08042301,0.034446776,0.3766777,0.32004136,-0.12068596,-0.37241113,-0.09647308,-0.1207999,0.13289306,-0.3130837,-0.17195043,-0.111371025,2604
0.1605509,0.11854329,0.11530325,-0.5199912,-0.2128792,-0.15829322,-0.013776857,0.41497952,-0.31275392,-0.43663535,-0.041118763,-0.21158463,0.10760431,-0.10378729,-0.15400532,-0.27017045,5441
-0.03620991,0.23178783,-0.009462591,-0.30203497,-0.05565139,-0.2844165,0.23538303,0.101173684,-0.17397995,-0.3928294,0.122059606,0.008005105,0.073954806,-0.249419,-0.122605816,-0.18875511,1898
0.018351555,-0.21513423,0.30597204,-0.28876454,-0.34440705,-0.4543095,-0.018301882,0.51462686,-0.19902903,-0.57783514,-0.08369392,0.14053997,0.21059763,-0.24470833,-0.27074018,-0.19004837,9200
0.1934956,0.12531815,0.111236066,-0.25728506,0.17038074,-0.010048583,0.19699724,0.21208346,-0.2953653,-0.5402109,0.06465803,-0.2052601,0.38473457,-0.22701174,-0.14073637,-0.04021482,1877
0.16887783,0.20071426,0.18187639,-0.41890687,-0.058411866,-0.022856835,0.1630095,0.59515464,-0.5725242,-0.38555127,-0.25647885,-0.31629837,-0.10805916,-0.46908885,-0.09963739,0.14860554,6663
0.0027397573,0.0247159,-0.1349506,-0.25229144,0.29397744,0.32333106,0.10656503,0.70643854,-0.49217293,-0.19650656,-0.04170253,-0.43565807,0.3830529,-0.52694404,-0.19788271,-0.02734764,3697
-0.12699547,0.13569719,0.24923378,-0.23866111,-0.23379,-0.4641117,0.08358072,0.18067633,-0.38368142,-0.5879851,0.3267263,0.3919853,0.3517508,-0.16959468,0.0012750328,0.14579515,5648
-0.034121335,0.43751675,-0.22499487,-0.4173892,0.041231375,-0.11342431,0.18138407,-0.033054367,-0.5966602,-0.11251876,-0.328756,0.44314495,0.008277118,-0.013581082,0.15208092,-0.17620476,2387
-0.051692575,-0.103793785,0.2479049,-0.18891421,-0.12016171,-0.12355903,0.090136215,0.24315506,0.09974843,-0.8020742,0.13899317,-0.34639102,0.5195482,-0.3786621,-0.33640563,-0.110162556,4170
0.039966434,0.10710521,0.09284424,-0.38416603,-0.036277317,-0.1832804,0.16857946,0.25139242,-0.33194503,-0.31352544,0.048992284,0.0533088,0.33608985,-0.11199818,-0.28817207,0.07031593,4042
0.028031394,0.0930689,-0.14453232,-0.31018195,-0.030366994,-0.12823775,0.22105527,0.1438764,-0.26639462,-0.36062706,0.10003607,-0.04958295,0.29754317,-0.043978654,-0.101185605,0.08523376,3305
0.04028982,0.017402172,-0.14994878,-0.089574024,-0.023626,-0.08610119,0.24154073,0.44205588,0.04432085,-0.41012412,0.23341522,-0.22632563,0.25291598,-0.30162156,-0.3171509,0.0136208385,7442
0.06657603,0.37981743,-0.14884622,-0.40067255,0.055028558,-0.21338004,0.10585539,-0.14316146,-0.28507513,-0.15287638,-0.28607553,0.073464826,0.030997336,0.0025555491,-0.0015088469,-0.10708968,8228
-0.034537718,0.15737516,0.29268992,-0.39683864,0.020243049,0.15493563,0.11802559,0.58397806,-0.3583874,-0.46359304,0.19561495,0.06941971,0.3533941,-0.0057402775,-0.1664879,0.065729186,1820
-0.11670153,0.15095684,0.21906982,0.055117786,-0.030362442,0.24313122,0.44516712,1.0645826,-0.64571106,-0.6988319,0.09630716,0.1052344,0.15838543,-0.47070616,-0.23113322,-0.11533053,2085
-0.012117133,0.43498158,0.08019422,-0.7441186,0.01609762,0.24207729,-0.035666134,0.5524235,-0.36521018,-0.024160601,-0.2892291,-0.23836485,0.11955882,0.011493325,0.090427995,-0.4295612,9468
-0.10478352,0.14632419,0.16325837,-0.4748285,-0.04290214,-0.059383858,0.24692014,0.10235833,-0.30631417,-0.21594155,-0.20591886,0.09285639,0.26785362,-0.01665638,-0.20462476,-0.088997945,9693
0.1878132,-0.017338268,0.27333903,-0.44488597,-0.3046194,-0.34887657,0.053936988,0.32590526,-0.32244956,-0.5814688,-0.16503735,0.09512455,-0.025865152,-0.18663357,-0.036943525,-0.3195731,6968
0.124107294,-0.11680425,0.35776564,-0.30617166,-0.05088574,-0.12465199,0.10489969,0.33588615,-0.4594189,-0.18953805,-0.26415348,-0.12930766,0.5115418,-0.06589866,-0.5206635,0.11703636,2885
0.0037660673,0.047628045,0.35582832,-0.32866687,0.0016502291,0.2641034,0.03669775,0.67453396,-0.24032262,-0.4987893,0.074000634,-0.236527,0.37914693,-0.37843955,-0.13546176,-0.11367528,5984
-0.24560866,0.14045338,0.27954456,-0.5160408,-0.28118315,-0.30171502,0.28307092,0.30772838,-0.44551468,-0.55207366,0.21861468,0.38697436,0.346875,-0.30244756,0.0587492,-0.34337038,1736
-0.3347028,0.2118238,0.0056438744,-0.1672571,0.04916482,0.15194453,0.59115887,0.57813334,-0.45943034,-0.3389489,0.22084667,0.058589637,0.40177444,-0.18057775,-0.2874137,-0.30692676,3512
0.3440693,0.010555409,0.29489273,-0.40069988,-0.2019877,-0.23580742,0.22544041,0.5393162,-0.31101263,-0.77177125,0.020644754,-0.31961238,0.26794034,-0.29063833,-0.26830494,-0.30502182,2722
-0.109681934,0.047914784,0.13735425,-0.65287924,0.19523422,0.044410817,-0.07319714,0.42299056,-0.46220437,-0.049975283,-0.26960897,0.38196287,0.36372092,0.07338387,0.30900395,0.118481815,2720
-0.060867622,-0.04011727,0.12608051,-0.21862437,0.120730154,0.33787835,0.44857267,0.6484082,-0.39707848,-0.49786568,0.114782274,-0.11435649,0.5163348,-0.2856617,-0.14739467,-0.5083055,5702
-0.252701,0.31342068,-0.090825334,-0.73003006,-0.10502517,0.17108959,0.05840532,0.1392625,-0.7181332,0.041886523,-0.017723769,0.20791706,0.11339116,0.10271915,0.12799966,-0.17979145,6079
0.11778085,0.19420797,0.20718944,-0.5379069,-0.020627767,0.003023833,0.53742146,0.48798445,-0.45769852,-0.28379402,0.16586491,0.2507922,0.014346809,-0.008160189,-0.57187974,-0.05806443,2991
0.35037425,-0.15187827,0.3907474,-0.24225926,-0.17748548,0.03741977,0.195487,0.06108155,-0.30894765,-0.71053886,-0.07424142,-0.10377373,0.26817614,-0.27018213,-0.008997083,0.020342782,4859
0.1073469,-0.60190177,0.5599963,-0.3831819,0.47407696,0.19700672,0.66059947,1.5193686,-0.08878714,-0.9210525,0.14074646,-0.16242447,0.29950124,-0.30887187,-0.81256855,0.06287137,1779
-0.0958267,-0.08498433,0.14754373,-0.44206846,0.14634778,0.13218762,0.10475604,0.25486153,-0.08974281,-0.35208327,-0.10315576,-0.21850109,0.6034832,-0.17598939,0.022864252,0.17172277,4252
0.13219282,-0.0019615367,0.06930956,-0.20934856,0.03674881,-0.01657904,0.33370632,0.71045846,-0.1857807,-0.5779785,0.2291606,-0.17845109,0.27700529,-0.16352892,-0.07065116,0.1126048,3249
0.027752787,0.023416415,0.100312956,-0.3903708,0.01398284,-0.1574356,0.10043658,0.29917717,-0.3161026,-0.298189,0.03218471,0.085231036,0.41213888,-0.054862045,-0.2978738,0.15688196,6813
0.002991587,0.51029706,0.046569437,-0.6981993,-0.111355245,0.11857385,0.2075223,0.12574866,-0.27835226,-0.18078461,-0.32076007,-0.027166232,-0.07702595,-0.030678578,-0.064339,-0.4503672,5026
-0.5091102,-0.3305938,0.063292496,-0.1336814,-0.1654211,0.2879114,0.136659,0.91737103,-0.5185364,-0.35899627,0.45267987,0.4182572,0.45746246,0.16793144,-0.14765762,-0.17666017,9581
-0.352887,0.10923626,0.15314755,-0.16222084,-0.008735344,-0.03511405,0.43884104,1.0058476,-0.7908126,-0.48917395,0.21187387,0.5192406,0.24918827,-0.50482655,-0.34115645,-0.25951654,6111
0.045121238,-0.2162315,0.23517343,-0.4580352,-0.21214719,-0.05734703,0.29145983,0.66259164,-0.6189532,-0.4892445,0.047536537,0.15413624,0.4199463,0.18049935,-0.6093609,-0.3606272,6268
-0.108401686,0.014477789,0.46154207,-0.21576469,-0.1768804,-0.34635258,0.22810067,0.34777048,-0.45735544,-0.5386897,0.07577668,0.0073621124,0.5257057,-0.23505014,-0.19502744,-0.25198954,2142
-0.17684746,0.0015551373,0.19535771,-0.045601934,0.42001015,0.17722858,0.6194078,0.6402588,0.110075,-0.770002,0.347969,0.18145227,0.5599037,-0.21737632,0.12955704,-0.21215639,3877
0.059802614,-0.10883783,0.026137501,-0.0901764,0.3882141,0.12050882,0.4172449,0.87962496,-0.3455063,-0.4593514,0.41874993,-0.34899515,0.84993124,-0.3168906,-0.79100883,0.05880168,4879
0.19509836,-0.087512314,-0.27220222,0.38952965,0.95909077,0.08017106,0.5106679,0.22271122,-0.15238431,-0.537863,0.32440448,0.14320117,0.64264756,-0.42905104,0.14926897,0.17889573,2753
-0.07688948,0.10805945,-0.14587937,-0.6537005,0.16309538,0.19144675,0.031023249,0.3978114,-0.95300037,0.23524122,-0.21178499,0.39105144,0.18465087,0.06597979,-0.10245891,-0.3981834,6506
-0.14422321,0.30734855,-0.0070945397,-0.59154695,-0.057853464,-0.37159333,0.09953219,0.044700995,-0.746469,-0.073435634,-0.15655468,0.59512657,-0.10703161,-0.19236928,-0.045042828,-0.13886389,6067
-0.1710717,0.06761302,0.0043532364,-0.055453777,-0.025746144,0.24380857,0.41652623,0.8265833,-0.49089354,-0.5209815,0.16401298,0.1390578,0.29192936,-0.29927436,-0.18054268,-0.105174884,9701
-0.16658401,-0.052689776,0.3576404,-0.20472293,-0.109643325,-0.2374002,0.3119507,0.6393999,-0.27039593,-0.8533197,0.23135427,-0.39317682,0.5829182,-0.5035683,-0.43116152,-0.4115262,4891
-0.23346496,0.4309445,0.097787954,-0.82124805,-0.19634148,0.41821918,0.24435323,0.49357423,-0.9323338,0.037626848,-0.61235505,0.19591092,-0.1431464,0.13603422,-0.19798128,-0.6189234,9074
0.1803678,-0.010178171,0.17144367,-0.28993478,0.060030233,-0.16471773,0.23428297,0.47334868,-0.2393804,-0.4309442,-0.2928689,-0.33183774,0.70450014,-0.18560897,-0.4681887,0.05441156,2617
-0.055783242,-0.03487768,-0.032656528,-0.2524334,0.4205109,0.20013538,-0.045570664,0.63430464,-0.9364672,0.11964421,0.20595662,-0.028895006,0.6129404,-0.18950328,-0.3192638,-0.22129281,5091
0.14765464,-0.18029644,-0.087569475,0.14171857,0.2648653,-0.068513885,0.5998672,0.17367828,-0.6675267,-0.29643148,0.31898057,0.35786378,0.19278614,0.046491683,-0.045327798,0.19207947,8064
-0.07253756,-0.007065363,0.23977092,-0.80021477,0.085474454,0.009332124,0.06571174,0.25495988,-0.50005686,-0.09161459,-0.47342592,0.00961392,0.291678,-0.025490312,-0.3352135,0.061381772,6927
0.11298759,0.22808161,0.024107791,-0.23040642,0.05842928,0.012326793,0.42278895,0.53823626,-0.2633842,-0.4724751,0.11297597,0.014275305,0.26279607,-0.0023596375,-0.23351553,-0.28972158,9599
0.069908306,0.008670136,0.0046842843,-0.35998195,-0.005079627,-0.13912107,0.206313,0.057416752,-0.22573827,-0.3516115,0.1691513,0.053916387,0.16094379,-0.06318249,-0.18633923,0.048291713,4176
0.023309767,0.25939357,-0.052418463,-0.55287427,-0.07527934,0.1838737,0.25735274,0.09112407,-0.40681678,-0.15623768,-0.081126146,0.06732298,0.14766386,0.00816153,-0.26080328,-0.15792239,7473
-0.28961003,0.0031857863,0.13425635,-0.1265842,0.058069516,0.07893465,0.25782442,0.6951581,-0.31629992,-0.52030784,0.14930202,-0.17511344,0.48950565,-0.42260304,-0.29598293,-0.3131225,1272
-0.593675,0.36534932,0.2990811,-0.53878707,0.019975655,0.51958543,0.009381831,0.8166892,-0.8244942,-0.13014981,-0.47487587,0.027157426,1.0524011,0.23908457,-0.09389399,-0.00015310198,8213
-0.17932145,-0.26657,0.05293458,-0.16796511,0.17407124,-0.020294406,0.039008703,0.4391954,-0.39204997,-0.3483398,0.22897,0.16325934,0.8749861,0.18166806,-0.089797735,0.22918057,6352
0.20896286,0.3132544,-0.050810155,-0.35034248,0.09626242,0.0170657,0.12972245,0.20618603,-0.3815079,-0.08344541,0.13907918,0.059474897,0.19772387,-0.16081274,-0.060055792,-0.015307054,8238
0.24389721,0.005536705,0.4710812,-0.501782,-0.10527222,0.299793,-0.029323172,0.77563655,-0.42734268,-0.6249489,-0.17108454,-0.376648,0.12559046,-0.19833,0.14738816,-0.3449502,4460
0.2170396,0.37481135,-0.31309515,-0.12403779,0.32760248,0.3422614,0.47610405,0.5848483,-0.4437542,-0.2126911,0.29347178,-0.4509098,0.11833843,-0.5101568,-0.19442913,-0.21624699,2624
0.18342407,0.21906927,-0.12735613,-0.2421381,-0.062961295,0.19491176,0.15560581,0.45348293,-0.41771692,-0.2872311,-0.09293038,-0.42057717,0.1705333,-0.5310435,-0.039442375,0.16126604,6720
0.06907228,0.14802521,0.07174485,-0.54562294,-0.106937066,0.09567985,0.061045304,0.39225137,-0.38729382,-0.24600554,-0.016813219,-0.10521099,-0.0061173514,0.22405781,-0.27410957,-0.29258937,2523
0.24147485,0.12661846,0.048602268,-0.4419341,0.11022878,-0.4685116,0.11046258,-0.16615784,-0.4535697,-0.28656036,-0.2497698,0.20454198,-0.049575955,-0.08531166,0.16662593,0.02831012,6640
0.12745857,-0.010741472,0.115667395,0.04970309,0.073795706,-0.08246547,0.10422214,0.49118185,-0.11755259,-0.584959,0.11210453,-0.08109521,0.366851,-0.31717923,-0.13905495,0.11442687,1105
0.116303615,-0.018805876,0.07516018,-0.27128497,0.08231638,-0.033636697,0.1659441,0.28660703,-0.20407254,-0.3099527,0.024041006,0.047317564,0.25441042,-0.06262336,-0.11778493,-0.0025771856,9424
-0.01058583,0.08622976,-0.1733414,0.13567093,0.3759675,0.082947135,0.40173098,0.63320524,-0.08409537,-0.5823528,0.31152394,-0.28295207,0.486807,-0.30996573,-0.26295072,-0.077487096,9967
0.026390791,-0.19728501,-0.14441565,-0.23424724,0.26609808,0.042246163,0.04667697,0.33708578,-0.3085901,-0.215615,0.1767607,-0.0070435703,0.50215244,-0.13337556,-0.096812345,-0.24085295,4505
0.100793764,-0.02012141,-0.36304018,-0.03435123,0.1215284,0.21771206,0.28124356,0.37047905,-0.02962783,-0.556367,0.103767626,-0.5108649,0.37087816,-0.54243565,0.08073357,-0.17289948,7964
0.09239846,0.28855866,0.33414915,-0.43466142,-0.061105862,0.21069811,0.27966067,0.4206278,-0.30558136,-0.57514805,0.113778755,0.13404474,0.22551364,-0.13576485,-0.026835158,-0.056650773,1750
-0.16798261,0.22923955,0.19058633,-0.5040825,-0.11249867,0.5537102,0.44371238,0.8203565,-0.4632851,-0.38043594,-0.2089321,0.23535922,0.35501838,-0.10312612,-0.09682451,-0.30083406,4051
-0.21341535,-0.11390972,0.9184797,-0.040936902,-0.045241132,-0.0015232861,0.2884149,0.858068,-0.101031885,-1.0350182,0.5723363,0.36280322,1.0388304,-0.41737854,0.16732886,0.06957145,9001
-0.20829591,0.1813066,-0.10533765,-0.34795508,0.0026342217,0.08987284,0.19705163,0.42412087,-0.5825937,-0.27862597,0.055495527,-0.0115443915,0.31532538,-0.24469933,0.03661631,-0.50912905,3129
0.09901792,-0.0046288595,0.31762362,-0.77462274,0.070227206,-0.15863548,0.18853158,0.4508058,-0.5920517,-0.27707034,-0.20046568,0.30656138,0.22756162,0.18621719,-0.47304556,0.10598968,9929
0.096214436,0.27947184,-0.18434158,-0.36438218,-0.12973407,0.32074797,0.061943956,0.19145268,-0.5295597,-0.12293142,0.052081805,-0.51450014,0.1864395,-0.36406222,-0.2715681,-0.14501017,2356
0.051680863,0.067085505,0.079068676,-0.5412534,0.2302883,0.059060708,-0.052401647,0.43112463,-0.58670914,-0.044809714,-0.16900268,-0.08117121,0.381299,-0.06039028,-0.21565458,0.10830701,6717
-0.0354563,0.042620078,0.28922,-0.31579897,-0.019790016,-0.24233776,-0.0056565073,0.3961962,-0.1551616,-0.41583905,-0.052677132,0.04650511,0.40229505,-0.07948126,-0.2220878,0.112180226,8117
-0.11350647,0.102509305,0.06967053,-0.33296973,0.09355197,-0.39835608,0.2884525,0.11979869,-0.23514076,-0.31784078,0.079319425,0.59492177,0.1717571,-0.1677992,-0.11364634,-0.010230094,6048
0.20608851,0.048996255,-0.11792343,-0.31536707,-0.025379814,0.055715807,0.15242884,0.38867295,-0.40608555,-0.2248427,-0.07238002,-0.45407408,0.41117492,-0.26805598,-0.19430868,0.022178404,1646
0.1868113,0.30456752,0.13856812,-0.58997375,-0.14315996,0.22197266,0.20714419,0.38637507,-0.2789489,-0.07946859,-0.39618018,-0.5930793,0.12247804,-0.27995592,-0.40989047,-0.19060133,5983
0.026070997,0.23313546,0.003967278,-0.54904556,0.044043973,-0.02203022,-0.26828396,0.39351475,-0.37327427,-0.087372184,-0.116360694,-0.43705988,0.3899461,-0.27345496,0.16255264,-0.31948584,1962
-0.26813972,-0.1609862,0.4782627,-0.3734699,-0.11730091,0.29202947,0.28991687,0.8618885,-0.7668589,-0.5965955,0.16778497,0.58658075,0.39290288,0.3354038,0.041194648,0.3333395,2546
-0.0835914,-0.124760225,-0.0825904,-0.12005414,0.0734238,0.012102354,0.13602898,0.6013129,0.03884741,-0.5074373,0.21054175,0.0012723356,0.24843878,-0.014644554,-0.17933628,-0.18730326,3667
-0.14257848,0.17040247,0.20551328,-0.7755033,-0.14399675,0.07738751,0.11055978,0.22798514,-0.64415765,-0.13784195,-0.4331296,0.15619603,0.06589277,0.055489346,-0.09703858,-0.029340595,5764
-0.022184804,0.07267184,-0.027248088,0.022497833,0.120612234,0.11803192,0.41342917,0.6072883,-0.034456626,-0.6880884,0.355067,-0.08863549,0.45512605,-0.3502406,0.032909065,-0.25900245,9366
0.12251024,-0.07218367,0.12112725,-0.049563497,0.13825034,-0.11322163,0.24076957,0.2494803,-0.005523473,-0.60675395,0.04268688,-0.061042666,0.3458326,-0.33664554,0.10132097,-0.052168846,5092
-0.25305697,0.13906026,0.34030658,-0.26147586,0.26243487,0.26379722,0.34653342,0.8426443,-0.26933396,-0.5043672,-0.005082576,-0.2934664,0.54756796,-0.4977898,-0.42811537,-0.043408066,2198
0.08534571,-0.0046473667,0.20573798,-0.50512207,0.00027304143,-0.18019582,0.12928878,0.3254214,-0.5671667,-0.22048421,-0.13752307,0.16783848,0.5162506,-0.0064716656,-0.49219602,0.13754384,9977
0.036216363,0.7777574,0.5265795,-0.2374686,-0.37371194,-0.4270907,0.052877173,-0.12787552,-0.5018511,-0.22645983,0.07802835,0.13909757,0.1414825,-0.98314,0.13018373,-0.09873468,9957
0.11412807,0.20115669,-0.19543271,-0.18673638,-0.18028381,-0.08148338,0.25092235,0.48153543,-0.023515135,-0.34063512,0.18158033,-0.39360467,0.1777845,-0.38477367,-0.16980378,-0.14432552,5555
-0.019775286,0.26673487,-0.042607076,-0.66751695,-0.064395875,-0.078491524,0.1911267,-0.0982454,-0.49636605,-0.11164302,-0.21072513,0.017719954,-0.0041588843,-0.08767837,-0.18104872,-0.2112454,3490
0.16904207,-0.5405136,-0.40319702,-0.10823992,0.5287676,0.308827,0.20009178,0.7190952,-0.47794732,-0.31892848,-0.050820142,-0.25213233,0.8323352,-0.30348623,0.06778225,0.056616414,3277
-0.1302406,-0.1659016,-0.07519691,-0.19471714,0.4340756,0.3484956,0.35883594,0.67436665,-0.0337303,-0.53641444,-0.013247214,-0.6278373,0.70753026,-0.57900745,-0.20739377,0.036848664,3045
-0.17698659,0.28810403,0.16004634,-0.23667943,-0.11785477,-0.1521605,0.051405355,0.23488602,-0.33624738,-0.24942435,0.14259842,0.18300751,0.32586074,-0.21966076,0.019867346,0.0012235045,5042
-0.022200197,0.29974645,0.3897962,-0.8735856,0.0009085834,0.0751849,0.14964509,0.5324014,-0.55804294,-0.35099766,-0.55133843,0.0871928,-0.15154953,0.13074374,-0.07349247,0.07277915,9551
0.16159235,-0.14300855,0.38486516,-0.32562327,-0.1454809,-0.23050377,0.18792328,0.38778803,-0.26469633,-0.6434668,0.083804436,0.030943863,0.37423882,-0.1444496,-0.26970074,-0.17211917,8608
0.21908697,0.071218945,0.35829294,-0.34712648,-0.14247683,-0.15097173,-0.05066917,0.62769014,-0.2815434,-0.5799457,0.05412452,-0.36746767,0.24258867,-0.30617198,-0.34365654,-0.20043132,6280
0.21189192,-0.18540688,0.30052274,-0.12387198,0.12437382,0.08060464,0.13648641,0.4026096,-0.32919157,-0.38798434,-0.07386727,-0.07669257,0.28453708,-0.24759878,-0.21315871,-0.09888148,4572
-0.14331904,0.18707597,0.03768395,-0.58463,0.14313675,0.13278423,0.20703197,0.3941251,-0.69130975,-0.09139936,-0.16756475,-0.15911736,0.51811653,-0.09746232,-0.6002935,-0.24328223,9430
0.14438681,0.030130185,-0.19026585,-0.27010363,0.003454864,0.12908,0.1663538,0.48211798,-0.31370163,-0.17156436,0.014543038,-0.4313826,0.33238506,-0.4192984,-0.16766456,0.06952743,6612
0.06890586,-0.09388216,0.12814003,-0.075692,0.18127611,0.3672952,0.31940803,1.0564502,-0.31671095,-0.54239243,0.21733877,-0.1243159,0.4609207,-0.28160825,0.0425421,0.13749112,5512
0.15375808,0.62608576,0.037439674,-0.21533161,0.18744011,-0.2568631,0.04301895,0.30104703,-0.36477578,-0.44306034,0.16537465,0.39539057,0.17847213,-0.5261767,0.07049261,0.3028041,7007
-0.047154248,0.42577687,-0.13351123,-0.54446733,0.12378607,-0.18293786,-0.010132402,-0.051457927,-0.57185906,-0.29530987,-0.042422377,0.08862978,0.1935297,-0.094575234,0.103726685,-0.02132973,1196
0.25695407,0.40708125,0.1451681,-0.57780135,-0.41268492,0.004411772,0.19727942,-0.052863196,-0.3572178,-0.25809824,-0.45807406,-0.3486934,-0.01825115,-0.114961505,-0.24739306,-0.5021972,7256
-0.07317456,-0.26420748,0.02695635,-0.057640016,0.39977613,0.10826063,0.31149238,0.40596753,0.109703004,-0.6663107,0.1685638,-0.43604374,1.172724,-0.42916965,-0.30301812,0.2331244,1004
0.010886326,-0.013897486,-0.120922975,-0.2256805,0.18496199,0.4447318,0.25640348,0.62133276,-0.018067911,-0.6345155,-0.06195528,-0.5631082,0.38710734,-0.71154505,0.09850094,-0.045372292,1106
-0.00010763109,0.3360387,0.16692531,-0.54987454,-0.009478211,0.4347856,0.09172379,0.651377,-0.6411161,-0.1811283,0.017572403,0.18088944,0.04691439,0.10286257,0.17964594,-0.35712302,6307
-0.022559494,0.07882649,0.049869597,-0.23819801,0.19441095,-0.24652869,0.20845428,0.5255316,0.19097736,-0.45114416,-0.02495078,0.09945525,0.33450747,-0.34943578,0.014426321,0.14065436,5836
-0.24508408,0.042351477,0.091863014,-0.26446196,0.0070165396,-0.041460335,0.3234834,0.4957982,-0.17603706,-0.5036819,0.27021223,-0.107707486,0.5389274,-0.25852782,-0.40011942,-0.23584323,7258
-0.02393058,0.28628898,0.09676568,-0.49227935,-0.022305913,-0.19461438,0.011306226,0.256366,-0.42163014,-0.17253523,-0.24162629,-0.06411341,-0.02840738,-0.25819877,-0.19024473,0.009834543,1323
0.041465804,0.07341723,0.12403932,-0.49621361,-0.033774853,0.0010991693,-0.006514089,0.4310264,-0.4631368,-0.23210745,-0.14420292,-0.1699852,0.030259117,-0.033492282,-0.06818272,-0.0967579,2518
-0.0012122095,-0.023213297,-0.10894059,-0.517238,-0.043171495,0.3685422,0.17209634,0.25361985,-0.7538534,-0.008819729,0.06773933,-0.22078568,-0.025458304,0.01957952,-0.08315548,-0.12415172,9231
-0.19012918,0.06946644,-0.26718464,0.43684548,-0.088176735,0.29741403,0.69633174,0.80573463,0.04434195,-0.8300611,0.6867616,-0.14941396,0.6918265,-0.6828394,-0.13499302,-0.34472913,7522
0.15179086,-0.18898839,-0.002627112,0.030219644,0.4654134,-0.25406784,0.01652731,0.23424709,-0.3111689,-0.31784144,0.006083291,0.47278923,0.7560949,-0.12470463,-0.012277201,0.22579364,3822
-0.026634514,0.21974115,0.17056562,-0.20837152,0.26936054,-0.027145702,0.16467483,0.37081686,-0.24929789,-0.43640035,0.21784496,0.26493233,0.33308822,-0.06656122,-0.040064946,0.12144589,7775
0.29971707,0.38181376,-0.10530566,-0.18282546,-0.17405498,0.25209212,0.4345911,0.6344059,-0.39615858,-0.28912956,0.17943244,-0.43408722,-0.17293526,-0.47963175,-0.08862664,-0.13356853,3372
-0.24923827,-0.23838969,0.007683309,-0.29238516,0.26556537,0.2766148,0.20582429,0.6402447,-0.68884283,-0.23316635,0.07005479,0.38929117,0.73396266,0.22767106,-0.24665406,0.28414202,6519
0.11263612,0.47581732,0.28598067,-0.25531298,-0.011719167,-0.2204814,0.2697212,0.13244462,-0.25590068,-0.45261922,-0.14811519,0.049426883,0.06772575,-0.3618718,-0.012594372,-0.20204209,9070
0.04544591,-0.011368185,-0.0026636738,-0.39478704,0.042463936,0.20632268,-0.07930208,0.5041805,-0.4563248,-0.23333922,-0.022334091,-0.32584682,0.50971514,-0.12137261,-0.04757063,0.08152792,2193
-0.059077054,-0.08625945,0.0024677515,-0.29591307,0.23036706,0.32624727,0.48396996,0.38349316,-0.36779624,-0.27370718,0.018269606,-0.05595109,0.6670435,-0.17967987,-0.44881603,0.04161063,1186
0.037473157,0.28398338,0.12557065,-0.07967487,-0.00025643408,0.687741,0.36112607,1.0480961,-0.521668,-0.5569552,-0.08211892,-0.35083014,0.26148513,-0.68245304,-0.19817379,-0.030430883,6843
0.15900649,0.07864106,-0.08581982,0.027723044,0.10891299,0.026353776,0.44524565,0.7539818,-0.13746902,-0.8805218,0.27202216,-0.5814152,0.3809733,-0.5680345,-0.26127124,-0.37836343,3609
-0.44926977,-0.49286425,-0.17703088,0.34384608,-0.040365815,0.5430285,0.2127497,1.2188523,-0.36083293,-0.7758499,0.43027627,-0.2088863,0.72030765,-0.35378623,-0.12465942,0.15602754,8809
0.028721938,0.26234624,-0.098602,-0.36431283,0.15632346,-0.23909236,-0.08557515,-0.022377789,-0.2950778,-0.066128284,-0.10446297,-0.052003577,0.4578368,-0.3382063,-0.11160733,0.18893835,4222
-0.0051897317,0.1937272,0.65497094,-0.39257205,-0.058931142,0.21376893,0.25366816,1.12654,-0.6853188,-0.7672123,-0.032540333,0.36515957,0.33144695,-0.15596269,0.034617633,0.2950567,1692
-0.1140562,-0.09245576,0.2203213,-0.27470475,0.17150003,-0.27244097,0.18885377,0.6049628,-0.33497122,-0.5473928,0.3437559,0.078986764,0.68071175,-0.40423495,-0.51931703,-0.30033517,1354
0.043706,0.2091365,0.04941981,-0.31354266,-0.038158506,-0.1283762,0.23543805,0.05157803,-0.28857285,-0.32659423,-0.098452255,-0.00522317,0.043702275,0.021962857,-0.18257707,-0.16383485,5005
0.009426553,0.28595042,-0.052551936,-0.48150033,0.08140724,0.0943252,-0.02135785,0.65649545,-0.29021448,-0.38565606,-0.04366185,-0.020601343,0.08075222,-0.13255322,0.006228298,-0.21978909,3086
0.1530238,0.12025306,-0.0015741065,-0.24038601,0.31441218,-0.20676494,0.18728743,0.21910414,-0.27849522,-0.38067067,-0.0081753535,0.049634933,0.43004027,-0.09247856,-0.14392896,0.15517879,7120
-0.040369242,0.116531834,-0.07606928,-0.5783657,0.22952801,0.12406431,0.22399123,0.04901156,-0.36759335,-0.045839444,-0.34924343,0.06348866,0.4031307,-0.11590633,-0.16050449,-0.016411811,3970
0.22871453,-0.12691528,0.20209292,-0.36968923,0.01046025,-0.2564862,0.058391813,0.32377356,-0.41782004,-0.27374905,-0.11476135,-0.1753957,0.4101736,-0.03701572,-0.4525891,0.2298105,7257
-0.13530286,-0.053069837,0.39784992,-0.17056307,-0.07784577,0.30363184,0.45024985,1.0623466,-0.4112668,-0.64195335,0.16223428,0.24273801,0.462268,-0.37190095,-0.18647495,-0.32476652,5221
-0.11329922,0.40980172,0.2635431,-0.41642573,-0.07119026,0.29836303,-0.037083857,0.68411905,-0.93020725,-0.19009385,-0.1014762,0.07939507,-0.015079774,-0.21778353,0.08333984,0.1513853,4096
0.08782929,-0.25745422,0.101642534,-0.35399327,-0.2708608,-0.06297748,-0.054864246,0.59735405,-0.20001787,-0.54147774,0.042465843,-0.30024388,0.19856314,-0.2942673,-0.080985576,-0.24209614,5614
-0.059376225,0.20012198,0.037488155,-0.63794726,0.024717242,0.025197335,0.074711606,0.49267063,-0.70065963,-0.04246418,-0.19317162,0.04747571,0.10770267,-0.0066712126,-0.05292651,-0.25526983,3521
0.097155675,0.48324364,0.07466524,-0.5778825,-0.048780233,0.07579314,0.19463934,0.17167531,-0.41036147,-0.36666113,0.059950005,0.09690423,-0.13184248,-0.032389045,0.2014361,-0.14549628,9653
-0.24474134,-0.39465818,-0.18217453,0.09228427,0.06487664,-0.2554798,-0.01921475,0.21579085,0.034014657,-0.40900093,0.18128575,0.03554553,0.53590333,-0.27538183,-0.22857268,-0.068565786,3734
-0.086335,-0.19194692,0.040776767,-0.05357542,-0.0634292,-0.099867426,0.09295949,0.39292485,0.25305843,-0.54785794,0.14270784,-0.25041074,0.2532382,-0.35835227,-0.20508853,-0.019973665,5049
0.03802854,0.28868926,0.37761056,-0.07904704,-0.26489872,-0.37260234,0.2700293,0.6961318,-0.14945632,-0.5909668,0.04836309,0.011567494,-0.07943005,-0.40969098,0.021948427,-0.19698939,5576
0.12548226,0.42431128,-0.07575324,-0.46815926,0.49117917,0.083389886,0.016530678,0.3120673,-0.53289294,0.05969977,-0.054398347,-0.2792899,0.2527544,-0.44082916,0.021735087,0.03681934,7083
0.046010397,-0.040863037,-0.22743596,-0.16021195,0.067696095,-0.12812947,0.16498594,0.3483867,0.04278931,-0.37531406,0.080342636,-0.24223265,0.28021505,-0.36804688,-0.07798967,-0.030623645,7379
0.023842156,0.0576265,-0.055424824,-0.24706423,0.39441216,0.030064061,0.23055996,0.35819507,-0.5861585,-0.28502792,0.06407269,-0.015941143,0.6286688,-0.2627768,-0.33416238,-0.11166617,9756
0.00564681,-0.15436006,0.25911465,-0.48443353,0.43095818,-0.12372193,0.08927331,0.23503163,-0.23323184,-0.5938899,-0.27334478,0.15499522,0.59054685,-0.107904434,0.23396856,0.30603233,5127
0.055443875,0.34618908,-0.07768133,-0.4750795,0.04684501,-0.094603494,0.15330811,0.06849226,-0.3201417,-0.20317285,-0.12764412,0.06447099,0.14861664,0.009015717,-0.17356426,-0.0469373,3997
-0.11876504,0.24640566,-0.18513198,-0.4168316,0.3869174,0.089454964,0.27188414,0.31822395,-0.093812704,-0.2987617,0.111171454,0.35572934,0.37954453,0.047737975,0.13989143,0.21742842,8901
0.23909621,0.38720876,-0.050965533,-0.49709707,0.020940527,-0.19092108,0.31074527,0.18254966,-0.22047126,-0.37787932,-0.24694374,-0.37044874,0.038843624,-0.34352273,0.0074525774,-0.45640504,7990
-0.12443699,0.045070093,0.028428543,-0.62639165,-0.04626812,-0.2011358,-0.06150443,0.0731762,-0.5529329,-0.021093562,-0.15913975,0.029981717,0.12331875,0.15819407,-0.0038823038,-0.045718104,1614
0.115918875,0.062511966,-0.24109513,-0.3284783,0.3744435,-0.12145536,0.0455918,0.23795375,-0.17578995,-0.1680245,-0.08027278,-0.04753171,0.26941955,-0.20312947,0.07030332,0.011216745,2464
-0.44639093,-0.2578267,-0.052223295,-0.07899076,0.36595196,0.5880315,-0.16704151,1.094742,-0.22950277,-0.5251447,0.27273533,-0.02867183,0.929615,-0.353956,0.43383163,0.08664311,6070
-0.031294256,0.47539937,-0.027985135,-0.3939067,-0.108297005,-0.220618,0.15130755,0.012505751,-0.36645147,-0.20286426,0.08435512,0.09213926,-0.015575737,-0.16684563,-0.04614593,-0.16167377,6460
0.3246671,0.4210427,0.08022878,-0.57595664,-0.15994363,-0.036594145,0.35382745,-0.22245215,-0.66276205,-0.35683474,-0.1309795,0.06814293,-0.27884328,0.1759201,-0.36958078,-0.20612729,6106
0.07737041,-0.09026438,0.35051253,-0.17876288,0.169842,-0.003522005,0.2447777,0.55499613,-0.12443897,-0.43935883,0.037161242,0.031791955,0.14896433,-0.090178885,-0.032695994,-0.07473007,3908
0.2480295,0.4692394,0.040258408,-0.45062867,-0.25983742,-0.117894925,0.11332229,0.07390794,-0.27109694,-0.22603807,-0.17941482,-0.46443918,0.007300794,-0.35776883,-0.124492764,-0.3036094,7311
-0.14803946,-0.13434887,0.16950089,-0.8177974,0.50665766,-0.047591157,-0.23340863,0.4865474,-0.59574115,-0.0020523816,-0.47537547,-0.09975511,0.5301346,-0.09308786,-0.1253094,0.21599762,7429
0.16592032,0.059329823,0.0883753,-0.25246987,-0.08934951,0.31622812,0.23343495,0.07108858,-0.43703294,-0.4458205,0.17545772,-0.12014486,0.15091395,-0.18623745,0.060132004,-0.12606296,7889
0.050252438,0.332054,0.29182547,-0.27764058,-0.031835794,-0.20583086,0.25613153,0.5389723,-0.1408408,-0.33743393,0.039249133,-0.1311582,0.08532062,-0.35478204,-0.25029734,0.08713126,2005
0.24355529,0.04469668,0.039489266,-0.3126512,0.18609811,0.03908249,0.19907661,-0.019300267,-0.19643502,-0.2852102,-0.3708766,-0.20469311,0.24254635,-0.27790213,0.20678659,-0.15637514,2025
0.24024521,0.45084763,-0.13934511,-0.21350783,0.19231585,-0.017968617,0.44626653,-0.044323727,-0.3462417,-0.12970029,-0.099903144,-0.089830354,0.19158623,-0.2119737,-0.11312133,-0.13351293,1706
-0.35295948,-0.1769195,0.01923742,-0.06590097,0.12988181,0.1526627,0.21458319,0.83496547,-0.25117546,-0.4955126,0.17432581,-0.0020110235,0.36454755,-0.34711182,-0.08871196,-0.32004443,8549
0.10358831,-0.025826428,-0.107098676,-0.13764398,0.03520988,0.08060217,0.18492268,0.4775321,0.034768008,-0.5576528,0.14387651,-0.39929825,0.0629282,-0.3862986,0.10785586,-0.11396757,8734
0.116318,-0.2697161,0.56566906,-0.17491332,-0.031264693,-0.24198364,0.18772277,0.76184213,-0.31925422,-0.36199307,-0.11374305,0.021193512,0.0974866,-0.51855123,-0.03687039,0.08976443,3067
-0.13509561,-0.16278028,0.3473419,-0.3217579,0.0012288839,0.04704956,0.08312788,0.78990304,-0.6418457,-0.413161,-0.037778705,0.054090366,0.2951727,-0.106726155,-0.4610213,-0.112442106,5772
0.09484457,0.056716524,0.028136712,-0.5972278,0.2746826,-0.26376677,-0.0022182353,0.056864895,-0.35940823,-0.21435171,-0.27209225,0.13968842,0.238497,-0.10059413,0.06709185,0.17746378,9412
-0.30150184,-0.32186937,-0.24857716,0.4264106,0.5516551,0.31749964,0.28151044,0.74999917,0.15149911,-0.73128957,0.34037626,-0.5164869,0.97225136,-0.69126767,-0.05818519,-0.16170818,6935
0.07632057,-0.124617964,0.21956164,-0.1706846,-0.04482867,-0.10409801,0.29052058,0.29153636,0.10917063,-0.81156033,0.11047755,-0.3992927,0.45543057,-0.430367,-0.11831835,-0.13798271,8731
-0.0051046982,0.08122367,-0.16347593,-0.06465781,0.24577363,0.2935413,0.2182452,0.53556573,-0.241279,-0.29175144,0.073535815,-0.6042885,0.480188,-0.52098715,-0.408669,0.15786016,7487
-0.057500243,-0.12462704,-0.025660817,-0.11311588,0.3085169,-0.11330347,-0.043482848,0.3817097,-0.37618726,-0.18912643,0.027799696,0.063504845,0.7150862,-0.09422666,-0.10658595,-0.06054271,9277
0.0010650605,-0.04220207,-0.22594494,-0.07409285,0.15063041,0.24381658,0.16869228,0.74086505,-0.05415152,-0.274697,0.066646844,-0.49189973,0.3737052,-0.61456496,-0.11133273,-0.10345501,8682
-0.22479513,0.14821716,-0.17357625,-0.38147575,-0.14103022,0.27855116,0.24181265,0.38376874,-0.4339212,0.02219911,-0.12594824,0.28745937,0.20115195,0.007394515,-0.12893021,-0.34995794,3246
0.17688045,0.48711318,0.072184905,-0.13618357,-0.061552778,0.2861449,0.29317164,0.8802668,-0.711141,-0.30492356,0.036471266,-0.026211217,0.22319943,-0.6014795,-0.10623714,-0.048181225,1686
-0.05105935,0.4472128,-0.25040463,-0.56134635,0.21764676,-0.19779666,0.36720338,-0.36286736,-0.536881,-0.24602796,-0.26546407,0.62075925,0.28461516,-0.1692588,0.14513445,-0.33882102,2057
-0.08901773,-0.0518024,-0.023863785,-0.24554677,0.21796092,0.33744115,0.36037725,0.26902497,-0.18251152,-0.17151359,-0.017463133,-0.25941777,0.56181,-0.1911988,-0.35444793,-0.080166444,9024
0.1367908,0.6180233,0.06984837,-0.9037206,-0.22493845,0.27667642,0.025975496,0.1816343,-0.51959133,-0.16430469,-0.55622035,-0.55092067,-0.2631745,-0.021926858,-0.11758649,-0.5608251,7358
0.046291895,0.36339408,-0.06943088,-0.6338267,-0.10330466,0.027840063,0.22742738,0.15846464,-0.48825085,-0.069700755,-0.24323411,0.18931098,-0.021879792,-0.021009535,-0.080473065,-0.47999436,9219
0.14647768,0.055753827,-0.22768189,-0.12236629,-0.16466475,0.0983488,0.2794716,0.23646949,-0.6104163,-0.2580431,0.39875665,0.39223143,0.24378857,-0.20049806,-0.20570356,0.10935971,9713
0.2162726,0.13809337,0.032309733,-0.37198323,-0.02103477,0.004610285,0.14606868,-0.07894033,-0.27292234,-0.21659413,-0.10945666,-0.32865983,0.26674154,-0.2553359,-0.019112647,-0.11242132,4062
-0.07643384,-0.25281703,-0.02938528,-0.05342242,0.32160643,0.019588806,0.01722432,0.54910576,-0.38429892,-0.3208613,0.07982825,-0.31294918,0.92183304,-0.28641552,-0.12292534,0.15358639,3459
-0.04425834,0.61307466,-0.30619258,-0.33967823,-0.035716504,0.4414022,0.30799288,0.80618215,-0.6500239,-0.15605351,0.10433714,-0.724206,-0.033073768,-0.776212,0.08309838,-0.1635088,8090
-0.044950277,-0.08836264,0.32846412,-0.52333176,-0.28321636,-0.07271771,0.15734936,0.52360046,-0.48333526,-0.5073961,-0.06390673,0.053077757,0.16482574,-0.062072434,-0.3606374,-0.23901217,3995
-0.18730634,0.06851135,-0.051084578,0.117952466,0.54568696,0.87730324,0.5173488,1.2415088,-0.6568675,-0.65641594,0.08892226,-0.31251743,0.48100707,-0.7128741,-0.34606415,-0.13586354,3349
0.107697114,-0.12191274,-0.1818394,-0.3499279,0.082726985,-0.20991622,0.046032235,0.33075133,-0.094474405,-0.5442841,-0.061405756,-0.2770698,0.5618334,-0.3190385,0.022584856,-0.09706092,7718
-0.094561666,0.17095974,-0.12086857,-0.2514788,-0.009561399,0.05390439,0.31288132,0.24915735,-0.46384993,-0.17320313,0.19465452,0.0072675347,0.32986277,-0.22322437,-0.12537912,-0.07195233,6860
-0.38750762,-0.48260796,0.1640051,0.040089786,-0.51048464,-0.02981627,-0.18584435,0.5511164,0.16923368,-1.0908414,0.45216346,-0.3665145,0.7711486,-0.30090463,-0.26921463,-0.12488975,4657
0.14512444,0.3710727,0.053393595,-0.28572887,-0.08048041,-0.03105314,0.23306963,0.54513496,-0.5393286,-0.22510518,0.13287231,-0.08122757,-0.08822276,-0.3324237,-0.38456744,0.19367161,2894
0.18304342,0.06425448,0.2607869,-0.2756942,-0.022400498,0.15835415,0.28303197,0.7032422,-0.17328449,-0.59856766,0.12538649,-0.10550466,0.12436955,-0.26251474,-0.14495935,0.05287732,2521
0.20828135,0.14233688,0.05270066,-0.24097565,-0.11226139,-0.05728814,0.18152851,0.38227242,-0.12773612,-0.55455226,0.1324359,-0.40246,0.2782485,-0.34756273,-0.17164159,-0.15771186,2165
0.09408434,0.23207375,-0.092654176,-0.20785716,0.23601688,-0.04458659,0.3987398,-0.23294687,-0.22393781,-0.3729036,-0.19787568,0.10881341,0.35714513,-0.05722204,0.09831196,-0.12403682,8408
0.13879173,-0.025772437,-0.14811175,-0.43233258,0.09672184,0.07854564,0.105556086,0.3692518,-0.15753323,-0.09724338,-0.115296796,-0.27776903,0.37458748,-0.34750766,0.08504687,0.08486457,4531
0.07349917,0.03327106,0.051945176,-0.5449883,0.32189187,-0.017415464,0.30984148,0.16964656,-0.4640864,-0.2681152,-0.3284964,0.115521595,0.48084113,-0.29464555,-0.14427443,0.10908088,4189
-0.034971133,-0.14000078,-0.16478467,0.07091159,0.18518054,0.20086463,0.55472416,0.80296904,0.036380187,-0.8219743,0.45900908,-0.25505134,0.42278305,-0.48235658,-0.3775459,-0.28497776,9220
0.003695093,0.3367936,0.42695174,-0.39783406,0.07885157,-0.044019625,0.1419718,0.6311964,-0.12918249,-0.42165577,-0.33499792,-0.023726821,-0.036489695,-0.24320164,0.040222257,-0.04355082,6585
0.11550421,0.5650269,0.109885864,-0.5732503,0.120007366,0.5468277,0.14359435,0.667597,-0.6205342,-0.40292516,-0.2464782,-1.1898209,0.5437037,-0.65154475,-0.68956774,-0.31001157,2795
-0.19700569,-0.096549764,0.1997666,-0.76726246,-0.015616596,0.051673006,-0.07267807,0.3519646,-0.83958185,0.030745193,-0.28335905,-0.0024404675,0.26162887,0.026779957,-0.14729145,0.13592967,1828
0.01615195,0.05803339,-0.021352202,-0.13134743,0.29777014,-0.06479634,0.16993171,0.35178664,-0.27336314,-0.37416875,0.19181935,-0.13749364,0.5179933,-0.17911112,-0.23309658,-0.055611104,5414
-0.15323281,0.1663162,-0.1724477,0.253096,0.3420773,0.2107726,0.72029245,1.039259,0.3472293,-0.68508387,0.15977705,-0.25355402,0.18189557,-0.40671232,-0.12827656,-0.46833426,7413
0.0063896775,0.20609783,0.13684534,-0.26366404,0.20623577,0.23037253,0.22539422,0.7677541,-0.3400768,-0.5109822,0.054477394,-0.28288358,0.30262348,-0.23504545,-0.028481603,-0.033753708,8306
0.2779773,-0.10216911,-0.15055779,-0.322823,0.630987,0.055274338,0.26229668,0.4168164,-0.3593877,-0.15105596,-0.13676928,0.06187006,0.3448432,-0.117490284,-0.06101328,0.30040014,2687
0.18004717,-0.19405231,-0.009383626,-0.08269979,0.31610408,-0.15147181,0.5890982,0.44149235,-0.09581131,-0.9467192,0.34617764,0.0901669,0.710976,-0.11549302,-0.018011525,-0.28333545,4037
0.19913189,-0.44508535,0.26375175,-0.35528827,-0.14746757,-0.17644957,0.058881585,0.4210356,-0.11045833,-0.4108934,-0.36234504,-0.13274324,0.07549896,-0.03436809,-0.15412846,-0.005695477,5523
-0.15098886,0.31797653,-0.113216594,-0.54132545,0.053705007,0.08177987,0.3441987,-0.03949774,-0.46350455,-0.08027075,-0.05301033,0.15317789,0.25125027,0.0434692,-0.39273763,-0.2985561,6775
-0.036197856,0.2010223,0.38374892,-0.64235395,-0.24112476,-0.44907802,0.33957562,-0.20267197,-0.4291801,-0.12064975,-0.52929157,0.0144701,-0.19376656,-0.026363302,-0.4301842,-0.20071298,9323
-0.28212202,0.08250648,0.4861946,-0.4609154,-0.3445058,-0.038065255,0.22664762,0.6038929,-0.45783344,-0.5675584,0.16812448,0.08729129,0.4443639,-0.30349267,-0.2591062,-0.15578428,8096
0.07947694,-0.04844515,0.02090093,-0.13883059,0.11831628,-0.04507303,0.14604212,0.5121104,-0.050352186,-0.4636821,0.05664654,-0.1919038,0.38573715,-0.2766002,-0.06845866,-0.049991623,3886
0.17824514,-0.021060824,0.18419595,-0.45527792,0.07823233,-0.035601478,0.041628964,0.28533,-0.21718444,-0.38474828,-0.052951407,-0.05399322,0.50995904,-0.25928792,0.014044285,-0.03875266,6464
-0.0939616,0.5951916,-0.17945726,-0.15666139,-0.15490934,0.12839077,0.5228925,0.2511059,-0.5729414,-0.030907162,0.20528816,0.010485843,-0.27283004,-0.13268794,0.05358143,-0.19291764,9157
0.021276653,0.094802596,-0.03345515,-0.6635998,0.2995489,-0.097944945,-0.081576854,0.040343046,-0.34503362,-0.03011354,-0.32392687,0.020512111,0.31204095,-0.11807699,-0.010871559,0.1825994,9361
-0.291002,-0.41753614,0.2037907,-0.0057257414,0.05617545,-0.05765502,-0.05390986,0.6823787,-0.13289523,-0.36703825,0.24608019,-0.06671341,0.6515027,0.033332124,-0.42232147,0.16366778,3312
-0.18819132,0.6884229,-0.29210627,-0.66478264,0.061253548,0.11747606,-0.29801807,-0.32989645,-0.13519126,0.27153045,-0.42283425,-0.20870131,0.3159079,-0.30132264,0.13480166,-0.02571249,2981
0.3577883,0.05105118,0.14221549,-0.28926617,-0.27223533,-0.08970683,0.13646382,0.41931227,-0.20538679,-0.5780136,0.14528605,-0.38245744,0.100486636,-0.273171,-0.24240485,-0.19248356,1853
0.015374057,0.1929557,-0.17573877,-0.32898146,0.25247198,-0.3242909,-0.016705777,0.27285326,-0.2591127,-0.17185038,-0.071511954,0.5383127,0.07816271,-0.25254223,0.24627261,0.28778362,9339
-0.049365073,0.44737232,-0.06910804,-0.43480456,0.15044187,-0.25668988,0.45271313,-0.30229354,-0.3549388,-0.26608554,0.10229054,0.45662603,-0.35500097,-0.4513291,0.28792644,-0.101288214,7303
0.016609192,-0.33435318,0.26945904,-0.03830929,0.13361184,-0.059340753,0.20763397,0.31958303,0.037134707,-0.5863782,0.16438907,-0.024054646,0.49855483,-0.2468049,-0.21640359,-0.08338614,5359
-0.20584926,-0.26167983,-0.0056773275,-0.28968793,0.21766436,0.15546301,0.17116822,0.6985463,-0.45573533,-0.4117669,-0.052253276,-0.2754936,0.86741453,-0.24925292,-0.56382793,0.038389996,1777
0.1768408,0.114383355,0.39344537,-0.48582095,-0.101060316,0.5214585,-0.008540988,0.6611079,-0.5704329,-0.65101266,0.35255724,-0.0093207285,0.14432603,0.13851869,0.11348282,0.22781631,7800
0.20645589,0.027616557,0.6657196,-0.3047983,-0.26052225,0.55144304,0.36530873,0.97124726,-0.4952845,-0.9576874,-0.17477359,-0.3943894,0.23244078,-0.6380085,-0.0924114,-0.26387525,5715
-0.11806971,-0.16913313,-0.01628787,-0.016236037,0.3024751,0.16521257,0.06683181,0.47545624,-0.30991113,-0.09706805,0.18826246,0.021881133,0.61746687,-0.108633585,-0.3135771,0.049918257,7306
-0.050284445,-0.05132536,0.1856416,-0.6256306,0.0009435117,0.09903036,0.0031554638,0.60992,-0.0453823,-0.56683004,-0.14103958,-0.25684857,0.21614952,-0.41007748,0.07540026,-0.17345116,4018
0.26511297,0.010720424,0.59904265,-0.44782275,-0.21903595,-0.078652516,-0.049346816,0.49223772,-0.40737188,-0.40140516,-0.01648815,0.030974805,0.35087395,-0.14900872,-0.24909209,-0.19723447,5816
0.044654608,-0.4134999,0.497177,0.12171322,0.32619905,0.40275785,0.34750625,0.96451306,-0.38130727,-1.2557112,0.36795473,-0.2393598,1.1767895,-0.07218593,-0.0902949,-0.0871319,1156
-0.14399922,0.045542374,0.284613,-0.37593654,0.041462995,-0.26240766,-0.0020541325,-0.05297277,-0.39103192,-0.28253824,-0.16321391,0.053700775,0.59883213,-0.19595973,-0.20122023,-0.053674757,3594
-0.02630527,-0.25353822,0.18432467,-0.60150194,0.35848162,-0.42326015,0.07898803,0.3200794,-0.3735383,-0.21511655,-0.38393953,0.103473455,0.38581675,-0.16609402,-0.046843484,0.2729757,4302
-0.025878146,-0.2538229,0.32778966,-0.27680883,0.3478625,-0.058432758,-0.034081638,0.7253283,-0.105572656,-0.54506385,-0.025973981,-0.117262155,0.73293805,-0.046763778,-0.20365746,0.42646134,2015
-0.12599576,-0.07836505,0.21604061,-0.32877588,0.14372285,0.2760138,0.47792843,0.5922911,-0.5357959,-0.46593273,0.37001652,0.7517949,0.5924015,0.45190355,0.17380616,-0.057267502,5700
0.050966933,-0.015842192,-0.041356467,-0.5370096,0.2538639,-0.07814176,0.029031051,0.47347367,-0.09517704,-0.23085842,-0.17293449,-0.31132707,0.27718565,-0.24741676,0.006113112,-0.08737245,1258
0.07856317,0.2613756,-0.010106124,-0.1350653,0.19463435,0.1403782,0.2742005,0.64889437,-0.34006804,-0.59555525,0.14024888,-0.509228,0.35216978,-0.49115056,-0.089479014,-0.460463,8995
-0.05564913,0.45686084,0.06971815,-0.84568495,-0.26743618,-0.15633586,-0.22742277,0.26508576,-0.7746844,0.16660267,-0.10840586,-0.026964694,0.037144776,0.12819023,0.16072856,-0.17374046,6185
-0.058403745,0.017708398,0.08933734,-0.5532015,0.16847834,0.33289003,-0.02168668,0.7395842,-0.67667615,-0.119799905,-0.3161185,-0.2728572,0.282147,-0.30037054,-0.1710979,-0.006220326,1389
0.059022523,0.1314106,0.23185919,-0.24035971,-0.25332525,-0.17693211,0.20640762,0.24059391,-0.28473896,-0.4270047,-0.008954477,-0.39915493,0.42255646,-0.4907254,-0.15910546,-0.25734705,3041
-0.13581942,0.06496154,0.022513937,-0.50595057,-0.4052364,-0.41443428,-0.12543866,-0.020386316,-0.1905502,-0.31890184,-0.21651301,-0.39541638,0.03636256,-0.29150778,0.29406893,-0.4256941,7874
0.06044446,-0.2157217,-0.013881005,-0.223259,0.37723777,-0.22623038,0.09036353,0.3323806,-0.113444425,-0.45849615,-0.12396829,0.021779336,0.4520497,-0.19899008,0.19783774,0.11089827,2494
-0.134621,-0.23450692,0.2998598,-0.10224996,-0.17820059,-0.2433638,0.11379404,0.6537813,-0.2830742,-0.28008044,0.31240085,0.022534944,0.26945767,0.005383916,-0.33053464,-0.014336884,1114
-0.20209049,0.6433502,0.36810386,-0.23897459,-0.1373009,-0.20294541,0.21079826,0.49576822,-0.2696778,-0.21824607,0.1216395,0.025031239,0.12749955,-0.7487371,-0.015099674,0.07505567,2206
-0.07158542,0.008531377,-0.37911862,0.41478556,0.23676997,0.5573296,0.51736224,0.8676683,0.19147316,-1.0369062,0.39508772,-0.82046676,0.7867772,-1.049044,-0.031116039,-0.23509358,5492
-0.015472084,0.14608958,0.34016746,-0.31707853,-0.03129537,0.1973665,0.14892441,0.62171125,-0.31988758,-0.44196135,0.20205143,0.0828177,0.37190133,-0.14808096,-0.079656675,0.07375416,3251
0.18159686,-0.32571176,0.7216885,-0.29268572,-0.23981282,0.31234035,-0.01917563,1.196567,-0.5473403,-0.66230106,0.014419712,-0.0747785,0.27126265,-0.009538703,-0.36968392,0.018355012,5442
0.32430443,0.059608042,0.11304813,-0.37399882,-0.094214045,-0.25045645,-0.06498629,0.25804493,-0.6558088,-0.52058727,0.0010004938,-0.18795314,0.49163282,-0.25283736,0.12551138,-0.43877494,3961
0.0235776,0.4900999,-0.36178875,-0.50190735,0.16697295,-0.249632,0.053810522,-0.36187574,-0.61441624,-0.06192659,-0.3812225,0.39635018,0.1128054,-0.30700207,0.4468763,-0.42204142,1774
-0.042256102,0.25409198,0.61779654,-0.1266666,-0.15080369,0.10463734,0.5824096,0.4914431,-0.107309684,-0.6536016,0.29708505,0.30067652,0.09839221,-0.17196609,-0.2482691,-0.2471367,6863
0.20301935,0.15084845,0.09216981,-0.31481743,0.00381359,-0.34661755,0.05340817,-0.060698852,-0.3445897,-0.38303334,-0.22485344,0.111758694,0.032963216,-0.09078721,-0.12558758,0.08576195,4059
-0.1074051,0.07143253,0.10914138,-0.13984957,0.3175137,0.5395261,0.10372193,1.0815872,-0.26997882,-0.77519196,0.25780445,-0.1073923,0.84073246,-0.3063318,0.2730683,0.13174635,1619
-0.24449451,0.36764973,0.079963826,-0.8986551,0.5125952,-0.07371385,0.13962732,0.06992625,-0.22964051,-0.17070973,-0.5197638,0.10616131,0.48332155,-0.3846135,0.44608378,-0.246137,3152
0.1205453,0.44455552,-0.24725932,-0.52018374,0.18633586,-0.079215735,0.17012706,-0.15923843,-0.42070988,-0.12645307,-0.19848588,0.17512171,0.022851422,0.004869124,-0.03334084,-0.124111295,3764
-0.14212224,-0.05879526,0.058638286,-0.2399,0.11663796,0.20208138,-0.02126469,0.64638376,-0.4372258,-0.07385459,0.24780732,-0.04392323,0.3983292,-0.03089792,-0.16512007,-0.27809697,7779
-0.47573835,0.2945238,0.19670321,-0.86164033,-0.12604955,-0.08767344,-0.053104155,0.2820938,-1.105082,0.027689263,-0.38231224,0.18842165,0.17133808,-0.20158607,0.2943352,-0.10879716,1091
0.08051801,0.15345609,0.16984247,-0.2083148,0.2096684,-0.31900916,0.21240242,-0.17558448,-0.24212983,-0.43103117,-0.16085836,0.018864706,0.57559407,-0.43649304,-0.10069354,0.113956794,3551
0.009845972,-0.047975924,0.32878473,-0.32058936,0.115328856,0.116226606,0.15886056,0.49152744,0.07648601,-0.54560727,0.025075275,-0.21446022,0.44842613,-0.23946579,0.0185076,0.14183044,7185
-0.17157474,-0.09933908,0.30982393,-0.45241293,0.04062681,0.28904343,0.27058673,0.82031053,-0.67722845,-0.39776003,-0.05076926,0.25290805,0.69196725,0.054071277,-0.040121883,0.03204301,9728
-0.07432662,0.035116576,0.4027867,-0.42393574,0.0030097403,0.20231959,0.04663223,0.6612897,-0.7704382,-0.25889862,-0.3114561,0.14794186,0.37848854,-0.12296222,-0.08852181,0.04405552,5619
-0.079479225,-0.1372419,-0.1106679,-0.1821762,0.32469094,0.43143773,0.44843206,0.40060475,-0.39912742,-0.14468256,0.061235026,0.115302384,0.72227013,-0.18430352,-0.3021491,-0.0030061156,4008
0.06069669,0.0218089,0.05924184,-0.3404804,0.0025130995,-0.100290716,0.040906694,0.1969465,-0.11374531,-0.24198064,-0.021780483,-0.010122518,0.4106552,-0.13099258,-0.2289464,0.24904454,6820
0.14462489,-0.42851686,-0.08368464,-0.26026976,-0.24836807,-0.016911484,0.3171731,0.18700804,-0.44051933,-0.48488975,-0.05983893,-0.0567747,0.3876219,-0.15336572,-0.23317997,0.28041598,7286
-0.40697464,0.06426519,0.2689092,-0.25678664,0.101095915,0.41265056,0.3567988,1.0533475,-0.619843,-0.61537784,0.30443105,0.49390495,0.51283705,0.15879531,0.26683372,-0.053629607,7310
0.3217442,-0.2273975,0.25718266,-0.29486212,-0.43162072,-0.03606621,0.22400105,0.28352273,-0.71431625,-0.44791943,-0.26493648,0.0281187,0.23536184,0.05833655,-0.47437674,0.09754072,4610
0.19774136,-0.06296276,0.5979415,-0.2526778,-0.2346841,0.17648086,0.3245367,0.629882,-0.17932752,-0.9389758,0.20306626,-0.1880745,0.5383934,-0.2743402,-0.08359867,-0.08865015,7905
0.23629108,-0.20765781,-0.15518108,-0.26775646,0.45317087,0.010071784,0.22305124,0.019450396,-0.08634697,-0.33405587,-0.060393617,-0.46748567,0.9581595,-0.48593456,0.032900915,0.20419979,7722
0.14455557,-0.03980978,0.40119165,-0.3064435,-0.09184534,-0.23041515,0.2109468,0.72400856,-0.19830316,-0.73938847,0.18366277,-0.12638485,0.5200937,-0.24590167,-0.59547186,-0.21878868,6053
-0.09703462,0.13205141,-0.0018170625,-0.34315455,-0.0136542395,0.25687262,0.24299267,0.42175886,-0.22752565,-0.16227758,0.17170358,0.22073704,0.16819194,-0.05247271,-0.15131079,-0.03755492,9335
0.1676357,0.05765888,-0.054469056,-0.034852862,0.61760336,0.13717084,0.395178,0.06617972,-0.1830411,-0.089156166,0.07816765,0.54967964,0.3264522,-0.16924195,0.48267,0.22841543,5225
0.011760533,-0.08154748,0.0635813,-0.21270035,0.063528635,0.61456215,0.35384375,0.7682281,-0.4031464,-0.5105848,0.08346739,-0.16836512,0.39395556,-0.22781996,-0.22381744,0.004214838,2484
0.26716042,0.3323378,-0.042710662,-0.31760672,0.20961732,-0.1685664,0.3371422,0.26327437,0.008625567,-0.3734472,-0.28100944,-0.57620406,0.4703302,-0.44627517,-0.13461594,-0.04069455,5473
0.09640948,0.46641582,-0.21340859,-0.41250134,0.06917988,-0.008059543,0.17757392,-0.0010920763,-0.43866003,-0.06883032,-0.12932104,0.034789868,0.091406256,-0.055377312,-0.14180021,-0.1878316,1819
0.14077646,0.07629125,0.28850257,0.2255328,0.12112652,-0.4043808,0.22127292,0.48264238,0.1264789,-0.54453516,0.30034834,-0.0013529062,0.54960036,-0.4110853,-0.4268613,-0.038472265,1757
0.19043131,0.20374593,-0.0014868528,-0.4408831,-0.032468192,0.1233377,0.062417172,0.40757602,-0.37565374,-0.13750191,-0.020112874,-0.26325178,0.22341594,-0.18445906,-0.07898246,-0.03962691,7760
-0.18728274,-0.034785397,-0.13035558,-0.13717933,0.02869954,0.032081492,0.1388073,0.4135567,-0.56201893,-0.14185494,0.23288831,-0.087321796,0.41913268,-0.1025387,-0.15239704,-0.032890737,5423
0.10149318,0.5673857,-0.17477886,-1.0349519,0.11120048,0.2593096,0.13036236,0.29404408,-0.82790303,-0.27421165,-0.42976403,0.119982146,0.07609502,0.32117575,-0.18871811,-0.5221889,1098
-0.07656294,0.11345865,-0.026703916,-0.057804167,0.010479733,0.18535466,0.3748754,0.8383629,-0.14782542,-0.6837392,0.1131647,-0.7464006,0.32165542,-0.7302678,-0.5102688,-0.37093621,8754
0.32844386,-0.13268018,0.51304656,-0.22460492,-0.118782945,-0.07144944,0.24094625,0.05585271,-0.31928828,-0.46692216,-0.30782548,-0.05049199,0.31933707,-0.39762568,-0.19532827,-0.17152917,6538
0.23940107,-0.19156367,0.5141241,0.025621451,0.07709324,0.17416105,0.8372866,1.0806098,-0.52617055,-0.7644695,0.4622871,0.40833086,0.145219,-0.50885,-0.3743667,-0.30253652,2487
0.07159253,-0.072898716,0.24625467,-0.1989137,0.08369924,-0.21599859,0.2485465,0.3422404,-0.11944396,-0.5548565,0.13593763,0.08581029,0.4555282,-0.1623249,-0.23976259,-0.05306013,4910
-0.1516059,-0.005666256,-0.11378825,-0.14688331,0.40067098,0.2525516,0.50555325,0.32115304,-0.37701672,-0.2850911,0.16110116,0.14866157,0.68202174,-0.21581507,-0.39416122,0.05015686,7093
-0.11650886,0.20206039,-0.09655534,-0.21699953,0.02578038,0.30461237,0.32268032,0.43384457,-0.61018515,-0.36652946,0.23057014,0.049727418,0.28410035,-0.031895284,-0.23060434,-0.13933565,3546
0.12755127,-0.045882598,0.2828984,-0.1294327,-0.14357343,0.03944859,0.47998148,0.595863,-0.20447247,-0.849419,0.17661697,-0.43727866,0.42201132,-0.52130294,-0.3685795,-0.33704734,2246
0.13279168,-0.41476735,0.13565385,-0.2226962,-0.10041687,0.008887933,0.097698264,0.6488251,-0.50745296,-0.5744167,0.14505516,0.004568517,0.712245,0.07569998,0.085101694,0.39691895,8772
0.1581294,0.46842012,-0.14334913,-0.24194272,-0.0030163638,-0.055193737,0.43463674,0.22056633,-0.464933,-0.25497675,0.12401384,-0.07194126,0.3274019,-0.33227772,-0.03745249,-0.25188187,5262
0.2577748,0.23019157,-0.13611025,-0.16440602,-0.16683042,-0.14031649,0.25767985,0.50193465,0.0070383847,-0.6798033,0.2101469,-0.5107336,0.21479079,-0.4399025,-0.11572924,-0.24615781,5940
-0.111994,-0.76411396,0.20117626,0.3915707,0.43345946,0.5710937,0.48846352,1.1847565,-0.03738142,-0.9169855,0.050431702,0.010344632,-0.044724315,-0.56355697,0.25378987,-0.34017834,4629
-0.039182592,0.20402257,-0.2151238,-0.3436378,0.07601712,0.31594604,0.08788426,0.27839288,-0.5893904,-0.09121386,0.06692949,-0.27414605,0.21928024,-0.24424131,-0.14944094,-0.25724563,6178
-0.28831053,-0.087060496,-0.13579689,0.06867644,0.36296123,0.3841428,0.19861405,0.89096564,-0.5601169,-0.2958449,0.2643351,-0.35499346,0.84492254,-0.49705,-0.2846046,-0.04142177,4025
-0.24607822,0.05841193,0.1354387,-0.33938336,0.10185077,0.3615541,0.42531276,0.8371283,-0.37439543,-0.31389764,0.113306716,0.33655107,0.23643035,-0.16842364,0.22087526,-0.26302844,2413
0.036434352,0.42036793,0.23699641,-0.55715305,-0.028174937,-0.2894154,0.26672107,0.30448276,-0.4012416,-0.37286544,-0.061839513,0.16591005,-0.046364456,-0.30155796,0.13501298,-0.25138015,1144
0.117876545,0.3077518,0.13836797,-0.23355637,0.026788633,-0.037356004,0.006854158,0.21501464,-0.13343744,-0.11549495,0.080634326,-0.08228674,0.35720015,-0.40268517,-0.19680135,0.052663833,7000
0.005089313,-0.40882927,0.07257146,-0.326387,0.40740848,-0.10526058,0.029907215,0.5931657,-0.4680763,-0.39385527,-0.21839494,-0.029315524,0.78753126,-0.20403302,-0.0241445,0.3389245,3276
-0.35729218,-0.35633352,0.2248618,0.01912579,-0.0824255,-0.021817988,0.5585141,0.6985416,-0.23046903,-1.0180148,0.3288169,-0.21712455,0.9609586,-0.48434028,-0.40799052,-0.46814004,9605
-0.16893311,0.040040657,0.18829393,-0.2113186,0.15523359,0.4210275,0.5379762,0.5823207,-0.2746991,-0.6052979,0.27588713,-0.27275366,0.78197587,-0.42849183,-0.50289434,-0.13747889,5570
0.7270804,0.08890636,0.4468816,-0.17903917,0.08036192,-0.31949097,-0.025699273,0.5472486,-0.68428767,-0.2462289,-0.37936217,-0.24225909,0.20755136,-0.19770339,-0.20686875,0.25642496,3971
0.15638375,0.10618617,-0.041298613,-0.434508,0.056913994,-0.17575172,0.012979627,0.34938854,-0.40588894,-0.032683946,-0.18358754,-0.2997257,0.45187128,-0.29581088,-0.13009727,-0.060708568,9257
-0.03465297,0.19384146,-0.20033355,-0.41897106,0.25714892,-0.15554054,-0.053831644,0.15423983,-0.52794594,-0.054146707,0.16447912,0.20757249,0.45555174,0.04740513,-0.017445028,-0.13344838,2769
0.09705608,0.00021529198,0.12013753,-0.19495717,0.1185477,0.069966964,0.3063226,0.65238,-0.407219,-0.6814327,0.13241215,-0.21285762,0.15012637,-0.4082116,-0.097276196,-0.4080593,3471
0.009073138,0.08606082,0.21125151,-0.25077194,0.14735338,0.12066137,0.39142737,0.3596272,-0.13034624,-0.51751053,0.15049198,-0.15492713,0.5749793,-0.19334464,-0.39480203,-0.052198216,8740
-0.2037366,-0.22402464,-0.13132009,0.031325787,0.28569323,-0.16592984,0.49994892,0.56763947,-0.2319997,-0.42909873,0.42477858,0.64502054,0.20623246,-0.1634639,0.09906906,-0.27259058,6377
-0.36209697,0.35342878,0.3238976,-0.7395355,-0.27666998,-0.15794894,0.25960281,0.27178258,-0.74339294,-0.034232423,-0.34871727,0.1658037,-0.044447184,-0.15044066,-0.4732673,-0.5505873,5335
-0.004435107,-0.49201164,-0.48053002,0.2540881,0.107627735,-0.01650786,0.12682433,0.8989144,0.25202703,-0.9279144,0.26851812,-0.5447403,0.8269865,-0.536358,0.015517771,-0.10327491,2340
-0.0042546876,0.11653216,0.095633425,-0.43677473,0.08499051,-0.09720527,0.06630407,0.13513401,-0.455622,-0.50119835,-0.122062065,-0.29572573,0.83127034,-0.15311304,-0.31418607,-0.12435737,9082
-0.028910756,0.17206192,-0.12969208,-0.24439023,0.39661056,0.3212106,0.19541058,0.59165144,-0.4739223,-0.3113883,0.19540134,-0.2036604,0.4096403,-0.18193993,-0.22120923,-0.25142497,1811
-0.3196712,0.029288985,-0.03260456,-0.096684396,0.0007226318,0.11252658,0.112113215,1.1180067,-0.16726437,-0.7037574,-0.025663905,-0.4355624,0.23114246,-0.59225655,-0.32973993,-0.31754535,5552
-0.0642968,-0.03258071,0.19688141,-0.38373306,0.13559516,0.04125361,0.102338456,0.47137913,-0.22908229,-0.27060747,-0.14762764,-0.42352664,0.5465654,-0.24186447,-0.5431199,0.13169922,9164
-0.13061753,0.0015670694,-0.29164517,0.018351018,-0.06604513,0.22573687,0.17960791,0.38139826,-0.2201795,-0.23888731,0.23327628,-0.3671649,0.35515422,-0.38559768,-0.16023086,-0.029508665,5783
0.029309824,0.14638364,-0.13493256,-0.15637058,0.29771242,0.2267743,0.47100073,0.39655012,-0.47626972,-0.21685934,0.13584632,0.247897,0.11209797,0.048140462,0.04712519,-0.23739599,3261
0.20497043,-0.26109922,-0.16629714,-0.2437889,0.10991944,-0.09134669,0.075790204,0.4425029,-0.093574554,-0.37862718,-0.23009995,-0.3294742,0.3753534,-0.32483914,0.022150904,0.05826372,4920
-0.015368125,-0.11932625,0.009887956,-0.2387895,0.16668685,-0.055532128,0.17014727,0.3505777,-0.12220234,-0.2409737,0.199161,0.4013967,-0.078898475,0.067173816,0.25142196,0.10483745,7795
0.18155317,0.36470246,0.1625845,-0.28517088,-0.042385057,0.29563206,0.20021608,0.74959785,-0.37426096,-0.3207113,-0.118354425,-0.28291002,0.029673949,-0.5767119,-0.19427776,-0.090076804,3743
0.12632239,0.10487431,0.2573787,-0.3423913,-0.007208474,-0.30119678,0.0046401005,0.6243595,-0.5187994,-0.17454803,0.06950213,-0.07587393,0.14800748,-0.2795682,-0.2840307,-0.08088735,7524
-0.0537868,0.18499282,-0.110746935,0.22510284,0.13911794,0.38264865,0.6444202,1.0696323,-0.28721553,-0.7099346,0.45743603,-0.018276278,0.4844443,-0.5000878,-0.20599684,-0.15063408,5342
0.07145655,0.01379545,0.3062349,-0.30150372,0.19265643,-0.3177611,0.49063253,0.55138344,-0.38403404,-0.65959835,0.30978468,0.28956416,0.12061715,-0.1370231,-0.66297907,-0.11010307,1764
0.07127526,0.3925409,-0.2186618,-0.3862746,-0.035178293,0.121979624,0.027816884,0.34718442,-0.38662836,-0.16260931,0.066209026,-0.44705737,0.21274102,-0.43331718,-0.042641968,-0.14208955,1113
-0.43213364,0.07074146,0.045277257,0.028657287,0.25011417,0.3151424,0.30435416,0.8438529,-0.56541085,-0.30257934,0.31063738,0.012546003,0.5888525,-0.17166805,-0.11108047,-0.06266791,5789
0.030480906,-0.22970144,-0.4470939,0.38395417,0.2866858,0.16451226,0.3439693,0.92910135,0.21827315,-0.78236955,0.3120078,-0.62385225,0.666529,-0.85848564,0.019672126,-0.28375608,6991
-0.28659004,-0.14633976,-0.06422081,0.3108105,0.27571765,0.621515,0.40350166,1.0998279,-0.11412205,-0.7899663,0.40409598,-0.33247432,0.6898019,-0.66934806,-0.0024585128,-0.03061533,4268
0.2529753,0.31453967,-0.21972138,-0.18651652,0.19413131,-0.03234027,0.29562846,0.41415477,-0.2117638,-0.50399977,0.15648621,-0.14006956,0.14319417,-0.22264285,0.08282283,-0.31039864,8646
0.042760015,0.19384974,-0.029436294,-0.16610993,0.0025140792,0.38945428,0.57225263,0.3997268,-0.33745432,-0.3348331,0.11558381,-0.4032234,0.42236024,-0.3540318,-0.4738791,-0.39081103,1943
-0.101468086,-0.019414969,-0.12744507,-0.41876274,0.14867032,0.16603836,0.02476199,0.440481,-0.13148591,-0.22398968,-0.122457445,-0.33938763,0.23728478,-0.3825413,0.08275139,-0.14999898,9501
-0.22604088,-0.17060584,0.15380272,-0.56059694,0.37587684,0.15262538,-0.16489927,0.5991833,-0.3692655,-0.10906123,-0.21747331,-0.15340616,0.5999803,-0.22011292,0.09897554,0.01514186,8423
0.1667925,-0.13633761,0.1509968,0.1688691,0.21770285,-0.06247437,0.59521997,0.9010112,-0.02509214,-0.67987454,0.33255076,0.18895017,0.33286577,-0.201623,-0.13713983,-0.23480383,1429
0.03970541,0.29607838,0.2773212,-0.34296396,0.018350258,-0.077640906,0.4518631,0.30258173,-0.33189213,-0.52011997,0.13619673,0.11896615,0.28540868,-0.031880908,-0.3581682,-0.053833514,1526
0.055523157,0.27508813,0.09219894,-0.7099663,-0.07395216,-0.17711659,-0.05378883,0.23564257,-0.4693736,-0.31380838,-0.11482502,-0.29661712,0.22780526,-0.056811318,-0.21687895,-0.38652223,6376
0.04267524,-0.1432608,0.32614776,-0.28911328,-0.09043878,0.11887765,0.29809093,0.507744,-0.2558737,-0.61420494,0.11637036,-0.16818859,0.15720442,-0.15120468,-0.32222378,-0.3787621,4420
0.15718433,0.2784426,-0.08509119,-0.18869165,0.22368082,0.13352059,0.3800015,0.123336546,-0.34720913,-0.5026466,-0.10857311,-0.18976796,0.39533868,-0.25446802,0.14094138,-0.113868326,3163
-0.21792766,-0.118863404,0.06495875,-0.18170074,0.0638842,0.47588485,0.2514162,0.7544717,-0.8844546,-0.32485726,0.05432314,0.0818855,0.2694143,-0.14259228,-0.18650061,-0.024933591,3160
-0.15172566,0.39166546,0.17413186,-0.26452148,0.028468363,-0.26362407,0.34441388,0.29731026,-0.16263366,-0.20316814,-0.074031204,0.16150622,0.08818179,-0.102697045,-0.06780878,-0.10905096,1324
-0.26617435,0.43409806,-0.46590617,-0.22208901,0.08042386,0.59579957,0.39030468,0.2672507,-0.6927085,-0.09979913,0.14304811,0.14731897,0.3430849,-0.2920795,0.3209628,-0.2965206,4116
0.3543294,-0.4208679,0.6105645,-0.22106636,-0.40723756,-0.14007823,0.04764819,0.9303315,-0.7396439,-0.39430726,-0.18739644,-0.08237395,0.57896054,0.014501542,-0.7688441,0.29853535,8942
0.21792763,0.3687439,-0.17828514,-0.6011486,0.12381889,-0.15969434,-0.003358882,-0.2636187,-0.44870558,-0.17943244,-0.17171021,0.021684706,0.07630704,-0.20124373,0.25014523,-0.17355093,5230
-0.22733536,0.045017026,0.2006995,-0.48308736,-0.025814943,0.18592724,0.29923955,0.6641164,-0.6772065,-0.25343463,-0.23797135,0.13010244,0.38570693,-0.17250243,-0.39048892,-0.18099794,1491
0.2594813,-0.13740449,0.11361664,0.17088956,-0.19766337,0.36625597,0.16894737,0.9395915,-0.1205709,-0.8067526,0.14426848,-0.47506955,0.18039224,-0.72872645,0.08785248,-0.12446371,5520
0.14141116,0.47039357,-0.10739668,-0.3762884,0.35264704,-0.29842222,0.057181556,0.015771523,-0.258556,-0.181278,-0.055499256,0.27065054,0.020283058,-0.24479821,0.15025392,-0.076603055,3574
-0.32432526,-0.0754264,0.35477364,-0.30776137,0.051977515,0.3248633,0.38897887,0.94016904,-0.40302128,-0.545873,0.023242643,0.14814341,0.8999013,-0.19159822,-0.1506685,0.00053182244,2312
0.07152645,-0.024339318,0.5188904,0.2839096,0.19924212,-0.57928634,0.024976522,-0.034179475,0.094907835,-0.6588509,-0.016407203,-0.23041977,0.90084,-0.9849196,-0.30361682,-0.17002873,8285
0.084395565,0.21735111,-0.018155344,-0.47599173,0.0058052987,-0.07014557,-0.0281566,0.14558485,-0.52448153,-0.10488161,0.03590764,-0.30497527,0.28660977,-0.17989899,-0.2433317,0.004601985,6107
-0.0044899136,0.058311973,-0.05459057,-0.5626786,0.19593191,0.44123277,0.5237779,0.22683848,-0.45038515,-0.27299562,-0.11800589,0.05846379,0.36184713,-0.20107049,0.29202348,0.082239255,2970
0.03297151,0.037353978,-0.000772208,-0.017772317,0.48224622,0.2784493,0.6524597,0.27457762,0.13478109,-0.43197453,0.13255344,0.0023293048,0.47124207,-0.088659614,-0.16725701,0.083337694,6945
-0.010183051,0.45832372,-0.18807517,-0.4753897,0.05972783,0.0905305,0.027377933,0.072274715,-0.67555517,-0.07112682,0.10799886,-0.0318062,0.23828113,-0.19928026,0.051219106,-0.35472795,7186
-0.09475575,0.30098295,0.044771858,-0.05641985,-0.019424845,0.19908094,0.38833794,0.71525556,0.09535332,-0.50702506,0.13269489,-0.33102977,0.49691862,-0.5501218,-0.2652368,-0.022399426,4996
0.11572102,0.046950255,0.060886428,-0.38715157,-0.018572837,-0.13839607,0.22486418,0.28625238,-0.44843256,-0.23250088,-0.06551094,0.010541961,0.35939878,-0.096439555,-0.20916453,0.018945709,4517
0.0041060895,0.083318636,0.18333782,-0.43687585,0.07371256,-0.2997132,0.11860509,0.03452328,-0.3852837,-0.36060226,-0.06240835,0.11910922,0.11138615,-0.107055195,-0.17698292,0.15586892,3283
-0.10325192,-0.3974133,-0.4861044,0.20088553,0.5592735,0.3080736,0.26481313,0.9650179,0.12817498,-0.95792186,0.10791095,-0.6676208,0.9823971,-0.7586318,0.28152442,-0.02865161,6987
-0.0516245,0.1275026,0.061160486,-0.62238264,0.113204226,-0.008163154,-0.17383349,0.65108496,-0.4613518,-0.023412049,-0.25612697,-0.26671815,0.25436595,-0.17760417,-0.04743874,0.03429334,1559
0.10136679,-0.20224579,-0.24540359,0.082131505,0.6158447,0.24124983,0.25732076,0.6409176,0.10190135,-0.642695,0.1304582,-0.6870209,0.7822685,-0.6595212,-0.008279875,0.17254895,9910
0.015153453,0.22457743,0.06384997,-0.5015083,0.13146658,-0.31666577,0.045118,-0.075761914,-0.34509638,-0.22657199,-0.16814514,0.03272997,0.0063237846,-0.16643459,-0.10552029,0.121631846,1254
0.15597901,-0.05949227,0.2873029,-0.32511795,-0.18977748,0.14793465,0.32992175,0.28294933,-0.072588585,-0.6127812,0.046236392,-0.33392525,0.56463766,-0.15669796,-0.3194223,0.0003221631,8602
0.020726308,0.04293958,0.036546215,-0.3972009,0.10069251,0.7933698,0.6079675,1.0336841,-0.8763053,-0.41974258,-0.19302359,-0.3156895,0.1658701,-0.32175887,-0.83884734,-0.28325143,7887
-0.09837344,0.16281198,-0.15815681,-0.099459484,0.330846,0.64913714,0.3571654,0.7826977,-0.4070847,-0.5615772,0.07550911,-0.7139442,0.49169827,-0.82039595,-0.21684611,-0.3508743,4254
-0.06856857,0.34535497,-0.3367765,-0.19201088,0.032589123,0.13183962,0.18481591,0.30990258,-0.34385058,-0.069309555,0.1523228,-0.4325828,0.33492047,-0.4330229,-0.006245345,-0.22300768,3683
-0.0901189,-0.20834076,0.15412936,-0.32853854,0.48213995,0.16623211,0.06016984,0.73069906,-0.55398333,-0.18801962,-0.08042755,0.08390397,0.5527539,-0.25356668,-0.2502334,0.06313425,9275
-0.027904138,0.09900737,0.03519661,-0.39325923,0.110471025,-0.16633105,0.2885424,0.20386627,-0.4340524,-0.340155,-0.107691236,0.06950341,0.3928601,-0.093602896,-0.30936256,0.07423219,2868
0.02723147,0.13372996,-0.11448234,0.06272289,-0.17306541,0.6320463,0.2661706,1.2032936,-0.2567188,-0.588923,0.29886323,-0.6759717,0.045536816,-0.68394846,-0.00086170435,-0.22386828,2931
0.236422,-0.27812707,0.23176408,-0.5208269,-0.1900086,0.15204546,0.07070631,0.345208,-0.75475204,-0.24117051,-0.09077479,-0.10263764,0.22797315,0.13744415,-0.4887962,-0.09415986,8198
-0.101531416,0.48777187,-0.055364132,-0.7433701,0.053487312,0.20425868,-0.107084215,0.0488267,-0.54468095,-0.075472265,-0.106525145,-0.31272227,-0.024273813,-0.014658757,-0.027710617,-0.23014668,7698
-0.08183546,-0.11698621,0.032309026,-0.47102177,0.32973093,0.3544941,0.14419714,0.86609554,-0.52805036,-0.2598371,-0.05937052,-0.39298695,0.6289604,-0.27358812,-0.5798286,-0.10912867,6218
-0.0044516325,-0.3639105,0.10101341,-0.26121423,0.3367511,-0.07236257,0.1394205,0.17450625,-0.15061674,-0.3360626,-0.1815649,-0.08378102,0.57185864,-0.23623505,0.079739675,-0.0013575405,1312
0.25351316,0.00920908,0.63555384,0.15261567,-0.28192586,-0.5004613,0.18142572,0.27549526,-0.0934944,-0.6131537,-0.22409977,-0.3460304,0.55274236,-0.6222796,-0.49906927,-0.23642841,6256
0.046752393,0.09337053,0.2422234,-0.4798474,0.07361241,0.25009364,0.093188785,0.6140959,-0.58684325,-0.3428121,-0.110504605,0.025301427,0.2943326,-0.1368899,0.006240934,0.26626593,1643
0.010583892,-0.10851477,0.13033195,-0.418904,-0.23800762,0.12271493,0.073411345,0.6269209,-0.3576692,-0.369484,0.06257908,-0.27790067,0.23603967,-0.14480485,-0.26371107,-0.078472316,2734
0.21050791,0.11102404,0.022963563,-0.54412067,-0.033859253,0.3313779,0.08619904,0.42194223,-0.6434132,-0.33747885,-0.07204303,-0.29253462,0.15135413,-0.0886883,-0.21261372,-0.24803074,1407
-0.11184132,0.104328096,-0.20375381,-0.25106043,0.28411976,0.3027616,0.19309977,0.86148286,-0.46399269,-0.24305362,0.1817991,-0.4297526,0.35434714,-0.46419886,-0.23061302,-0.6187497,6422
0.116232574,0.79591,-0.3517362,-0.6351057,0.44230896,0.35201222,0.15692562,0.6288099,-0.327657,-0.21079391,-0.51412225,-0.6851715,0.35564256,-0.49991614,0.37763858,-0.47162157,5401
-0.13484757,0.2506033,0.020162495,0.06304373,0.05191225,-0.066921234,0.2442783,0.512917,-0.24209198,-0.39371863,0.26178792,-0.16079827,0.5781249,-0.4567104,-0.4094279,-0.1032953,4937
0.089172594,0.14153676,0.2516788,-0.48141685,0.2750935,0.055547703,0.23397183,0.43910292,-0.22798704,-0.47256982,-0.04816316,0.20302388,0.13592792,-0.04545342,0.16403201,0.046669424,3562
0.009783704,-0.50545603,-0.29736796,-0.009349853,0.06587286,-0.09834877,0.10150796,0.44921693,0.076490894,-0.8060845,0.043256585,-0.6661675,1.0275722,-0.4238758,-0.049464047,0.003439825,1411
-0.031895652,0.38919175,-0.04879424,-0.45306057,0.008024044,-0.16015708,0.045877513,0.10297195,-0.3028763,-0.20202413,-0.032044437,0.089751184,0.071625024,-0.06638202,0.074625045,-0.14603575,4790
0.2804412,0.50620055,-0.24619998,-0.6408789,0.20515317,-0.18700853,0.08432737,0.06450258,-0.7376526,-0.097486,-0.06920259,0.2286173,-0.094687656,0.13672954,0.29322726,-0.28320447,1655
-0.12362608,-0.11768612,0.260526,-0.3188191,-0.1380069,-0.30940068,0.29986817,0.58524716,-0.21943441,-0.66322607,0.17019132,-0.027107358,0.7014058,-0.27284363,-0.60897195,-0.18522242,6075
-0.055768624,0.008696295,0.093634084,-0.23747867,0.10811749,-0.06837359,0.363112,0.47749883,-0.29596114,-0.4424559,0.24361989,-0.077454895,0.58750325,-0.2241061,-0.53029144,-0.039793015,3061
-0.029903203,-0.34361085,-0.0023653144,-0.0079244375,0.34557286,0.2599551,0.334197,0.6673037,0.24169278,-1.0344722,0.023173846,-0.4771706,0.6589372,-0.6372823,0.3522319,-0.120408505,9933
0.4898405,-0.44020104,0.39003164,-0.049824238,-0.45522526,-0.026708595,0.24796687,0.7930919,-0.6988324,-0.5432296,-0.20821826,-0.15792938,0.41927364,-0.13803466,-0.7255925,0.3007908,1567
-0.24873139,0.74046314,0.5891961,-0.39189944,-0.23193818,0.54460335,-0.21878175,0.8755828,-0.9917191,-0.5707253,0.13234475,-0.22542627,0.2606615,-0.7004558,0.3942358,-0.091589555,2870
0.08736998,0.26658064,0.20057027,-0.17956357,-0.027950555,-0.114002064,0.33859605,0.38206834,-0.4505846,-0.23186354,0.1333565,-0.19106406,0.3586139,-0.331635,-0.7043512,-0.051088706,1599
-0.090408936,0.13200736,-0.13940868,-0.0074569583,-0.10875611,0.8064672,0.8140182,0.9471697,-0.8172529,-0.34118018,0.19039653,-0.50110185,0.6234704,-0.53585756,-0.6271343,-0.60013956,6161
-0.08873798,0.03655,-0.20815463,-0.31597197,0.4314461,0.39507458,0.113448665,0.33489698,-0.51633155,-0.051558375,0.01825564,-0.19552583,0.7304748,-0.22071344,-0.05677858,-0.060529098,9535
0.008093342,0.54256475,0.043376278,-0.5436076,-0.0069870204,-0.27575102,0.27022412,0.13608459,-0.44479024,-0.30252662,-0.24351224,0.27221686,-0.3393388,-0.054117694,0.12523514,-0.46149603,2026
0.15260552,-0.031165898,0.12395134,-0.3634604,-0.042007364,0.20091055,0.2753266,0.35720056,-0.61190605,-0.2655616,0.035723574,-0.014545314,0.17653805,-0.09977476,-0.29025385,-0.1146705,2829
-0.08026335,-0.3630516,0.3943293,-0.45768628,-0.23351654,-0.32151473,0.41814634,0.33325657,-0.87061054,-0.4517145,-0.22462125,0.61797976,0.18122897,0.39276078,0.007267982,-0.21462804,6737
0.07363722,0.036017142,-0.1396862,-0.48092163,0.14408967,-0.042092808,-0.09232389,0.48837346,-0.5288505,0.009976953,-0.05324421,-0.29897892,0.26705128,-0.18771347,-0.19579788,-0.006016165,7748
0.058437906,-0.08479024,0.22862288,-0.45643055,0.20859712,-0.050024122,0.079951964,0.39804417,-0.4373726,-0.30657184,-0.14536035,0.11845024,0.36143428,-0.0017158985,-0.09158318,0.23548794,7564
0.067116946,0.08232491,0.47083238,-0.26049986,0.119931325,0.020507531,0.43022805,0.48889512,-0.089676306,-0.47783434,0.10799183,0.15035637,0.28882667,-0.104234666,-0.03494245,-0.08095811,3069
-0.13061807,-0.5423788,-0.18402411,0.155755,0.037352115,0.10138516,-0.11757103,0.39598352,0.19072974,-0.77709657,0.00753491,-0.26015723,0.21279562,-0.46027783,0.19439366,-0.046277046,6169
0.016907796,-0.013980404,0.17951153,-0.11144319,-0.014365122,0.08280985,0.09368062,0.5868591,0.046716914,-0.6829412,0.20715299,-0.3189088,0.4981091,-0.5228474,-0.10662198,-0.17818083,8939
0.10544364,0.15388745,-0.033701446,-0.43829963,0.016774248,-0.01343051,0.19136712,0.26501894,-0.2046138,-0.17936033,0.021925174,-0.1861238,0.21930984,-0.22895746,-0.033672392,-0.2814807,6919
-0.01983188,0.23199579,-0.041415088,-0.525337,-0.13011232,-0.17999464,0.17315117,-0.13091148,-0.40019146,-0.13009852,-0.09287305,0.021172918,0.12163223,-0.017815668,-0.2333926,0.0011997521,4169
-0.037161574,0.3875342,-0.27159703,-0.50404286,0.11375351,0.5247644,0.41451943,0.2541582,-0.74278754,-0.22031768,-0.010501042,0.08255107,0.20667201,-0.06578228,-0.33879718,-0.4275567,6344
-0.098518685,-0.107888915,-0.047223315,-0.2319397,0.24370445,0.22253278,0.0037462525,0.69221795,-0.33942488,-0.19155987,-0.08725749,-0.4069817,0.49056366,-0.39697558,-0.285553,0.027525827,3948
-0.012887068,-0.02212213,-0.21719736,0.012256235,0.5195322,0.28424194,0.38115126,0.8974572,-0.24123845,-0.29770184,-0.020551786,-0.018757105,0.51016927,-0.57457185,0.609483,-0.23263125,6030
0.03967017,0.21154363,0.06041711,-0.34927365,0.3786104,-0.1327235,0.19832464,0.13632873,-0.30758774,-0.35242915,-0.20975927,-0.012574762,0.33259764,-0.057438664,-0.04108712,-0.02060157,3204
0.21265604,-0.50982344,0.24762842,0.41058326,-0.053908676,0.14668398,0.29707208,1.4372573,-0.44597965,-0.7526097,0.08275862,-0.5839039,0.94829047,-0.61315876,-0.8102701,0.17882805,9672
-0.26555967,-0.13169271,-0.1677433,-0.023650467,0.0053157806,0.47038972,0.22646052,0.5017233,-0.81073415,-0.31835568,0.3433219,-0.19548507,0.5010388,-0.24544199,-0.010801345,0.2742495,1219
0.12311918,0.13768876,0.11842678,-0.36065394,0.14933065,-0.35266143,0.21153612,0.13467175,-0.37533066,-0.38825858,-0.046736695,0.018643796,0.31326047,-0.17646992,-0.14665422,0.11585817,9393
0.1313328,0.17896819,-0.018172905,-0.13783337,0.15415703,0.054294083,0.27069104,0.5661398,-0.27742773,-0.42606944,0.11010614,-0.17887382,0.058730606,-0.17874075,-0.11164839,-0.036399618,5101
-0.01966551,0.108601525,-0.21858019,-0.14110924,0.669971,0.37697855,0.32492024,0.40164402,-0.3959182,-0.20495899,0.1290271,-0.1768762,0.67455447,-0.36832136,-0.06705396,-0.0038261116,6708
0.18775699,0.64893365,0.109601,-0.7917292,0.04801541,-0.28330797,0.12546974,0.18818176,-0.3401628,-0.31987843,-0.3684756,0.03099963,-0.064432636,-0.04124441,-0.25302732,-0.29257286,8374
-0.14792097,0.1176341,0.32906985,-0.47735846,-0.15738723,-0.3088206,0.038622342,0.24537599,-0.61956114,-0.2787747,-0.25595757,0.13231137,0.08358964,-0.10103558,-0.2892903,-0.016547427,7541
0.100581765,-0.27422553,0.16445963,0.2368498,0.07119277,0.07888298,0.3079077,0.79996383,-0.04840857,-0.7683754,0.3821474,0.09334519,0.16876365,-0.3681041,0.2057979,-0.12088901,7141
0.08748258,0.1823161,-0.0003164187,-0.25902256,-0.052583046,-0.048054904,0.1955564,0.31949624,-0.077222995,-0.35207754,0.076503806,-0.18637125,0.31005427,-0.23779249,-0.25409868,-0.111217305,2914
0.2503982,0.23102227,0.24363083,-0.31582057,-0.08302256,-0.029742524,0.16941734,0.41831887,-0.087444544,-0.5087538,0.10992606,-0.2207242,0.20179854,-0.29714197,-0.22915913,-0.084910095,8252
0.011542335,0.0867853,0.027009984,-0.5800602,0.010031939,0.050334834,0.20889576,0.30679005,-0.35804814,-0.17704216,-0.08116898,0.22783054,0.21976708,-0.0100907795,-0.1865753,-0.06364408,8047
0.13675937,-0.21706045,-0.088734224,0.019849792,0.13074233,0.016070992,0.13155624,0.47078657,-0.105580404,-0.25940895,0.002803795,-0.31919247,0.55540067,-0.3950175,-0.21397023,0.011073485,5969
0.28448334,0.11932227,-0.2901842,-0.55885786,0.49552357,-0.03304243,0.03021884,0.07212295,-0.42975873,0.012225978,-0.16684467,0.20592159,0.436786,-0.08386009,0.117752776,0.068126306,1283
0.103727885,0.068197265,0.17376675,-0.5485986,-0.12765633,0.08428462,0.15264195,0.30800146,-0.61687016,-0.16442919,-0.21470746,-0.039714254,0.13514704,0.059143577,-0.31712613,-0.29862052,1237
-0.066412985,-0.008869931,0.16151378,-0.6438378,-0.09644217,0.07792528,-0.058269884,0.4431278,-0.6294823,-0.13562264,-0.026106924,0.07029651,0.37132162,0.23024938,-0.15368313,0.0037986487,6692
0.07895044,0.11653718,-0.4565348,0.35448384,-0.1378015,0.22591144,0.469138,0.8882063,0.096710905,-0.92893803,0.42458525,-0.55289876,0.48021394,-0.6972694,-0.100430444,-0.17186706,8382
-0.056491256,0.0100250915,0.029001046,0.10300174,0.5519228,0.28217825,0.44492376,0.40680522,-0.090698004,-0.545652,0.119783156,-0.16722009,0.6537419,-0.33790138,-0.04682593,-0.010676369,1727
0.054966003,0.30707434,-0.0735181,-0.9360409,0.076904744,0.42175916,-0.038143426,-0.036560312,-0.5932529,-0.62508094,-0.22751741,-0.70539707,0.4298678,-0.1500943,-0.23851888,-0.35582995,2127
-0.40451914,0.0947146,0.35987306,-0.73597634,0.04224637,-0.054940715,0.12967147,0.42833957,-0.9534045,-0.08809739,-0.28361768,0.20875534,0.07157199,-0.27917725,-0.29965398,-0.24618223,7103
-0.022707328,0.18305212,0.54728657,-0.38665304,-0.051502958,0.6874592,0.54892075,1.0770762,-0.38564986,-1.1556174,0.1958186,0.036675617,0.9178605,-0.08628544,0.1498355,0.020089447,5752
0.17687985,0.1949394,-0.018655274,-0.43342784,-0.010548577,-0.056777954,0.06646305,0.22351092,-0.3001635,-0.20603086,0.06305217,-0.027516156,0.15267241,0.07912836,-0.15827516,-0.056004524,2240
-0.25652665,0.06566148,0.09604387,-0.36150277,-0.07247654,0.02985052,0.14383805,0.6010198,-0.51733,-0.12364174,0.032237146,0.16700858,0.44080567,-0.07548672,-0.34414077,-0.15732516,5981
-0.0089509785,-0.38370502,-0.054694153,0.14919648,0.68191195,-0.15299623,0.20743036,0.49122393,-0.2784093,-0.45956117,0.2421785,0.49214584,0.74929893,0.12568629,-0.0005532652,0.19232348,5331
0.06644748,-0.39120984,-0.3747238,-0.012281835,0.30014065,0.16607574,0.24163967,0.7163575,0.14125858,-0.5969277,-0.0064604804,-0.47388488,0.6342483,-0.53894234,0.005414039,0.2016394,2594
0.16195971,0.08202138,0.0049974266,0.09707187,0.24741161,-0.10655533,0.37291777,0.4235724,0.060822964,-0.71669775,0.23484962,-0.3708833,0.405066,-0.4856561,-0.23346438,-0.09945068,2146
-0.08987121,0.3028103,-0.25141364,-0.22896603,0.12001461,0.4512258,0.45616335,0.43190014,-0.6153933,-0.28311718,0.105358675,-0.2570064,0.31397474,-0.2852776,-0.2367764,-0.45443422,1184
0.19779584,-0.5979731,0.4602714,-0.30822486,0.10040888,0.58466274,0.5944237,1.2591401,-0.7935666,-1.0529213,-0.08378704,0.1847364,0.84520686,0.38449422,-0.84515244,0.32942855,4605
0.11964705,0.06681349,0.22719783,-0.1706423,-0.21666732,-0.104572594,0.11097405,0.5105809,-0.018013746,-0.5789297,0.107804775,-0.36641544,0.26571205,-0.5747169,-0.17386496,-0.091821134,9647
-0.08880496,0.32206014,0.06352532,-0.14973255,0.32669342,-0.20375165,0.5010945,0.1387405,-0.2115343,-0.4300655,0.17167836,0.45553106,-0.1737704,-0.067274675,0.053002447,-0.029774591,5428
0.19241366,0.03938525,0.16275933,-0.13070548,-0.00645034,0.2906538,0.44682524,0.98420805,-0.26754475,-0.98578596,0.23731548,0.030356199,0.63591456,-0.2196327,0.30129468,0.017228752,3880
-0.053262353,0.24903235,-0.054426856,-0.7764327,-0.048387736,-0.08559984,0.02021724,-0.19548456,-0.5578193,-0.0268422,-0.25144777,-0.039817765,-0.12236507,-0.047430933,0.08365233,-0.21047352,6122
0.10385808,0.3002722,-0.22122878,-0.22722095,0.022012293,0.39845654,0.4781537,0.46523386,-0.474935,-0.224262,0.012915462,-0.30609027,0.30718687,-0.21867914,-0.49837917,-0.3501992,5882
0.1121815,0.32615948,0.041936923,-0.3329064,-0.09705256,-0.08687198,0.25632203,-0.47837016,-0.3294482,-0.19296005,-0.49502498,-0.23266798,0.07752544,-0.49655718,0.17815652,-0.4558769,9784
0.014775373,0.27931,0.031551693,-0.514652,-0.05609425,-0.18593809,-0.015481703,0.31621543,-0.2875746,-0.17925045,-0.04358374,-0.024770383,0.19716468,-0.14878906,-0.12386346,-0.12145823,5867
0.082625926,0.24971284,-0.030990612,-0.36308154,0.14719011,-0.20952472,0.085858546,-0.01880604,-0.3489648,-0.110112056,-0.28103423,-0.024468616,0.21437687,-0.21621849,-0.022928119,0.002315417,9255
0.077604234,0.016579913,-0.034420982,0.27246147,0.17036039,0.42424023,0.67893946,1.0589322,-0.31939563,-0.7831385,0.45937896,0.0015032776,0.13273165,-0.6315398,-0.00785999,-0.08753137,2815
0.11494943,-0.2960181,0.08584823,-0.30609694,0.04358633,0.21122986,0.1990853,0.65982276,-0.22470887,-0.6900413,-0.08723305,-0.19687292,0.31184953,-0.07100979,-0.022525355,0.19541745,8000
0.056891985,-0.07431874,0.09817879,-0.21225935,-0.0849687,0.09924878,0.14449126,0.77898604,-0.115949035,-0.8161771,0.18325832,-0.53537065,0.25834286,-0.5183497,-0.1266337,-0.5414283,6901
0.15094535,0.03302747,-0.2647052,0.043689862,-0.42366973,-0.048285097,0.16211128,0.36768037,0.25519413,-0.52217895,0.41580948,-0.59266484,-0.0662982,-0.71122503,-0.10200486,-0.3782181,4213
-0.020386279,-0.09810424,-0.0035565197,-0.61075664,-0.0039428473,0.4044953,0.35041088,0.40156335,-0.9598625,-0.15733568,-0.45429635,0.121188015,0.2901408,0.14816907,-0.36054516,-0.3355363,2853
0.084933735,0.24036698,0.26312593,-0.36880702,-0.08313224,0.32188433,0.35772043,0.64510727,-0.363864,-0.4528421,-0.02601081,0.14713609,-0.118278295,-0.20053151,0.14926709,-0.17646341,5372
-0.010025661,-0.40980238,0.7121099,-0.16225833,0.16870117,0.004315853,0.17410776,0.8322543,0.09451915,-0.46513662,-0.123136,0.057590306,-0.0435777,-0.28073138,0.049575523,-0.0102882385,7410
0.008770108,0.2601255,-0.1695728,-0.34397954,-0.23260659,0.27347752,-0.12602416,0.2790042,-0.07705839,-0.50291336,0.21069132,-0.39684528,0.027347296,-0.38585484,0.10946775,-0.26062572,6781
0.011047572,0.22226417,-0.12503026,-0.517151,0.062723204,-0.11932683,0.06998425,0.14167356,-0.22506043,-0.2056031,0.08985506,0.12688906,0.044809557,-0.14868177,-0.08600715,-0.13556243,2318
0.117899954,-0.16375495,-0.17387374,-0.1977998,0.16259375,0.03289623,0.0320168,0.43113926,-0.07006061,-0.31078482,-0.0014731884,-0.28534582,0.48678643,-0.26506102,-0.12880242,0.12829755,3165
-0.03264547,-0.15038304,0.18269175,0.012912393,0.6038745,0.13500631,0.22305822,0.6528162,-0.33561087,-0.48284453,0.094714865,0.042348593,0.8399371,-0.098730534,-0.04130113,0.17821671,7950
-0.1651239,-0.14293805,0.31036955,-0.3169069,-0.28984654,-0.2176198,-0.16226776,0.16403422,-0.100162916,-0.71917975,0.07649155,-0.29090127,-0.07040793,-0.17962626,-0.2592929,-0.39149034,9887
-0.18852323,0.19799927,0.0070866123,-0.37362432,0.16568571,0.28212777,0.043688696,0.5781527,-0.46732068,-0.28942874,-0.123870105,-0.5703701,0.3823821,-0.45260644,-0.47058564,-0.014599398,3218
-0.24673088,0.37071818,-0.17519629,-0.69384944,-0.0791159,-0.25591058,0.20283124,-0.34503818,-0.5957359,-0.17934978,-0.21435924,0.23231879,-0.204209,-0.19927502,0.2592028,-0.17447616,2967
0.115802415,-0.054268338,-0.054832116,-0.40772462,0.09934369,0.10798921,0.08127299,0.2399517,-0.60329616,-0.31200886,0.053512618,-0.026505083,0.3063669,-0.028186366,-0.16754308,-0.21889581,2990
0.26796415,0.28057918,0.3043875,-0.5938281,-0.08021636,-0.022661828,0.12299983,0.16523749,-0.16616085,-0.3080741,-0.21591586,-0.28024334,0.05814811,-0.2504568,-0.16227338,-0.18361396,6327
0.46165013,-0.03864135,0.335803,0.06981647,0.038254984,0.14479184,0.39611906,0.8966244,-0.26284546,-0.9417791,0.29021025,0.042077363,0.33502853,-0.39702713,0.1242107,0.06568423,9476
-0.42727458,-0.3707772,-0.32772246,-0.2669552,0.09298912,0.7107719,0.32066667,0.2986167,-0.6723001,-0.36830777,0.61635125,0.08109483,0.60657805,0.25133863,-0.2671286,-0.47760788,2334
0.07004763,0.023476288,-0.01894087,-0.40603715,0.24933468,-0.28068593,0.13559672,-0.1161516,-0.25303763,-0.2584926,-0.0716236,0.29174858,0.07665668,-0.17608517,0.109893024,0.11008411,5482
-0.17796369,0.15374482,-0.13978621,-0.50053155,0.022198826,-0.19455765,0.12721105,-0.042010263,-0.3981914,-0.21878046,-0.016330121,0.36209446,0.10485038,-0.015384249,0.07046774,-0.05995305,7049
0.21013674,0.41123942,0.050652057,-0.6203143,0.3272729,-0.05982745,0.5249407,1.1352763,-0.5591684,-0.23254219,-0.188331,-0.3468738,-0.12301951,-0.4915982,-0.20881388,0.08391869,8059
0.15270585,0.0944533,0.32133156,-0.093897425,0.179969,-0.18681292,0.34662074,0.22181666,-0.23533343,-0.59677,-0.08516868,0.15078148,-0.04707955,-0.008897375,-0.09972581,-0.086669385,7659
0.14334382,0.2969397,0.09941456,-0.7390759,-0.037682503,-0.23547935,0.14046608,0.31288442,-0.61416256,-0.49230057,-0.024235189,-0.017367773,0.03862399,0.06645441,-0.054730922,-0.40523383,5899
0.07373342,-0.29686302,0.04263957,-0.08663413,0.43611604,-0.11491851,0.30322284,0.61158156,-0.12382673,-0.5981903,0.1782017,0.25693488,0.60191375,-0.26871973,0.192256,-0.13180682,5281
0.037970617,0.4656241,0.012270402,-0.66814023,-0.10484004,-0.07549958,-0.14009818,0.37646013,-0.54381436,-0.12516993,-0.14948803,-0.38249344,-0.24380603,-0.1005895,-0.13565908,-0.24158499,2755
0.24751574,0.113151535,0.0049674064,-0.046606928,-0.014208466,-0.048227068,0.4652122,0.64283836,-0.15118897,-0.79208636,0.30383486,-0.07078561,0.37759215,-0.15161854,0.14720413,-0.08179931,1520
0.02090659,0.06037534,-0.21496518,0.08812058,0.20007655,0.16944091,0.35786143,0.68515766,-0.00055910647,-0.74384475,0.26358566,-0.5108624,0.509273,-0.49681312,-0.20582029,-0.24596128,1843
0.17934139,0.04377331,0.008180363,-0.04911992,0.007494487,0.1592803,0.4022587,0.63890064,-0.24306996,-0.8389876,0.24754444,-0.4456091,0.2908775,-0.6024499,-0.21422657,-0.38836014,4352
0.22292036,0.07936981,0.061554693,-0.42854717,0.2751798,-0.11796116,0.08036081,0.4051652,-0.6650405,-0.12421929,-0.16122754,0.063058645,0.3089763,-0.15995754,-0.17652313,-0.28092247,1537
0.04134059,0.0024828613,0.25273585,-0.57162577,-0.11779678,0.35602552,0.34390005,0.42538476,-0.8273028,-0.15523429,-0.29147118,0.09108819,0.12098135,0.054289818,-0.4774584,-0.03368956,9990
0.045548305,0.3482914,-0.23746914,0.12984608,0.13805443,-0.10770625,0.4222323,0.9141743,0.035643086,-0.558382,0.28397703,-0.029887317,-0.043574348,-0.38720697,-0.022316128,-0.26252708,4862
0.2733209,0.18179417,-0.23802339,-0.3588485,-0.15497074,0.01793243,0.1871167,0.2508123,-0.48659694,-0.0634136,0.16418868,-0.23282215,0.26025295,-0.2626721,-0.16864696,0.03340651,3776
0.03786002,0.2640414,-0.20755833,-0.35282433,0.05394596,0.036975116,0.3369305,0.08573205,-0.9795915,-0.11597145,0.25020522,-0.034660503,-0.011719584,-0.29575753,0.1387443,-0.21410382,5711
-0.04681623,0.09347091,0.40762872,-0.42778933,-0.12526065,-0.19712453,0.0042781383,0.5513224,-0.36864161,-0.43957096,-0.10442628,0.09749956,0.30102012,-0.11305942,-0.24279463,0.013956979,9244
0.06669268,0.019076819,0.010856947,-0.5103329,-0.072330385,0.08673741,-0.0415945,0.43591225,-0.6523402,0.03912264,-0.09137886,-0.10439971,0.12120327,0.13355693,0.02252245,0.032548785,5207
-0.028005995,0.0917851,0.13362119,-0.117525205,0.22585997,0.13923389,0.4524782,0.5153601,-0.038643688,-0.46257365,0.109902665,-0.06457086,0.43451145,-0.10668156,-0.2625605,-0.095360935,2490
-0.1149873,0.049045444,0.098774694,-0.32429814,0.15574613,0.22105916,0.1475257,0.5059378,-0.17938805,-0.25563133,0.06390098,-0.34421206,0.62412524,-0.20877576,-0.42129335,0.082549945,2814
0.02802153,0.2978826,0.2554079,-0.6306472,0.15505716,-0.4333796,0.120170236,0.17639227,-0.5956249,-0.14240327,-0.6419679,-0.3088622,0.05592999,-0.34265172,-0.052534327,-0.28558174,3019
0.12200914,0.38571143,-0.08479415,-0.45854318,0.17884485,-0.23628291,0.22165515,0.11105062,-0.42397836,-0.396621,-0.014663704,0.22059955,-0.017817736,0.073828906,0.2421448,-0.20104712,3840
0.12841272,0.034349076,-0.15257993,-0.2860994,-0.1700435,0.043853197,0.18836409,0.2645919,-0.084026046,-0.24569207,0.16395272,-0.2888916,0.12814812,-0.27344885,0.0073859394,-0.3032142,3731
-0.20801857,-0.10240183,-0.003145095,-0.6644087,0.18866543,0.058704887,-0.18032323,0.33128184,-0.52046657,0.13016707,-0.32283214,-0.15893997,0.30076206,0.16286795,0.11438158,-0.02447921,1095
0.026753023,0.15690559,0.06539386,-0.52192146,0.041005015,0.048908055,0.14057375,0.1791331,-0.13751762,-0.14450279,-0.11592321,-0.15289924,0.25564483,-0.06402726,-0.19183807,-0.033872187,8367
0.10943293,0.0063041262,-0.11050586,-0.28543606,0.32710594,-0.16089652,0.08908267,0.26671863,-0.14687586,-0.2828576,0.06338135,-0.04469697,0.32865307,-0.16606733,-0.06907289,-0.112195894,8829
0.25054178,-0.44794157,0.42489588,0.15058099,-0.26690358,0.36174425,0.25652772,0.99689806,-0.6156874,-0.7501396,0.21286322,-0.04598345,0.3771429,-0.2984192,-0.30691624,0.43888167,4875
0.15531906,0.3764393,-0.15889901,-0.46522617,0.3391654,0.39587554,0.1987099,0.2813326,-0.5883339,-0.053475857,-0.0803566,-0.081747115,0.1979676,-0.20204899,-0.04446189,-0.19475666,9547
0.10758303,-0.14587516,0.61869144,-0.28084153,0.11464948,0.23976482,0.07541078,0.6751214,-0.020855047,-0.6661306,0.09850019,0.05075808,0.3545639,-0.3138406,0.11157489,0.10854311,5907
-0.08044207,0.10531765,0.320427,-0.49233696,-0.085633114,-0.30435944,0.24975735,0.3422019,-0.40268388,-0.35814124,-0.16740479,0.53730416,0.093986705,0.06807331,-0.1548303,-0.20506501,3192
-0.07299541,-0.098824486,0.17668112,-0.12613384,-0.22442937,-0.21182412,0.21561521,0.5666923,-0.13909931,-0.57268184,0.067396834,-0.3023976,0.5013761,-0.37813246,-0.5127125,-0.084142536,3410
0.109756365,0.44484007,0.035669386,-0.7490963,0.08089275,-0.13855411,0.05976302,-7.852912e-05,-0.40282553,-0.07232672,-0.3548137,0.09252687,0.035297945,-0.085120864,-0.17058446,-0.1611616,8041
-0.034526862,-0.013750307,-0.08439882,-0.47982693,0.02918001,-0.11550796,-0.009392589,0.0761046,-0.45599324,-0.18568146,-0.11983104,0.29475722,0.34735242,0.14367262,-0.04774101,-0.13133775,7211
0.19584306,0.27340353,0.22132207,-0.42929435,-0.21155384,-0.027651176,0.17674503,0.1686153,-0.40377027,-0.4666782,-0.058673028,-0.41857332,0.24939092,-0.28199798,-0.16800569,-0.3431639,1678
-0.1324899,-0.20530038,0.0067429077,-0.049452156,0.30421042,0.20810224,0.14686942,0.5202311,0.27806702,-0.72800666,0.13756718,-0.46844086,0.67256206,-0.6035522,0.1366381,0.05904053,1014
0.10779721,0.42035747,-0.12379893,-0.45312494,-0.11697186,-0.00010962784,0.22373953,0.012226678,-0.4433635,-0.20056826,0.1335599,-0.22908318,0.13041759,-0.26467818,-0.01739046,-0.06375027,7654
0.120019466,0.20967528,-0.11374378,-0.4096079,0.059614252,0.27005118,0.1691305,0.48400864,-0.39651412,-0.12050521,-0.15351385,-0.46793324,0.5237577,-0.33646026,-0.22250834,-0.09234202,8768
-0.12436792,-0.06689812,0.29448786,-0.6679386,0.18840408,0.15919569,0.020818986,0.60537773,-0.33581463,-0.17583735,-0.23230797,0.040154897,0.54123807,-0.052695733,0.03137648,0.110376805,6458
0.060068607,-0.022401936,0.036686804,-0.4196208,0.18296967,-0.18006217,0.021250311,0.26630354,-0.30995896,-0.18689278,-0.08869413,-0.101631835,0.4253217,-0.16095653,-0.28826222,0.18892674,6125
-0.0965295,0.11793788,0.08585476,-0.2912748,0.08698038,-0.2257769,0.31264907,-0.018117815,-0.14604403,-0.46972167,0.095764056,-0.014608085,-0.036424696,-0.20279896,0.049566686,-0.085174814,5415
0.4554985,-0.028036043,-0.01104822,0.536569,0.34915954,0.4182919,0.60597426,1.1198455,-0.21231413,-1.3426985,0.51876855,-0.46172094,0.7613983,-0.7934286,0.19251525,-0.303157,2396
-0.027859641,0.26393935,-0.23160893,-0.32010293,-0.011667274,0.13785261,-0.082356796,0.30703837,-0.6360409,-0.0105864,-0.07973835,-0.06581752,0.26186597,-0.26143223,0.26640272,-0.45376995,5622
0.28203994,0.103324644,-0.004665613,-0.3077215,-0.11930167,0.11279253,0.08838688,0.48813778,-0.55284154,-0.23231135,-0.14465676,-0.1746937,0.033723515,-0.19326262,-0.21772702,0.0411492,5909
-0.5486783,0.7373555,0.21691953,-0.2481001,-0.7306979,-0.27200463,-0.3284694,0.24560559,-0.5581901,-0.079471394,-0.026289918,-0.62431055,0.97203034,-0.5694128,-0.4449765,0.015066296,3777
-0.5673673,0.09869744,0.014336094,0.043558925,0.14455943,0.57993186,0.1389217,1.0232604,-0.68553853,-0.1442874,0.28349388,0.36434788,0.40298307,-0.30361614,0.171963,-0.014685571,4983
-0.040325537,0.36539304,0.048910864,-0.28674662,0.10017863,-0.11758676,0.076317504,-0.066042885,-0.25276482,-0.20825091,-0.045679204,0.08080696,0.42065224,-0.32531786,-0.16850917,0.18896212,5002
0.06347172,0.492294,-0.08675049,-0.41865993,-0.02794931,-0.015814362,0.2347586,0.13439345,-0.31916305,-0.19624373,-0.17389102,-0.39612037,0.10350442,-0.34381533,-0.07492256,-0.4498302,1681
0.12005907,-0.108618654,0.3332585,-0.06565623,0.08321723,0.29175553,0.30582285,0.9409074,-0.29614416,-0.55062926,0.15562375,-0.051158383,0.19419855,-0.42907664,-0.15106781,0.1271519,9016
-0.49651802,-0.41924626,0.19406325,0.1973083,-0.17198749,0.59834003,0.17152381,0.9217093,0.04050249,-1.0530224,0.23598269,-0.54338187,0.7720839,-0.018868959,-0.4329527,-0.1532669,1915
-0.0648485,-0.3651009,-0.13641651,-0.11193326,0.72921026,0.35833505,0.17382024,0.6271491,-0.3554335,-0.5866716,-0.017476052,-0.2644366,1.3371936,-0.3588217,0.19703574,0.113702394,3304
0.055595554,-0.23511079,-0.09438852,-0.10978912,0.18613833,0.04289615,0.16522379,0.45528644,0.19532457,-0.61984384,0.044036184,-0.39400554,0.6639615,-0.4738188,0.07131204,0.076997,6888
-0.086934626,-0.07469339,0.10842048,-0.31802925,0.07037307,-0.37757075,0.059285317,0.14441979,-0.45997503,-0.19609214,-0.25680375,0.5827139,0.16748103,-0.016446937,-0.12580384,0.05359617,3899
0.18999028,0.45101276,-0.10036618,-0.2173588,-0.07315104,-0.46150503,0.30572894,0.22442332,-0.62608534,-0.1889033,0.30817598,0.40955716,0.07144256,-0.62629485,-0.05190751,-0.0027619302,4909
-0.079966605,-0.28007144,0.13892995,-0.35228556,0.3356096,0.4707666,0.4130709,0.64305663,-0.48065254,-0.5387567,0.12998174,0.16599402,0.90412337,0.20293638,-0.028086275,0.060711507,5058
-0.14770317,0.22850949,-0.023976974,-0.47177577,0.05916129,-0.44215757,0.049940195,-0.0035647154,-0.5998165,-0.05797258,-0.05592288,0.43087167,0.03912753,-0.1518744,0.11321437,0.08605638,7476
0.06497375,0.08830938,-0.02747285,-0.09359966,-0.024280526,-0.023499513,0.22546615,0.4091559,-0.041244656,-0.29173994,0.13470316,-0.25513032,0.35883147,-0.45544162,-0.116782084,-0.08910565,5544
0.1718705,0.22451207,0.1477189,-0.5924698,-0.0867137,-0.05547167,0.12531464,0.20839602,-0.43968934,-0.20715614,-0.12276842,-0.13853577,0.116639405,-0.007806517,-0.20492968,-0.2962523,9711
-0.14975454,-0.010693535,0.24899921,-0.62335473,0.21428019,0.30145591,0.32397333,0.50977564,-0.2626235,-0.42341393,-0.23635727,0.36624938,0.5595993,0.07631767,0.122320205,0.1812269,8814
-0.23905845,-0.18589528,-0.34901977,0.21791649,0.029653918,0.048180565,0.43482798,0.8284584,0.13329577,-0.63319504,0.52674913,-0.10283062,0.50055236,-0.40809575,-0.16038196,-0.27623087,8694
0.1230893,0.23920503,-0.0793317,-0.38081187,0.119962305,-0.02574448,0.21434438,0.30803773,-0.42805713,-0.30030185,0.08703843,-0.20390439,0.042869948,-0.30694437,-0.19265692,0.17319861,6673
0.43689823,-0.09461486,0.018658519,-0.064906836,0.16332904,0.013608187,0.24191873,0.36870068,-0.10508528,-1.1982986,0.40659598,-0.04773563,0.33550647,-0.19102125,-0.04610434,-0.19101575,8489
-0.34236947,0.09187735,0.17740816,-0.1393773,-0.29159632,0.037975,0.16087636,0.65078855,-0.69472253,-0.46047497,0.087840125,-0.0031682476,0.2760257,-0.59857345,-0.110781506,-0.4169594,1922
-0.33654848,-0.8615271,-0.18138334,-0.1831708,0.80335546,0.15323977,0.27769673,1.0389472,0.065935984,-0.36276615,-0.31574982,-0.37813184,2.109469,-0.7956431,0.44179767,-0.006175399,2456
-0.0043081194,0.28627005,0.070686236,-0.6963873,-0.4136768,-0.2389904,-0.14289072,-0.104330316,-0.49535924,-0.30871344,0.06726188,-0.27761394,0.15531774,-0.20474634,-0.103649765,-0.17237544,2610
-0.1654427,-0.00296548,-0.40070447,0.1785317,-0.3536738,0.42786372,0.37265158,0.2915393,-0.3030855,-0.6417683,0.17518587,-1.0195782,0.98079926,-0.8251969,-0.21474321,-0.68633604,4132
-0.01712689,-0.2926904,0.39654896,-0.56511706,-0.30644685,0.14726022,0.21036473,0.87067133,-0.5361495,-0.74129915,0.2289459,0.2516736,0.4881037,0.13600415,0.025184482,-0.2702198,2074
0.1642041,0.042372502,-0.011575013,-0.19690382,-0.16144143,-0.07421322,0.2010071,0.15951683,-0.33828557,-0.24263994,0.08116621,-0.19995281,0.22766006,-0.28483796,-0.29914337,0.09230046,3322
0.036166213,0.006532684,0.82507277,-0.14824641,0.055485375,0.28184465,0.096027665,0.94399333,-0.32313025,-0.9321758,0.22861418,0.009574413,0.51878047,-0.11113164,0.057603747,0.0833266,5753
-0.3205009,0.02663964,0.07095432,-0.23225352,-0.228594,0.30716625,0.10713129,0.63998514,-0.6634606,-0.38729322,0.16044222,0.028860807,1.0032241,0.12510397,0.05201319,-0.24241284,4262
-0.07668698,0.22568569,0.14275616,0.0038303137,0.13746087,0.1255113,0.69616854,0.5205463,-0.23278648,-0.720889,0.03300305,-0.21750858,0.319067,-0.206983,-0.2017872,-0.45698792,4338
0.11786614,0.4348276,0.021353597,-0.39839196,0.15014635,-0.36722094,0.15789764,0.26953378,-0.4828988,-0.21533549,-0.07096504,0.04197623,0.1289895,-0.13832635,-0.21797758,-0.078039944,7373
0.0586181,0.026851192,0.23079987,-0.48217204,0.036716938,-0.0047595436,0.07266311,0.4252216,-0.38698852,-0.36654943,-0.04464221,0.14321065,0.28089234,0.04768977,-0.21956074,0.20984535,9009
-0.26346898,0.26370695,0.28243184,-0.6677048,0.019684598,0.1753234,0.07329705,0.5490314,-0.5064959,-0.13962303,-0.22934112,0.19021636,0.093614355,0.14582793,0.044700474,-0.20256531,4952
0.2526974,0.9988888,-0.22588325,-1.1001568,-0.4235932,-0.046030387,-0.1501748,-0.53578365,-0.75944054,-0.0721062,-0.83515537,-0.7219882,-0.29063573,-0.3547781,0.2892094,-0.81251895,1277
0.089612,0.10773028,0.013039857,-0.12183049,0.25740606,-0.32627675,0.15034685,-0.005992919,-0.36171776,-0.47107556,-0.017329179,0.3803233,0.28866118,-0.31020007,0.043032855,-0.060027912,6306
0.33082205,0.33820325,0.28389034,-0.27669802,0.17339025,0.031092763,0.31492588,0.1881582,-0.4203214,-0.5252507,-0.37901047,-0.26974562,0.059607565,-0.2771013,0.07360351,-0.3853231,1556
-0.14327672,0.26345664,0.13022307,-0.4364736,0.2184164,0.14223221,0.17995974,0.42220983,-0.40620226,-0.31528315,0.0042409524,-0.33532667,0.62236285,-0.35213894,-0.34124002,-0.02982539,1802
-0.28860322,0.22255898,-0.38196123,0.28230423,0.26929933,1.0583419,0.79126626,1.3718888,-1.025112,-0.35371587,0.1388467,-0.715623,0.5335044,-1.2606132,-0.40988556,-0.4629688,8552
-0.050022468,0.45856822,-0.018982507,-0.29183328,0.07162337,-0.26574796,0.3193562,0.102671005,-0.22053468,-0.4209925,0.09926745,0.17105505,0.030576602,-0.172384,0.10956201,0.02279079,2156
-0.0558984,-0.15379094,0.035368823,-0.06755106,-0.23857643,-0.20404874,0.09347606,0.53967226,-0.022726163,-0.28378236,0.08885427,0.02753006,0.38616395,-0.12263826,-0.421843,-0.05856645,8469
0.13340391,0.19917926,-0.055319093,-0.24318165,0.01784464,-0.017544739,0.27634817,0.2858147,-0.23489511,-0.37868768,0.14435638,-0.1357437,0.12711413,-0.25859496,-0.05132945,0.057857186,1552
0.079776496,0.1533333,0.057770137,-0.19485953,0.47627175,-0.16405948,0.3170669,0.15990525,-0.40015253,-0.3522485,-0.16353737,0.33868968,0.21048436,0.043976896,0.31319255,-0.08294505,7553
0.3066168,0.18516189,0.24182759,-0.25646946,-0.1978232,-0.19540678,-0.20671786,0.013145827,-0.40478343,-0.45837325,0.11251574,-0.30889457,0.47861078,-0.3014307,-0.17759681,-0.049696784,2400
0.00212802,0.08300985,0.052390106,-0.42767385,0.18821931,0.108689964,0.12925354,0.5196122,-0.42297572,-0.31423298,-0.24489403,-0.19799522,0.41703627,-0.3448473,-0.1346222,0.08214408,8296
0.012407452,-0.21744235,0.13672808,-0.5637106,0.025267214,0.28063917,0.15091462,0.68315023,-0.8263299,-0.056087404,-0.059433285,-0.01924014,-0.023897693,-0.07799623,-0.16227049,-0.16429693,4184
0.020889938,0.40376574,-0.079260185,-0.6550456,0.07257329,0.07503985,0.10105026,0.017095756,-0.49380422,-0.09550166,-0.2872081,-0.17373888,0.26671076,-0.15081045,-0.31572595,-0.24895349,8535
0.42116505,0.17460012,0.49488205,0.14449757,0.31587204,0.65180147,0.843168,1.0302103,0.19383574,-1.709049,0.6220802,-0.06146133,1.0711688,-0.8445189,0.26866966,-0.52097166,5360
0.105410025,-0.47283882,0.35360643,-0.29343504,-0.02596116,-0.08369169,0.24868159,0.23804906,-0.17289017,-0.7252681,-0.070628166,-0.11054435,0.35719815,-0.04710363,-0.25634667,-0.26971692,1553
0.02040644,0.082562566,-0.18402848,-0.2805411,0.39058292,0.3368113,0.25654075,0.34255123,-0.37409627,-0.32916993,0.27567005,0.0076118335,0.7942591,-0.09282467,-0.15664437,0.09614968,2681
-0.17095393,0.027469285,0.28992537,-0.28057814,0.11773565,0.5878134,0.5945515,0.8102876,-0.14575832,-0.73385173,0.19086999,0.03196625,0.45834148,-0.107618965,-0.18846901,-0.21006355,2171
0.06554279,0.08739899,-0.14518477,-0.16482022,0.0046402216,0.21617365,0.27979952,0.5543635,-0.32241243,-0.32444894,0.103786714,-0.35133234,0.30315572,-0.37790996,-0.40276906,-0.031761542,6494
0.5575021,0.62549853,0.09763661,-0.7380348,0.013311654,-0.09859131,0.5321909,0.14446029,-0.36327595,-0.54686004,0.12508383,0.20337263,-0.34510458,0.18977958,-0.3004508,-0.7791765,8106
0.27296922,-0.13733906,0.4918253,-0.10047649,-0.132812,-0.23981328,0.019698404,0.39790934,-0.43971002,-0.5972496,-0.2553704,0.020687759,0.32170865,-0.4670793,-0.052590847,0.13259065,9965
-0.016388237,0.22813445,0.41842198,-0.4209036,-0.108441345,0.12952505,0.0065897554,0.36887464,-0.15878049,-0.6459582,-0.053914346,-0.64030117,0.5215719,-0.6233769,-0.05834295,-0.13642891,1173
0.067070484,0.35828698,-0.13467981,-0.07828508,0.8022229,-0.18034911,0.39328018,0.21443155,-0.21348801,-0.48053026,-0.11446644,0.13931789,0.323784,-0.21223678,0.24705255,-0.029529452,2766
-0.27325338,0.5175508,-0.018784087,-0.73765844,-0.2147745,-0.2997769,0.054982796,0.073369384,-0.40364128,-0.08264543,-0.15577078,-0.13472833,-0.28840792,-0.19450425,0.43232232,-0.28774232,9099
0.09238571,-0.2888217,-0.023282316,-0.04254538,0.078638904,0.2891759,0.38090333,0.8851894,-0.4129756,-0.5796716,0.09991381,-0.2502766,0.90035003,-0.14758454,-0.15296927,0.0032830834,6677
0.15779874,0.4102134,0.11163341,0.025474876,0.23653533,-0.28697842,0.5606184,0.59648055,-0.1844428,-0.82649934,0.17830712,0.09127053,0.14723334,-0.3141753,0.064373076,-0.16052483,7575
-0.036208585,-0.15002678,0.2015322,-0.42724916,-0.1084069,-0.20089245,0.04328702,0.35691887,-0.54085386,-0.13800967,0.13300876,-0.01297985,0.5341115,-0.057618473,-0.3162294,0.19628389,3692
0.012087986,0.35635746,-0.016077064,-0.20663664,-0.07566864,-0.016626872,0.38485155,0.68845654,-0.44501075,-0.4613114,-0.012431994,0.06787534,-0.048911303,-0.089205965,0.011391312,-0.5591521,6751
-0.0379545,-0.30558777,0.37858325,-0.17962125,0.088752836,-0.08657059,0.031700812,0.68607724,-0.24752223,-0.10451162,-0.07591941,-0.058435842,0.450277,-0.116967134,-0.33032316,0.07135919,5920
0.06442228,0.27538657,0.05866103,-0.4946333,-0.23645556,0.36497116,0.13805439,0.27171826,-0.6089664,-0.22405726,-0.107008256,-0.39303643,0.40985096,-0.27317375,-0.1379652,0.10397943,6049
0.45972836,0.24692535,0.23232287,-0.4281637,-0.28594333,-0.17893443,0.11878093,0.3585695,-0.34990233,-0.38479528,-0.1112576,-0.33587492,0.11528798,-0.2077148,-0.16421306,-0.19460571,5071
-0.085403696,0.29684097,0.07102979,-0.4713341,-0.07719035,-0.025631536,0.3150551,0.07846783,-0.23858656,-0.29784295,-0.08399599,0.18301302,0.14365356,-0.05617592,-0.21492021,-0.12213273,7651
-0.07140006,0.22882636,0.39171088,-0.06399517,0.18932934,0.50561357,0.17107846,0.9968071,-0.1030615,-0.748058,0.2294856,-0.2905063,0.56756437,-0.6051775,0.08981785,0.20788659,7030
-0.30247623,0.04627884,0.21255462,-0.1433657,-0.08021423,0.10617463,0.17752537,0.7917304,-0.6881388,-0.5648464,0.10550363,0.029377088,0.07876484,-0.3873105,-0.28871828,0.024104506,3746
0.3082022,0.019341394,0.05919691,-0.31150195,0.26881993,0.17566872,0.30438697,0.3596656,-0.42732167,-0.4799496,0.15718882,-0.035941567,0.5766109,-0.06261118,-0.44098908,0.027648464,4593
-0.05654338,0.044492103,0.10219805,-0.19601992,-0.062439412,-0.044020787,0.22974038,0.45700383,-0.08689128,-0.49829414,0.15996419,-0.228365,0.62653184,-0.2258022,-0.4283024,0.07777326,9116
-0.22647604,0.4138528,0.22900927,-0.32836974,-0.009121463,0.028325312,0.5633559,0.20813069,-0.23087534,-0.60211223,-0.15044239,0.3294403,-0.2441977,-0.13599353,0.35909504,-0.3484082,3168
-0.50556684,-0.12685065,0.14978866,-0.17110245,-0.03269115,0.1857421,0.17781554,0.8098072,-0.7834961,-0.17450659,0.21092248,0.15888807,0.39788017,-0.18238139,-0.36439493,-0.22780848,8867
0.06473469,0.12888268,-0.017671771,-0.080000594,0.16847089,-0.080516346,0.38694277,0.23992002,-0.03868854,-0.5043642,0.0676734,-0.017877154,0.33479753,-0.17211837,-0.024249524,-0.10851169,1264
0.18607654,0.5762768,-0.15764368,-0.5888059,-0.045291223,0.008423954,0.4008101,0.25140676,-0.6477494,-0.097779885,-0.22413617,0.55313146,-0.11639044,-0.09477837,0.21224645,-0.73208404,2670
-0.02889739,0.08681777,0.08742957,-0.57719445,-0.030475937,0.09222353,0.0022951253,0.44228756,-0.6223593,-0.10242048,-0.010975306,0.06285924,0.33586913,0.20539401,-0.18043515,-0.13996558,3938
0.14530773,0.12741406,0.18239748,-0.34737918,-0.24392053,0.262173,0.09502937,0.70486796,-0.48266092,-0.37159625,-0.07772589,-0.44539964,0.10068172,-0.33694538,-0.034545332,-0.04829,6943
0.2705346,0.21617015,0.18428846,-0.2205512,0.068356074,-0.21266502,0.3151124,0.2503619,-0.30786762,-0.63055277,0.04271677,-0.034273237,0.3041153,-0.18063472,-0.028658316,-0.13749269,7846
0.17377675,-0.121559024,0.2747776,-0.6336435,-0.0650662,0.050965495,0.053450905,0.5714693,-0.92009383,-0.30040985,-0.28012502,0.18608116,0.06251205,0.0463444,-0.3735811,-0.15207538,9880
0.09392291,0.026616529,0.124909766,-0.5873668,-0.11979952,-0.25749555,0.0045149885,0.20302889,-0.4093827,-0.5345434,-0.043135494,0.05792699,0.23992106,0.00060184766,-0.07714161,-0.35579526,3981
0.007955477,-0.15277246,-0.06919897,-0.26982749,0.20615095,-0.031830847,0.122195534,0.42805535,0.08029795,-0.3657384,-0.08027408,-0.28790432,0.34809887,-0.26539174,-0.15665118,0.006996155,9222
0.03586279,0.107802086,-0.14070562,-0.24545068,-0.0065289885,0.2922481,0.17304194,0.50759125,-0.21710093,-0.40392005,-0.043380506,-0.4636556,0.32623392,-0.4134517,-0.28131866,-0.027069688,4489
0.24199751,0.031542234,0.0150994845,-0.037774473,-0.050491393,-0.042812463,0.35182774,0.42541778,0.059618115,-0.703189,0.21820283,-0.2642125,0.3209018,-0.417364,0.010083005,-0.16482261,7657
0.09300483,-0.14633247,-0.1187517,-0.19041789,0.30589718,0.5284317,0.42854232,1.1147628,-0.6468186,-0.49854255,0.0054964423,-0.36877868,0.5459926,-0.49811423,-0.5235824,0.123432264,5644
0.092372015,0.31288865,-0.21200652,-0.34491372,0.0817308,0.25878233,0.05485906,0.41677827,-0.4689446,-0.11784589,0.05144136,-0.31135896,0.0038236827,-0.4176438,0.06754835,-0.051525608,1933
-0.3529913,0.48955417,0.041462824,-0.54270726,-0.027237386,-0.3070432,0.38900307,-0.0139517635,-0.5579202,-0.081367664,-0.23392715,0.5777566,0.14968306,-0.2802782,-0.16228783,-0.21959282,7044
-0.4348964,0.69699705,-0.27633607,-0.8118542,-0.083076805,-0.8314396,0.1659803,-0.21712816,-0.6972754,-0.23128073,-0.3244584,0.728047,-1.1274049,-0.6793952,0.5982906,-0.46234405,1478
0.044538096,0.25601128,0.010715211,-0.34636268,0.11055005,0.051225126,0.24966626,0.38429067,-0.33211145,-0.28970757,0.15550528,-0.004690349,0.26657566,-0.0852052,-0.23290189,-0.103174314,6604
-0.24276413,0.22380775,-0.01530362,-0.3402985,0.33178097,0.3430527,0.069235995,0.6613345,-0.5773385,-0.08671893,0.014769299,0.36025834,0.33759433,0.08655247,0.24102202,0.07169175,4617
-0.025482476,0.07684837,-0.01777907,-0.09612168,0.44002724,-0.0531927,0.32705295,0.32908672,-0.23530754,-0.47985333,0.10954988,-0.004982859,0.5953325,-0.17934342,-0.29192787,0.08832383,6580
-0.08436464,-0.16719884,0.19813123,-0.34964234,0.0069489926,0.09930243,0.012811523,0.6059227,-0.57627714,-0.25829664,-0.023619805,-0.12061717,0.47398168,-0.13237229,-0.23587108,0.42534655,3202
0.0074139982,-0.08330236,-0.19113185,0.08892639,-0.0894774,0.36044076,0.54482347,0.48938984,-0.75177425,-0.28906307,0.16618443,-0.27595466,0.24245599,-0.6014159,-0.30907893,-0.019398749,1349
0.0403803,0.32229853,0.26128173,-0.6901206,0.0052132905,0.0720496,-0.0018214509,0.616081,-0.36895448,-0.31577435,-0.5245318,-0.018504947,0.22056243,0.048502393,0.044625625,-0.021815985,3368
-0.23221311,-0.26492548,-0.4831433,0.573782,0.020058792,0.4244095,0.3418666,1.2973908,0.32334447,-0.9439907,0.514214,-0.42973208,0.4954177,-0.9118987,0.20746423,-0.5407544,6866
-0.13442893,0.046095766,-0.046565518,-0.29020897,0.20474768,-0.14362153,0.31578982,0.22072604,-0.31541193,-0.3343777,0.054429237,0.4442374,0.39627087,-0.19220442,-0.23147838,-0.118642226,1772
0.24802543,0.19271424,0.068433315,-0.41171303,0.07753425,-0.11605103,0.020038553,0.21242732,-0.36425546,-0.28118896,-0.005974613,-0.2084785,0.3375975,-0.12586375,-0.16713846,0.105770744,7477
-0.16804829,-0.37480623,0.0320587,0.171826,0.5087972,0.13578673,0.3093442,0.5094449,0.17743334,-0.6309985,0.30561846,-0.121961445,0.73069894,-0.33517966,-0.2779444,-0.045642063,1906
-0.122085586,0.07544521,0.19599782,-0.511801,-0.07213168,0.0850811,-0.11401971,0.3210047,-0.50156116,-0.19679527,-0.12161763,-0.05554406,0.32239723,-0.024711967,-0.20393819,0.09257849,6697
-0.38767737,-0.42297664,0.16129754,-0.07408595,0.38833535,0.76699895,0.5496832,1.2220117,-0.68975496,-0.78132796,-0.039145984,-0.15723783,0.52785295,-0.5378885,-0.36853456,-0.42757607,3055
-0.11122479,-0.3276679,-0.08859963,0.060992956,0.48531413,-0.10004687,0.06034083,0.52814674,0.059634984,-0.40148282,0.21680139,0.13739687,0.69075716,-0.14891037,-0.23005834,0.0023182333,9395
0.3725898,0.0702696,0.37603092,-0.40590113,0.026785523,-0.12082947,0.23635918,-0.101108454,-0.2183104,-0.6209715,-0.018523142,-0.20212315,0.43177032,-0.35062194,0.09379265,-0.03400269,2365
-0.014469698,0.044408973,0.33281302,-0.37093583,0.029194303,0.19715255,0.022193782,0.9319256,-0.39901513,-0.3964841,-0.0974957,0.08451539,0.19036873,-0.15123346,0.005866021,0.19709113,8083
-0.1646444,-0.010973215,0.5220256,-0.19053432,-0.7350937,0.13385168,-0.26748863,0.51448154,-0.57593286,-1.0516149,0.5126595,0.09435859,0.65461636,-0.050504223,0.24276462,-0.50294214,6057
-0.073008075,0.18703051,-0.15807356,-0.36790246,-0.001507692,0.02507851,0.13409558,0.082064986,-0.49485666,-0.16537575,0.11134982,-0.05527872,0.25487766,-0.04535915,-0.04394096,-0.060785353,9120
-0.05958332,0.22924834,-0.05125363,-0.49305475,-0.019645661,0.06596084,-0.05188406,0.5305378,-0.65038455,-0.6906408,0.318904,-0.32769108,0.56559944,-0.22118679,-0.057067633,0.011905763,7885
-0.1777023,0.5022259,0.12745687,-0.19136718,-0.1590088,0.059251033,0.41888556,0.5204179,-0.4657264,-0.33294737,0.34008506,-0.23137498,0.54210275,-0.698755,-0.032532245,0.26430637,8751
0.011365518,0.20294648,-0.07986113,-0.5278867,0.053618103,0.12553912,0.1386629,0.45040047,-0.5233996,-0.10874121,0.06637814,0.061566796,-0.0015296191,0.119491726,0.008154839,-0.20416224,7354
-0.21784738,-0.12803647,0.45592308,-0.11273308,-0.032347687,0.37692565,0.5327445,0.94566095,-0.4310884,-0.8427262,0.2257311,-0.069065385,0.4763683,-0.30693305,-0.21493548,-0.43144685,2778
-0.04503846,0.08216277,-0.08050527,-0.30065042,0.09710717,0.0037683062,0.19091824,0.55174893,-0.05602391,-0.56065416,0.06357615,-0.89105034,0.45620072,-0.4409698,-0.42991942,-0.36933088,6680
0.09888361,0.023996681,-0.09507345,-0.1871258,-0.015962407,0.036211602,0.12746441,0.46891087,0.062870026,-0.40974084,0.13935557,-0.26354015,0.29979438,-0.33020726,-0.24847384,0.0073742867,8805
0.0036750436,0.031225435,-0.18731856,-0.08394453,0.66716015,0.29367483,0.3849479,0.4285258,-0.38842306,-0.38010788,0.05522046,-0.10693527,0.7475438,-0.26275176,-0.20650944,0.08499652,3317
0.08522447,0.3666129,-0.075559534,-0.3129149,0.056395505,0.065940194,0.05583549,0.46378148,-0.35601592,-0.20543951,-0.035450526,-0.23097809,-0.029054567,-0.3880083,-0.0035602897,0.026592359,8919
0.07869743,0.17366968,-0.059801035,-0.62509286,0.17279479,-0.098801576,-0.076569356,0.24760742,-0.4721382,0.02305922,-0.18548088,-0.09203617,0.23616427,-0.04674365,-0.13733968,0.05895154,2668
0.14794901,-0.24878146,-0.17142719,-0.24189878,0.6759286,0.40092683,0.32274365,0.22331041,-0.43558818,-0.52740765,0.023930844,-0.22615615,0.7579427,-0.34370017,0.48815086,-0.11293241,1438
0.052683055,-0.057554863,0.37968934,-0.5790056,0.021789901,-0.20191512,0.19060874,0.3586539,-0.54792786,-0.27507308,-0.37471744,0.020732492,0.4599287,-0.08229433,-0.613817,0.116642594,9055
-0.12262939,0.28874892,0.30602482,-0.47032994,-0.13099083,-0.35531983,0.14756694,0.22026074,-0.47016162,-0.2448369,-0.20769592,0.25534707,0.03298056,-0.18444836,-0.21741083,-0.13614564,1817
0.15611356,0.36289558,-0.09652839,-0.44426805,0.05053629,0.17183447,0.3823242,0.12993348,-0.49233803,-0.122922204,-0.19831818,0.17444183,0.08634746,-0.14839078,0.046427935,-0.49903226,3693
-0.10430916,0.14251241,0.32201976,-0.4727842,-0.038800027,0.113219336,0.28842396,0.54304457,-0.4441288,-0.37910497,-0.03322345,0.13082302,0.41035587,-0.10339157,-0.22746427,-0.020484075,7783
0.02021645,0.226012,-0.14966942,-0.41720605,0.14094335,0.5423292,0.24934673,0.3522054,-0.25105792,-0.40468192,-0.2942976,-0.4095706,0.46871823,-0.24011587,0.07225238,-0.27613363,1329
0.3720585,-0.35245252,0.21438643,-0.031385727,0.00020387769,0.31320912,0.40124217,0.7846023,0.06137672,-0.62559193,-0.066424906,-0.33337542,0.08658208,-0.3958095,-0.18909112,-0.15498272,3842
0.39934492,0.19539057,0.5014231,-0.23611178,-0.11405626,-0.28102177,0.04435896,0.61192995,-0.54642797,-0.69646716,-0.091375045,-0.05149848,-0.026141703,-0.24077517,0.023166403,-0.44462723,9781
0.12901554,0.008351274,0.30444014,-0.21354602,-0.23265563,-0.194811,0.36879867,0.07948315,-0.343868,-0.30285278,-0.09635131,0.060619704,0.26612774,-0.28047386,-0.16816396,-0.12904955,3357
0.23357318,0.14326227,0.032327037,-0.2229941,-0.05413325,-0.10435881,0.2021304,0.48209223,-0.07024439,-0.33213806,0.08566297,-0.31888908,0.13263679,-0.36889017,-0.086687684,-0.15529853,7527
0.2552877,0.11797824,0.39053985,-0.57395005,-0.098976485,0.03604427,0.050946727,0.22696355,-0.19917373,-0.37725773,-0.21409431,-0.3601002,0.2839097,-0.30822206,-0.1710968,-0.13012283,6402
-0.028812453,0.64934087,-0.26060885,-0.62853813,-0.11336567,-0.059063986,0.16997884,-0.30678183,-0.41454306,0.032717183,-0.23039062,-0.04542681,-0.16055462,-0.035570502,0.12025237,-0.4402809,2784
0.09629638,-0.4606849,-0.44755873,0.26439047,0.53145915,0.3364847,0.38445738,0.65210813,-0.5052389,-0.4829985,0.25734493,-0.24082145,0.7766169,-0.66992426,0.24949627,-0.3077808,1725
0.023698166,0.0834091,0.9959327,-0.15386678,0.22274908,0.52087057,0.34278017,1.3394771,-0.220862,-1.0327355,0.33861443,0.50814486,0.47753498,-0.08139331,0.23500058,0.25501296,3722
0.0635022,0.1330417,0.0024906958,-0.49607897,0.10263248,0.005251579,0.035510384,0.2040268,-0.4192647,-0.12437693,0.010816745,-0.062915824,0.30848604,-0.03575425,-0.2919694,0.06082605,5434
-0.03033486,-0.23769027,0.6701509,-0.15685484,-0.09108553,-0.069290884,0.09736056,0.47261685,-0.40751863,-0.80062807,0.17496352,0.23017427,0.3953328,0.23846304,0.46417302,0.33110428,8300
0.22395095,0.0614482,0.102630824,-0.10819568,0.08471253,-0.09729647,0.24271068,0.30425268,-0.2456046,-0.3956999,0.15381804,0.22103822,0.2854317,-0.24604423,-0.12717378,-0.21349049,5729
-0.054672584,-0.2018081,-0.16111992,-0.2340651,0.4525475,0.15447679,-0.10077856,0.5155382,-0.49038064,-0.09136119,-0.081815965,-0.057967834,0.42497998,-0.18521284,-0.21709159,0.4982196,4049
0.05892536,0.10520051,0.1364251,-0.27081925,-0.0378303,-0.12863916,0.029435884,0.36740535,-0.21680214,-0.35114026,0.12738007,-0.004574068,0.331355,-0.1935206,-0.17136413,0.13774598,4636
0.31842488,0.14309463,0.058734782,-0.19049272,-0.023621753,0.20379667,0.31712937,0.4335168,-0.0020300746,-0.55713785,-0.052030653,-0.3501941,0.2557642,-0.45898542,-0.002702698,-0.032714903,1812
-0.23994833,-0.23251165,-0.10392262,0.16170263,0.1137386,0.19203098,0.12365247,0.92597544,-0.061521277,-0.59393656,0.31835592,-0.5030333,0.7725383,-0.5988722,-0.35422912,-0.19579045,5367
0.24690184,0.20968796,-0.11841028,-0.30220476,0.20087288,-0.48119926,-0.016452119,-0.08921176,-0.40436563,-0.05952154,-0.33515465,0.33156744,0.23948091,-0.21139069,0.30710873,0.0044344664,2836
0.028302997,0.3587923,-0.030139033,-0.35186008,0.35606593,-0.3471126,0.22127981,-0.21954913,-0.36489242,-0.33523747,-0.2260527,0.2611025,0.08296697,-0.20825887,0.08916181,0.013242736,5877
-0.13091204,-0.24437568,-0.13719997,-0.4359419,0.56692,0.4203989,0.18896487,0.42357814,-0.58434296,0.021644115,-0.10413048,-0.023780271,0.78514564,0.05665025,-0.20087005,-0.17018348,8290
0.16025342,0.056635514,-0.075833656,0.14705202,-0.09922704,-0.14312074,0.35665175,0.7117238,-0.060036838,-0.6874675,0.49301833,-0.20243263,0.493417,-0.63285214,-0.11164202,-0.14329174,6814
0.2148646,-0.3702069,0.39602548,0.11779711,-0.006719768,0.010414299,0.5188449,0.62502086,-0.037033115,-0.9810774,0.15369135,-0.24088672,0.1508775,-0.14861494,-0.19831026,-0.2552472,4168
-0.21080926,0.06690533,0.2664982,-0.5379858,-0.02001448,0.12857313,0.09858832,0.3723156,-0.43971992,-0.23182496,0.059913706,0.1525345,0.5604769,0.060708977,-0.067938924,0.32053465,9635
0.24890159,0.11141117,0.3541042,-0.066541284,0.027684579,-0.21355933,0.26117986,0.7077546,-0.338975,-0.8441192,0.06772129,0.05043471,0.3512147,-0.22438672,0.082469046,-0.24261974,7899
-0.10997517,-0.11161178,0.1019361,0.09597464,0.22258854,-0.11737202,0.32023308,0.4935958,-0.24875088,-0.4568705,0.3258437,0.11082296,0.27192035,-0.050747763,-0.26045287,0.101162896,2058
0.17022987,-0.0777333,0.20120728,-0.09443265,0.02607091,-0.2684241,0.2763729,0.3743358,0.13481674,-0.680122,0.0810085,-0.38282403,0.93410504,-0.42819604,-0.302573,-0.07547134,9456
0.21394303,-0.2456091,-0.16897364,-0.2763216,0.06527254,0.26352814,0.28165635,0.6472492,-0.17915437,-0.40502572,0.11367207,-0.54169333,0.39669508,-0.21827403,-0.3540079,-0.19574621,5043
-0.006615132,0.102970034,0.024371235,-0.17424569,0.124591365,0.028178897,0.26094353,0.4370877,-0.29084373,-0.3652628,0.18305644,0.045460574,0.35612857,-0.19068265,-0.20770031,-0.10052054,3040
0.28744775,0.2399408,0.025424954,-0.32853782,0.42537564,-0.3452679,0.13212463,0.4148082,-0.2767539,-0.3323905,-0.13017368,-0.09236671,0.24058935,-0.33262733,-0.1154972,0.13679135,8369
-0.3444709,0.8321905,0.05103261,-0.9330623,-0.32369897,0.014848806,-0.126685,0.0056586713,-1.1484977,0.18719378,-0.4426522,-0.52399033,-0.33095455,-0.44823068,-0.00974679,-0.23355347,9533
-0.07304506,0.045138963,-0.09694503,-0.26372296,0.02703014,0.18161142,0.106738165,0.426403,-0.20776641,-0.3776098,0.26047182,-0.12619355,0.3440819,-0.10927114,0.03056857,0.040729865,9654
0.17422119,0.09402551,0.13795818,-0.4272088,-0.14697903,-0.17180982,0.47392178,0.16188613,-0.6639432,-0.8183422,0.23745978,0.24350117,-0.021533534,0.13991237,-0.33531186,-0.21694447,2212
0.14992703,0.24868417,-0.041565247,-0.06396514,-0.019679178,-0.1436827,0.56585705,0.18380845,-0.2690962,-0.5481601,0.3855554,0.15184258,0.58699924,-0.14680618,0.069591075,-0.18201922,5669
-0.16992241,-0.1629723,0.13621202,-0.12084936,0.0048484057,0.002239693,0.25692284,0.5736396,-0.2463847,-0.37055606,0.18750283,0.087796,0.5895952,0.08627192,-0.4836747,-0.109237656,8053
-0.2785071,0.11316612,0.13089474,-0.44224563,0.10977529,0.42717344,0.42254162,0.7213047,-0.774735,-0.12231029,-0.095664255,-0.099407606,0.4921922,-0.25590515,-0.54422337,-0.3584931,7166
0.10841103,0.4082253,0.069945894,-0.27147612,0.0038968697,0.21795215,0.3679409,0.3223958,-0.022109061,-0.58955127,-0.123449884,-0.56135756,0.24425551,-0.43584043,-0.14878458,-0.40837556,7468
0.08490613,-0.5866573,0.32081977,-0.13758662,0.23251246,-0.43751723,0.39936933,0.45282254,-0.15779725,-1.0410259,0.35204065,0.48195064,0.63333935,-0.18332927,0.18967697,-0.32506934,2374
-0.36555278,-0.6336839,0.05350943,-0.06109424,0.2763044,0.35140958,0.36494598,0.6363694,-0.4211015,-0.13232365,0.119519085,0.036112547,0.694132,0.053859644,-0.40245634,-0.11412209,2119
-0.22964786,-0.16882762,0.21993342,-0.24818462,-0.16634768,-0.6449722,0.12702537,0.1855365,-0.1931127,-0.61112064,0.15042454,0.24688098,0.40066993,-0.36229014,-0.12502944,-0.20886265,5930
0.004377581,-0.21561414,-0.1785552,-0.15913746,0.22962365,-0.028362427,0.14278558,0.5509313,0.112050325,-0.40346745,-0.032964773,-0.5728369,0.6596306,-0.51979136,-0.22355336,0.120991856,6033
-0.10138031,0.20559257,-0.008734778,0.0386969,0.30863094,-0.07681356,0.46365246,0.84398234,-0.026686102,-0.29786628,0.13786346,0.06354184,0.09968895,-0.41254067,-0.02202639,-0.100693524,8695
0.104042456,-0.20446415,0.10043235,-0.119408965,0.18343692,-0.029661428,0.15102261,0.27194285,0.042743877,-0.6164681,-0.054414093,-0.31233698,0.5384783,-0.4151643,0.1146874,-0.0867189,2619
-0.02574204,0.07540666,0.046396974,0.0123637915,0.29498145,0.37052685,0.41471636,0.7304891,0.24582468,-0.8387437,0.06045458,-0.31929895,0.286154,-0.7355232,0.23363884,-0.28033096,7547
-0.061702803,-0.00617294,-0.078571096,-0.40895498,0.082326874,0.1916998,-0.019097287,0.53544843,-0.3123926,-0.10530948,-0.30200678,-0.35340303,0.22654983,-0.3723632,-0.11120577,0.032494217,1582
0.03479637,0.1995755,0.20784497,-0.6247624,-0.24477038,-0.118181005,0.12077408,0.19662295,-0.41768172,-0.34534317,-0.30359128,-0.11197098,0.11278561,-0.21913904,0.025307596,-0.31920367,8616
0.067958415,-0.023196526,0.37479672,-0.3553504,-0.16825229,0.044706658,0.29134884,0.33901477,-0.4558886,-0.6606772,0.12508261,-0.08241093,0.5682533,-0.06992893,-0.51689404,-0.13574046,6368
-0.07252531,-0.596649,0.06737269,0.1981236,0.3247822,-0.18474832,0.26753902,0.24349257,0.23694466,-0.7274287,0.11371683,-0.36750883,0.88842595,-0.5418461,-0.10083778,-0.11935079,9005
-0.24816078,0.47938848,0.33927208,-0.28108102,-0.15588379,0.02079618,0.43362617,0.49635267,-0.55526304,-0.38139224,0.11862224,-0.1854126,0.23847863,-0.36133903,-0.5237403,-0.09330121,3756
0.03674324,0.58180124,-0.11892317,-0.7422507,-0.17300266,0.08611733,-0.01924149,-0.11273815,-0.5736387,-0.11324793,-0.3011577,-0.3488514,-0.27513406,-0.124492735,0.039798528,-0.380821,4349
0.089414984,0.32307017,0.12845807,-0.21382196,-0.03381248,-0.13216959,0.39345434,0.25814223,-0.08147444,-0.33538175,-0.01682975,-0.26393098,0.2696005,-0.41900146,-0.37651604,-0.18556707,3940
0.090125516,0.2002894,-0.10910383,-0.3137347,-0.07702488,-0.13781244,0.08814862,0.3388887,-0.06101054,-0.36907917,0.08848039,-0.25467294,0.20038772,-0.20478155,-0.15722288,-0.25855154,3668
-0.098062955,-0.07331531,-0.10149093,-0.3555932,0.47674522,0.25505283,-0.04409607,0.56288797,-0.66373473,-0.004253581,-0.032068316,-0.044991568,0.56805724,-0.24528469,0.0013447851,0.031241193,6578
-0.010466054,0.03956399,0.22188419,-0.683565,-0.065604515,0.1974761,-0.19209856,0.41612047,-0.8450714,0.059661746,-0.5894615,-0.2953314,-0.031038985,0.0014435947,-0.36502817,-0.21265864,4721
-0.2962035,-0.22310548,0.1762231,-0.38906652,0.049869254,0.33846772,0.6942723,0.8951328,-0.6529313,-0.55018103,-0.030488387,0.5739156,0.7394292,-0.094214365,0.019093186,-0.42738554,3605
0.0123217255,0.029430281,0.019245654,-0.19460753,-0.030632183,-0.03675799,0.006768167,0.48594373,-0.14145508,-0.14241143,0.0016676262,-0.22602615,0.5560879,-0.25466555,-0.16668975,-0.077791795,4237
0.054651685,0.32124513,-0.53082246,0.13851285,0.19655707,0.56988263,0.4207191,0.72495085,-0.2340452,-0.2697303,0.300529,-0.33330402,-0.16622582,-0.69973457,0.33579585,-0.44883713,5419
0.007074192,0.47072664,0.239241,-0.4056653,0.14329757,0.6512472,0.5389223,0.75268734,-0.36946476,-0.7111672,-0.05502896,-0.17842112,0.3900137,-0.32875255,-0.002367735,-0.23084305,4711
0.08917043,-0.49607977,-0.12855583,-0.060512826,0.3799686,-0.094960555,0.18399538,0.31096518,-0.080048874,-0.3732836,0.037698433,-0.17753583,0.75440085,-0.29627043,0.04918602,0.14375988,4723
0.19611032,0.13328627,0.30098325,-0.3199276,-0.16088183,0.18275851,0.06894962,0.6420016,-0.2511076,-0.5152815,0.049487956,-0.2922541,0.2712685,-0.1360759,-0.025554985,-0.19094028,1301
-0.4404736,0.24246034,0.23419753,-0.09147197,-0.005243376,-0.0060403943,0.22318733,0.70761526,-0.29602724,-0.20973936,0.17448309,-0.116918735,0.3396475,-0.6790458,0.0048021376,-0.2691951,7703
-0.007634729,-0.0078256875,-0.00737457,-0.38813645,0.20353457,0.07976581,0.34339,-0.15784492,-0.27109352,-0.23604865,-0.420349,-0.013125062,0.371598,-0.088222586,-0.31317973,-0.06689018,7893
0.007927813,0.16993684,0.2638406,-0.3158056,-0.16332136,0.1702365,-0.020053819,0.33614638,-0.10326341,-0.2208473,-0.120189525,-0.5533649,0.96988857,-0.26736304,-0.55253494,0.16492632,4872
0.049010202,-0.05467222,-0.020224676,-0.10513222,0.14286686,0.38306206,0.013239369,0.49543956,-0.44642487,-0.5854287,0.25764626,-0.32532132,0.5884849,-0.22527763,-0.079493016,-0.046309613,5189
0.35847533,0.19756486,0.29415816,-0.4185884,-0.2612601,-0.10034675,0.21070439,0.21348102,-0.21701638,-0.66200334,0.025837224,-0.5162989,0.2362134,-0.36077613,-0.19601446,-0.25693017,3240
0.20353419,0.35538092,-0.082817435,-0.3265258,0.23586977,0.21122673,0.2413127,0.56740844,-0.67462856,-0.31101352,0.045545116,-0.029598922,0.23114106,-0.1497659,-0.14698341,-0.246923,3518
0.044522367,0.3339135,-0.27456105,-0.1278276,-0.0695159,0.16274467,0.25680512,0.49704167,-0.37866718,-0.23304144,0.040854473,-0.38553146,-0.10686049,-0.52574027,-0.04380685,0.022026688,7206
-0.21634841,-0.23965779,0.2951268,-0.15116428,-0.1729184,0.5001417,0.30514488,0.93978417,-0.7050077,-0.47778803,0.03847076,0.076832,0.53808284,0.021404816,-0.0004941523,0.0012210608,3955
0.030481175,-0.060840994,-0.066600576,0.18585593,-0.15992603,-0.03792032,0.23142232,0.7034452,-0.09279722,-0.4065229,0.27468154,-0.26105016,0.3604944,-0.42975286,0.019378126,-0.3512774,2627
0.34933028,0.13784167,-0.022478778,-0.84054935,-0.24538273,0.0823151,-0.00939762,0.10513584,-0.6544837,-0.30015233,-0.29716402,-0.29697526,0.3161554,0.100143656,-0.38215113,-0.4288797,3622
-0.052729264,0.07956292,-0.087656535,-0.19560769,-0.074662484,-0.024877317,0.26525483,0.22096673,-0.35845262,-0.25992402,0.17529963,-0.011264918,0.24592286,-0.26900053,-0.12522988,0.07734013,1754
-0.49073544,-0.031831816,0.2626816,-0.30331683,-0.16182314,-0.034571536,-0.15175253,0.60085195,-0.5656916,-0.2985072,-0.10389677,0.14921623,0.7924412,0.035393916,0.023061216,0.0011802465,8517
-0.28577346,-0.32855546,0.3990343,-0.204172,-0.25892797,0.3671512,-0.17483692,0.9105275,-0.6490792,-0.4169547,-0.17325461,0.07665169,0.7134751,0.21795821,-0.31043142,0.34490788,5255
0.05416987,-0.04986403,-0.16965108,-0.11107367,0.23125987,0.7167898,0.2608924,0.93804127,-0.41233784,-0.85543346,-0.21276362,-0.76415956,0.4971231,-0.46049106,-0.026428595,-0.2536762,4259
0.13675778,0.3273103,-0.12977156,-0.438401,-0.01728233,-0.16875838,0.08842779,0.04985243,-0.49722064,-0.11956218,-0.13737048,0.25064778,-0.06832749,0.052094303,0.13757122,-0.23519096,4653
0.16211075,0.29020318,0.089229316,-0.7560983,0.023494497,-0.025358714,0.022989945,0.29258195,-0.5364905,-0.17654273,-0.21349046,-0.10301568,0.013876975,0.042523794,-0.16821393,-0.3840336,1928
0.07698364,0.1712688,-0.057671428,-0.12554803,-0.082364336,0.041868903,0.21620354,0.36185414,0.042082235,-0.3620507,0.24014705,-0.24814953,0.23694856,-0.28610575,-0.2414576,-0.05221358,8454
-0.13433023,0.27195856,-0.04009246,-0.43974152,0.058322147,0.025622256,0.25495154,0.046953402,-0.19404551,-0.22024623,-0.23072678,-0.11191401,0.06540617,-0.12724897,-0.5526012,-0.1896236,9453
0.13401432,0.026925802,0.011376209,-0.17502792,-0.07391678,-0.12931196,0.09563063,0.51004314,-0.26959738,-0.10761911,0.028281935,-0.18689308,0.51029855,-0.4325096,-0.3214155,0.27068213,2928
0.049099393,0.09873055,0.05555507,-0.19378859,0.11955647,-0.13114926,0.13486564,0.38794053,-0.33050764,-0.49689007,0.14520676,-0.4265043,0.4974453,-0.4671183,-0.3221604,-0.2571224,5844
0.15269758,-0.50616705,0.35979682,-0.42210767,0.33976173,-0.016713414,0.08615595,-0.1459328,-0.395234,-0.5072149,-0.23385066,0.04851491,0.6308641,-0.19935942,0.47639382,-0.28813112,8853
-0.5164664,-0.44627225,0.038273193,0.2603797,0.570555,0.049738586,-0.028114777,0.8598542,-0.30840078,-0.43326932,0.32073992,-0.16728137,1.181487,-0.44428867,-0.31347233,0.09666384,2185
0.065964594,-0.11477651,-0.042078763,0.07919794,0.40610462,0.12007663,0.26754823,0.4492127,-0.47814173,-0.45540017,0.21524355,0.092633046,0.4201846,-0.06099333,0.07166834,-0.2942998,9596
-0.011626504,-0.09837411,-0.3970339,0.32795057,0.44313827,0.22405621,0.5655865,0.9100215,-0.045558795,-0.7598999,0.30436283,-0.59378695,0.8477283,-0.7564586,0.06634346,-0.35270786,3516
-0.16530684,-0.22743686,-0.0092097595,-0.2136196,-0.04885313,-0.07458995,0.078862496,0.51718575,-0.03271529,-0.48071766,0.026361428,-0.17026184,0.3335439,0.030498372,-0.4552425,-0.11671817,1850
-0.14761813,0.15496546,0.2432662,-0.49242523,0.04622934,0.3358522,0.24796158,0.60487205,-0.46494484,-0.28304902,-0.16653395,-0.113584764,0.38974646,-0.16944271,-0.2579037,-0.07753435,9847
0.28467864,0.11128837,0.07790141,-0.16715017,0.08441714,0.17653869,0.229104,0.6475811,-0.06683596,-0.50640815,0.16535243,-0.20413569,0.34525704,-0.41466078,-0.09661612,0.09991032,3834
-0.019080028,-0.32532573,-0.07984704,-0.28357643,0.20506668,-0.017184876,0.21837987,0.27950513,-0.389449,-0.28608087,-0.150687,0.44297615,0.3781814,0.13580765,-0.20699275,-0.06619392,6098
-0.10821769,0.19132671,-0.25259298,-0.21801524,0.19720179,0.25444296,0.21678022,0.42907238,-0.011015341,-0.24905276,0.16711535,-0.040362485,0.29965162,-0.25015107,-0.17701387,0.007534161,4770
0.07529122,-0.10787231,0.19038919,-0.13157779,-0.024601936,-0.26057684,0.2678711,0.61281675,-0.03826771,-0.5983318,0.13301246,0.10579012,0.20590845,-0.2721202,-0.1746561,-0.22525021,3006
0.076747194,0.257543,0.11676866,-0.44953036,0.05433781,-0.0044273287,0.039942883,0.3552187,-0.057629354,-0.10534352,-0.042857073,-0.07343456,0.00037676096,-0.41880852,0.13494086,-0.24589242,8251
0.44070357,-0.058475308,0.4698055,-0.35705972,-0.18692794,-0.40855742,-0.11445713,0.6313518,-0.5080873,-0.80321664,-0.32505965,-0.14669707,0.09466615,-0.32400823,0.19319709,-0.073532134,8273
0.08085232,0.105898894,-0.19995719,0.07341248,0.1623568,0.38668334,0.34687755,0.79776263,-0.27279657,-0.40468943,0.13771042,-0.4903552,0.32956806,-0.7748973,-0.2237747,-0.09641546,1740
0.2785475,0.5176439,-0.2656879,-0.64860773,0.19699381,0.071737565,0.033098266,0.242147,-0.3142661,0.04655663,-0.13760595,-0.5705676,0.12529422,-0.35718378,0.14353731,-0.18983449,2488
-0.3277089,-0.0083756745,-0.20331573,0.39504126,0.0807845,1.0609027,0.45053732,1.4430736,-0.6550531,-0.6922176,0.18847792,-0.40667164,0.43199936,-0.8152492,-0.09911142,-0.043343604,6416
0.24178715,0.2772161,-0.010056412,-0.3954368,0.08651158,0.14012893,0.16978689,0.34181216,-0.4333285,-0.34253997,-0.02498576,-0.19898212,0.12958714,-0.051287364,-0.15422697,-0.1708959,6204
0.007371813,0.32386777,0.29271075,-0.6318446,0.052320734,-0.14190838,-0.13383976,0.45651948,-0.592896,-0.1848614,-0.096425705,-0.28946835,0.392299,-0.014288485,-0.3909,-0.18731523,7110
0.21238399,0.12959416,-0.035925128,-0.5029006,0.012345269,0.20073213,0.16957939,0.4476773,-0.46985453,-0.10667419,-0.032066226,-0.23222527,0.12286699,-0.10433462,-0.45693457,-0.19456773,4474
0.112002544,-0.2534691,0.499214,-0.44422108,-0.20526087,0.17424232,-0.20551723,0.93782973,-0.6067487,-0.67275965,-0.24950916,-0.18070772,0.4681392,-0.24361487,-0.03511402,-0.00035241246,5655
0.1523519,-0.18502876,0.5029844,-0.17039901,-0.20244548,-0.008992776,-0.06468326,0.4619791,-0.26999444,-0.35444322,-0.16089684,-0.24440704,0.60358775,-0.2300821,-0.30892393,-0.033347875,2798
0.13850215,-0.4759365,-0.47447857,0.041066676,0.2902615,0.25609845,0.23619671,0.89162296,0.0017954111,-0.6296349,-0.06425038,-0.5654292,0.72516984,-0.6737371,0.23087129,0.05897759,1476
-0.10200645,0.10210826,-0.074991494,-0.5354475,0.05770102,0.21750547,0.27324125,0.11646594,-0.67960584,-0.050107747,-0.19963835,-0.16471149,-0.28570175,-0.36796755,-0.06404346,-0.23947734,7438
-0.070762396,0.33295128,0.28921124,-0.2780695,0.13439658,-0.5823684,0.011579059,0.26161358,-0.49574786,-0.4297478,-0.0129531175,0.099490136,0.11865128,-0.23880528,-0.08830798,-0.056403875,9704
0.026275098,0.2993143,0.4474167,-0.42588228,-0.14337786,-0.2998007,0.18403281,0.52227116,-0.46377194,-0.3625341,-0.04958023,0.2457791,0.21435843,-0.20671475,-0.3743804,-0.04016219,6589
-0.06908372,-0.24399215,-0.03886908,-0.1310261,0.34074062,0.24018446,0.31571868,0.029455587,-0.06286611,-0.5480764,-0.19622698,-0.16105354,0.6864712,-0.16057634,0.0640814,0.017141432,2465
-0.20942126,-0.47859412,0.021338616,0.37472233,0.30586562,0.49052718,0.33900693,1.184336,0.33004323,-1.3053141,0.6028798,-0.2269082,1.0043144,-0.71217465,0.32834208,-0.09368351,8922
-0.054676976,-0.12089503,-0.75224936,0.41869992,0.7963608,0.67855555,0.6038452,0.18256992,-0.49490032,0.15009953,0.37832642,0.52937603,0.48587903,-0.28183383,0.56054425,-0.19081567,4245
0.084872484,0.097649276,-0.024283735,-0.22747059,0.40261436,-0.2543424,0.059985504,0.2183667,-0.29188287,-0.1406148,-0.09494147,0.22734046,0.37803692,-0.26367137,-0.19872266,0.24238928,2180
0.042396232,-0.18130158,0.13413651,-0.5703753,0.082577184,0.2618788,0.07574615,0.5471946,-0.7473923,-0.22228122,-0.25179547,-0.059279148,0.23760003,-0.07082026,-0.2413495,0.21241781,4381
-0.10889399,0.70879924,0.028581195,-0.31663594,-0.062495187,-0.21561767,0.28221712,0.045752764,-0.39344808,-0.21269329,-0.292857,-0.011814101,-0.40311643,-0.31173468,0.07164982,-0.2774133,2155
0.02884376,0.14549819,0.1742605,-0.25416803,-0.13341697,-0.010608064,0.28657314,0.108848765,-0.20689453,-0.6591892,0.20281735,-0.32388207,0.50614333,-0.27672955,-0.410402,-0.24602443,1293
0.018997222,0.5438392,-0.10166298,-0.47204354,-0.04437207,0.14290857,0.11410764,0.31245315,-0.81022406,-0.09974608,0.111857384,-0.00395748,0.019291416,-0.3161754,-0.15550461,-5.157292e-05,4011
0.11296369,0.28265947,-0.0051302835,-0.4049468,0.16639486,-0.11369763,0.22587824,0.1735934,-0.305099,-0.31660825,0.0497437,0.13656126,0.27196693,-0.16783075,0.027781337,-0.08542283,8956
0.19374034,-0.4025724,-0.13900755,0.08408478,0.8102051,-0.08202929,0.30409718,0.22513327,-0.30687883,-0.32805645,0.010537893,0.14708883,1.0440162,-0.11110048,-0.017774224,0.30188972,1179
0.1922277,-0.038403243,-0.12631263,-0.49641025,0.13483384,0.15574875,0.15204994,0.06691037,-0.48973924,-0.08851634,-0.40486634,0.092877924,0.12991363,0.04890895,-0.07426885,-0.20075662,1726
-0.18596086,-0.28275016,0.4343799,-0.21272106,-0.0066492558,-0.45313182,1.0312865,0.037055783,-0.7129082,-0.59022903,0.48494312,1.0669401,0.35763294,0.19583866,-0.36675006,-0.08445576,8312
-0.12663592,0.11007797,0.29357734,-0.25220582,0.19913961,0.5235809,-0.04697516,1.055115,-0.42462885,-0.47652298,0.19927552,-0.08994613,0.4582628,-0.22604612,0.1240558,0.17760295,3111
-0.007009089,0.06114708,0.1333866,-0.43475908,-0.07415757,-0.06305429,-0.03134401,0.50665504,-0.28013387,-0.29975754,0.1333374,0.08401671,0.36973873,-0.004892774,-0.10863699,-0.120217025,6086
-0.056526512,0.21557778,0.04665293,0.21685651,0.09808526,-0.007642079,0.39331478,0.6289621,-0.018179655,-0.7780008,0.25365716,0.020760965,0.32462627,-0.3502898,-0.48573932,-0.099801645,9940
-0.13634476,0.1147885,0.0641193,-0.5128352,0.09979187,0.52973276,0.05925275,0.67090786,-0.4662944,-0.56695974,0.17504267,-0.13660993,0.4562998,-0.19242287,0.022929505,-0.19274779,5287
0.006249413,0.47777593,0.22747265,-0.16103098,0.0073833168,0.17609033,0.6136508,0.9091436,-0.38146412,-0.78500473,0.14058481,-0.31233913,0.25986332,-0.49907294,-0.30733824,-0.2571939,5515
-0.25941062,0.8311177,-0.01596837,-0.37580276,-0.11090718,-0.29806173,0.37114638,-0.010080636,-0.35955814,-0.26072904,0.035225697,0.18813512,-0.08081457,-0.56227183,-0.0498071,-0.14782487,3528
0.008517161,0.09162877,0.17487109,-0.4573439,0.07796254,-0.030556463,0.34384713,0.04729384,-0.21510148,-0.18801975,-0.21710265,0.11348199,0.30821106,-0.11691601,-0.15059783,0.039571032,5738
-0.10591924,0.3602711,0.09755251,-0.0056351423,0.32274985,0.21859539,0.30276242,0.7750199,-0.19561659,-0.76637095,0.25284556,-0.385234,0.31581956,-0.48218468,-0.06932159,-0.2783385,9750
-0.3358444,0.56175935,-0.3275136,-0.18044049,0.3906817,-0.027083337,0.32351977,0.25112078,-0.16759446,-0.10766201,0.00942909,0.33025965,0.002169311,-0.15703472,-0.013885826,-0.24080649,5848
-0.29314226,-0.116797805,0.10308312,0.14522612,-0.06485903,-0.1075753,0.018260092,0.86393034,0.37586358,-0.59221053,0.22132596,-0.37752688,0.73327446,-0.66601884,-0.42995667,-0.20306605,8486
0.020581853,0.109575324,0.49357152,-0.37973458,-0.07888089,0.093687356,0.06810345,0.7837876,-0.34546262,-0.51282805,0.009518452,0.19341075,0.3536276,-0.21814659,0.06580722,0.24625655,5080
0.16289788,0.8081698,0.07287763,-0.17368825,0.13979247,-0.57358706,0.27615774,0.59724647,-0.31149626,-0.5519165,0.07614058,0.4356063,-0.33195648,-0.34825265,0.32639807,-0.14323673,8091
-0.11218278,-0.22298273,0.5290871,-0.06861262,0.07268838,0.30869728,-0.09137253,0.6764511,0.2867172,-0.56182426,-0.112833396,-0.19808982,0.5810807,-0.424353,0.14600071,0.16204032,2103
-0.058162138,0.056922168,0.09901181,-0.6278386,-0.005230561,0.32855168,0.27582496,0.6395761,-0.7561818,-0.15670633,-0.2870196,0.35327256,0.05902353,0.08262112,-0.16461271,-0.37656513,1972
0.07772826,-0.28807235,0.020930104,-0.16004957,0.73357147,-0.060371228,0.2191028,-0.066403374,-0.047108576,-0.3187755,-0.11255473,0.019007102,0.7729893,-0.26734298,0.28413212,0.20324647,5407
-0.0498223,0.2565295,0.26292193,-0.5513074,-0.23911767,-0.2834269,-0.10844348,0.31160733,-0.5423481,-0.010167509,-0.0083175,0.06532262,0.22167611,-0.022640288,-0.2228927,-0.20086554,8145
0.020876572,-0.10047902,-0.43438467,0.07972303,0.8678147,0.72465855,0.5905044,1.2330979,-0.55033076,-0.6404057,0.12461443,-0.4375841,0.4755964,-0.7691178,0.062031716,-0.07528952,3872
0.29187995,0.012067065,-0.4535099,0.1495702,0.20421833,0.30162463,0.3605345,0.98036647,-0.37721825,-0.3886607,0.24243137,-0.7924276,0.43687212,-0.78561956,-0.05715093,-0.18649688,2448
0.06272005,-0.22294706,-0.018139573,0.09536351,0.18407576,-0.24130762,0.5750896,0.5972303,-0.21833456,-0.6833625,0.40461463,0.26727057,0.62826705,-0.36298838,-0.052918553,-0.23265849,5699
-0.30008757,-0.24177659,0.38454223,0.12595418,0.061552465,-0.13824226,0.14131552,0.888488,0.06995432,-0.73251355,0.52235174,0.31203425,0.22564512,-0.14891842,-0.24155484,-0.19380595,9840
-0.31831127,0.05713912,-0.18302162,0.0654459,0.16639185,0.3082161,0.22894157,1.0197135,-0.20847748,-0.597807,0.14286685,-0.45792294,0.32476962,-0.7481147,-0.37546733,-0.3571185,4596
0.23580652,-0.03716131,0.23012313,-0.29286397,-0.053826284,-0.093819104,0.03420231,0.31309885,-0.15912916,-0.15310036,0.05678165,0.04784355,0.3200993,-0.086624585,-0.2858791,-0.005355537,8742
-0.045973778,-0.3597673,-0.04227701,-0.12799954,0.7326143,-0.09158289,0.32292977,0.61738,0.018539123,-0.539283,-0.2508255,-0.19707793,1.5988224,-0.5620282,0.0567196,0.22399718,9446
0.09600103,0.08595392,-0.06081746,-0.124592066,0.09274426,0.00061415136,0.27519602,0.5292111,-0.08531235,-0.6584346,0.29816285,-0.06098025,0.52422446,-0.14073306,0.05972138,0.054891437,6953
-0.014841616,-0.14271507,0.18417197,0.068322,-0.047439836,0.095038965,0.07232881,0.6251175,-0.078666665,-0.63816327,0.3391534,-0.052147485,0.6236963,-0.106269315,-0.11137737,-0.109912805,6889
0.38138896,0.36614966,-0.10005693,-0.10417339,-0.26934093,0.27852103,0.37991375,0.5699172,-0.32086378,-0.18883923,-0.014938328,-0.5075876,0.19499053,-0.6530402,-0.5527201,0.027997613,1940
-0.018720508,-0.14967586,0.26350603,-0.36894983,0.30959478,0.07638365,0.095811374,0.48036054,-0.099489614,-0.65218735,-0.12405333,-0.029174894,0.51532793,-0.16016075,0.15587217,0.25928986,4589
-0.01755254,0.14655772,-0.24880254,-0.5737268,0.028799877,0.14605796,0.036744576,0.37876177,-0.6080754,-0.066160105,0.22914954,0.1828414,0.250191,-0.044377267,-0.020946361,0.09313469,1931
-0.15786117,-0.106590435,0.000907965,0.41951197,0.3154197,0.26237231,0.43101555,0.9217671,0.18641135,-1.0977066,0.42367432,-0.73277164,1.0426105,-0.7113021,-0.2618425,-0.31966573,1967
0.012047619,-0.006210033,0.10947502,-0.14718284,-0.021048471,0.33530903,0.22251186,0.843248,-0.6036285,-0.50404906,0.004601803,-0.07033547,0.37865084,-0.31582364,-0.106250435,0.30455318,6341
-0.07986179,-0.38237613,-0.046601057,-0.14854045,0.14588773,0.05526358,-0.08393656,0.77398586,-0.07440616,-0.2525662,-0.1845291,-0.47106946,0.5708883,-0.4838742,-0.100561276,0.22790505,1274
0.28747874,0.049298257,0.63289684,-0.20421952,-0.62273586,0.14616838,0.30484354,0.42564368,-0.13469532,-0.95212907,-0.19510922,-0.7022904,0.52338487,-0.60339904,0.0568258,-0.21180642,2446
-0.29516146,-0.06155522,0.5953043,-0.16783099,-0.29243279,0.11333254,0.24806839,1.0848874,-0.50852627,-0.83737653,0.124362394,0.2939962,0.57371426,-0.24605793,0.04109323,-0.1301346,1963
0.08174961,0.19995311,0.65761757,-0.45609888,-0.44949335,-0.8374946,-0.15216085,-0.22889826,-0.095786214,-1.0418847,-0.009410991,-0.57415015,0.26922292,-0.84079057,-0.25766802,-0.5425677,4357
0.083295345,0.4267348,0.08324242,-0.4835385,-0.0053685755,-0.14662583,0.49540305,0.093620494,-0.29312277,-0.2552186,-0.34003583,0.21323323,0.06395376,-0.078161016,-0.45493257,-0.38114464,2076
-0.102380425,0.19263926,0.037076615,-0.40012303,-0.020848438,-0.19014965,0.00416898,0.27695537,-0.3128071,-0.30734494,0.083826855,0.057262108,0.5565152,-0.14379263,-0.20602739,0.06302547,3269
0.16297813,0.15133917,-0.07145481,-0.2459394,0.11506469,-0.10191795,0.25569046,0.27089322,-0.48914808,-0.41574156,0.057886016,0.045747213,0.2588393,0.013879709,-0.11009149,0.053880945,9506
-0.6170412,0.24450423,0.25304335,-0.52041775,-0.07929982,0.053903714,0.47080395,0.6664779,-0.73497903,-0.3089143,0.6270525,0.43134752,0.762426,0.009557672,-0.3791914,-0.15260935,9185
-0.3255514,-0.27306283,-0.20393896,-0.04132673,0.57602847,0.8601935,0.6942215,0.77305305,-0.9648522,0.05891068,-0.21828055,0.37521946,0.61289996,-0.14318061,0.23992264,-0.4036054,1268
-0.06353453,0.31017166,0.061033756,-0.65992343,0.08862746,-0.056121644,-0.0022705756,0.23872879,-0.7101667,-0.23364875,-0.13306132,-0.38072008,0.42041183,-0.39824378,-0.3798847,-0.44834,9288
0.16310193,0.5217889,0.01637771,-0.48228675,0.068866104,0.16353787,-0.028917562,0.27336118,-0.33665544,0.009997141,-0.022408023,-0.13961273,0.014204653,-0.34962052,-0.08690961,0.17557147,7853
0.060947753,-0.05806676,0.17378275,-0.013892472,0.084086075,-0.20354821,0.34352332,0.6513756,-0.17094433,-0.4417404,0.14504455,0.2004862,0.2894785,-0.20423025,-0.19049634,-0.048180908,7836
-0.20868072,0.047515318,0.005322188,-0.33685878,0.15753877,0.30484867,0.27898896,0.6475697,-0.7453741,-0.16809042,0.35464978,-0.14085479,0.41930264,-0.33437815,-0.4727931,-0.16505486,8343
0.05993092,-0.4414066,0.083285496,-0.34222573,0.39283645,0.15884711,0.16467154,0.9607511,-0.3151678,-0.57696426,-0.36137807,0.06633597,0.5083431,-0.4281388,-0.051188633,-0.12576461,2306
-0.17111392,0.13702135,0.12583008,-0.11300981,-0.043338127,0.0023860186,0.4586491,0.41262388,-0.29052722,-0.5617912,0.35478717,0.19598578,0.5431816,-0.07201109,-0.20861983,-0.18695004,9714
-0.13218081,0.5684823,-0.2513617,-0.30182326,0.28344238,0.12958546,0.19923787,-0.09065417,-0.3639037,-0.12738004,-0.028287519,0.29519826,0.6420641,-0.3141511,0.32694408,-0.11481696,2834
-0.046038255,-0.14111017,0.00794453,-0.26122323,0.38093734,0.08160621,0.30800554,0.32706183,-0.01741679,-0.5008187,-0.0517243,-0.13856806,0.56179714,-0.35272568,0.109413445,0.18843257,3836
-0.33386362,0.020236544,0.14990419,-0.13132472,0.09006976,0.16881002,0.37781775,0.45160937,-0.13493699,-0.4861313,0.25580183,-0.17645952,0.8505046,-0.39357764,-0.28026,-0.0653386,3590
0.040824145,0.20514795,0.1526236,-0.50505674,-0.07414609,0.27646875,0.1521957,0.5007602,-0.70048344,-0.103349835,-0.42931107,-0.12007838,0.028680973,-0.07081381,-0.39121953,-0.36528355,7970
-0.034364507,0.59182954,-0.0015471987,-0.717639,-0.09402669,-0.21060655,0.047163233,0.067148946,-0.6274352,-0.05496893,-0.13839075,0.21977904,-0.05153668,-0.3536669,0.03756714,0.011821032,7268
0.16937515,0.6053294,0.048508577,-0.75699604,-0.40449926,-0.18431772,-0.06719555,-0.25243837,-0.5289222,-0.20297262,-0.49115843,-0.2687888,-0.02897197,-0.2818385,0.04790145,-0.58715767,6765
0.3336245,-0.59747106,0.51370454,-0.10570544,0.037775338,1.143378,0.48938262,1.5047746,-0.7180831,-1.8380222,0.4041217,-0.14858608,0.9111513,-0.10294989,-0.39899534,0.24464732,3958
-0.50312394,0.25998643,0.4866397,-0.5551566,-0.20039858,0.06281418,-0.03568329,0.68726575,-0.9886721,-0.17425361,-0.08178955,-0.23717302,0.011266949,-0.33778834,-0.579753,-0.09288986,2068
0.013995789,0.081715584,-0.43897462,-0.3817741,0.24564564,-0.07791685,0.26793385,-0.15984945,-0.037833624,-0.050451756,-0.4792819,0.18650156,0.5689015,-0.05109241,0.2964896,-0.20843533,7965
-0.100587964,0.11161739,0.2042227,-0.36248523,-0.17697513,-0.12638487,0.10385399,0.18718535,-0.55427253,-0.13963453,-0.1355781,-0.017033465,0.3068953,-0.08055046,-0.37671208,-0.121542506,6311
-0.026865065,0.17542624,0.26298735,-0.04986895,0.26194653,0.01397945,0.4053728,0.65946436,-0.041964993,-0.5559487,0.24500072,0.0873431,0.37007436,-0.46920013,-0.25307205,-0.18788841,4024
0.05729924,-0.0520041,-0.44838053,-0.059262753,0.76488096,0.76755065,0.5011497,0.44483712,-0.5479964,-0.8130469,-0.19526702,-0.57254094,1.489187,-0.58740747,-0.16083957,-0.1639683,1499
0.18900926,0.0042138714,-0.0734005,-0.14523984,0.30960065,0.2531069,0.28550828,0.87418854,-0.48407418,-0.3638237,-0.048615165,-0.35943484,0.09250739,-0.67986614,-0.08032857,-0.053408712,8634
0.10099244,0.17368734,-0.4937638,-0.19829465,0.024279848,-0.16118465,0.24210553,0.37131947,0.14393519,0.072911434,-0.4119128,-0.09271951,-0.0004659891,-0.37014437,0.14354342,-0.39076418,8111
0.113900155,0.36120898,-0.043318518,-0.5839493,-0.23775874,-0.0852617,0.16979536,0.35355353,-0.30965817,-0.4214198,0.12841776,-0.17422625,-0.2297739,0.16854371,-0.11045098,-0.48116606,7342
0.093713984,0.66124475,-0.21779297,-0.5756316,0.12202185,-0.29518306,0.27625084,-0.07077122,-0.5005925,-0.24403767,0.001555711,0.28579646,-0.44828713,-0.048065126,0.19919094,-0.089710206,2662
-0.018558457,0.32225603,0.13160941,-0.7074256,-0.03751401,0.10954575,0.081133895,0.18413708,-0.4332215,-0.07026449,-0.54513043,-0.06399436,0.16209579,0.08547376,0.059351444,-0.04735048,5819
0.0632993,0.040711977,0.06341247,-0.47103152,0.03191121,0.18464996,-0.014585953,0.33084995,-0.43551338,-0.10703843,-0.02593502,-0.13820724,0.24885404,-0.028325947,-0.19346109,-0.08013244,9984
-0.512025,-0.44646668,0.34231108,-0.43389365,0.30645248,0.31669492,0.13782331,1.150182,-0.9932709,0.04472305,-0.17683457,0.0705767,0.5315,-0.03364373,-0.14490594,0.091556735,6393
0.10093478,0.0019745901,0.6708295,-0.113354325,-0.043148246,-0.27584082,0.38135603,0.5391687,0.006004885,-0.89929616,-0.28738067,0.17692961,0.4072886,-0.23100269,0.14971718,-0.27904248,3956
0.1293138,0.6108817,-0.059115693,-0.44173133,-0.066088155,-0.2600587,0.102124766,-0.061456226,-0.34998816,-0.13282177,-0.14254318,-0.13563007,0.051308215,-0.40194967,0.2528954,-0.20765853,9516
0.24094737,0.14950685,0.5346969,-0.14901927,0.3712801,-0.04825437,0.32685062,0.53974587,0.10929328,-0.47801024,-0.040892124,0.10244952,0.45826286,-0.52481204,0.1451495,0.12379396,3228
0.08297053,-0.0956792,0.55691123,-0.24780315,-0.03399074,0.43027586,0.3753137,1.4248953,-0.21882802,-0.5754502,-0.30437756,-0.53922933,0.23790671,-0.2754568,-0.36174947,0.008397907,2938
-0.49325117,-0.009716898,0.17080197,-0.6299761,-0.03332325,-0.021589037,-0.06676457,0.52054405,-0.23729959,-0.23538314,-0.13154718,0.12673292,0.10343328,0.30162653,0.06760621,-0.1939372,3742
0.20488355,0.17555064,-0.08856097,-0.4335721,-0.051379606,0.083420396,0.10641444,0.33665985,-0.3866055,-0.25560677,0.1214115,-0.2494871,0.26354778,-0.10129048,-0.31807265,-0.17588294,2107
-0.01970233,-0.15512154,0.20439371,0.00730516,0.22117275,0.2717087,0.3127926,0.53304553,-0.022746772,-0.95396304,0.28110304,-0.30344623,0.6696598,-0.60267544,0.24317306,-0.124117866,7122
0.0776049,0.19974461,0.016080903,-0.2571475,0.035637368,-0.15626983,0.19185041,0.22913104,-0.24365819,-0.41711327,-0.009397228,-0.085374445,0.15561971,-0.0240614,-0.119156465,-0.019368589,4975
0.0740771,0.6865278,-0.21494704,-1.0470754,0.18526384,0.16031998,0.2610874,-0.17761357,-0.86070263,-0.044284493,-0.6685821,-0.11737032,-0.35571218,-0.2852117,-0.23857483,-0.5165615,4209
-0.34847736,-0.39362437,0.22326502,-0.114723325,0.31205806,0.18871479,-0.039923064,0.354464,0.19058378,-0.6143801,0.09058285,-0.15047653,1.0857837,-0.1738536,-0.0038785338,0.29297984,7943
0.21300235,0.5857353,-0.19050755,-0.45779678,-0.06333165,0.16283776,0.00062191486,0.08593208,-0.22344667,-0.09259835,0.101439215,-0.4485197,0.37687716,-0.6220832,0.0130018145,-0.010076523,3073
0.5861826,0.28482664,0.2697654,-0.2974391,-0.017326776,-0.4433035,-0.0005492717,0.052982792,-0.4573106,-0.5444174,-0.23504871,0.19453366,0.4289447,-0.4363597,0.42691755,0.052187055,3232
0.24442464,-0.02534327,-0.057320625,-0.18372773,0.17987281,0.3424986,0.30959508,0.86990666,-0.58705246,-0.3066573,-0.18977323,-0.47698689,0.34128505,-0.61524147,-0.12798402,0.11843647,5449
-0.36318773,-0.039656755,-0.31914532,0.21311522,0.092661925,0.19798091,0.3528598,0.7176344,-0.773499,-0.17994067,0.1730789,0.015150219,0.15906948,-0.757275,0.14492917,-0.38813147,3625
-0.27124783,-0.30511123,-0.16499387,-0.091765195,-0.11832061,-0.274543,0.28917286,0.5335192,0.41233087,-0.71877867,0.4104833,-0.17743465,0.53706723,-0.35038453,-0.32137135,-0.3199191,1640
0.06549102,-0.15722083,0.48200676,-0.20004964,0.072325915,0.06552851,-0.02269776,0.6999156,-0.3429198,-0.44359905,0.13515677,0.27555314,0.52085173,0.016217954,-0.13166067,0.40616733,6072
0.015555844,0.25084627,-0.20094706,0.20140404,0.0014272928,0.51522934,0.51158965,1.0143437,-0.17241508,-0.99850243,0.3998986,-0.37321475,0.38842845,-0.8389784,-0.043883145,-0.20209438,7884
-0.067694634,0.023317337,-0.20437466,-0.53892446,-0.07185252,0.080673546,-0.04083027,0.24800178,-0.26648957,0.052777633,0.029108586,-0.1865459,0.21880645,-0.09074901,0.043124706,-0.07294381,4775
-0.10879016,0.26185715,0.039807927,-0.44708106,0.095183626,-0.06382498,-0.0746329,0.14868873,-0.44837713,-0.22513159,-0.08625484,-0.13046452,0.2875143,-0.0055646896,-0.16529587,-0.42719764,8049
-0.024733827,0.6269393,0.0705543,-0.52746385,0.05033517,0.12671353,0.41217864,0.055965967,-0.61817735,-0.5731103,0.06698181,0.12566431,0.13721535,-0.185024,0.046560258,-0.35091233,3008
-0.042952456,0.08587689,0.39484143,-0.09850052,0.13869566,0.1520865,0.17020549,0.7432997,-0.29450956,-0.55570155,0.22817484,0.047829404,0.61058563,-0.16887525,0.025175706,-0.027816176,9664
-0.2546564,0.019189913,0.121606156,-0.7527189,-0.056848347,-0.22893316,0.1330361,0.047267824,-0.6435387,-0.3145073,-0.035447095,0.06714682,0.1998959,0.055234972,-0.23165725,-0.33889386,2779
0.13515508,0.06740952,0.15972704,-0.52788895,0.33657467,-0.21471661,-0.059538916,0.4172392,-0.35734406,-0.19694687,-0.31945404,-0.26640764,0.28230035,-0.16976777,-0.10114169,0.03226398,9826
0.58853596,-0.06716046,0.50516385,-0.3986129,-0.45503712,-0.01169306,0.26739144,0.15845887,-0.72424746,-0.63173044,-0.08064361,-0.24045861,0.5115729,-0.07324989,-0.9300076,-0.26604536,1322
-0.011489615,0.42529672,-0.027657613,0.0585559,0.06406182,0.15628569,0.4002962,1.1923879,-0.1321186,-0.6922369,-0.10503438,-0.6540575,0.39123988,-0.7357808,0.04910387,-0.37808913,5613
0.20497097,0.01607199,-0.042332094,-0.1424553,-0.008375164,-0.07101843,-0.031156763,0.10349262,-0.515466,-0.25310048,0.0020584315,-0.105124004,0.06111253,-0.27950925,-0.1405043,-0.0018075183,7491
0.16985837,0.032109357,0.31586847,-0.26113334,0.004520312,-0.32634264,0.17096809,0.35276183,-0.29679406,-0.5819757,-0.07283737,0.063206784,0.12271935,-0.118506126,-0.09366006,-0.14984739,3053
0.06400634,-0.02692715,-0.08204643,-0.4799185,0.2663529,-0.25641564,0.10533537,-0.06582567,-0.3495865,-0.31911477,-0.15875825,0.04953009,0.37235957,-0.28309596,-0.0848372,-0.16932836,1241
0.04847502,-0.17301305,-0.095452264,-0.6187465,0.18749028,0.1278247,0.32144,0.09457684,-0.7630398,-0.06510396,-0.2186602,0.49207404,0.4126904,0.24769896,-0.45534852,-0.017775536,9979
-0.10741146,-0.0017779768,0.23587525,-0.7404884,-0.64704853,-0.4575718,-0.21264678,0.08290975,-0.49124578,-0.7148573,-0.030200738,-0.036941268,0.5835908,-0.21591963,-0.050937533,-0.6477022,9815
0.19948724,0.25046352,0.041061476,-0.6381718,0.4782548,-0.17669252,0.03094327,0.8684439,0.14146012,-0.24709068,-0.6038111,-0.66741985,-0.12846535,-0.83703405,0.16981578,-0.1159085,9587
-0.38296604,0.516536,-0.18072157,-0.6307737,-0.123847544,0.33125615,0.34900996,-0.20354049,-0.34438005,0.0750753,-0.097570986,0.017773256,-0.3333786,-0.07368942,0.13490072,-0.6381689,1068
0.009744614,-0.1721442,-0.10838027,0.101965964,0.13712627,0.17954403,0.47776043,1.0218474,0.5049852,-1.0067706,0.37623653,-0.81508005,0.49556524,-0.5220219,-0.7829833,-0.14457646,1783
0.2313466,0.05765682,0.5105691,-0.07645328,-0.39739633,-0.39611948,0.31661835,0.31272143,-0.23347005,-0.23644972,-0.065335326,-0.28525978,0.42221233,-0.36799467,-0.76239264,-0.071574986,8107
0.4739131,0.31238,0.364707,-0.045611717,-0.15108748,-0.41095257,0.09273793,0.22307414,-0.20939903,-0.6081642,0.15781826,0.053739246,-0.2538909,-0.5292641,0.0820744,-0.17380892,8256
-0.1547342,0.12022029,0.43647462,0.085440546,-0.030959278,-0.36687303,0.39342263,0.5009625,-0.21702033,-0.75507545,0.26840374,0.55001205,0.30131376,-0.21591997,0.045939207,-0.19019824,8097
0.61356574,0.33038914,0.6026951,-0.66943276,-0.7112177,0.09006643,-0.36516657,-0.354283,-0.6178715,-0.5858819,-0.5092289,-0.80854017,0.059078068,-0.9436872,0.31798047,-0.5415538,6629
0.22010484,0.3747754,-0.032716855,-0.30317694,-0.04358978,-0.2461181,-0.07407792,-0.05431348,-0.2833314,-0.21843228,-0.53639543,-0.03595996,0.016515583,-0.43568093,0.42424712,-0.6477292,9401
0.025450036,-0.010443717,-0.23592493,0.28015247,0.5265149,0.09993198,0.45191115,0.14706741,-0.23838793,-0.33113655,0.42431703,0.16642225,1.0992165,-0.38505557,0.028656006,0.014568761,9204
-0.0790649,0.025757045,0.041533276,-0.43742427,-0.07703773,-0.108881995,-0.019136842,0.24568951,-0.42974442,-0.1694603,0.107512414,0.1469941,0.3045507,0.14453103,-0.11994445,0.10444393,3264
0.2156916,0.0023856033,-0.15049991,-0.33023667,-0.15504512,0.24606031,0.41873384,0.548901,-0.21786529,-0.34047458,0.060083687,-0.36120728,0.19569412,-0.1449911,-0.2998847,-0.10473913,2754
0.27020764,0.6385635,-0.15509254,-0.1122351,-0.023730531,0.19583002,0.28112006,0.5175771,-0.13822764,-0.39677748,-0.16948873,-1.0432692,-0.03237751,-0.7459758,-0.25477648,-0.2885754,4106
0.026972614,0.2793026,0.011658497,-0.68832105,0.0024030209,0.13777703,0.11723339,0.144999,-0.45809025,0.010142684,-0.28331137,-0.14948662,0.100845486,-0.026980963,-0.1880875,-0.13960302,6734
-0.06399001,0.49793437,-0.53711605,-0.6639037,0.36665016,0.32506976,0.9584855,-0.022105277,-0.7238327,-0.61403435,0.20296249,0.13471934,0.031674325,0.25242,0.08075279,-0.773419,3176
-0.034791425,0.46275145,-0.14006369,-0.69029844,-0.14439836,0.09815414,0.23212993,0.09765855,-0.4738089,-0.027708605,-0.27248994,0.034414887,-0.1648709,-0.0091352835,0.0026957989,-0.52837193,1032
-0.6653503,1.5402843,0.18373092,-0.53549004,-0.29371965,0.011441499,0.27691606,0.64505404,-0.89747405,-0.4393266,0.055051684,-0.6378608,-0.58620286,-0.78649384,0.3101372,-0.27032554,7467
-0.066591784,0.24471048,0.11788549,-0.4458142,0.0050694197,-0.34987348,0.35407734,0.050154656,-0.15875958,-0.26979452,0.119227625,0.50366473,-0.2812444,-0.11048928,-0.018457472,-0.31564435,7939
-0.19229975,0.4600793,0.19161409,-0.868109,-0.3498411,-0.19702876,0.330855,0.079992495,-0.8717237,-0.12582874,-0.2550631,0.24894212,-0.4587164,0.0020575598,-0.26353616,-0.6793244,6108
-0.05306811,0.0295235,-0.20297219,-0.32919586,0.19808576,0.12535861,0.33124644,-0.06945684,-0.5290439,-0.029196126,-0.14670193,0.18420616,0.5850862,-0.09345178,-0.030708551,0.002152443,9209
0.0033135526,-0.04201787,0.10875854,-0.474506,0.16152017,-0.21556526,0.082755,0.35139117,-0.3351046,-0.32682133,-0.06674889,0.17180127,0.4810714,-0.03668326,-0.21590489,-0.020067483,5868
0.11798158,-0.100052774,0.18488929,-0.32254732,-0.012383074,0.10897602,0.3192901,0.5622779,-0.6066563,-0.12099354,-0.18137737,0.13178685,0.14495154,-0.12524858,-0.14117862,-0.0855429,7495
0.19584279,0.13300575,-0.17946231,-0.4014854,-0.016133338,0.17775998,0.21640918,0.07925937,-0.35802197,-0.217123,0.07567708,-0.25077015,0.23291375,-0.13495502,-0.15618134,-0.053516462,2384
-0.017912671,0.16011158,0.045128305,0.13591811,0.46814767,0.19411722,0.6120335,0.6892774,0.050075993,-0.8453609,0.24265333,-0.48295635,0.58841693,-0.52366185,-0.11141515,-0.18718344,9809
0.11391331,0.2435808,-0.39212683,-0.26174065,0.38795465,-0.021589726,0.04539129,0.29244882,-0.40379083,0.27438277,0.036213815,0.5594933,0.39442918,-0.07457949,0.40332317,0.018901736,4693
-0.32676807,-0.36066973,-0.27686468,-0.060620546,0.3597671,0.63075405,0.35414958,0.5464562,-0.5448678,-0.2937708,0.105838016,-0.032352597,0.6203544,-0.06998775,0.19729538,-0.40111202,3999
0.08096382,0.1779029,0.18163168,-0.88010144,0.101821825,0.06876877,-0.040462434,0.17289612,-0.60645866,-0.08157289,-0.62042177,0.028474927,-0.3257147,-0.07355333,0.03566259,0.14113478,1603
-0.07306084,0.7057439,-0.4783424,-0.64966047,0.10535246,0.4792211,0.3772929,0.71944946,-0.11602831,-0.20524931,-0.45703083,-0.8963237,0.10746433,-0.5208917,0.02757749,-0.71569026,2200
0.27026722,0.34913078,0.3435943,-0.7072464,-0.16990694,-0.014776416,-0.16753232,0.3424465,-0.6158091,-0.33757392,-0.20840853,-0.3078454,0.0396277,-0.25484997,-0.101600334,-0.081117034,7092
-0.6370801,-0.02291374,-0.415608,0.25031102,0.039653838,0.27832723,0.14730833,0.7753278,-0.031540383,-0.62026525,0.40177682,-0.28137788,0.40962467,-0.67259276,-0.37935862,-0.37979043,8846
0.5166888,0.4069514,0.5076009,-0.6591418,0.1459915,0.14276198,0.28092661,0.8017792,-0.18845263,-0.5478635,-0.28363535,-0.23243742,-0.099147335,-0.55308336,-0.09625761,0.105901495,9432
0.18379559,0.041962832,0.22718859,-0.48700884,-0.08599203,0.05700712,0.01631777,0.41168475,-0.5779239,-0.31349382,0.015472434,-0.23268239,0.34970227,-0.22468635,-0.40693185,-0.12592757,9934
0.16180432,-0.2988094,-0.071091235,-0.098051906,0.32518837,-0.08203111,0.2282103,0.35835543,-0.16298857,-0.60525846,0.07401571,-0.24615705,0.35049176,-0.15088448,0.0077605247,0.07545501,6397
0.17037755,-0.033918492,0.15824983,-0.6865095,-0.063876,0.19109699,0.27101308,0.42123592,-0.7433969,-0.19447726,-0.15220813,-0.18467563,0.021349609,-0.009773307,-0.3479947,-0.073942795,8723
-0.43753207,-0.59556603,-0.07017237,0.18427172,0.21976663,0.5960884,0.3283534,1.0936937,-0.5225369,-0.77073777,0.3012352,-0.5729164,1.2671504,-0.37725508,-0.7443696,-0.14855611,9485
0.15306735,0.19554219,0.4879662,-0.29436782,0.042644605,-0.36610222,0.13083968,0.105210625,-0.22959422,-0.39044043,-0.25965327,-0.021829896,0.01647383,-0.47409928,0.041018695,-0.22706993,9881
-0.2344408,-0.23828395,0.2773183,-0.4834494,0.104848266,0.27373517,0.2235844,1.1351492,-0.53985095,-0.9156216,0.3445121,-0.03681326,0.27343506,-0.08322751,-0.6379503,-0.39509904,4942
-0.103607506,-0.20204438,0.3247612,-0.38060614,0.1713574,-0.33703142,0.05994101,0.25265515,-0.27160463,-0.07069717,-0.4714125,-0.40694797,0.68281174,-0.36387765,-0.39366153,0.20637491,8274
-0.13941704,0.19180109,0.061320025,-0.17411058,-0.35355246,-0.27049863,0.35280654,0.31211922,-0.4545379,-0.22882,0.18192115,0.43441996,0.23582146,-0.11186652,0.010936562,-0.1321437,9590
-0.14113969,0.20812857,-0.10916161,-0.42041,0.2514741,0.3605365,0.0014129579,0.2781288,-0.71450293,0.09425081,0.27821612,-0.005838603,0.56470734,-0.06932479,-0.1639904,-0.048125137,2666
-0.060700014,0.20207936,-0.07433428,-0.34479576,0.16818985,0.26720917,0.052157067,0.35232863,-0.032250956,-0.20522478,-0.22188246,-0.43748248,0.56149864,-0.3888176,-0.3051809,0.031097561,1782
0.30536655,0.0497757,0.2708797,-0.5487362,-0.20968184,0.5509412,0.19048162,0.60387266,-0.69704485,-0.4230361,-0.077377886,-0.25119248,0.034766495,0.059063125,-0.43645158,-0.5167371,2848
0.37899002,-0.10864374,0.17075025,0.01774162,-0.071775995,-0.010627463,0.09715152,0.20988235,-0.062381208,-1.044632,0.28785306,-0.43739802,0.7662505,-0.45947158,-0.24037044,-0.07020745,1538
-0.10727643,-0.106032565,-0.027463255,-0.20322265,0.113442436,0.11083813,0.06474205,0.504575,-0.6340715,-0.063824974,0.036442704,-0.0067299563,0.48917186,-0.20308393,-0.35685045,-0.07212107,1448
0.121285744,-0.25958484,0.14692551,-0.36523053,0.18581168,0.09514034,0.0761032,0.42036062,-0.3220311,-0.089310095,-0.23325838,0.0035930127,0.73483896,-0.0013993084,-0.3200726,0.30274266,7217
0.14318953,0.046214215,-0.061765686,-0.074192554,0.41068012,-0.081883565,0.19223379,0.4008488,-0.22749163,-0.40663618,0.043230087,0.09061024,0.45900244,-0.07333861,-0.050760075,0.13715513,3211
0.13717031,0.36449715,0.5162288,-0.47341162,-0.34471393,0.046440206,0.47277457,0.2801638,-0.4625849,-0.7440884,-0.10623236,-0.12648575,0.09604429,-0.09090943,-0.28195602,-0.52030694,4600
0.059120446,0.27837563,0.15219918,-0.63018286,-0.03095702,0.15667325,-0.056996822,0.4134366,-0.35102957,-0.22694206,-0.07221286,-0.13458784,0.3066501,-0.026448734,-0.040950686,0.07128067,1498
0.007533878,0.1201506,0.26534098,-0.7153076,-0.23385325,0.116907164,0.23009965,0.2972599,-0.524468,-0.38508564,-0.17698787,-0.27126372,-0.091318056,-0.030496826,-0.22653824,-0.50110984,3291
0.11999974,0.28183076,0.03965777,-0.17313038,0.218061,0.16872784,0.46887022,1.1199781,-0.010626644,-1.1243038,-0.14272055,-0.27644655,0.30062306,-0.36000746,-0.24177256,-0.44847563,1862
-0.16633171,0.34929198,-0.10610401,-0.22112067,0.5475804,-0.22191428,0.2639175,0.008260697,-0.1946621,-0.33438677,-0.061387748,0.54819506,-0.0020351633,-0.18346873,0.11760093,0.11740884,1228
-0.052736342,-0.019555874,-0.1645706,0.12243286,0.3267867,0.35519344,0.5327453,0.6775457,-0.35743713,-0.47256824,0.4106605,0.054415006,0.3011139,-0.23939599,-0.124427795,-0.22466421,7614
-0.26866192,-0.06013544,0.10939328,0.09268555,0.43152255,0.6581811,0.49011663,1.3220377,-0.23148042,-0.90142083,0.28432217,-0.078427345,1.0536569,-0.40852687,0.40998468,-0.025412112,2470
-0.07689064,0.28087467,-0.18380982,-0.17778018,-0.27236646,0.091035455,0.20075692,0.5642189,0.26593503,-0.17388904,-0.11680646,-0.84369487,0.5208942,-0.81351227,-0.07374549,-0.06826031,9549
0.09516118,-0.33141336,0.13053916,-0.30667448,0.6085091,0.045369513,0.40820268,1.6931012,-0.5618247,-0.72351235,-0.2938757,-0.23862314,0.41483676,-0.77909565,-0.22324145,0.19941995,3255
-0.23030686,0.014787601,-0.056051895,-0.4062309,0.38636702,0.13391684,0.23354982,-0.22907247,-0.12673695,-0.08813227,-0.065088734,0.2870041,0.58433014,-0.07172626,0.0569928,0.07779051,1658
-0.13341796,0.010222483,0.048698243,0.058968157,0.17019743,0.7772395,0.39742562,0.91057956,-0.29832333,-0.82948613,0.3205152,-0.36731124,0.49447668,-0.69469506,0.0594043,-0.2077876,8338
0.09842409,0.18668771,-0.32784033,-0.41761613,0.1793704,0.25452495,0.015056729,0.82732654,-0.4156052,-0.3571427,-0.23019315,-0.057089146,0.13015059,0.16190784,-0.24885616,-0.13581282,5871
0.1398759,-0.06821717,0.20198438,-0.21434921,0.39447048,-0.14842872,-0.2430735,0.6806992,-0.71187776,-0.037721638,-0.5091392,-0.10111633,0.43656185,-0.374933,0.054676026,-0.1660801,7073
-0.5312068,-0.26055217,0.025681503,0.15668988,0.03795564,0.5462011,0.37360454,0.6952673,-0.86233634,-0.6609138,0.09782359,-0.072231576,1.2969232,-0.2749666,0.35187885,-0.60342234,7482
0.19328626,0.49079138,0.06306745,0.12310076,0.23943502,0.14282969,0.32654476,0.6722459,-0.06769946,-0.30510738,-0.11160904,-0.49787754,0.64624584,-0.5859955,-0.36530197,0.28012508,1076
-0.11114125,0.20411831,-0.013416467,-0.48306605,0.056551125,0.29225773,0.2234591,0.46374533,-0.6927579,-0.18311526,0.046461154,-0.10485142,0.3428047,-0.20607787,-0.38821736,-0.24700548,8223
-0.09643589,0.1971756,0.24129905,-0.33317405,0.15783195,-0.08809876,0.41953808,0.15332836,-0.09474071,-0.36415693,-0.22568846,0.23755082,0.49045423,-0.12431248,0.14538026,0.004187554,3589
-0.1608881,0.70820874,-0.17470446,-0.7118131,-0.04104753,-0.34068608,0.1628498,-0.6968716,-0.64891136,-0.13143389,-0.5794168,0.02611953,-0.21634287,-0.38953263,0.3644999,-0.7447422,3153
0.046628714,0.1870147,-0.013681548,-0.30734125,0.30404812,-0.06706057,0.19595431,0.1293661,-0.2224443,-0.15569958,-0.017556645,-0.020528268,0.2987485,-0.1479783,-0.10007663,0.007515043,3497
-0.2801668,0.6752571,0.115746066,-0.12071483,-0.49781704,0.31491888,0.5084442,0.6473395,-0.6104446,-0.27382708,0.10048269,0.22253661,0.13799743,-0.358941,0.14135416,-0.20223047,9407
-0.020171136,0.32785743,-0.12858708,-0.29558235,0.20864433,-0.12906872,0.023771346,0.1505712,-0.19659452,-0.22883502,-0.07024691,0.22305204,0.30512762,-0.06252236,-0.055134535,0.013972223,8222
-0.13573411,0.07303512,-0.023665184,-0.54347825,0.4305765,0.122513,0.15241063,0.50306755,-0.12310539,-0.55551875,-0.085610375,0.009948887,0.14299119,-0.1305863,0.11820513,-0.034738183,3725
0.21065308,-0.1664536,0.45986846,-0.35559717,-0.28141606,0.3746429,-0.07620522,0.8349154,-0.56926674,-0.5381215,-0.06642228,-0.34781086,0.30794874,-0.055892043,-0.25700918,0.15015358,2957
0.16167086,0.041634075,0.059871875,-0.8033288,-0.004764989,0.19373506,0.04841245,0.22565354,-0.7485249,-0.036371797,-0.47449154,-0.18940337,-0.090783276,0.037519682,-0.17549787,-0.22179657,2048
0.033202708,-0.07532284,-0.23985235,-0.33713353,-0.23582864,0.9730776,0.9644382,0.84851825,-0.6443588,-0.59269875,0.18464933,0.09190429,0.16589001,0.09583259,-0.8146551,-0.20978734,2018
0.36476874,0.314863,-0.086132556,-0.4819684,-0.15004423,0.11172842,0.04507287,0.523863,-0.3539297,-0.061906517,0.047385402,-0.7846099,0.047804184,-0.5296415,-0.33707583,-0.0151628405,3707
-0.33025694,0.36355838,-0.08762879,-0.62036836,-0.17184806,0.3436805,0.31056708,0.20094003,-0.15873076,0.2529221,-0.66387236,0.18965529,-0.1298191,-0.1292256,-0.2324804,-0.35638076,9183
0.44175792,-0.1425607,0.5226698,-0.42279637,-0.38122562,0.30408344,0.45217472,0.7322167,-0.37750775,-0.56292284,-0.14635542,-0.023517672,-0.04218237,-0.15090407,-0.6654055,-0.23975712,2047
-0.1559614,-0.08313706,0.109234616,-0.16477738,-0.13977185,0.27506882,0.5733509,0.4062804,-0.60170186,-0.5438149,0.3468916,0.24559595,0.368218,0.13211066,-0.1636284,-0.10913703,9354
-0.58882684,-0.54865515,0.100032404,0.3852154,0.1865384,0.5650852,0.3282798,1.1011142,0.26666245,-0.9431663,0.5204049,-0.4955945,0.6263701,-0.4696131,-0.074309826,-0.23646861,1566
-0.100715026,-0.11475946,-0.17689335,-0.06923194,0.014543414,0.10298897,0.3443544,0.47047028,-0.37837416,-0.21057299,0.12516221,0.5504425,0.33668026,-0.05783983,0.27476317,-0.6160923,4868
0.6543746,0.2986068,-0.07836283,0.44514394,0.48880982,-0.20985046,0.22584438,1.5881954,-0.11407146,-0.5607477,0.2663842,-0.33458617,-0.09434694,-1.2537783,-0.28190672,-0.17883986,2042
0.33644724,-0.42089826,0.7435448,-0.28221056,-0.4222607,-0.17159696,0.026621833,0.7656599,-0.80124676,-0.43970862,-0.1893961,0.002009958,0.5200222,0.056029484,-0.78750277,0.26267934,5413
0.0065367967,0.49080762,0.08216902,-0.15255329,-0.0038415194,-0.4931882,-0.027207766,0.627088,-0.44473958,-0.16005136,0.0642831,0.20697072,-0.28333905,-0.2820551,0.038014516,0.062770486,3290
-0.25858063,0.73519576,-0.16979598,-0.81007874,0.07210972,-0.26298115,0.36341712,-0.42416573,-0.6865133,-0.07631758,0.065440744,0.42105818,0.14325649,-0.3368535,-0.09273586,-0.46429527,9747
