uid,cluster
10004,7
10006,2
10007,3
10008,4
10012,4
10021,9
10023,7
10024,0
10027,9
10032,0
10033,4
10034,7
10035,6
10039,6
10041,5
10049,2
10052,7
10053,7
10054,9
10070,6
10072,3
10075,2
10080,7
10083,7
10086,6
10087,6
10088,3
10095,5
10097,6
10098,0
10101,6
10102,7
10103,5
10106,7
10108,5
10109,7
10110,7
10114,5
10115,6
10119,6
10120,3
10124,0
10127,6
10128,4
10130,9
10135,0
10137,6
10140,5
10142,7
10144,5
10147,7
10149,7
10150,6
10151,9
10156,9
10158,7
10161,0
10167,2
10170,2
10175,6
10176,6
10179,5
10180,5
10182,3
10186,4
10190,4
10191,4
10194,2
10195,0
10196,7
10197,3
10198,4
10199,3
10210,7
10212,8
10216,5
10219,7
10221,9
10222,9
10224,0
10225,0
10226,7
10231,6
10237,5
10239,7
10242,4
10245,5
10248,5
10250,3
10251,5
10253,7
10256,0
10259,6
10261,9
10262,9
10265,7
10266,3
10267,0
10268,6
10269,9
10270,0
10271,8
10272,8
10273,6
10274,0
10277,5
10278,4
10280,6
10283,5
10285,5
10288,4
10291,0
10292,6
10295,4
10297,4
10300,9
10304,7
10309,0
10313,9
10314,9
10321,9
10323,5
10325,2
10326,5
10328,2
10330,0
10331,4
10333,3
10335,8
10341,4
10342,7
10344,7
10347,4
10351,4
10353,9
10354,9
10356,0
10359,0
10362,4
10365,7
10369,7
10373,7
10374,8
10378,6
10379,2
10380,9
10383,7
10394,6
10396,4
10398,7
10399,3
10400,4
10402,6
10407,0
10410,9
10416,4
10417,7
10419,4
10421,7
10422,7
10423,2
10428,4
10429,9
10430,6
10431,2
10433,6
10435,7
10436,4
10439,3
10441,3
10444,0
10446,0
10447,6
10448,9
10450,2
10452,0
10454,0
10456,4
10457,9
10458,0
10460,4
10462,0
10466,2
10467,2
10469,5
10470,0
10471,5
10472,7
10473,9
10474,7
10475,3
10476,4
10477,7
10478,0
10481,4
10482,4
10483,5
10484,7
10487,7
10488,3
10489,7
10491,4
10499,0
10501,0
10502,0
10504,6
10505,9
10506,8
10508,0
10510,0
10512,4
10516,4
10519,0
10522,7
10524,3
10525,0
10529,7
10532,8
10536,5
10539,5
10541,9
10542,5
10543,4
10545,9
10548,7
10549,9
10550,7
10556,7
10561,7
10562,7
10563,9
10564,7
10573,4
10574,7
10578,4
10581,0
10582,7
10585,6
10586,4
10588,9
10590,3
10592,6
10593,3
10601,0
10604,7
10611,8
10612,9
10614,0
10616,9
10618,6
10624,7
10625,4
10627,5
10628,7
10629,9
10630,3
10631,2
10632,2
10642,3
10643,0
10644,7
10646,9
10647,0
10651,9
10652,7
10653,0
10655,7
10659,9
10662,2
10664,9
10665,0
10669,6
10672,4
10673,3
10674,3
10675,2
10676,9
10679,4
10680,6
10681,4
10685,6
10686,4
10687,7
10688,0
10689,6
10690,5
10695,4
10696,3
10697,4
10700,4
10701,5
10702,0
10708,7
10712,2
10713,4
10720,0
10724,4
10725,9
10726,4
10729,4
10730,4
10732,9
10736,4
10738,6
10745,9
10749,5
10752,5
10754,3
10756,2
10758,0
10759,9
10762,4
10763,4
10766,9
10771,9
10772,5
10773,0
10776,4
10779,0
10780,5
10782,7
10784,7
10788,7
10795,9
10800,9
10802,9
10803,9
10804,9
10807,7
10808,0
10809,7
10811,2
10812,4
10820,6
10821,7
10822,5
10828,2
10829,3
10831,9
10833,6
10836,7
10838,7
10839,4
10842,4
10843,3
10845,9
10848,9
10849,9
10851,7
10852,6
10853,3
10856,4
10862,3
10866,5
10867,0
10870,3
10871,7
10872,7
10873,9
10874,3
10880,2
10883,4
10884,0
10885,3
10886,7
10890,5
10892,7
10896,4
10897,7
10898,9
10902,7
10904,0
10905,3
10906,2
10911,5
10913,7
10914,7
10920,7
10921,5
10923,7
10926,9
10928,6
10930,4
10931,9
10934,3
10935,5
10936,9
10938,8
10940,5
10942,8
10943,3
10945,3
10949,0
10953,0
10954,2
10955,4
10957,7
10960,6
10962,0
10963,8
10964,4
10965,2
10966,6
10967,4
10970,5
10971,5
10979,6
10980,0
10985,9
10986,6
10988,5
10989,5
10994,7
10995,9
10996,0
10998,2
10999,4
11000,4
11001,0
11003,7
11005,7
11013,9
11018,3
11020,6
11021,6
11022,2
11025,0
11030,4
11031,4
11032,0
11033,8
11034,5
11035,2
11036,2
11038,4
11039,9
11040,3
11041,5
11043,0
11045,9
11048,6
11053,4
11057,0
11059,3
11060,7
11061,9
11064,0
11068,9
11070,6
11072,6
11077,2
11078,4
11081,0
11087,6
11088,7
11090,7
11091,7
11092,6
11096,5
11097,4
11098,6
11099,0
11106,2
11114,7
11116,7
11118,4
11121,9
11122,4
11123,7
11126,2
11131,3
11138,6
11139,5
11141,2
11146,5
11152,0
11154,7
11155,9
11162,4
11164,7
11165,9
11166,7
11167,7
11169,0
11170,7
11171,7
11173,0
11174,5
11175,7
11180,0
11181,5
11182,4
11185,7
11187,4
11189,7
11190,5
11192,4
11193,6
11194,5
11197,7
11199,7
11200,4
11203,6
11205,0
11213,3
11216,9
11217,0
11219,9
11220,7
11221,2
11222,4
11226,3
11227,2
11228,7
11230,7
11241,9
11246,5
11248,0
11250,5
11253,4
11256,3
11257,0
11260,7
11261,6
11262,4
11266,3
11270,7
11272,9
11275,3
11276,4
11277,0
11278,9
11281,3
11282,9
11285,4
11288,5
11289,9
11290,6
11291,0
11295,3
11296,7
11297,6
11298,7
11300,6
11305,0
11309,7
11311,6
11314,6
11315,5
11317,4
11318,9
11319,0
11322,6
11323,4
11325,7
11326,5
11327,3
11330,4
11334,2
11343,6
11346,4
11348,7
11349,7
11351,4
11361,4
11362,5
11364,4
11366,7
11368,2
11370,3
11371,4
11372,0
11373,6
11380,7
11385,2
11386,2
11388,2
11389,9
11390,7
11392,4
11394,4
11397,4
11399,9
11400,7
11402,3
11404,3
11406,7
11409,3
11410,2
11413,3
11414,2
11418,9
11419,6
11422,7
11424,9
11427,0
11430,3
11433,6
11437,4
11438,5
11441,9
11442,6
11443,4
11444,9
11445,5
11447,3
11448,6
11449,4
11452,0
11453,7
11456,6
11457,3
11458,0
11463,4
11464,6
11465,2
11469,4
11470,2
11472,3
11477,5
11478,3
11480,7
11483,5
11484,7
11485,0
11486,0
11489,3
11490,6
11491,7
11498,6
11499,9
11500,0
11501,7
11503,4
11507,5
11512,3
11513,0
11518,6
11519,9
11520,0
11522,7
11523,3
11529,4
11534,4
11536,4
11543,6
11550,5
11551,9
11554,9
11556,6
11557,0
11566,7
11570,7
11572,3
11574,7
11575,8
11576,0
11578,0
11580,7
11581,9
11583,4
11584,4
11588,4
11590,3
11592,7
11598,9
11599,4
11602,4
11603,6
11604,9
11606,7
11608,5
11612,6
11618,5
11621,0
11623,9
11627,9
11632,7
11633,7
11638,4
11639,7
11640,7
11641,5
11644,4
11647,0
11653,5
11654,0
11655,7
11661,0
11664,5
11666,9
11668,5
11670,3
11671,4
11675,4
11678,7
11679,5
11681,5
11682,7
11684,0
11685,6
11689,0
11692,6
11696,7
11697,7
11698,6
11710,7
11714,5
11715,5
11718,7
11721,9
11726,7
11727,2
11731,6
11734,7
11736,7
11738,5
11739,9
11741,3
11742,0
11743,7
11744,4
11747,3
11748,0
11749,0
11751,5
11760,6
11761,3
11762,9
11763,4
11764,4
11768,2
11773,5
11784,9
11786,4
11788,3
11791,5
11792,7
11793,9
11795,6
11798,4
11801,7
11805,0
11807,0
11810,4
11811,6
11812,7
11815,7
11817,9
11818,4
11822,7
11824,4
11826,9
11829,3
11830,3
11834,9
11836,5
11841,2
11842,2
11846,7
11848,2
11851,6
11852,3
11853,7
11855,8
11856,5
11857,7
11858,7
11859,0
11862,7
11863,5
11864,6
11866,7
11870,9
11874,2
11876,5
11877,9
11879,7
11880,7
11886,7
11888,5
11892,6
11897,7
11900,7
11901,4
11910,7
11911,5
11913,4
11916,5
11923,4
11926,5
11928,0
11931,0
11934,0
11938,4
11940,5
11941,7
11944,7
11945,2
11948,3
11956,4
11958,3
11960,9
11964,0
11965,5
11966,0
11967,9
11970,4
11972,0
11973,2
11975,6
11978,5
11983,7
11985,0
11990,9
11991,0
11993,9
11994,5
11997,3
12004,4
12005,6
12006,9
12007,6
12008,2
12009,7
12010,6
12020,4
12028,6
12029,7
12031,9
12032,5
12034,4
12038,6
12040,2
12044,0
12046,8
12047,3
12051,3
12054,0
12055,6
12058,7
12059,0
12060,7
12061,4
12062,6
12065,7
12069,0
12072,9
12073,0
12077,2
12083,9
12084,2
12086,0
12087,2
12088,4
12089,7
12092,4
12095,9
12097,7
12098,2
12099,4
12101,2
12102,5
12104,5
12107,6
12110,0
12113,4
12114,7
12115,9
12121,9
12125,0
12126,7
12131,4
12132,7
12133,5
12135,6
12138,6
12141,7
12145,6
12150,4
12151,7
12152,6
12156,7
12161,6
12163,9
12165,0
12166,6
12167,5
12168,0
12171,9
12172,7
12173,9
12174,6
12180,4
12181,5
12182,7
12183,4
12185,5
12188,7
12189,5
12193,3
12195,5
12197,0
12206,4
12210,4
12211,4
12212,6
12217,2
12218,3
12220,0
12223,7
12225,7
12226,7
12228,7
12229,2
12230,7
12231,0
12233,6
12235,0
12237,7
12238,6
12240,4
12241,7
12245,7
12247,4
12248,5
12254,0
12255,9
12259,4
12262,6
12265,4
12267,7
12269,7
12270,7
12271,2
12273,5
12276,7
12279,7
12284,3
12286,7
12287,5
12288,6
12290,7
12295,7
12296,9
12298,6
12299,5
12300,4
12305,0
12306,0
12307,9
12308,5
12309,3
12310,7
12311,6
12312,5
12313,5
12314,4
12316,8
12317,2
12320,9
12321,2
12322,6
12323,4
12324,6
12327,3
12328,5
12329,5
12330,6
12331,5
12333,5
12337,7
12338,4
12339,5
12341,6
12344,9
12348,0
12349,6
12350,5
12351,9
12354,6
12357,7
12359,7
12360,6
12361,4
12362,4
12370,9
12372,6
12373,6
12375,7
12376,7
12378,5
12381,2
12383,4
12386,6
12388,7
12391,3
12394,8
12398,6
12399,4
12401,9
12403,6
12404,0
12408,7
12409,4
12417,5
12423,6
12428,3
12432,7
12436,5
12437,9
12440,6
12441,0
12442,2
12444,4
12447,4
12449,6
12450,8
12463,4
12474,0
12476,5
12480,6
12481,0
12483,4
12490,6
12493,4
12494,7
12495,3
12499,3
12502,7
12503,4
12504,7
12507,4
12508,6
12510,9
12511,7
12513,7
12514,4
12515,6
12517,5
12518,9
12522,7
12527,4
12528,0
12530,4
12531,7
12532,7
12535,0
12538,5
12540,5
12541,3
12542,4
12544,3
12546,6
12549,4
12550,6
12554,9
12556,4
12558,3
12562,0
12563,4
12564,9
12570,9
12574,4
12576,4
12578,9
12579,7
12582,6
12585,4
12586,6
12592,4
12593,3
12605,9
12608,7
12611,8
12615,4
12616,5
12617,5
12618,7
12621,7
12622,9
12623,3
12625,0
12626,5
12629,6
12630,6
12633,4
12635,0
12636,7
12638,6
12641,6
12644,2
12645,8
12647,9
12648,4
12651,2
12652,0
12657,6
12660,4
12662,4
12664,9
12667,4
12677,0
12679,2
12680,2
12683,7
12685,2
12686,0
12687,0
12688,4
12691,9
12694,7
12699,9
12706,0
12707,3
12710,9
12712,0
12715,6
12718,4
12721,7
12722,9
12725,0
12726,6
12727,6
12729,6
12730,2
12731,0
12732,9
12734,5
12735,4
12737,0
12740,7
12741,7
12742,7
12743,0
12744,5
12746,6
12750,0
12753,7
12757,7
12758,9
12761,8
12762,4
12767,4
12769,9
12771,5
12772,6
12776,5
12777,5
12778,9
12780,7
12782,3
12783,4
12784,5
12785,5
12787,6
12788,9
12789,9
12791,3
12793,4
12796,9
12797,4
12803,7
12805,7
12807,0
12813,3
12815,3
12819,9
12820,7
12823,6
12824,6
12826,9
12827,7
12828,4
12830,7
12831,9
12833,6
12836,9
12840,4
12844,3
12849,3
12851,7
12854,9
12856,9
12863,3
12864,5
12865,9
12867,0
12868,3
12872,3
12873,9
12875,4
12880,7
12885,6
12888,7
12891,0
12893,7
12898,9
12899,9
12901,4
12903,3
12905,2
12907,3
12909,3
12913,5
12914,7
12915,4
12916,2
12924,4
12927,0
12933,4
12935,6
12937,9
12941,5
12945,6
12946,0
12947,6
12949,4
12951,4
12952,0
12954,5
12955,3
12957,0
12959,7
12960,4
12964,9
12965,4
12968,6
12969,7
12971,0
12974,6
12975,4
12979,4
12980,9
12981,4
12982,6
12984,9
12990,7
12992,9
12995,4
12996,4
12997,9
12999,9
13000,7
13001,6
13002,4
13003,2
13007,4
13008,2
13010,0
13011,9
13013,5
13015,3
13016,7
13021,6
13022,2
13023,4
13024,7
13025,0
13026,5
13027,9
13028,9
13029,7
13030,0
13031,7
13035,6
13036,4
13037,6
13040,9
13041,7
13047,7
13050,4
13053,5
13054,9
13056,7
13057,2
13059,3
13064,7
13066,9
13070,6
13071,6
13073,3
13075,4
13076,0
13077,3
13080,2
13083,3
13085,7
13087,6
13091,5
13094,9
13095,7
13096,5
13099,4
13102,4
13104,0
13108,9
13112,7
13115,0
13116,5
13117,7
13118,3
13120,5
13124,0
13125,4
13126,0
13128,6
13129,6
13130,6
13131,5
13132,8
13136,4
13137,7
13142,0
13147,7
13149,9
13150,0
13151,9
13152,7
13153,4
13154,6
13156,9
13158,0
13161,4
13166,0
13167,5
13168,9
13169,9
13170,5
13171,4
13173,7
13175,4
13179,0
13180,9
13181,0
13182,2
13183,3
13184,2
13186,0
13187,9
13189,4
13195,2
13200,9
13202,2
13208,7
13209,3
13211,9
13214,7
13215,0
13218,7
13219,9
13220,7
13221,7
13222,6
13224,5
13227,6
13229,5
13231,6
13233,7
13235,4
13237,5
13241,7
13242,9
13248,6
13251,4
13252,6
13253,3
13254,5
13256,9
13259,0
13263,2
13265,3
13269,6
13270,2
13272,4
13276,9
13278,7
13279,6
13282,4
13283,4
13284,4
13288,6
13289,9
13292,5
13295,6
13298,7
13299,0
13300,6
13301,0
13304,3
13306,4
13308,9
13309,0
13310,3
13313,0
13319,4
13322,7
13325,4
13334,0
13335,6
13336,4
13337,5
13342,0
13344,3
13348,2
13350,3
13351,5
13354,4
13355,4
13360,2
13363,7
13367,0
13375,3
13377,9
13378,2
13381,6
13382,9
13388,4
13393,7
13394,2
13395,5
13396,7
13398,0
13401,2
13402,5
13403,3
13406,2
13414,5
13416,4
13418,7
13419,5
13422,4
13425,0
13426,4
13427,6
13428,9
13431,2
13432,4
13433,2
13434,4
13437,9
13441,3
13445,5
13446,5
13451,9
13452,4
13457,7
13461,0
13467,9
13473,7
13482,0
13489,6
13493,9
13495,2
13496,3
13499,2
13502,7
13504,5
13506,3
13507,5
13508,3
13509,6
13510,7
13511,7
13519,5
13521,3
13522,2
13524,4
13536,5
13537,7
13538,7
13540,7
13541,4
13545,9
13548,4
13550,4
13551,5
13555,3
13559,7
13563,9
13564,5
13565,5
13568,6
13570,5
13575,6
13580,7
13584,9
13585,2
13586,0
13587,3
13593,4
13594,9
13601,5
13603,5
13607,0
13609,6
13611,5
13613,5
13614,9
13615,2
13616,0
13617,3
13618,9
13619,5
13620,7
13624,3
13627,0
13628,9
13629,6
13635,9
13636,0
13638,7
13644,0
13645,4
13647,0
13648,4
13653,7
13656,2
13660,4
13661,0
13670,3
13673,9
13675,0
13676,4
13680,9
13689,0
13693,7
13694,4
13695,0
13697,3
13698,4
13700,7
13701,0
13702,3
13707,4
13711,3
13713,9
13714,7
13715,5
13716,7
13719,7
13721,4
13723,2
13724,4
13725,4
13727,7
13731,7
13732,6
13735,9
13737,7
13738,5
13742,5
13753,6
13757,0
13758,7
13761,4
13767,6
13776,0
13777,4
13778,6
13780,6
13785,4
13786,7
13787,7
13788,0
13789,6
13791,4
13793,6
13795,4
13798,6
13799,9
13802,6
13803,3
13804,5
13805,6
13806,5
13807,5
13813,7
13815,6
13817,4
13821,0
13822,4
13826,4
13827,9
13829,7
13831,5
13833,6
13834,9
13835,0
13836,6
13840,6
13842,9
13844,5
13847,3
13850,4
13854,0
13855,2
13859,7
13861,7
13862,5
13863,9
13865,7
13867,5
13871,7
13872,9
13873,5
13874,5
13882,0
13885,5
13886,7
13887,9
13896,8
13898,7
13899,0
13906,5
13908,6
13912,2
13913,6
13914,4
13918,7
13919,6
13927,3
13928,5
13929,7
13930,5
13933,6
13935,7
13940,5
13942,3
13944,7
13946,7
13947,2
13948,3
13951,0
13953,3
13955,9
13958,5
13962,3
13967,6
13971,9
13976,4
13977,9
13978,5
13982,7
13989,7
13994,9
13997,0
13999,5
14004,3
14005,2
14009,9
14012,9
14013,9
14016,9
14021,4
14022,3
14024,9
14026,5
14028,6
14032,0
14034,6
14036,4
14039,6
14041,3
14044,9
14046,4
14048,0
14050,5
14051,0
14053,9
14057,7
14058,4
14059,4
14060,0
14063,5
14065,3
14066,5
14068,6
14070,3
14072,7
14074,0
14077,5
14079,0
14080,9
14081,0
14082,7
14086,0
14087,9
14088,4
14091,7
14092,4
14093,9
14095,4
14097,0
14098,4
14103,5
14104,6
14105,6
14107,9
14108,4
14109,7
14116,5
14118,2
14124,7
14128,3
14129,4
14130,6
14139,2
14143,0
14144,3
14145,7
14148,4
14151,6
14154,7
14155,0
14157,3
14160,9
14162,9
14164,7
14166,5
14168,9
14172,4
14175,4
14179,0
14181,9
14182,9
14183,9
14187,4
14190,4
14193,7
14195,0
14196,9
14197,7
14198,3
14199,9
14203,0
14204,4
14205,5
14207,7
14208,9
14211,0
14212,7
14215,2
14219,5
14221,4
14228,0
14229,4
14230,9
14232,7
14242,7
14243,6
14244,9
14245,9
14246,4
14248,7
14249,4
14250,0
14251,7
14252,7
14253,3
14256,0
14264,0
14265,5
14267,5
14269,0
14272,9
14276,3
14278,5
14279,2
14280,9
14281,5
14282,7
14285,7
14287,3
14289,9
14293,4
14295,4
14296,4
14299,0
14301,9
14303,3
14304,6
14305,6
14309,5
14313,0
14315,0
14316,6
14319,9
14323,3
14325,9
14327,6
14328,6
14330,3
14336,7
14337,5
14338,7
14341,7
14345,6
14346,2
14347,3
14348,5
14354,0
14356,0
14361,4
14363,6
14364,6
14366,7
14367,4
14371,4
14373,9
14374,4
14380,3
14382,4
14384,4
14385,7
14387,9
14389,0
14390,9
14391,4
14392,4
14393,4
14394,2
14397,4
14399,4
14402,6
14404,3
14408,4
14411,0
14413,7
14416,3
14417,3
14419,6
14420,7
14421,0
14422,9
14431,3
14440,5
14442,0
14444,9
14446,0
14448,2
14449,4
14452,4
14456,4
14457,7
14461,6
14463,0
14464,6
14465,3
14468,6
14469,6
14472,3
14475,7
14479,7
14488,6
14492,5
14496,7
14497,9
14500,5
14503,9
14505,7
14506,3
14510,5
14513,7
14515,7
14517,2
14519,6
14524,3
14525,5
14528,9
14530,4
14536,6
14542,9
14543,3
14549,6
14553,9
14557,4
14559,7
14560,5
14563,4
14565,7
14568,9
14569,0
14571,3
14573,5
14577,9
14579,3
14580,7
14584,0
14586,7
14587,4
14588,4
14591,4
14593,4
14594,4
14598,4
14599,5
14604,4
14605,2
14609,6
14613,6
14614,6
14615,3
14618,6
14623,3
14624,6
14625,0
14631,5
14634,7
14635,0
14637,7
14639,7
14643,0
14644,9
14645,7
14647,6
14651,3
14653,2
14654,6
14656,3
14657,6
14658,5
14660,6
14663,0
14664,9
14665,7
14669,0
14670,0
14672,3
14673,7
14678,0
14679,3
14680,9
14684,7
14685,7
14689,7
14690,9
14691,9
14692,6
14699,2
14704,3
14712,9
14719,3
14724,4
14727,7
14729,4
14731,4
14733,9
14735,3
14736,9
14740,6
14742,4
14745,7
14749,9
14751,6
14754,6
14755,7
14756,7
14762,6
14766,7
14769,7
14771,3
14772,4
14775,7
14779,4
14780,5
14783,3
14784,9
14785,9
14786,2
14788,0
14790,5
14795,7
14796,9
14800,7
14801,7
14805,9
14810,5
14811,6
14812,0
14813,3
14815,3
14816,2
14818,0
14822,6
14828,4
14829,6
14831,7
14836,4
14845,3
14846,9
14850,5
14855,4
14859,0
14863,3
14864,3
14869,2
14871,2
14872,4
14874,5
14875,5
14877,6
14878,2
14879,5
14880,7
14881,5
14882,9
14883,9
14884,6
14885,3
14890,7
14891,7
14893,7
14894,5
14896,4
14898,4
14900,4
14903,4
14905,5
14908,5
14911,6
14912,7
14913,5
14914,7
14916,7
14917,6
14918,3
14927,9
14931,4
14933,4
14935,5
14938,6
14939,7
14940,0
14941,7
14945,6
14948,3
14954,5
14964,5
14972,7
14975,3
14976,7
14977,4
14981,0
14984,2
14989,6
14990,5
14997,6
14998,0
15001,2
15002,2
15003,7
15005,7
15007,9
15011,5
15012,4
15013,3
15014,6
15020,7
15026,0
15031,4
15034,3
15035,0
15036,6
15038,7
15040,9
15045,6
15046,9
15047,3
15048,0
15049,6
15052,4
15053,3
15055,3
15056,4
15058,7
15061,7
15064,0
15065,7
15068,4
15069,0
15070,4
15071,6
15073,2
15076,6
15080,3
15083,4
15086,2
15088,9
15089,6
15090,3
15093,9
15095,4
15096,2
15102,4
15104,2
15106,7
15111,7
15112,5
15113,9
15114,5
15115,0
15118,7
15119,9
15120,6
15123,2
15124,5
15125,7
15130,6
15134,4
15137,0
15140,5
15142,4
15146,0
15148,3
15152,6
15154,7
15157,7
15158,3
15159,3
15161,9
15162,4
15163,9
15169,2
15170,0
15172,3
15173,9
15178,6
15182,6
15185,3
15186,6
15187,7
15194,9
15195,7
15199,0
15201,7
15204,6
15205,5
15210,4
15211,5
15214,0
15215,7
15216,4
15218,9
15219,4
15222,2
15223,4
15225,6
15227,0
15228,9
15229,3
15231,2
15234,6
15244,4
15245,4
15246,0
15248,8
15252,7
15253,7
15254,7
15256,3
15262,4
15264,3
15265,4
15266,3
15268,6
15270,7
15276,9
15281,7
15284,0
15288,4
15292,2
15297,6
15299,5
15300,4
15303,6
15308,5
15314,5
15317,5
15319,3
15320,3
15323,7
15324,7
15325,0
15326,3
15329,4
15330,2
15333,9
15338,7
15342,4
15343,7
15345,3
15346,0
15348,5
15353,9
15354,7
15358,4
15359,3
15360,6
15365,9
15366,3
15367,3
15369,9
15370,5
15371,6
15372,9
15374,5
15376,2
15377,9
15381,6
15382,3
15386,4
15389,6
15394,7
15395,3
15396,0
15398,5
15401,6
15405,6
15406,2
15411,6
15414,0
15418,4
15421,5
15426,0
15428,3
15431,2
15436,9
15438,7
15442,2
15444,4
15447,9
15448,9
15449,6
15453,3
15464,4
15466,5
15467,3
15473,9
15476,7
15479,3
15480,0
15483,2
15485,5
15488,6
15491,5
15496,0
15497,9
15501,4
15502,5
15503,7
15510,6
15512,6
15513,9
15517,2
15519,5
15522,3
15525,6
15526,3
15528,4
15532,7
15533,6
15536,4
15537,3
15540,4
15541,5
15545,7
15546,6
15547,0
15548,9
15549,4
15551,9
15552,3
15553,0
15554,3
15555,5
15558,0
15562,3
15563,4
15564,3
15567,6
15568,9
15572,4
15576,6
15578,0
15579,7
15581,0
15582,2
15590,7
15592,6
15598,7
15601,2
15603,7
15604,3
15610,3
15612,4
15614,7
15619,5
15621,8
15625,5
15633,6
15638,0
15641,4
15645,2
15651,6
15657,9
15658,4
15660,7
15662,5
15667,9
15669,7
15671,4
15672,4
15676,3
15677,5
15683,7
15688,4
15689,9
15692,7
15693,7
15706,7
15707,9
15710,4
15711,5
15712,4
15714,4
15715,0
15716,9
15718,7
15719,7
15732,5
15735,6
15739,2
15740,5
15743,0
15746,3
15747,7
15748,7
15751,9
15757,3
15761,9
15762,3
15763,4
15764,4
15766,3
15767,4
15770,4
15771,7
15772,0
15775,5
15777,3
15779,7
15780,3
15781,5
15783,6
15784,6
15785,2
15787,6
15788,7
15790,7
15791,3
15792,9
15795,2
15799,7
15803,4
15808,7
15809,4
15815,5
15819,6
15820,3
15821,6
15827,0
15828,9
15832,0
15835,5
15836,9
15841,7
15843,9
15847,7
15854,3
15855,0
15858,3
15859,6
15860,7
15862,0
15864,5
15865,4
15866,7
15868,5
15872,6
15874,7
15875,7
15878,9
15879,7
15880,7
15881,4
15882,4
15890,3
15892,5
15893,2
15894,6
15896,5
15897,0
15903,7
15904,7
15907,0
15918,7
15923,7
15924,2
15927,5
15928,6
15929,7
15931,9
15932,9
15933,9
15935,4
15937,3
15938,4
15941,0
15945,0
15946,7
15952,4
15953,0
15954,5
15955,4
15957,9
15958,4
15966,0
15970,4
15975,6
15977,0
15979,3
15981,0
15982,4
15985,7
15986,3
15987,4
15989,4
15991,6
15992,3
15994,7
15995,0
15998,7
16000,7
16001,4
16004,4
16006,7
16009,7
16010,5
16013,7
16016,0
16017,4
16019,3
16020,2
16034,3
16036,4
16038,9
16039,3
16046,6
16048,3
16049,9
16051,7
16052,9
16056,4
16059,4
16060,5
16061,9
16062,0
16064,7
16065,5
16067,9
16070,0
16071,7
16072,6
16074,4
16075,3
16076,4
16079,0
16081,4
16084,9
16091,4
16095,3
16096,7
16097,9
16100,9
16105,9
16106,0
16108,6
16111,9
16113,9
16117,4
16118,9
16128,4
16132,4
16133,4
16134,6
16136,3
16138,2
16139,7
16144,7
16145,4
16148,9
16151,7
16152,7
16153,6
16159,4
16165,3
16166,0
16169,0
16175,9
16177,7
16178,4
16179,6
16182,5
16183,4
16184,4
16186,7
16188,7
16192,9
16194,5
16196,5
16199,5
16201,9
16204,3
16205,4
16207,7
16208,9
16209,4
16210,4
16211,5
16213,3
16215,2
16225,6
16231,6
16232,6
16233,4
16234,3
16235,4
16238,9
16241,7
16245,5
16247,5
16252,3
16253,0
16255,6
16257,4
16264,3
16266,4
16267,4
16268,3
16269,5
16270,7
16271,9
16272,9
16279,0
16280,5
16284,9
16287,6
16288,4
16289,7
16290,5
16293,6
16296,4
16297,2
16298,5
16299,4
16301,9
16308,0
16310,4
16311,5
16312,9
16313,6
16314,9
16315,7
16316,7
16317,9
16318,7
16319,5
16321,7
16322,7
16323,0
16328,9
16329,0
16330,0
16334,9
16340,7
16341,5
16342,0
16347,6
16348,6
16350,2
16355,0
16359,4
16361,6
16365,4
16366,9
16367,6
16370,9
16373,3
16379,4
16382,7
16383,7
16386,9
16388,4
16390,9
16391,3
16392,0
16394,8
16396,5
16398,0
16399,7
16400,9
16403,2
16404,6
16409,6
16415,2
16417,5
16418,4
16422,0
16423,0
16424,9
16425,0
16426,7
16429,7
16430,5
16431,7
16432,7
16433,9
16434,0
16435,5
16437,0
16439,0
16442,9
16444,7
16448,7
16451,9
16454,5
16456,4
16459,0
16465,9
16466,4
16467,4
16468,0
16474,0
16477,7
16478,7
16479,7
16481,7
16483,4
16484,9
16488,4
16489,4
16491,4
16495,4
16496,3
16497,7
16498,3
16501,6
16502,6
16506,9
16507,9
16509,3
16510,7
16512,0
16513,9
16515,0
16519,9
16522,0
16525,2
16526,6
16527,9
16528,3
16529,7
16536,2
16537,4
16539,9
16541,9
16543,5
16545,7
16547,4
16549,6
16551,5
16552,6
16554,7
16555,0
16556,4
16558,0
16559,0
16561,5
16568,7
16569,7
16571,6
16573,4
16578,7
16579,5
16585,6
16592,6
16593,2
16595,4
16597,7
16598,5
16601,2
16602,6
16606,7
16617,4
16620,4
16622,9
16623,9
16627,3
16631,4
16633,2
16636,7
16637,0
16648,5
16649,2
16650,9
16651,6
16656,4
16658,0
16660,7
16662,7
16664,0
16665,5
16666,0
16667,9
16670,4
16672,3
16673,6
16675,6
16676,4
16681,0
16682,5
16683,3
16685,4
16687,5
16689,5
16691,7
16692,7
16695,4
16697,6
16698,7
16699,0
16700,6
16701,9
16702,3
16705,4
16706,7
16707,4
16708,9
16712,9
16717,0
16718,7
16720,0
16723,5
16724,0
16728,3
16729,9
16730,5
16731,7
16735,4
16736,4
16738,3
16739,0
16742,9
16748,9
16750,4
16751,5
16752,2
16754,7
16756,4
16757,4
16758,4
16759,7
16761,5
16762,3
16763,7
16767,7
16769,5
16778,4
16779,2
16781,0
16784,7
16785,7
16787,3
16790,7
16792,0
16793,6
16802,7
16804,7
16807,3
16809,7
16811,3
16812,9
16814,5
16819,3
16821,7
16824,5
16830,9
16831,4
16832,5
16835,5
16836,3
16837,3
16838,0
16839,3
16841,9
16843,4
16847,9
16848,7
16850,9
16851,7
16860,3
16871,4
16872,4
16873,5
16875,2
16877,9
16879,4
16881,7
16883,9
16884,9
16887,5
16888,7
16890,9
16891,0
16894,2
16896,4
16903,9
16904,7
16912,7
16913,5
16914,9
16915,0
16916,7
16919,7
16920,6
16921,4
16924,4
16925,5
16926,9
16927,7
16930,7
16931,7
16933,7
16935,6
16936,0
16939,3
16942,6
16943,0
16945,8
16946,4
16948,7
16950,9
16953,4
16954,0
16956,7
16961,5
16962,7
16963,9
16964,6
16966,3
16969,6
16972,7
16973,2
16974,0
16975,5
16976,6
16978,0
16981,7
16985,3
16986,4
16987,7
16988,0
16989,7
16990,7
16991,2
16994,3
16995,4
16998,9
17000,6
17002,0
17007,3
17010,0
17022,9
17024,3
17026,3
17027,4
17029,7
17031,5
17035,0
17036,4
17037,7
17040,7
17041,4
17047,9
17052,0
17055,0
17058,4
17059,2
17060,3
17064,9
17068,6
17072,9
17077,7
17079,3
17082,8
17091,6
17095,0
17096,7
17097,3
17098,3
17100,3
17104,0
17105,8
17106,2
17107,7
17108,9
17110,5
17112,7
17113,4
17115,4
17117,3
17119,7
17124,7
17126,5
17127,7
17128,0
17132,4
17133,3
17134,7
17142,7
17143,5
17144,9
17146,4
17147,6
17149,4
17153,6
17158,6
17161,0
17162,4
17164,0
17167,7
17168,5
17172,2
17173,7
17175,2
17177,7
17180,4
17182,7
17191,9
17192,5
17200,4
17201,2
17205,4
17208,3
17209,3
17215,6
17216,5
17217,4
17220,7
17224,0
17225,3
17230,2
17237,5
17243,5
17246,4
17251,4
17255,4
17256,0
17258,4
17259,7
17260,9
17262,0
17266,3
17267,3
17268,4
17270,3
17271,4
17277,3
17278,5
17280,4
17281,4
17285,5
17290,7
17291,5
17294,2
17298,0
17299,6
17300,3
17301,9
17306,3
17307,9
17309,0
17315,4
17316,5
17318,4
17319,4
17320,7
17321,7
17323,7
17324,5
17325,2
17326,4
17327,3
17328,4
17329,7
17330,9
17331,5
17332,5
17333,4
17335,6
17336,0
17339,4
17340,4
17342,8
17343,5
17355,4
17356,3
17358,8
17359,3
17360,7
17362,4
17363,4
17364,4
17366,9
17372,6
17376,9
17379,0
17383,6
17384,0
17389,7
17390,9
17395,4
17401,5
17409,6
17411,4
17412,9
17416,7
17417,9
17422,9
17423,4
17427,0
17428,9
17431,4
17433,4
17437,4
17439,5
17440,7
17441,4
17451,2
17454,4
17456,0
17458,5
17459,4
17462,7
17467,5
17468,7
17471,9
17473,4
17474,6
17475,7
17478,5
17479,4
17480,4
17481,6
17483,6
17486,9
17487,2
17492,7
17494,7
17495,3
17497,2
17499,3
17502,6
17511,6
17513,4
17514,4
17515,0
17518,4
17519,4
17520,4
17528,3
17538,5
17541,7
17542,2
17545,7
17550,3
17554,0
17555,6
17558,0
17562,0
17563,0
17567,8
17568,0
17569,9
17572,0
17576,6
17577,4
17579,6
17580,2
17581,3
17584,9
17588,4
17592,0
17602,6
17606,4
17607,8
17613,2
17615,9
17616,9
17622,4
17625,4
17627,3
17632,9
17635,0
17638,9
17640,2
17641,4
17646,4
17652,0
17653,7
17654,6
17656,5
17662,9
17663,9
17665,3
17666,0
17671,7
17672,6
17673,3
17677,0
17678,3
17679,7
17680,7
17681,3
17682,6
17683,6
17686,4
17687,3
17694,4
17696,4
17698,0
17700,5
17705,4
17706,9
17709,9
17713,9
17716,4
17718,7
17719,7
17720,9
17722,9
17723,9
17725,9
17726,9
17727,7
17729,4
17730,3
17732,4
17733,9
17735,9
17737,6
17740,9
17741,5
17742,8
17743,3
17748,5
17751,6
17752,6
17753,9
17754,7
17756,6
17757,9
17759,9
17760,6
17761,5
17767,6
17770,0
17774,4
17776,3
17777,6
17779,3
17780,4
17781,2
17783,4
17786,5
17789,5
17790,0
17793,6
17795,8
17801,3
17803,7
17808,5
17809,6
17815,9
17819,6
17820,7
17821,8
17822,6
17823,0
17828,3
17829,3
17834,6
17836,4
17841,2
17842,6
17844,4
17845,5
17858,6
17860,5
17861,0
17862,9
17863,2
17873,9
17874,0
17875,5
17876,3
17877,4
17881,3
17884,7
17885,5
17886,7
17888,6
17890,0
17891,3
17892,0
17895,5
17905,4
17908,6
17909,4
17911,0
17912,6
17914,9
17915,9
17916,9
17917,7
17920,4
17922,6
17926,2
17929,6
17932,7
17941,0
17947,5
17949,4
17950,4
17952,3
17953,8
17955,0
17963,4
17964,0
17966,3
17968,2
17969,7
17972,4
17975,4
17976,0
17977,0
17978,4
17979,3
17981,4
17982,3
17984,7
17985,4
17989,4
17991,6
17995,4
18005,5
18006,3
18008,9
18011,5
18015,5
18018,7
18020,9
18021,4
18022,6
18023,4
18027,3
18029,0
18032,5
18034,0
18035,3
18037,6
18042,4
18044,0
18049,9
18051,4
18053,7
18055,9
18062,5
18063,7
18069,5
18073,4
18074,5
18075,4
18081,0
18082,2
18085,7
18089,0
18092,4
18093,0
18098,2
18105,9
18106,3
18107,2
18114,2
18115,7
18121,9
18126,6
18128,3
18131,0
18134,3
18135,6
18138,6
18140,4
18145,3
18147,6
18148,7
18150,0
18153,3
18156,2
18158,7
18159,4
18160,5
18161,2
18169,4
18171,3
18178,7
18180,7
18181,9
18183,9
18185,9
18188,2
18189,9
18191,5
18193,6
18194,7
18196,6
18197,4
18202,0
18206,4
18214,4
18215,4
18217,6
18218,6
18224,7
18225,7
18226,7
18227,4
18228,5
18229,2
18230,0
18231,4
18232,2
18235,2
18236,7
18237,5
18238,9
18239,4
18240,7
18241,6
18243,9
18246,5
18247,4
18248,0
18251,4
18256,4
18257,7
18260,0
18264,4
18266,5
18270,9
18274,7
18276,6
18277,5
18278,3
18279,0
18281,6
18284,7
18285,9
18286,4
18287,4
18289,7
18295,9
18296,3
18297,9
18304,0
18305,9
18306,6
18309,7
18311,7
18315,4
18317,4
18319,7
18322,9
18326,9
18331,4
18332,7
18334,0
18339,4
18341,4
18343,4
18344,6
18345,7
18347,9
18350,0
18355,3
18356,7
18357,2
18358,3
18361,6
18363,7
18364,0
18365,6
18368,9
18370,3
18372,9
18375,4
18378,4
18383,6
18385,9
18386,7
18388,6
18393,6
18394,7
18395,9
18398,0
18400,3
18402,3
18404,5
18405,7
18409,4
18410,7
18411,7
18413,5
18414,5
18416,5
18420,4
18423,9
18425,9
18426,2
18428,7
18435,5
18437,6
18440,4
18441,4
18443,5
18445,5
18449,0
18452,0
18453,3
18454,2
18456,6
18458,9
18460,7
18464,5
18465,7
18466,7
18468,4
18473,7
18474,3
18477,6
18478,5
18480,9
18485,0
18489,7
18490,5
18492,5
18494,7
18500,3
18501,2
18503,4
18504,7
18506,9
18514,9
18517,2
18518,4
18519,6
18522,7
18523,2
18525,4
18529,5
18530,4
18533,6
18534,7
18535,3
18538,5
18543,6
18546,9
18547,2
18548,4
18550,7
18553,0
18557,9
18558,5
18561,5
18563,0
18564,4
18565,6
18569,7
18579,9
18581,9
18582,8
18585,6
18586,7
18587,9
18588,9
18589,2
18590,3
18591,6
18596,0
18598,9
18599,9
18600,7
18603,0
18604,6
18607,6
18610,3
18613,8
18615,4
18617,4
18618,4
18619,7
18620,4
18621,5
18623,6
18626,3
18633,7
18636,6
18638,5
18639,0
18641,4
18643,0
18644,4
18648,6
18653,4
18654,2
18658,6
18662,7
18663,9
18665,7
18667,7
18668,0
18671,7
18675,8
18676,9
18677,3
18682,4
18683,4
18688,7
18690,7
18693,3
18700,4
18701,0
18703,2
18708,6
18710,9
18713,3
18721,3
18723,9
18725,6
18726,3
18728,5
18731,7
18736,9
18737,8
18739,4
18740,5
18741,6
18742,3
18743,2
18745,6
18746,9
18748,5
18750,0
18751,0
18753,7
18754,7
18755,4
18760,9
18761,7
18764,2
18766,6
18768,6
18771,4
18772,8
18774,3
18776,7
18777,3
18780,3
18781,4
18782,2
18783,3
18784,6
18786,4
18788,3
18790,4
18795,3
18797,4
18799,4
18808,9
18815,4
18817,2
18818,5
18821,7
18822,0
18824,7
18827,4
18829,3
18832,0
18836,9
18841,6
18842,5
18844,9
18849,0
18850,5
18852,5
18854,9
18856,0
18857,7
18863,4
18864,6
18865,0
18870,4
18873,6
18874,4
18875,6
18879,7
18880,4
18881,6
18883,6
18886,8
18887,5
18889,9
18891,9
18893,7
18898,7
18901,7
18902,3
18907,7
18908,7
18909,7
18910,7
18913,0
18914,9
18917,3
18919,0
18923,4
18925,4
18926,0
18929,2
18930,6
18931,5
18932,9
18934,0
18935,4
18936,6
18938,7
18939,4
18941,7
18943,4
18950,9
18952,5
18953,0
18954,4
18956,4
18959,0
18961,0
18962,3
18964,7
18966,5
18970,4
18971,0
18972,0
18974,4
18979,9
18987,7
18991,5
18992,6
18993,6
18994,6
18999,4
19002,5
19008,4
19011,3
19015,4
19016,9
19019,9
19020,4
19022,4
19023,2
19024,4
19025,9
19026,7
19030,7
19031,6
19035,7
19038,3
19040,5
19043,9
19049,7
19050,6
19051,4
19053,6
19054,0
19055,2
19057,4
19058,0
19059,8
19060,0
19061,4
19062,7
19065,4
19067,2
19069,0
19071,6
19073,7
19075,6
19080,5
19082,0
19083,6
19084,7
19086,2
19087,4
19090,2
19091,7
19093,0
19099,5
19100,3
19101,7
19104,6
19105,3
19106,0
19113,4
19115,6
19118,8
19119,7
19120,6
19125,3
19126,3
19128,0
19129,9
19134,6
19135,9
19138,5
19140,7
19141,5
19146,7
19148,9
19149,7
19150,9
19155,5
19158,9
19162,3
19163,6
19165,7
19169,7
19172,2
19174,7
19175,4
19178,3
19181,9
19183,9
19187,7
19189,4
19191,6
19194,4
19195,4
19197,7
19199,5
19202,6
19203,5
19204,4
19205,0
19206,7
19207,9
19208,9
19209,6
19214,5
19222,5
19232,9
19234,9
19237,5
19239,6
19242,7
19246,0
19248,9
19249,5
19254,7
19255,5
19258,7
19259,4
19261,8
19263,5
19264,0
19266,4
19267,0
19272,5
19273,7
19274,4
19276,3
19279,3
19281,9
19282,6
19284,0
19287,4
19288,6
19289,2
19292,4
19293,4
19296,4
19298,5
19301,6
19307,4
19309,4
19311,0
19312,9
19313,6
19314,9
19315,0
19317,9
19318,5
19320,0
19330,2
19331,0
19338,0
19342,4
19349,9
19351,9
19352,3
19354,9
19355,6
19364,4
19365,7
19367,7
19368,6
19375,9
19377,0
19378,3
19379,4
19381,3
19384,4
19385,3
19389,6
19391,9
19393,9
19396,3
19401,6
19403,6
19405,7
19406,2
19408,5
19410,6
19411,0
19420,9
19421,9
19423,6
19424,9
19430,9
19434,7
19444,2
19447,2
19450,4
19451,7
19452,7
19454,6
19455,3
19456,7
19459,5
19462,4
19463,4
19467,3
19468,3
19469,3
19473,4
19478,0
19480,9
19481,3
19482,9
19483,5
19484,2
19485,6
19488,6
19489,7
19492,3
19494,9
19497,7
19499,5
19501,0
19506,0
19508,7
19509,2
19510,0
19517,6
19518,4
19520,9
19523,4
19526,6
19536,9
19538,6
19541,7
19543,6
19544,3
19546,4
19548,6
19553,7
19555,6
19556,7
19558,0
19560,0
19561,4
19562,9
19563,3
19573,3
19576,5
19579,9
19580,7
19581,3
19582,4
19590,4
19592,4
19594,7
19598,5
19600,4
19601,6
19602,7
19606,0
19608,7
19611,4
19613,7
19618,4
19619,0
19620,6
19621,6
19624,4
19626,6
19631,6
19632,5
19633,3
19634,2
19636,5
19639,3
19645,5
19647,3
19648,3
19652,0
19654,4
19656,4
19660,7
19661,9
19666,7
19667,4
19668,7
19670,9
19671,3
19672,7
19679,0
19682,3
19683,0
19685,9
19687,3
19691,9
19694,4
19696,9
19697,5
19699,4
19700,7
19706,4
19709,9
19710,4
19712,6
19720,3
19721,5
19722,7
19724,0
19725,6
19728,6
19730,0
19731,3
19732,7
19735,0
19736,9
19738,9
19739,9
19746,6
19749,9
19750,3
19753,0
19755,5
19758,6
19760,4
19763,9
19767,7
19769,6
19772,7
19774,3
19783,9
19784,4
19788,9
19789,7
19790,4
19791,5
19792,7
19793,6
19794,9
19798,4
19799,9
19801,3
19803,3
19804,4
19805,0
19807,2
19809,5
19811,4
19812,7
19814,0
19816,9
19817,5
19818,0
19819,6
19822,9
19826,9
19828,6
19830,7
19836,7
19841,0
19842,7
19843,5
19844,2
19845,4
19851,3
19853,4
19856,3
19858,2
19861,0
19869,6
19870,3
19871,7
19878,4
19881,3
19883,2
19886,7
19887,7
19889,0
19891,0
19892,0
19894,3
19897,7
19898,3
19900,6
19902,6
19904,9
19908,7
19912,9
19918,0
19920,6
19922,9
19924,7
19925,2
19928,2
19932,3
19935,5
19936,2
19937,4
19938,9
19945,4
19951,9
19954,9
19955,0
19957,9
19961,6
19976,6
19977,2
19979,4
19980,9
19981,7
19983,7
19985,3
19986,2
19987,4
19988,5
19989,3
19991,3
19992,6
19994,7
19995,3
19998,7
19999,6
20003,7
20005,5
20008,4
20009,7
20010,3
20012,7
20016,6
20018,4
20020,7
20021,5
20023,9
20025,4
20026,0
20028,9
20029,3
20032,7
20034,5
20035,0
20036,5
20039,2
20043,2
20045,4
20048,7
20049,4
20053,6
20054,5
20055,4
20056,0
20062,6
20063,4
20064,4
20074,7
20075,3
20077,4
20078,3
20080,6
20081,2
20085,2
20088,2
20089,7
20092,7
20093,3
20098,2
20099,5
20102,3
20105,7
20113,7
20116,6
20117,9
20118,4
20120,2
20121,7
20123,7
20126,4
20127,0
20132,9
20137,7
20138,5
20141,2
20145,2
20151,7
20153,9
20154,5
20157,6
20159,0
20161,0
20163,7
20164,5
20166,9
20171,5
20172,0
20173,0
20179,4
20180,4
20182,7
20186,7
20187,9
20189,5
20192,0
20193,7
20194,4
20199,0
20202,9
20205,4
20206,0
20212,4
20213,2
20214,5
20215,7
20216,0
20218,4
20221,7
20228,6
20232,4
20235,3
20238,7
20239,0
20240,7
20241,0
20242,7
20243,3
20253,0
20254,2
20255,4
20259,4
20262,7
20268,0
20271,0
20276,3
20279,9
20280,9
20284,2
20288,7
20289,9
20290,7
20291,0
20294,6
20297,2
20299,5
20302,9
20303,6
20305,2
20307,5
20308,4
20314,6
20317,2
20319,2
20324,4
20329,7
20330,2
20331,4
20332,6
20338,5
20340,9
20342,7
20343,0
20344,9
20351,5
20359,9
20361,5
20365,4
20369,0
20371,4
20374,7
20375,7
20380,2
20393,6
20394,4
20396,5
20398,6
20399,7
20403,2
20405,7
20406,5
20407,7
20408,6
20409,3
20414,4
20415,9
20417,2
20419,4
20421,3
20422,9
20424,9
20430,4
20432,7
20434,9
20437,0
20439,9
20441,9
20443,3
20445,4
20452,6
20454,4
20457,9
20459,4
20460,5
20463,9
20464,5
20465,4
20469,7
20474,7
20476,7
20477,6
20479,0
20483,7
20484,4
20493,9
20495,4
20496,6
20499,4
20500,2
20502,0
20504,7
20505,4
20507,7
20509,6
20512,0
20513,4
20520,4
20521,4
20524,4
20525,5
20527,7
20530,7
20531,3
20536,6
20538,5
20539,2
20540,9
20548,9
20550,7
20554,6
20560,4
20562,8
20563,5
20565,5
20566,5
20568,5
20570,9
20571,5
20572,5
20573,9
20574,2
20575,2
20576,5
20577,3
20579,4
20580,4
20583,0
20585,6
20590,4
20591,7
20592,0
20593,0
20595,5
20597,7
20598,4
20600,5
20602,9
20604,4
20606,8
20608,5
20610,9
20611,2
20612,7
20614,4
20618,4
20629,9
20630,3
20631,4
20632,9
20636,7
20639,7
20640,2
20641,4
20643,4
20645,5
20648,7
20650,2
20654,2
20656,9
20658,2
20659,4
20660,7
20661,0
20665,6
20667,7
20671,7
20672,9
20673,0
20674,4
20676,7
20678,4
20682,7
20684,4
20685,6
20688,5
20689,5
20690,5
20693,5
20697,7
20698,9
20700,7
20706,3
20708,3
20710,3
20713,3
20717,4
20720,7
20723,0
20724,7
20727,7
20733,6
20735,9
20741,4
20742,5
20743,8
20744,4
20746,2
20753,6
20755,3
20757,2
20758,3
20759,7
20761,3
20762,9
20765,9
20766,7
20772,4
20774,7
20777,6
20779,3
20783,0
20784,4
20788,4
20791,0
20792,7
20793,3
20801,7
20802,6
20803,7
20804,3
20809,7
20810,2
20813,5
20815,6
20817,9
20821,9
20823,0
20825,3
20829,2
20831,4
20833,5
20835,4
20837,4
20838,6
20840,0
20841,0
20843,0
20848,0
20849,6
20852,0
20853,8
20854,7
20855,9
20858,2
20867,5
20869,3
20870,0
20874,4
20877,8
20880,4
20881,8
20883,4
20885,9
20887,5
20889,9
20893,5
20894,6
20897,6
20898,6
20900,3
20901,0
20902,4
20904,4
20907,3
20912,9
20915,9
20917,9
20918,4
20923,5
20925,7
20926,4
20927,6
20930,0
20936,7
20942,7
20945,7
20946,4
20947,8
20948,9
20949,0
20950,4
20953,9
20955,7
20958,0
20959,9
20961,3
20962,6
20963,4
20968,4
20969,0
20970,9
20972,9
20978,6
20979,6
20980,0
20981,6
20984,7
20986,6
20989,7
20990,3
20992,2
20993,3
20996,6
20997,9
20999,0
21003,5
21006,5
21010,5
21011,8
21013,6
21014,7
21019,6
21021,7
21028,4
21030,3
21032,7
21035,7
21037,0
21040,6
21042,9
21043,7
21045,6
21047,7
21050,4
21051,5
21052,9
21056,2
21061,7
21062,3
21067,0
21069,9
21072,9
21074,4
21076,4
21077,0
21078,9
21081,7
21082,3
21083,8
21086,9
21088,0
21089,5
21092,4
21096,4
21097,9
21098,6
21099,0
21113,9
21114,6
21115,9
21118,5
21119,0
21121,3
21124,9
21125,5
21126,5
21128,8
21129,9
21131,6
21133,7
21134,2
21141,4
21142,2
21144,4
21145,6
21147,7
21150,6
21152,2
21153,9
21165,6
21168,6
21172,0
21175,5
21177,0
21181,7
21186,6
21188,9
21189,9
21192,4
21193,4
21197,9
21199,4
21200,3
21201,0
21208,8
21209,2
21210,3
21212,5
21228,7
21234,9
21235,6
21236,5
21239,7
21241,2
21245,3
21247,0
21248,0
21250,7
21256,7
21257,0
21259,7
21265,7
21270,4
21272,9
21275,7
21280,3
21285,6
21287,4
21288,5
21293,5
21295,9
21296,4
21298,2
21299,4
21306,7
21307,4
21310,9
21312,0
21313,0
21316,6
21317,0
21321,7
21327,4
21331,7
21335,7
21337,9
21343,7
21348,6
21359,5
21361,0
21362,6
21364,4
21365,6
21371,3
21372,3
21373,0
21374,7
21375,6
21376,9
21378,8
21379,5
21380,7
21384,6
21385,0
21386,0
21387,9
21392,3
21393,7
21396,6
21400,2
21401,9
21402,3
21404,7
21405,6
21407,7
21409,7
21413,3
21417,0
21418,6
21420,3
21421,8
21425,7
21428,3
21429,4
21435,5
21436,7
21446,0
21449,6
21451,6
21453,7
21454,4
21455,9
21458,5
21459,7
21461,0
21464,3
21466,3
21468,6
21471,5
21477,0
21478,6
21482,0
21483,7
21484,9
21486,7
21487,5
21491,7
21493,3
21494,0
21495,6
21496,0
21497,3
21499,9
21500,4
21501,0
21504,0
21505,5
21508,6
21511,4
21512,0
21514,5
21515,7
21518,7
21521,5
21524,4
21525,9
21527,9
21529,7
21530,3
21535,4
21538,7
21540,5
21541,7
21542,6
21546,2
21547,6
21548,4
21550,3
21553,3
21554,7
21558,0
21562,7
21566,5
21567,3
21570,5
21572,9
21576,6
21579,9
21581,3
21582,7
21583,6
21585,4
21587,6
21588,4
21589,7
21591,2
21594,6
21597,9
21599,0
21604,9
21605,4
21607,0
21608,4
21610,6
21615,4
21617,2
21619,5
21622,0
21625,7
21632,9
21633,9
21634,9
21636,2
21639,5
21643,0
21644,7
21645,9
21647,0
21649,4
21650,9
21652,4
21657,5
21658,4
21659,6
21661,0
21665,3
21666,5
21667,7
21668,7
21670,4
21673,7
21680,0
21685,4
21686,9
21687,7
21689,5
21691,6
21692,0
21699,7
21700,7
21702,7
21705,4
21711,4
21712,4
21713,4
21714,7
21716,4
21719,9
21723,0
21724,7
21728,7
21729,4
21730,3
21732,0
21733,6
21735,0
21742,9
21744,5
21746,7
21747,4
21749,9
21750,9
21751,4
21753,7
21754,4
21756,4
21757,8
21758,7
21759,6
21761,0
21762,9
21765,0
21773,2
21777,9
21778,9
21779,4
21782,9
21786,7
21787,7
21789,5
21790,0
21791,4
21792,0
21793,9
21796,4
21798,4
21799,6
21803,0
21806,4
21812,2
21813,6
21816,4
21818,2
21820,5
21821,3
21823,4
21824,0
21827,3
21832,7
21833,5
21834,7
21835,5
21836,6
21838,4
21839,4
21846,6
21848,9
21852,0
21854,0
21855,4
21856,0
21860,9
21861,6
21863,7
21866,3
21867,4
21868,6
21872,7
21873,5
21878,9
21886,9
21887,9
21888,3
21890,5
21893,7
21894,5
21896,6
21897,3
21902,5
21903,0
21904,3
21906,5
21910,9
21911,7
21912,2
21914,9
21915,6
21916,8
21919,2
21921,3
21923,2
21925,4
21927,4
21930,0
21933,9
21934,4
21940,0
21941,3
21943,4
21946,3
21947,9
21948,7
21949,6
21956,4
21958,4
21959,4
21960,2
21965,7
21967,7
21968,6
21977,6
21978,6
21980,7
21982,6
21983,5
21985,4
21986,9
21987,7
21988,0
21993,4
21995,5
22000,7
22001,3
22004,5
22007,5
22009,7
22019,5
22024,3
22030,2
22033,7
22035,6
22036,0
22037,4
22038,6
22042,7
22044,6
22047,6
22048,6
22049,3
22051,4
22053,5
22060,9
22064,6
22065,7
22066,9
22067,2
22071,2
22074,7
22075,9
22077,3
22078,5
22079,9
22081,9
22082,6
22083,0
22088,0
22090,6
22091,4
22102,3
22103,4
22106,5
22107,6
22110,0
22111,5
22114,4
22119,9
22123,7
22125,5
22127,6
22131,9
22136,5
22139,7
22140,6
22141,0
22142,3
22143,9
22144,9
22147,6
22153,0
22154,4
22160,5
22162,7
22163,4
22165,4
22166,7
22169,9
22172,0
22173,7
22176,7
22179,2
22181,3
22184,9
22186,4
22187,7
22189,4
22195,0
22200,7
22203,2
22212,4
22214,4
22215,6
22216,0
22222,6
22223,5
22229,5
22233,5
22234,3
22235,6
22238,0
22241,3
22243,5
22244,6
22248,4
22250,7
22252,7
22255,6
22256,0
22257,5
22258,9
22260,6
22262,0
22263,7
22265,4
22266,7
22267,6
22269,7
22273,6
22274,4
22275,2
22278,9
22282,0
22283,5
22284,2
22285,7
22290,4
22293,2
22294,4
22295,6
22296,5
22298,6
22302,5
22307,7
22308,4
22309,7
22310,5
22311,3
22314,7
22316,6
22319,5
22320,3
22322,6
22325,5
22330,9
22331,7
22334,4
22335,4
22339,4
22341,3
22345,2
22346,7
22347,6
22348,0
22351,7
22353,4
22354,4
22355,5
22357,4
22358,9
22362,7
22364,7
22367,0
22368,4
22371,6
22373,4
22375,3
22376,9
22382,9
22385,4
22386,4
22387,6
22388,4
22393,3
22395,3
22396,9
22400,4
22401,7
22403,0
22407,7
22408,6
22409,9
22414,9
22418,0
22421,4
22422,3
22423,7
22424,9
22428,6
22429,6
22430,4
22431,4
22432,4
22435,5
22439,9
22440,7
22443,3
22447,2
22448,3
22450,0
22452,9
22456,7
22457,6
22465,6
22469,4
22471,5
22472,6
22474,3
22475,4
22476,0
22477,9
22480,4
22481,0
22482,3
22484,7
22486,7
22487,4
22488,2
22489,9
22490,4
22492,6
22495,9
22496,4
22498,0
22499,6
22503,6
22504,0
22506,6
22508,4
22510,7
22511,4
22514,4
22518,2
22520,9
22522,4
22523,7
22524,9
22526,9
22527,4
22528,0
22529,0
22530,3
22532,4
22533,6
22535,0
22539,7
22542,9
22543,4
22544,6
22545,3
22547,2
22548,5
22551,7
22553,7
22555,0
22557,5
22562,5
22570,3
22575,3
22576,5
22577,5
22579,7
22580,3
22582,4
22584,7
22586,7
22590,8
22592,9
22593,7
22594,5
22597,9
22599,6
22600,4
22601,9
22603,9
22604,4
22606,4
22608,4
22610,4
22613,4
22617,2
22618,4
22619,9
22621,0
22622,7
22627,9
22630,6
22633,0
22634,9
22635,9
22639,2
22640,7
22641,6
22643,3
22645,9
22646,6
22649,0
22656,3
22658,9
22659,3
22662,3
22668,5
22670,9
22677,7
22678,2
22681,4
22684,0
22687,4
22689,6
22690,6
22691,2
22692,5
22694,0
22695,4
22701,9
22702,0
22707,4
22709,2
22714,7
22717,5
22724,4
22725,4
22728,3
22731,7
22732,0
22733,5
22734,3
22739,9
22743,7
22750,7
22751,7
22753,6
22757,0
22760,3
22761,0
22772,6
22774,0
22775,7
22783,9
22784,9
22786,0
22788,5
22789,0
22790,3
22791,0
22792,9
22794,2
22796,4
22797,0
22799,4
22800,9
22801,5
22802,9
22806,9
22807,2
22808,4
22811,5
22814,6
22820,3
22824,7
22825,7
22826,0
22827,7
22829,7
22830,5
22840,7
22844,4
22847,0
22852,7
22853,7
22858,2
22862,9
22868,9
22878,3
22883,7
22887,6
22890,7
22892,5
22894,9
22895,0
22896,4
22897,8
22899,4
22900,6
22909,7
22912,6
22913,4
22925,4
22928,3
22931,0
22932,0
22933,7
22934,9
22936,2
22942,9
22944,5
22945,7
22950,7
22951,5
22954,9
22955,6
22956,9
22957,9
22958,0
22959,3
22961,3
22962,5
22966,9
22967,2
22969,4
22970,0
22972,3
22977,6
22978,6
22981,9
22986,6
22990,5
22993,5
22994,5
22995,7
22997,6
22998,0
23001,2
23002,0
23004,2
23005,9
23006,9
23007,7
23009,6
23010,0
23013,7
23017,6
23019,7
23022,3
23023,7
23027,7
23032,2
23033,3
23037,5
23038,3
23039,7
23041,5
23043,7
23047,0
23048,0
23051,4
23053,6
23058,7
23069,4
23072,6
23073,3
23075,2
23076,3
23080,5
23082,2
23083,4
23086,7
23087,9
23090,4
23093,4
23094,9
23098,4
23099,2
23108,0
23109,7
23110,0
23114,0
23119,9
23121,0
23122,8
23124,2
23126,3
23129,9
23131,3
23132,7
23134,5
23135,0
23136,5
23141,2
23143,3
23145,3
23150,7
23151,4
23152,4
23154,4
23158,3
23159,2
23168,0
23178,4
23179,6
23183,5
23190,0
23191,3
23195,3
23202,7
23203,2
23205,7
23206,6
23212,7
23215,4
23216,7
23228,6
23232,4
23238,4
23242,3
23244,5
23245,4
23247,7
23249,9
23250,4
23252,4
23253,8
23254,4
23257,4
23263,9
23267,7
23270,7
23274,4
23278,3
23279,3
23282,7
23287,3
23289,5
23290,9
23291,7
23294,9
23296,0
23297,7
23301,4
23308,5
23309,6
23312,2
23314,3
23316,4
23318,6
23320,5
23321,0
23323,6
23325,6
23326,7
23327,2
23330,9
23337,6
23342,4
23343,5
23345,4
23352,9
23355,9
23358,9
23359,6
23361,4
23364,4
23367,0
23370,9
23373,0
23375,0
23378,7
23379,0
23380,0
23387,5
23389,7
23391,9
23393,4
23396,7
23398,4
23399,4
23400,6
23404,8
23411,4
23413,6
23415,7
23420,9
23422,7
23424,5
23425,7
23426,0
23433,6
23434,6
23436,9
23437,7
23438,9
23439,0
23441,3
23443,0
23446,2
23447,2
23451,7
23452,6
23458,7
23459,7
23464,2
23466,7
23468,6
23469,3
23471,0
23474,6
23476,6
23477,4
23479,4
23480,2
23482,5
23484,3
23486,2
23491,6
23492,9
23495,3
23498,5
23504,2
23505,7
23506,7
23509,0
23511,2
23512,5
23516,9
23517,5
23519,6
23523,7
23524,9
23525,5
23526,5
23529,5
23530,9
23534,6
23535,3
23540,6
23542,7
23547,6
23548,5
23551,7
23552,7
23557,6
23560,0
23561,0
23563,3
23564,9
23567,3
23572,6
23575,0
23577,4
23579,4
23581,6
23585,7
23588,4
23593,5
23600,9
23605,9
23609,4
23611,9
23614,0
23618,5
23619,5
23620,7
23622,3
23623,7
23625,6
23630,5
23631,2
23634,6
23636,4
23641,9
23643,4
23644,4
23645,9
23647,5
23649,3
23650,4
23651,6
23655,7
23659,4
23661,0
23662,9
23664,5
23667,7
23670,3
23671,0
23674,7
23675,2
23676,9
23678,4
23685,7
23688,7
23694,0
23695,7
23697,8
23701,4
23702,5
23709,4
23710,5
23712,7
23716,6
23717,3
23719,6
23721,6
23722,0
23723,9
23724,9
23726,5
23734,6
23735,4
23737,7
23738,7
23741,9
23744,3
23745,7
23748,7
23751,4
23752,0
23756,0
23757,4
23759,3
23765,4
23768,7
23770,7
23774,4
23775,7
23778,0
23781,5
23788,9
23791,6
23793,4
23797,7
23799,5
23800,9
23802,4
23804,4
23809,7
23810,4
23811,5
23812,7
23813,4
23814,0
23816,6
23818,9
23819,4
23821,4
23822,5
23824,4
23826,7
23839,7
23840,7
23842,3
23848,2
23852,7
23853,3
23856,6
23858,4
23863,7
23864,2
23865,5
23868,3
23873,2
23876,8
23879,0
23883,6
23884,4
23888,0
23889,9
23892,0
23895,6
23896,6
23897,6
23899,0
23902,3
23903,0
23904,4
23905,9
23906,6
23911,0
23912,2
23914,3
23915,2
23924,4
23925,4
23927,3
23929,0
23931,3
23933,3
23935,2
23938,5
23939,0
23940,5
23943,0
23945,7
23946,0
23948,6
23949,6
23951,7
23953,6
23954,5
23955,0
23956,4
23958,6
23959,5
23964,5
23966,2
23969,7
23970,5
23972,0
23973,4
23974,7
23976,4
23977,6
23980,9
23981,7
23992,2
23995,3
24000,3
24001,9
24004,3
24005,7
24009,4
24010,0
24013,4
24014,9
24018,4
24019,7
24023,4
24029,5
24032,4
24034,4
24038,3
24041,5
24042,7
24043,7
24044,2
24046,6
24047,6
24049,7
24050,0
24051,5
24054,0
24061,6
24062,6
24069,5
24070,3
24074,2
24076,6
24081,4
24084,5
24085,4
24086,3
24087,5
24090,9
24095,0
24097,6
24098,4
24104,3
24107,5
24108,5
24109,7
24112,7
24113,8
24114,4
24115,4
24117,7
24119,9
24121,5
24124,2
24127,7
24128,4
24131,2
24132,4
24136,5
24137,0
24139,4
24140,4
24142,7
24144,9
24145,9
24146,4
24148,7
24149,0
24151,4
24152,6
24154,5
24157,6
24158,9
24159,0
24161,9
24162,5
24164,4
24165,0
24167,5
24168,4
24169,7
24170,4
24174,3
24180,4
24181,5
24183,4
24187,9
24188,5
24192,4
24194,4
24195,6
24196,5
24200,9
24204,0
24208,4
24215,6
24217,4
24218,7
24222,4
24224,4
24225,6
24229,4
24230,6
24231,3
24233,3
24237,7
24238,2
24240,9
24241,3
24243,9
24246,6
24247,0
24252,7
24253,9
24254,4
24258,0
24259,6
24261,5
24264,9
24267,7
24268,4
24273,9
24275,6
24276,0
24277,5
24278,0
24283,4
24286,4
24290,0
24293,0
24294,6
24296,6
24297,4
24300,2
24302,4
24303,3
24304,4
24305,3
24310,5
24311,0
24313,0
24314,9
24315,6
24317,2
24320,0
24321,7
24326,7
24329,5
24336,9
24338,4
24339,9
24340,7
24343,5
24344,0
24346,7
24347,6
24348,7
24354,3
24355,6
24359,7
24360,3
24361,6
24363,4
24364,3
24365,7
24369,3
24377,3
24381,4
24383,7
24384,9
24386,4
24391,7
24394,6
24398,3
24399,6
24401,0
24402,7
24405,4
24408,4
24409,9
24411,6
24415,0
24419,2
24420,2
24421,4
24424,7
24430,4
24435,5
24437,3
24441,0
24442,3
24445,3
24446,0
24448,0
24452,9
24455,2
24458,4
24459,3
24461,2
24463,4
24468,7
24473,6
24475,3
24477,4
24479,7
24483,7
24485,9
24486,7
24487,6
24488,8
24491,4
24493,5
24494,3
24496,6
24499,7
24500,5
24502,5
24503,7
24504,5
24510,7
24511,7
24512,4
24513,3
24514,2
24516,2
24518,4
24519,9
24521,7
24522,7
24523,9
24524,9
24527,9
24528,0
24529,9
24531,3
24534,0
24535,0
24536,7
24543,3
24544,0
24545,2
24552,5
24554,4
24555,9
24556,8
24561,5
24562,7
24564,3
24565,5
24569,4
24572,5
24575,3
24576,4
24579,2
24592,6
24593,6
24594,4
24595,4
24599,6
24600,4
24603,4
24604,5
24606,0
24607,0
24608,7
24609,3
24613,6
24614,6
24615,7
24617,4
24619,6
24622,4
24623,7
24624,4
24630,7
24634,6
24636,4
24637,4
24638,7
24643,6
24644,2
24649,7
24651,4
24653,5
24654,6
24655,6
24657,0
24660,7
24663,2
24664,0
24668,4
24670,4
24672,6
24673,3
24680,7
24682,7
24689,3
24696,4
24697,5
24701,7
24704,7
24710,0
24711,9
24712,5
24717,7
24721,4
24723,6
24724,7
24726,6
24727,7
24729,2
24730,4
24731,7
24733,7
24737,2
24740,4
24752,3
24753,4
24755,5
24757,7
24759,6
24762,9
24763,0
24766,0
24767,6
24768,6
24769,5
24771,2
24773,0
24777,4
24778,9
24784,4
24785,7
24790,0
24791,7
24792,7
24796,3
24797,4
24798,4
24801,4
24804,2
24805,4
24806,7
24808,6
24811,5
24813,2
24816,0
24818,5
24820,4
24824,0
24827,7
24829,9
24831,5
24832,3
24839,5
24841,7
24848,6
24854,7
24856,6
24857,6
24858,6
24861,0
24865,3
24869,7
24871,6
24872,0
24875,0
24881,4
24882,4
24883,8
24886,0
24888,7
24889,0
24893,3
24894,5
24895,7
24896,4
24899,9
24902,7
24904,7
24906,7
24910,5
24912,5
24916,4
24918,2
24921,6
24926,7
24930,9
24934,5
24936,5
24938,4
24942,2
24943,4
24944,3
24946,2
24948,3
24949,6
24951,4
24952,0
24956,0
24957,6
24958,6
24964,7
24966,4
24967,5
24968,5
24969,4
24972,9
24980,2
24981,2
24982,9
24984,7
24986,5
24993,9
24994,7
24998,4
25000,7
25001,6
25004,4
25005,9
25006,9
25010,6
25012,2
25013,3
25017,4
25019,7
25022,0
25023,0
25026,6
25030,7
25033,4
25035,0
25039,0
25041,7
25044,0
25045,9
25047,9
25054,4
25056,2
25057,4
25061,7
25062,4
25067,2
25069,4
25071,3
25074,3
25081,5
25083,0
25084,3
25087,3
25093,3
25099,4
25101,5
25108,9
25110,9
25112,0
25113,0
25118,7
25119,0
25122,7
25124,5
25127,0
25129,9
25130,9
25131,0
25132,6
25134,7
25135,7
25137,6
25142,4
25146,7
25147,9
25148,4
25149,9
25152,5
25153,2
25157,6
25159,2
25165,3
25170,9
25172,3
25176,3
25177,7
25179,7
25182,3
25183,4
25184,6
25186,7
25190,9
25192,0
25194,9
25196,6
25197,6
25199,3
25204,9
25206,2
25207,9
25208,6
25214,4
25215,0
25217,0
25219,5
25222,5
25226,7
25230,5
25235,6
25236,3
25237,4
25241,6
25242,7
25243,5
25244,5
25247,4
25249,4
25252,7
25255,9
25257,7
25260,9
25262,0
25267,4
25268,7
25269,9
25272,3
25274,3
25275,5
25276,4
25277,3
25278,0
25279,6
25280,4
25281,6
25284,4
25288,4
25291,2
25292,9
25294,9
25296,6
25301,6
25302,5
25310,0
25315,7
25318,0
25320,4
25321,9
25323,7
25325,0
25331,9
25333,4
25334,7
25337,7
25340,4
25341,0
25342,9
25343,4
25346,2
25347,4
25348,3
25351,4
25354,4
25355,9
25356,9
25359,5
25363,5
25364,0
25365,0
25368,0
25370,7
25371,6
25374,0
25377,6
25382,9
25384,8
25387,3
25391,6
25393,0
25394,7
25397,6
25399,9
25403,0
25404,6
25410,4
25420,7
25423,9
25424,7
25425,0
25429,4
25435,5
25440,7
25442,5
25443,9
25444,2
25446,3
25460,7
25462,3
25463,2
25465,3
25466,0
25469,6
25470,7
25471,0
25472,4
25474,6
25476,4
25478,6
25480,9
25482,0
25483,9
25484,3
25486,0
25488,3
25490,4
25492,6
25495,5
25496,7
25497,3
25499,7
25502,0
25506,9
25509,0
25513,7
25514,9
25517,9
25518,5
25520,3
25521,0
25525,2
25528,4
25530,7
25532,3
25533,4
25537,9
25538,9
25539,3
25541,4
25543,6
25545,4
25550,0
25551,0
25557,0
25561,6
25562,9
25564,7
25570,4
25572,6
25575,2
25576,0
25578,7
25579,6
25585,5
25587,6
25593,2
25595,4
25598,5
25599,3
25602,9
25603,4
25606,0
25607,7
25608,0
25610,7
25612,0
25613,4
25614,5
25617,6
25618,0
25621,6
25623,4
25625,7
25626,7
25632,5
25633,7
25635,4
25644,7
25647,9
25651,4
25654,4
25655,5
25662,0
25663,5
25664,3
25666,6
25671,3
25672,5
25673,4
25677,2
25678,3
25679,2
25680,5
25681,5
25682,4
25683,9
25686,5
25687,9
25691,4
25692,2
25693,7
25694,7
25697,7
25699,5
25702,5
25703,7
25709,6
25710,9
25713,3
25714,4
25715,3
25717,9
25720,6
25721,3
25722,9
25723,7
25724,0
25725,4
25726,4
25727,4
25731,3
25736,4
25741,5
25742,0
25743,4
25745,7
25746,8
25750,4
25752,0
25753,7
25755,4
25756,0
25757,9
25761,9
25766,9
25767,4
25769,6
25774,7
25776,3
25777,9
25780,5
25781,7
25785,0
25786,2
25790,5
25794,9
25795,4
25796,4
25798,3
25803,9
25806,9
25807,8
25808,7
25809,3
25812,4
25814,0
25815,3
25818,3
25820,0
25821,4
25822,9
25824,2
25827,3
25832,0
25835,6
25837,5
25838,5
25841,5
25842,4
25844,4
25845,9
25849,6
25851,6
25854,2
25862,5
25864,7
25869,4
25871,0
25872,7
25875,9
25878,2
25879,0
25880,6
25881,7
25883,9
25884,6
25885,0
25886,2
25887,0
25889,4
25891,9
25894,2
25897,5
25898,5
25901,2
25906,4
25910,6
25911,4
25912,4
25914,3
25918,8
25922,7
25927,4
25936,3
25937,5
25938,3
25939,4
25940,4
25943,8
25944,7
25949,6
25951,6
25959,3
25961,3
25962,7
25966,2
25967,7
25969,3
25974,3
25975,2
25976,7
25978,3
25982,4
25983,9
25985,9
25988,9
25990,7
25991,6
25992,0
25996,5
25998,3
26001,6
26002,2
26008,2
26009,9
26013,7
26015,6
26018,7
26019,3
26022,9
26024,9
26028,7
26030,9
26033,5
26034,0
26038,0
26039,3
26042,6
26046,3
26047,4
26048,7
26050,3
26051,7
26053,6
26054,9
26055,7
26060,9
26063,7
26064,3
26070,0
26071,6
26072,4
26073,9
26074,3
26078,9
26079,7
26081,4
26084,4
26085,4
26089,7
26093,4
26096,7
26097,3
26098,7
26100,9
26106,3
26107,7
26111,4
26112,4
26113,2
26115,7
26117,5
26123,3
26125,2
26126,4
26129,3
26130,0
26131,7
26132,7
26133,0
26136,4
26137,9
26141,6
26144,8
26152,5
26156,0
26160,3
26162,2
26164,9
26165,0
26166,0
26168,7
26170,5
26171,4
26172,0
26174,9
26177,0
26180,3
26187,4
26188,7
26194,7
26196,0
26203,7
26207,0
26213,2
26215,3
26222,4
26223,9
26224,5
26227,4
26229,3
26230,4
26231,3
26233,0
26234,0
26235,4
26240,3
26242,9
26244,4
26245,0
26247,7
26248,0
26249,3
26251,0
26252,7
26253,0
26261,5
26264,0
26266,5
26269,6
26271,2
26273,4
26274,3
26275,3
26276,0
26280,4
26284,5
26286,0
26287,0
26290,5
26293,9
26295,4
26299,5
26300,3
26301,5
26302,5
26305,6
26307,3
26310,7
26311,3
26314,0
26317,5
26319,0
26320,7
26323,7
26326,9
26327,2
26329,6
26330,0
26331,6
26332,7
26336,4
26337,0
26338,4
26339,5
26341,7
26342,6
26343,6
26344,9
26345,5
26349,9
26353,4
26354,7
26355,5
26356,6
26357,4
26358,9
26361,4
26366,3
26367,6
26368,0
26369,4
26370,0
26372,6
26373,9
26377,9
26379,0
26380,6
26381,0
26382,9
26383,5
26384,9
26386,3
26388,6
26392,4
26393,9
26394,9
26397,9
26398,4
26399,3
26400,0
26402,9
26405,7
26407,6
26408,9
26409,7
26412,5
26413,7
26419,5
26420,6
26421,5
26422,7
26423,4
26424,7
26425,4
26426,4
26430,0
26431,9
26434,3
26435,5
26437,3
26438,5
26443,3
26445,6
26446,7
26449,4
26451,9
26454,3
26455,7
26458,5
26460,3
26461,7
26465,2
26467,2
26469,6
26474,2
26477,9
26483,6
26485,4
26497,3
26499,9
26509,6
26510,3
26512,4
26514,2
26516,0
26517,2
26521,3
26522,7
26525,7
26526,0
26527,7
26528,7
26529,3
26530,7
26534,9
26536,4
26537,0
26539,2
26540,0
26541,4
26546,6
26547,0
26553,9
26554,2
26556,5
26557,3
26558,4
26567,5
26570,4
26572,2
26573,2
26577,4
26579,6
26580,7
26581,5
26584,0
26591,5
26592,3
26594,8
26596,4
26597,9
26598,5
26599,2
26602,9
26604,6
26607,7
26612,0
26615,7
26617,4
26618,7
26622,0
26624,4
26625,5
26629,7
26634,4
26635,0
26638,2
26644,5
26648,0
26649,9
26653,4
26654,9
26657,5
26658,7
26662,3
26666,0
26667,6
26669,2
26670,9
26671,6
26672,0
26675,6
26678,0
26680,7
26681,6
26686,7
26694,7
26695,7
26697,9
26698,0
26700,7
26701,7
26703,7
26706,0
26710,7
26716,9
26718,0
26726,9
26728,9
26730,9
26731,4
26735,7
26736,4
26739,4
26741,6
26743,7
26745,3
26747,6
26749,4
26750,7
26751,4
26752,4
26754,4
26755,3
26758,3
26759,2
26763,9
26764,7
26765,4
26769,4
26770,4
26774,0
26776,0
26777,0
26778,9
26780,5
26782,3
26783,6
26787,0
26789,5
26790,2
26794,6
26796,5
26799,9
26800,7
26801,7
26803,5
26804,9
26805,4
26808,7
26809,7
26810,4
26812,4
26814,6
26816,3
26817,7
26821,5
26822,2
26823,0
26824,4
26826,4
26828,3
26840,6
26841,2
26842,9
26844,2
26848,2
26849,4
26851,4
26853,4
26861,4
26864,7
26866,3
26869,7
26870,6
26871,5
26873,4
26879,9
26880,6
26883,7
26884,7
26885,7
26886,0
26889,7
26890,7
26891,4
26895,7
26898,5
26902,0
26904,9
26909,4
26910,0
26912,4
26913,6
26914,5
26927,9
26929,0
26930,7
26931,0
26933,0
26935,4
26936,3
26946,6
26947,0
26948,3
26950,3
26952,4
26954,5
26955,9
26962,6
26965,6
26971,9
26974,6
26980,3
26981,5
26986,6
26987,6
26990,9
26993,7
27000,4
27002,3
27003,7
27005,3
27009,0
27011,7
27012,0
27017,4
27020,0
27022,6
27026,5
27030,3
27033,5
27037,9
27041,7
27047,5
27049,5
27050,3
27051,0
27052,0
27053,4
27055,7
27056,9
27058,4
27062,4
27063,9
27064,4
27067,3
27068,3
27070,9
27075,0
27076,5
27079,9
27080,9
27082,5
27088,3
27089,5
27090,0
27091,7
27092,4
27093,9
27095,4
27097,3
27098,8
27109,5
27113,7
27115,7
27119,9
27121,9
27122,9
27123,6
27124,3
27128,4
27132,3
27133,4
27134,4
27136,9
27137,9
27141,9
27145,4
27146,7
27147,0
27148,0
27149,7
27150,4
27155,4
27160,5
27163,4
27164,0
27168,0
27169,0
27170,4
27172,3
27176,4
27179,4
27180,9
27181,7
27188,4
27190,8
27195,3
27200,4
27201,7
27203,7
27208,9
27209,9
27210,9
27212,0
27213,4
27224,7
27226,4
27231,6
27233,4
27236,7
27237,2
27240,0
27244,3
27246,2
27247,7
27249,7
27250,3
27251,6
27252,3
27254,5
27262,7
27263,9
27264,3
27268,3
27271,7
27277,3
27278,3
27281,5
27282,9
27283,7
27284,7
27287,4
27291,9
27292,4
27293,9
27295,2
27296,3
27298,5
27299,0
27302,0
27307,6
27308,7
27312,2
27313,9
27314,8
27315,3
27317,0
27318,9
27319,4
27320,7
27324,8
27326,9
27328,6
27329,3
27334,6
27337,2
27339,0
27342,7
27345,7
27346,0
27348,0
27350,6
27353,9
27356,3
27359,2
27360,9
27362,0
27364,3
27367,3
27370,9
27372,0
27376,7
27377,9
27380,0
27382,4
27385,6
27389,5
27394,2
27395,9
27402,6
27403,9
27405,6
27411,7
27415,5
27417,7
27419,4
27420,4
27432,3
27434,8
27435,0
27436,9
27437,2
27440,6
27444,0
27446,6
27449,5
27452,0
27454,5
27457,7
27462,7
27463,5
27464,7
27466,6
27468,9
27471,2
27472,6
27475,3
27477,0
27478,7
27479,4
27483,3
27484,4
27485,9
27486,3
27491,5
27492,4
27493,2
27497,6
27499,6
27501,9
27502,5
27510,0
27513,5
27515,4
27516,5
27518,2
27520,4
27521,7
27526,3
27530,4
27531,2
27532,6
27534,4
27535,9
27537,9
27539,3
27541,7
27542,4
27547,9
27549,4
27551,7
27552,5
27553,0
27554,6
27555,7
27556,6
27559,6
27562,4
27567,0
27570,4
27571,9
27575,9
27578,3
27579,6
27582,0
27583,3
27584,2
27586,4
27588,5
27589,4
27591,9
27594,3
27595,0
27596,7
27598,0
27599,4
27604,3
27605,7
27606,9
27607,9
27609,3
27612,9
27613,4
27616,9
27617,9
27620,5
27626,9
27627,5
27631,4
27635,3
27638,7
27641,4
27642,5
27643,7
27644,8
27648,4
27649,4
27651,4
27652,0
27654,4
27655,7
27657,0
27661,0
27662,7
27679,4
27683,7
27687,2
27688,0
27689,7
27691,6
27695,0
27698,4
27699,5
27700,7
27703,4
27707,5
27708,9
27712,4
27713,7
27714,7
27715,7
27719,5
27720,0
27723,7
27724,4
27726,0
27728,6
27729,7
27730,3
27731,0
27732,4
27739,4
27742,5
27743,4
27746,8
27749,0
27756,9
27758,6
27760,3
27761,9
27763,4
27764,4
27765,6
27768,7
27773,9
27775,5
27777,0
27780,7
27781,3
27782,0
27783,2
27784,5
27786,7
27788,7
27799,3
27800,8
27805,5
27808,0
27810,7
27814,9
27817,6
27819,7
27820,7
27823,6
27825,9
27826,7
27828,0
27831,7
27832,9
27834,7
27835,0
27836,0
27837,2
27838,4
27840,6
27841,6
27844,0
27846,2
27848,3
27849,4
27853,4
27855,4
27860,3
27865,9
27869,4
27872,9
27873,4
27876,7
27877,7
27880,7
27884,7
27888,7
27890,4
27891,6
27892,5
27895,3
27897,7
27898,9
27901,7
27902,5
27904,4
27911,0
27913,2
27914,6
27915,3
27919,0
27922,7
27923,0
27927,7
27930,4
27931,7
27932,7
27933,0
27934,0
27937,4
27941,4
27943,4
27952,4
27953,3
27954,9
27956,2
27960,5
27961,7
27962,6
27964,0
27967,6
27968,5
27969,2
27973,4
27976,4
27983,7
27987,4
27992,4
27995,5
27998,9
28002,7
28005,4
28010,7
28012,0
28021,6
28022,5
28023,0
28024,7
28025,5
28026,3
28028,4
28029,9
28031,3
28034,4
28035,7
28041,4
28045,7
28046,6
28048,9
28052,9
28053,9
28054,0
28056,0
28063,5
28067,0
28072,7
28078,4
28081,3
28086,9
28087,4
28092,0
28093,4
28094,6
28102,7
28104,4
28106,4
28107,3
28109,4
28110,6
28111,6
28112,0
28115,5
28118,0
28120,7
28124,4
28129,4
28137,2
28138,9
28139,6
28142,0
28143,7
28144,7
28145,5
28146,3
28147,6
28151,4
28152,3
28162,6
28168,7
28173,5
28176,9
28177,4
28178,4
28182,5
28183,5
28188,9
28189,4
28190,4
28191,5
28195,0
28196,0
28198,4
28200,4
28207,0
28208,6
28209,8
28213,4
28215,2
28218,9
28219,7
28221,4
28222,7
28232,0
28233,7
28234,3
28236,3
28237,9
28241,6
28247,2
28248,5
28249,7
28250,6
28252,7
28253,2
28255,9
28258,4
28259,0
28265,0
28266,6
28269,0
28271,7
28273,9
28275,7
28276,4
28278,6
28282,5
28285,8
28292,6
28293,7
28294,0
28295,5
28301,4
28303,2
28304,4
28305,4
28307,4
28308,4
28310,7
28314,6
28324,3
28329,0
28331,4
28333,2
28336,2
28337,9
28338,8
28342,3
28343,9
28346,6
28348,7
28352,7
28355,9
28357,3
28359,5
28360,4
28364,5
28365,7
28367,9
28369,9
28370,5
28373,4
28374,0
28380,0
28386,3
28387,3
28388,5
28391,3
28393,7
28396,0
28397,7
28399,7
28400,0
28401,6
28412,4
28415,4
28416,7
28417,7
28418,8
28420,7
28425,4
28427,0
28432,4
28433,5
28434,4
28437,9
28438,7
28439,7
28441,5
28442,5
28448,9
28450,6
28454,0
28455,0
28457,4
28463,5
28465,6
28466,7
28473,5
28475,4
28478,4
28479,2
28483,4
28485,5
28486,4
28488,4
28490,6
28493,9
28494,6
28496,4
28497,0
28498,3
28500,7
28502,4
28504,3
28505,3
28509,7
28511,5
28512,9
28513,4
28514,3
28516,9
28518,3
28519,7
28520,9
28525,7
28532,3
28533,5
28536,9
28538,0
28544,0
28545,3
28547,9
28548,9
28550,5
28552,7
28553,4
28554,4
28555,6
28563,7
28566,4
28571,3
28572,5
28573,3
28575,0
28576,7
28577,4
28578,4
28585,4
28586,6
28590,5
28591,2
28592,0
28593,0
28596,3
28597,2
28598,3
28600,4
28602,9
28603,0
28605,9
28607,9
28611,2
28619,7
28620,9
28621,5
28623,7
28625,6
28627,4
28629,4
28630,6
28633,6
28634,4
28635,2
28636,6
28641,2
28644,3
28647,0
28652,3
28654,6
28657,7
28660,3
28661,6
28662,4
28664,3
28666,9
28670,0
28672,3
28678,4
28682,3
28684,0
28685,7
28686,5
28692,9
28698,4
28699,3
28702,9
28709,2
28712,4
28713,4
28716,3
28717,3
28718,2
28720,3
28726,7
28727,3
28729,4
28732,7
28734,0
28737,5
28739,9
28746,2
28749,9
28750,2
28751,4
28753,6
28755,4
28758,5
28762,4
28765,0
28766,5
28771,3
28775,9
28776,6
28779,2
28783,7
28784,4
28786,2
28789,9
28790,5
28791,0
28795,4
28797,4
28801,4
28804,9
28806,9
28810,9
28811,3
28813,5
28815,4
28817,4
28818,3
28820,7
28822,5
28826,9
28827,0
28828,7
28829,4
28838,9
28842,7
28843,4
28844,2
28845,3
28846,6
28848,7
28849,5
28850,6
28856,6
28858,5
28859,3
28860,3
28864,0
28871,4
28874,4
28875,7
28880,6
28881,4
28885,6
28886,0
28887,9
28893,0
28896,7
28903,9
28905,3
28911,0
28912,9
28914,3
28915,0
28924,7
28925,5
28926,5
28928,7
28929,4
28933,2
28935,9
28937,9
28938,3
28943,4
28944,5
28945,3
28947,9
28948,4
28949,5
28952,0
28954,7
28956,9
28958,4
28960,7
28963,9
28965,6
28966,5
28967,2
28969,4
28974,6
28977,7
28979,6
28985,7
28986,2
28987,2
28988,3
28992,4
28994,3
28995,9
28999,4
29002,3
29007,9
29010,2
29011,2
29013,5
29016,3
29018,6
29019,9
29020,5
29025,0
29027,0
29028,6
29030,0
29031,9
29034,0
29037,4
29038,4
29040,7
29041,4
29043,7
29051,7
29055,7
29057,7
29064,7
29066,5
29070,0
29074,6
29080,7
29081,3
29083,6
29084,5
29085,9
29090,2
29101,9
29102,9
29106,6
29107,5
29108,7
29110,8
29113,3
29117,4
29120,4
29123,3
29124,9
29125,0
29126,2
29130,3
29132,9
29135,4
29136,5
29138,4
29140,2
29141,9
29145,4
29147,2
29151,7
29152,9
29153,7
29155,2
29160,3
29161,0
29162,4
29164,6
29170,4
29172,7
29175,9
29176,9
29181,5
29183,9
29185,5
29194,9
29200,5
29206,9
29209,9
29210,5
29211,7
29212,7
29213,4
29214,0
29217,7
29218,7
29220,4
29223,5
29224,9
29228,6
29230,6
29234,7
29235,9
29236,3
29238,3
29240,7
29241,8
29242,6
29243,6
29245,3
29246,0
29247,0
29251,4
29253,3
29254,4
29257,3
29258,0
29260,2
29261,3
29263,7
29264,0
29269,9
29270,4
29272,6
29273,5
29274,9
29277,7
29278,3
29280,6
29281,3
29284,0
29285,6
29286,4
29287,2
29289,3
29291,6
29293,5
29294,9
29298,2
29302,0
29304,7
29306,9
29308,4
29310,4
29312,3
29313,0
29315,0
29320,0
29321,7
29325,5
29327,9
29331,3
29334,0
29341,0
29342,4
29345,5
29349,0
29353,4
29354,9
29356,7
29364,7
29366,7
29368,0
29370,3
29372,4
29373,7
29375,5
29376,5
29379,7
29380,4
29383,9
29384,4
29386,0
29387,5
29388,4
29392,7
29393,6
29400,6
29401,0
29402,3
29407,9
29409,4
29410,0
29413,7
29414,3
29415,7
29418,7
29421,4
29424,5
29425,0
29427,0
29428,0
29429,3
29430,3
29435,9
29436,5
29437,0
29438,7
29440,0
29441,2
29443,4
29444,5
29445,4
29447,7
29448,5
29451,6
29452,2
29458,5
29461,0
29468,0
29469,0
29470,5
29472,4
29473,4
29474,0
29479,2
29482,3
29484,0
29486,6
29487,2
29488,7
29489,0
29490,6
29496,4
29497,3
29499,0
29501,3
29511,9
29516,3
29518,0
29519,7
29524,4
29526,6
29527,5
29534,7
29536,0
29537,0
29538,6
29540,2
29542,9
29543,2
29545,0
29548,0
29554,4
29555,5
29556,7
29557,5
29559,7
29561,4
29568,7
29570,3
29571,5
29573,5
29574,2
29577,3
29578,0
29582,4
29587,7
29593,5
29597,2
29598,4
29599,5
29602,7
29604,7
29609,0
29614,9
29615,4
29616,6
29618,2
29619,0
29620,7
29621,3
29626,3
29630,3
29632,3
29639,9
29645,3
29647,2
29648,7
29649,7
29652,7
29655,4
29656,9
29660,4
29662,0
29663,4
29669,7
29672,7
29677,4
29681,2
29683,0
29686,4
29687,4
29688,5
29690,7
29695,9
29696,6
29701,0
29706,5
29707,4
29709,5
29711,0
29712,2
29714,3
29716,9
29717,2
29719,6
29720,3
29721,0
29722,4
29723,0
29730,9
29732,7
29735,4
29736,9
29737,0
29742,6
29745,4
29746,4
29747,7
29753,4
29757,0
29759,6
29761,4
29762,7
29764,4
29765,7
29767,6
29770,9
29776,0
29777,0
29778,5
29783,0
29791,6
29792,7
29794,4
29801,6
29802,2
29803,6
29805,2
29808,8
29809,9
29811,9
29814,5
29815,7
29818,7
29819,8
29821,6
29823,7
29824,7
29827,0
29828,2
29832,2
29833,2
29835,4
29836,3
29837,7
29838,9
29842,3
29844,7
29845,7
29846,9
29848,6
29849,6
29850,0
29855,4
29858,3
29863,9
29864,9
29869,0
29872,4
29878,7
29886,5
29889,0
29890,0
29891,2
29892,9
29899,5
29903,3
29905,6
29907,9
29908,8
29909,0
29910,4
29911,6
29912,5
29913,0
29914,7
29915,0
29917,6
29919,5
29921,0
29922,4
29925,0
29926,6
29927,0
29931,6
29933,3
29940,0
29948,6
29952,3
29953,8
29957,9
29959,6
29962,4
29964,4
29966,3
29972,6
29974,0
29976,6
29978,6
29980,9
29981,5
29987,9
29988,4
29989,9
29994,9
29997,3
30000,0
30003,0
30004,6
30007,5
30013,7
30014,0
30016,7
30017,7
30020,3
30021,9
30024,6
30034,4
30035,0
30036,4
30038,0
30040,4
30041,6
30050,6
30052,7
30057,4
30059,3
30060,2
30061,0
30065,5
30066,9
30067,6
30068,0
30070,0
30072,0
30075,9
30076,3
30078,0
30081,4
30082,0
30086,9
30088,9
30090,9
30091,2
30094,4
30097,4
30101,7
30106,4
30107,3
30109,5
30112,3
30117,2
30123,4
30124,5
30126,3
30127,0
30130,7
30133,7
30135,4
30138,7
30142,0
30144,0
30147,0
30149,0
30153,3
30154,9
30157,4
30158,6
30160,3
30164,0
30166,7
30167,6
30170,9
30172,6
30173,6
30174,0
30181,0
30182,4
30186,4
30188,5
30194,8
30196,6
30198,5
30204,7
30206,3
30207,9
30208,6
30209,4
30210,0
30212,2
30214,7
30216,6
30217,0
30218,9
30220,6
30222,4
30225,7
30226,8
30227,0
30228,6
30230,6
30231,4
30235,8
30237,5
30238,4
30241,7
30248,2
30252,5
30254,0
30255,6
30259,0
30260,4
30261,0
30262,5
30263,3
30266,2
30267,3
30268,0
30274,9
30275,2
30276,0
30277,2
30278,0
30279,4
30280,5
30282,5
30283,6
30284,7
30285,9
30290,9
30291,5
30292,3
30294,7
30295,7
30296,0
30297,9
30298,0
30299,0
30300,4
30304,0
30306,2
30308,4
30312,7
30314,6
30315,9
30318,3
30321,0
30322,2
30327,7
30329,3
30330,9
30331,5
30332,4
30334,7
30335,6
30338,2
30340,7
30345,0
30346,9
30347,4
30350,7
30351,7
30352,7
30355,5
30356,6
30359,4
30361,7
30362,4
30363,9
30364,8
30368,4
30370,7
30371,3
30374,6
30376,7
30380,4
30383,9
30385,0
30391,9
30393,6
30395,7
30397,6
30400,9
30401,4
30406,6
30408,9
30409,4
30412,6
30413,9
30414,6
30415,6
30416,0
30418,6
30419,4
30423,2
30424,9
30425,3
30427,0
30429,4
30430,6
30433,7
30434,7
30436,3
30438,0
30440,4
30441,7
30443,0
30444,4
30445,7
30451,0
30452,0
30453,9
30454,3
30458,3
30465,7
30468,0
30473,3
30474,3
30475,5
30476,4
30477,7
30479,2
30480,9
30481,0
30482,7
30484,9
30485,3
30488,0
30489,3
30492,7
30496,3
30499,6
30503,9
30506,5
30507,0
30508,7
30510,5
30512,3
30518,9
30524,6
30525,7
30528,6
30531,6
30533,9
30535,3
30536,4
30537,9
30540,0
30544,4
30546,0
30548,4
30549,4
30550,9
30552,0
30560,4
30564,5
30565,0
30568,2
30569,7
30571,2
30573,0
30574,0
30576,7
30579,7
30582,4
30584,4
30585,6
30586,5
30589,5
30591,6
30597,4
30602,2
30603,6
30610,4
30612,7
30613,5
30617,6
30619,2
30621,4
30622,7
30623,3
30624,7
30626,7
30627,0
30628,6
30629,7
30632,7
30636,3
30638,4
30643,5
30648,5
30649,4
30652,5
30657,6
30658,7
30660,3
30663,6
30664,2
30665,7
30667,5
30668,7
30670,3
30671,0
30676,3
30680,7
30681,4
30682,5
30683,9
30685,7
30686,4
30687,0
30690,7
30691,0
30692,3
30696,4
30697,9
30701,0
30702,6
30705,2
30713,9
30716,7
30718,0
30725,3
30727,0
30728,5
30730,7
30731,3
30737,5
30738,5
30740,4
30743,7
30747,3
30749,6
30751,9
30755,9
30756,7
30761,6
30763,4
30768,3
30770,5
30772,0
30774,5
30775,5
30776,9
30777,7
30778,2
30780,6
30784,5
30787,6
30788,9
30793,0
30795,2
30796,3
30797,0
30798,4
30799,0
30801,4
30803,0
30807,3
30812,0
30814,2
30818,5
30821,0
30824,4
30825,4
30831,6
30832,2
30833,9
30834,0
30839,7
30844,6
30847,5
30848,2
30849,4
30850,8
30851,3
30852,5
30853,9
30858,6
30864,0
30865,4
30868,6
30870,7
30871,2
30873,5
30877,5
30882,6
30887,9
30888,7
30892,0
30896,6
30898,0
30899,3
30900,4
30901,9
30902,0
30903,9
30904,6
30906,6
30911,7
30913,5
30915,3
30920,9
30921,7
30925,7
30928,7
30933,4
30934,8
30938,4
30940,2
30941,7
30942,4
30944,3
30947,9
30949,9
30950,4
30958,7
30959,0
30960,0
30961,3
30964,0
30969,5
30970,2
30972,7
30974,9
30975,0
30979,0
30980,6
30985,7
30988,7
30990,6
30992,7
30993,3
31000,9
31002,4
31003,6
31004,3
31005,3
31006,3
31010,7
31011,6
31018,9
31020,7
31022,5
31023,9
31025,4
31028,0
31030,7
31033,4
31034,7
31035,2
31036,6
31039,9
31040,3
31041,9
31043,2
31044,6
31046,3
31047,6
31051,2
31052,9
31054,7
31055,4
31056,0
31064,4
31066,7
31069,4
31070,9
31073,6
31075,9
31076,0
31077,6
31079,3
31081,7
31082,9
31084,0
31087,4
31088,9
31089,0
31090,3
31093,2
31095,4
31096,3
31099,9
31100,9
31102,7
31104,9
31107,0
31108,6
31109,4
31111,0
31115,4
31117,9
31124,3
31126,6
31127,4
31129,0
31130,4
31133,0
31136,0
31138,4
31139,9
31141,7
31142,4
31144,6
31145,7
31146,0
31147,3
31151,3
31156,4
31158,3
31161,0
31163,4
31165,7
31166,7
31170,4
31171,4
31174,9
31175,5
31176,5
31177,7
31184,0
31188,6
31189,6
31190,7
31193,0
31196,0
31201,4
31204,9
31207,7
31210,7
31211,7
31212,0
31217,7
31218,3
31222,4
31226,9
31228,5
31231,6
31232,7
31234,2
31238,3
31239,5
31240,6
31242,4
31243,9
31247,6
31254,4
31255,4
31257,9
31260,6
31262,7
31267,7
31268,7
31269,8
31270,9
31271,7
31272,5
31273,9
31276,0
31282,6
31285,7
31286,0
31287,7
31289,7
31290,7
31296,7
31297,5
31303,2
31317,2
31324,5
31328,4
31332,9
31333,7
31334,7
31336,3
31338,2
31343,3
31347,9
31349,2
31351,7
31353,9
31354,9
31356,4
31358,4
31361,4
31362,4
31363,4
31364,0
31367,2
31368,0
31369,7
31371,3
31372,9
31373,4
31374,5
31377,0
31379,6
31382,3
31389,4
31391,3
31393,9
31394,6
31396,7
31397,7
31403,4
31404,7
31406,3
31410,0
31412,5
31417,4
31418,2
31419,5
31421,0
31423,7
31428,7
31429,3
31436,0
31437,6
31439,4
31442,5
31445,6
31449,4
31454,3
31456,5
31458,0
31460,8
31461,8
31463,2
31466,6
31472,7
31475,7
31476,9
31479,3
31482,7
31484,7
31489,3
31490,5
31495,9
31499,5
31501,4
31502,7
31503,2
31504,0
31508,9
31510,3
31513,7
31519,6
31522,6
31525,7
31527,6
31537,7
31538,7
31543,3
31544,9
31548,4
31549,8
31550,7
31558,3
31559,3
31560,4
31561,3
31562,7
31564,0
31567,0
31568,4
31569,9
31572,2
31578,6
31579,9
31580,9
31581,3
31582,4
31583,2
31587,0
31588,7
31589,7
31590,7
31591,6
31592,3
31594,7
31598,2
31599,0
31600,3
31606,2
31608,3
31609,9
31610,7
31611,7
31612,4
31614,2
31615,5
31616,7
31617,4
31618,4
31619,3
31620,3
31623,7
31624,7
31626,4
31631,3
31632,6
31633,9
31641,3
31647,5
31648,2
31651,6
31653,6
31654,3
31656,7
31657,5
31659,4
31660,4
31664,0
31665,4
31666,7
31667,2
31668,7
31669,0
31674,4
31678,7
31679,9
31680,7
31681,7
31685,4
31688,3
31692,6
31693,4
31696,5
31697,5
31700,5
31701,0
31702,7
31704,7
31706,7
31709,4
31710,4
31712,5
31713,2
31714,9
31721,2
31724,7
31728,0
31729,4
31731,7
31733,3
31737,5
31738,2
31741,9
31743,5
31744,4
31745,0
31749,9
31753,2
31756,4
31758,4
31764,4
31765,9
31766,7
31769,2
31771,2
31774,4
31776,3
31779,0
31781,4
31783,4
31787,9
31789,4
31790,3
31793,7
31794,2
31795,4
31802,5
31805,4
31806,3
31807,3
31808,3
31809,3
31811,3
31815,4
31820,3
31821,9
31822,4
31824,4
31830,4
31835,7
31837,5
31838,4
31840,6
31842,3
31843,4
31844,7
31846,2
31847,2
31848,0
31849,3
31850,7
31851,9
31853,0
31854,5
31856,9
31860,5
31861,6
31862,5
31866,3
31868,9
31870,7
31872,4
31877,6
31879,6
31884,7
31885,4
31886,5
31894,9
31895,6
31897,6
31898,9
31900,0
31904,3
31906,7
31907,9
31908,6
31909,7
31911,9
31913,4
31915,7
31917,6
31920,3
31921,9
31922,9
31923,3
31926,4
31928,9
31929,6
31931,4
31935,4
31939,7
31941,9
31945,7
31947,4
31948,5
31950,0
31956,9
31957,0
31967,6
31968,9
31969,4
31970,9
31973,3
31974,0
31977,0
31978,9
31981,6
31982,5
31986,4
31992,2
31994,7
31995,9
31998,0
32000,6
32001,4
32002,4
32004,0
32006,5
32008,4
32017,7
32020,2
32021,5
32023,4
32033,0
32034,7
32035,4
32037,4
32038,3
32039,0
32040,0
32041,9
32045,9
32048,9
32051,6
32056,5
32057,4
32058,9
32060,6
32067,3
32071,4
32079,9
32082,9
32083,7
32085,5
32086,3
32087,5
32088,9
32089,7
32094,3
32095,5
32096,3
32100,7
32101,6
32107,2
32108,7
32109,9
32110,9
32112,6
32122,6
32124,6
32125,4
32127,5
32128,4
32130,6
32133,4
32136,0
32138,0
32139,3
32142,3
32143,3
32145,9
32147,7
32153,7
32154,4
32155,4
32156,5
32160,0
32162,8
32166,5
32171,5
32174,7
32175,4
32176,2
32177,0
32181,4
32183,6
32186,4
32189,5
32192,3
32193,9
32194,4
32196,5
32197,6
32198,3
32199,9
32200,5
32201,4
32202,7
32204,8
32206,5
32208,4
32210,0
32212,2
32213,2
32215,9
32217,9
32220,6
32221,9
32223,6
32224,2
32225,4
32226,4
32227,0
32230,6
32232,6
32238,3
32239,5
32241,0
32251,4
32252,9
32255,7
32256,6
32260,2
32261,4
32262,3
32265,9
32266,0
32268,7
32269,5
32270,9
32271,9
32273,4
32274,4
32275,7
32276,2
32278,7
32279,7
32283,9
32284,9
32285,7
32293,7
32296,6
32302,2
32304,7
32306,8
32308,4
32309,9
32311,7
32314,9
32317,7
32322,9
32324,0
32326,9
32328,7
32330,4
32338,0
32344,0
32348,3
32350,6
32351,3
32352,9
32353,9
32358,4
32359,6
32361,6
32364,4
32366,4
32367,5
32370,0
32372,9
32373,7
32374,4
32376,7
32377,0
32379,7
32382,9
32383,6
32384,5
32387,7
32389,7
32392,3
32396,7
32397,7
32401,4
32402,3
32403,9
32405,8
32410,8
32411,9
32417,3
32421,6
32429,9
32433,7
32437,4
32441,7
32445,5
32446,6
32450,0
32452,2
32456,9
32459,4
32460,7
32461,9
32464,6
32465,6
32472,3
32473,5
32475,7
32476,3
32477,4
32478,6
32481,7
32484,6
32491,4
32492,4
32493,2
32494,0
32495,5
32496,0
32498,7
32503,7
32506,6
32508,7
32509,7
32511,9
32512,5
32513,6
32514,3
32515,4
32519,2
32520,9
32521,5
32527,5
32529,8
32530,7
32531,7
32532,4
32536,9
32538,6
32541,4
32543,7
32545,0
32549,7
32550,5
32556,6
32561,0
32565,7
32569,9
32572,7
32573,0
32576,6
32577,4
32581,9
32582,4
32583,0
32587,9
32589,6
32591,3
32596,3
32598,5
32599,6
32602,5
32603,7
32609,0
32610,6
32611,0
32613,7
32621,3
32629,8
32630,3
32633,6
32637,5
32638,6
32640,6
32641,2
32646,0
32647,9
32648,9
32649,3
32651,4
32652,7
32653,9
32654,9
32657,5
32660,0
32661,7
32663,4
32668,7
32675,0
32682,4
32685,0
32686,5
32688,2
32693,7
32696,6
32705,4
32708,3
32710,7
32711,0
32712,9
32719,3
32721,6
32722,4
32724,0
32728,0
32729,0
32731,7
32732,7
32749,5
32750,7
32751,7
32753,7
32756,3
32758,8
32762,5
32764,6
32767,7
32768,9
32770,0
32774,7
32775,0
32777,6
32779,3
32780,7
32781,0
32782,4
32786,5
32790,5
32793,7
32799,4
32801,7
32802,7
32803,0
32806,9
32808,6
32809,5
32810,4
32811,7
32818,5
32819,0
32823,2
32824,4
32827,6
32830,6
32832,6
32833,5
32834,9
32835,4
32845,7
32848,9
32850,4
32853,4
32858,7
32860,6
32862,4
32868,7
32869,3
32876,4
32877,3
32881,7
32882,4
32886,9
32889,7
32891,9
32893,7
32895,4
32896,0
32899,9
32906,0
32907,3
32909,5
32910,4
32913,5
32914,5
32915,4
32916,6
32918,9
32919,5
32920,3
32921,2
32924,4
32926,2
32928,0
32932,4
32934,3
32935,0
32941,5
32944,9
32950,5
32952,6
32956,5
32957,4
32959,0
32961,2
32964,4
32965,3
32967,6
32973,0
32974,2
32977,4
32978,7
32981,7
32984,9
32986,7
32988,4
32992,7
32994,7
32996,4
32998,3
32999,3
33000,0
33001,9
33002,9
33006,7
33008,7
33009,6
33011,5
33017,5
33020,7
33023,0
33024,3
33025,4
33029,7
33032,2
33034,2
33035,7
33037,6
33040,6
33044,3
33046,4
33047,4
33048,4
33050,6
33056,3
33058,2
33062,9
33069,2
33072,2
33073,3
33076,7
33079,3
33080,7
33085,0
33087,6
33090,6
33101,9
33106,6
33110,3
33112,2
33113,3
33114,5
33120,5
33121,6
33122,7
33124,2
33125,6
33126,5
33127,4
33131,0
33137,4
33139,2
33141,9
33143,7
33144,2
33145,4
33151,5
33153,4
33156,4
33158,9
33159,5
33160,4
33166,5
33168,9
33169,5
33170,4
33174,7
33175,6
33176,5
33180,3
33186,7
33189,5
33192,0
33193,9
33195,0
33197,9
33198,0
33200,9
33201,4
33204,7
33205,9
33207,5
33209,2
33210,7
33211,9
33213,7
33219,4
33220,9
33221,3
33222,3
33223,9
33228,4
33230,5
33234,5
33239,3
33240,5
33243,7
33250,6
33253,7
33257,0
33262,0
33264,0
33269,4
33271,2
33272,7
33273,0
33278,5
33282,0
33285,3
33286,4
33288,6
33292,3
33293,7
33294,4
33295,9
33297,4
33299,7
33300,4
33303,3
33307,8
33309,3
33310,0
33311,0
33313,0
33314,9
33315,9
33316,0
33319,4
33320,7
33322,4
33323,6
33325,2
33326,7
33327,4
33329,6
33330,4
33334,9
33335,3
33336,6
33338,5
33339,2
33342,7
33343,7
33344,6
33346,7
33348,9
33351,7
33352,7
33353,5
33355,2
33364,6
33366,5
33367,4
33369,3
33370,7
33372,8
33373,7
33374,9
33378,0
33380,7
33381,3
33388,4
33389,5
33394,4
33400,0
33405,0
33413,9
33415,3
33416,7
33417,6
33418,3
33422,4
33428,6
33431,9
33432,3
33433,5
33435,3
33436,0
33441,9
33444,7
33445,9
33448,4
33454,4
33455,5
33458,7
33468,6
33469,9
33476,5
33487,4
33489,5
33491,4
33493,7
33494,0
33495,7
33496,7
33498,2
33503,7
33505,0
33506,6
33509,3
33512,5
33514,4
33515,4
33516,9
33517,6
33518,0
33520,4
33521,4
33522,7
33529,6
33530,4
33531,7
33532,6
33537,7
33541,9
33546,6
33551,7
33561,9
33564,9
33566,0
33568,7
33578,9
33579,7
33582,4
33585,9
33588,6
33589,4
33590,9
33591,5
33592,9
33598,3
33599,3
33601,3
33602,0
33604,7
33605,4
33606,4
33607,7
33608,7
33611,7
33614,7
33615,7
33616,7
33617,4
33619,4
33621,6
33623,4
33626,4
33627,7
33628,0
33630,2
33635,9
33637,4
33642,9
33644,5
33646,7
33650,2
33654,4
33657,7
33660,9
33662,4
33663,0
33668,6
33672,4
33673,0
33675,9
33676,5
33678,9
33679,6
33680,7
33682,4
33686,5
33688,5
33690,6
33692,0
33698,7
33699,4
33701,9
33706,7
33708,5
33715,5
33716,7
33717,9
33721,4
33722,9
33724,0
33726,8
33727,0
33734,2
33737,6
33739,5
33742,9
33743,4
33744,9
33745,4
33747,3
33749,7
33751,9
33754,7
33755,5
33757,5
33761,7
33764,3
33766,6
33767,7
33768,5
33773,6
33775,9
33779,6
33780,4
33781,2
33785,4
33786,7
33787,7
33788,4
33789,6
33790,9
33791,0
33796,3
33797,5
33799,9
33800,7
33803,6
33805,4
33811,3
33813,6
33817,4
33822,7
33825,7
33827,3
33832,4
33835,7
33837,8
33839,0
33841,5
33842,7
33843,5
33844,9
33846,4
33847,3
33850,3
33851,6
33852,4
33856,5
33858,4
33859,6
33861,0
33863,4
33864,7
33865,3
33866,3
33868,4
33869,9
33870,3
33871,2
33873,3
33875,4
33879,0
33881,8
33883,7
33887,3
33890,2
33891,6
33893,9
33894,2
33895,4
33896,4
33899,5
33905,0
33907,5
33909,4
33910,7
33912,0
33913,4
33917,2
33919,6
33920,4
33921,3
33924,4
33934,3
33939,6
33941,9
33943,6
33944,9
33945,7
33947,2
33957,5
33962,3
33963,9
33967,9
33969,2
33970,6
33971,7
33972,7
33973,7
33974,7
33975,4
33976,5
33979,3
33980,3
33981,7
33984,6
33986,6
33987,3
33994,4
33996,7
34004,9
34005,2
34006,3
34008,2
34010,7
34012,4
34013,2
34015,9
34018,5
34021,9
34023,7
34024,3
34025,2
34030,4
34032,6
34033,5
34034,2
34035,7
34036,3
34038,7
34040,7
34043,7
34049,4
34052,3
34056,6
34059,3
34062,4
34065,3
34066,7
34068,7
34069,7
34075,7
34076,9
34084,9
34086,2
34088,2
34094,0
34095,9
34096,6
34097,5
34098,2
34101,4
34103,4
34112,2
34113,6
34114,2
34115,6
34128,6
34130,3
34134,5
34135,7
34138,4
34141,5
34145,4
34147,4
34149,2
34150,9
34155,5
34157,9
34159,2
34163,5
34164,6
34165,6
34167,9
34171,7
34173,7
34174,7
34176,3
34178,0
34179,5
34183,9
34184,4
34185,0
34186,0
34187,2
34196,4
34197,3
34199,7
34200,6
34202,6
34203,3
34205,9
34206,5
34207,4
34208,6
34210,5
34212,6
34213,4
34215,7
34219,4
34221,7
34222,0
34223,6
34228,6
34231,5
34237,4
34239,5
34243,4
34244,6
34246,6
34247,0
34249,4
34250,3
34251,7
34252,7
34254,6
34257,7
34258,0
34261,3
34263,4
34266,5
34277,9
34280,4
34289,3
34291,0
34292,9
34293,4
34294,0
34298,0
34301,4
34302,0
34304,7
34308,4
34310,4
34313,2
34314,4
34323,3
34326,9
34327,5
34328,6
34332,3
34334,7
34337,8
34338,4
34340,7
34341,4
34342,2
34344,3
34345,7
34348,4
34349,0
34350,3
34352,4
34355,3
34359,3
34361,7
34364,4
34368,5
34369,2
34370,6
34371,3
34374,9
34375,4
34376,9
34378,5
34380,0
34382,9
34383,9
34384,0
34385,3
34386,0
34387,4
34388,4
34389,3
34390,7
34393,7
34396,7
34397,7
34402,6
34403,4
34404,7
34407,6
34410,9
34412,7
34413,9
34418,0
34420,3
34421,9
34422,6
34423,6
34424,0
34426,5
34429,3
34430,9
34433,9
34434,7
34436,2
34439,6
34441,0
34444,0
34445,9
34446,0
34447,2
34451,4
34452,5
34455,6
34456,3
34457,6
34458,3
34460,3
34461,4
34462,2
34465,9
34468,2
34469,4
34470,7
34471,5
34473,7
34477,0
34478,4
34481,0
34482,4
34483,9
34484,0
34492,6
34493,5
34494,6
34497,9
34498,0
34499,4
34500,4
34501,9
34506,2
34511,5
34515,9
34521,7
34522,6
34523,7
34526,6
34528,6
34533,5
34534,7
34537,4
34540,9
34542,0
34543,0
34545,9
34546,4
34554,7
34555,3
34557,7
34562,4
34563,7
34566,0
34567,0
34572,4
34573,0
34577,3
34579,6
34580,3
34582,2
34584,9
34585,5
34586,3
34589,7
34590,7
34593,2
34595,7
34602,0
34605,4
34606,9
34607,4
34612,3
34616,4
34617,7
34619,6
34620,7
34621,0
34622,3
34623,9
34625,3
34626,5
34627,0
34628,6
34629,0
34631,4
34635,9
34637,5
34638,6
34639,3
34643,9
34645,9
34649,5
34650,6
34653,9
34655,0
34656,6
34661,4
34663,6
34664,7
34665,6
34669,3
34670,9
34672,3
34674,4
34676,9
34679,4
34682,5
34684,7
34693,2
34695,7
34697,3
34699,7
34705,3
34706,4
34710,4
34712,4
34716,0
34724,7
34728,7
34730,3
34731,8
34733,2
34735,4
34736,7
34738,2
34739,6
34745,7
34748,3
34750,9
34751,5
34752,7
34753,5
34758,3
34759,3
34760,4
34763,0
34764,3
34765,7
34768,5
34772,7
34773,3
34775,0
34777,2
34778,2
34779,6
34781,0
34782,3
34784,0
34785,7
34786,4
34788,0
34794,3
34799,3
34801,4
34803,4
34804,6
34808,7
34812,9
34813,6
34823,4
34824,7
34827,4
34828,2
34835,5
34840,3
34847,0
34848,2
34851,3
34852,4
34856,0
34857,8
34859,6
34863,7
34864,2
34865,3
34867,3
34872,3
34873,4
34876,3
34878,0
34880,4
34882,6
34888,0
34890,6
34891,2
34895,4
34896,3
34898,7
34901,9
34903,4
34906,0
34908,7
34909,9
34910,4
34912,5
34913,9
34915,0
34921,4
34922,3
34924,2
34926,4
34929,6
34930,6
34931,3
34933,9
34934,7
34938,9
34943,0
34947,6
34948,7
34950,4
34952,5
34954,9
34957,6
34958,3
34960,8
34961,0
34962,0
34963,0
34965,7
34969,4
34973,0
34975,9
34978,4
34979,7
34980,5
34981,6
34983,9
34986,0
34991,6
34994,7
34998,6
34999,6
35007,6
35011,7
35013,0
35014,5
35018,5
35023,5
35024,2
35026,9
35027,4
35029,2
35031,3
35033,7
35034,4
35038,7
35039,0
35043,3
35045,0
35049,2
35054,7
35055,4
35056,6
35064,9
35066,9
35072,5
35073,4
35075,9
35076,3
35077,4
35079,4
35082,4
35084,3
35085,2
35086,4
35087,0
35088,2
35096,7
35098,6
35100,4
35108,3
35111,4
35116,0
35124,6
35125,3
35126,3
35128,6
35129,3
35132,9
35133,7
35134,4
35137,7
35138,0
35139,0
35140,9
35141,0
35142,8
35144,4
35145,4
35148,6
35155,5
35157,2
35159,9
35160,2
35161,6
35164,0
35170,4
35171,6
35172,7
35173,7
35174,4
35175,4
35179,0
35181,6
35182,3
35188,7
35193,5
35195,0
35197,7
35199,0
35200,3
35201,5
35202,4
35206,2
35208,9
35210,2
35211,6
35213,7
35214,9
35219,4
35220,5
35222,7
35224,2
35225,4
35228,6
35231,4
35232,9
35233,6
35234,5
35237,6
35238,6
35240,7
35243,7
35244,7
35245,8
35246,3
35248,9
35250,7
35252,2
35253,9
35254,3
35255,5
35260,9
35263,3
35265,3
35267,4
35269,4
35271,3
35283,5
35284,2
35285,4
35288,0
35291,6
35296,6
35300,7
35303,3
35304,4
35306,4
35310,4
35311,6
35315,6
35321,6
35323,4
35324,2
35325,5
35326,3
35329,7
35331,0
35332,4
35340,0
35341,4
35348,2
35349,2
35352,7
35353,3
35355,7
35356,6
35359,6
35361,9
35364,9
35369,0
35374,9
35375,4
35376,7
35383,7
35385,7
35389,5
35393,0
35396,7
35399,2
35400,9
35403,7
35404,5
35405,0
35408,4
35409,6
35413,7
35415,3
35417,7
35418,7
35421,7
35422,0
35424,7
35434,9
35438,4
35439,0
35441,0
35442,7
35445,7
35446,9
35447,4
35449,9
35453,9
35455,4
35458,5
35459,3
35461,4
35462,7
35466,4
35468,2
35469,7
35473,7
35477,5
35478,6
35480,6
35484,6
35486,4
35487,4
35488,4
35495,2
35501,7
35502,0
35503,6
35506,5
35507,0
35508,4
35512,4
35513,6
35520,5
35521,6
35528,6
35529,7
35535,4
35536,0
35540,4
35541,6
35542,9
35543,4
35546,6
35554,7
35558,0
35564,3
35569,4
35571,3
35573,0
35576,7
35578,9
35580,5
35581,9
35582,6
35584,5
35588,6
35593,3
35597,3
35603,2
35605,4
35606,0
35608,9
35609,9
35610,3
35612,6
35614,4
35615,4
35620,7
35621,3
35623,4
35624,4
35626,3
35627,8
35628,8
35630,9
35631,7
35635,5
35636,7
35640,4
35641,4
35643,6
35647,5
35648,5
35652,7
35653,7
35655,3
35659,4
35661,6
35662,6
35665,5
35668,5
35669,9
35670,3
35676,5
35681,9
35684,4
35685,6
35686,7
35687,0
35689,5
35690,7
35691,4
35693,2
35694,6
35696,6
35697,0
35701,0
35703,7
35707,3
35708,0
35709,9
35713,7
35716,4
35717,6
35718,9
35721,9
35725,0
35726,4
35731,5
35732,2
35735,0
35737,4
35740,6
35742,5
35743,4
35747,5
35749,6
35750,7
35751,6
35752,7
35754,3
35755,7
35758,6
35760,9
35763,4
35764,3
35767,3
35768,7
35769,7
35770,0
35771,4
35773,4
35774,6
35776,7
35779,7
35781,5
35782,2
35783,7
35787,3
35794,9
35796,2
35797,3
35798,6
35799,9
35802,5
35803,4
35806,5
35807,9
35810,0
35812,0
35813,6
35815,2
35817,7
35818,0
35819,0
35827,9
35829,6
35830,7
35831,7
35833,7
35834,7
35837,3
35840,7
35841,4
35843,9
35844,0
35845,7
35846,4
35855,4
35857,9
35858,5
35859,7
35862,6
35863,0
35865,3
35867,6
35868,4
35869,7
35870,5
35872,7
35873,5
35876,4
35878,7
35880,0
35884,2
35885,0
35886,3
35889,2
35891,7
35894,0
35896,7
35899,4
35900,9
35904,7
35907,0
35908,4
35913,7
35915,9
35916,7
35922,4
35925,3
35926,0
35927,2
35930,5
35932,5
35936,5
35937,3
35942,4
35946,4
35948,0
35949,5
35950,9
35952,2
35953,2
35955,4
35959,2
35962,6
35964,4
35965,0
35967,5
35969,9
35971,3
35974,4
35980,0
35983,2
35984,7
35986,2
35987,9
35990,5
35994,7
35995,3
35996,3
35997,7
36001,7
36002,3
36005,9
36010,4
36018,5
36020,9
36021,3
36023,8
36024,2
36027,6
36031,0
36034,4
36037,9
36040,0
36041,0
36042,3
36045,9
36050,6
36051,7
36053,3
36054,3
36058,4
36059,6
36060,5
36061,9
36063,9
36064,7
36068,3
36072,2
36077,4
36079,7
36083,4
36087,7
36090,6
36096,6
36097,0
36100,3
36101,7
36103,5
36106,6
36109,0
36112,0
36113,3
36114,3
36115,4
36116,9
36120,6
36122,7
36124,2
36126,7
36127,9
36129,6
36130,5
36134,4
36135,0
36136,4
36139,7
36142,9
36144,7
36146,5
36147,4
36158,7
36159,8
36161,9
36164,5
36166,4
36167,3
36168,4
36179,3
36180,5
36181,3
36182,9
36184,9
36186,7
36191,5
36192,2
36193,5
36197,6
36200,4
36202,9
36203,9
36210,3
36211,6
36212,7
36213,7
36216,9
36217,5
36223,7
36224,6
36227,0
36229,3
36231,2
36233,6
36236,4
36237,3
36242,0
36243,4
36244,7
36246,9
36249,3
36251,7
36252,4
36253,0
36257,6
36258,9
36262,0
36267,7
36268,5
36271,6
36275,9
36276,4
36280,7
36282,9
36288,4
36294,0
36298,9
36303,4
36306,7
36307,0
36308,4
36310,4
36311,6
36316,5
36317,7
36318,4
36319,2
36320,4
36322,9
36323,0
36324,4
36329,3
36330,4
36332,0
36334,5
36335,5
36337,9
36338,4
36339,4
36342,9
36343,7
36344,6
36345,4
36346,6
36348,3
36351,6
36353,9
36355,9
36357,7
36364,3
36367,9
36368,4
36371,7
36375,6
36377,5
36380,6
36381,3
36383,6
36384,7
36387,6
36388,9
36389,7
36391,9
36394,9
36396,3
36397,7
36404,5
36405,9
36410,7
36412,7
36413,6
36415,9
36422,0
36424,9
36426,5
36434,5
36435,7
36436,3
36438,2
36443,5
36446,2
36449,5
36450,9
36452,4
36454,7
36456,4
36458,3
36459,9
36460,9
36461,3
36462,5
36463,2
36464,6
36466,0
36472,5
36473,7
36476,6
36481,9
36482,4
36486,5
36487,3
36488,4
36491,3
36493,4
36494,7
36495,5
36496,4
36500,6
36501,6
36504,4
36514,4
36516,3
36517,6
36518,3
36522,9
36523,2
36526,7
36529,6
36530,2
36535,9
36537,3
36538,7
36540,5
36541,6
36545,7
36546,9
36550,9
36551,5
36552,7
36554,7
36556,2
36557,0
36561,4
36562,3
36565,9
36566,3
36569,6
36575,2
36577,7
36584,3
36586,9
36587,4
36588,9
36590,5
36591,0
36593,0
36594,4
36596,3
36599,7
36602,6
36621,4
36624,4
36625,9
36629,6
36632,3
36635,6
36637,7
36638,3
36642,3
36647,7
36650,0
36652,5
36653,9
36658,6
36661,0
36663,9
36664,2
36665,4
36666,9
36667,4
36668,0
36669,7
36675,4
36676,9
36677,4
36679,4
36682,5
36683,9
36684,7
36686,6
36687,4
36688,5
36689,7
36693,4
36694,4
36695,2
36697,5
36698,9
36700,5
36701,2
36705,5
36706,6
36711,7
36713,4
36717,4
36721,7
36725,7
36729,7
36735,5
36740,4
36743,3
36744,4
36746,5
36749,2
36750,7
36753,4
36757,6
36758,0
36760,6
36765,7
36766,4
36767,3
36769,4
36771,5
36772,4
36773,3
36774,9
36778,7
36779,7
36780,7
36781,0
36784,4
36785,6
36786,2
36787,0
36788,4
36789,5
36791,9
36792,9
36795,7
36800,6
36803,5
36808,4
36815,7
36816,6
36818,9
36820,9
36821,6
36824,9
36827,0
36829,5
36830,6
36837,3
36840,6
36841,6
36845,7
36846,0
36847,2
36856,5
36860,5
36861,7
36864,7
36867,4
36868,4
36869,7
36871,6
36873,5
36874,4
36879,4
36882,6
36884,3
36888,7
36890,3
36891,7
36892,0
36893,4
36894,4
36895,9
36899,4
36900,4
36902,4
36906,5
36908,6
36910,9
36911,5
36912,2
36915,0
36919,5
36922,0
36931,9
36933,9
36941,0
36944,9
36945,6
36949,2
36956,3
36960,7
36963,5
36967,7
36969,9
36970,3
36971,2
36973,3
36977,3
36978,0
36979,0
36980,4
36985,3
36993,3
36995,2
36996,4
37000,3
37001,7
37006,6
37008,9
37010,0
37012,2
37016,9
37017,0
37019,6
37021,3
37022,3
37024,4
37028,7
37031,6
37034,2
37035,7
37036,5
37037,6
37038,0
37040,0
37046,0
37047,3
37049,4
37051,6
37053,7
37054,7
37059,4
37060,9
37062,5
37063,5
37064,0
37067,7
37069,0
37070,9
37071,4
37072,2
37078,0
37084,8
37085,7
37090,5
37092,0
37093,9
37096,5
37098,9
37099,5
37101,7
37102,2
37104,6
37107,7
37109,7
37110,3
37112,5
37119,8
37121,4
37123,7
37125,5
37126,9
37131,7
37137,0
37138,5
37142,5
37144,4
37145,2
37148,7
37155,9
37159,4
37162,7
37165,6
37169,5
37171,3
37173,9
37174,7
37176,7
37178,4
37179,5
37183,6
37184,3
37185,6
37187,3
37194,5
37199,6
37202,9
37210,6
37212,7
37214,2
37218,0
37221,0
37223,4
37225,0
37227,0
37229,4
37231,4
37232,4
37233,0
37234,9
37237,9
37239,5
37242,8
37247,9
37248,6
37249,9
37252,4
37253,4
37259,3
37261,7
37263,3
37264,0
37267,3
37269,7
37270,9
37271,4
37282,4
37283,9
37286,5
37288,9
37291,4
37292,9
37294,3
37295,6
37296,2
37297,7
37298,9
37300,5
37303,4
37305,6
37308,9
37310,4
37311,5
37316,0
37317,4
37320,9
37325,2
37327,6
37329,7
37333,9
37334,9
37335,7
37336,3
37342,5
37343,9
37344,2
37348,5
37351,9
37352,9
37356,6
37357,6
37362,4
37363,7
37365,2
37367,7
37368,4
37373,7
37379,6
37380,5
37381,2
37389,3
37390,0
37393,7
37395,9
37396,4
37401,5
37402,7
37403,9
37404,7
37408,3
37409,7
37411,7
37416,2
37417,5
37418,5
37421,4
37422,4
37433,7
37434,4
37436,4
37437,9
37438,4
37443,3
37447,6
37448,0
37449,7
37451,0
37454,8
37455,5
37457,9
37458,6
37463,7
37465,7
37466,3
37469,8
37477,4
37479,0
37480,0
37481,7
37489,0
37495,3
37496,7
37498,9
37504,4
37505,7
37507,9
37511,5
37512,6
37514,9
37517,0
37522,0
37523,2
37527,6
37529,9
37534,9
37536,5
37537,7
37538,6
37539,4
37540,9
37542,7
37543,3
37545,3
37547,9
37548,9
37550,0
37555,0
37556,6
37558,3
37561,7
37565,2
37568,6
37570,9
37576,3
37581,3
37582,5
37583,5
37585,2
37587,4
37590,5
37592,7
37593,6
37595,7
37596,5
37599,2
37600,0
37602,6
37604,9
37607,4
37611,7
37613,2
37614,6
37615,9
37616,7
37622,6
37625,5
37627,9
37628,7
37630,7
37635,6
37636,4
37638,3
37642,3
37643,3
37646,4
37647,3
37651,3
37652,6
37656,7
37658,7
37660,4
37662,0
37665,0
37667,6
37670,4
37673,5
37674,7
37680,5
37681,6
37687,9
37688,0
37693,7
37695,5
37697,9
37698,4
37699,9
37701,9
37704,3
37705,4
37709,2
37710,2
37711,4
37715,6
37717,6
37719,5
37720,0
37721,9
37724,7
37730,3
37733,6
37741,7
37743,7
37748,9
37750,5
37753,6
37754,4
37755,6
37756,5
37758,6
37761,3
37765,4
37772,4
37779,7
37782,9
37783,6
37784,3
37790,6
37794,7
37795,7
37797,6
37800,4
37801,3
37803,0
37804,4
37805,0
37812,9
37813,9
37815,7
37816,3
37819,7
37820,4
37822,4
37824,0
37827,4
37828,5
37830,0
37831,5
37833,6
37834,6
37836,2
37839,7
37840,2
37842,6
37845,4
37847,0
37851,4
37852,9
37853,7
37858,7
37859,7
37860,7
37864,5
37871,5
37872,4
37876,9
37878,0
37887,4
37888,0
37890,4
37891,5
37893,5
37894,0
37896,7
37900,0
37901,0
37902,9
37903,7
37904,6
37905,6
37907,7
37908,4
37910,6
37911,0
37914,7
37918,7
37919,4
37923,0
37925,4
37932,9
37936,7
37942,5
37950,9
37951,4
37953,7
37954,4
37958,9
37964,9
37965,7
37966,5
37970,6
37972,7
37974,8
37975,7
37976,8
37977,3
37978,4
37979,6
37982,9
37985,7
37986,3
37989,3
37991,5
37992,6
37994,2
37996,0
37997,4
37998,7
37999,6
38005,5
38009,7
38010,9
38011,9
38012,9
38021,0
38023,3
38027,0
38029,2
38033,0
38035,9
38042,9
38043,0
38045,4
38046,7
38047,0
38049,9
38051,6
38052,6
38053,7
38056,7
38059,3
38061,7
38065,3
38068,0
38072,6
38073,4
38075,9
38076,3
38078,5
38079,6
38081,4
38083,8
38086,2
38089,4
38092,0
38095,6
38096,7
38097,0
38098,4
38100,7
38101,3
38103,3
38105,7
38109,9
38110,7
38112,9
38113,4
38116,0
38117,4
38118,9
38119,3
38120,4
38121,7
38124,7
38125,4
38126,6
38127,7
38128,4
38137,5
38139,7
38140,5
38144,9
38146,4
38148,8
38150,4
38153,7
38156,2
38157,9
38158,6
38161,0
38162,9
38163,0
38165,3
38166,4
38168,5
38169,6
38171,6
38175,6
38177,0
38178,9
38189,5
38191,7
38193,6
38196,6
38199,7
38200,3
38204,9
38206,3
38211,2
38213,3
38218,5
38219,3
38221,0
38227,0
38236,5
38238,2
38241,0
38243,0
38244,9
38246,5
38249,5
38252,0
38254,6
38256,5
38257,6
38260,6
38262,0
38263,7
38265,6
38267,5
38271,3
38272,4
38275,7
38276,9
38282,0
38284,4
38286,6
38290,3
38291,3
38292,4
38293,6
38296,9
38297,6
38303,4
38306,4
38309,7
38311,3
38312,0
38315,9
38316,0
38319,9
38320,9
38322,0
38323,3
38324,9
38326,6
38331,2
38332,7
38335,4
38338,4
38339,8
38342,3
38346,4
38347,6
38349,4
38356,6
38358,7
38361,7
38362,7
38366,4
38367,9
38372,9
38373,6
38376,5
38377,7
38382,9
38383,7
38384,9
38389,7
38392,9
38396,7
38397,7
38399,7
38402,4
38406,5
38413,7
38416,9
38417,4
38420,5
38421,7
38422,4
38423,3
38427,2
38430,0
38431,5
38435,5
38437,4
38438,7
38440,7
38442,5
38446,4
38447,3
38449,7
38456,4
38457,7
38458,9
38461,4
38462,4
38463,7
38465,7
38467,7
38470,0
38471,0
38472,6
38473,9
38479,7
38480,6
38486,4
38487,4
38488,5
38494,2
38495,6
38496,7
38500,7
38501,9
38503,2
38505,4
38509,9
38510,6
38513,2
38515,5
38518,4
38521,2
38524,9
38526,4
38531,4
38532,9
38533,7
38542,4
38550,2
38551,3
38553,4
38556,3
38558,3
38563,4
38567,0
38569,3
38574,0
38576,3
38578,7
38579,4
38580,7
38583,9
38584,7
38585,5
38586,7
38589,5
38591,9
38592,3
38594,4
38595,7
38596,0
38597,6
38598,0
38599,9
38600,2
38607,7
38608,4
38609,3
38611,9
38613,0
38614,2
38617,6
38619,4
38622,0
38623,4
38624,4
38627,6
38630,9
38632,6
38636,0
38637,7
38640,6
38641,0
38642,0
38643,4
38644,3
38649,0
38650,9
38656,3
38657,9
38658,6
38659,7
38662,6
38663,2
38664,7
38665,7
38666,7
38667,4
38673,6
38674,3
38676,0
38679,4
38680,9
38681,7
38683,7
38685,6
38686,3
38689,7
38701,6
38703,2
38705,7
38710,5
38711,3
38713,0
38717,0
38719,0
38723,2
38726,3
38727,4
38728,7
38730,4
38739,7
38740,8
38744,7
38745,9
38747,0
38748,5
38749,6
38751,5
38752,7
38758,4
38759,9
38761,7
38762,0
38763,4
38770,0
38771,0
38773,7
38775,7
38778,7
38779,7
38784,2
38785,7
38789,7
38791,0
38792,7
38796,5
38799,4
38801,2
38808,3
38809,7
38811,3
38813,7
38814,8
38815,2
38816,9
38817,5
38818,4
38819,8
38824,3
38825,9
38827,4
38832,6
38839,4
38847,9
38849,7
38851,4
38852,0
38856,5
38858,9
38861,9
38862,5
38863,6
38864,9
38866,3
38867,5
38872,3
38873,5
38877,4
38881,4
38886,0
38888,6
38891,4
38895,4
38898,9
38903,9
38905,4
38908,4
38909,0
38910,9
38912,3
38913,9
38921,5
38925,7
38928,4
38934,6
38937,7
38938,7
38939,6
38944,0
38945,0
38947,2
38950,9
38951,5
38953,9
38954,3
38955,6
38956,4
38958,2
38961,3
38966,0
38969,6
38971,4
38974,9
38977,7
38978,3
38983,6
38984,6
38988,2
38995,2
38996,9
38997,0
39003,7
39005,4
39007,6
39010,7
39015,7
39017,2
39019,7
39021,3
39023,4
39025,4
39026,7
39029,4
39031,7
39034,6
39035,0
39037,6
39038,2
39040,4
39041,5
39043,5
39049,7
39050,7
39051,4
39053,7
39054,7
39057,7
39058,9
39064,0
39065,0
39068,7
39070,4
39077,4
39078,7
39081,6
39082,6
39083,0
39085,0
39089,9
39091,3
39100,8
39102,8
39106,0
39109,7
39110,3
39112,9
39115,3
39117,9
39119,7
39120,8
39125,9
39127,7
39128,9
39129,7
39130,7
39131,0
39133,4
39137,0
39138,4
39141,9
39142,0
39143,6
39148,7
39150,6
39153,2
39154,7
39156,4
39159,7
39166,2
39167,9
39170,0
39172,9
39174,7
39175,7
39177,4
39182,9
39183,5
39186,7
39188,9
39191,6
39195,4
39199,6
39201,5
39206,7
39207,7
39217,4
39219,6
39221,9
39222,5
39226,6
39229,6
39231,3
39233,4
39238,9
39239,5
39242,7
39243,7
39244,7
39245,6
39247,3
39254,5
39256,7
39259,4
39260,7
39261,7
39262,9
39263,4
39266,5
39267,7
39270,5
39271,6
39273,0
39275,4
39276,5
39279,6
39282,2
39284,9
39293,0
39294,9
39302,7
39303,6
39305,5
39306,0
39308,4
39311,6
39313,5
39314,3
39315,9
39316,0
39321,4
39322,9
39323,9
39325,7
39326,9
39331,6
39334,5
39335,3
39338,5
39341,3
39342,0
39343,9
39344,2
39348,9
39349,7
39351,0
39352,7
39353,4
39354,2
39355,9
39358,6
39359,4
39360,4
39364,3
39365,5
39366,2
39368,9
39380,7
39382,0
39383,2
39387,3
39388,6
39389,0
39391,9
39392,6
39395,4
39397,4
39399,3
39401,7
39406,7
39411,9
39412,7
39413,3
39414,4
39416,9
39417,9
39419,7
39423,4
39429,9
39436,2
39438,3
39440,9
39441,3
39442,4
39444,6
39449,4
39450,3
39451,0
39452,4
39453,9
39457,2
39459,7
39460,9
39462,3
39463,5
39464,9
39465,0
39468,5
39474,4
39478,4
39479,6
39487,0
39489,7
39490,4
39494,6
39498,9
39499,4
39505,2
39506,2
39507,9
39508,9
39509,7
39514,9
39515,7
39518,0
39521,3
39522,5
39524,0
39525,4
39528,6
39531,7
39534,9
39535,8
39536,3
39537,0
39538,6
39539,7
39542,6
39544,7
39547,6
39551,4
39555,2
39556,0
39560,7
39561,3
39563,4
39567,9
39568,8
39569,6
39571,9
39573,3
39578,9
39582,7
39585,6
39587,6
39589,3
39594,0
39595,6
39596,0
39599,9
39600,6
39601,4
39606,9
39608,6
39609,4
39611,5
39612,5
39613,7
39614,7
39615,6
39618,7
39620,0
39624,6
39626,7
39627,4
39628,4
39633,2
39634,5
39635,0
39636,2
39637,0
39638,9
39640,7
39642,7
39643,6
39645,4
39646,9
39647,0
39648,7
39649,7
39650,3
39651,4
39659,0
39660,0
39662,7
39664,7
39673,9
39674,3
39678,4
39679,7
39682,9
39683,3
39686,0
39687,5
39688,4
39690,6
39691,7
39693,5
39694,7
39699,6
39700,9
39701,3
39705,3
39706,4
39707,7
39710,3
39718,8
39719,4
39721,4
39723,2
39724,5
39726,5
39727,0
39732,9
39736,9
39743,6
39744,4
39747,9
39748,7
39751,3
39753,9
39758,3
39760,7
39761,4
39762,4
39769,9
39770,9
39771,4
39772,3
39773,0
39775,7
39776,0
39779,9
39781,3
39786,4
39791,3
39800,4
39804,7
39805,4
39807,5
39809,5
39816,0
39818,4
39819,0
39820,5
39821,9
39822,7
39823,6
39826,9
39828,4
39829,0
39832,7
39833,4
39834,7
39835,2
39841,4
39842,9
39847,7
39848,7
39853,4
39857,9
39859,4
39861,7
39862,7
39868,3
39869,4
39874,7
39875,5
39878,9
39879,0
39880,6
39881,6
39883,2
39885,7
39886,7
39887,3
39889,4
39891,7
39892,7
39896,2
39900,9
39901,5
39909,7
39914,9
39915,4
39916,6
39918,9
39919,0
39920,3
39923,7
39927,0
39929,7
39931,7
39933,7
39934,3
39935,6
39937,2
39938,6
39939,4
39944,3
39946,6
39947,7
39950,4
39951,7
39952,6
39953,5
39957,4
39958,3
39964,0
39970,4
39971,9
39972,5
39973,7
39976,7
39977,7
39979,9
39981,0
39982,4
39983,9
39987,6
39988,3
39993,9
39996,7
39997,6
40000,5
40004,7
40007,6
40010,6
40012,4
40014,0
40016,5
40017,4
40019,6
40021,7
40025,7
40026,3
40031,7
40035,2
40037,9
40039,3
40040,0
40042,9
40044,5
40045,6
40046,8
40047,4
40050,4
40051,2
40053,0
40055,4
40057,4
40059,2
40062,6
40064,9
40065,3
40067,4
40069,0
40071,9
40073,0
40074,6
40076,7
40081,7
40082,9
40088,9
40092,4
40094,3
40095,6
40096,9
40097,9
40098,4
40102,5
40107,6
40113,3
40118,9
40119,0
40122,4
40123,7
40124,6
40125,0
40127,2
40130,4
40137,0
40139,0
40141,0
40142,4
40144,6
40147,5
40149,6
40150,4
40151,9
40153,6
40154,3
40155,7
40156,3
40157,4
40159,7
40160,7
40162,7
40165,7
40167,7
40168,4
40170,7
40174,4
40176,2
40179,3
40180,3
40181,7
40184,0
40186,0
40187,7
40188,3
40191,0
40195,2
40196,4
40201,3
40204,4
40205,9
40213,7
40216,4
40217,4
40218,3
40223,7
40227,7
40228,6
40231,2
40233,6
40234,5
40236,6
40240,6
40242,6
40250,6
40256,6
40258,9
40260,8
40263,5
40265,2
40272,9
40274,3
40277,0
40282,8
40292,5
40293,6
40295,4
40299,5
40300,9
40302,7
40304,9
40305,0
40307,0
40308,0
40309,3
40310,5
40313,7
40315,7
40316,7
40317,9
40318,9
40320,7
40321,0
40324,4
40327,0
40334,8
40336,0
40338,0
40344,6
40345,7
40347,5
40349,7
40351,6
40357,6
40362,4
40363,5
40369,7
40371,2
40376,7
40378,5
40379,2
40380,7
40381,0
40385,4
40387,9
40388,9
40389,7
40390,2
40391,0
40393,4
40400,7
40402,4
40404,5
40405,9
40407,9
40409,7
40411,6
40413,7
40414,7
40417,3
40418,6
40419,3
40420,9
40422,5
40424,3
40426,4
40427,0
40430,0
40433,9
40438,2
40440,4
40446,0
40449,4
40450,7
40452,5
40454,5
40455,9
40456,9
40457,0
40458,4
40463,4
40464,4
40468,4
40469,4
40470,6
40474,2
40476,0
40479,6
40483,5
40485,0
40488,3
40491,8
40499,5
40500,9
40502,4
40503,4
40506,0
40510,7
40511,4
40512,0
40514,3
40515,7
40516,0
40520,5
40522,7
40525,7
40526,2
40527,2
40528,2
40529,5
40533,5
40536,2
40537,7
40538,9
40542,2
40546,9
40547,6
40551,6
40553,3
40554,4
40557,9
40559,9
40560,7
40563,9
40566,9
40572,7
40576,8
40577,9
40578,9
40582,3
40586,4
40590,5
40594,5
40597,0
40598,6
40600,9
40602,9
40605,4
40606,0
40610,9
40616,2
40618,2
40621,7
40622,7
40623,4
40625,4
40626,6
40629,7
40630,6
40631,2
40634,7
40635,7
40636,7
40637,7
40640,7
40644,3
40645,3
40648,6
40649,3
40650,3
40656,3
40658,6
40660,4
40661,3
40662,9
40663,3
40665,0
40669,7
40670,3
40672,9
40673,0
40674,7
40675,0
40680,8
40681,0
40683,0
40684,4
40686,4
40687,0
40690,9
40693,6
40696,7
40701,4
40703,9
40704,3
40705,7
40708,0
40710,4
40713,4
40714,9
40717,3
40718,2
40719,3
40721,4
40722,4
40724,0
40725,4
40726,0
40727,3
40728,0
40729,6
40730,3
40731,4
40732,5
40738,5
40742,4
40745,6
40749,2
40751,5
40756,9
40757,3
40758,6
40764,3
40768,4
40769,3
40770,7
40774,7
40777,9
40781,3
40784,9
40787,7
40789,6
40790,5
40797,0
40798,6
40799,6
40800,5
40801,0
40803,2
40810,7
40811,7
40812,3
40813,7
40814,3
40817,6
40819,0
40820,5
40821,4
40822,7
40823,2
40826,0
40827,7
40828,7
40829,4
40830,2
40831,5
40833,6
40834,4
40835,7
40839,7
40843,3
40848,4
40849,4
40850,0
40851,4
40852,5
40853,4
40855,3
40859,6
40861,9
40862,3
40863,9
40864,4
40867,5
40872,3
40874,9
40876,9
40877,4
40878,4
40882,0
40883,0
40884,4
40890,4
40891,7
40895,5
40896,0
40902,4
40903,4
40909,6
40910,5
40912,4
40913,7
40914,4
40918,7
40922,0
40923,2
40925,2
40939,7
40940,9
40942,0
40947,9
40948,3
40952,5
40953,5
40957,7
40958,4
40959,2
40960,3
40962,9
40963,2
40965,4
40967,3
40969,6
40970,6
40972,0
40983,0
40986,0
40991,9
40994,5
40998,5
41003,4
41006,9
41009,6
41011,3
41015,7
41018,5
41020,6
41021,7
41022,7
41025,4
41026,0
41029,6
41030,9
41032,0
41039,0
41042,9
41043,7
41045,9
41047,4
41053,9
41054,5
41056,7
41057,5
41059,2
41067,6
41068,4
41071,5
41072,3
41078,4
41079,2
41082,6
41083,3
41089,6
41091,3
41095,5
41098,9
41111,9
41112,3
41114,9
41120,2
41121,6
41123,0
41124,7
41125,0
41128,2
41130,3
41133,5
41134,6
41136,9
41137,4
41138,4
41140,9
41141,7
41142,7
41144,9
41148,7
41151,5
41156,9
41160,6
41161,4
41162,0
41164,4
41165,9
41166,6
41167,4
41168,9
41173,6
41176,9
41179,7
41181,4
41183,6
41184,9
41185,7
41187,3
41189,7
41191,0
41192,5
41197,2
41198,0
41199,5
41200,0
41201,9
41202,3
41203,9
41204,5
41205,0
41206,4
41208,4
41209,0
41211,9
41214,0
41215,4
41219,6
41220,6
41221,7
41223,4
41224,7
41228,6
41231,0
41234,7
41239,5
41240,9
41243,9
41248,9
41249,4
41251,7
41255,9
41264,5
41265,5
41266,5
41267,4
41270,6
41271,6
41273,3
41274,9
41278,2
41282,6
41284,6
41287,0
41290,4
41294,5
41296,3
41299,2
41302,4
41304,4
41306,9
41307,9
41317,2
41318,7
41319,4
41321,3
41326,4
41327,9
41328,6
41329,6
41332,3
41333,4
41338,7
41341,0
41344,9
41345,3
41350,7
41353,7
41355,4
41360,2
41361,9
41366,0
41370,0
41371,5
41372,4
41375,3
41377,0
41378,6
41380,4
41381,9
41382,9
41383,6
41384,5
41388,7
41392,0
41393,7
41396,7
41397,9
41398,0
41399,9
41400,5
41402,6
41405,4
41409,0
41410,3
41412,7
41413,0
41414,3
41418,0
41420,3
41424,3
41425,7
41427,3
41429,0
41431,0
41434,5
41436,4
41439,6
41441,5
41442,2
41445,3
41446,8
41447,7
41451,3
41452,9
41456,5
41462,0
41463,6
41464,0
41465,3
41466,4
41467,6
41470,4
41471,8
41473,5
41474,7
41476,7
41479,0
41482,3
41483,4
41486,2
41487,0
41490,3
41491,9
41492,6
41494,2
41495,0
41496,0
41499,6
41502,7
41503,9
41504,9
41505,0
41507,6
41511,0
41515,7
41517,7
41520,5
41523,7
41524,5
41525,4
41526,7
41527,5
41529,5
41534,0
41537,6
41538,6
41539,9
41540,3
41542,0
41546,0
41547,9
41549,9
41550,0
41553,4
41557,6
41563,4
41569,4
41570,7
41576,5
41577,4
41580,7
41581,9
41587,3
41588,5
41590,6
41591,3
41595,9
41596,9
41597,6
41599,3
41605,7
41606,0
41609,4
41610,4
41612,4
41615,7
41617,5
41618,7
41621,6
41622,9
41627,3
41633,7
41637,4
41638,0
41639,6
41640,4
41641,7
41642,9
41646,9
41659,6
41662,0
41665,9
41669,7
41670,7
41681,0
41684,5
41685,2
41687,3
41690,9
41691,6
41692,8
41693,9
41694,9
41697,4
41698,9
41699,9
41700,2
41703,4
41713,5
41714,3
41717,6
41718,0
41719,0
41720,2
41725,7
41727,4
41729,6
41730,4
41731,6
41732,0
41733,6
41735,9
41737,2
41738,7
41743,5
41744,2
41751,2
41754,7
41756,0
41758,3
41759,6
41761,6
41762,3
41763,6
41765,6
41766,4
41776,7
41779,7
41780,4
41783,0
41784,6
41787,7
41788,2
41789,0
41791,8
41792,6
41796,5
41797,9
41798,7
41800,9
41804,7
41806,5
41807,0
41808,7
41809,6
41810,2
41813,4
41816,2
41820,9
41827,9
41830,7
41836,2
41837,2
41838,0
41839,2
41840,7
41841,0
41844,0
41846,9
41847,7
41850,9
41851,0
41857,6
41859,3
41861,4
41865,6
41866,7
41867,0
41868,3
41870,4
41871,6
41878,3
41880,6
41882,3
41883,4
41884,3
41885,4
41887,5
41888,7
41889,7
41892,9
41893,5
41894,6
41904,9
41906,9
41907,4
41909,0
41916,5
41918,2
41919,5
41920,4
41922,6
41925,7
41927,7
41931,5
41933,4
41934,9
41936,6
41938,3
41939,7
41944,5
41945,5
41947,7
41948,5
41951,9
41956,3
41959,5
41961,9
41963,4
41964,3
41965,0
41967,7
41968,6
41975,8
41978,7
41981,9
41982,9
41992,0
41993,0
41997,9
41998,3
42000,3
42002,8
42005,9
42011,6
42012,5
42013,4
42015,9
42017,0
42018,7
42019,0
42020,5
42025,6
42027,4
42030,6
42032,7
42038,4
42040,2
42041,0
42042,0
42043,9
42045,9
42047,9
42048,7
42051,7
42053,9
42055,5
42056,4
42058,5
42060,9
42062,4
42063,0
42064,6
42067,5
42072,5
42073,9
42075,5
42077,2
42082,2
42086,4
42087,3
42090,4
42092,0
42094,2
42095,4
42096,5
42102,9
42105,4
42106,5
42108,6
42109,6
42110,3
42111,7
42112,6
42114,4
42118,4
42120,3
42123,7
42124,5
42127,9
42128,7
42129,4
42131,5
42133,4
42134,9
42138,9
42139,4
42140,5
42141,9
42142,3
42144,6
42147,5
42148,6
42149,7
42153,7
42156,6
42157,7
42159,4
42163,8
42166,6
42169,5
42170,6
42176,4
42178,7
42180,7
42181,2
42182,5
42183,7
42184,4
42186,6
42188,7
42189,2
42190,0
42197,9
42200,7
42204,4
42216,4
42218,7
42220,4
42221,7
42226,4
42231,4
42233,5
42237,7
42240,5
42242,0
42243,5
42247,4
42248,0
42253,9
42255,7
42257,3
42258,5
42260,9
42268,4
42269,4
42271,4
42273,9
42276,0
42277,0
42278,7
42280,4
42283,9
42288,7
42289,3
42290,4
42292,4
42295,6
42296,9
42300,5
42301,7
42303,0
42304,9
42306,9
42310,2
42311,0
42318,4
42319,4
42320,0
42321,3
42325,6
42329,5
42336,3
42339,7
42340,0
42342,9
42344,4
42345,6
42346,4
42348,7
42354,7
42360,4
42362,4
42364,6
42365,5
42366,7
42367,3
42370,0
42372,7
42373,4
42375,3
42377,4
42378,4
42382,6
42384,9
42385,3
42386,9
42387,0
42388,7
42392,0
42394,5
42395,3
42396,0
42404,9
42405,2
42409,6
42410,7
42411,4
42412,0
42416,4
42417,7
42418,0
42420,6
42422,6
42424,7
42426,2
42428,4
42429,7
42431,7
42432,6
42433,7
42434,2
42435,4
42436,0
42438,4
42439,8
42444,7
42445,7
42446,7
42452,5
42455,9
42459,7
42460,0
42462,5
42464,3
42465,0
42468,4
42478,4
42480,4
42484,4
42485,0
42487,4
42489,7
42490,4
42491,8
42494,4
42495,5
42496,7
42497,5
42498,4
42501,4
42504,9
42507,2
42508,6
42509,2
42510,0
42511,7
42512,9
42516,9
42517,5
42520,3
42526,0
42528,0
42529,3
42533,4
42534,3
42536,6
42537,4
42539,5
42540,7
42541,5
42542,5
42546,7
42549,5
42553,7
42555,6
42560,4
42561,7
42562,7
42564,9
42565,6
42569,3
42572,9
42575,7
42578,0
42579,7
42581,2
42584,5
42585,5
42587,3
42589,7
42590,0
42594,4
42595,7
42603,3
42604,3
42607,3
42608,6
42610,4
42612,0
42613,0
42618,7
42619,6
42620,5
42621,3
42622,3
42623,4
42625,0
42631,4
42633,6
42638,2
42644,3
42645,6
42647,4
42648,9
42650,9
42652,4
42653,0
42659,0
42660,6
42663,4
42665,4
42670,7
42672,0
42673,4
42674,6
42677,5
42679,9
42680,9
42681,0
42685,3
42686,5
42689,4
42695,5
42697,4
42698,9
42703,4
42704,5
42706,9
42707,4
42708,3
42709,7
42710,3
42713,0
42715,9
42718,4
42720,7
42722,7
42724,0
42725,4
42727,4
42728,4
42729,2
42730,4
42731,7
42732,7
42738,0
42741,7
42744,5
42751,3
42753,3
42754,9
42755,4
42756,4
42757,6
42760,6
42761,0
42763,3
42765,7
42767,5
42770,9
42772,7
42773,4
42774,9
42776,4
42777,5
42781,4
42782,5
42783,6
42787,7
42796,2
42798,9
42805,4
42807,3
42808,0
42809,0
42814,0
42816,6
42819,3
42820,6
42824,9
42825,2
42829,7
42830,9
42832,5
42834,4
42838,0
42841,7
42842,6
42845,9
42846,4
42847,4
42848,0
42852,9
42858,3
42861,0
42865,3
42866,2
42870,0
42874,5
42877,0
42878,0
42880,7
42883,0
42884,6
42885,5
42889,9
42890,4
42892,6
42896,4
42900,7
42901,7
42902,0
42904,9
42906,6
42909,9
42911,7
42912,7
42927,5
42929,4
42931,0
42932,7
42935,9
42936,2
42937,0
42939,0
42941,5
42942,6
42943,4
42944,7
42946,4
42949,9
42950,7
42951,9
42960,5
42962,6
42965,0
42971,4
42974,9
42978,7
42982,5
42984,9
42985,5
42989,5
42993,4
42999,5
43003,3
43008,3
43009,7
43011,6
43015,7
43016,9
43017,2
43018,7
43019,2
43020,0
43021,6
43023,5
43024,9
43026,4
43028,9
43029,7
43030,3
43032,9
43035,7
43036,6
43041,9
43042,2
43045,4
43047,4
43048,0
43054,4
43056,7
43060,9
43068,4
43070,9
43075,9
43078,4
43079,5
43080,5
43082,3
43084,9
43086,3
43088,4
43090,4
43091,4
43097,3
43100,3
43101,7
43104,0
43106,7
43109,6
43111,4
43112,3
43113,6
43115,7
43120,0
43121,5
43129,5
43131,6
43134,3
43137,5
43140,0
43141,7
43143,4
43150,0
43151,9
43153,5
43156,6
43157,2
43162,6
43163,3
43164,9
43167,4
43168,2
43170,6
43171,4
43173,6
43175,4
43176,7
43177,7
43184,9
43185,4
43188,7
43189,2
43190,4
43192,7
43194,4
43195,7
43196,6
43197,4
43198,6
43199,9
43201,3
43206,7
43207,2
43209,4
43210,4
43212,4
43213,7
43214,7
43215,6
43219,9
43222,7
43223,0
43225,3
43229,4
43230,3
43232,6
43233,4
43234,2
43237,3
43242,0
43244,7
43245,7
43247,4
43248,0
43249,4
43250,4
43251,3
43252,4
43253,3
43254,0
43255,3
43261,4
43263,7
43265,5
43269,4
43271,2
43273,9
43274,4
43277,5
43279,4
43280,5
43283,7
43285,4
43286,8
43287,6
43291,6
43294,0
43295,7
43296,4
43297,9
43300,4
43308,5
43309,8
43311,0
43315,0
43316,8
43319,4
43322,0
43323,2
43327,7
43331,9
43333,3
43346,0
43347,0
43348,4
43350,9
43352,9
43353,0
43354,9
43356,8
43358,7
43364,4
43369,7
43372,9
43373,5
43374,0
43376,5
43382,4
43389,6
43391,0
43392,5
43393,2
43394,9
43395,6
43396,9
43398,4
43403,7
43404,2
43406,7
43407,6
43408,4
43409,3
43412,9
43413,4
43415,2
43417,0
43419,3
43421,7
43422,7
43423,2
43424,7
43425,6
43426,5
43429,6
43432,0
43437,9
43438,5
43441,3
43446,3
43448,9
43449,9
43450,4
43451,3
43454,3
43456,2
43459,2
43465,4
43466,6
43467,4
43468,7
43471,7
43475,4
43476,4
43478,0
43480,5
43483,5
43491,6
43494,4
43497,5
43498,7
43499,6
43502,2
43504,9
43505,3
43507,9
43508,2
43509,6
43511,4
43515,9
43516,2
43522,0
43523,4
43524,4
43531,4
43534,3
43535,9
43537,4
43538,3
43543,2
43544,7
43548,9
43551,5
43552,9
43554,7
43555,6
43558,7
43559,0
43560,6
43561,3
43564,6
43567,2
43568,7
43569,5
43571,5
43574,3
43579,9
43584,9
43587,7
43589,7
43590,4
43592,4
43594,3
43596,3
43597,3
43598,2
43600,7
43603,5
43604,6
43605,9
43607,2
43608,4
43610,4
43612,4
43614,0
43616,7
43619,4
43621,3
43624,0
43625,4
43626,3
43627,7
43628,4
43631,6
43634,4
43636,7
43638,4
43641,0
43643,9
43644,3
43648,9
43650,5
43652,9
43656,9
43657,6
43658,3
43659,5
43661,7
43664,7
43666,2
43670,5
43671,3
43674,6
43676,0
43681,4
43684,0
43685,5
43689,9
43692,3
43693,0
43694,4
43695,2
43698,2
43703,0
43704,0
43707,4
43710,5
43711,2
43714,7
43715,0
43716,4
43718,4
43721,5
43723,5
43729,5
43730,4
43732,3
43735,5
43736,4
43737,0
43739,6
43740,7
43751,6
43753,9
43765,5
43767,4
43768,9
43771,0
43772,7
43773,7
43774,7
43775,4
43778,7
43781,5
43786,5
43788,7
43789,3
43793,9
43794,6
43795,6
43801,6
43802,6
43803,7
43804,3
43805,3
43806,4
43807,3
43809,9
43810,0
43811,2
43812,7
43813,0
43814,4
43815,4
43816,6
43817,4
43819,4
43821,4
43824,5
43825,6
43829,0
43830,5
43833,3
43836,7
43838,0
43839,4
43842,9
43847,6
43850,5
43851,7
43852,4
43854,4
43858,0
43859,4
43860,0
43861,6
43862,7
43863,5
43865,9
43867,7
43868,6
43869,2
43873,5
43877,4
43878,7
43879,6
43880,5
43882,7
43883,7
43886,9
43887,0
43888,9
43889,5
43894,0
43898,4
43899,5
43903,4
43906,4
43908,6
43911,3
43912,5
43913,5
43915,6
43916,7
43917,0
43918,5
43925,7
43929,2
43930,4
43931,5
43932,3
43934,4
43935,9
43936,4
43938,7
43940,6
43942,6
43943,7
43944,4
43949,3
43950,7
43951,0
43954,2
43955,6
43956,9
43961,7
43962,2
43963,0
43964,4
43965,7
43966,4
43967,4
43968,3
43969,4
43970,2
43972,6
43974,2
43976,6
43977,7
43981,0
43982,0
43985,7
43986,7
43987,0
43989,0
43990,4
43994,4
43995,0
43996,3
43999,7
44002,0
44004,2
44007,0
44009,0
44011,7
44013,9
44014,9
44015,3
44021,9
44023,4
44025,3
44034,2
44035,2
44038,2
44039,6
44040,3
44041,0
44044,5
44046,4
44049,8
44050,7
44053,5
44056,7
44059,3
44060,7
44063,7
44065,0
44066,7
44071,6
44080,7
44081,4
44083,7
44085,9
44086,9
44088,0
44090,7
44093,6
44095,3
44097,9
44099,2
44101,0
44102,4
44104,7
44107,0
44109,4
44113,2
44115,7
44123,9
44124,6
44127,7
44131,4
44135,7
44137,7
44138,9
44140,3
44141,0
44144,8
44145,9
44147,3
44150,2
44154,5
44156,0
44158,0
44163,6
44164,4
44165,6
44166,0
44167,6
44168,3
44170,6
44176,4
44177,3
44179,9
44180,9
44181,0
44182,9
44183,4
44186,5
44188,9
44190,9
44191,3
44192,7
44194,7
44197,7
44199,5
44200,0
44203,2
44205,6
44211,8
44213,9
44214,5
44220,4
44222,0
44223,2
44230,0
44231,7
44236,9
44240,4
44241,0
44242,6
44243,6
44249,8
44251,4
44252,8
44254,5
44255,7
44257,7
44258,4
44259,6
44264,2
44265,4
44266,0
44267,9
44270,3
44271,6
44272,7
44273,5
44274,2
44275,0
44276,0
44277,7
44279,9
44284,9
44285,0
44286,6
44287,6
44290,3
44291,4
44292,9
44294,5
44298,4
44300,7
44301,4
44302,4
44304,5
44305,9
44306,9
44309,6
44310,0
44316,8
44317,4
44322,6
44325,6
44327,7
44329,3
44330,9
44331,0
44333,0
44334,7
44335,9
44338,3
44339,6
44340,6
44342,3
44344,3
44348,0
44350,4
44351,9
44352,6
44355,4
44357,6
44358,6
44365,6
44367,7
44368,7
44369,4
44371,0
44375,9
44376,3
44380,9
44382,0
44383,4
44384,3
44389,3
44390,7
44391,6
44394,0
44399,7
44400,2
44401,6
44402,3
44403,4
44406,5
44408,3
44410,9
44412,7
44417,4
44419,3
44420,5
44423,5
44424,3
44425,5
44427,5
44429,4
44430,7
44431,4
44437,4
44438,3
44439,9
44443,7
44444,3
44445,0
44447,4
44448,7
44451,3
44453,4
44455,9
44458,0
44460,0
44461,4
44463,6
44464,9
44466,9
44468,2
44471,2
44472,9
44473,0
44476,5
44478,3
44479,7
44481,9
44490,4
44491,7
44492,9
44499,4
44502,7
44504,2
44506,3
44508,9
44509,2
44513,6
44516,5
44517,2
44522,0
44525,0
44530,7
44532,0
44534,8
44538,7
44543,0
44545,0
44548,6
44549,4
44552,9
44554,3
44559,0
44561,6
44564,6
44570,9
44576,2
44577,0
44580,6
44582,4
44586,4
44588,8
44590,9
44595,3
44596,7
44601,0
44605,6
44613,4
44614,9
44616,7
44617,7
44619,4
44625,9
44627,2
44628,5
44632,5
44634,3
44637,6
44643,4
44645,6
44646,7
44652,2
44653,4
44655,9
44656,4
44659,4
44661,9
44663,6
44664,4
44666,9
44667,3
44668,6
44669,7
44670,9
44671,6
44672,0
44676,4
44680,0
44683,2
44685,9
44688,6
44690,7
44694,6
44696,7
44697,3
44702,9
44704,9
44705,0
44706,6
44709,9
44714,3
44717,6
44718,9
44719,0
44721,2
44724,3
44732,9
44733,9
44735,6
44737,4
44738,6
44739,7
44744,4
44745,6
44746,0
44751,6
44752,9
44756,2
44767,4
44768,7
44771,7
44774,4
44776,2
44779,4
44780,4
44781,0
44784,9
44786,4
44788,9
44789,7
44790,7
44791,2
44792,0
44793,7
44794,0
44795,6
44800,3
44803,9
44805,7
44807,2
44809,9
44813,7
44817,4
44823,5
44824,0
44827,4
44829,3
44834,7
44835,4
44845,9
44848,7
44849,3
44857,3
44858,0
44859,9
44860,4
44861,0
44862,3
44863,6
44868,0
44869,5
44870,2
44871,9
44874,4
44876,2
44877,0
44881,6
44882,0
44886,9
44891,8
44892,5
44893,3
44895,9
44896,5
44899,0
44900,4
44903,5
44906,8
44909,0
44910,4
44912,9
44913,5
44914,6
44915,8
44916,4
44917,0
44919,0
44921,4
44923,6
44927,9
44931,7
44932,5
44933,3
44937,0
44938,7
44943,2
44944,4
44947,9
44949,5
44950,6
44957,2
44962,9
44963,3
44965,4
44967,0
44970,6
44975,5
44976,9
44977,2
44978,6
44981,4
44982,9
44983,7
44989,5
44990,7
44991,0
44993,7
44995,7
44997,7
45000,4
45001,7
45002,4
45003,5
45004,9
45007,6
45009,3
45012,9
45015,3
45019,4
45020,8
45023,3
45024,5
45025,5
45026,0
45028,5
45029,9
45033,3
45034,7
45038,9
45039,2
45041,9
45042,5
45043,4
45045,3
45051,0
45052,7
45054,6
45056,9
45058,9
45062,4
45064,6
45066,2
45067,5
45073,0
45077,0
45082,4
45083,7
45087,9
45089,3
45090,3
45092,0
45093,3
45095,0
45096,2
45099,0
45100,3
45102,5
45104,2
45106,0
45112,3
45113,5
45114,0
45115,9
45117,4
45119,6
45121,9
45122,6
45123,4
45124,6
45127,3
45128,3
45130,7
45131,3
45134,4
45137,4
45140,4
45147,7
45148,5
45149,4
45152,4
45154,3
45155,7
45161,3
45164,3
45168,4
45170,6
45174,7
45177,0
45180,4
45181,6
45184,4
45185,4
45188,7
45189,7
45197,0
45199,5
45202,6
45203,6
45204,4
45206,0
45209,7
45211,6
45213,3
45217,4
45218,0
45220,0
45221,5
45223,4
45226,9
45227,0
45231,9
45232,4
45234,6
45235,2
45238,7
45240,6
45244,9
45245,6
45246,2
45248,5
45250,9
45251,7
45254,2
45257,7
45258,3
45259,0
45261,3
45266,4
45267,5
45269,8
45273,0
45274,4
45275,2
45277,9
45279,4
45283,4
45288,2
45289,4
45290,7
45291,6
45293,9
45295,4
45296,4
45300,7
45307,4
45309,4
45317,6
45320,6
45323,5
45325,2
45327,9
45328,3
45329,0
45332,7
45335,9
45336,5
45337,0
45345,0
45346,9
45347,0
45348,7
45350,7
45355,6
45358,4
45360,7
45363,3
45366,0
45369,8
45370,4
45372,9
45373,9
45376,9
45378,4
45379,6
45384,5
45387,0
45390,7
45392,9
45395,4
45403,0
45404,0
45405,3
45406,0
45407,3
45408,0
45410,0
45412,0
45414,4
45417,9
45419,5
45420,4
45424,5
45425,2
45426,5
45427,3
45429,6
45430,9
45434,6
45437,9
45438,5
45439,5
45441,0
45448,9
45452,4
45456,5
45457,5
45458,9
45459,0
45460,3
45461,9
45463,7
45466,5
45471,5
45473,2
45474,2
45476,6
45478,5
45479,4
45484,8
45485,9
45487,0
45491,4
45492,7
45494,5
45496,0
45498,7
45499,5
45505,0
45506,5
45510,6
45514,9
45520,4
45526,0
45527,7
45528,0
45530,2
45532,7
45533,3
45534,0
45538,9
45541,5
45542,5
45543,0
45544,5
45550,3
45555,4
45556,2
45558,4
45559,3
45562,5
45563,5
45566,5
45567,5
45570,7
45573,9
45574,6
45576,5
45578,9
45581,0
45586,4
45593,4
45594,5
45599,5
45601,3
45602,0
45603,5
45604,4
45605,3
45606,7
45612,6
45614,7
45615,2
45616,6
45619,9
45620,5
45621,5
45622,7
45626,7
45633,6
45635,6
45636,0
45639,0
45640,6
45642,4
45647,6
45648,7
45651,2
45652,0
45653,7
45659,7
45660,0
45661,3
45664,7
45665,0
45666,4
45667,4
45668,9
45672,9
45675,3
45676,8
45678,3
45679,3
45680,7
45681,7
45683,9
45684,6
45685,6
45686,5
45695,7
45696,7
45698,7
45700,8
45703,2
45707,9
45708,6
45711,3
45715,7
45716,6
45717,9
45718,3
45721,7
45722,4
45724,6
45727,0
45729,0
45730,5
45731,4
45734,5
45736,4
45743,9
45745,6
45746,6
45748,3
45750,4
45752,6
45755,4
45756,4
45758,4
45759,5
45760,9
45766,6
45767,0
45768,7
45769,3
45770,9
45778,7
45782,7
45786,7
45791,6
45792,4
45793,4
45795,9
45796,3
45799,6
45802,4
45803,8
45805,5
45807,7
45808,6
45818,5
45821,5
45822,4
45824,2
45826,3
45827,5
45834,7
45835,9
45836,5
45838,6
45839,5
45841,9
45845,7
45849,8
45850,6
45852,0
45855,6
45856,0
45858,9
45861,7
45869,5
45871,2
45872,6
45875,6
45876,3
45879,2
45881,6
45882,6
45884,5
45887,0
45888,6
45889,7
45899,9
45904,7
45905,7
45907,0
45908,5
45910,4
45914,6
45918,9
45922,2
45923,5
45924,0
45926,9
45928,0
45933,5
45940,0
45941,5
45943,6
45951,5
45952,0
45955,4
45956,0
45957,7
45960,0
45962,2
45964,7
45965,7
45967,7
45971,4
45973,4
45975,4
45977,0
45978,6
45979,7
45981,6
45982,5
45984,6
45986,2
45988,4
45990,5
45991,4
45994,3
45997,7
45998,7
46001,0
46004,6
46005,4
46010,5
46011,4
46012,7
46013,2
46015,0
46017,4
46026,9
46028,0
46031,0
46032,7
46033,4
46034,4
46038,5
46039,7
46040,7
46047,6
46048,2
46049,9
46052,7
46053,0
46056,3
46058,3
46061,4
46063,9
46065,4
46066,7
46068,7
46071,9
46072,5
46073,9
46075,5
46076,7
46082,9
46083,3
46084,0
46086,2
46089,7
46090,4
46093,9
46094,0
46096,4
46097,9
46099,4
46100,9
46101,2
46103,2
46106,4
46107,3
46115,7
46117,7
46120,7
46121,7
46125,9
46127,6
46128,6
46129,7
46134,0
46137,7
46138,4
46140,7
46141,9
46143,0
46149,3
46150,2
46151,6
46154,6
46156,3
46162,3
46164,0
46167,7
46168,9
46172,6
46173,2
46175,8
46177,9
46179,7
46184,7
46186,6
46192,9
46193,0
46196,2
46197,0
46198,7
46199,2
46204,6
46205,2
46206,7
46209,4
46210,6
46213,4
46216,4
46218,3
46221,6
46223,7
46225,6
46226,3
46227,5
46229,2
46231,4
46233,5
46234,7
46235,0
46237,3
46238,5
46239,0
46240,6
46246,9
46249,7
46250,6
46252,5
46254,5
46259,4
46262,4
46263,6
46266,5
46267,7
46270,2
46272,5
46275,8
46278,9
46280,6
46284,7
46286,0
46287,7
46290,5
46291,9
46293,0
46296,9
46297,3
46298,6
46301,9
46305,0
46306,3
46310,4
46313,5
46315,6
46318,6
46319,9
46323,9
46325,0
46328,4
46330,6
46332,5
46333,5
46335,7
46337,7
46338,6
46339,5
46340,5
46341,6
46344,5
46349,5
46351,7
46352,7
46353,6
46358,9
46360,7
46361,6
46363,4
46364,7
46367,9
46369,9
46372,0
46377,7
46383,4
46385,6
46391,5
46393,2
46399,5
46402,7
46403,6
46406,9
46407,9
46410,3
46411,0
46412,7
46414,3
46416,4
46420,9
46428,9
46429,9
46430,5
46431,4
46433,3
46435,4
46436,7
46442,9
46448,9
46450,0
46452,7
46453,9
46456,9
46457,7
46459,0
46463,4
46464,7
46465,5
46466,4
46470,4
46471,7
46475,4
46480,4
46482,2
46485,6
46488,2
46500,4
46502,0
46503,8
46504,3
46505,2
46506,2
46511,4
46514,0
46515,6
46517,5
46518,0
46520,6
46521,8
46525,7
46526,4
46528,8
46529,5
46531,7
46532,9
46535,3
46541,4
46542,3
46543,0
46544,7
46545,4
46546,7
46548,6
46550,6
46552,9
46554,6
46556,6
46557,7
46560,9
46563,4
46565,5
46566,9
46567,4
46569,9
46570,5
46571,6
46573,2
46578,2
46579,4
46585,4
46588,4
46590,8
46591,7
46592,2
46597,4
46600,7
46605,7
46606,3
46608,2
46611,7
46614,4
46616,7
46618,5
46619,7
46621,3
46625,5
46626,9
46627,4
46628,4
46629,0
46630,6
46635,0
46638,9
46643,7
46644,5
46647,6
46650,7
46653,7
46657,3
46658,4
46661,9
46662,3
46663,9
46664,5
46665,4
46666,9
46667,3
46670,7
46673,2
46676,3
46677,6
46682,4
46685,3
46686,7
46689,3
46690,4
46691,0
46694,5
46695,9
46696,4
46697,4
46699,3
46700,9
46702,0
46703,2
46707,0
46708,3
46709,6
46711,7
46712,2
46714,5
46715,3
46717,0
46718,5
46720,0
46721,5
46722,6
46728,0
46729,5
46730,9
46732,3
46733,3
46736,6
46739,6
46747,3
46749,8
46750,7
46753,0
46754,0
46756,0
46758,6
46762,6
46766,3
46769,5
46770,5
46771,6
46773,0
46774,9
46778,7
46780,4
46781,7
46783,7
46785,6
46789,7
46791,4
46796,6
46799,9
46800,0
46802,6
46803,4
46804,7
46805,0
46808,8
46811,4
46812,3
46813,7
46814,6
46816,7
46823,5
46825,3
46828,4
46829,6
46830,6
46831,4
46832,9
46835,2
46837,6
46838,7
46844,4
46846,0
46849,0
46850,0
46851,9
46853,7
46854,9
46856,2
46857,4
46858,3
46859,7
46863,6
46864,3
46865,7
46867,0
46869,9
46871,9
46873,6
46875,7
46876,0
46878,0
46879,6
46882,6
46883,9
46885,5
46886,9
46887,4
46889,5
46891,9
46893,6
46896,3
46897,6
46904,4
46906,0
46908,5
46909,3
46910,4
46913,0
46915,7
46916,9
46917,9
46920,3
46921,3
46924,3
46925,9
46930,9
46932,7
46933,9
46935,9
46936,9
46938,7
46940,0
46946,5
46947,7
46952,7
46953,3
46954,7
46955,4
46957,6
46960,7
46961,3
46964,6
46970,4
46971,7
46975,4
46977,7
46980,0
46983,3
46985,9
46986,3
46987,4
46990,0
46991,9
46995,9
46997,2
46998,5
47000,9
47001,7
47002,6
47004,0
47008,4
47012,9
47013,9
47014,5
47015,4
47016,5
47017,4
47020,7
47022,9
47023,6
47024,5
47026,6
47027,7
47028,4
47029,9
47032,2
47033,0
47035,2
47036,6
47037,6
47041,4
47042,8
47046,4
47047,9
47054,0
47057,4
47059,5
47060,3
47061,3
47063,4
47072,4
47073,6
47074,0
47076,2
47082,5
47084,9
47086,6
47088,4
47090,4
47091,6
47093,0
47094,7
47095,6
47102,3
47104,3
47105,9
47108,6
47110,9
47114,3
47115,5
47119,9
47120,3
47127,3
47128,9
47129,0
47130,4
47137,0
47139,4
47143,7
47144,5
47147,7
47149,4
47152,6
47153,7
47155,3
47156,9
47162,5
47167,5
47168,5
47169,2
47171,0
47173,3
47175,9
47176,0
47178,0
47181,4
47182,3
47183,9
47184,7
47186,7
47188,3
47189,4
47192,9
47195,0
47200,4
47205,6
47209,4
47215,7
47216,4
47217,0
47221,3
47222,2
47224,0
47229,5
47233,3
47234,7
47237,0
47241,5
47243,5
47244,2
47245,6
47247,0
47248,6
47250,4
47253,5
47254,7
47255,9
47259,6
47262,4
47266,3
47267,0
47274,0
47277,7
47278,5
47281,4
47283,9
47284,3
47286,2
47287,7
47288,2
47290,0
47291,4
47292,9
47294,3
47295,0
47296,9
47298,2
47299,4
47300,7
47303,7
47314,7
47316,5
47318,9
47319,6
47324,0
47325,0
47328,0
47330,7
47331,6
47334,6
47337,6
47340,3
47341,9
47348,2
47349,4
47350,9
47354,7
47356,4
47360,3
47366,4
47369,0
47373,0
47374,6
47376,9
47378,4
47382,0
47385,4
47388,6
47390,9
47391,4
47392,6
47398,9
47399,4
47400,7
47406,5
47407,2
47408,4
47413,5
47414,5
47415,0
47417,9
47431,9
47434,3
47439,4
47440,4
47444,6
47445,6
47446,3
47447,5
47450,9
47452,9
47453,3
47454,6
47457,2
47461,7
47464,5
47466,3
47467,4
47468,4
47469,9
47475,6
47476,3
47480,7
47482,6
47483,5
47490,9
47492,0
47496,6
47497,9
47498,4
47501,7
47502,8
47503,4
47507,4
47508,4
47509,9
47511,3
47512,0
47513,7
47514,6
47516,5
47518,2
47520,3
47521,9
47523,4
47526,0
47527,5
47531,5
47532,9
47533,9
47536,7
47540,3
47541,3
47543,5
47545,5
47546,7
47547,6
47552,9
47553,6
47556,6
47557,3
47558,4
47559,4
47560,4
47561,0
47562,7
47565,9
47568,3
47571,4
47576,3
47577,7
47578,9
47581,9
47583,7
47587,7
47592,6
47593,5
47598,0
47600,4
47604,4
47605,7
47609,7
47611,7
47612,7
47613,3
47614,3
47617,2
47619,6
47620,4
47623,7
47625,4
47627,4
47629,4
47636,7
47642,2
47645,2
47646,7
47647,9
47651,5
47652,3
47653,2
47654,6
47657,9
47658,5
47660,6
47662,4
47665,4
47670,4
47673,6
47678,9
47683,9
47686,5
47687,9
47688,3
47689,0
47692,0
47699,4
47700,4
47707,0
47709,0
47712,0
47715,4
47716,6
47717,6
47718,9
47720,6
47724,3
47725,4
47728,7
47730,0
47731,9
47732,4
47733,7
47735,9
47737,4
47738,7
47747,9
47749,4
47750,4
47753,3
47758,5
47762,4
47765,0
47766,3
47767,7
47768,0
47773,6
47774,4
47777,9
47778,3
47781,9
47786,4
47789,7
47791,5
47793,4
47794,9
47796,7
47797,4
47798,3
47799,7
47800,4
47801,4
47802,0
47809,9
47810,4
47816,6
47818,9
47828,7
47829,5
47831,6
47833,2
47836,0
47837,0
47838,4
47839,7
47847,7
47852,6
47854,4
47856,4
47857,9
47858,5
47859,9
47862,3
47863,7
47864,7
47865,4
47866,5
47868,4
47870,7
47873,3
47875,4
47878,3
47881,4
47882,9
47883,9
47884,3
47885,4
47893,4
47894,0
47897,4
47898,4
47899,7
47902,9
47906,6
47911,0
47913,4
47914,5
47915,3
47916,4
47919,7
47922,9
47923,4
47925,6
47927,9
47934,2
47937,9
47938,6
47940,5
47942,9
47949,5
47954,4
47957,0
47960,4
47961,4
47965,4
47966,5
47967,4
47969,7
47971,6
47973,4
47975,4
47979,3
47980,4
47981,6
47984,4
47990,3
47995,0
47998,3
48001,4
48003,5
48004,0
48007,5
48010,2
48012,7
48014,2
48016,2
48017,3
48018,4
48021,4
48023,2
48026,9
48027,7
48028,2
48029,7
48030,6
48033,3
48035,5
48037,5
48039,3
48040,5
48042,4
48043,4
48045,3
48047,9
48048,7
48050,7
48053,6
48054,3
48058,7
48061,3
48063,6
48064,2
48070,3
48073,7
48074,8
48077,4
48081,6
48083,9
48089,6
48091,5
48094,7
48096,4
48103,9
48107,2
48109,4
48111,7
48112,2
48113,5
48123,3
48124,2
48127,9
48128,6
48132,9
48136,8
48137,6
48139,4
48140,6
48141,4
48144,4
48146,4
48149,5
48150,5
48155,4
48156,3
48157,3
48160,2
48161,4
48162,0
48163,9
48164,4
48167,2
48175,6
48190,3
48193,2
48194,9
48198,6
48200,3
48201,6
48204,5
48206,2
48207,9
48209,7
48212,5
48213,5
48214,3
48219,7
48223,6
48224,5
48228,4
48234,0
48236,5
48239,0
48241,5
48242,2
48246,6
48248,4
48249,6
48251,6
48252,6
48254,4
48256,6
48263,5
48264,7
48265,2
48266,9
48268,9
48269,3
48271,6
48272,3
48275,3
48279,7
48282,0
48283,0
48287,0
48288,5
48290,2
48293,7
48295,5
48296,0
48298,4
48299,7
48303,5
48305,7
48306,4
48307,0
48308,0
48309,6
48312,0
48317,5
48320,4
48323,4
48324,3
48326,3
48327,4
48330,4
48331,5
48332,3
48335,4
48336,4
48337,4
48339,4
48340,0
48341,7
48344,0
48347,4
48348,5
48350,0
48352,4
48356,4
48357,9
48359,4
48361,3
48363,5
48364,7
48366,7
48370,7
48372,6
48373,2
48375,2
48376,7
48378,4
48386,0
48387,9
48391,2
48393,5
48395,5
48401,4
48406,9
48407,7
48408,3
48410,3
48411,6
48412,0
48414,9
48415,4
48420,9
48422,7
48423,6
48424,4
48425,7
48430,9
48432,5
48436,7
48440,6
48442,6
48443,4
48444,3
48446,3
48448,0
48450,9
48451,6
48453,0
48454,7
48460,5
48461,0
48462,7
48465,5
48470,6
48471,7
48472,5
48473,4
48475,7
48476,6
48477,3
48478,0
48479,7
48480,7
48482,4
48483,7
48486,9
48489,5
48496,3
48497,3
48499,0
48500,4
48504,4
48505,3
48509,9
48510,4
48511,7
48520,9
48522,2
48524,9
48525,6
48527,3
48528,0
48529,2
48530,2
48531,9
48534,7
48535,4
48536,0
48537,3
48538,4
48539,4
48540,7
48542,5
48544,5
48545,6
48552,6
48553,5
48556,9
48561,5
48564,2
48566,3
48571,4
48572,7
48576,3
48579,4
48580,3
48581,4
48582,9
48583,9
48584,5
48586,0
48587,4
48590,6
48591,7
48594,6
48595,0
48602,3
48603,6
48605,4
48606,5
48608,4
48609,2
48611,3
48613,6
48614,3
48615,4
48618,4
48625,9
48628,4
48629,0
48630,0
48631,4
48633,4
48637,9
48642,4
48643,3
48644,0
48645,9
48647,2
48651,4
48654,0
48657,7
48659,4
48663,5
48666,9
48667,5
48668,3
48670,5
48675,9
48676,7
48678,9
48679,4
48680,4
48685,4
48686,9
48688,6
48689,7
48691,4
48693,0
48695,9
48697,4
48701,6
48702,0
48704,4
48706,4
48707,7
48710,5
48711,7
48713,8
48716,7
48722,7
48726,3
48727,6
48730,9
48732,7
48739,4
48740,7
48743,9
48752,4
48757,3
48758,6
48761,5
48764,7
48770,9
48772,0
48774,7
48775,6
48776,3
48777,9
48778,4
48780,0
48781,7
48784,6
48786,8
48788,5
48791,3
48792,4
48793,7
48796,9
48800,4
48801,2
48802,0
48803,6
48804,3
48806,0
48808,9
48810,9
48811,5
48812,5
48817,0
48818,3
48823,0
48825,6
48828,0
48831,5
48833,2
48836,0
48837,4
48840,3
48843,3
48845,4
48846,7
48847,4
48850,0
48851,6
48854,9
48857,7
48858,7
48860,9
48861,4
48863,7
48864,0
48867,4
48868,7
48869,7
48873,9
48874,2
48876,3
48878,3
48879,9
48880,3
48882,6
48888,7
48895,9
48896,6
48898,8
48900,4
48901,9
48905,7
48908,7
48911,4
48914,5
48917,0
48922,9
48925,9
48927,9
48929,6
48932,3
48933,7
48934,0
48935,5
48936,6
48939,5
48942,0
48943,0
48944,3
48945,2
48947,5
48950,0
48951,4
48952,4
48953,0
48956,7
48957,0
48958,0
48959,7
48961,3
48962,7
48963,0
48964,7
48965,9
48969,0
48971,5
48972,6
48976,9
48978,2
48979,0
48980,6
48981,4
48982,5
48984,6
48987,9
48988,6
48991,9
48993,9
48994,4
48995,9
48997,7
48999,0
49000,7
49002,5
49003,0
49010,4
49011,0
49012,9
49014,6
49016,9
49018,9
49026,8
49027,4
49033,4
49036,3
49037,4
49039,0
49045,7
49046,9
49048,2
49052,7
49053,7
49054,3
49059,9
49061,3
49065,7
49067,6
49068,7
49072,3
49074,5
49078,6
49079,5
49083,9
49085,7
49086,7
49087,0
49088,9
49089,7
49090,7
49091,0
49092,7
49096,3
49098,6
49100,6
49105,5
49106,7
49108,9
49111,0
49112,2
49118,9
49120,3
49122,9
49124,6
49126,9
49127,9
49130,6
49134,6
49138,7
49139,6
49141,0
49143,0
49145,4
49146,3
49149,2
49151,5
49152,9
49153,7
49154,9
49155,9
49156,6
49158,4
49160,4
49168,9
49171,7
49173,5
49174,4
49179,4
49180,3
49182,6
49183,9
49184,9
49186,0
49188,4
49192,7
49195,3
49197,9
49198,4
49200,7
49201,0
49202,6
49205,4
49206,6
49207,7
49209,0
49221,6
49223,7
49225,5
49226,5
49228,6
49231,7
49233,7
49243,4
49245,7
49246,2
49247,4
49249,4
49250,4
49251,5
49252,0
49254,2
49256,4
49257,3
49259,7
49261,9
49269,4
49270,9
49271,3
49272,4
49273,7
49274,5
49275,9
49277,6
49281,3
49283,4
49285,0
49286,5
49287,7
49290,7
49292,9
49294,7
49295,4
49296,0
49297,3
49302,3
49304,7
49306,4
49315,0
49317,9
49324,3
49326,4
49327,7
49329,0
49331,6
49333,6
49335,6
49337,4
49340,4
49343,7
49344,0
49351,4
49354,9
49359,7
49360,6
49363,7
49366,7
49370,4
49371,6
49372,0
49375,4
49376,4
49377,3
49378,0
49381,4
49382,4
49383,2
49391,7
49392,0
49393,4
49394,7
49395,7
49397,4
49399,3
49401,8
49403,0
49409,6
49410,4
49411,7
49415,6
49416,2
49418,6
49424,4
49425,2
49429,2
49431,0
49434,4
49436,6
49439,6
49444,3
49445,5
49446,0
49450,5
49455,6
49456,0
49457,2
49458,0
49461,4
49463,5
49466,3
49471,5
49472,5
49473,3
49475,7
49481,0
49483,6
49485,5
49486,0
49487,4
49489,4
49490,6
49493,9
49494,0
49495,9
49505,5
49510,5
49515,6
49517,9
49520,0
49521,5
49523,9
49524,7
49525,0
49527,3
49533,9
49537,7
49540,0
49542,0
49544,0
49546,2
49547,3
49548,7
49549,9
49554,5
49556,7
49557,9
49561,5
49562,6
49568,2
49570,6
49571,3
49572,6
49573,0
49576,0
49578,5
49584,0
49586,7
49588,3
49589,9
49595,6
49596,6
49597,7
49607,5
49608,9
49609,6
49610,9
49611,8
49614,7
49620,3
49622,9
49623,6
49625,6
49627,5
49628,3
49629,6
49631,0
49634,4
49636,6
49638,5
49639,2
49641,4
49645,9
49649,7
49650,6
49655,4
49657,6
49658,7
49660,7
49663,0
49664,3
49665,4
49667,0
49669,9
49670,7
49671,3
49672,2
49675,0
49677,6
49680,4
49681,4
49684,4
49686,9
49688,6
49689,6
49690,6
49691,9
49692,8
49694,5
49698,0
49699,3
49700,4
49701,7
49703,7
49704,9
49706,7
49707,5
49712,0
49714,3
49716,7
49717,6
49721,4
49722,5
49723,6
49728,9
49733,0
49738,5
49739,0
49742,6
49744,7
49746,7
49748,0
49750,2
49753,9
49754,4
49755,5
49762,0
49763,0
49774,2
49775,7
49777,7
49781,2
49783,0
49784,4
49788,4
49792,2
49797,4
49798,6
49808,7
49810,3
49813,4
49817,7
49822,9
49831,6
49834,0
49835,6
49836,9
49838,7
49839,6
49841,9
49845,9
49847,4
49848,6
49858,5
49859,3
49861,6
49863,5
49868,6
49869,4
49874,4
49878,7
49881,3
49885,9
49888,0
49890,5
49896,4
49897,6
49898,0
49904,3
49905,6
49908,9
49911,9
49912,7
49914,0
49917,5
49919,5
49921,4
49924,6
49926,0
49928,5
49929,9
49930,4
49936,3
49937,5
49938,3
49944,9
49945,4
49946,0
49947,3
49948,0
49951,0
49953,5
49955,6
49956,7
49957,9
49960,4
49964,6
49968,0
49969,3
49971,7
49972,7
49973,0
49975,4
49976,3
49977,4
49981,4
49985,4
49987,3
49988,4
49990,6
49991,5
49995,7
49997,5
49999,2
50005,9
50006,6
50008,0
50009,3
50010,4
50011,9
50012,3
50017,4
50018,9
50019,5
50020,3
50022,4
50026,9
50027,9
50032,4
50034,0
50035,4
50038,5
50039,4
50040,3
50044,4
50045,9
50046,9
50048,0
50049,7
50050,6
50052,0
50054,6
50055,0
50057,9
50060,7
50061,9
50063,7
50064,7
50066,4
50071,7
50074,8
50082,9
50085,4
50086,9
50087,7
50092,3
50093,7
50095,2
50101,3
50103,6
50107,5
50111,5
50113,9
50114,5
50117,9
50119,6
50121,6
50125,5
50127,5
50128,4
50133,6
50135,6
50137,6
50141,5
50143,9
50145,7
50146,6
50147,0
50150,3
50152,6
50153,2
50155,6
50156,6
50157,0
50161,4
50162,4
50165,7
50166,5
50173,7
50174,4
50175,4
50176,2
50179,4
50182,7
50183,2
50184,4
50186,5
50187,2
50188,5
50190,5
50191,9
50195,3
50196,0
50199,9
50201,6
50202,9
50203,2
50206,7
50207,7
50208,4
50210,4
50211,7
50212,6
50215,5
50217,3
50219,7
50220,6
50223,6
50224,0
50226,0
50228,9
50229,9
50230,4
50231,6
50233,4
50234,3
50237,7
50238,3
50240,0
50243,5
50246,6
50247,5
50249,3
50250,4
50255,7
50256,9
50258,7
50259,8
50261,7
50265,3
50266,7
50267,9
50268,7
50269,3
50279,3
50280,5
50282,5
50283,7
50287,4
50288,2
50292,4
50293,5
50294,0
50296,6
50298,3
50299,7
50302,0
50303,7
50306,6
50307,3
50311,5
50319,9
50322,4
50328,3
50329,0
50330,2
50331,0
50335,3
50336,2
50339,5
50340,6
50341,7
50346,4
50350,9
50351,0
50353,8
50354,3
50356,5
50357,7
50359,2
50360,4
50361,4
50362,9
50365,6
50366,7
50367,7
50368,0
50369,0
50370,8
50371,5
50374,0
50375,5
50380,2
50381,6
50383,0
50384,6
50388,4
50389,0
50393,2
50394,5
50395,6
50398,0
50400,7
50401,7
50402,6
50405,7
50406,5
50407,6
50408,5
50413,0
50414,3
50415,0
50417,0
50418,5
50419,7
50420,5
50421,5
50427,9
50432,7
50437,3
50439,9
50441,7
50444,0
50445,7
50446,7
50447,5
50448,7
50450,9
50451,8
50453,4
50454,9
50457,7
50458,4
50460,0
50464,7
50465,9
50467,3
50468,9
50471,8
50472,2
50474,0
50476,6
50480,7
50483,4
50485,3
50486,0
50489,3
50490,6
50493,7
50495,4
50497,4
50500,2
50507,7
50509,9
50511,4
50512,6
50513,4
50514,5
50515,3
50516,9
50521,2
50525,6
50528,7
50529,3
50531,4
50532,5
50534,7
50539,0
50545,0
50549,2
50550,2
50551,0
50552,0
50554,3
50556,2
50557,7
50559,4
50560,7
50567,6
50569,6
50570,0
50571,9
50572,9
50578,3
50585,0
50586,3
50587,6
50589,9
50590,0
50592,6
50594,4
50598,6
50604,3
50605,9
50606,9
50607,3
50608,3
50609,9
50611,5
50613,5
50614,2
50616,7
50619,6
50620,7
50621,2
50622,7
50623,4
50625,9
50627,4
50628,6
50630,3
50632,2
50634,7
50635,0
50637,5
50646,0
50648,3
50649,5
50650,0
50651,9
50656,7
50659,0
50660,7
50661,7
50665,9
50666,5
50668,4
50669,6
50678,4
50681,2
50683,0
50688,4
50697,7
50699,0
50700,6
50709,9
50712,6
50714,3
50715,0
50717,4
50732,2
50737,4
50742,6
50744,5
50746,6
50749,6
50752,9
50756,4
50758,2
50759,0
50763,6
50766,7
50772,0
50773,6
50775,7
50778,7
50781,4
50782,7
50787,3
50788,9
50792,5
50796,7
50798,0
50802,5
50803,3
50804,0
50807,0
50808,4
50810,7
50811,9
50815,4
50820,9
50822,3
50823,4
50824,5
50825,7
50826,6
50827,4
50829,6
50833,7
50838,6
50841,5
50842,3
50845,0
50847,3
50848,6
50852,4
50853,9
50855,4
50858,4
50859,4
50862,9
50866,3
50867,2
50871,6
50872,4
50876,4
50877,5
50881,6
50885,5
50886,4
50889,6
50892,4
50893,9
50895,6
50896,7
50904,4
50908,4
50911,0
50913,5
50915,0
50917,5
50918,7
50921,0
50922,7
50925,6
50926,9
50929,5
50932,5
50933,0
50936,3
50938,5
50939,7
50940,5
50941,8
50942,7
50945,7
50946,5
50947,2
50960,5
50961,0
50962,6
50964,0
50968,5
50973,6
50974,7
50976,2
50978,4
50979,0
50981,7
50984,7
50987,0
50990,0
50991,0
50993,2
50997,9
50999,6
51006,4
51007,5
51009,7
51010,5
51015,4
51016,5
51017,0
51018,3
51019,0
51021,2
51023,4
51027,4
51031,0
51032,9
51035,9
51038,3
51039,3
51040,9
51044,6
51046,4
51047,5
51050,2
51051,4
51055,3
51056,9
51058,3
51061,7
51064,9
51065,6
51066,0
51068,9
51071,9
51072,9
51073,2
51075,7
51076,7
51079,6
51082,0
51083,4
51084,3
51085,7
51086,6
51089,7
51092,0
51093,7
51096,9
51097,3
51099,9
51101,7
51105,0
51106,7
51109,7
51110,7
51114,9
51116,9
51117,9
51118,7
51122,4
51125,9
51127,3
51130,9
51131,8
51134,4
51137,7
51138,0
51140,5
51141,7
51143,5
51146,4
51149,3
51151,0
51158,4
51162,9
51169,5
51171,7
51172,4
51174,4
51175,6
51176,8
51177,9
51180,2
51181,2
51186,9
51187,0
51188,9
51192,4
51194,4
51195,7
51197,0
51202,7
51204,4
51208,7
51210,8
51212,0
51213,0
51217,0
51218,7
51219,0
51220,7
51222,6
51228,6
51231,9
51233,4
51234,9
51236,6
51237,5
51238,6
51241,0
51242,9
51245,2
51246,7
51248,9
51251,2
51254,8
51255,3
51257,2
51260,3
51263,2
51265,4
51267,5
51268,9
51270,5
51272,2
51275,7
51276,9
51278,9
51283,7
51285,0
51288,0
51292,7
51293,5
51294,6
51295,9
51296,3
51297,3
51299,7
51307,6
51308,3
51311,2
51314,0
51315,0
51317,0
51318,9
51322,7
51325,4
51326,7
51327,4
51330,6
51331,4
51332,0
51338,4
51339,5
51344,5
51349,5
51350,0
51351,5
51352,9
51356,2
51361,7
51362,9
51363,3
51365,0
51367,3
51373,6
51374,4
51375,3
51376,4
51377,4
51380,4
51381,7
51385,4
51386,2
51389,6
51390,0
51393,8
51395,6
51396,0
51399,6
51403,2
51404,9
51407,7
51412,5
51413,0
51414,9
51416,2
51418,5
51419,6
51422,9
51425,4
51426,7
51428,4
51429,4
51431,4
51433,3
51436,3
51440,3
51441,0
51442,7
51443,2
51449,4
51451,4
51454,5
51459,2
51460,4
51465,4
51467,7
51468,3
51469,0
51471,9
51473,5
51481,5
51485,9
51487,6
51488,7
51489,7
51490,9
51491,3
51492,5
51496,7
51500,9
51501,5
51502,3
51506,6
51507,3
51509,5
51511,0
51512,7
51513,9
51515,0
51518,7
51523,5
51526,3
51531,4
51533,3
51535,5
51536,4
51537,3
51540,3
51544,7
51545,6
51546,0
51549,5
51550,9
51554,4
51557,7
51558,5
51561,4
51562,4
51564,7
51569,9
51570,0
51571,5
51578,0
51580,7
51584,2
51586,6
51587,0
51595,9
51601,0
51608,6
51611,6
51619,5
51622,0
51625,3
51626,4
51629,9
51630,9
51635,9
51636,0
51638,5
51639,9
51640,6
51643,5
51647,7
51648,0
51649,0
51650,9
51651,7
51652,7
51653,7
51654,6
51656,6
51659,7
51663,9
51665,9
51667,7
51668,5
51669,0
51671,9
51672,0
51673,6
51674,2
51675,3
51676,9
51677,9
51681,2
51683,3
51685,9
51686,4
51687,6
51690,3
51692,9
51693,7
51695,2
51698,5
51707,7
51710,3
51711,7
51718,4
51719,4
51720,0
51724,9
51725,3
51726,6
51727,9
51728,7
51731,4
51732,4
51736,8
51737,2
51738,4
51740,9
51742,7
51744,0
51749,4
51752,4
51756,4
51759,7
51761,4
51763,9
51771,9
51772,7
51774,7
51778,8
51781,2
51782,7
51788,4
51789,5
51790,9
51791,4
51793,4
51797,6
51799,6
51801,4
51802,7
51803,7
51804,7
51805,3
51806,6
51807,3
51808,7
51812,0
51816,2
51818,4
51820,7
51822,9
51823,0
51824,9
51825,4
51827,7
51829,7
51836,0
51837,2
51838,0
51839,6
51841,5
51843,4
51851,7
51852,6
51854,9
51856,0
51859,4
51861,5
51863,9
51865,3
51867,2
51868,7
51872,0
51878,0
51879,7
51881,7
51883,4
51884,3
51885,0
51886,5
51888,5
51891,7
51892,6
51894,6
51895,4
51896,4
51897,9
51900,4
51901,4
51903,7
51905,9
51906,9
51907,0
51909,6
51915,7
51917,7
51919,4
51923,5
51924,2
51926,6
51928,3
51933,0
51935,0
51937,5
51939,6
51940,2
51943,9
51945,6
51947,9
51951,8
51953,4
51956,4
51957,6
51959,4
51960,3
51962,4
51963,5
51966,7
51967,7
51973,9
51974,4
51976,0
51977,9
51980,2
51981,4
51982,7
51985,9
51987,5
51993,7
51995,3
51996,9
51998,9
52003,4
52004,6
52009,3
52010,7
52021,0
52023,7
52026,4
52027,3
52030,4
52031,5
52033,9
52034,5
52035,0
52037,7
52038,2
52041,3
52045,7
52049,3
52050,7
52052,4
52053,7
52061,5
52066,5
52068,4
52069,4
52071,3
52072,9
52074,0
52075,9
52076,3
52079,9
52081,7
52085,4
52090,0
52091,9
52093,4
52094,7
52097,5
52099,3
52102,0
52104,6
52106,7
52109,6
52111,0
52114,3
52116,6
52117,2
52119,0
52121,7
52122,3
52123,6
52127,6
52131,0
52132,5
52138,0
52140,7
52141,6
52142,7
52144,0
52149,9
52151,3
52152,5
52153,0
52155,9
52157,3
52158,3
52159,4
52161,4
52163,6
52165,5
52166,7
52168,3
52170,3
52171,7
52173,7
52177,9
52181,9
52183,4
52188,3
52189,4
52190,0
52194,3
52195,5
52200,5
52201,3
52206,7
52208,7
52209,4
52210,5
52212,6
52214,9
52218,6
52219,9
52221,4
52223,0
52224,4
52226,4
52227,4
52233,7
52234,3
52236,0
52242,4
52245,6
52246,0
52247,2
52248,5
52250,7
52253,4
52254,9
52258,6
52259,7
52260,7
52264,9
52266,9
52270,0
52272,9
52274,6
52275,7
52282,2
52283,0
52284,3
52286,9
52288,0
52289,6
52295,7
52300,0
52301,4
52302,5
52303,3
52304,2
52306,3
52308,3
52309,4
52313,2
52327,5
52332,6
52333,9
52334,9
52336,4
52338,3
52339,6
52343,0
52349,5
52352,5
52355,4
52356,4
52358,9
52360,6
52361,9
52363,0
52364,9
52366,4
52371,0
52373,7
52375,6
52377,3
52382,7
52385,7
52386,2
52389,4
52390,7
52391,4
52394,7
52396,9
52400,7
52402,9
52403,3
52404,3
52408,7
52409,9
52410,0
52413,4
52416,3
52418,6
52421,7
52426,6
52432,2
52433,3
52441,5
52447,6
52449,0
52451,7
52454,0
52455,4
52457,0
52458,6
52466,2
52471,4
52473,9
52474,4
52475,3
52479,2
52480,8
52482,3
52483,4
52486,7
52488,5
52490,2
52492,3
52504,3
52505,0
52506,4
52508,5
52509,6
52511,9
52513,3
52516,3
52522,5
52524,5
52528,9
52532,6
52535,0
52537,9
52539,9
52540,4
52544,3
52545,4
52547,3
52550,0
52551,9
52552,9
52555,9
52556,0
52561,5
52562,5
52566,9
52567,0
52569,6
52570,0
52571,5
52572,3
52573,6
52575,0
52576,3
52590,7
52592,6
52593,3
52594,6
52602,9
52603,0
52608,2
52609,2
52610,6
52615,4
52619,0
52620,6
52627,3
52630,3
52641,4
52643,4
52647,4
52648,5
52650,9
52651,3
52654,5
52655,0
52657,7
52658,3
52659,5
52660,7
52661,0
52662,4
52663,9
52664,0
52669,4
52670,9
52672,7
52677,7
52686,4
52688,4
52696,5
52698,9
52699,4
52700,6
52702,6
52703,3
52705,6
52709,0
52714,7
52724,2
52725,3
52728,9
52729,3
52731,9
52735,5
52737,4
52739,0
52741,3
52742,4
52744,4
52745,6
52746,7
52750,0
52751,3
52753,9
52754,8
52755,3
52763,6
52764,6
52765,7
52766,0
52767,9
52775,3
52777,5
52778,7
52781,7
52783,7
52785,6
52786,9
52787,5
52791,5
52792,4
52795,4
52797,9
52798,0
52799,9
52802,0
52804,9
52806,9
52812,4
52813,2
52815,4
52819,5
52820,3
52822,0
52824,6
52825,6
52826,3
52831,4
52834,7
52835,4
52839,2
52841,0
52842,5
52843,8
52846,5
52847,6
52857,7
52859,0
52860,0
52862,4
52867,4
52868,8
52869,9
52872,7
52877,4
52878,4
52881,6
52883,9
52884,5
52885,2
52887,6
52888,0
52893,7
52895,3
52896,7
52900,5
52901,4
52902,7
52904,9
52909,4
52910,7
52914,7
52931,4
52934,3
52935,7
52939,4
52943,4
52945,0
52947,0
52948,5
52952,3
52953,5
52955,4
52957,7
52958,5
52960,4
52961,3
52962,7
52971,7
52975,5
52978,4
52979,7
52985,0
52989,6
52990,3
52992,6
52993,6
52994,9
53000,7
53006,7
53008,5
53010,9
53011,2
53012,4
53015,6
53020,0
53022,5
53028,3
53029,0
53033,3
53035,4
53036,4
53041,9
53044,7
53045,2
53046,5
53047,3
53053,2
53054,3
53057,7
53063,9
53064,4
53068,4
53070,3
53071,9
53072,0
53073,9
53075,6
53076,6
53079,9
53080,3
53081,7
53083,6
53089,5
53090,7
53092,3
53096,0
53099,6
53102,9
53103,5
53104,9
53106,9
53110,4
53112,9
53115,3
53119,0
53120,3
53121,6
53126,3
53131,4
53132,3
53135,4
53138,4
53139,0
53141,7
53142,7
53143,4
53144,0
53149,9
53150,0
53156,7
53157,7
53164,7
53165,7
53170,7
53172,7
53174,5
53177,6
53178,4
53180,7
53181,7
53186,7
53187,4
53189,4
53192,5
53194,3
53197,2
53198,5
53203,0
53204,2
53206,5
53207,4
53213,4
53214,2
53216,9
53219,2
53222,6
53227,5
53229,3
53230,2
53233,4
53234,4
53235,7
53236,6
53238,7
53242,4
53243,9
53244,3
53245,7
53247,2
53249,3
53253,3
53256,7
53259,7
53260,5
53264,5
53267,5
53268,4
53269,6
53272,0
53273,0
53274,6
53275,3
53276,9
53279,0
53281,7
53287,9
53288,9
53291,3
53292,0
53294,7
53295,7
53296,7
53297,0
53299,5
53300,7
53312,2
53317,4
53320,3
53323,4
53329,4
53330,6
53331,4
53340,9
53342,4
53343,5
53345,6
53350,0
53354,5
53360,4
53363,9
53365,5
53366,0
53368,8
53373,4
53376,9
53377,3
53380,4
53383,6
53384,6
53385,4
53387,0
53392,0
53396,7
53399,0
53402,4
53404,4
53405,3
53407,9
53409,4
53410,0
53411,6
53412,6
53416,4
53417,8
53419,7
53421,0
53423,9
53425,9
53428,0
53429,7
53430,4
53431,6
53433,4
53434,6
53435,6
53437,9
53440,7
53444,6
53446,9
53448,7
53450,0
53456,0
53457,9
53466,5
53470,0
53471,4
53476,0
53482,0
53483,5
53485,9
53486,3
53487,9
53488,6
53490,3
53493,6
53494,7
53495,3
53497,6
53499,4
53500,7
53501,3
53502,3
53503,6
53504,4
53507,0
53510,2
53512,7
53514,0
53515,7
53517,6
53521,6
53523,3
53528,4
53529,3
53530,6
53536,7
53537,0
53538,6
53542,0
53544,7
53549,0
53553,5
53559,6
53564,6
53565,5
53566,6
53567,2
53568,4
53569,0
53571,4
53572,3
53573,7
53575,5
53576,3
53579,5
53580,6
53581,7
53582,7
53583,6
53584,5
53588,5
53589,6
53590,3
53593,6
53595,6
53597,9
53598,0
53600,7
53602,9
53603,2
53605,6
53606,3
53607,7
53608,4
53609,5
53615,5
53616,4
53620,4
53621,9
53624,9
53627,4
53628,5
53630,7
53632,4
53635,3
53640,0
53641,2
53643,3
53644,7
53645,6
53648,4
53649,7
53650,4
53651,4
53652,4
53658,7
53659,2
53662,7
53666,0
53667,3
53670,0
53672,7
53673,3
53675,0
53676,7
53679,5
53680,9
53682,9
53683,3
53685,4
53689,9
53690,4
53692,0
53694,5
53695,3
53696,3
53697,6
53698,3
53699,4
53708,9
53709,9
53710,7
53712,4
53713,6
53716,2
53717,6
53718,6
53719,6
53721,0
53733,7
53735,5
53741,4
53742,5
53745,0
53747,0
53750,4
53754,0
53756,6
53759,9
53761,0
53765,4
53767,3
53768,6
53776,5
53778,5
53784,3
53785,6
53786,7
53788,9
53792,4
53793,7
53796,5
53797,0
53800,3
53801,6
53802,5
53804,9
53807,0
53810,2
53811,7
53812,9
53814,2
53816,9
53817,9
53818,5
53821,3
53828,0
53829,9
53830,3
53833,5
53836,7
53837,9
53838,7
53840,5
53841,7
53842,7
53843,9
53844,2
53849,4
53850,7
53852,7
53853,6
53857,9
53859,0
53860,5
53862,3
53863,6
53864,0
53873,9
53875,4
53878,7
53882,7
53885,9
53891,6
53892,4
53895,9
53900,5
53901,0
53902,7
53904,9
53905,0
53907,9
53911,5
53912,6
53914,0
53916,7
53918,9
53920,7
53922,9
53926,9
53928,3
53929,4
53930,0
53931,4
53932,0
53940,0
53941,0
53942,3
53947,0
53956,0
53957,7
53958,6
53960,4
53961,4
53963,4
53970,7
53971,3
53973,4
53976,2
53977,0
53979,0
53980,0
53981,9
53983,0
53986,4
53987,3
53989,6
53990,3
53991,2
53996,7
53999,4
54000,0
54004,4
54005,5
54007,9
54008,9
54009,0
54010,4
54011,7
54015,5
54017,0
54018,9
54022,4
54024,4
54026,6
54027,9
54030,5
54032,7
54033,7
54034,6
54038,7
54043,6
54044,5
54048,6
54052,9
54057,4
54058,2
54059,4
54060,3
54061,3
54062,9
54068,9
54070,3
54071,3
54073,9
54074,0
54075,7
54076,6
54080,5
54081,4
54083,0
54089,7
54090,4
54091,0
54093,0
54094,8
54096,5
54098,9
54100,0
54102,4
54103,5
54105,9
54106,4
54107,3
54108,2
54110,7
54114,6
54118,9
54122,7
54126,7
54127,8
54128,7
54129,0
54136,4
54141,4
54144,5
54145,5
54146,0
54147,5
54150,4
54151,0
54152,7
54157,0
54160,0
54161,9
54163,3
54164,5
54165,0
54166,4
54167,3
54168,9
54170,4
54172,6
54175,7
54176,0
54178,0
54180,2
54181,4
54182,5
54190,7
54192,2
54193,7
54195,7
54197,6
54201,7
54203,4
54204,0
54206,6
54207,4
54208,0
54210,5
54212,3
54214,0
54216,9
54218,5
54219,4
54226,3
54229,2
54231,7
54232,4
54234,3
54235,3
54236,6
54240,3
54241,2
54242,5
54243,3
54244,7
54245,0
54246,9
54257,7
54259,7
54260,0
54263,0
54266,0
54267,2
54268,7
54270,6
54272,4
54274,0
54276,4
54279,7
54285,7
54286,3
54287,7
54288,9
54290,7
54292,9
54295,6
54298,3
54299,6
54300,9
54302,6
54303,4
54305,9
54307,4
54309,0
54311,0
54313,0
54314,7
54317,3
54318,4
54320,6
54323,5
54330,7
54332,7
54334,6
54336,7
54338,7
54339,9
54340,7
54341,4
54342,2
54343,7
54346,6
54347,7
54351,5
54352,9
54355,2
54359,5
54362,7
54364,0
54365,5
54367,4
54368,3
54371,9
54372,0
54373,4
54375,7
54381,5
54382,4
54384,9
54385,5
54393,7
54394,9
54395,5
54398,3
54399,2
54403,4
54410,7
54416,7
54417,5
54418,9
54419,7
54421,4
54423,7
54424,9
54426,5
54427,4
54429,9
54432,3
54437,3
54438,3
54443,7
54444,0
54448,9
54450,5
54451,6
54453,5
54455,7
54457,9
54461,3
54465,5
54468,9
54473,7
54474,5
54475,4
54476,7
54477,5
54478,5
54479,0
54481,0
54483,4
54485,7
54486,9
54487,4
54490,7
54492,7
54495,5
54497,3
54503,7
54504,9
54510,9
54513,6
54517,3
54519,4
54520,4
54521,4
54524,9
54526,3
54529,5
54530,4
54532,3
54534,5
54536,0
54539,4
54540,4
54542,4
54545,2
54546,5
54548,5
54551,4
54554,9
54556,5
54558,4
54567,3
54568,7
54570,3
54571,0
54574,0
54575,7
54576,3
54577,6
54578,7
54580,4
54581,7
54582,8
54596,9
54598,5
54600,7
54601,7
54603,7
54606,9
54609,4
54611,9
54612,0
54615,0
54616,6
54618,2
54620,3
54627,9
54628,8
54631,6
54633,2
54635,7
54636,4
54637,2
54639,9
54642,0
54643,6
54644,6
54650,6
54655,5
54658,2
54662,7
54663,0
54664,3
54665,4
54668,9
54669,3
54670,9
54677,7
54680,4
54682,6
54684,9
54685,4
54689,0
54697,6
54701,5
54704,8
54705,9
54707,5
54708,7
54709,7
54710,0
54712,4
54715,0
54717,0
54718,3
54720,9
54723,5
54728,0
54730,2
54734,3
54736,4
54737,5
54740,6
54742,3
54743,0
54744,4
54745,0
54746,5
54748,3
54749,9
54750,0
54751,9
54754,7
54756,9
54759,3
54761,7
54762,9
54768,3
54773,6
54774,9
54778,9
54779,4
54780,6
54781,6
54784,9
54792,7
54795,9
54796,4
54798,9
54799,6
54800,9
54801,4
54805,0
54806,0
54807,3
54808,3
54818,5
54819,6
54822,7
54823,5
54824,7
54826,9
54827,0
54829,0
54832,6
54833,6
54836,9
54841,4
54842,7
54849,6
54850,2
54851,6
54853,4
54855,4
54856,6
54860,4
54872,0
54873,9
54877,4
54878,9
54879,5
54881,2
54882,5
54886,0
54888,5
54889,9
54892,4
54896,5
54902,4
54903,7
54904,2
54907,7
54908,0
54909,7
54911,3
54913,7
54914,5
54918,4
54922,2
54923,4
54924,6
54925,3
54926,0
54928,0
54931,5
54932,5
54934,4
54937,4
54940,0
54943,4
54947,5
54949,9
54951,7
54952,7
54953,9
54955,7
54960,7
54964,3
54967,0
54969,0
54970,0
54971,7
54972,2
54973,7
54975,2
54977,3
54979,6
54981,7
54982,5
54984,9
54986,6
54987,0
54988,4
54991,2
54992,6
54993,9
54994,4
54995,7
54996,5
54998,4
55007,3
55008,9
55011,2
55014,4
55016,8
55022,3
55025,5
55027,4
55029,2
55031,6
55034,9
55035,2
55043,0
55050,5
55051,0
55053,3
55055,4
55059,6
55062,7
55067,2
55068,0
55069,5
55070,9
55071,9
55072,7
55074,9
55080,8
55082,3
55083,6
55085,7
55086,4
55087,7
55089,9
55090,3
55092,5
55094,0
55105,7
55107,3
55112,9
55115,5
55118,0
55119,6
55120,5
55121,7
55122,4
55126,0
55128,5
55130,4
55131,0
55135,7
55136,5
55137,5
55139,7
55140,2
55143,6
55144,7
55145,6
55146,7
55148,7
55150,6
55152,9
55155,2
55157,9
55159,6
55160,9
55164,9
55170,6
55171,7
55172,7
55175,0
55184,2
55189,0
55190,7
55193,6
55194,2
55196,6
55204,2
55205,4
55208,2
55218,9
55219,5
55222,6
55224,2
55225,3
55228,3
55230,2
55233,7
55234,3
55235,4
55239,3
55240,9
55244,2
55245,3
55247,7
55249,4
55255,7
55257,4
55259,2
55263,7
55265,3
55275,9
55280,0
55282,4
55287,3
55288,4
55293,0
55296,4
55297,9
55300,0
55304,6
55305,5
55308,9
55315,3
55322,3
55324,0
55325,2
55327,4
55328,0
55334,6
55336,7
55339,4
55341,2
55342,6
55343,4
55346,9
55347,3
55351,6
55353,6
55356,5
55357,7
55358,7
55359,5
55361,9
55362,0
55363,7
55365,9
55372,4
55376,5
55377,4
55381,0
55383,9
55387,5
55390,9
55391,4
55392,6
55393,9
55395,3
55396,9
55398,7
55399,0
55400,4
55401,4
55402,4
55403,9
55404,4
55405,3
55407,6
55408,3
55410,4
55413,4
55415,2
55416,0
55418,5
55421,6
55423,4
55425,9
55427,0
55431,7
55432,2
55437,9
55438,6
55442,4
55444,6
55446,9
55448,5
55449,4
55456,6
55458,0
55459,2
55460,5
55464,7
55466,6
55467,7
55469,0
55472,3
55473,0
55476,2
55478,9
55481,4
55484,9
55488,9
55490,0
55491,6
55492,3
55494,4
55495,9
55496,4
55497,4
55498,4
55501,0
55502,7
55504,5
55505,4
55508,9
55509,2
55512,7
55514,0
55515,4
55516,4
55519,9
55521,5
55522,7
55523,4
55524,0
55526,7
55529,5
55531,2
55535,4
55544,7
55545,0
55546,3
55547,3
55549,7
55553,0
55554,9
55556,4
55557,9
55559,0
55561,2
55568,4
55571,9
55572,4
55573,7
55574,9
55575,4
55576,8
55578,7
55579,6
55582,7
55584,5
55586,9
55589,7
55590,4
55593,9
55595,9
55598,7
55599,7
55601,0
55604,5
55605,0
55611,7
55613,4
55614,6
55616,9
55620,3
55621,3
55622,4
55623,4
55624,6
55625,8
55626,4
55627,7
55629,0
55631,2
55632,6
55634,5
55637,6
55644,4
55645,0
55649,0
55651,0
55653,7
55654,5
55656,5
55659,3
55660,3
55661,3
55663,7
55665,6
55666,0
55668,3
55672,4
55673,8
55674,9
55675,5
55677,0
55681,5
55683,0
55690,7
55691,3
55694,6
55695,7
55700,3
55701,7
55705,6
55709,4
55713,3
55715,5
55716,7
55718,9
55719,3
55720,3
55723,9
55725,5
55727,0
55729,7
55731,4
55732,7
55735,7
55737,4
55742,7
55743,6
55744,3
55745,0
55746,6
55748,9
55751,4
55753,4
55754,9
55757,3
55759,5
55769,4
55774,9
55776,4
55780,4
55782,6
55786,2
55789,4
55790,4
55792,0
55794,9
55795,9
55796,4
55803,9
55808,3
55811,6
55816,6
55818,2
55824,0
55825,4
55826,5
55828,9
55829,7
55830,6
55831,5
55835,4
55841,3
55842,5
55843,2
55844,2
55851,5
55855,9
55857,5
55859,5
55860,4
55861,7
55864,6
55866,4
55867,0
55868,3
55872,7
55877,3
55881,7
55882,3
55887,4
55888,7
55889,5
55892,6
55895,5
55898,7
55899,5
55901,6
55903,4
55907,6
55912,3
55914,5
55916,7
55917,5
55918,9
55919,7
55921,7
55922,7
55925,7
55926,5
55930,3
55932,0
55934,0
55935,7
55936,3
55940,9
55944,6
55945,4
55946,4
55947,9
55954,0
55956,9
55960,7
55961,2
55962,0
55965,6
55966,5
55977,6
55978,5
55979,8
55981,7
55983,6
55985,7
55988,6
55989,7
55990,4
55992,5
55994,7
55997,3
55998,0
56001,7
56011,0
56016,6
56019,9
56020,9
56021,4
56024,7
56027,5
56028,5
56029,0
56031,0
56033,5
56034,2
56036,5
56038,0
56039,9
56042,0
56044,0
56046,4
56048,7
56054,7
56055,7
56056,5
56061,7
56065,6
56067,0
56068,6
56071,4
56077,4
56078,4
56079,4
56080,7
56082,5
56087,7
56088,3
56089,9
56090,2
56091,3
56093,6
56094,3
56100,0
56106,0
56107,4
56112,3
56114,7
56119,4
56120,5
56122,6
56127,6
56128,7
56131,6
56133,3
56135,7
56137,2
56139,5
56140,5
56141,7
56143,9
56145,6
56148,5
56150,4
56153,0
56155,7
56159,6
56160,3
56161,7
56164,3
56168,7
56177,3
56181,4
56184,9
56186,6
56188,4
56189,7
56191,4
56192,9
56194,7
56196,4
56198,6
56201,9
56206,6
56208,7
56210,6
56217,5
56227,3
56236,0
56238,5
56239,9
56243,7
56244,9
56245,9
56247,0
56248,4
56249,4
56251,5
56253,7
56256,4
56258,4
56262,0
56263,7
56264,2
56265,4
56269,9
56274,9
56276,4
56277,6
56279,2
56282,0
56284,5
56288,0
56290,7
56292,5
56294,9
56296,7
56297,5
56298,9
56299,4
56302,9
56306,0
56307,9
56310,4
56311,4
56315,9
56317,9
56320,7
56321,0
56322,5
56324,9
56327,6
56328,3
56329,4
56331,5
56333,7
56334,6
56338,9
56340,8
56341,7
56342,9
56345,4
56347,7
56351,6
56352,6
56354,7
56355,3
56362,9
56363,5
56368,5
56369,4
56370,6
56372,9
56374,2
56377,4
56379,0
56382,4
56383,9
56385,7
56386,4
56387,9
56391,9
56395,6
56397,3
56399,7
56405,5
56406,3
56407,0
56409,4
56414,9
56417,3
56420,3
56421,0
56423,4
56424,6
56425,4
56426,3
56428,6
56430,3
56432,6
56437,4
56438,3
56440,4
56441,9
56443,6
56444,7
56445,4
56447,7
56448,5
56449,9
56452,0
56455,5
56457,6
56459,0
56460,4
56462,7
56463,5
56464,9
56466,3
56467,9
56470,3
56476,4
56480,0
56481,7
56482,9
56484,4
56487,5
56488,2
56494,3
56495,7
56496,3
56497,3
56499,0
56502,7
56507,4
56509,0
56510,5
56512,7
56513,0
56516,4
56520,6
56521,7
56530,4
56535,9
56541,5
56543,4
56544,9
56547,2
56548,3
56551,7
56552,3
56554,3
56558,5
56559,6
56560,3
56561,0
56563,2
56565,7
56568,3
56569,3
56574,0
56575,7
56577,4
56581,7
56584,6
56590,7
56591,0
56592,5
56593,7
56594,3
56596,3
56598,9
56601,9
56602,5
56604,4
56605,5
56608,9
56611,9
56613,4
56614,7
56615,2
56616,6
56620,3
56626,9
56630,6
56631,7
56632,4
56634,4
56636,6
56639,7
56640,7
56643,4
56644,9
56649,6
56651,3
56654,5
56656,7
56657,7
56661,5
56663,0
56670,9
56671,7
56672,6
56673,0
56674,4
56679,0
56680,9
56681,5
56682,6
56684,5
56688,9
56692,5
56700,4
56701,5
56703,9
56704,4
56709,3
56711,9
56712,6
56713,0
56714,3
56724,6
56725,9
56726,7
56727,6
56731,7
56734,5
56736,3
56740,6
56743,9
56744,0
56747,4
56748,5
56749,0
56752,4
56755,7
56757,6
56758,3
56765,5
56767,0
56768,7
56769,9
56770,2
56771,6
56773,0
56776,3
56777,5
56780,0
56781,0
56782,9
56783,4
56784,3
56788,5
56789,9
56790,4
56792,6
56793,7
56795,5
56796,6
56797,0
56800,3
56801,6
56802,3
56805,9
56807,6
56808,5
56810,0
56811,2
56812,5
56817,4
56818,2
56820,9
56822,8
56826,9
56829,2
56832,3
56833,3
56834,3
56836,4
56838,7
56842,9
56844,4
56848,9
56849,5
56852,2
56853,7
56855,7
56856,4
56859,3
56860,6
56863,7
56866,7
56867,4
56868,5
56869,5
56872,5
56879,6
56882,9
56890,9
56892,6
56895,4
56896,4
56899,3
56906,2
56907,2
56911,4
56912,0
56914,4
56916,4
56918,7
56919,4
56920,7
56928,0
56929,9
56931,4
56932,5
56934,2
56937,0
56938,7
56943,4
56948,6
56949,6
56951,5
56952,4
56955,6
56956,4
56961,4
56963,7
56964,4
56966,6
56967,7
56968,0
56974,9
56977,7
56979,7
56981,7
56983,5
56985,2
56987,9
56990,4
56991,4
56992,5
56995,0
57001,6
57004,4
57005,4
57007,0
57008,7
57009,7
57010,3
57012,0
57016,6
57017,0
57018,9
57023,6
57026,4
57028,4
57029,4
57034,7
57035,9
57036,0
57040,7
57041,7
57044,7
57045,8
57047,9
57048,5
57051,0
57054,5
57061,4
57066,5
57067,6
57069,5
57070,6
57071,7
57073,0
57074,0
57077,6
57079,9
57081,7
57087,4
57088,0
57089,7
57091,4
57094,4
57097,5
57099,4
57102,9
57103,0
57104,6
57105,9
57106,7
57107,5
57108,7
57122,0
57123,6
57124,7
57127,4
57129,0
57138,6
57139,5
57140,6
57142,6
57146,6
57148,7
57150,5
57151,5
57152,4
57157,7
57158,6
57161,0
57166,7
57167,9
57168,7
57169,0
57170,5
57171,7
57172,7
57173,9
57174,4
57179,4
57186,3
57194,9
57197,7
57203,4
57211,5
57212,6
57214,9
57215,0
57216,9
57222,9
57226,0
57228,3
57230,3
57235,9
57239,2
57240,5
57245,0
57247,7
57250,3
57257,5
57261,5
57262,7
57267,9
57268,7
57270,9
57273,6
57274,9
57281,9
57282,9
57286,5
57288,7
57290,0
57293,0
57294,6
57296,5
57298,2
57300,6
57305,4
57306,0
57308,4
57309,4
57311,9
57314,7
57317,5
57318,4
57319,9
57320,4
57323,3
57326,9
57328,5
57329,9
57330,9
57332,0
57334,7
57336,7
57337,5
57338,3
57339,9
57348,0
57349,4
57354,7
57357,0
57359,7
57363,7
57364,6
57371,6
57372,7
57379,3
57380,4
57382,3
57384,6
57386,6
57388,0
57389,9
57390,6
57392,7
57394,9
57398,7
57400,4
57407,7
57409,3
57410,9
57412,9
57413,4
57416,9
57421,7
57425,4
57430,5
57432,6
57433,7
57434,9
57436,4
57437,2
57438,4
57439,4
57441,7
57444,7
57446,7
57447,7
57449,3
57451,7
57453,0
57454,8
57459,7
57461,6
57463,6
57464,7
57465,6
57466,5
57468,7
57469,5
57473,2
57478,4
57479,8
57480,2
57481,7
57483,0
57486,4
57489,4
57490,6
57492,4
57493,4
57499,7
57502,3
57503,9
57504,4
57505,7
57506,5
57513,9
57514,6
57518,0
57519,5
57520,9
57521,0
57522,3
57525,3
57527,4
57528,5
57529,3
57530,3
57531,5
57532,4
57533,5
57534,9
57535,4
57536,0
57538,0
57539,7
57540,8
57541,5
57542,9
57546,7
57548,7
57549,6
57551,7
57552,7
57554,6
57555,7
57557,4
57559,4
57563,7
57568,3
57569,7
57570,6
57571,7
57572,9
57578,3
57579,0
57581,9
57583,2
57587,4
57589,0
57592,4
57593,7
57596,3
57597,6
57600,5
57603,3
57607,6
57608,5
57613,3
57615,5
57616,4
57618,9
57619,4
57620,7
57621,6
57625,3
57626,7
57627,3
57630,4
57633,4
57635,4
57637,6
57639,9
57640,7
57642,0
57644,4
57648,5
57649,9
57651,3
57661,4
57665,2
57666,4
57667,3
57669,0
57675,0
57676,4
57680,3
57681,7
57685,9
57687,8
57690,5
57693,4
57696,0
57699,5
57704,4
57706,9
57712,6
57713,2
57714,4
57715,2
57720,5
57722,7
57723,6
57725,0
57727,7
57730,5
57732,7
57735,4
57737,9
57739,4
57740,6
57745,5
57747,7
57748,3
57751,4
57752,9
57758,0
57760,3
57762,4
57763,4
57765,3
57768,7
57778,6
57781,6
57783,3
57784,6
57787,0
57790,6
57792,3
57793,9
57794,7
57795,4
57799,4
57803,6
57804,4
57805,9
57806,3
57807,9
57808,6
57809,9
57811,2
57814,7
57816,7
57817,9
57824,0
57827,0
57828,7
57831,7
57834,9
57840,4
57841,3
57843,9
57844,7
57845,9
57846,3
57847,4
57848,0
57851,3
57853,5
57854,5
57858,9
57863,6
57866,7
57868,0
57870,4
57872,5
57874,6
57875,6
57877,9
57884,2
57885,0
57886,4
57889,4
57892,0
57895,0
57900,4
57901,0
57902,3
57906,6
57909,3
57912,4
57913,9
57919,9
57920,3
57921,9
57927,6
57933,9
57935,5
57936,4
57938,0
57942,8
57944,0
57946,0
57949,0
57955,9
57956,7
57957,3
57959,0
57960,3
57962,5
57967,5
57970,6
57974,0
57978,9
57980,3
57982,5
57983,3
57985,3
57986,6
57987,3
57988,4
57990,3
57992,9
57996,0
57998,6
58000,7
58004,0
58006,6
58007,8
58010,3
58013,4
58015,0
58019,9
58021,0
58023,0
58026,5
58027,3
58029,6
58030,9
58031,2
58035,4
58041,7
58044,0
58045,2
58048,0
58050,6
58052,7
58053,4
58054,3
58057,9
58059,7
58060,0
58062,0
58066,0
58071,9
58072,0
58074,7
58077,6
58079,6
58080,9
58082,0
58084,7
58085,5
58092,4
58097,7
58102,0
58103,4
58107,3
58108,3
58111,4
58116,4
58117,6
58118,7
58119,4
58121,0
58126,7
58129,9
58130,7
58131,5
58132,9
58133,0
58140,0
58141,5
58142,0
58143,3
58144,9
58145,3
58146,6
58149,4
58150,6
58152,7
58153,4
58154,7
58156,9
58159,2
58160,7
58161,4
58163,0
58165,9
58168,6
58172,6
58174,5
58175,7
58177,9
58178,3
58182,4
58191,7
58193,5
58195,9
58199,4
58201,8
58202,9
58204,5
58205,2
58207,3
58209,2
58210,0
58211,7
58212,0
58214,2
58218,3
58219,2
58221,3
58223,9
58224,5
58227,9
58236,6
58237,6
58238,3
58240,8
58246,0
58247,9
58249,7
58251,4
58253,4
58254,0
58255,3
58257,7
58261,5
58262,6
58264,3
58267,7
58269,5
58271,5
58272,7
58273,6
58274,3
58278,7
58279,9
58283,7
58286,5
58297,3
58299,7
58301,7
58303,4
58304,2
58305,3
58306,4
58309,7
58313,0
58315,9
58317,7
58318,6
58319,9
58323,5
58325,7
58326,9
58327,9
58331,2
58332,5
58335,5
58337,0
58341,3
58342,4
58344,4
58346,6
58357,2
58361,4
58362,5
58363,9
58366,0
58369,4
58371,3
58374,6
58375,7
58376,3
58377,9
58378,7
58379,0
58382,9
58385,4
58387,7
58388,6
58389,6
58395,5
58399,6
58400,4
58403,0
58405,9
58406,6
58410,3
58411,6
58413,7
58414,4
58417,7
58418,0
58420,5
58421,4
58427,0
58430,4
58433,6
58434,6
58439,3
58441,0
58445,5
58448,7
58449,6
58451,7
58452,9
58457,0
58459,7
58460,5
58464,2
58470,7
58471,4
58475,3
58476,9
58479,4
58480,0
58482,4
58483,5
58485,4
58490,3
58491,9
58492,4
58493,0
58494,7
58495,6
58496,6
58497,4
58498,3
58501,7
58502,9
58507,5
58510,7
58512,3
58513,7
58518,6
58520,0
58525,7
58527,5
58528,7
58529,9
58532,5
58535,8
58539,0
58540,6
58541,4
58548,4
58549,7
58552,9
58559,9
58560,0
58561,7
58564,5
58567,0
58568,0
58569,7
58572,4
58573,7
58574,0
58576,3
58578,9
58579,0
58580,2
58583,5
58587,7
58589,6
58593,4
58594,4
58595,9
58596,7
58598,7
58600,4
58602,9
58606,2
58607,7
58609,7
58612,9
58615,5
58616,9
58619,4
58620,4
58622,0
58625,3
58626,0
58627,7
58631,4
58635,7
58638,9
58641,6
58642,4
58645,0
58647,7
58649,4
58654,6
58655,7
58656,2
58658,5
58660,4
58661,7
58663,7
58666,6
58668,4
58672,3
58676,3
58681,6
58682,5
58683,7
58684,6
58686,5
58687,5
58690,5
58693,5
58694,7
58696,9
58705,9
58706,4
58711,7
58712,4
58717,7
58722,3
58724,2
58725,3
58727,6
58729,7
58734,4
58736,6
58740,9
58746,9
58749,3
58751,7
58752,4
58753,4
58759,7
58764,7
58765,0
58767,2
58768,5
58772,7
58778,9
58779,9
58788,0
58790,6
58792,7
58794,0
58796,9
58799,3
58800,7
58802,4
58804,0
58805,4
58808,4
58810,3
58811,7
58813,7
58815,4
58816,4
58819,4
58820,4
58827,0
58830,7
58832,4
58834,5
58835,7
58839,7
58840,3
58842,3
58851,0
58854,3
58856,4
58859,4
58863,4
58869,2
58871,6
58872,9
58873,7
58876,6
58880,9
58881,7
58882,0
58883,0
58884,3
58885,7
58892,4
58896,3
58898,2
58905,9
58911,7
58912,9
58913,9
58914,9
58915,9
58916,7
58918,2
58922,3
58931,5
58932,7
58937,3
58938,9
58939,6
58941,8
58944,0
58946,9
58947,7
58948,4
58949,2
58950,2
58953,5
58955,6
58961,0
58964,7
58969,0
58970,6
58971,9
58972,0
58977,7
58982,3
58983,3
58989,7
58992,4
58999,2
59000,0
59003,0
59005,6
59006,0
59010,0
59012,7
59015,6
59016,3
59017,9
59018,3
59019,6
59020,9
59021,7
59022,7
59024,6
59025,5
59026,9
59027,9
59032,4
59034,7
59038,3
59041,4
59042,3
59046,7
59048,2
59054,3
59064,0
59065,0
59066,7
59068,5
59069,0
59075,3
59077,2
59078,7
59082,3
59085,2
59090,0
59091,5
59095,6
59096,4
59098,7
59099,9
59100,4
59106,4
59110,9
59113,7
59118,3
59122,3
59124,5
59125,4
59126,3
59129,9
59132,4
59133,3
59134,3
59139,9
59141,7
59142,6
59143,7
59144,7
59146,9
59147,3
59148,5
59154,9
59160,7
59161,4
59163,4
59165,2
59169,6
59171,7
59173,4
59174,9
59175,3
59176,9
59182,3
59183,9
59184,2
59186,9
59189,8
59193,0
59196,5
59197,7
59198,4
59202,9
59205,7
59207,8
59211,4
59213,4
59224,5
59225,4
59226,0
59227,0
59231,4
59234,9
59235,7
59236,7
59244,4
59246,7
59247,9
59248,4
59251,4
59256,7
59258,2
59259,9
59261,7
59263,5
59265,4
59267,0
59271,3
59276,6
59279,7
59281,7
59283,5
59287,4
59288,7
59290,4
59291,7
59292,6
59295,5
59299,0
59307,0
59308,4
59309,6
59311,5
59313,9
59315,7
59317,3
59319,4
59320,4
59321,4
59324,0
59326,4
59328,9
59329,3
59331,8
59335,4
59337,9
59341,4
59342,7
59343,7
59344,5
59345,6
59351,6
59356,9
59361,5
59362,5
59363,6
59369,5
59370,7
59372,9
59373,6
59375,4
59378,9
59379,5
59380,7
59382,6
59384,9
59387,7
59388,7
59391,6
59392,7
59397,9
59398,0
59399,7
59401,7
59404,9
59414,6
59415,7
59419,4
59423,2
59424,7
59433,9
59435,7
59440,0
59442,8
59443,0
59445,5
59447,6
59448,5
59450,5
59452,7
59453,6
59462,4
59463,0
59466,7
59467,3
59470,4
59472,7
59478,7
59479,6
59480,6
59484,9
59491,7
59493,2
59494,7
59495,2
59497,4
59498,7
59501,9
59503,6
59507,6
59509,3
59513,9
59516,9
59518,0
59519,9
59521,0
59523,2
59524,6
59528,0
59530,9
59532,4
59533,9
59536,4
59537,3
59538,4
59539,7
59540,8
59542,5
59543,4
59544,5
59550,5
59551,7
59555,5
59558,9
59560,6
59561,0
59564,4
59566,4
59571,9
59578,6
59579,6
59583,0
59585,9
59586,6
59587,7
59590,5
59591,6
59602,0
59603,4
59604,4
59611,9
59621,7
59624,9
59626,3
59627,4
59633,9
59638,9
59639,3
59640,5
59643,7
59651,8
59652,7
59653,5
59654,9
59657,5
59658,4
59660,4
59664,6
59668,0
59669,4
59670,4
59672,7
59673,5
59675,0
59677,2
59680,9
59682,7
59685,6
59686,6
59687,0
59698,5
59701,7
59702,5
59705,9
59706,9
59707,7
59712,7
59715,3
59717,7
59718,6
59720,7
59721,7
59730,6
59731,3
59732,9
59734,6
59735,7
59736,3
59739,6
59742,7
59743,6
59745,9
59748,0
59749,7
59750,4
59753,4
59755,4
59758,9
59761,5
59764,4
59765,4
59767,8
59773,7
59778,6
59780,9
59783,4
59784,6
59785,0
59787,3
59788,0
59791,6
59792,6
59794,7
59797,0
59798,4
59799,7
59802,5
59805,3
59806,5
59808,9
59809,5
59813,7
59814,0
59818,3
59820,7
59821,9
59825,9
59826,9
59828,2
59829,3
59834,2
59836,6
59837,3
59838,7
59843,0
59844,3
59846,7
59848,7
59852,3
59856,7
59857,2
59858,2
59859,4
59860,6
59861,2
59863,3
59865,0
59872,7
59878,3
59881,7
59883,7
59885,7
59886,5
59888,2
59889,3
59891,7
59894,9
59896,4
59897,9
59899,0
59901,6
59903,5
59904,6
59906,3
59908,4
59910,7
59911,9
59912,5
59918,0
59921,9
59924,2
59928,7
59929,0
59931,7
59935,7
59936,9
59937,2
59941,9
59942,6
59943,9
59945,5
59947,7
59958,4
59959,9
59960,7
59964,9
59965,9
59969,0
59970,2
59971,6
59973,2
59975,9
59977,4
59978,0
59980,2
59981,2
59982,9
59983,4
59988,5
59991,3
59992,9
59995,9
59998,5
60001,4
60005,5
60009,4
60019,3
60020,5
60024,3
60027,6
60030,7
60031,0
60036,7
60037,2
60038,2
60039,0
60041,6
60043,5
60045,6
60046,4
60048,4
60051,4
60052,5
60059,4
60063,3
60066,2
60068,0
60074,2
60077,7
60084,2
60087,9
60088,7
60090,7
60095,4
60096,5
60097,0
60101,4
60103,3
60104,5
60114,3
60116,3
60118,6
60121,4
60122,4
60127,9
60128,7
60130,4
60133,0
60134,5
60136,4
60137,3
60140,7
60143,3
60145,3
60146,0
60147,9
60148,0
60152,5
60153,3
60156,7
60158,7
60159,9
60163,7
60164,3
60165,7
60168,9
60170,7
60171,6
60172,4
60173,9
60174,3
60175,0
60176,0
60183,0
60188,7
60191,7
60196,6
60197,7
60198,0
60204,9
60205,4
60207,4
60208,3
60211,7
60215,9
60220,7
60221,0
60223,5
60230,5
60232,9
60233,0
60236,5
60237,9
60239,7
60240,3
60244,9
60246,7
60256,6
60259,3
60261,0
60264,0
60265,8
60266,6
60267,0
60268,0
60271,4
60273,7
60276,6
60279,4
60282,3
60285,3
60287,0
60289,4
60291,5
60292,7
60295,6
60299,4
60305,9
60306,4
60308,4
60309,2
60310,3
60312,4
60316,0
60319,4
60322,6
60326,7
60327,0
60329,4
60330,4
60332,0
60335,0
60342,3
60347,4
60349,5
60350,9
60353,8
60361,7
60363,6
60365,6
60367,4
60369,4
60371,9
60378,4
60379,9
60380,0
60381,7
60389,4
60392,3
60394,7
60395,5
60397,7
60398,4
60404,4
60405,4
60407,5
60409,3
60412,5
60413,6
60415,4
60416,3
60417,0
60418,0
60424,5
60431,3
60432,7
60433,0
60436,4
60440,9
60441,2
60443,7
60444,3
60447,0
60453,3
60455,7
60456,4
60458,6
60459,3
60462,6
60463,0
60466,5
60473,7
60474,0
60480,4
60482,9
60483,0
60484,9
60487,0
60490,9
60497,3
60499,4
60501,6
60504,3
60505,7
60507,5
60514,4
60515,3
60520,2
60523,3
60524,6
60531,9
60532,0
60533,9
60536,3
60537,4
60540,5
60544,5
60545,4
60549,3
60554,4
60556,7
60558,0
60560,7
60561,3
60563,9
60564,6
60566,7
60567,4
60570,7
60571,9
60573,2
60576,4
60579,5
60582,7
60585,9
60586,7
60587,6
60589,7
60590,9
60593,0
60595,7
60596,7
60598,0
60600,5
60602,9
60605,5
60610,4
60616,8
60618,6
60619,6
60620,5
60625,7
60628,5
60630,0
60632,9
60633,4
60635,4
60642,7
60644,0
60645,7
60647,6
60648,0
60653,6
60655,7
60656,9
60657,0
60663,2
60667,6
60671,0
60673,9
60674,9
60675,4
60676,7
60678,4
60679,6
60682,3
60683,3
60686,7
60687,3
60689,3
60691,7
60692,6
60695,7
60698,0
60702,5
60704,3
60718,3
60722,4
60723,6
60725,3
60730,9
60731,9
60732,6
60739,5
60740,4
60741,5
60742,4
60746,0
60752,3
60759,9
60760,0
60761,9
60763,5
60765,7
60766,4
60768,5
60774,0
60776,7
60777,3
60778,0
60780,5
60781,5
60783,4
60784,4
60789,4
60792,0
60794,5
60797,3
60798,7
60800,2
60810,2
60811,7
60813,4
60815,9
60817,7
60819,0
60820,9
60824,9
60825,0
60826,7
60827,9
60831,4
60832,4
60834,5
60835,5
60836,2
60838,3
60839,6
60842,2
60846,6
60848,7
60851,4
60853,6
60854,5
60856,9
60857,0
60858,7
60860,0
60862,6
60864,6
60866,9
60868,7
60869,4
60871,2
60872,6
60874,8
60875,4
60879,4
60881,6
60882,5
60883,7
60884,6
60887,7
60889,7
60894,7
60895,4
60896,9
60899,7
60900,7
60910,6
60911,5
60913,0
60914,3
60915,3
60916,9
60917,7
60920,3
60921,0
60922,4
60923,9
60925,5
60926,4
60927,3
60928,9
60930,2
60936,7
60937,8
60938,5
60941,4
60942,7
60944,2
60947,0
60951,4
60953,9
60956,8
60957,5
60958,4
60962,7
60963,4
60964,7
60965,9
60967,9
60968,6
60980,0
60981,4
60982,4
60983,9
60984,5
60989,7
60994,5
60995,0
61000,7
61002,5
61004,3
61006,4
61010,4
61013,3
61015,2
61017,5
61018,0
61019,7
61021,3
61023,0
61029,3
61031,7
61032,4
61034,4
61041,9
61043,9
61045,0
61049,9
61051,2
61053,9
61054,6
61058,7
61060,9
61061,4
61062,9
61063,3
61064,7
61066,9
61067,0
61071,7
61077,4
61079,3
61081,3
61082,3
61085,6
61088,7
61089,9
61091,8
61094,0
61096,9
61100,7
61102,7
61104,0
61107,7
61108,3
61110,9
61114,2
61117,0
61118,2
61120,5
61121,9
61126,4
61131,6
61132,2
61133,2
61135,0
61136,5
61138,9
61139,6
61141,3
61144,5
61145,7
61146,5
61147,9
61154,5
61156,3
61160,5
61162,6
61167,0
61170,4
61172,8
61177,7
61180,7
61181,7
61182,6
61183,7
61185,5
61187,7
61189,7
61190,3
61191,4
61197,2
61199,5
61200,5
61203,9
61207,4
61210,4
61212,7
61216,9
61217,4
61219,9
61220,9
61221,4
61223,0
61225,9
61228,4
61230,5
61231,9
61233,9
61234,4
61239,8
61240,4
61241,7
61244,0
61245,9
61246,0
61247,7
61250,3
61252,4
61255,7
61260,0
61261,6
61266,2
61267,7
61270,7
61271,8
61273,7
61276,5
61277,4
61280,7
61282,2
61283,3
61285,3
61288,4
61289,3
61290,9
61291,3
61296,4
61297,0
61307,6
61308,5
61309,6
61311,7
61314,7
61316,9
61321,9
61323,3
61326,7
61327,7
61328,4
61333,0
61335,2
61336,4
61338,9
61340,6
61343,9
61344,2
61345,7
61346,5
61354,5
61355,7
61358,0
61359,4
61361,0
61365,7
61367,0
61371,9
61376,7
61378,8
61380,2
61381,6
61383,9
61384,6
61385,7
61387,7
61390,3
61391,6
61392,5
61396,4
61401,2
61402,5
61403,6
61404,9
61405,4
61411,9
61417,2
61421,7
61426,7
61427,9
61429,5
61435,0
61436,4
61438,9
61439,7
61441,7
61442,2
61443,0
61445,6
61446,6
61447,4
61451,2
61452,7
61459,0
61460,0
61469,2
61470,6
61471,8
61472,8
61475,5
61477,6
61478,4
61479,7
61480,3
61483,6
61484,7
61485,3
61486,0
61487,0
61490,2
61491,5
61495,4
61497,7
61499,7
61505,5
61506,3
61508,4
61509,0
61512,9
61513,9
61515,0
61519,5
61522,5
61525,6
61526,6
61527,0
61530,4
61533,9
61535,0
61537,0
61540,8
61541,4
61546,2
61549,0
61551,7
61554,7
61557,9
61558,0
61562,9
61563,6
61565,4
61569,7
61572,5
61573,7
61577,3
61579,6
61583,5
61584,6
61585,0
61592,3
61593,8
61594,2
61596,0
61597,5
61598,0
61607,9
61615,5
61617,5
61619,5
61620,9
61621,3
61624,9
61625,9
61629,7
61634,7
61640,0
61643,9
61646,4
61647,4
61648,5
61652,7
61653,5
61654,4
61659,9
61664,0
61666,7
61668,3
61669,2
61670,3
61671,6
61674,9
61677,7
61680,9
61682,7
61683,7
61684,2
61687,3
61688,6
61691,9
61692,3
61695,0
61699,9
61700,3
61703,6
61704,7
61705,7
61706,9
61710,0
61713,5
61718,2
61722,9
61724,9
61725,9
61728,0
61729,0
61731,9
61732,4
61734,4
61735,0
61739,5
61740,2
61748,9
61749,4
61751,7
61752,2
61757,6
61760,3
61766,4
61767,4
61775,5
61776,7
61779,0
61780,3
61781,9
61783,4
61784,7
61787,0
61788,4
61790,0
61791,0
61793,0
61794,9
61795,3
61797,7
61800,9
61809,9
61810,6
61812,4
61815,0
61816,7
61819,3
61820,7
61821,6
61832,7
61833,4
61834,6
61835,4
61836,6
61839,6
61840,7
61841,0
61847,6
61848,5
61852,4
61854,4
61856,7
61858,2
61859,4
61864,5
61867,3
61870,4
61871,6
61873,0
61874,9
61878,3
61888,3
61889,4
61892,5
61893,6
61895,4
61896,9
61898,4
61900,9
61904,8
61905,5
61906,7
61907,5
61908,3
61909,6
61911,0
61912,7
61914,6
61916,2
61917,0
61918,2
61923,5
61927,7
61930,4
61931,0
61935,2
61936,6
61937,2
61941,4
61942,9
61945,7
61948,3
61949,5
61957,7
61958,7
61961,0
61964,3
61966,4
61968,3
61973,9
61974,2
61976,4
61978,0
61980,7
61981,2
61982,2
61983,7
61984,4
61985,6
61989,9
61992,7
61994,2
61997,0
62000,4
62001,4
62005,7
62007,3
62009,2
62011,7
62013,2
62014,3
62015,6
62017,3
62020,7
62024,2
62026,6
62031,3
62033,7
62037,7
62038,5
62039,6
62040,4
62041,9
62042,3
62048,3
62049,3
62051,4
62058,4
62059,7
62061,7
62064,0
62065,0
62068,3
62069,4
62070,0
62072,4
62074,6
62078,7
62080,0
62081,3
62089,9
62090,4
62093,2
62094,2
62095,2
62099,7
62100,3
62101,3
62103,5
62108,7
62109,3
62110,6
62111,7
62118,9
62120,9
62121,0
62124,9
62141,5
62143,5
62144,6
62146,7
62149,0
62150,9
62152,2
62153,4
62155,4
62156,4
62159,8
62170,0
62172,3
62174,0
62176,0
62177,5
62178,4
62183,4
62187,6
62190,5
62192,3
62193,6
62194,3
62200,6
62202,2
62206,0
62208,8
62210,3
62212,6
62216,7
62217,3
62218,0
62220,5
62222,4
62223,3
62225,7
62226,4
62228,6
62229,4
62231,4
62240,6
62241,5
62242,3
62246,7
62247,9
62250,4
62258,6
62259,0
62261,5
62263,8
62264,7
62266,5
62267,6
62274,2
62277,2
62279,5
62280,3
62286,7
62288,2
62291,6
62292,4
62293,5
62297,4
62301,2
62304,7
62305,7
62313,3
62317,7
62319,4
62321,9
62322,9
62323,4
62324,0
62325,3
62339,2
62343,3
62346,2
62351,7
62352,0
62353,7
62356,4
62358,2
62359,6
62360,3
62361,7
62363,9
62367,9
62368,9
62369,5
62370,9
62371,0
62374,0
62376,7
62379,2
62382,3
62386,2
62388,3
62392,5
62400,5
62402,7
62403,4
62404,4
62406,7
62407,7
62410,0
62412,7
62416,4
62417,3
62419,3
62420,0
62421,4
62422,0
62425,4
62426,7
62427,6
62430,7
62431,2
62432,7
62435,4
62440,6
62441,0
62444,7
62450,7
62453,4
62454,6
62456,3
62458,5
62467,3
62468,5
62469,2
62476,4
62478,6
62491,7
62493,2
62500,4
62502,7
62505,7
62507,6
62512,9
62514,4
62516,9
62517,4
62518,4
62519,0
62522,3
62524,0
62525,6
62526,7
62529,6
62530,9
62531,0
62537,6
62538,3
62539,9
62541,6
62544,5
62547,0
62548,9
62553,6
62555,3
62558,3
62559,0
62560,6
62561,9
62562,3
62565,6
62566,0
62567,7
62568,6
62569,9
62570,0
62574,7
62575,6
62582,7
62583,0
62585,9
62588,4
62589,2
62591,2
62595,7
62597,7
62598,6
62602,3
62604,9
62609,4
62612,3
62613,6
62614,4
62617,7
62628,9
62629,7
62630,4
62631,6
62637,6
62640,7
62642,6
62643,7
62644,4
62649,3
62650,7
62654,9
62655,2
62659,4
62661,7
62663,0
62665,5
62667,0
62668,4
62670,6
62673,6
62676,5
62681,0
62687,7
62694,7
62695,3
62697,8
62698,9
62700,4
62702,4
62704,7
62705,0
62707,7
62708,7
62710,9
62715,6
62720,5
62724,5
62729,0
62730,4
62734,5
62739,4
62741,0
62743,2
62745,0
62751,2
62753,7
62757,9
62758,2
62759,4
62765,3
62766,5
62767,2
62770,9
62773,7
62777,4
62778,0
62779,9
62782,5
62783,2
62785,3
62786,2
62787,3
62789,4
62792,0
62801,7
62803,9
62806,4
62808,9
62816,7
62817,7
62823,3
62825,9
62827,5
62829,0
62830,4
62831,7
62841,7
62842,0
62843,7
62844,8
62846,6
62847,4
62849,4
62850,2
62856,6
62857,7
62860,0
62861,0
62862,9
62863,9
62867,0
62868,6
62869,0
62871,8
62873,3
62876,4
62877,2
62881,4
62884,2
62885,9
62886,2
62889,7
62891,6
62895,7
62896,2
62898,2
62899,4
62905,7
62907,7
62910,4
62913,3
62914,0
62916,4
62917,6
62918,7
62922,4
62923,4
62928,7
62931,3
62932,5
62935,7
62936,4
62937,3
62938,4
62939,7
62941,4
62943,2
62944,3
62945,9
62950,0
62951,0
62954,0
62961,8
62962,4
62966,2
62968,9
62970,9
62972,9
62973,4
62976,7
62977,7
62978,6
62980,5
62981,9
62983,4
62985,7
62988,2
62990,9
62993,2
62994,7
62997,4
62998,3
63005,6
63007,3
63008,2
63011,2
63012,7
63021,7
63022,7
63023,0
63032,4
63037,6
63038,5
63039,5
63042,2
63044,3
63045,5
63052,6
63056,7
63057,4
63058,0
63059,7
63063,7
63065,9
63067,4
63068,4
63069,0
63070,3
63074,3
63075,4
63078,9
63081,4
63082,0
63083,9
63085,7
63086,4
63087,7
63089,3
63090,7
63091,4
63093,4
63094,7
63097,5
63099,0
63102,6
63104,6
63107,2
63110,0
63111,4
63113,2
63115,4
63118,0
63120,0
63122,4
63123,4
63125,9
63126,3
63127,4
63129,6
63132,3
63135,9
63136,5
63138,4
63139,7
63141,4
63145,6
63146,9
63148,4
63152,3
63154,6
63157,0
63159,4
63162,7
63166,4
63169,4
63170,6
63174,8
63178,4
63180,5
63181,4
63182,7
63183,3
63187,9
63190,7
63191,9
63193,6
63194,7
63196,7
63199,7
63202,0
63206,2
63208,4
63210,0
63211,3
63213,4
63215,6
63217,7
63221,7
63224,6
63225,7
63226,9
63227,3
63228,0
63229,9
63231,9
63234,7
63236,8
63241,5
63245,6
63246,7
63247,7
63253,4
63254,7
63256,3
63258,9
63261,9
63263,9
63265,4
63267,9
63275,0
63278,5
63280,2
63284,4
63285,3
63286,7
63287,7
63288,5
63289,5
63291,9
63292,0
63293,3
63295,0
63297,4
63301,2
63304,9
63308,2
63310,9
63314,7
63315,6
63316,0
63321,6
63324,9
63329,4
63332,9
63334,9
63335,4
63337,0
63338,3
63339,4
63345,7
63357,7
63358,9
63359,6
63360,4
63361,7
63362,0
63367,3
63368,2
63369,4
63371,6
63372,4
63373,6
63375,6
63376,9
63381,9
63383,9
63385,6
63386,7
63391,5
63392,2
63393,5
63395,4
63397,5
63398,9
63399,9
63402,2
63403,7
63405,5
63407,3
63414,4
63415,4
63418,4
63419,9
63421,0
63423,9
63425,6
63427,7
63428,9
63430,4
63431,4
63432,7
63436,4
63437,5
63438,9
63440,9
63443,9
63447,7
63449,9
63451,5
63453,7
63455,3
63457,9
63460,6
63464,9
63468,9
63469,3
63470,9
63471,7
63474,9
63476,6
63477,6
63479,9
63480,9
63481,4
63484,4
63486,4
63489,7
63490,6
63491,3
63496,7
63497,7
63498,7
63500,7
63501,6
63503,3
63505,0
63507,4
63508,4
63511,7
63513,6
63514,5
63515,3
63523,3
63525,6
63528,6
63529,7
63530,7
63531,8
63534,0
63536,5
63538,5
63539,5
63540,3
63541,0
63542,2
63545,5
63547,3
63552,9
63553,5
63556,4
63557,7
63558,7
63559,6
63560,7
63561,4
63562,4
63563,0
63564,4
63567,0
63568,6
63571,0
63572,4
63577,6
63578,6
63579,5
63580,9
63581,9
63582,5
63584,3
63585,2
63587,3
63588,7
63589,6
63590,6
63594,0
63599,4
63600,2
63601,7
63604,4
63605,9
63613,9
63615,2
63617,7
63623,7
63630,6
63633,4
63635,0
63636,6
63638,4
63640,5
63645,6
63647,3
63650,4
63652,9
63657,6
63659,7
63660,7
63661,0
63663,0
63665,3
63667,9
63669,9
63670,7
63671,0
63672,7
63674,4
63676,6
63677,0
63679,7
63681,7
63684,5
63689,7
63690,4
63694,6
63695,5
63696,7
63697,7
63699,4
63700,0
63701,3
63708,9
63710,9
63712,6
63714,3
63715,6
63717,5
63718,7
63721,7
63724,5
63725,6
63726,7
63727,5
63728,4
63731,7
63732,3
63735,0
63736,0
63738,9
63741,2
63743,7
63746,7
63750,5
63752,4
63753,7
63754,6
63755,6
63759,7
63760,5
63764,4
63765,6
63766,6
63769,3
63770,6
63779,7
63781,0
63783,6
63784,9
63788,7
63792,9
63793,7
63794,4
63795,4
63801,3
63808,3
63809,0
63810,3
63814,9
63823,3
63825,5
63827,7
63828,6
63829,5
63831,7
63834,4
63837,2
63838,9
63840,7
63843,0
63845,7
63847,4
63850,6
63851,3
63853,7
63855,6
63856,4
63858,0
63859,5
63860,4
63864,7
63869,4
63872,7
63873,7
63877,3
63881,4
63882,5
63885,6
63887,4
63889,4
63890,2
63893,8
63895,0
63896,9
63902,6
63905,6
63908,6
63914,4
63916,6
63919,3
63921,3
63922,2
63923,4
63924,9
63925,6
63927,9
63928,7
63929,7
63930,9
63936,7
63939,2
63940,5
63941,0
63943,9
63945,4
63946,7
63949,0
63955,0
63956,3
63959,6
63960,4
63961,9
63962,4
63964,6
63966,9
63971,6
63972,7
63973,5
63977,7
63978,2
63979,9
63980,3
63981,7
63983,3
63985,7
63989,6
63991,7
63992,7
63994,7
63995,6
63996,0
63999,5
64001,6
64002,4
64003,4
64005,7
64006,5
64007,6
64008,7
64014,9
64016,0
64019,0
64026,9
64027,4
64031,3
64036,7
64042,0
64044,6
64046,4
64047,9
64048,9
64049,2
64050,5
64052,9
64054,3
64060,4
64064,6
64065,3
64066,9
64067,9
64072,3
64075,9
64076,3
64080,6
64082,0
64084,8
64092,6
64095,5
64099,5
64101,6
64102,4
64105,7
64106,9
64107,6
64108,9
64109,4
64111,0
64113,4
64114,7
64115,9
64117,2
64121,9
64124,9
64125,9
64126,7
64129,0
64133,5
64134,5
64135,4
64136,3
64138,3
64141,9
64142,0
64143,9
64147,9
64148,2
64151,7
64155,9
64156,5
64158,0
64159,7
64161,5
64166,9
64167,2
64168,9
64170,5
64171,2
64174,8
64177,7
64179,9
64185,4
64192,0
64194,7
64196,7
64202,4
64204,9
64207,9
64209,9
64212,6
64216,7
64217,5
64221,4
64223,6
64226,3
64227,2
64228,9
64229,4
64230,5
64231,6
64233,9
64234,7
64239,7
64241,4
64243,6
64244,4
64246,0
64252,9
64256,5
64258,4
64259,7
64260,0
64263,9
64264,7
64265,3
64266,2
64270,7
64274,0
64277,3
64278,4
64279,2
64280,9
64283,5
64286,2
64287,5
64291,9
64293,4
64295,5
64296,5
64297,5
64298,4
64299,7
64301,3
64303,3
64307,2
64308,5
64310,5
64311,9
64314,0
64317,0
64322,3
64326,5
64328,3
64335,0
64338,4
64342,2
64344,7
64347,0
64351,4
64352,7
64355,4
64356,7
64357,0
64358,9
64360,4
64364,9
64365,6
64366,3
64367,4
64368,4
64369,6
64370,7
64371,3
64373,4
64375,9
64378,4
64379,4
64382,7
64385,7
64386,4
64388,0
64390,5
64392,7
64393,9
64396,3
64397,0
64403,9
64404,2
64406,4
64408,5
64409,7
64411,5
64414,0
64415,2
64416,7
64419,5
64422,0
64423,6
64425,9
64426,4
64428,5
64430,7
64434,7
64436,0
64438,7
64439,6
64440,6
64441,5
64442,4
64446,7
64447,5
64448,7
64450,3
64451,7
64452,5
64454,3
64455,5
64461,5
64463,3
64464,7
64465,2
64466,9
64467,7
64468,5
64474,9
64477,2
64483,4
64484,5
64489,8
64494,7
64496,9
64498,4
64503,0
64505,9
64506,2
64508,7
64509,9
64511,3
64514,7
64516,4
64517,4
64518,3
64522,2
64525,2
64526,3
64527,3
64529,5
64533,5
64534,6
64535,4
64536,7
64537,7
64538,7
64539,2
64540,0
64541,0
64543,0
64547,3
64548,9
64561,7
64562,4
64565,9
64566,4
64570,7
64571,3
64572,4
64574,0
64578,5
64580,7
64582,3
64585,0
64586,4
64591,9
64593,3
64594,7
64595,5
64599,7
64601,5
64602,4
64603,6
64605,7
64608,0
64609,9
64611,0
64616,9
64618,7
64621,5
64623,4
64627,9
64629,3
64630,6
64631,3
64635,3
64636,6
64642,0
64644,5
64647,4
64650,4
64651,6
64652,0
64655,7
64656,7
64657,3
64658,9
64661,4
64662,4
64663,9
64665,0
64666,0
64668,5
64670,3
64677,9
64678,2
64683,4
64684,5
64685,3
64686,6
64687,3
64688,7
64690,0
64692,6
64694,4
64696,0
64700,7
64701,5
64706,5
64707,2
64709,4
64717,6
64718,5
64719,4
64720,2
64721,6
64724,3
64725,0
64727,5
64728,4
64731,9
64732,6
64736,5
64744,4
64746,7
64747,7
64749,3
64751,4
64753,7
64755,4
64758,9
64759,4
64760,5
64761,3
64762,6
64763,7
64765,0
64767,3
64768,6
64769,9
64770,6
64773,7
64776,0
64779,4
64783,4
64787,2
64792,7
64793,9
64803,7
64809,4
64810,3
64813,9
64814,7
64815,5
64817,4
64819,7
64825,0
64826,4
64827,7
64828,0
64829,6
64831,5
64832,0
64834,7
64835,4
64838,7
64846,4
64849,0
64852,9
64858,5
64859,6
64860,6
64861,3
64866,9
64876,5
64881,7
64882,9
64883,9
64885,7
64887,7
64891,4
64893,0
64894,5
64896,6
64898,7
64899,9
64900,9
64901,4
64904,4
64905,3
64906,0
64907,5
64914,6
64916,7
64919,4
64920,6
64922,3
64923,2
64924,5
64926,5
64927,5
64928,0
64931,9
64938,3
64944,6
64945,7
64947,4
64948,0
64949,7
64952,7
64953,7
64954,0
64955,6
64956,9
64958,4
64959,0
64961,2
64963,9
64964,3
64966,6
64968,6
64972,5
64974,3
64977,5
64978,3
64981,3
64982,7
64988,9
64995,5
64996,4
64997,7
64998,8
64999,5
65000,9
65002,6
65003,7
65004,5
65005,9
65007,4
65009,2
65012,7
65017,9
65019,0
65023,5
65027,5
65033,6
65035,3
65047,0
65049,6
65053,5
65056,7
65058,7
65060,3
65062,9
65064,9
65065,7
65066,9
65070,6
65072,6
65074,5
65075,3
65078,5
65079,4
65080,6
65081,9
65083,4
65085,4
65086,9
65088,9
65089,7
65091,0
65094,9
65098,4
65102,0
65104,3
65109,9
65110,0
65111,4
65112,4
65115,2
65125,7
65127,7
65128,0
65135,2
65136,7
65139,0
65141,4
65142,6
65143,4
65144,5
65145,7
65150,6
65154,9
65156,3
65157,4
65158,4
65159,2
65160,3
65163,4
65166,9
65167,7
65169,9
65172,6
65179,0
65185,7
65187,6
65190,4
65193,4
65194,7
65195,0
65198,7
65199,3
65202,4
65209,3
65212,7
65213,0
65216,3
65217,4
65218,9
65219,9
65222,8
65225,0
65226,5
65227,4
65228,9
65229,5
65232,9
65234,3
65236,6
65237,2
65238,4
65239,0
65241,0
65242,4
65246,6
65247,7
65250,7
65252,9
65253,7
65254,6
65257,3
65265,5
65266,7
65269,4
65273,9
65274,9
65275,9
65278,4
65281,3
65282,0
65285,7
65286,0
65290,2
65291,6
65292,7
65295,9
65306,0
65307,7
65310,3
65314,6
65317,2
65319,0
65321,3
65322,7
65327,5
65335,3
65338,5
65340,2
65341,7
65343,7
65345,5
65346,4
65347,5
65348,6
65353,4
65354,3
65356,0
65357,4
65358,7
65359,3
65360,4
65362,3
65364,2
65370,6
65373,4
65374,3
65375,3
65376,4
65379,4
65383,7
65389,7
65391,5
65397,9
65402,0
65403,4
65404,5
65405,0
65407,7
65408,4
65410,6
65411,2
65414,0
65418,6
65423,7
65425,8
65431,3
65433,4
65434,7
65436,7
65445,9
65446,9
65447,4
65457,4
65458,4
65459,4
65460,7
65461,3
65462,3
65464,4
65465,3
65469,7
65470,2
65473,6
65475,3
65477,6
65478,3
65482,2
65487,4
65488,0
65492,7
65495,7
65496,5
65497,2
65498,4
65500,5
65502,3
65503,0
65513,3
65516,5
65518,6
65519,6
65520,6
65521,0
65523,8
65524,4
65525,0
65527,3
65528,5
65529,4
65534,6
65538,6
65542,5
65543,0
65546,6
65550,6
65552,0
65553,5
65555,0
65559,2
65570,9
65573,7
65574,7
65579,7
65580,8
65582,0
65585,8
65587,7
65588,6
65590,4
65592,7
65593,9
65594,5
65599,6
65601,2
65603,9
65605,0
65606,9
65613,0
65617,6
65622,3
65624,6
65628,0
65630,9
65632,9
65635,8
65637,0
65638,3
65643,4
65647,5
65650,7
65651,3
65653,3
65655,7
65656,4
65657,6
65660,3
65662,0
65670,4
65672,3
65675,7
65678,0
65679,2
65681,7
65683,0
65688,4
65693,4
65694,3
65695,9
65705,5
65706,7
65707,7
65708,4
65714,9
65717,0
65719,4
65727,9
65730,7
65732,4
65733,7
65738,0
65742,0
65743,7
65749,7
65750,4
65752,9
65756,0
65757,9
65758,6
65759,6
65762,4
65763,4
65764,0
65765,0
65774,6
65776,7
65777,8
65780,7
65782,2
65783,5
65784,7
65785,0
65787,5
65788,3
65789,4
65791,9
65793,6
65794,7
65795,6
65800,4
65801,7
65802,4
65804,4
65806,3
65814,6
65815,4
65816,0
65825,5
65827,5
65829,3
65836,5
65838,6
65843,5
65844,0
65845,9
65849,6
65850,3
65853,3
65854,4
65855,2
65857,4
65858,0
65864,4
65865,3
65866,7
65867,6
65869,9
65870,4
65874,4
65879,3
65884,6
65886,9
65887,6
65889,7
65890,7
65893,0
65895,9
65901,9
65917,6
65921,7
65924,2
65927,5
65933,2
65936,6
65939,0
65940,7
65945,4
65946,0
65947,3
65948,4
65952,6
65953,6
65955,5
65957,9
65960,4
65967,6
65968,5
65970,6
65972,0
65973,7
65974,9
65978,3
65980,6
65984,5
65987,9
65988,9
65990,2
65993,5
65995,6
65997,7
65999,0
66001,6
66004,5
66012,7
66015,3
66016,0
66019,0
66025,3
66026,0
66028,4
66031,5
66033,3
66034,4
66036,2
66039,7
66041,5
66046,2
66047,7
66048,7
66051,0
66055,2
66056,0
66059,4
66061,9
66062,0
66066,5
66067,5
66069,6
66072,3
66073,6
66075,0
66077,2
66080,4
66082,4
66083,4
66085,0
66086,7
66089,4
66092,7
66094,4
66097,3
66098,6
66099,6
66100,4
66101,9
66103,7
66104,0
66106,3
66107,2
66108,4
66109,6
66110,9
66111,5
66112,4
66114,7
66118,5
66119,4
66121,4
66122,4
66127,5
66128,0
66130,3
66134,9
66135,3
66136,9
66137,7
66146,7
66150,4
66155,4
66156,9
66158,7
66159,5
66161,7
66163,9
66164,6
66171,4
66173,5
66175,3
66180,6
66181,4
66182,7
66187,4
66189,4
66191,0
66192,2
66197,4
66199,9
66201,2
66204,9
66205,6
66209,5
66211,4
66213,4
66214,3
66216,6
66217,7
66218,7
66219,3
66223,4
66225,7
66226,4
66229,7
66237,4
66242,7
66246,7
66248,8
66252,9
66253,2
66255,0
66258,0
66261,0
66263,0
66267,9
66269,5
66272,6
66274,9
66275,7
66277,4
66279,9
66281,5
66283,2
66285,5
66286,0
66287,7
66288,2
66290,0
66295,5
66296,0
66299,8
66300,2
66301,4
66304,4
66308,4
66314,4
66315,2
66322,4
66323,4
66328,4
66330,7
66331,0
66334,0
66338,5
66339,4
66340,6
66341,4
66343,4
66345,3
66346,7
66349,4
66351,9
66353,0
66355,3
66357,7
66359,4
66362,7
66364,3
66367,2
66368,7
66370,3
66372,5
66375,9
66376,4
66380,6
66382,2
66383,7
66384,4
66385,6
66390,0
66393,0
66402,4
66404,4
66405,4
66419,3
66420,4
66421,9
66423,4
66424,6
66426,9
66428,9
66429,4
66432,3
66433,7
66434,6
66444,3
66445,7
66448,4
66449,0
66453,7
66456,2
66460,3
66461,3
66462,9
66464,2
66466,8
66468,6
66470,3
66471,0
66474,0
66477,7
66482,5
66483,3
66484,7
66486,0
66487,9
66489,3
66493,9
66497,9
66498,3
66504,0
66506,0
66507,9
66508,2
66510,7
66512,0
66515,0
66518,7
66519,6
66522,4
66524,9
66530,6
66537,4
66538,4
66540,3
66542,4
66544,7
66555,0
66557,4
66559,3
66560,4
66564,4
66566,6
66571,9
66576,9
66579,3
66580,6
66584,5
66587,0
66589,5
66590,6
66592,3
66593,7
66594,2
66595,4
66596,6
66598,9
66601,9
66602,7
66604,3
66605,6
66607,4
66608,0
66609,3
66611,2
66612,9
66615,2
66616,4
66617,4
66618,4
66620,0
66621,2
66623,7
66626,9
66629,2
66631,5
66634,4
66637,7
66639,7
66640,9
66641,7
66645,9
66646,4
66647,4
66650,7
66651,2
66653,7
66654,4
66659,9
66665,2
66668,3
66670,3
66672,2
66673,4
66674,7
66676,6
66678,7
66679,2
66684,2
66685,3
66686,9
66691,0
66693,7
66695,7
66698,0
66701,5
66702,4
66703,6
66705,0
66706,5
66711,7
66712,3
66713,0
66716,5
66717,7
66720,3
66722,3
66727,9
66729,4
66732,5
66734,7
66740,6
66743,5
66745,5
66752,9
66753,9
66757,9
66760,0
66762,7
66763,7
66766,3
66769,3
66770,9
66771,5
66773,5
66774,6
66777,2
66778,9
66779,6
66780,6
66781,7
66783,7
66784,9
66785,5
66788,5
66794,4
66796,3
66798,7
66801,4
66802,5
66807,9
66814,6
66818,4
66821,0
66822,7
66825,0
66826,4
66828,0
66832,5
66837,0
66838,6
66839,3
66840,7
66842,9
66844,4
66845,0
66847,6
66854,0
66856,7
66857,7
66858,5
66859,0
66860,9
66863,0
66864,9
66867,0
66868,7
66871,9
66877,5
66881,4
66883,5
66885,6
66887,6
66890,2
66894,5
66895,0
66896,6
66897,9
66900,4
66907,9
66909,5
66910,7
66916,3
66917,7
66923,4
66925,7
66926,7
66928,0
66929,9
66930,9
66931,6
66932,7
66933,0
66934,7
66937,0
66940,7
66941,5
66943,6
66945,4
66946,9
66952,4
66954,7
66957,7
66966,6
66968,9
66969,6
66970,0
66975,8
66976,7
66978,5
66980,9
66983,0
66992,9
67001,9
67004,0
67005,7
67007,4
67008,3
67010,5
67015,3
67018,9
67019,0
67025,6
67028,0
67029,2
67031,7
67034,6
67035,7
67038,9
67041,7
67046,5
67047,3
67048,7
67049,9
67053,2
67054,4
67057,5
67058,7
67059,0
67060,3
67063,4
67066,5
67068,6
67069,7
67070,3
67071,9
67073,9
67074,6
67075,6
67078,9
67080,7
67082,7
67084,7
67085,9
67088,7
67092,9
67094,9
67095,7
67096,4
67097,0
67098,7
67100,0
67101,5
67105,0
67106,4
67113,4
67115,9
67117,2
67120,3
67127,5
67128,9
67130,4
67131,7
67136,5
67139,9
67140,0
67144,6
67145,4
67150,9
67151,8
67156,9
67157,9
67159,7
67160,0
67162,9
67164,3
67170,7
67176,0
67177,0
67179,7
67180,2
67181,7
67186,6
67188,5
67189,6
67191,5
67192,9
67195,8
67200,7
67208,6
67209,9
67211,3
67212,5
67213,3
67214,7
67216,6
67217,5
67218,5
67220,4
67222,9
67224,4
67232,0
67234,4
67236,6
67237,7
67238,3
67240,9
67248,0
67250,9
67252,7
67257,4
67258,7
67264,6
67267,7
67269,0
67271,2
67276,3
67279,7
67280,5
67283,3
67285,4
67288,5
67289,4
67291,3
67292,6
67293,7
67297,0
67299,4
67302,8
67303,0
67305,7
67307,9
67308,5
67311,4
67312,0
67313,8
67317,9
67319,9
67321,0
67322,5
67325,4
67327,0
67328,0
67329,0
67330,6
67336,3
67341,9
67347,6
67348,4
67349,0
67350,0
67360,7
67361,3
67363,0
67366,0
67368,5
67369,5
67370,3
67374,2
67375,3
67376,2
67377,4
67379,4
67382,4
67383,7
67385,7
67386,7
67394,3
67397,4
67398,2
67400,4
67401,4
67403,8
67404,0
67406,7
67408,0
67409,0
67411,5
67412,3
67414,5
67416,4
67420,7
67421,3
67422,4
67424,9
67430,8
67431,7
67432,4
67436,4
67437,7
67438,3
67440,7
67444,6
67445,3
67446,4
67449,3
67451,6
67452,7
67456,7
67457,0
67460,9
67462,7
67464,9
67468,5
67469,2
67471,0
67474,4
67475,7
67476,9
67478,0
67481,4
67482,4
67484,4
67485,7
67489,0
67490,5
67493,5
67495,7
67497,4
67501,4
67503,0
67504,4
67509,5
67510,3
67511,7
67512,0
67515,6
67516,6
67517,7
67518,7
67519,4
67521,0
67523,4
67524,4
67525,9
67532,6
67534,0
67536,5
67537,4
67538,9
67539,7
67543,9
67546,8
67547,6
67549,9
67551,0
67552,3
67554,6
67555,9
67559,4
67561,5
67562,0
67569,4
67570,5
67573,2
67575,8
67578,9
67579,3
67580,3
67581,7
67582,9
67588,0
67590,9
67591,9
67595,4
67597,9
67598,7
67601,3
67604,6
67606,9
67610,6
67611,3
67617,2
67618,3
67624,5
67626,7
67627,5
67628,7
67629,6
67630,4
67634,7
67636,9
67638,6
67643,5
67646,7
67648,4
67650,4
67657,6
67658,9
67659,4
67663,7
67664,7
67666,7
67668,6
67669,9
67674,2
67675,0
67678,6
67681,4
67682,9
67683,4
67685,4
67686,7
67696,0
67699,0
67700,3
67704,7
67706,5
67708,7
67715,5
67717,4
67720,3
67722,7
67725,0
67733,0
67734,5
67735,6
67736,7
67739,3
67742,0
67744,2
67749,0
67750,6
67753,2
67754,4
67756,4
67759,7
67763,9
67764,4
67765,6
67766,4
67780,3
67790,9
67791,5
67792,9
67794,6
67795,4
67798,4
67800,0
67806,3
67807,5
67815,7
67816,6
67817,4
67820,2
67821,0
67829,5
67830,9
67833,2
67834,5
67835,0
67842,7
67843,9
67844,0
67846,5
67847,9
67850,2
67855,7
67856,4
67861,7
67863,5
67867,5
67868,7
67869,9
67871,6
67873,9
67875,5
67876,4
67877,4
67878,6
67880,0
67881,6
67882,0
67887,5
67890,4
67891,6
67892,7
67897,5
67898,9
67900,4
67904,7
67905,0
67908,9
67910,4
67914,4
67915,5
67916,3
67917,0
67918,0
67921,7
67945,4
67950,2
67951,4
67952,9
67957,0
67958,5
67959,3
67960,3
67962,5
67967,5
67973,7
67978,4
67983,2
67985,4
67989,4
67990,3
67991,7
67994,7
67996,3
67997,3
67998,3
68000,9
68003,2
68004,3
68011,3
68012,7
68015,4
68018,3
68019,4
68020,0
68025,9
68029,4
68030,9
68036,4
68039,6
68042,8
68043,5
68048,7
68050,4
68055,9
68056,4
68057,9
68058,3
68059,5
68060,6
68061,5
68063,4
68064,8
68068,4
68069,7
68071,4
68072,6
68074,7
68076,6
68078,4
68079,9
68082,7
68083,7
68085,5
68086,2
68089,3
68090,7
68093,7
68096,9
68098,7
68099,6
68100,9
68101,4
68102,2
68104,9
68106,3
68109,3
68111,7
68112,0
68113,0
68114,5
68119,2
68121,5
68127,7
68129,4
68130,9
68131,6
68134,3
68138,0
68140,7
68142,5
68145,4
68146,2
68148,9
68152,2
68155,4
68156,6
68158,2
68162,6
68164,7
68167,7
68173,6
68179,5
68183,0
68187,0
68190,0
68191,6
68192,7
68195,0
68196,6
68199,8
68200,4
68201,9
68202,3
68203,7
68205,4
68207,4
68210,9
68214,5
68216,0
68218,6
68221,8
68222,5
68223,9
68224,8
68229,5
68230,0
68231,9
68233,9
68234,0
68239,5
68240,4
68242,6
68246,3
68252,9
68253,0
68254,4
68256,0
68258,3
68259,2
68262,6
68264,2
68265,5
68267,4
68269,0
68270,0
68273,0
68284,7
68286,6
68290,9
68291,4
68292,3
68294,6
68295,2
68296,7
68297,7
68298,8
68299,6
68300,9
68302,3
68303,7
68307,9
68310,6
68312,4
68313,0
68314,3
68315,7
68316,0
68317,6
68318,0
68320,9
68321,7
68323,5
68324,8
68330,4
68332,3
68339,5
68341,0
68345,7
68351,6
68352,5
68358,7
68359,9
68362,7
68363,3
68364,7
68366,2
68367,9
68368,9
68372,6
68374,4
68375,0
68377,3
68380,6
68383,5
68386,5
68387,6
68388,7
68392,6
68395,6
68401,4
68403,0
68409,3
68411,9
68412,4
68417,5
68419,2
68421,4
68423,4
68425,5
68426,7
68427,9
68428,0
68429,3
68439,9
68440,3
68442,3
68443,6
68444,6
68447,4
68448,3
68449,4
68457,5
68459,6
68461,9
68462,6
68463,5
68464,0
68467,7
68468,3
68469,3
68472,2
68477,6
68483,7
68487,8
68492,0
68493,7
68494,6
68495,0
68498,4
68500,7
68501,3
68503,4
68505,7
68506,7
68508,0
68509,4
68511,5
68512,7
68515,6
68518,3
68519,8
68522,6
68524,7
68526,0
68529,6
68530,7
68532,5
68539,0
68540,7
68547,3
68550,5
68553,4
68555,2
68556,5
68558,7
68561,4
68563,4
68567,0
68572,4
68573,7
68575,5
68578,4
68580,3
68589,7
68590,9
68593,4
68594,0
68599,0
68607,4
68610,7
68613,5
68614,4
68617,0
68621,5
68623,4
68625,0
68626,3
68633,4
68635,4
68638,6
68640,6
68641,4
68644,0
68646,4
68647,7
68651,4
68657,7
68658,4
68660,3
68661,6
68662,9
68664,5
68665,3
68666,5
68669,7
68672,9
68674,9
68678,6
68679,9
68680,4
68684,9
68686,2
68691,4
68693,4
68696,4
68697,9
68698,6
68702,7
68705,9
68708,7
68713,5
68716,5
68717,7
68718,4
68720,9
68721,4
68727,7
68728,0
68729,7
68731,7
68732,9
68733,7
68737,5
68740,9
68744,4
68746,3
68747,7
68748,4
68749,7
68750,4
68751,4
68756,4
68757,4
68763,0
68767,9
68768,7
68772,6
68774,0
68776,0
68780,9
68782,7
68788,9
68790,3
68793,0
68795,3
68800,7
68801,4
68802,6
68803,4
68804,6
68808,7
68809,3
68811,9
68814,4
68818,5
68821,6
68823,6
68827,2
68831,6
68833,4
68834,9
68836,4
68837,5
68848,3
68850,0
68851,9
68853,6
68857,6
68858,4
68864,9
68868,9
68869,7
68872,2
68880,0
68881,0
68885,4
68887,7
68888,7
68889,9
68890,3
68892,4
68894,2
68895,2
68898,3
68903,9
68907,3
68908,4
68909,5
68911,6
68913,3
68917,7
68918,7
68925,9
68927,9
68931,4
68932,7
68937,6
68938,2
68939,5
68941,7
68943,9
68944,2
68948,6
68949,4
68950,7
68957,7
68960,7
68961,0
68962,7
68965,7
68966,0
68969,7
68974,4
68976,3
68979,5
68980,5
68982,6
68991,9
68992,5
68996,7
68997,2
68998,8
69000,7
69001,0
69002,2
69005,0
69006,0
69007,4
69008,7
69009,9
69011,5
69012,2
69013,0
69014,5
69017,6
69018,4
69020,2
69022,0
69023,4
69024,0
69028,6
69029,7
69032,7
69033,6
69034,6
69039,7
69044,7
69054,5
69058,3
69059,0
69060,9
69061,2
69065,3
69067,5
69068,7
69071,5
69075,4
69078,7
69079,4
69082,4
69086,3
69088,5
69089,2
69091,4
69093,0
69096,7
69097,4
69098,9
69102,2
69104,9
69106,7
69108,7
69109,6
69110,7
69111,9
69114,6
69118,6
69120,2
69128,2
69130,0
69134,6
69135,4
69137,4
69139,9
69141,5
69142,0
69143,9
69146,7
69147,5
69148,5
69149,9
69153,4
69154,3
69157,7
69158,4
69159,6
69160,3
69161,2
69162,4
69166,4
69168,4
69171,6
69173,0
69176,8
69177,7
69181,0
69186,3
69187,0
69188,7
69190,7
69192,9
69193,3
69194,3
69195,9
69198,7
69200,6
69203,9
69206,4
69208,3
69211,4
69214,0
69215,6
69217,4
69226,2
69227,7
69233,3
69235,7
69237,5
69240,7
69242,7
69243,3
69246,3
69248,4
69250,2
69255,4
69256,7
69257,3
69264,3
69268,0
69271,4
69279,7
69281,9
69283,5
69284,7
69285,5
69288,3
69290,7
69293,9
69295,6
69296,4
69299,7
69306,4
69308,7
69309,6
69310,3
69313,7
69318,9
69319,5
69320,9
69323,3
69325,9
69329,7
69334,0
69338,0
69345,7
69346,5
69350,9
69351,0
69352,0
69354,7
69357,9
69358,9
69359,6
69361,7
69362,2
69363,3
69364,6
69365,6
69367,4
69368,9
69371,6
69373,5
69375,6
69377,6
69380,9
69381,6
69384,6
69386,6
69387,6
69388,7
69389,6
69391,9
69392,9
69393,9
69394,4
69396,7
69397,7
69400,9
69401,0
69404,9
69406,5
69408,0
69409,3
69415,9
69418,6
69419,0
69421,7
69422,0
69427,6
69428,9
69433,3
69436,6
69437,7
69438,6
69441,7
69442,9
69443,9
69445,9
69446,6
69447,3
69448,5
69449,7
69451,6
69452,7
69455,4
69456,9
69458,2
69460,0
69461,7
69462,6
69463,2
69464,0
69471,4
69472,5
69477,6
69479,6
69480,0
69482,0
69483,2
69485,6
69489,2
69490,5
69492,3
69493,0
69495,7
69496,0
69497,4
69499,0
69506,3
69510,2
69511,4
69512,7
69513,0
69517,7
69520,0
69521,9
69524,6
69527,0
69528,5
69530,9
69532,4
69533,4
69535,3
69540,0
69543,3
69544,4
69548,7
69552,9
69553,0
69554,0
69555,5
69558,3
69559,4
69561,2
69562,9
69563,5
69566,0
69571,0
69572,9
69573,9
69575,3
69578,8
69580,3
69582,7
69583,3
69584,0
69589,6
69590,0
69591,9
69601,9
69604,7
69605,3
69606,9
69609,2
69610,9
69616,5
69619,5
69621,4
69627,9
69628,6
69631,2
69636,9
69641,7
69644,5
69646,0
69649,3
69651,7
69652,5
69653,5
69654,4
69656,5
69657,4
69662,7
69666,6
69667,3
69674,6
69681,7
69686,9
69687,4
69688,7
69689,9
69690,9
69691,6
69692,0
69695,4
69697,7
69699,2
69700,3
69709,5
69710,5
69712,0
69713,6
69715,4
69716,0
69717,4
69721,5
69724,0
69725,7
69727,7
69729,3
69733,6
69734,0
69738,6
69740,0
69741,4
69744,7
69745,0
69747,8
69748,3
69753,5
69755,6
69759,7
69760,3
69761,5
69762,6
69769,5
69771,2
69774,6
69776,9
69777,0
69779,0
69780,9
69782,2
69785,4
69786,6
69791,3
69794,4
69804,4
69805,4
69806,8
69808,9
69811,3
69813,3
69814,9
69815,7
69816,5
69818,4
69820,5
69825,9
69827,8
69830,2
69832,4
69833,9
69835,9
69836,7
69839,5
69842,5
69843,5
69852,7
69857,6
69859,6
69862,4
69863,7
69868,7
69869,7
69874,9
69878,4
69879,5
69881,3
69883,9
69885,6
69887,5
69890,9
69892,3
69898,9
69901,3
69903,5
69904,7
69905,2
69907,0
69908,9
69910,6
69913,3
69915,4
69916,4
69917,9
69918,5
69922,7
69925,4
69928,0
69929,6
69930,3
69931,7
69933,9
69936,5
69939,2
69942,2
69944,6
69947,0
69952,4
69953,4
69955,7
69958,7
69959,9
69960,0
69964,7
69968,0
69971,3
69975,0
69982,9
69986,6
69988,5
69990,0
69992,3
69995,0
69996,9
69997,7
70000,4
70001,2
70003,7
70008,3
70013,4
70015,5
70016,9
70018,2
70020,0
70023,6
70024,9
70025,4
70027,9
70028,7
70034,7
70036,3
70037,3
70041,3
70043,3
70048,0
70052,7
70053,6
70059,7
70060,7
70065,7
70066,9
70070,6
70073,5
70074,6
70076,0
70078,6
70080,7
70082,6
70086,7
70090,3
70095,0
70104,9
70105,4
70111,4
70113,9
70118,7
70122,4
70127,3
70131,4
70132,4
70133,2
70134,2
70136,2
70144,5
70145,6
70147,4
70149,3
70150,4
70151,2
70153,9
70157,7
70163,0
70164,8
70169,9
70173,4
70174,3
70176,0
70177,3
70179,6
70182,6
70187,0
70189,5
70193,5
70196,9
70198,0
70199,4
70202,0
70205,2
70208,9
70211,5
70212,6
70214,4
70215,6
70218,4
70220,9
70222,8
70223,8
70224,4
70227,5
70229,3
70230,5
70236,0
70238,4
70242,4
70243,3
70244,5
70246,3
70248,7
70251,7
70254,0
70255,4
70257,9
70258,8
70259,6
70260,0
70264,4
70268,9
70270,9
70273,4
70274,9
70276,9
70278,0
70280,7
70283,9
70288,6
70290,7
70298,4
70300,0
70307,0
70310,7
70312,7
70316,7
70317,0
70318,1
70319,4
70322,4
70323,0
70324,7
70327,7
70328,9
70335,7
70339,9
70340,6
70341,3
70343,7
70346,7
70347,5
70349,5
70358,9
70362,6
70363,5
70364,4
70365,7
70371,7
70373,7
70375,9
70376,7
70377,0
70381,4
70382,6
70383,9
70386,6
70387,0
70391,6
70393,0
70396,6
70397,4
70400,9
70401,4
70402,4
70404,2
70412,4
70413,5
70414,7
70415,3
70416,4
70417,4
70418,2
70421,4
70423,6
70429,0
70433,7
70437,6
70439,0
70440,5
70441,3
70442,5
70443,9
70444,3
70446,4
70447,9
70448,0
70453,6
70454,7
70455,9
70457,6
70463,2
70465,4
70467,3
70468,2
70470,7
70472,3
70473,4
70479,4
70480,6
70486,6
70487,0
70488,7
70489,4
70490,9
70491,9
70493,2
70497,0
70498,3
70499,7
70502,5
70505,5
70507,7
70508,0
70509,7
70513,4
70514,3
70515,4
70516,4
70524,4
70529,9
70533,6
70537,6
70538,5
70540,5
70541,6
70543,7
70549,7
70551,7
70552,2
70553,3
70555,6
70559,4
70560,9
70564,0
70565,4
70571,0
70573,5
70575,4
70579,3
70580,2
70581,8
70583,6
70584,7
70585,5
70586,6
70588,3
70589,6
70590,0
70592,7
70594,3
70595,9
70596,0
70597,5
70600,6
70601,4
70602,6
70605,7
70608,2
70613,9
70617,7
70619,4
70621,9
70625,2
70627,4
70630,6
70637,3
70641,0
70643,3
70644,3
70647,7
70648,2
70649,3
70650,7
70660,6
70665,6
70667,3
70668,6
70670,4
70671,5
70672,4
70674,4
70675,8
70676,4
70680,0
70682,2
70685,7
70688,7
70689,4
70691,3
70699,2
70700,9
70704,9
70707,6
70711,6
70714,7
70715,3
70717,0
70722,4
70723,7
70724,4
70728,6
70729,0
70730,0
70732,4
70735,5
70736,3
70738,4
70743,9
70744,6
70745,3
70747,7
70748,4
70753,3
70754,3
70756,5
70757,7
70762,6
70764,0
70765,4
70767,3
70769,2
70770,5
70775,4
70777,9
70778,2
70779,7
70780,7
70781,3
70783,3
70785,9
70786,7
70787,3
70788,0
70790,6
70791,3
70792,0
70794,3
70795,0
70798,7
70801,6
70803,4
70807,7
70809,7
70814,4
70816,6
70821,2
70822,4
70827,9
70828,3
70829,9
70831,3
70833,2
70834,6
70837,0
70842,4
70844,3
70845,0
70846,3
70850,7
70851,4
70853,4
70856,7
70858,3
70863,0
70865,2
70866,6
70869,4
70870,9
70876,0
70877,7
70879,3
70880,0
70881,3
70885,7
70888,6
70897,7
70899,3
70901,4
70902,3
70905,0
70906,6
70907,7
70908,7
70909,0
70911,3
70913,7
70918,9
70919,2
70922,3
70923,0
70927,4
70930,6
70932,4
70936,0
70937,7
70939,7
70943,5
70944,5
70949,3
70950,4
70954,4
70958,4
70959,4
70967,7
70970,7
70974,4
70975,9
70978,9
70980,4
70983,4
70987,9
70988,6
70990,0
70991,0
70993,7
70996,4
70997,9
70999,5
71000,6
71003,2
71004,9
71006,5
71008,6
71010,7
71015,5
71016,5
71017,0
71018,7
71019,9
71022,3
71024,4
71029,7
71041,5
71042,7
71043,7
71044,6
71048,4
71052,0
71053,9
71055,5
71056,4
71057,6
71062,9
71065,4
71066,7
71073,4
71074,9
71077,0
71079,4
71089,0
71090,9
71093,3
71097,6
71098,7
71099,3
71100,0
71103,5
71106,4
71107,7
71112,9
71115,0
71116,5
71117,0
71118,3
71124,7
71125,6
71128,9
71129,6
71131,4
71133,7
71136,4
71140,4
71141,6
71145,4
71148,5
71149,9
71152,9
71153,3
71155,7
71162,3
71164,7
71165,9
71167,3
71170,6
71171,2
71172,9
71174,7
71175,7
71178,7
71179,4
71180,4
71182,7
71183,3
71185,7
71186,2
71190,7
71191,0
71193,8
71194,9
71195,4
71197,5
71199,7
71203,0
71204,7
71205,2
71206,9
71207,4
71209,9
71210,3
71211,0
71213,4
71218,5
71220,2
71221,5
71222,3
71225,0
71226,2
71227,9
71230,9
71231,4
71232,5
71236,9
71237,0
71238,7
71241,2
71249,9
71251,4
71254,4
71255,3
71257,4
71258,9
71259,4
71261,4
71270,7
71277,6
71279,4
71283,9
71285,0
71286,7
71290,7
71295,9
71297,9
71298,0
71299,0
71302,3
71306,5
71307,5
71308,9
71312,4
71315,7
71316,9
71320,3
71322,2
71324,4
71325,3
71326,5
71328,4
71334,4
71337,4
71341,7
71342,7
71345,7
71346,3
71347,7
71348,6
71352,7
71355,4
71356,4
71362,5
71364,4
71366,5
71368,4
71370,0
71371,6
71372,5
71374,6
71376,2
71379,9
71384,9
71390,5
71391,5
71392,3
71395,4
71399,7
71400,5
71403,5
71408,0
71414,4
71418,4
71420,6
71421,7
71425,5
71427,2
71428,7
71430,9
71433,4
71443,9
71445,2
71447,0
71449,4
71450,0
71452,9
71454,6
71458,5
71460,3
71462,6
71466,5
71469,9
71473,6
71475,7
71478,6
71481,5
71482,3
71484,7
71485,7
71490,7
71493,6
71496,4
71498,6
71500,6
71502,2
71506,7
71508,7
71511,0
71515,7
71520,4
71522,0
71523,0
71524,9
71528,7
71532,3
71533,4
71534,9
71538,5
71543,6
71547,2
71551,7
71552,9
71553,5
71555,7
71556,7
71563,9
71564,7
71566,9
71568,6
71570,9
71575,5
71577,9
71578,6
71581,4
71590,5
71591,6
71595,9
71598,7
71601,9
71605,3
71612,3
71613,7
71614,7
71615,4
71618,4
71619,0
71620,5
71621,2
71622,7
71623,6
71624,7
71626,6
71631,5
71632,3
71633,5
71634,6
71636,4
71640,3
71643,5
71644,9
71649,7
71650,9
71652,6
71656,9
71657,3
71660,4
71662,5
71663,8
71664,2
71666,6
71668,0
71669,4
71672,7
71673,5
71674,4
71675,4
71676,3
71682,4
71688,7
71689,7
71691,4
71694,0
71695,3
71696,3
71697,7
71698,4
71699,5
71701,9
71702,3
71708,4
71714,4
71718,6
71721,2
71722,4
71727,2
71729,4
71732,7
71733,6
71734,0
71735,3
71736,3
71737,0
71738,4
71740,0
71741,3
71747,4
71749,5
71754,6
71757,7
71759,6
71761,4
71763,9
71764,8
71765,2
71766,0
71767,9
71769,4
71781,5
71782,5
71784,7
71789,7
71792,0
71793,2
71795,4
71796,2
71809,4
71811,0
71812,4
71815,0
71818,7
71819,4
71823,3
71825,7
71827,5
71828,6
71830,4
71837,3
71838,5
71839,3
71846,4
71848,3
71851,2
71853,6
71856,7
71857,7
71862,4
71863,5
71864,0
71865,4
71870,7
71871,3
71872,6
71873,6
71874,5
71875,9
71880,4
71881,9
71882,9
71883,4
71884,3
71885,7
71890,7
71891,9
71893,4
71894,4
71896,0
71898,3
71900,9
71903,4
71904,6
71905,4
71906,5
71908,4
71909,2
71910,7
71911,3
71912,6
71917,0
71924,3
71928,9
71932,4
71933,4
71935,6
71936,7
71939,7
71942,7
71945,5
71946,4
71948,3
71950,4
71956,4
71961,0
71963,0
71964,7
71966,3
71967,9
71968,9
71972,3
71975,3
71976,4
71979,6
71980,4
71983,7
71984,9
71988,3
71989,6
71990,6
71992,9
71996,5
72005,2
72006,7
72007,4
72010,7
72011,0
72016,7
72017,4
72018,0
72022,7
72025,5
72026,9
72027,3
72030,3
72033,9
72035,6
72037,7
72038,5
72041,4
72042,4
72043,5
72044,4
72048,9
72051,7
72052,6
72053,7
72056,5
72058,5
72062,5
72065,2
72070,0
72074,7
72075,9
72076,7
72078,6
72079,5
72080,0
72082,3
72086,9
72088,5
72089,9
72094,6
72096,4
72100,4
72101,9
72102,5
72106,6
72109,3
72114,4
72115,3
72116,9
72121,4
72124,2
72127,4
72128,7
72131,7
72132,7
72133,9
72136,9
72138,3
72140,0
72141,4
72143,4
72144,4
72152,0
72153,7
72155,9
72156,6
72159,5
72161,6
72162,0
72166,7
72168,7
72169,0
72173,6
72174,9
72176,7
72177,9
72179,0
72180,2
72181,6
72186,3
72189,9
72190,6
72192,7
72199,5
72201,4
72204,0
72206,2
72207,7
72210,4
72214,4
72215,5
72218,4
72226,4
72228,4
72229,5
72230,4
72234,6
72236,6
72240,9
72242,9
72247,9
72250,9
72251,0
72252,3
72254,7
72255,4
72256,7
72259,4
72263,4
72267,7
72268,9
72269,2
72271,9
72275,7
72277,4
72285,0
72289,7
72295,9
72297,2
72299,9
72300,0
72302,6
72308,2
72310,7
72311,9
72315,6
72316,4
72318,7
72319,6
72321,4
72322,3
72324,5
72326,6
72328,6
72331,9
72332,4
72333,0
72334,7
72336,7
72338,0
72339,2
72340,9
72344,5
72347,5
72351,4
72353,3
72354,8
72357,0
72360,5
72361,4
72364,4
72366,9
72367,9
72369,7
72372,5
72374,9
72377,7
72378,5
72379,3
72380,5
72381,4
72382,3
72386,9
72387,3
72390,4
72400,4
72401,3
72405,7
72406,6
72407,6
72410,3
72411,7
72413,3
72417,2
72418,0
72426,4
72427,3
72430,0
72431,7
72432,9
72434,9
72436,7
72437,9
72440,7
72441,7
72445,0
72446,3
72447,8
72448,4
72449,2
72450,6
72452,9
72454,6
72458,4
72462,5
72463,6
72464,3
72465,7
72466,4
72467,7
72469,8
72470,2
72474,7
72475,3
72476,5
72479,9
72480,3
72481,9
72482,0
72487,5
72488,0
72489,4
72490,5
72492,4
72494,6
72498,0
72505,9
72506,6
72510,9
72511,6
72517,7
72518,9
72519,9
72520,8
72527,7
72528,7
72530,9
72531,9
72533,0
72534,6
72540,9
72541,0
72544,5
72547,5
72549,4
72556,9
72558,6
72560,7
72562,8
72564,4
72565,9
72566,7
72567,6
72572,3
72573,0
72575,7
72577,2
72578,2
72579,7
72581,8
72584,2
72585,4
72586,0
72587,0
72588,7
72589,5
72590,7
72591,3
72595,4
72597,5
72599,4
72600,3
72603,4
72604,9
72605,7
72606,4
72608,5
72610,4
72611,3
72615,9
72616,2
72618,3
72620,9
72626,9
72627,7
72631,7
72632,6
72633,4
72640,7
72641,0
72642,6
72644,7
72649,4
72650,6
72654,7
72655,0
72656,4
72659,6
72660,9
72662,7
72663,7
72667,5
72669,4
72673,4
72676,5
72677,5
72682,6
72685,9
72687,7
72688,4
72691,6
72692,9
72693,2
72696,5
72697,6
72698,6
72700,7
72706,9
72707,7
72710,9
72715,6
72717,2
72719,7
72720,3
72725,5
72727,3
72729,9
72730,0
72735,5
72737,3
72738,7
72739,9
72742,3
72746,6
72748,7
72749,7
72754,2
72756,2
72757,0
72762,5
72764,7
72765,4
72769,9
72772,0
72774,4
72776,5
72782,4
72793,4
72795,7
72799,4
72801,4
72803,8
72804,9
72807,5
72808,3
72809,6
72810,2
72811,0
72816,7
72817,2
72819,5
72822,3
72825,4
72828,0
72829,2
72831,9
72832,7
72833,7
72836,6
72839,6
72840,4
72843,4
72844,0
72849,4
72850,6
72852,7
72857,9
72858,4
72859,4
72861,6
72862,6
72864,4
72865,0
72867,0
72868,7
72869,4
72870,4
72872,6
72877,7
72879,6
72880,9
72882,0
72883,0
72887,8
72892,7
72893,3
72895,0
72896,7
72897,7
72899,4
72900,6
72902,0
72903,5
72905,0
72908,4
72913,6
72914,8
72915,5
72917,4
72918,7
72922,7
72923,3
72926,2
72929,6
72930,5
72933,9
72935,0
72936,6
72937,9
72939,3
72940,9
72945,9
72952,0
72960,6
72962,5
72964,6
72965,4
72973,9
72974,0
72978,5
72983,5
72984,5
72988,9
72989,0
72991,3
72992,9
72994,7
72998,4
73002,4
73005,0
73006,2
73007,6
73009,9
73010,4
73011,7
73012,6
73013,4
73015,7
73017,7
73018,7
73019,6
73020,0
73022,6
73024,3
73026,5
73030,3
73032,3
73034,2
73035,5
73036,0
73040,4
73041,3
73047,2
73048,3
73051,4
73053,5
73054,4
73060,4
73061,7
73062,9
73063,3
73066,3
73067,6
73071,6
73075,0
73078,4
73085,9
73091,7
73096,0
73099,3
73100,0
73101,2
73102,7
73105,6
73110,4
73113,5
73121,2
73127,9
73129,3
73137,0
73142,4
73144,7
73145,3
73147,9
73148,5
73149,4
73152,4
73154,7
73157,3
73158,4
73161,0
73163,0
73164,4
73166,0
73167,2
73168,9
73169,3
73173,9
73174,5
73178,0
73181,9
73182,6
73183,0
73186,6
73191,6
73192,4
73194,2
73195,4
73204,9
73207,7
73210,7
73215,6
73216,8
73218,7
73223,6
73225,2
73228,7
73231,6
73234,4
73235,2
73237,4
73239,9
73240,7
73241,0
73242,8
73243,2
73244,7
73245,3
73247,4
73250,0
73255,3
73256,4
73260,4
73262,0
73264,6
73270,3
73272,0
73273,4
73274,7
73276,6
73277,5
73279,7
73280,5
73282,9
73283,2
73284,4
73285,7
73290,0
73292,7
73296,7
73297,9
73299,9
73309,9
73312,8
73314,4
73316,5
73318,7
73319,9
73320,0
73326,7
73330,6
73334,5
73336,5
73337,2
73339,9
73340,2
73341,8
73342,5
73343,9
73346,3
73348,9
73349,0
73351,4
73352,3
73360,7
73361,3
73363,9
73371,6
73375,3
73378,2
73381,7
73383,3
73385,9
73392,9
73393,6
73396,7
73399,7
73404,7
73405,2
73407,4
73409,4
73413,6
73414,4
73415,9
73417,4
73418,4
73419,3
73420,7
73421,8
73423,5
73424,4
73426,7
73429,7
73431,9
73433,3
73434,5
73441,7
73442,4
73443,4
73445,0
73446,6
73447,3
73448,7
73454,4
73457,4
73458,0
73459,7
73460,6
73461,5
73462,5
73463,3
73466,0
73467,0
73468,4
73469,0
73470,9
73481,7
73482,9
73485,7
73489,2
73493,9
73498,0
73500,7
73501,4
73505,7
73506,7
73507,7
73508,7
73510,6
73511,9
73513,7
73515,9
73517,3
73519,9
73520,7
73524,7
73525,3
73526,4
73531,2
73538,0
73541,0
73542,3
73546,4
73547,5
73548,7
73551,7
73552,3
73553,4
73557,3
73563,7
73567,5
73568,9
73570,9
73573,5
73577,5
73578,7
73579,0
73586,4
73587,9
73588,7
73590,7
73591,4
73592,5
73595,9
73596,6
73599,7
73601,7
73602,4
73604,2
73605,0
73606,2
73607,6
73609,6
73611,6
73612,9
73616,6
73621,7
73622,9
73623,4
73624,7
73625,3
73626,9
73628,5
73629,9
73634,4
73636,7
73637,7
73638,3
73639,2
73650,2
73651,0
73661,2
73662,5
73663,3
73665,7
73666,9
73667,3
73672,7
73674,7
73675,7
73677,0
73678,3
73679,0
73680,6
73681,7
73682,7
73684,6
73685,7
73686,4
73687,7
73689,2
73691,7
73692,2
73693,9
73695,9
73697,8
73700,9
73701,8
73703,4
73706,6
73707,9
73713,5
73714,9
73716,9
73717,7
73719,2
73725,0
73729,4
73732,5
73735,7
73736,7
73738,0
73739,4
73743,7
73744,4
73747,4
73750,7
73754,4
73757,3
73758,6
73759,0
73762,4
73764,0
73770,4
73771,7
73774,4
73775,7
73776,7
73777,6
73779,8
73780,6
73781,6
73782,9
73784,3
73786,0
73787,0
73790,4
73791,2
73792,6
73793,0
73796,7
73798,6
73800,5
73801,7
73802,4
73803,0
73806,4
73807,0
73810,4
73812,0
73813,2
73820,5
73821,3
73823,4
73824,0
73826,4
73831,0
73833,3
73834,4
73835,3
73836,0
73838,7
73839,5
73840,3
73844,9
73850,3
73854,5
73855,4
73859,4
73861,7
73863,4
73866,6
73868,5
73876,9
73877,4
73881,4
73885,7
73889,9
73890,6
73892,5
73893,8
73894,3
73895,9
73897,3
73898,2
73903,0
73904,7
73906,4
73911,5
73912,4
73915,3
73916,7
73919,7
73920,2
73921,9
73923,2
73926,7
73929,0
73933,0
73934,5
73935,9
73939,5
73940,2
73941,9
73943,3
73947,9
73950,7
73951,7
73952,7
73953,4
73955,6
73958,5
73959,7
73961,7
73962,4
73963,3
73966,9
73968,4
73970,9
73971,6
73973,0
73974,4
73975,0
73976,6
73978,6
73979,6
73981,6
73982,5
73988,4
73989,3
73990,4
73991,3
73992,7
73993,4
73994,6
73997,0
73999,9
74000,9
74001,7
74002,6
74007,3
74011,0
74012,0
74017,0
74018,7
74019,9
74023,5
74024,0
74026,3
74029,4
74030,7
74031,9
74032,7
74043,3
74045,5
74048,4
74056,6
74060,3
74062,6
74064,0
74065,3
74066,3
74069,0
74071,8
74072,0
74076,9
74078,9
74080,7
74081,0
74083,0
74084,4
74088,9
74092,0
74095,3
74097,3
74101,6
74103,5
74104,7
74109,6
74114,7
74116,6
74117,0
74118,7
74119,2
74122,0
74126,5
74127,8
74128,7
74129,7
74130,5
74133,9
74139,6
74145,3
74146,2
74150,4
74152,7
74154,4
74155,9
74156,3
74158,6
74160,5
74161,4
74163,3
74164,5
74167,3
74177,6
74181,7
74183,2
74184,0
74185,5
74187,7
74189,5
74192,5
74193,9
74197,0
74199,4
74201,9
74203,6
74205,0
74211,7
74212,3
74214,7
74215,7
74217,9
74220,0
74221,7
74228,2
74229,5
74232,0
74234,5
74235,4
74239,4
74241,3
74242,9
74243,0
74244,7
74245,3
74246,0
74247,4
74248,5
74249,4
74250,7
74251,7
74253,3
74254,3
74256,7
74258,9
74266,4
74268,6
74269,0
74273,7
74275,2
74276,3
74278,6
74279,9
74282,7
74283,3
74285,3
74287,4
74290,5
74292,6
74293,8
74297,4
74299,0
74302,9
74305,4
74306,2
74308,5
74311,9
74312,4
74314,2
74317,6
74318,5
74319,0
74321,3
74322,5
74326,5
74327,6
74328,6
74330,0
74332,6
74335,4
74337,7
74338,4
74339,4
74342,4
74343,9
74345,5
74346,6
74348,0
74349,6
74350,4
74355,0
74359,7
74362,0
74363,0
74364,3
74369,0
74370,9
74371,4
74374,6
74375,3
74376,3
74378,0
74380,2
74383,5
74391,0
74392,6
74394,7
74395,3
74400,9
74401,2
74402,9
74403,6
74404,2
74406,4
74407,0
74410,4
74411,7
74413,3
74415,0
74417,9
74420,0
74422,3
74426,9
74428,2
74431,6
74433,4
74434,6
74436,7
74438,4
74439,9
74440,4
74441,0
74449,3
74452,4
74456,6
74457,4
74460,4
74464,0
74465,6
74466,9
74469,3
74470,9
74472,3
74475,0
74476,5
74481,7
74485,6
74487,0
74488,0
74489,6
74490,4
74492,3
74495,4
74496,4
74502,3
74506,2
74507,5
74508,5
74513,6
74516,5
74518,4
74519,9
74520,4
74522,6
74525,9
74526,7
74528,0
74531,6
74532,6
74534,6
74540,7
74543,4
74552,9
74554,4
74556,7
74562,0
74564,7
74567,0
74568,3
74569,3
74570,9
74571,6
74574,7
74580,7
74581,4
74588,5
74589,3
74592,6
74593,4
74594,3
74598,0
74601,0
74602,6
74607,6
74613,0
74615,3
74617,7
74618,9
74621,7
74622,7
74624,3
74627,0
74628,9
74629,7
74630,3
74631,6
74634,2
74637,0
74639,3
74643,9
74645,6
74646,4
74647,7
74652,4
74653,7
74655,6
74659,7
74661,6
74662,7
74663,4
74665,7
74667,3
74672,7
74675,0
74677,9
74678,2
74687,7
74688,6
74690,0
74693,2
74697,9
74699,4
74700,3
74701,6
74704,8
74705,3
74707,4
74709,7
74710,9
74714,2
74715,7
74716,4
74718,4
74719,0
74720,3
74721,4
74722,7
74724,2
74726,7
74731,4
74735,6
74737,7
74740,9
74741,9
74742,3
74743,4
74747,9
74751,6
74753,3
74755,4
74756,3
74758,4
74759,2
74760,5
74763,7
74764,3
74765,6
74768,0
74769,7
74770,5
74773,9
74774,0
74775,2
74776,3
74777,5
74778,3
74779,7
74780,5
74782,9
74784,7
74785,4
74787,9
74788,0
74790,3
74793,4
74794,0
74797,6
74799,9
74801,9
74803,4
74804,9
74806,7
74807,6
74809,7
74810,9
74811,3
74812,6
74816,4
74819,9
74821,0
74826,4
74828,2
74830,3
74831,4
74832,9
74833,4
74834,5
74835,4
74836,7
74838,4
74844,4
74845,7
74848,9
74849,6
74852,7
74859,7
74861,7
74866,5
74868,3
74869,7
74872,7
74878,7
74880,0
74882,0
74884,6
74888,9
74891,2
74893,7
74894,3
74896,2
74897,0
74899,7
74902,2
74903,7
74905,3
74911,0
74914,5
74917,7
74918,2
74921,6
74923,6
74931,9
74932,5
74933,5
74935,3
74937,0
74938,4
74939,7
74941,9
74942,9
74943,9
74945,0
74951,7
74953,7
74955,4
74956,2
74958,9
74960,3
74964,3
74968,6
74971,4
74974,9
74976,7
74979,7
74980,6
74981,3
74984,4
74987,3
74989,6
74992,5
74993,7
74996,3
74999,4
75007,6
75008,7
75009,4
75011,6
75012,3
75013,9
75014,9
75015,4
75021,4
75022,4
75025,3
75033,3
75040,7
75042,3
75043,4
75044,4
75045,5
75047,3
75050,9
75051,7
75052,4
75053,7
75056,3
75059,3
75060,7
75062,4
75065,5
75068,3
75069,7
75070,9
75071,7
75075,7
75076,4
75080,9
75081,0
75083,3
75084,5
75086,6
75090,7
75091,5
75093,8
75096,2
75098,5
75099,7
75100,0
75102,7
75103,9
75106,0
75111,9
75112,7
75113,3
75116,2
75118,9
75122,6
75127,4
75137,4
75142,0
75144,9
75145,9
75146,7
75147,9
75151,6
75153,0
75154,7
75156,0
75161,6
75163,4
75166,2
75168,6
75172,3
75174,7
75176,7
75177,7
75182,4
75186,3
75188,4
75190,5
75194,6
75198,6
75201,4
75203,4
75205,0
75207,4
75209,2
75217,9
75219,4
75221,5
75224,3
75225,7
75230,5
75232,3
75236,9
75237,8
75239,0
75240,4
75241,4
75243,3
75244,9
75246,2
75247,0
75248,4
75253,7
75257,4
75258,0
75259,0
75260,4
75269,4
75272,7
75273,3
75274,6
75275,3
75276,7
75278,4
75281,7
75284,9
75286,7
75287,6
75289,3
75290,9
75291,4
75292,6
75295,2
75299,7
75302,4
75312,7
75315,0
75320,4
75321,0
75323,7
75325,0
75330,3
75332,3
75335,4
75337,5
75340,7
75341,6
75343,4
75347,9
75349,4
75351,9
75353,0
75354,3
75356,6
75358,9
75360,7
75361,7
75366,3
75368,4
75370,5
75371,9
75372,4
75373,2
75376,9
75378,8
75380,9
75386,9
75388,6
75390,6
75392,7
75393,9
75397,4
75401,6
75404,3
75405,6
75409,7
75410,5
75411,2
75415,4
75416,7
75418,9
75419,0
75420,6
75422,2
75427,4
75432,5
75433,6
75437,0
75438,6
75442,3
75443,4
75444,4
75446,9
75447,4
75454,7
75459,9
75461,0
75462,3
75468,6
75473,4
75475,4
75476,4
75477,9
75478,9
75479,5
75482,5
75483,5
75484,9
75486,4
75487,7
75490,5
75491,9
75492,4
75493,0
75495,2
75498,7
75502,3
75504,0
75506,0
75507,0
75508,7
75512,4
75514,2
75515,0
75518,6
75520,9
75521,0
75528,7
75529,6
75530,5
75535,6
75536,4
75538,3
75539,7
75540,2
75541,7
75542,6
75543,3
75547,9
75551,9
75554,9
75556,6
75561,6
75562,9
75564,3
75565,6
75569,6
75570,2
75574,7
75575,5
75577,5
75578,3
75582,2
75583,9
75585,7
75586,4
75589,4
75593,2
75596,4
75597,9
75599,9
75600,6
75601,5
75605,4
75607,5
75612,7
75613,9
75616,6
75617,6
75619,8
75622,3
75626,5
75627,9
75632,7
75636,7
75637,4
75639,0
75640,9
75643,3
75644,4
75645,9
75647,0
75648,7
75649,6
75652,2
75653,6
75654,4
75656,5
75657,9
75658,3
75659,7
75660,6
75662,0
75664,3
75666,6
75669,7
75675,0
75676,4
75678,0
75682,7
75685,4
75688,7
75690,0
75691,3
75693,7
75698,9
75699,9
75701,6
75704,6
75709,3
75710,4
75712,6
75716,2
75718,7
75719,0
75720,0
75721,9
75722,0
75723,6
75724,3
75731,9
75741,2
75742,0
75744,9
75746,2
75748,4
75750,7
75753,0
75755,7
75757,5
75758,7
75760,7
75761,5
75763,3
75765,3
75766,4
75769,7
75777,7
75778,2
75779,4
75784,4
75786,7
75788,9
75791,7
75796,4
75797,3
75800,7
75801,9
75802,6
75803,7
75804,3
75808,7
75809,3
75810,0
75815,9
75819,4
75821,9
75822,7
75828,7
75829,0
75830,6
75831,5
75833,7
75834,9
75835,0
75837,0
75840,7
75844,9
75845,5
75846,2
75847,5
75848,7
75849,7
75852,0
75854,3
75857,0
75858,4
75859,4
75860,4
75861,3
75863,4
75865,0
75866,9
75868,0
75870,5
75872,7
75877,5
75878,2
75881,0
75884,9
75885,3
75889,0
75890,6
75891,5
75893,9
75894,0
75895,3
75897,2
75899,0
75902,9
75904,6
75910,0
75912,0
75913,5
75914,9
75915,3
75917,9
75918,2
75919,3
75920,4
75921,4
75922,5
75923,7
75925,7
75933,7
75934,2
75935,3
75937,7
75939,6
75940,0
75944,7
75948,7
75952,2
75954,9
75955,7
75956,9
75959,3
75963,4
75964,3
75967,4
75968,5
75969,5
75970,0
75973,4
75974,0
75976,9
75977,7
75978,6
75979,6
75981,9
75983,7
75986,0
75987,7
75988,4
75989,7
75990,7
75995,5
75996,9
75998,6
75999,4
76000,3
76001,3
76004,4
76011,5
76014,9
76015,0
76016,3
76020,0
76021,3
76022,9
76023,7
76027,5
76029,9
76030,4
76031,3
76032,3
76048,7
76051,4
76056,7
76057,4
76066,6
76068,5
76069,2
76070,4
76073,9
76074,3
76078,2
76079,7
76085,0
76086,3
76088,6
76090,4
76091,5
76094,0
76099,3
76106,9
76108,7
76109,9
76110,3
76112,0
76116,4
76119,5
76121,4
76122,0
76123,5
76127,9
76131,6
76135,5
76136,7
76138,7
76139,5
76143,6
76145,7
76146,0
76154,4
76157,5
76161,0
76162,5
76164,2
76166,4
76170,9
76172,5
76173,6
76175,7
76176,9
76180,5
76181,4
76183,5
76184,3
76185,9
76200,6
76209,4
76215,2
76217,0
76219,6
76223,2
76230,3
76233,7
76240,6
76241,4
76242,4
76245,4
76248,0
76256,4
76257,4
76260,4
76261,5
76264,6
76265,7
76270,5
76274,9
76277,4
76282,4
76286,7
76288,7
76289,2
76291,2
76292,3
76293,9
76294,4
76295,4
76300,9
76308,9
76310,6
76311,7
76316,3
76317,6
76318,9
76319,4
76325,3
76326,7
76327,4
76328,7
76329,9
76334,0
76335,9
76336,0
76337,7
76340,9
76346,7
76347,4
76348,3
76349,3
76350,0
76352,4
76353,9
76355,4
76356,5
76357,4
76360,7
76361,5
76362,4
76363,3
76366,3
76367,2
76369,7
76370,9
76371,2
76375,4
76378,9
76379,0
76383,6
76386,9
76393,4
76396,4
76398,9
76401,4
76405,7
76408,0
76411,0
76413,0
76414,2
76415,9
76419,7
76423,4
76424,5
76426,7
76427,7
76428,9
76429,7
76432,4
76436,8
76439,4
76440,2
76441,0
76442,6
76443,5
76444,6
76448,8
76449,7
76452,0
76456,7
76460,0
76462,7
76463,3
76465,8
76466,4
76468,7
76472,2
76484,0
76487,0
76488,3
76493,6
76494,4
76497,2
76501,5
76505,0
76508,7
76509,9
76510,0
76512,7
76513,6
76515,7
76521,0
76522,9
76524,6
76526,3
76527,7
76528,5
76529,4
76542,5
76545,5
76547,7
76548,0
76560,7
76562,5
76563,3
76564,6
76566,3
76568,8
76574,4
76582,6
76588,9
76589,9
76590,5
76591,0
76593,2
76595,3
76596,9
76598,2
76601,5
76602,7
76605,7
76607,4
76608,3
76611,7
76614,3
76616,3
76618,7
76619,4
76620,3
76622,7
76623,9
76625,3
76626,7
76628,2
76636,7
76637,0
76638,5
76639,6
76643,4
76645,7
76646,4
76647,3
76648,3
76649,0
76650,4
76651,5
76653,6
76654,9
76657,7
76659,9
76663,0
76665,7
76666,0
76667,0
76675,7
76676,3
76678,0
76680,9
76682,5
76684,5
76685,9
76687,0
76688,5
76689,9
76692,0
76694,4
76696,0
76698,0
76699,4
76700,4
76701,9
76702,3
76709,0
76711,5
76713,4
76716,2
76718,9
76722,0
76724,4
76726,9
76728,3
76731,4
76733,7
76737,7
76738,7
76739,6
76743,9
76744,5
76746,7
76747,0
76749,7
76750,0
76754,0
76755,6
76757,0
76762,0
76763,3
76765,3
76767,3
76768,2
76769,4
76772,4
76773,2
76776,5
76779,3
76782,7
76783,6
76784,7
76789,0
76790,7
76796,7
76797,6
76799,4
76801,5
76804,7
76805,8
76806,4
76808,6
76810,3
76811,7
76812,4
76813,4
76816,5
76820,9
76821,3
76822,4
76827,6
76831,0
76835,0
76837,4
76838,6
76839,4
76840,6
76841,5
76843,9
76847,8
76848,7
76849,9
76850,0
76854,6
76858,9
76859,2
76862,9
76864,7
76866,0
76867,6
76869,9
76871,4
76872,5
76873,6
76878,6
76880,7
76883,7
76884,7
76885,9
76886,7
76888,0
76889,6
76892,9
76893,9
76898,6
76901,6
76903,8
76906,4
76911,6
76913,5
76915,0
76916,3
76919,5
76921,9
76924,6
76926,3
76927,7
76929,4
76931,7
76936,6
76937,5
76938,9
76941,6
76942,3
76946,7
76947,7
76949,3
76953,6
76956,4
76962,7
76963,7
76969,4
76970,4
76971,4
76974,5
76975,4
76976,4
76977,7
76980,7
76987,6
76989,9
76990,7
76991,6
76992,7
76993,9
76995,2
76997,7
76999,0
77000,4
77001,7
77002,2
77003,5
77004,0
77010,4
77014,9
77015,2
77016,4
77017,5
77018,5
77020,9
77022,6
77025,3
77026,4
77027,0
77029,7
77030,0
77031,3
77032,7
77034,9
77039,0
77040,5
77043,5
77044,7
77046,4
77047,3
77048,3
77049,7
77050,7
77052,7
77056,4
77057,6
77060,4
77062,9
77063,9
77064,6
77068,5
77072,7
77073,4
77076,0
77077,6
77083,5
77086,9
77094,4
77096,5
77098,6
77099,6
77100,6
77101,7
77102,7
77104,6
77106,7
77108,2
77110,7
77123,3
77127,6
77128,5
77130,7
77131,5
77132,4
77134,0
77135,9
77137,6
77138,3
77140,7
77141,3
77142,6
77144,5
77146,2
77148,7
77149,7
77151,4
77153,7
77154,6
77161,9
77162,7
77164,5
77174,6
77175,7
77176,9
77178,9
77179,3
77180,9
77184,4
77185,4
77186,0
77193,7
77195,6
77196,7
77197,2
77199,0
77200,4
77201,0
77202,6
77204,7
77209,4
77210,0
77211,9
77212,4
77217,6
77218,6
77219,5
77220,3
77222,5
77223,3
77225,0
77226,5
77227,7
77229,7
77230,9
77233,0
77234,9
77240,0
77242,7
77243,4
77244,0
77247,0
77248,6
77249,7
77251,7
77253,7
77256,6
77259,9
77265,7
77267,7
77268,7
77273,2
77274,3
77277,4
77281,0
77283,5
77284,2
77290,0
77291,7
77292,2
77296,6
77303,6
77305,0
77307,3
77314,7
77325,7
77326,0
77328,3
77329,4
77330,6
77332,3
77335,8
77338,0
77339,4
77341,2
77349,5
77350,0
77353,0
77354,7
77360,4
77362,0
77363,6
77366,2
77368,4
77370,9
77372,7
77373,2
77374,0
77375,9
77376,4
77378,4
77380,7
77387,2
77392,7
77395,7
77397,2
77399,6
77400,4
77401,9
77403,7
77405,6
77408,6
77412,7
77413,4
77418,4
77419,4
77422,3
77427,7
77429,3
77430,4
77431,5
77432,7
77434,7
77447,4
77448,3
77454,7
77455,9
77461,8
77466,0
77473,7
77475,9
77477,6
77479,9
77480,4
77485,5
77486,5
77487,6
77488,7
77489,4
77490,6
77491,4
77492,7
77493,4
77495,0
77497,0
77498,6
77499,9
77508,6
77511,0
77512,2
77513,5
77515,9
77518,2
77520,9
77521,0
77523,7
77524,4
77527,5
77528,9
77530,6
77531,3
77532,5
77536,9
77538,7
77540,5
77544,7
77549,7
77553,0
77554,5
77556,3
77559,9
77565,2
77566,7
77571,4
77574,0
77575,4
77578,4
77582,7
77588,7
77589,9
77590,0
77595,5
77596,5
77599,4
77601,3
77606,3
77607,7
77614,5
77617,6
77618,6
77620,6
77622,0
77623,4
77630,7
77632,4
77634,5
77637,4
77644,6
77645,5
77648,2
77653,6
77656,7
77658,7
77660,2
77662,4
77663,7
77666,3
77671,9
77672,0
77676,0
77683,6
77685,6
77686,7
77688,4
77693,7
77697,9
77700,0
77701,0
77704,7
77705,0
77706,2
77709,4
77717,8
77721,2
77723,5
77726,7
77729,9
77730,3
77731,5
77732,6
77736,3
77737,5
77738,5
77742,7
77743,5
77744,0
77746,8
77750,5
77751,4
77754,9
77757,9
77758,6
77760,0
77761,9
77763,9
77765,8
77769,9
77771,9
77772,4
77773,4
77774,7
77776,0
77777,0
77780,6
77785,6
77786,0
77790,0
77792,6
77794,2
77798,6
77800,6
77801,4
77802,4
77805,9
77809,0
77810,7
77811,0
77813,3
77814,0
77816,4
77822,9
77828,4
77830,4
77831,3
77833,6
77834,9
77835,2
77840,4
77844,9
77846,3
77848,0
77851,0
77854,0
77859,7
77860,6
77861,9
77862,7
77864,7
77866,9
77870,3
77872,7
77873,6
77874,0
77877,9
77879,9
77884,3
77887,7
77888,5
77890,5
77898,4
77899,7
77907,6
77909,2
77910,4
77911,2
77915,9
77918,5
77919,9
77920,4
77921,9
77922,3
77926,4
77927,7
77929,7
77930,9
77931,4
77933,7
77934,5
77939,4
77941,0
77942,4
77943,9
77947,9
77950,3
77953,8
77960,9
77962,9
77968,8
77970,9
77972,7
77973,7
77976,7
77984,4
77992,7
77993,2
77998,5
77999,4
78000,5
78002,4
78003,2
78004,5
78005,9
78006,4
78007,6
78009,5
78012,4
78013,9
78014,9
78015,6
78016,0
78017,7
78022,6
78023,4
78025,9
78029,3
78036,4
78037,0
78039,7
78041,4
78042,5
78043,4
78044,6
78046,0
78048,2
78050,4
78051,4
78053,7
78055,5
78057,2
78058,5
78059,5
78060,3
78061,4
78062,9
78063,7
78064,4
78066,3
78067,9
78071,4
78072,7
78077,7
78082,4
78084,9
78085,5
78091,4
78092,9
78098,3
78100,5
78101,6
78105,6
78107,7
78108,4
78109,4
78110,9
78113,9
78114,0
78119,5
78120,3
78121,9
78123,4
78124,4
78125,4
78127,7
78128,0
78129,7
78133,0
78137,7
78139,5
78140,7
78141,5
78142,0
78146,9
78150,3
78152,2
78155,0
78160,4
78161,4
78162,4
78163,4
78167,2
78169,3
78170,7
78171,5
78175,4
78179,9
78180,7
78182,9
78183,3
78186,5
78190,5
78192,7
78194,4
78195,9
78202,5
78204,4
78210,0
78212,0
78214,9
78218,4
78220,4
78223,8
78224,9
78228,3
78229,9
78230,7
78231,5
78236,0
78238,2
78241,0
78245,3
78246,6
78251,9
78252,6
78253,4
78254,3
78257,2
78262,5
78263,8
78268,3
78269,7
78271,6
78275,5
78276,8
78278,5
78280,3
78281,0
78282,4
78287,9
78290,7
78291,4
78294,5
78297,4
78300,7
78301,9
78303,4
78305,5
78307,3
78314,6
78317,0
78318,7
78328,0
78329,4
78330,6
78332,3
78333,2
78335,9
78337,9
78338,3
78342,8
78346,9
78349,3
78351,4
78355,9
78362,6
78364,3
78365,7
78370,7
78372,5
78373,3
78375,0
78378,6
78381,5
78383,7
78386,4
78387,4
78389,4
78391,7
78392,3
78393,5
78395,9
78399,4
78400,8
78401,7
78402,3
78404,9
78405,4
78406,2
78409,9
78410,6
78414,7
78415,4
78417,5
78419,6
78420,3
78421,9
78423,7
78425,8
78426,7
78432,9
78435,3
78437,9
78438,4
78440,6
78441,6
78444,3
78445,5
78452,7
78453,3
78454,3
78457,4
78459,5
78461,4
78462,4
78463,9
78465,6
78467,9
78479,7
78482,6
78483,2
78484,7
78485,6
78486,0
78488,9
78489,7
78491,8
78493,3
78494,0
78496,7
78501,5
78503,5
78504,2
78507,6
78508,6
78509,7
78514,7
78516,4
78518,7
78520,9
78522,7
78523,0
78527,5
78528,4
78533,6
78534,5
78536,3
78537,2
78538,7
78540,4
78541,7
78542,6
78543,6
78545,2
78548,9
78549,6
78550,4
78551,6
78552,7
78554,0
78556,5
78557,5
78561,0
78562,9
78563,4
78565,6
78566,0
78567,4
78569,7
78570,5
78572,5
78573,7
78574,5
78575,6
78579,0
78581,5
78585,7
78586,9
78587,4
78589,3
78592,7
78594,5
78596,4
78597,6
78600,6
78608,5
78610,4
78613,7
78614,4
78615,3
78616,6
78618,5
78620,7
78621,5
78622,0
78628,3
78629,2
78631,4
78634,7
78635,8
78636,3
78637,6
78638,0
78639,4
78640,3
78642,0
78646,5
78647,0
78649,0
78651,0
78652,2
78655,4
78657,4
78658,4
78660,0
78662,4
78663,7
78664,6
78667,3
78672,7
78674,9
78677,9
78678,7
78679,9
78688,0
78696,6
78697,5
78699,3
78700,4
78704,5
78708,4
78709,3
78710,5
78712,0
78716,9
78723,4
78724,5
78725,7
78726,6
78730,9
78736,5
78738,9
78739,3
78740,4
78742,0
78743,6
78749,0
78755,5
78756,7
78761,4
78762,4
78763,3
78764,0
78765,4
78766,5
78768,7
78778,0
78781,0
78782,9
78788,9
78789,3
78790,6
78791,5
78792,7
78794,6
78796,3
78797,4
78801,7
78804,7
78806,6
78807,2
78808,3
78809,8
78813,4
78817,3
78821,0
78822,5
78823,7
78824,4
78825,7
78826,5
78830,4
78834,7
78838,0
78839,6
78844,5
78854,6
78858,4
78859,3
78862,0
78863,3
78864,9
78872,9
78874,7
78877,4
78882,3
78883,7
78885,5
78886,5
78888,2
78890,4
78891,9
78900,3
78901,7
78903,9
78907,4
78911,2
78913,6
78915,0
78919,9
78923,9
78924,0
78927,4
78928,4
78929,4
78937,6
78938,9
78939,4
78941,0
78942,7
78944,7
78946,4
78949,9
78952,6
78954,0
78957,4
78958,6
78961,9
78964,7
78965,7
78966,4
78967,0
78969,4
78971,7
78974,0
78976,9
78979,0
78980,2
78981,0
78982,0
78983,9
78984,7
78985,3
78989,9
78990,3
78991,6
78992,0
78994,0
78995,4
78997,7
79004,7
79005,0
79008,7
79010,2
79011,3
79012,9
79013,5
79014,3
79017,4
79018,4
79021,9
79025,6
79026,9
79027,3
79029,4
79030,2
79031,0
79032,3
79033,6
79034,3
79036,4
79040,6
79044,9
79045,6
79048,7
79054,9
79060,4
79061,6
79062,6
79063,0
79067,7
79068,7
79069,7
79071,7
79073,6
79075,6
79083,3
79085,7
79088,9
79090,7
79095,5
79098,0
79099,4
79102,3
79104,0
79105,4
79106,4
79112,9
79113,9
79115,7
79116,6
79120,4
79124,8
79125,3
79126,6
79127,4
79130,6
79135,7
79136,5
79137,6
79138,4
79142,9
79143,4
79144,7
79147,7
79149,7
79151,4
79153,3
79154,4
79155,0
79156,5
79158,9
79162,8
79164,4
79168,4
79176,9
79177,4
79178,0
79179,9
79181,4
79185,2
79189,0
79191,6
79193,4
79195,4
79198,6
79199,9
79200,7
79210,3
79215,0
79219,0
79221,5
79222,6
79223,4
79226,4
79228,4
79229,3
79230,7
79232,9
79234,7
79236,4
79237,3
79239,5
79241,4
79244,7
79251,5
79255,7
79256,4
79262,0
79266,9
79270,7
79273,2
79275,5
79276,6
79277,4
79282,6
79288,4
79291,6
79293,4
79294,4
79295,4
79297,5
79304,0
79307,7
79309,2
79311,4
79312,6
79314,7
79315,7
79316,9
79317,7
79319,6
79321,5
79323,8
79325,3
79326,4
79330,5
79331,9
79332,7
79334,0
79335,0
79337,5
79342,5
79347,3
79348,7
79349,7
79352,4
79354,5
79356,3
79357,7
79359,5
79362,6
79364,4
79365,6
79367,0
79369,7
79370,7
79371,0
79372,6
79379,5
79382,3
79383,7
79384,9
79387,5
79389,9
79395,9
79397,5
79398,7
79404,4
79405,5
79406,0
79408,5
79411,6
79412,4
79415,5
79416,7
79422,6
79423,4
79424,0
79425,5
79426,0
79430,2
79431,3
79435,7
79437,9
79439,3
79441,2
79447,4
79454,8
79455,8
79457,2
79458,5
79459,5
79461,9
79462,4
79464,6
79467,5
79469,3
79470,5
79472,9
79474,0
79480,6
79481,9
79485,0
79488,0
79489,4
79491,4
79494,7
79499,9
79500,3
79501,9
79502,3
79503,4
79505,8
79509,0
79510,3
79513,0
79514,4
79520,9
79523,3
79528,7
79533,9
79534,5
79536,0
79538,0
79540,4
79542,9
79543,4
79545,4
79546,3
79547,9
79548,7
79551,8
79552,5
79555,0
79556,9
79557,2
79559,9
79564,5
79565,7
79566,9
79568,3
79570,8
79573,5
79579,5
79581,7
79582,4
79583,3
79589,7
79592,3
79598,5
79600,4
79601,9
79602,6
79604,9
79606,7
79607,0
79608,9
79611,0
79612,7
79613,6
79616,7
79618,9
79620,7
79623,5
79629,7
79630,4
79631,0
79632,5
79633,4
79636,4
79637,4
79643,9
79644,7
79646,0
79647,9
79652,7
79655,4
79656,0
79657,4
79660,4
79662,9
79663,6
79664,5
79665,3
79666,9
79667,4
79670,4
79673,4
79675,9
79677,0
79679,0
79682,7
79683,6
79689,5
79692,3
79697,9
79699,0
79701,7
79703,3
79704,7
79705,7
79707,9
79709,4
79710,2
79712,7
79716,4
79717,7
79719,7
79720,2
79727,6
79729,0
79732,0
79734,7
79735,6
79739,9
79740,7
79741,2
79742,7
79743,6
79748,2
79750,3
79753,3
79755,9
79756,5
79757,5
79758,2
79759,4
79764,2
79766,4
79775,3
79777,6
79780,5
79781,7
79784,7
79787,7
79788,6
79790,9
79792,2
79794,7
79796,6
79797,2
79798,6
79800,7
79804,7
79809,2
79811,3
79813,0
79816,5
79817,6
79820,2
79822,4
79823,9
79827,4
79829,6
79832,5
79834,6
79840,9
79841,0
79842,7
79844,7
79848,3
79849,7
79859,3
79860,7
79861,0
79864,2
79865,0
79869,7
79870,9
79872,7
79873,0
79877,4
79880,6
79882,0
79884,0
79885,5
79887,0
79888,9
79890,5
79892,4
79894,7
79895,5
79897,7
79899,5
79901,0
79907,7
79912,3
79914,0
79915,7
79916,0
79917,0
79921,2
79927,7
79931,6
79933,0
79935,0
79936,7
79938,2
79942,2
79944,3
79945,2
79946,4
79948,3
79950,4
79953,9
79960,0
79964,6
79966,4
79973,0
79975,9
79976,7
79977,0
79982,7
79987,9
79989,3
79994,6
79997,0
79999,6
80001,4
80002,5
80003,7
80005,6
80006,7
80007,6
80010,5
80011,9
80015,4
80016,0
80023,5
80029,7
80033,7
80034,6
80036,5
80037,9
80049,9
80054,7
80056,3
80059,7
80062,7
80066,2
80070,6
80073,9
80075,5
80079,5
80082,4
80084,7
80086,7
80090,5
80094,6
80095,2
80103,9
80105,2
80106,9
80107,7
80108,3
80115,0
80116,7
80117,0
80118,9
80124,4
80126,7
80128,6
80136,9
80137,4
80138,9
80139,4
80140,8
80141,0
80144,8
80146,9
80147,7
80149,9
80150,6
80151,7
80155,6
80156,9
80157,7
80158,6
80159,0
80164,4
80165,6
80166,7
80169,3
80174,0
80176,3
80177,2
80178,4
80180,7
80181,5
80183,0
80195,0
80196,7
80208,4
80209,0
80212,9
80213,2
80214,6
80216,7
80217,0
80223,7
80224,9
80225,2
80226,9
80230,5
80237,9
80238,3
80240,0
80245,2
80250,0
80251,0
80252,7
80253,5
80254,9
80257,7
80259,9
80260,0
80261,0
80262,3
80264,3
80265,7
80267,7
80272,0
80274,4
80275,7
80276,6
80277,7
80278,7
80279,3
80280,9
80281,6
80282,7
80284,6
80285,9
80287,8
80288,0
80294,6
80296,2
80297,3
80298,7
80299,4
80300,4
80301,0
80302,0
80307,3
80308,5
80312,3
80314,9
80315,9
80317,9
80319,3
80322,4
80327,4
80328,0
80336,7
80341,7
80343,3
80346,7
80347,4
80348,3
80349,0
80350,4
80353,0
80355,0
80358,4
80359,9
80362,4
80365,5
80368,7
80369,3
80370,0
80371,7
80372,9
80373,6
80381,5
80384,4
80387,4
80388,6
80395,8
80396,3
80397,7
80398,9
80399,9
80401,4
80403,0
80405,5
80407,6
80415,4
80416,7
80418,0
80422,9
80424,4
80425,0
80435,4
80436,3
80437,7
80439,0
80440,4
80443,0
80445,7
80446,9
80450,7
80454,9
80455,4
80458,5
80460,4
80462,9
80465,5
80468,3
80470,6
80471,3
80472,6
80473,7
80477,7
80479,8
80481,7
80483,6
80484,5
80489,2
80498,3
80500,4
80502,7
80503,3
80504,6
80505,9
80516,0
80520,7
80522,8
80524,5
80527,3
80528,0
80530,0
80534,3
80535,4
80541,0
80544,0
80545,2
80546,0
80549,3
80550,4
80552,4
80555,6
80556,0
80561,0
80563,7
80564,2
80566,4
80567,4
80571,5
80573,3
80580,6
80582,5
80584,4
80589,7
80600,7
80604,9
80606,8
80607,2
80608,5
80611,7
80613,0
80614,6
80615,4
80618,5
80621,6
80622,4
80626,9
80628,2
80635,9
80636,9
80637,0
80638,5
80642,4
80644,3
80650,9
80652,7
80653,9
80659,5
80660,3
80661,0
80666,6
80670,9
80671,9
80672,0
80673,2
80675,7
80676,0
80677,4
80681,7
80682,2
80689,4
80692,6
80693,0
80697,6
80698,4
80700,0
80703,0
80704,0
80706,2
80708,2
80709,6
80712,0
80713,6
80715,5
80720,6
80722,4
80724,7
80725,0
80728,6
80730,4
80731,6
80732,9
80733,9
80734,4
80735,0
80736,3
80737,9
80738,4
80741,7
80742,2
80743,4
80745,3
80746,3
80747,2
80748,2
80749,4
80754,6
80755,0
80757,3
80758,9
80761,2
80762,6
80763,9
80773,4
80776,8
80778,2
80781,3
80787,7
80791,9
80796,0
80798,5
80800,9
80801,7
80802,4
80805,9
80808,4
80809,3
80810,4
80811,5
80813,6
80816,2
80817,8
80818,4
80820,6
80822,6
80823,9
80826,0
80827,4
80829,6
80834,4
80836,7
80839,2
80840,7
80844,6
80845,5
80846,0
80849,0
80850,4
80857,7
80858,9
80861,4
80863,7
80868,6
80872,5
80874,9
80876,7
80877,3
80881,7
80882,4
80884,7
80887,6
80888,0
80889,4
80891,2
80893,9
80896,5
80900,7
80901,4
80903,2
80906,4
80907,9
80908,7
80909,6
80911,0
80913,4
80915,9
80918,5
80919,8
80920,4
80923,3
80924,4
80927,6
80928,8
80929,7
80930,0
80932,7
80933,9
80936,7
80937,4
80941,6
80944,9
80946,7
80950,3
80953,3
80955,3
80958,6
80962,6
80963,4
80964,0
80965,6
80967,2
80970,5
80973,9
80974,5
80976,6
80980,7
80982,7
80983,4
80986,2
80988,4
80989,9
80993,2
80995,7
80996,4
80998,0
81005,2
81008,5
81009,4
81012,4
81015,0
81016,3
81021,6
81024,9
81026,4
81027,5
81029,4
81030,7
81032,6
81034,7
81037,6
81038,5
81039,3
81040,9
81044,0
81047,2
81049,9
81050,8
81052,7
81053,4
81057,0
81058,3
81063,6
81064,3
81068,0
81069,4
81070,5
81071,9
81072,0
81073,4
81076,6
81079,4
81080,0
81086,6
81089,3
81095,4
81096,3
81097,0
81098,5
81099,6
81100,4
81102,6
81103,6
81105,7
81106,7
81107,4
81109,6
81110,6
81111,5
81113,9
81114,3
81115,4
81120,9
81122,7
81123,5
81124,6
81125,2
81130,3
81131,6
81133,2
81134,7
81137,5
81140,6
81141,7
81142,0
81143,9
81145,9
81146,0
81149,3
81151,5
81162,0
81163,3
81164,6
81166,9
81167,4
81169,4
81171,0
81174,4
81176,6
81181,7
81182,9
81184,4
81188,6
81191,9
81193,5
81194,0
81195,9
81197,4
81198,4
81201,9
81202,4
81204,9
81205,4
81209,3
81214,4
81219,2
81220,5
81221,9
81222,7
81223,4
81224,7
81227,9
81231,5
81233,9
81235,9
81238,0
81239,7
81242,0
81245,7
81247,9
81249,7
81251,4
81252,4
81253,4
81254,9
81259,6
81261,8
81262,9
81264,4
81266,0
81268,3
81269,0
81271,6
81273,9
81275,2
81276,0
81280,6
81283,6
81286,7
81290,6
81293,7
81296,5
81298,4
81300,9
81302,9
81304,7
81307,6
81311,7
81313,9
81316,7
81317,0
81320,7
81321,4
81323,3
81331,3
81335,4
81336,4
81339,9
81340,7
81341,7
81342,0
81345,7
81346,7
81351,3
81352,7
81353,0
81357,9
81361,4
81364,7
81366,4
81367,9
81369,9
81370,5
81371,7
81374,4
81378,0
81380,7
81381,7
81383,4
81389,0
81390,2
81391,9
81394,9
81395,4
81396,8
81398,6
81399,7
81400,5
81402,7
81403,8
81406,4
81408,6
81409,9
81412,5
81415,3
81418,3
81420,2
81422,0
81424,0
81429,9
81432,4
81434,6
81438,3
81439,4
81440,7
81443,6
81445,8
81449,7
81450,6
81451,6
81452,4
81453,7
81454,6
81456,9
81457,5
81460,5
81462,3
81464,9
81470,4
81475,4
81477,0
81478,5
81479,7
81481,7
81487,4
81488,9
81491,6
81495,2
81496,7
81498,4
81503,4
81504,0
81507,7
81508,4
81510,9
81514,0
81515,0
81516,0
81518,7
81525,7
81527,2
81529,5
81539,3
81542,7
81546,2
81550,8
81551,4
81553,4
81556,0
81559,6
81561,6
81564,5
81565,0
81566,0
81567,7
81568,0
81579,7
81580,6
81581,5
81582,8
81584,4
81585,9
81587,5
81589,3
81592,4
81593,5
81595,4
81597,7
81598,7
81599,5
81600,4
81601,3
81603,9
81606,6
81608,9
81611,3
81613,9
81614,0
81619,4
81620,7
81625,4
81627,7
81628,6
81630,2
81631,6
81632,5
81636,9
81637,4
81638,7
81640,7
81644,4
81646,3
81650,3
81654,7
81656,0
81657,0
81659,4
81660,6
81661,5
81662,3
81663,9
81664,4
81665,5
81666,9
81668,4
81669,7
81671,0
81672,4
81673,3
81674,6
81676,3
81681,2
81684,9
81687,4
81691,9
81693,6
81700,4
81701,0
81702,7
81704,7
81705,4
81706,7
81708,0
81710,9
81711,7
81715,0
81717,8
81720,6
81721,9
81730,0
81733,7
81735,4
81737,7
81738,6
81740,3
81742,0
81746,9
81750,4
81752,6
81754,3
81755,9
81757,0
81759,7
81760,5
81761,0
81764,9
81767,5
81768,7
81769,9
81780,9
81781,5
81782,7
81787,0
81788,9
81790,5
81791,7
81793,2
81794,7
81797,6
81798,4
81799,4
81801,9
81804,5
81808,9
81810,5
81811,5
81814,0
81816,5
81817,5
81818,9
81822,0
81825,4
81827,0
81828,6
81829,0
81830,4
81836,4
81837,3
81840,7
81841,4
81843,0
81844,2
81851,9
81852,7
81855,4
81860,7
81861,3
81862,7
81864,9
81866,4
81867,4
81870,6
81872,2
81874,4
81876,5
81878,7
81879,4
81881,0
81886,0
81888,3
81890,6
81892,3
81896,5
81898,3
81899,2
81900,4
81901,3
81902,7
81903,9
81904,0
81911,4
81912,9
81921,7
81922,0
81924,9
81925,2
81928,7
81930,4
81935,0
81938,7
81945,9
81948,6
81950,4
81952,9
81953,7
81955,9
81956,0
81957,4
81959,9
81960,7
81961,9
81962,0
81963,3
81964,5
81967,0
81968,0
81970,9
81971,4
81972,9
81991,7
81995,6
82001,4
82003,7
82011,2
82016,9
82017,4
82019,5
82021,8
82023,6
82025,6
82026,9
82027,6
82028,4
82029,3
82030,4
82032,5
82039,3
82041,0
82044,9
82047,3
82051,9
82053,4
82054,9
82058,4
82059,5
82060,9
82064,7
82065,9
82066,7
82067,9
82068,7
82071,7
82072,4
82076,5
82085,0
82088,7
82091,5
82092,5
82094,0
82096,3
82097,7
82103,0
82106,6
82110,0
82113,6
82118,7
82120,6
82121,6
82125,0
82129,7
82131,7
82133,4
82137,9
82138,2
82139,6
82140,3
82141,0
82145,3
82147,8
82149,0
82150,4
82151,5
82152,9
82156,7
82160,2
82161,4
82163,3
82164,3
82165,5
82170,4
82171,5
82173,9
82174,8
82176,6
82180,0
82181,7
82184,0
82186,6
82187,5
82188,9
82189,3
82192,7
82193,0
82199,6
82203,5
82207,4
82208,3
82210,9
82211,9
82215,5
82217,9
82220,4
82221,0
82224,7
82228,0
82230,4
82234,4
82235,5
82236,0
82245,6
82248,9
82249,0
82250,5
82251,7
82256,9
82257,2
82262,6
82263,7
82264,0
82268,8
82269,7
82271,9
82273,4
82275,2
82276,2
82277,9
82278,3
82282,7
82283,6
82285,6
82291,9
82292,4
82293,6
82295,4
82296,0
82297,2
82300,6
82301,7
82304,6
82310,0
82312,3
82313,6
82318,9
82319,2
82321,0
82324,7
82325,9
82326,6
82330,9
82331,8
82335,3
82336,7
82340,9
82341,2
82342,8
82343,3
82345,5
82347,6
82349,0
82353,4
82359,3
82360,7
82364,7
82365,2
82367,5
82370,9
82371,3
82372,2
82376,5
82378,3
82380,7
82381,4
82382,6
82383,7
82384,4
82385,4
82387,7
82389,0
82396,7
82399,7
82406,4
82407,0
82411,7
82412,0
82416,5
82423,4
82424,9
82429,2
82431,0
82432,7
82434,9
82435,7
82437,9
82441,7
82442,7
82443,9
82444,7
82445,3
82446,6
82450,0
82451,0
82454,0
82455,2
82458,5
82459,3
82463,5
82470,4
82473,5
82475,7
82476,4
82479,4
82480,9
82481,0
82482,4
82483,4
82485,4
82486,2
82487,7
82488,0
82490,0
82493,0
82496,7
82500,7
82505,5
82506,9
82508,3
82509,6
82513,9
82514,7
82519,0
82524,8
82526,3
82527,3
82528,9
82529,3
82530,5
82532,3
82536,2
82537,0
82539,6
82542,7
82543,3
82546,6
82549,9
82554,7
82555,4
82556,0
82558,2
82560,2
82564,3
82568,4
82570,7
82578,9
82579,7
82581,0
82582,4
82584,4
82586,3
82589,5
82593,0
82596,2
82602,9
82605,7
82606,0
82609,9
82610,0
82612,0
82614,4
82619,3
82622,4
82624,6
82626,7
82628,2
82631,9
82632,3
82636,4
82637,5
82641,6
82642,3
82643,8
82645,6
82646,5
82647,3
82649,0
82650,9
82653,7
82655,9
82658,7
82662,3
82664,9
82665,7
82667,9
82668,0
82671,5
82674,0
82676,0
82677,8
82678,0
82680,7
82686,4
82688,4
82689,7
82693,6
82695,4
82696,9
82698,7
82699,7
82700,5
82706,0
82711,9
82714,9
82718,3
82719,9
82721,4
82724,5
82732,4
82733,0
82734,0
82736,4
82744,4
82748,9
82751,7
82759,6
82760,6
82761,2
82763,8
82765,6
82767,9
82769,4
82771,7
82787,4
82791,6
82792,7
82803,3
82804,7
82806,7
82813,9
82814,7
82815,0
82818,2
82819,6
82820,3
82822,0
82824,9
82825,3
82826,7
82829,0
82830,7
82834,8
82835,4
82836,0
82842,3
82843,0
82844,5
82846,7
82850,9
82852,4
82853,2
82854,2
82857,0
82859,5
82862,4
82864,4
82865,3
82877,4
82879,9
82882,6
82889,6
82893,6
82895,3
82898,0
82899,2
82900,4
82905,6
82907,4
82910,6
82912,5
82913,4
82915,4
82916,4
82917,9
82921,7
82922,9
82923,2
82924,4
82926,7
82927,5
82929,5
82933,6
82934,0
82935,7
82938,9
82939,4
82940,6
82944,6
82946,7
82947,6
82948,0
82952,9
82955,9
82957,0
82958,0
82960,3
82962,0
82965,5
82967,0
82970,6
82973,3
82977,5
82978,9
82979,6
82981,9
82987,9
82989,3
82990,7
82995,9
82996,8
82998,0
83002,2
83005,3
83006,7
83008,2
83009,6
83010,4
83013,4
83014,6
83015,3
83018,0
83019,5
83020,5
83021,0
83027,9
83031,5
83032,3
83033,9
83035,7
83037,7
83041,9
83042,3
83044,7
83045,7
83046,7
83049,0
83050,0
83051,4
83055,9
83064,5
83066,7
83068,6
83073,9
83075,9
83077,7
83081,7
83082,7
83083,0
83085,6
83086,0
83087,6
83088,6
83089,4
83091,9
83092,3
83095,4
83096,0
83097,4
83098,7
83102,9
83105,4
83106,0
83107,2
83110,2
83115,6
83118,4
83119,5
83121,4
83125,7
83129,0
83130,9
83131,4
83133,6
83136,0
83138,0
83141,2
83144,4
83145,3
83146,5
83147,6
83151,0
83154,5
83156,3
83160,4
83163,9
83170,9
83171,6
83175,7
83176,7
83179,7
83180,7
83182,7
83186,3
83188,6
83192,3
83194,5
83195,7
83197,6
83203,5
83204,7
83205,9
83206,2
83207,3
83211,6
83212,4
83213,7
83214,7
83215,0
83217,4
83218,5
83223,7
83226,4
83227,3
83231,4
83235,3
83236,0
83237,6
83240,0
83243,2
83244,5
83245,5
83247,3
83249,0
83250,4
83253,0
83255,9
83256,9
83269,7
83275,3
83276,6
83278,7
83279,8
83280,6
83283,3
83284,5
83285,8
83287,4
83289,0
83292,2
83293,4
83296,6
83299,3
83303,0
83304,7
83306,6
83310,4
83311,6
83312,4
83315,9
83317,5
83322,7
83323,7
83325,5
83327,7
83328,9
83329,7
83330,0
83333,4
83334,9
83335,7
83336,6
83338,3
83342,0
83348,9
83350,3
83354,2
83355,6
83358,9
83359,4
83360,0
83361,3
83363,7
83365,2
83367,7
83368,3
83370,8
83371,9
83377,3
83380,7
83382,2
83385,2
83388,7
83389,5
83392,9
83394,9
83395,0
83399,7
83405,4
83406,0
83407,0
83409,6
83412,6
83413,5
83415,3
83416,0
83418,8
83419,5
83420,0
83421,4
83425,7
83426,7
83428,7
83429,4
83430,2
83433,9
83435,0
83436,5
83437,3
83439,3
83442,9
83443,6
83444,0
83446,4
83447,5
83449,0
83450,4
83461,3
83462,3
83464,6
83465,0
83466,6
83467,9
83470,2
83472,3
83475,6
83478,9
83480,3
83482,5
83483,4
83484,4
83485,7
83487,0
83490,4
83491,7
83494,6
83496,3
83497,4
83500,4
83503,4
83504,6
83507,4
83510,0
83513,7
83515,0
83519,3
83522,4
83524,0
83526,4
83533,3
83540,5
83546,7
83547,7
83555,3
83556,9
83557,3
83558,9
83559,4
83562,6
83564,6
83566,7
83569,0
83571,4
83574,0
83575,6
83576,5
83577,9
83578,7
83581,5
83582,3
83583,2
83584,0
83585,4
83587,0
83589,0
83592,5
83593,5
83595,3
83600,3
83605,7
83611,0
83613,6
83618,4
83619,4
83623,4
83624,3
83625,5
83626,3
83627,7
83628,9
83632,0
83637,0
83640,2
83641,0
83645,4
83651,5
83652,4
83655,3
83659,0
83661,3
83668,7
83669,5
83672,3
83673,6
83674,9
83675,0
83677,4
83679,7
83683,2
83684,6
83687,6
83693,7
83694,9
83699,7
83701,6
83702,6
83706,0
83707,0
83708,4
83712,0
83713,6
83715,3
83716,0
83722,4
83723,2
83724,9
83725,7
83726,9
83728,4
83733,3
83735,4
83742,4
83747,4
83750,0
83751,9
83753,5
83754,5
83756,6
83759,6
83764,5
83765,7
83768,2
83773,7
83774,7
83778,4
83780,8
83782,7
83783,5
83790,7
83793,7
83795,3
83796,4
83798,0
83799,3
83801,4
83803,6
83806,4
83810,0
83816,6
83818,0
83819,7
83821,3
83825,2
83828,0
83831,4
83835,3
83836,7
83841,6
83846,2
83848,6
83849,5
83850,5
83852,5
83855,7
83858,4
83859,9
83860,5
83862,7
83863,6
83864,9
83871,4
83872,7
83875,9
83877,4
83878,7
83885,7
83886,4
83888,6
83890,0
83891,0
83892,4
83893,0
83894,4
83895,6
83896,5
83899,9
83900,5
83901,0
83904,5
83906,0
83907,2
83908,6
83909,4
83911,3
83912,4
83917,7
83919,7
83925,3
83930,6
83931,0
83939,9
83941,7
83942,9
83943,7
83944,7
83945,0
83951,6
83952,4
83954,3
83957,0
83959,3
83961,0
83962,4
83964,3
83967,0
83971,0
83974,3
83975,7
83976,2
83977,9
83982,9
83983,9
83985,4
83987,6
83988,6
83992,7
83993,4
83998,6
83999,4
84000,3
84001,7
84002,5
84003,7
84007,6
84009,0
84010,6
84011,0
84013,4
84014,9
84016,2
84018,3
84019,4
84021,9
84023,9
84025,9
84026,3
84028,9
84032,0
84039,6
84042,0
84045,4
84046,7
84047,4
84052,4
84053,9
84054,7
84060,9
84061,3
84063,5
84064,9
84068,5
84070,6
84077,7
84078,7
84079,0
84086,2
84088,6
84091,6
84093,6
84096,7
84097,6
84098,7
84101,0
84107,4
84109,4
84110,9
84112,2
84114,6
84117,6
84118,0
84119,3
84121,3
84122,5
84126,6
84128,4
84132,6
84133,2
84138,4
84140,4
84144,0
84145,3
84152,3
84154,2
84156,4
84159,8
84161,4
84162,3
84165,7
84167,9
84173,4
84174,6
84175,7
84177,3
84179,4
84181,4
84184,0
84186,5
84189,3
84190,4
84192,4
84194,7
84195,5
84197,3
84198,0
84201,6
84203,9
84206,9
84207,5
84208,6
84210,3
84211,0
84212,3
84214,6
84215,2
84216,5
84222,4
84223,3
84225,0
84226,0
84234,6
84238,4
84239,3
84240,9
84241,3
84242,2
84246,7
84250,4
84252,9
84253,7
84256,4
84257,3
84259,7
84262,5
84267,5
84268,4
84269,4
84271,2
84275,5
84278,3
84281,2
84284,7
84291,6
84293,9
84299,2
84300,3
84301,3
84303,5
84304,4
84305,4
84307,5
84310,6
84315,7
84317,7
84324,4
84325,5
84330,4
84333,9
84337,3
84340,3
84341,4
84342,0
84343,7
84344,9
84347,5
84348,4
84349,7
84351,7
84352,9
84357,6
84358,9
84359,0
84367,7
84369,2
84370,9
84373,2
84376,0
84377,5
84379,9
84382,5
84386,6
84388,7
84389,7
84390,5
84392,0
84395,5
84396,9
84401,7
84402,7
84405,0
84406,0
84409,0
84410,5
84411,9
84413,0
84414,4
84416,4
84419,4
84423,4
84425,7
84426,5
84427,3
84428,2
84429,6
84433,9
84434,0
84436,2
84437,0
84438,9
84440,3
84443,4
84445,0
84447,4
84448,7
84449,8
84454,6
84457,7
84458,2
84459,0
84461,7
84464,4
84467,3
84470,3
84471,4
84479,9
84483,7
84484,5
84490,6
84492,7
84497,3
84498,6
84501,7
84502,4
84503,4
84506,9
84509,7
84511,9
84517,3
84518,7
84521,0
84522,0
84525,9
84528,2
84529,7
84535,3
84537,6
84540,3
84547,0
84548,3
84552,4
84558,6
84559,9
84562,2
84563,6
84564,0
84565,0
84572,7
84573,4
84574,7
84575,7
84576,9
84578,9
84580,4
84581,0
84584,5
84585,7
84586,2
84588,3
84591,7
84593,9
84594,0
84596,2
84605,9
84606,9
84612,0
84613,4
84615,7
84616,0
84618,4
84622,0
84623,0
84625,7
84626,7
84628,7
84634,4
84635,4
84646,3
84649,2
84651,9
84653,4
84654,6
84657,2
84660,6
84661,0
84662,3
84664,9
84665,7
84667,6
84668,0
84670,3
84672,7
84673,3
84674,7
84676,7
84680,7
84682,3
84683,7
84685,6
84687,9
84689,6
84693,5
84698,5
84705,5
84706,4
84709,7
84715,7
84717,0
84718,3
84719,9
84720,6
84722,5
84725,5
84726,9
84729,2
84731,2
84734,9
84735,6
84737,0
84738,3
84739,7
84741,4
84742,0
84743,0
84745,7
84748,4
84750,5
84756,5
84757,9
84759,4
84760,3
84761,7
84762,3
84766,0
84767,0
84769,5
84770,4
84771,3
84775,7
84776,5
84783,0
84784,0
84786,4
84788,7
84792,9
84793,4
84800,6
84801,9
84803,2
84806,3
84810,9
84814,4
84815,4
84817,8
84821,7
84823,7
84824,3
84828,4
84829,4
84830,4
84831,6
84832,6
84836,2
84839,0
84841,5
84845,5
84848,7
84850,9
84856,0
84857,2
84858,9
84864,4
84866,4
84867,0
84871,5
84873,5
84875,3
84879,3
84880,5
84881,6
84887,6
84888,4
84890,4
84897,7
84898,2
84902,3
84904,5
84908,0
84912,9
84918,4
84919,0
84920,0
84922,0
84923,4
84925,4
84927,9
84932,0
84937,9
84938,0
84939,3
84940,5
84941,0
84949,6
84950,5
84951,4
84953,5
84954,0
84955,5
84956,4
84958,7
84961,2
84966,0
84969,5
84970,5
84972,9
84975,2
84977,5
84978,9
84979,2
84980,4
84982,3
84989,2
84993,6
84997,5
84999,9
85000,5
85004,6
85006,9
85007,9
85011,9
85013,4
85014,0
85018,6
85019,3
85022,3
85026,3
85030,0
85031,3
85034,4
85048,5
85049,0
85052,7
85058,4
85059,5
85062,4
85063,6
85065,0
85066,9
85073,2
85076,2
85077,5
85080,0
85083,2
85084,4
85085,7
85092,3
85095,6
85096,2
85098,3
85100,6
85101,2
85102,5
85104,6
85106,7
85109,9
85110,7
85111,0
85112,4
85116,7
85119,0
85120,4
85122,7
85123,7
85124,4
85125,7
85126,6
85129,9
85130,4
85131,9
85132,5
85138,6
85143,7
85149,3
85152,5
85154,6
85156,6
85157,7
85158,4
85169,3
85170,0
85172,3
85173,4
85176,0
85178,9
85180,3
85182,6
85184,2
85185,3
85187,5
85189,6
85192,6
85195,4
85201,6
85202,9
85206,0
85208,6
85210,7
85216,7
85218,9
85221,6
85223,9
85227,7
85232,5
85233,2
85234,0
85236,9
85237,6
85241,4
85247,4
85248,4
85252,6
85255,3
85256,5
85259,7
85260,3
85262,9
85264,0
85267,4
85269,9
85270,5
85273,6
85275,7
85276,9
85278,0
85279,4
85280,5
85281,9
85283,8
85285,3
85288,0
85290,3
85291,5
85293,0
85296,0
85299,7
85302,9
85303,4
85305,7
85306,4
85307,0
85310,9
85311,5
85314,4
85315,6
85317,6
85322,4
85326,8
85327,3
85328,9
85331,6
85333,9
85337,7
85338,6
85339,0
85341,3
85343,5
85344,5
85348,5
85352,4
85354,4
85358,3
85360,0
85363,7
85365,4
85370,5
85371,0
85372,7
85373,4
85376,7
85384,6
85387,4
85389,7
85390,2
85391,5
85392,0
85393,4
85394,6
85398,3
85402,4
85404,4
85408,5
85416,7
85417,6
85419,7
85420,9
85421,9
85422,4
85423,6
85427,5
85431,6
85434,9
85435,9
85438,7
85440,3
85441,7
85442,3
85443,4
85445,7
85448,0
85453,7
85454,2
85455,5
85456,7
85458,9
85459,4
85460,0
85461,7
85462,6
85463,4
85464,9
85467,5
85469,7
85470,7
85471,7
85473,7
85475,5
85479,0
85482,4
85484,7
85486,9
85493,8
85495,7
85497,0
85498,3
85500,9
85505,3
85507,5
85509,9
85517,2
85519,7
85524,9
85525,5
85527,7
85528,4
85529,6
85533,4
85538,3
85539,4
85546,3
85548,4
85550,9
85551,4
85552,9
85553,4
85554,9
85556,7
85557,4
85558,3
85559,0
85563,3
85565,7
85573,5
85577,4
85578,4
85579,4
85584,9
85586,7
85588,2
85590,9
85592,5
85596,0
85599,9
85605,3
85607,7
85614,7
85615,0
85616,7
85617,9
85618,9
85619,9
85620,4
85621,4
85623,6
85627,3
85628,5
85630,7
85632,5
85634,0
85637,4
85640,4
85644,9
85646,3
85651,4
85653,3
85655,4
85656,0
85662,4
85665,6
85667,6
85669,5
85671,6
85676,3
85678,7
85679,4
85681,0
85682,3
85684,7
85688,0
85689,4
85691,2
85698,6
85699,4
85702,0
85704,4
85707,4
85722,4
85724,0
85727,9
85730,8
85735,7
85739,4
85740,0
85741,7
85742,7
85744,3
85751,6
85754,0
85756,9
85757,9
85759,7
85764,7
85765,9
85767,6
85771,9
85776,7
85778,7
85779,4
85780,6
85782,7
85786,7
85789,6
85793,7
85797,3
85798,4
85800,3
85803,7
85807,4
85809,9
85811,6
85813,7
85818,9
85820,4
85821,8
85823,0
85824,0
85825,9
85826,9
85830,9
85834,9
85836,6
85841,4
85844,9
85845,7
85847,2
85849,4
85852,0
85856,6
85857,8
85858,9
85860,9
85861,6
85866,4
85869,7
85870,0
85873,7
85877,7
85878,4
85879,3
85881,3
85883,2
85884,3
85885,9
85893,3
85896,3
85898,8
85901,2
85903,0
85906,5
85907,3
85913,4
85918,3
85923,7
85926,3
85929,7
85931,4
85933,7
85934,6
85935,7
85938,2
85942,9
85943,0
85946,7
85949,7
85950,4
85953,9
85957,4
85959,3
85961,4
85963,5
85966,7
85970,6
85972,9
85978,0
85984,3
85989,4
85991,4
85995,3
86001,6
86003,9
86005,2
86006,0
86008,2
86009,9
86011,7
86012,5
86017,4
86019,4
86020,4
86031,3
86032,3
86034,7
86035,3
86036,6
86037,5
86040,5
86041,9
86044,8
86045,6
86047,6
86048,2
86051,6
86059,7
86061,9
86062,3
86064,4
86065,4
86066,2
86073,0
86076,3
86078,7
86082,7
86083,4
86085,8
86087,2
86088,2
86089,2
86091,4
86093,2
86094,7
86096,3
86098,9
86099,9
86108,9
86109,4
86110,2
86111,4
86122,4
86124,7
86126,6
86128,7
86131,4
86133,6
86136,8
86137,6
86139,5
86141,4
86142,6
86146,9
86152,6
86160,0
86164,7
86165,5
86167,9
86168,7
86169,4
86172,0
86176,4
86177,6
86180,6
86183,0
86184,7
86187,6
86188,9
86191,4
86195,5
86197,7
86198,2
86199,7
86202,6
86204,7
86205,2
86207,0
86211,2
86225,3
86226,2
86228,5
86231,5
86235,2
86237,5
86238,7
86239,7
86246,6
86249,4
86250,3
86251,4
86252,5
86254,3
86258,3
86263,4
86265,4
86268,3
86270,0
86271,9
86277,0
86278,9
86279,4
86284,6
86285,4
86288,7
86293,0
86294,3
86306,9
86308,7
86314,4
86317,0
86318,7
86319,9
86321,0
86324,2
86326,3
86330,3
86331,4
86332,0
86333,0
86334,3
86338,0
86339,2
86341,5
86342,3
86343,5
86344,7
86345,4
86346,7
86347,6
86350,6
86355,8
86360,5
86362,6
86363,0
86364,4
86365,0
86366,4
86372,5
86376,8
86377,9
86381,9
86386,9
86387,0
86389,0
86392,9
86398,7
86399,2
86400,7
86401,5
86404,0
86408,6
86412,7
86413,4
86415,0
86420,6
86424,5
86426,2
86430,6
86433,4
86437,7
86444,5
86445,6
86446,0
86450,4
86453,6
86456,9
86460,4
86463,4
86467,9
86473,9
86475,7
86480,5
86481,9
86482,7
86483,7
86486,2
86487,6
86488,4
86491,5
86492,7
86493,9
86496,3
86497,3
86498,6
86499,4
86501,0
86504,0
86506,5
86510,6
86511,2
86514,4
86516,3
86517,4
86518,4
86519,7
86520,4
86521,5
86522,4
86526,6
86527,2
86528,0
86530,0
86532,5
86536,4
86538,2
86540,2
86541,0
86543,6
86548,2
86549,0
86554,3
86556,3
86560,0
86561,0
86563,2
86566,7
86567,9
86568,5
86570,4
86573,8
86574,9
86577,7
86581,9
86582,4
86583,5
86584,7
86585,7
86587,9
86594,7
86596,4
86598,7
86599,5
86600,0
86603,2
86605,9
86617,6
86626,0
86628,2
86629,5
86634,5
86638,7
86641,9
86642,4
86645,2
86650,4
86652,6
86655,7
86658,9
86659,5
86661,0
86663,4
86665,4
86668,0
86670,7
86671,6
86672,4
86673,6
86677,6
86678,0
86681,2
86682,3
86683,3
86686,4
86690,5
86694,3
86696,7
86698,4
86701,6
86703,3
86704,6
86705,7
86706,6
86710,7
86713,4
86714,2
86715,3
86716,4
86723,7
86726,4
86727,4
86728,4
86731,9
86732,9
86736,7
86740,3
86741,5
86742,9
86745,7
86748,0
86750,5
86753,6
86754,4
86756,0
86757,7
86758,7
86759,6
86760,0
86761,7
86765,4
86769,7
86771,2
86773,7
86775,7
86776,4
86778,6
86780,7
86781,6
86783,9
86785,5
86788,6
86791,0
86795,3
86798,7
86801,9
86805,5
86806,4
86807,5
86809,0
86812,3
86819,4
86822,3
86823,7
86825,5
86827,3
86828,5
86834,4
86836,5
86837,2
86838,0
86840,5
86844,2
86846,7
86847,9
86851,6
86854,4
86857,6
86858,0
86866,5
86868,8
86878,9
86879,0
86881,0
86885,0
86886,4
86891,9
86892,7
86893,5
86894,4
86895,7
86903,8
86905,2
86907,6
86910,5
86911,6
86912,4
86916,3
86921,5
86922,3
86925,4
86926,4
86930,0
86931,0
86934,9
86935,4
86936,5
86937,9
86938,4
86939,6
86941,3
86945,0
86950,7
86951,0
86952,8
86954,0
86962,4
86963,0
86966,7
86968,3
86969,7
86970,3
86974,9
86977,4
86978,5
86982,3
86983,7
86984,3
86985,7
86987,7
86988,0
86990,7
86991,7
86992,5
86993,5
86997,0
87001,4
87009,6
87011,6
87013,9
87017,2
87019,5
87020,6
87024,6
87026,5
87035,9
87036,6
87037,6
87040,6
87045,9
87046,9
87047,3
87053,4
87056,0
87059,3
87060,4
87062,9
87068,2
87069,3
87077,5
87080,6
87082,4
87084,6
87086,4
87087,7
87091,9
87096,3
87101,4
87102,9
87105,0
87106,9
87107,6
87110,7
87113,6
87115,4
87117,3
87122,9
87125,9
87126,6
87138,0
87140,3
87142,2
87146,9
87152,0
87155,2
87157,8
87160,3
87161,7
87162,5
87163,9
87164,0
87167,5
87169,3
87170,6
87171,3
87173,4
87174,7
87176,4
87180,5
87182,0
87183,9
87190,9
87192,8
87195,7
87196,3
87197,5
87200,5
87201,6
87202,2
87203,9
87205,2
87210,7
87211,7
87216,5
87221,0
87229,4
87235,9
87238,4
87244,5
87247,6
87250,4
87251,2
87254,7
87260,3
87262,9
87263,9
87267,4
87270,6
87276,3
87280,6
87281,4
87282,7
87284,9
87285,4
87286,7
87290,5
87293,2
87294,0
87295,0
87297,7
87298,4
87301,4
87302,9
87303,7
87305,2
87308,9
87309,6
87310,6
87314,7
87315,5
87316,3
87317,0
87321,3
87322,4
87323,7
87327,7
87328,4
87329,4
87331,2
87333,5
87334,7
87337,6
87340,6
87342,7
87344,0
87347,2
87350,9
87354,7
87357,0
87361,7
87365,4
87367,9
87368,7
87369,7
87370,5
87372,3
87374,0
87378,3
87380,7
87382,7
87383,4
87384,9
87385,4
87389,4
87392,0
87394,4
87397,7
87399,0
87401,0
87404,9
87405,5
87406,7
87408,6
87409,9
87410,9
87412,6
87414,9
87415,2
87416,9
87419,9
87420,4
87426,5
87428,4
87431,9
87435,8
87436,5
87438,3
87439,4
87440,4
87441,3
87445,3
87446,3
87447,9
87448,4
87450,4
87457,4
87464,3
87468,5
87472,4
87477,3
87478,7
87481,4
87483,0
87486,5
87492,6
87494,6
87495,7
87498,2
87499,6
87504,5
87507,6
87508,9
87510,7
87513,6
87515,4
87519,7
87522,4
87526,2
87529,0
87530,3
87533,4
87536,6
87537,3
87538,7
87540,7
87543,0
87546,6
87550,7
87551,4
87553,3
87554,3
87555,5
87556,5
87557,9
87558,7
87560,7
87562,7
87564,3
87568,0
87569,4
87571,0
87573,4
87574,0
87578,4
87580,9
87581,6
87584,0
87585,6
87587,9
87588,7
87591,7
87592,7
87596,7
87600,4
87601,7
87610,5
87613,6
87614,7
87618,0
87619,9
87620,0
87622,5
87624,6
87625,5
87626,3
87627,5
87630,4
87631,4
87633,7
87635,5
87639,5
87640,7
87641,9
87643,4
87644,0
87647,5
87650,3
87651,9
87656,7
87657,6
87660,2
87661,7
87663,9
87664,7
87665,3
87669,7
87672,3
87675,3
87676,7
87678,6
87679,9
87681,5
87683,4
87686,7
87687,6
87688,3
87691,4
87693,7
87695,7
87698,3
87699,7
87702,6
87704,5
87708,9
87715,6
87716,3
87717,7
87718,9
87720,7
87723,9
87725,4
87727,4
87729,5
87731,5
87734,6
87736,6
87737,4
87738,7
87747,3
87748,9
87750,2
87751,7
87752,3
87753,0
87757,7
87759,4
87760,3
87767,6
87768,4
87769,4
87771,5
87778,5
87784,9
87786,5
87788,7
87797,2
87800,4
87802,4
87803,4
87809,4
87810,9
87813,7
87816,0
87817,5
87818,9
87819,4
87822,0
87823,4
87825,5
87832,0
87835,2
87838,5
87844,0
87847,9
87849,7
87855,3
87858,2
87861,9
87862,3
87863,7
87865,5
87867,6
87868,3
87871,7
87875,5
87877,6
87880,6
87881,6
87884,4
87885,7
87886,9
87888,7
87893,0
87894,9
87896,4
87898,7
87899,4
87902,9
87904,6
87912,9
87913,2
87918,0
87919,9
87923,6
87927,6
87930,6
87932,9
87933,7
87934,3
87935,0
87937,5
87938,7
87941,7
87942,7
87943,6
87944,4
87945,7
87946,9
87948,9
87950,2
87954,7
87955,2
87956,2
87957,7
87959,0
87962,4
87964,7
87965,5
87969,6
87970,3
87971,7
87972,2
87973,5
87976,3
87978,4
87979,7
87981,6
87982,7
87983,8
87985,9
87987,0
87989,4
87991,2
87995,5
87998,5
87999,6
88000,2
88001,6
88005,7
88009,9
88010,6
88014,9
88019,4
88020,0
88023,5
88024,0
88026,9
88028,6
88029,4
88030,7
88031,3
88037,7
88038,9
88039,7
88041,7
88043,4
88044,3
88048,6
88050,7
88053,4
88056,7
88061,7
88062,4
88063,0
88064,0
88066,7
88070,7
88072,4
88073,7
88075,9
88083,7
88084,9
88087,2
88091,9
88093,3
88095,0
88101,6
88102,9
88103,3
88105,5
88106,4
88107,0
88108,4
88114,3
88115,4
88119,5
88120,0
88122,3
88123,9
88129,9
88130,9
88132,7
88134,2
88136,9
88138,3
88139,4
88141,5
88142,7
88145,6
88148,2
88149,5
88155,4
88157,9
88159,9
88163,4
88164,4
88171,0
88172,7
88173,6
88179,7
88180,7
88185,9
88190,9
88195,9
88196,7
88202,0
88203,9
88208,0
88211,0
88212,5
88216,7
88219,7
88221,4
88223,3
88226,4
88227,7
88228,4
88230,2
88234,0
88235,4
88236,4
88239,2
88241,9
88242,0
88243,9
88244,0
88245,0
88251,6
88253,0
88254,0
88261,4
88262,5
88265,5
88269,4
88272,4
88274,9
88275,7
88280,4
88281,4
88283,4
88286,7
88288,5
88290,4
88295,3
88297,3
88302,4
88303,9
88306,5
88307,7
88311,0
88320,2
88321,4
88323,0
88325,5
88328,2
88333,7
88334,3
88335,3
88338,7
88347,9
88348,4
88349,9
88350,9
88352,7
88355,9
88357,2
88363,3
88365,6
88366,0
88367,7
88370,7
88372,8
88373,0
88377,7
88378,3
88380,7
88381,7
88383,3
88385,8
88387,0
88392,4
88393,0
88397,4
88398,3
88399,6
88400,0
88403,8
88406,5
88407,3
88408,4
88416,4
88419,5
88421,0
88426,9
88427,0
88428,4
88429,7
88431,6
88432,9
88435,9
88436,3
88437,9
88440,0
88441,9
88442,0
88446,2
88447,5
88448,7
88449,6
88452,4
88455,3
88456,6
88457,3
88459,3
88460,5
88461,4
88465,9
88468,9
88470,9
88472,0
88474,6
88476,7
88480,7
88481,4
88485,0
88486,0
88488,0
88492,9
88493,9
88495,4
88496,5
88498,9
88503,5
88504,7
88505,7
88510,9
88511,7
88514,3
88515,4
88516,9
88520,6
88521,4
88525,9
88528,9
88538,0
88540,7
88546,7
88547,7
88548,0
88551,5
88552,6
88554,7
88557,6
88559,0
88560,3
88562,6
88564,7
88565,0
88567,5
88568,5
88571,0
88576,7
88577,6
88580,7
88582,8
88584,3
88588,4
88594,0
88596,7
88598,0
88601,6
88602,0
88606,9
88607,3
88611,4
88613,7
88620,2
88622,3
88628,0
88631,6
88633,9
88635,9
88639,6
88642,7
88646,7
88647,3
88650,4
88651,7
88661,7
88662,6
88664,9
88665,0
88667,5
88670,5
88674,5
88675,3
88678,3
88679,3
88681,7
88684,5
88685,4
88688,4
88689,2
88691,7
88692,3
88693,3
88695,4
88698,2
88701,4
88704,3
88705,6
88706,2
88713,7
88716,7
88717,9
88719,8
88721,5
88722,5
88724,5
88728,7
88729,5
88731,3
88732,4
88736,2
88737,7
88739,7
88740,7
88742,6
88745,3
88746,7
88753,4
88755,2
88758,9
88759,7
88763,2
88765,5
88771,3
88773,6
88777,3
88778,0
88780,9
88783,3
88786,8
88787,7
88788,9
88789,4
88800,9
88801,9
88803,7
88804,7
88805,2
88806,4
88807,7
88809,7
88811,3
88813,0
88814,7
88817,9
88820,9
88821,9
88822,4
88823,0
88827,3
88828,3
88834,6
88836,4
88837,9
88839,3
88841,8
88846,7
88847,2
88852,2
88857,9
88861,8
88868,7
88871,7
88872,4
88878,7
88884,3
88886,4
88890,8
88895,4
88900,9
88902,2
88905,5
88907,7
88908,4
88911,9
88912,4
88919,6
88924,9
88925,2
88933,9
88937,2
88942,5
88948,3
88949,9
88952,4
88954,5
88955,0
88956,0
88960,4
88961,0
88962,0
88963,3
88968,3
88971,5
88974,3
88980,7
88984,9
88985,4
88986,6
88987,0
88991,3
88993,0
88994,6
88998,7
89001,7
89005,9
89007,7
89009,4
89010,0
89011,6
89012,2
89013,4
89018,9
89019,7
89021,5
89022,7
89024,7
89029,4
89030,0
89031,5
89032,2
89034,9
89035,0
89037,7
89038,4
89046,7
89050,7
89053,9
89059,2
89062,4
89067,2
89077,9
89080,4
89082,7
89089,7
89090,7
89092,9
89094,0
89100,0
89103,2
89105,9
89106,4
89107,3
89109,9
89112,0
89117,4
89119,0
89122,4
89124,0
89128,9
89129,0
89130,5
89131,5
89132,7
89135,9
89136,7
89138,6
89139,6
89140,7
89143,0
89144,6
89145,9
89146,7
89149,0
89150,7
89153,9
89159,7
89162,0
89163,3
89166,6
89167,8
89168,4
89169,0
89173,5
89175,2
89180,0
89187,4
89188,0
89189,7
89191,5
89196,8
89197,6
89202,9
89203,7
89205,0
89208,6
89210,9
89214,2
89218,7
89219,4
89220,6
89223,5
89224,3
89229,0
89230,3
89231,7
89233,7
89236,4
89238,7
89244,9
89245,9
89246,9
89247,7
89248,0
89249,7
89253,5
89254,4
89255,6
89256,4
89257,4
89259,9
89270,7
89272,2
89274,7
89275,0
89276,4
89277,4
89280,9
89283,9
89288,0
89289,3
89291,7
89292,9
89295,9
89300,5
89306,7
89307,0
89308,5
89311,3
89314,5
89316,9
89317,3
89318,2
89320,9
89321,4
89325,4
89326,6
89327,3
89331,6
89334,6
89336,7
89337,7
89340,0
89341,7
89344,2
89347,9
89348,0
89349,6
89350,6
89351,7
89354,4
89357,5
89359,5
89372,7
89374,7
89379,5
89381,4
89387,6
89388,2
89389,4
89392,6
89393,9
89399,3
89403,0
89404,4
89408,0
89410,5
89416,0
89419,6
89420,6
89421,3
89425,7
89426,4
89428,6
89429,5
89430,7
89432,9
89437,6
89438,7
89439,7
89441,9
89442,0
89446,0
89448,6
89450,3
89455,7
89457,3
89458,2
89460,9
89461,7
89462,9
89463,8
89466,4
89467,3
89469,7
89470,3
89471,4
89475,3
89478,0
89479,5
89480,3
89484,7
89485,7
89487,0
89488,6
89491,6
89493,7
89494,4
89499,0
89501,3
89504,7
89506,7
89510,9
89513,7
89516,7
89518,3
89519,7
89520,3
89523,3
89524,7
89525,5
89527,0
89528,7
89529,5
89532,0
89535,8
89537,9
89539,5
89541,2
89542,0
89543,6
89544,3
89547,0
89548,3
89549,7
89550,0
89551,7
89552,4
89556,6
89559,0
89560,3
89562,7
89565,2
89566,4
89574,5
89576,7
89577,9
89581,9
89582,2
89583,3
89585,3
89589,5
89590,6
89591,4
89592,0
89596,3
89597,6
89599,0
89601,8
89602,3
89608,4
89618,3
89619,3
89621,2
89625,4
89628,7
89629,7
89630,9
89633,7
89641,9
89642,4
89643,9
89644,0
89648,7
89649,0
89652,7
89653,9
89654,0
89656,5
89657,4
89669,6
89670,0
89672,7
89673,0
89679,2
89681,0
89682,6
89684,7
89691,9
89692,6
89695,7
89697,9
89699,7
89700,9
89704,0
89705,5
89707,3
89708,7
89710,2
89712,0
89722,6
89724,7
89726,2
89727,5
89733,5
89738,9
89739,0
89740,0
89742,0
89745,9
89746,0
89752,5
89755,9
89756,7
89757,9
89758,4
89759,6
89760,4
89763,9
89771,4
89776,9
89778,0
89779,9
89783,3
89784,6
89789,7
89791,3
89793,4
89797,7
89798,9
89804,0
89806,4
89807,3
89812,9
89813,4
89814,3
89815,3
89816,9
89817,0
89824,5
89825,9
89829,6
89833,3
89834,6
89839,4
89840,7
89842,4
89843,7
89849,4
89850,0
89851,6
89853,9
89857,0
89863,3
89864,7
89865,4
89867,5
89869,6
89873,4
89875,2
89877,9
89879,4
89880,0
89882,4
89885,4
89886,4
89887,0
89889,9
89890,7
89893,4
89894,6
89895,6
89896,6
89898,7
89899,4
89902,7
89904,5
89906,0
89908,6
89912,4
89914,8
89916,9
89918,4
89920,5
89922,7
89925,7
89926,0
89927,5
89934,4
89936,9
89940,7
89941,0
89946,9
89948,7
89949,7
89951,7
89952,7
89954,7
89956,4
89957,7
89958,7
89960,4
89961,3
89962,7
89963,6
89964,4
89965,9
89967,2
89970,4
89975,3
89976,9
89977,4
89978,4
89979,6
89983,7
89984,7
89989,7
89991,5
89995,3
89996,3
89997,4
89998,4
90002,4
90004,6
90007,0
90009,0
90013,6
90017,0
90019,0
90020,6
90024,9
90025,3
90028,9
90029,3
90031,5
90034,7
90036,7
90040,7
90044,4
90048,4
90049,6
90050,7
90051,5
90053,4
90058,8
90063,7
90064,9
90066,6
90067,7
90069,4
90075,0
90076,4
90078,7
90082,0
90088,3
90094,7
90095,3
90100,0
90107,5
90108,7
90110,4
90114,3
90115,9
90116,6
90117,4
90120,3
90121,4
90124,6
90128,7
90132,0
90133,4
90134,6
90137,9
90138,3
90139,0
90140,4
90143,4
90145,5
90146,5
90148,2
90156,0
90159,4
90162,5
90163,3
90164,3
90168,3
90169,0
90170,6
90176,4
90180,6
90182,4
90183,8
90184,6
90189,7
90191,5
90193,4
90194,3
90197,7
90198,4
90202,6
90205,6
90208,7
90215,5
90216,3
90224,9
90226,5
90227,0
90230,3
90234,9
90236,5
90238,3
90239,5
90240,5
90243,6
90245,7
90246,5
90247,7
90250,7
90252,4
90258,9
90259,2
90260,6
90261,4
90264,9
90266,4
90268,7
90271,6
90274,7
90275,9
90277,2
90279,9
90281,6
90282,4
90283,6
90284,2
90294,4
90295,7
90299,4
90300,5
90303,7
90305,9
90309,2
90310,7
90311,2
90314,5
90316,2
90318,6
90320,7
90324,9
90325,0
90326,4
90328,5
90333,4
90336,7
90337,4
90339,0
90340,2
90341,5
90344,3
90345,9
90346,4
90349,6
90353,7
90355,5
90366,6
90368,4
90377,0
90380,0
90382,7
90383,5
90387,6
90390,7
90392,0
90396,6
90399,9
90405,4
90407,2
90408,2
90411,7
90413,9
90414,4
90417,7
90418,7
90419,8
90420,3
90421,7
90422,9
90424,2
90425,4
90427,6
90429,5
90431,9
90432,4
90433,6
90438,2
90439,3
90441,4
90442,7
90443,2
90446,2
90447,4
90448,4
90449,4
90450,6
90452,5
90453,4
90454,4
90455,8
90457,0
90458,9
90459,4
90460,5
90464,3
90466,9
90468,0
90476,0
90478,3
90479,9
90480,9
90484,4
90485,0
90490,5
90491,6
90494,9
90495,4
90496,7
90497,0
90499,7
90500,7
90503,9
90510,4
90511,0
90512,9
90513,7
90514,6
90517,7
90518,4
90520,2
90524,5
90525,4
90530,4
90536,2
90537,2
90540,9
90541,7
90543,4
90545,0
90548,6
90552,2
90554,6
90555,5
90556,3
90558,9
90560,4
90561,7
90562,0
90563,4
90566,7
90569,4
90570,0
90573,4
90574,5
90576,4
90577,4
90580,6
90586,6
90587,5
90588,5
90591,5
90593,9
90596,5
90598,0
90601,4
90602,7
90603,7
90604,7
90606,6
90607,9
90610,4
90612,9
90614,4
90615,6
90616,9
90618,8
90621,9
90622,9
90624,9
90625,6
90630,0
90636,9
90637,9
90638,5
90640,0
90644,4
90646,7
90647,3
90648,6
90652,9
90653,5
90656,7
90660,0
90666,5
90669,4
90673,5
90678,7
90680,0
90682,9
90684,9
90687,6
90696,4
90697,0
90698,7
90699,5
90704,8
90708,3
90710,9
90712,7
90715,4
90716,4
90722,3
90724,9
90728,0
90735,0
90746,3
90750,4
90751,7
90755,7
90760,5
90761,4
90762,5
90763,0
90766,7
90767,6
90770,4
90778,6
90780,4
90782,7
90787,7
90790,9
90794,7
90796,6
90802,6
90803,8
90804,0
90805,0
90808,7
90809,0
90810,0
90814,0
90816,9
90817,0
90822,4
90824,9
90825,0
90831,5
90832,9
90835,4
90836,6
90837,3
90838,9
90839,6
90841,4
90842,3
90847,7
90848,5
90849,0
90854,0
90855,3
90861,4
90862,4
90864,2
90868,4
90869,0
90872,7
90873,4
90878,9
90880,0
90883,5
90884,9
90886,7
90887,7
90888,4
90889,3
90900,0
90903,5
90904,0
90906,9
90911,4
90912,7
90913,7
90914,7
90915,2
90918,5
90921,3
90922,4
90926,3
90929,7
90930,5
90931,4
90934,3
90935,0
90936,2
90938,3
90942,9
90944,0
90946,4
90949,4
90950,0
90951,7
90955,7
90962,5
90963,5
90970,8
90973,5
90976,7
90977,4
90981,6
90982,9
90983,9
90989,4
90991,6
90992,6
90993,5
90995,9
90996,6
90997,5
91002,0
91004,9
91009,3
91011,4
91016,3
91017,6
91023,9
91025,8
91027,4
91030,7
91031,4
91035,3
91036,4
91037,9
91041,7
91043,9
91044,0
91045,0
91046,7
91047,3
91048,6
91049,4
91053,6
91054,8
91055,0
91063,3
91064,4
91066,7
91070,2
91071,7
91074,2
91077,0
91078,4
91079,0
91080,6
91081,9
91082,2
91083,7
91086,7
91087,7
91088,4
91091,5
91094,5
91096,4
91097,0
91101,0
91102,3
91105,8
91106,4
91107,9
91109,9
91111,2
91112,5
91113,6
91117,7
91120,3
91122,5
91123,0
91125,7
91128,4
91129,9
91133,9
91137,2
91143,4
91144,7
91148,3
91153,5
91154,6
91158,7
91160,7
91162,4
91165,5
91167,4
91168,9
91169,9
91172,7
91175,5
91176,6
91177,7
91179,5
91180,7
91181,0
91183,7
91185,2
91186,5
91189,7
91191,9
91192,3
91194,7
91195,2
91196,0
91197,3
91202,3
91206,7
91208,5
91209,9
91211,9
91213,3
91215,8
91219,6
91222,3
91223,6
91224,9
91225,0
91229,4
91234,0
91236,5
91238,5
91240,4
91245,2
91246,9
91251,9
91252,4
91255,7
91256,5
91262,4
91263,6
91266,3
91270,5
91273,5
91274,4
91276,8
91281,4
91282,5
91283,4
91287,3
91293,5
91294,4
91296,4
91299,0
91301,5
91303,4
91304,5
91305,3
91308,7
91309,5
91310,2
91311,9
91312,4
91314,8
91316,0
91318,7
91321,3
91322,5
91324,2
91325,4
91327,9
91331,4
91333,4
91334,5
91339,4
91343,6
91344,6
91346,9
91349,3
91353,6
91355,5
91360,0
91361,5
91369,0
91373,4
91374,3
91376,4
91378,3
91379,5
91382,5
91385,3
91387,0
91388,6
91389,4
91393,6
91396,4
91397,9
91398,2
91399,3
91400,4
91401,2
91403,9
91405,8
91406,4
91409,0
91411,9
91421,9
91427,3
91429,7
91432,5
91433,2
91440,9
91450,0
91453,9
91454,6
91460,5
91461,7
91464,4
91466,4
91467,4
91468,8
91469,6
91472,7
91473,6
91475,4
91476,2
91477,5
91483,6
91484,0
91493,7
91495,3
91497,4
91498,7
91501,5
91505,6
91508,5
91510,7
91513,6
91514,7
91516,6
91518,6
91520,7
91525,2
91529,2
91530,2
91535,7
91538,5
91539,5
91543,0
91544,9
91546,7
91547,7
91548,9
91550,0
91553,9
91555,4
91559,4
91564,9
91565,2
91568,0
91569,4
91572,3
91573,3
91578,3
91582,7
91583,0
91587,7
91588,5
91590,4
91591,0
91592,7
91594,7
91595,9
91596,5
91597,4
91598,3
91601,7
91603,6
91604,6
91605,9
91606,3
91607,0
91610,7
91612,9
91613,0
91615,9
91616,7
91618,6
91621,6
91624,6
91625,4
91626,6
91627,2
91628,4
91629,4
91632,2
91637,4
91638,3
91641,5
91642,6
91644,9
91645,0
91649,9
91650,4
91651,0
91652,4
91655,0
91658,3
91660,6
91661,9
91668,8
91670,6
91672,7
91673,9
91674,5
91676,4
91678,4
91679,9
91680,3
91682,0
91684,6
91686,5
91694,2
91696,9
91702,5
91708,5
91712,5
91714,3
91716,7
91721,0
91722,3
91726,5
91728,6
91729,5
91733,9
91737,7
91738,9
91745,8
91748,4
91749,0
91750,4
91751,5
91753,7
91758,7
91759,9
91762,4
91763,6
91766,4
91767,4
91770,3
91772,4
91774,5
91776,4
91777,4
91778,9
91779,9
91783,5
91784,3
91785,7
91786,9
91789,3
91795,9
91796,4
91799,7
91801,9
91802,7
91803,9
91804,3
91805,4
91807,0
91808,7
91813,0
91815,0
91819,3
91821,5
91822,4
91823,5
91824,4
91826,5
91828,4
91830,7
91832,9
91833,3
91834,6
91836,7
91840,7
91841,7
91842,6
91843,0
91851,5
91852,5
91853,0
91854,3
91856,3
91857,9
91860,4
91861,7
91862,2
91865,7
91866,3
91869,3
91872,7
91873,4
91878,3
91881,0
91885,6
91887,6
91890,4
91891,0
91892,0
91893,4
91894,5
91895,4
91903,0
91907,3
91910,3
91916,9
91918,0
91920,7
91925,9
91927,5
91935,8
91936,0
91944,9
91945,6
91947,2
91948,6
91949,9
91950,0
91952,9
91957,7
91964,2
91967,0
91968,7
91973,0
91976,3
91977,9
91980,4
91983,6
91984,3
91985,6
91986,9
91987,5
91991,2
91992,7
91993,7
91995,7
91997,7
92000,3
92001,3
92002,6
92003,7
92004,3
92008,6
92015,4
92016,5
92019,2
92020,7
92023,0
92024,8
92025,0
92027,7
92029,9
92032,9
92038,9
92040,0
92041,4
92043,3
92046,9
92049,9
92051,0
92052,6
92054,0
92057,8
92059,7
92064,2
92065,0
92066,5
92068,0
92070,7
92072,7
92076,4
92082,3
92085,5
92086,9
92088,9
92092,7
92094,2
92096,7
92102,6
92107,2
92110,3
92114,0
92115,9
92120,9
92121,0
92122,6
92131,4
92133,2
92135,9
92136,7
92137,7
92138,3
92139,3
92144,7
92146,3
92148,5
92149,3
92151,7
92153,7
92157,0
92159,7
92160,6
92162,9
92164,6
92172,9
92174,3
92175,4
92177,4
92179,2
92183,4
92186,9
92192,9
92193,9
92195,9
92199,7
92202,3
92206,4
92209,7
92215,3
92217,5
92218,3
92221,6
92222,4
92224,9
92225,9
92228,7
92229,5
92230,3
92235,9
92236,2
92237,4
92238,9
92242,6
92243,6
92245,8
92247,0
92249,3
92251,9
92253,5
92262,3
92265,7
92267,0
92268,0
92269,0
92271,7
92277,0
92278,3
92280,5
92282,4
92283,4
92284,6
92285,4
92286,8
92292,0
92295,5
92296,7
92298,7
92299,2
92300,5
92303,4
92304,5
92305,6
92307,4
92309,7
92311,4
92312,7
92313,9
92315,5
92316,0
92317,0
92318,4
92319,7
92323,4
92324,5
92328,0
92329,3
92330,0
92332,9
92334,9
92335,7
92336,6
92339,3
92340,5
92341,9
92345,3
92346,7
92351,4
92353,9
92354,3
92355,2
92359,4
92360,2
92362,3
92363,2
92364,4
92366,5
92367,5
92369,2
92370,4
92371,3
92374,6
92375,4
92376,6
92377,6
92378,4
92382,9
92387,7
92388,3
92389,3
92391,5
92394,3
92396,3
92397,0
92399,9
92400,3
92401,9
92403,9
92410,5
92413,9
92419,0
92429,6
92433,4
92435,2
92437,5
92440,9
92441,5
92443,0
92448,7
92452,6
92454,6
92456,7
92457,5
92458,9
92460,0
92466,3
92469,7
92474,0
92475,3
92481,4
92483,5
92486,3
92487,3
92488,9
92490,0
92491,5
92492,6
92497,3
92498,5
92502,4
92506,0
92507,3
92510,7
92511,2
92514,7
92515,0
92516,5
92517,3
92518,9
92527,3
92528,3
92530,7
92533,4
92536,3
92537,6
92539,4
92540,3
92541,9
92543,4
92545,7
92548,6
92549,9
92550,7
92552,9
92554,7
92555,6
92556,4
92557,3
92560,9
92562,9
92563,0
92572,2
92573,0
92574,9
92577,0
92580,6
92582,0
92583,6
92584,3
92587,6
92593,7
92596,0
92597,4
92598,0
92599,5
92605,3
92606,2
92608,9
92614,5
92615,3
92619,4
92623,7
92626,9
92628,0
92629,3
92631,3
92632,7
92633,7
92636,5
92638,0
92640,7
92642,9
92645,6
92648,9
92651,4
92652,9
92656,0
92658,3
92659,3
92661,2
92663,3
92664,7
92669,5
92671,8
92672,0
92674,7
92675,8
92676,6
92677,5
92689,6
92690,4
92691,9
92692,4
92694,4
92696,9
92698,8
92699,4
92706,7
92710,5
92715,4
92716,7
92717,7
92720,3
92723,4
92724,7
92726,4
92727,0
92728,6
92729,7
92730,4
92735,4
92738,6
92742,9
92743,4
92748,0
92749,6
92751,7
92753,6
92755,7
92756,3
92758,0
92760,7
92766,9
92767,2
92774,2
92775,7
92785,0
92786,5
92788,7
92790,3
92791,9
92792,0
92794,7
92795,3
92796,4
92801,0
92803,7
92808,4
92817,7
92819,9
92820,4
92824,2
92825,2
92826,7
92829,3
92831,0
92832,5
92834,7
92835,8
92836,3
92837,0
92840,3
92843,7
92845,6
92846,7
92847,7
92851,7
92853,7
92855,5
92857,4
92859,0
92862,2
92865,3
92866,5
92868,4
92869,3
92871,8
92872,6
92874,4
92881,7
92882,0
92883,9
92887,4
92889,2
92892,7
92893,2
92894,0
92898,6
92899,0
92900,9
92901,3
92902,3
92904,3
92905,0
92906,7
92908,9
92910,0
92913,7
92919,2
92922,4
92924,2
92925,9
92929,6
92932,6
92934,3
92939,0
92940,9
92943,2
92944,2
92945,7
92951,9
92954,6
92955,2
92962,4
92965,5
92966,4
92967,4
92968,4
92973,4
92976,4
92979,8
92980,4
92982,3
92983,5
92984,6
92994,5
93000,7
93001,9
93005,9
93007,0
93008,9
93009,4
93015,3
93030,7
93031,3
93035,4
93037,5
93038,6
93040,6
93044,4
93046,7
93047,7
93048,5
93049,6
93050,5
93054,8
93056,2
93057,9
93061,7
93064,4
93066,7
93067,2
93070,7
93074,7
93076,7
93077,9
93078,3
93080,7
93082,9
93084,7
93085,8
93091,5
93092,9
93098,9
93102,5
93114,0
93115,7
93117,4
93121,0
93124,5
93125,2
93128,0
93130,0
93131,9
93132,4
93135,5
93137,2
93138,5
93139,9
93140,3
93142,6
93144,9
93145,7
93146,5
93148,7
93149,0
93151,7
93152,0
93153,8
93155,9
93158,0
93160,9
93161,0
93165,6
93166,4
93170,4
93176,3
93177,7
93179,7
93181,2
93185,4
93188,0
93190,5
93192,3
93197,8
93201,4
93206,7
93207,4
93215,0
93216,0
93219,0
93220,2
93223,5
93225,7
93227,4
93229,8
93230,2
93233,4
93240,5
93242,8
93244,4
93248,9
93249,2
93250,2
93252,6
93253,4
93256,4
93258,0
93259,6
93261,3
93262,3
93267,2
93268,4
93270,9
93274,9
93277,7
93279,9
93280,0
93283,4
93290,0
93292,6
93293,5
93295,2
93296,7
93298,7
93299,7
93302,7
93303,5
93305,6
93317,6
93324,4
93325,5
93327,7
93328,9
93331,5
93332,9
93333,9
93334,0
93335,3
93336,0
93337,9
93338,4
93339,0
93340,0
93344,2
93347,9
93349,5
93351,4
93354,7
93355,6
93356,0
93357,3
93361,8
93363,7
93364,7
93365,6
93368,7
93372,4
93374,9
93378,6
93381,4
93382,6
93386,5
93390,0
93392,7
93394,7
93395,3
93396,6
93400,3
93402,0
93403,5
93406,2
93407,7
93408,6
93410,3
93411,4
93412,6
93413,4
93415,2
93417,6
93419,7
93420,9
93428,0
93429,7
93431,4
93432,6
93435,5
93436,5
93437,4
93439,0
93442,3
93444,6
93446,0
93447,4
93449,5
93452,6
93454,6
93458,9
93465,6
93466,7
93468,9
93469,7
93471,5
93472,4
93474,9
93476,3
93477,4
93481,4
93482,8
93484,2
93487,4
93488,6
93489,6
93491,4
93492,7
93496,3
93498,7
93500,4
93501,5
93504,4
93506,6
93507,7
93510,4
93512,0
93515,3
93516,7
93522,5
93523,7
93525,4
93526,4
93530,4
93534,5
93535,0
93540,6
93542,7
93546,7
93547,4
93551,3
93552,4
93553,0
93554,0
93557,4
93558,5
93562,7
93563,0
93567,6
93571,5
93574,0
93578,5
93579,7
93582,7
93583,6
93585,3
93586,0
93589,3
93592,3
93593,9
93602,7
93603,9
93604,0
93607,5
93608,2
93609,9
93610,5
93612,3
93614,3
93615,0
93617,3
93618,4
93619,3
93622,0
93623,3
93626,4
93627,7
93628,0
93630,7
93633,5
93640,6
93641,3
93642,3
93643,9
93644,4
93645,9
93646,5
93653,4
93656,6
93657,7
93658,4
93660,5
93662,7
93663,4
93665,3
93666,6
93671,3
93672,3
93674,9
93678,0
93681,9
93682,0
93687,5
93688,5
93689,4
93690,4
93696,0
93697,9
93698,2
93701,6
93702,4
93705,4
93707,3
93708,4
93711,0
93712,0
93715,2
93716,6
93722,4
93724,0
93727,0
93730,9
93733,7
93734,6
93736,4
93737,7
93739,2
93741,4
93742,8
93743,4
93745,7
93746,4
93748,3
93752,6
93758,0
93759,2
93760,6
93765,4
93768,7
93769,7
93770,4
93772,9
93776,7
93778,9
93779,6
93780,0
93782,3
93783,9
93786,4
93788,5
93794,4
93798,3
93801,7
93804,5
93805,6
93813,7
93814,9
93816,3
93819,7
93823,6
93824,3
93825,6
93827,7
93828,6
93837,5
93842,7
93843,4
93844,7
93845,7
93848,5
93849,4
93855,3
93858,4
93859,6
93861,0
93862,4
93863,3
93864,4
93865,5
93866,2
93868,7
93870,4
93872,4
93873,7
93875,5
93882,4
93884,0
93887,7
93891,4
93892,9
93894,5
93896,0
93897,9
93901,7
93904,0
93906,7
93911,9
93912,9
93914,9
93915,7
93917,6
93918,9
93919,9
93920,5
93921,7
93926,0
93927,4
93928,7
93937,9
93942,4
93943,5
93951,4
93952,2
93955,2
93956,5
93957,0
93959,0
93960,3
93962,3
93963,7
93969,5
93972,0
93974,7
93975,9
93978,6
93979,7
93983,4
93984,3
93989,2
93990,6
93995,5
93998,0
94000,2
94003,3
94004,4
94009,5
94013,5
94016,6
94018,0
94019,3
94022,2
94025,8
94026,9
94029,7
94030,5
94039,5
94042,6
94043,3
94052,5
94053,6
94055,9
94057,0
94059,7
94064,4
94068,4
94070,3
94071,4
94073,7
94074,0
94079,4
94081,0
94100,7
94106,5
94110,9
94113,6
94114,4
94115,6
94119,9
94120,5
94122,2
94123,8
94128,0
94132,6
94133,2
94134,2
94136,4
94137,7
94139,7
94141,7
94142,0
94143,9
94146,6
94150,7
94152,6
94156,0
94158,4
94161,5
94163,9
94169,5
94170,0
94171,7
94172,7
94173,7
94174,7
94177,7
94179,6
94180,9
94181,0
94183,6
94184,0
94188,6
94190,6
94193,9
94196,0
94200,4
94201,3
94202,0
94203,4
94204,4
94206,6
94208,6
94213,7
94215,4
94217,7
94218,4
94220,6
94224,4
94225,7
94226,0
94228,7
94231,9
94234,3
94245,7
94248,6
94249,4
94255,6
94256,4
94257,5
94261,7
94262,4
94263,4
94270,0
94273,6
94278,0
94283,2
94285,7
94287,0
94288,5
94292,3
94294,4
94295,6
94297,7
94300,6
94301,0
94302,7
94303,5
94305,0
94307,6
94308,0
94309,3
94310,4
94313,5
94314,9
94323,5
94324,6
94326,6
94335,2
94337,0
94339,7
94340,4
94341,5
94344,6
94347,0
94348,7
94349,4
94356,3
94364,6
94365,5
94367,2
94368,2
94369,6
94374,3
94376,5
94383,4
94385,3
94387,8
94389,7
94393,0
94397,5
94400,7
94405,0
94406,9
94409,9
94411,7
94413,6
94415,2
94419,9
94421,5
94423,5
94427,0
94432,7
94433,9
94434,5
94435,0
94439,9
94440,3
94446,2
94448,4
94449,6
94450,7
94452,2
94453,4
94454,6
94459,5
94462,7
94464,0
94465,3
94469,0
94472,0
94475,9
94477,6
94483,5
94490,6
94492,0
94496,4
94497,6
94498,4
94499,5
94500,6
94501,7
94505,0
94510,7
94513,0
94515,4
94517,2
94519,9
94520,5
94521,3
94532,7
94534,4
94537,9
94539,5
94542,6
94543,9
94544,7
94548,9
94553,6
94556,0
94558,4
94559,7
94560,3
94561,9
94563,5
94566,7
94568,6
94571,3
94572,4
94573,9
94574,7
94577,0
94578,6
94582,5
94584,3
94586,7
94592,9
94593,5
94594,6
94595,7
94596,5
94600,9
94604,0
94609,7
94611,0
94619,3
94620,7
94621,3
94622,7
94623,4
94625,0
94626,2
94629,4
94631,3
94637,7
94638,6
94639,5
94640,3
94643,9
94645,3
94647,4
94649,7
94652,5
94653,8
94655,6
94656,2
94657,7
94658,3
94662,5
94663,4
94666,0
94667,6
94672,4
94674,7
94675,0
94678,4
94682,0
94683,9
94684,4
94686,0
94687,7
94691,5
94692,7
94693,2
94696,0
94697,5
94701,5
94702,9
94704,0
94706,2
94707,9
94713,4
94718,6
94728,7
94732,3
94733,3
94738,7
94744,6
94745,4
94746,0
94747,2
94750,3
94756,5
94757,7
94758,3
94759,7
94760,4
94765,8
94766,0
94767,0
94770,3
94772,4
94776,5
94777,9
94780,0
94782,4
94788,6
94789,6
94792,7
94793,6
94794,4
94799,3
94800,0
94801,5
94803,4
94814,3
94818,6
94821,6
94823,3
94825,6
94827,0
94828,7
94830,6
94832,4
94836,2
94837,0
94838,3
94839,9
94841,5
94843,2
94845,3
94847,4
94848,0
94849,5
94850,6
94853,3
94854,3
94855,4
94856,0
94858,3
94860,4
94861,4
94864,9
94865,9
94867,3
94869,4
94871,5
94876,3
94877,9
94879,7
94880,0
94881,9
94883,9
94884,7
94885,9
94886,7
94887,9
94890,6
94898,7
94901,7
94903,6
94908,6
94909,7
94911,3
94912,5
94913,3
94914,8
94918,4
94920,7
94921,9
94923,2
94926,0
94929,7
94931,5
94932,4
94933,6
94942,9
94943,8
94944,3
94946,4
94947,7
94948,4
94953,0
94959,3
94960,4
94961,4
94964,6
94966,6
94967,7
94975,3
94977,2
94980,9
94981,0
94982,7
94983,9
94984,7
94985,7
94987,5
94988,5
94991,4
94992,7
94996,9
94997,4
94998,2
95000,4
95001,4
95006,6
95007,9
95009,7
95014,4
95015,6
95016,7
95017,7
95018,9
95019,0
95020,5
95023,0
95026,5
95027,5
95031,3
95032,0
95033,7
95036,6
95038,0
95039,5
95041,7
95043,7
95050,9
95055,0
95056,3
95057,7
95061,7
95062,9
95065,0
95066,3
95068,9
95072,7
95075,7
95077,3
95078,9
95083,5
95089,5
95092,7
95093,5
95094,0
95102,9
95104,3
95106,3
95109,4
95110,6
95113,9
95114,3
95117,7
95118,9
95122,7
95123,6
95124,0
95127,6
95129,6
95130,7
95131,4
95133,0
95134,4
95136,7
95137,4
95138,7
95143,9
95144,0
95145,4
95151,7
95152,3
95154,7
95157,4
95161,5
95162,2
95166,5
95170,6
95171,2
95172,3
95174,5
95175,7
95176,2
95180,6
95186,4
95187,3
95188,8
95189,3
95194,6
95195,4
95205,0
95206,4
95211,9
95212,4
95213,5
95214,9
95217,6
95219,7
95220,9
95222,0
95224,4
95225,4
95226,9
95227,4
95228,7
95229,8
95231,7
95232,7
95233,9
95234,5
95236,3
95238,4
95240,7
95242,6
95244,4
95246,6
95247,7
95248,6
95249,4
95251,4
95252,7
95256,5
95257,6
95260,9
95264,7
95265,9
95267,7
95269,9
95271,0
95277,3
95278,3
95282,4
95283,0
95285,4
95286,0
95287,6
95289,2
95291,5
95294,6
95298,6
95300,4
95302,9
95308,3
95309,5
95311,4
95312,2
95325,7
95328,7
95331,7
95333,5
95338,7
95342,5
95343,3
95347,5
95352,7
95354,7
95355,2
95359,0
95360,4
95361,9
95362,2
95363,7
95365,0
95366,6
95367,8
95368,0
95369,7
95374,0
95375,9
95377,7
95378,7
95380,4
95381,6
95383,3
95386,0
95389,0
95393,3
95394,2
95395,4
95397,7
95398,3
95399,0
95401,4
95402,3
95403,4
95407,4
95408,9
95409,3
95411,4
95414,0
95415,5
95417,9
95424,4
95426,6
95427,7
95429,6
95430,3
95446,9
95447,5
95449,7
95452,4
95456,4
95458,4
95459,4
95462,0
95464,5
95466,7
95475,3
95476,0
95478,3
95479,4
95480,4
95483,0
95484,7
95485,5
95486,0
95487,6
95492,4
95493,0
95495,6
95496,0
95497,7
95505,6
95510,4
95516,7
95517,0
95518,5
95520,7
95521,0
95532,6
95533,3
95537,9
95538,6
95541,2
95543,6
95544,2
95548,5
95549,5
95552,7
95556,3
95559,4
95561,3
95562,0
95563,2
95566,3
95568,3
95571,5
95583,6
95584,9
95585,9
95586,4
95587,9
95588,3
95592,5
95593,5
95594,5
95596,2
95600,7
95601,0
95607,7
95608,6
95609,9
95612,7
95618,0
95621,7
95623,3
95624,9
95625,6
95630,2
95632,0
95633,4
95634,5
95637,3
95638,7
95639,6
95641,5
95642,4
95646,7
95650,6
95651,4
95653,5
95654,3
95656,0
95659,7
95660,7
95662,3
95664,9
95666,4
95671,9
95677,4
95678,7
95682,6
95683,7
95684,7
95685,7
95688,7
95690,7
95698,9
95699,2
95705,5
95707,6
95710,5
95711,3
95717,4
95718,2
95719,4
95722,0
95735,7
95736,6
95737,0
95738,2
95740,3
95741,6
95743,7
95745,5
95747,3
95748,6
95749,0
95750,6
95754,6
95755,9
95758,9
95759,6
95762,4
95764,6
95765,9
95770,9
95779,2
95780,7
95783,7
95789,0
95790,6
95792,6
95794,7
95795,4
95796,7
95798,6
95806,6
95809,4
95813,3
95814,5
95818,4
95827,0
95829,0
95830,6
95833,4
95835,9
95837,4
95839,7
95840,9
95846,5
95848,5
95849,3
95851,7
95852,3
95854,7
95858,8
95859,5
95861,4
95863,0
95868,3
95871,9
95872,9
95873,0
95874,4
95879,6
95881,7
95884,5
95886,9
95887,6
95888,4
95889,6
95891,4
95892,4
95893,9
95895,6
95897,5
95898,5
95900,5
95901,4
95905,7
95906,6
95909,2
95910,5
95911,6
95912,6
95916,3
95917,6
95918,9
95921,0
95926,7
95929,4
95930,9
95931,4
95932,9
95933,0
95934,0
95937,9
95945,5
95948,9
95950,3
95952,6
95955,9
95958,7
95962,4
95963,7
95964,3
95966,4
95967,9
95968,2
95969,6
95972,0
95973,4
95974,6
95975,7
95976,6
95979,4
95980,2
95982,9
95983,7
95984,4
95985,7
95986,4
95988,6
95989,9
95993,4
95996,4
96003,0
96012,0
96013,8
96016,0
96020,7
96022,7
96023,0
96024,5
96026,9
96029,5
96031,0
96034,9
96038,7
96041,4
96047,2
96054,6
96057,0
96061,9
96065,6
96067,9
96068,8
96069,4
96074,3
96077,7
96079,4
96080,5
96081,7
96082,6
96085,7
96087,6
96091,8
96092,0
96098,9
96101,8
96103,3
96106,0
96107,9
96108,6
96109,7
96111,0
96112,9
96115,9
96116,4
96117,6
96121,2
96124,4
96125,9
96126,6
96127,7
96129,7
96132,9
96133,9
96136,7
96142,3
96144,9
96146,9
96147,7
96151,2
96152,2
96155,5
96158,4
96159,9
96160,6
96161,7
96164,0
96166,4
96167,9
96168,6
96172,0
96174,0
96175,2
96176,3
96178,5
96190,5
96191,9
96193,6
96194,4
96203,0
96204,0
96208,5
96210,2
96211,9
96214,3
96215,9
96216,7
96217,3
96218,3
96219,4
96220,4
96221,7
96223,3
96225,7
96226,6
96229,0
96232,2
96233,8
96234,7
96237,7
96241,6
96242,0
96244,0
96245,5
96246,9
96247,4
96248,3
96251,9
96252,9
96254,4
96256,4
96257,7
96260,4
96262,7
96263,7
96270,9
96271,3
96274,7
96276,0
96280,9
96283,7
96284,6
96288,3
96289,4
96291,4
96292,6
96293,0
96299,3
96303,4
96304,4
96309,0
96313,5
96314,9
96317,7
96318,6
96321,0
96322,7
96325,4
96329,4
96330,4
96333,9
96335,9
96336,5
96337,4
96339,0
96341,2
96342,6
96347,4
96348,0
96352,0
96353,0
96354,7
96357,4
96361,0
96363,4
96366,4
96367,3
96368,3
96370,0
96371,2
96376,7
96377,3
96380,4
96384,7
96387,0
96389,9
96391,5
96392,5
96393,4
96397,0
96398,7
96400,0
96405,0
96406,3
96407,9
96409,3
96411,4
96412,5
96413,7
96417,0
96420,4
96422,4
96427,9
96430,9
96432,6
96433,6
96434,5
96435,0
96438,4
96440,0
96442,2
96443,7
96446,3
96447,2
96448,7
96450,4
96455,8
96458,4
96461,2
96465,4
96467,3
96468,4
96469,7
96470,3
96471,7
96473,7
96476,7
96477,5
96478,0
96481,0
96483,4
96484,4
96486,0
96487,0
96489,6
96498,0
96501,7
96502,3
96505,6
96506,4
96507,5
96508,5
96510,7
96511,6
96513,4
96517,7
96520,0
96522,7
96523,0
96524,7
96528,7
96529,0
96530,9
96536,9
96539,7
96545,4
96546,8
96547,5
96551,0
96553,7
96554,4
96561,0
96563,6
96564,6
96566,9
96569,2
96571,9
96575,6
96577,6
96580,4
96581,0
96583,0
96596,2
96598,3
96601,0
96604,6
96605,5
96606,3
96607,4
96610,4
96612,5
96614,7
96615,7
96620,4
96625,9
96630,5
96633,6
96634,5
96636,0
96639,2
96640,9
96643,7
96644,8
96645,3
96646,0
96647,5
96649,5
96653,3
96658,7
96659,4
96663,9
96664,2
96665,3
96670,9
96671,3
96674,4
96675,2
96677,9
96678,5
96686,7
96687,0
96688,4
96690,0
96692,7
96695,9
96701,7
96702,5
96707,6
96708,7
96709,4
96712,6
96715,5
96719,6
96722,8
96724,9
96728,0
96729,0
96730,6
96733,5
96734,7
96735,2
96737,9
96739,3
96741,9
96744,8
96745,7
96746,3
96750,5
96755,6
96756,0
96757,9
96758,4
96759,7
96763,3
96765,5
96766,0
96768,9
96770,9
96776,5
96780,4
96782,7
96783,9
96786,6
96787,6
96788,0
96789,3
96790,3
96793,7
96794,5
96796,3
96797,7
96803,7
96806,3
96809,7
96815,3
96817,7
96823,3
96825,4
96826,7
96827,7
96828,2
96829,6
96830,3
96832,7
96833,4
96843,6
96844,4
96848,2
96851,0
96853,5
96856,4
96861,4
96864,0
96866,3
96867,0
96873,3
96876,5
96877,7
96880,6
96881,4
96882,9
96884,0
96885,4
96886,9
96888,4
96890,3
96891,3
96893,6
96895,7
96896,4
96898,5
96899,7
96902,3
96903,9
96904,6
96905,4
96906,6
96908,0
96911,6
96912,5
96915,2
96920,3
96923,7
96926,9
96931,2
96939,7
96943,2
96948,4
96950,6
96951,7
96953,0
96955,0
96958,6
96960,6
96963,3
96964,5
96965,7
96966,5
96971,2
96977,0
96983,2
96984,6
96990,7
96993,5
96995,9
96996,4
96997,3
96998,6
97000,4
97002,4
97004,7
97006,4
97011,4
97012,5
97014,5
97015,9
97016,7
97019,7
97022,7
97023,4
97025,4
97029,7
97030,4
97032,6
97033,7
97037,6
97039,9
97042,8
97049,3
97052,9
97058,5
97060,7
97064,4
97066,4
97070,4
97073,4
97074,4
97078,0
97083,4
97084,2
97089,9
97090,3
97093,4
97094,7
97095,6
97096,4
97099,6
97101,6
97102,4
97103,9
97104,4
97105,5
97107,4
97109,3
97111,4
97119,9
97120,4
97122,5
97137,0
97140,9
97146,4
97147,3
97148,7
97149,9
97151,6
97153,9
97154,5
97155,5
97156,3
97159,0
97166,4
97167,4
97168,4
97171,7
97172,4
97173,4
97177,7
97178,5
97179,0
97180,9
97187,9
97188,9
97190,2
97191,9
97192,4
97193,7
97197,7
97202,0
97205,3
97206,2
97210,0
97211,9
97215,9
97216,5
97217,3
97219,9
97220,5
97222,5
97223,4
97226,9
97229,4
97234,5
97240,7
97241,6
97242,2
97244,9
97245,0
97246,5
97250,0
97251,9
97259,9
97260,6
97261,9
97265,6
97273,7
97274,0
97276,0
97277,6
97278,9
97279,3
97284,5
97290,4
97295,0
97296,0
97298,6
97300,3
97301,7
97305,9
97307,0
97309,4
97314,7
97316,7
97318,4
97319,4
97320,5
97321,9
97322,2
97326,8
97328,0
97330,7
97339,2
97341,9
97342,9
97343,5
97344,6
97345,4
97347,7
97348,0
97349,5
97356,4
97359,7
97361,4
97363,4
97365,9
97366,6
97368,5
97370,3
97379,6
97382,9
97387,7
97389,2
97392,9
97397,2
97398,7
97400,4
97401,4
97402,0
97404,3
97406,8
97409,7
97416,7
97422,9
97423,9
97424,7
97425,6
97430,8
97431,7
97435,6
97437,2
97438,6
97445,7
97449,6
97452,9
97457,6
97460,0
97461,6
97469,6
97472,2
97475,5
97476,4
97480,5
97489,7
97493,6
97494,5
97495,4
97497,6
97499,2
97506,6
97507,7
97510,0
97511,5
97512,9
97514,7
97515,0
97518,5
97520,7
97522,5
97528,0
97532,9
97535,7
97537,5
97540,3
97543,4
97546,7
97548,9
97549,7
97550,3
97552,3
97554,7
97556,3
97560,2
97561,8
97562,5
97563,9
97568,2
97569,2
97571,7
97574,7
97575,4
97577,7
97578,7
97579,4
97581,9
97592,9
97593,6
97595,4
97597,0
97599,9
97601,0
97604,3
97610,8
97611,0
97613,7
97615,6
97617,9
97619,4
97620,9
97627,7
97628,6
97630,6
97632,8
97635,0
97640,6
97644,4
97646,7
97650,5
97652,4
97654,9
97655,7
97656,9
97661,5
97663,4
97664,5
97668,7
97673,5
97674,6
97675,3
97678,0
97679,4
97680,5
97681,0
97682,4
97687,0
97688,0
97689,3
97692,0
97695,9
97697,2
97700,0
97702,9
97703,6
97704,9
97708,7
97712,7
97713,0
97715,5
97716,7
97719,4
97720,6
97721,2
97722,7
97724,9
97725,6
97726,3
97727,9
97728,3
97730,0
97732,0
97733,7
97737,6
97742,9
97743,9
97744,2
97745,9
97746,6
97747,7
97750,7
97751,4
97752,4
97755,4
97756,0
97757,3
97763,4
97765,5
97768,3
97769,7
97770,4
97772,4
97775,9
97780,6
97786,5
97787,3
97790,2
97794,4
97795,4
97802,4
97803,4
97809,3
97811,7
97812,3
97815,6
97818,0
97819,5
97822,7
97823,9
97827,6
97829,6
97830,9
97840,0
97842,4
97845,6
97848,2
97849,3
97850,9
97851,5
97855,7
97857,0
97861,5
97862,6
97868,9
97869,5
97871,7
97874,0
97879,2
97885,7
97889,7
97890,6
97896,4
97900,9
97903,7
97904,3
97907,4
97908,3
97909,4
97910,5
97914,0
97917,4
97918,9
97920,7
97923,3
97924,7
97926,3
97929,2
97930,3
97931,5
97936,4
97942,4
97945,7
97948,4
97949,5
97950,0
97954,7
97957,4
97959,2
97961,5
97964,7
97967,3
97970,5
97971,9
97972,0
97974,4
97975,7
97976,9
97977,7
97978,5
97981,5
97982,0
97983,0
97984,3
97985,9
97989,3
97990,6
97994,0
97995,4
98003,2
98004,9
98005,7
98006,5
98013,3
98014,7
98020,7
98022,9
98026,5
98031,7
98034,7
98035,9
98039,4
98042,6
98046,3
98051,0
98059,8
98062,4
98063,7
98066,4
98067,4
98068,5
98069,0
98070,5
98071,7
98073,3
98074,5
98075,4
98077,6
98085,0
98086,9
98088,7
98093,4
98097,7
98098,3
98102,9
98104,3
98107,2
98110,5
98115,4
98116,0
98117,4
98118,3
98119,4
98121,0
98125,7
98127,8
98130,9
98132,9
98137,6
98138,4
98144,3
98145,7
98148,6
98149,7
98151,9
98152,6
98153,7
98155,6
98156,6
98157,5
98158,4
98160,7
98161,4
98164,0
98168,7
98170,4
98171,4
98174,0
98176,9
98179,5
98180,4
98181,6
98182,5
98183,7
98185,3
98186,7
98187,4
98192,3
98194,9
98197,4
98199,6
98200,0
98201,7
98206,0
98208,3
98209,7
98212,7
98214,5
98216,6
98219,7
98220,6
98221,4
98222,0
98224,3
98225,8
98228,7
98230,7
98234,0
98235,7
98240,9
98243,2
98244,7
98247,0
98251,9
98252,6
98254,0
98255,4
98256,5
98258,0
98262,9
98263,9
98266,0
98267,9
98275,0
98280,4
98284,4
98286,0
98287,7
98297,7
98302,0
98303,6
98308,7
98313,3
98314,4
98315,4
98317,7
98318,6
98320,9
98324,0
98325,5
98332,7
98334,9
98336,7
98343,7
98348,9
98349,3
98350,7
98352,9
98353,4
98354,2
98355,5
98357,4
98358,7
98359,2
98361,3
98362,9
98364,4
98366,9
98368,4
98370,3
98372,7
98373,7
98374,4
98376,4
98380,4
98381,9
98386,6
98391,0
98392,7
98393,6
98394,5
98398,6
98401,7
98402,4
98403,3
98409,3
98410,6
98412,7
98414,0
98415,9
98419,4
98420,0
98422,0
98423,9
98426,9
98429,2
98430,9
98433,6
98436,7
98438,3
98440,4
98441,5
98442,4
98444,9
98445,0
98447,7
98450,5
98452,0
98458,5
98462,0
98465,7
98466,6
98467,4
98468,9
98476,7
98477,3
98482,8
98485,2
98493,9
98498,3
98500,7
98501,9
98502,6
98506,4
98507,7
98509,9
98512,9
98513,2
98516,6
98517,5
98518,2
98519,3
98520,0
98521,4
98522,3
98523,4
98524,9
98525,6
98526,6
98532,7
98533,9
98534,4
98536,3
98537,7
98539,4
98540,0
98542,3
98544,4
98545,5
98546,6
98548,9
98550,9
98552,4
98553,6
98557,9
98558,5
98561,0
98562,5
98569,3
98571,6
98572,4
98576,4
98577,6
98581,3
98583,7
98585,5
98588,5
98589,4
98591,4
98594,0
98595,6
98596,9
98597,4
98600,3
98602,2
98605,9
98606,0
98607,6
98609,9
98616,6
98617,2
98618,3
98619,3
98620,2
98621,9
98622,4
98628,9
98634,0
98636,6
98637,6
98638,3
98639,4
98642,5
98645,3
98647,8
98652,7
98654,0
98655,6
98656,7
98658,6
98660,7
98661,0
98663,7
98664,3
98665,2
98666,4
98667,7
98671,4
98674,7
98676,9
98677,6
98678,7
98679,2
98680,3
98681,5
98682,9
98684,5
98685,9
98687,7
98694,3
98696,0
98697,5
98698,9
98703,3
98704,3
98706,9
98711,6
98713,9
98715,0
98716,2
98718,6
98719,6
98720,7
98724,7
98725,5
98727,7
98731,4
98732,5
98733,4
98736,4
98738,7
98739,9
98741,6
98742,7
98750,3
98753,6
98755,5
98758,6
98761,0
98763,9
98769,0
98770,9
98771,4
98773,3
98776,4
98777,7
98778,4
98782,6
98785,5
98790,9
98793,9
98803,8
98805,0
98810,6
98811,2
98812,7
98814,4
98818,5
98823,5
98826,0
98829,0
98830,3
98831,9
98835,4
98838,0
98839,2
98841,3
98845,0
98850,7
98852,7
98859,2
98864,4
98866,0
98870,2
98871,4
98878,7
98881,0
98886,7
98894,6
98897,0
98898,4
98901,6
98902,9
98905,5
98906,5
98913,3
98916,4
98918,7
98920,6
98923,8
98925,7
98926,7
98929,7
98931,0
98936,2
98947,8
98952,7
98957,9
98959,4
98961,7
98962,4
98965,4
98968,6
98971,4
98975,7
98976,6
98977,4
98978,5
98985,7
98986,0
98987,5
98989,6
98991,7
98992,6
98994,2
98998,0
99000,9
99003,0
99004,4
99007,5
99012,3
99014,9
99018,9
99021,4
99024,0
99028,0
99033,5
99034,6
99035,7
99040,2
99041,6
99042,6
99043,4
99048,4
99050,9
99056,7
99059,5
99060,9
99062,0
99067,4
99071,9
99073,3
99075,3
99077,4
99079,4
99080,0
99087,4
99088,7
99093,4
99094,9
99097,9
99103,7
99104,6
99105,4
99107,7
99108,4
99116,4
99119,6
99120,9
99121,3
99126,4
99130,5
99131,2
99136,4
99137,5
99138,9
99141,9
99145,4
99149,9
99150,5
99152,6
99153,4
99154,7
99155,9
99156,0
99157,4
99159,3
99161,2
99162,4
99163,7
99164,7
99165,0
99166,0
99167,7
99168,7
99170,7
99171,3
99172,0
99177,5
99179,2
99181,9
99183,3
99184,6
99185,6
99189,9
99190,4
99191,9
99199,4
99202,6
99204,0
99206,7
99209,7
99212,2
99213,0
99217,6
99218,5
99220,5
99221,6
99224,9
99225,9
99226,3
99227,4
99228,6
99230,4
99233,5
99235,9
99237,5
99239,4
99240,4
99243,9
99244,6
99245,4
99247,9
99250,7
99252,3
99255,0
99257,3
99259,4
99262,6
99263,4
99264,5
99265,9
99267,0
99269,4
99271,9
99272,4
99279,2
99280,4
99281,4
99283,2
99284,0
99286,4
99287,7
99288,7
99289,9
99295,9
99296,6
99297,9
99301,9
99303,9
99304,0
99306,3
99309,4
99311,4
99313,7
99314,4
99317,9
99322,5
99326,6
99327,7
99332,4
99333,0
99335,3
99337,5
99338,2
99347,9
99351,3
99354,6
99355,0
99356,9
99358,9
99361,5
99364,4
99365,3
99366,9
99368,7
99369,4
99371,9
99379,7
99384,9
99385,7
99387,4
99388,9
99389,9
99394,6
99399,6
99400,6
99403,2
99405,7
99407,7
99409,9
99410,2
99411,3
99412,9
99419,0
99421,4
99423,0
99424,3
99426,6
99429,9
99430,4
99435,9
99436,9
99437,4
99438,3
99439,0
99440,3
99441,4
99444,4
99445,7
99448,0
99449,0
99455,3
99456,7
99459,9
99460,7
99461,2
99462,6
99464,6
99465,5
99468,2
99469,4
99472,3
99473,4
99477,7
99487,7
99489,4
99491,7
99500,2
99504,6
99508,6
99512,6
99513,3
99515,0
99518,7
99519,6
99521,3
99523,9
99524,9
99526,3
99527,7
99531,2
99534,7
99536,4
99537,3
99538,4
99540,9
99541,2
99542,6
99543,5
99546,9
99547,0
99548,9
99551,5
99553,7
99557,5
99561,7
99563,9
99564,7
99566,5
99567,6
99569,0
99570,3
99571,6
99578,4
99579,6
99580,2
99582,3
99588,5
99589,7
99592,2
99593,4
99595,7
99600,7
99605,2
99614,9
99615,2
99616,2
99620,5
99622,3
99623,6
99624,5
99625,3
99626,6
99628,0
99630,0
99631,4
99634,7
99638,2
99641,2
99642,9
99643,0
99645,4
99647,7
99651,5
99658,9
99662,3
99665,3
99667,7
99669,2
99671,9
99672,9
99678,4
99688,3
99689,8
99694,5
99696,4
99700,0
99703,6
99704,9
99705,3
99707,6
99711,0
99712,7
99713,3
99714,4
99715,4
99716,5
99718,8
99721,7
99722,3
99723,6
99724,7
99725,4
99727,6
99729,4
99730,5
99731,9
99738,7
99741,9
99743,6
99749,7
99750,5
99752,4
99756,0
99757,4
99760,0
99761,3
99762,3
99764,5
99766,4
99770,2
99772,0
99774,7
99775,3
99776,7
99777,4
99779,0
99780,4
99781,3
99783,7
99787,7
99788,4
99795,5
99796,4
99798,6
99804,0
99805,3
99806,2
99807,2
99809,2
99811,4
99814,6
99818,3
99819,5
99821,2
99823,0
99824,7
99825,9
99826,6
99828,8
99833,4
99836,3
99837,7
99839,9
99843,7
99844,6
99852,4
99854,0
99857,7
99859,0
99861,7
99862,3
99867,0
99870,3
99873,0
99874,2
99877,9
99878,0
99880,9
99884,5
99885,5
99886,7
99887,4
99891,2
99893,0
99895,9
99896,4
99897,4
99898,4
99904,7
99907,8
99909,7
99910,4
99911,2
99912,9
99914,4
99915,6
99916,4
99918,5
99920,5
99923,6
99928,4
99929,7
99931,2
99933,4
99935,4
99937,9
99938,0
99940,5
99945,4
99946,7
99947,7
99948,2
99950,7
99952,0
99954,0
99955,4
99957,4
99959,4
99960,6
99961,7
99964,4
99966,6
99969,6
99970,9
99972,3
99973,9
99976,9
99977,2
99978,3
99980,7
99982,2
99983,7
99988,7
99989,9
99991,9
99992,4
99996,4
99998,2
