2025-10-07 12:41:41 - root - INFO - setup_logging:84 - Logging to file: logs/grnn_grocerieswithres_20251007_124141.log
2025-10-07 12:41:41 - root - INFO - setup_logging:86 - Logging initialized with level: INFO
2025-10-07 12:41:41 - __main__ - INFO - main:306 - ============================================================
2025-10-07 12:41:41 - __main__ - INFO - main:307 - UNIFIED BASKET PREDICTION PIPELINE
2025-10-07 12:41:41 - __main__ - INFO - main:308 - ============================================================
2025-10-07 12:41:41 - __main__ - INFO - main:309 - Mode: TRAIN
2025-10-07 12:41:41 - __main__ - INFO - main:310 - Model variant: GRNN
2025-10-07 12:41:41 - __main__ - INFO - main:311 - Dataset: grocerieswithres
2025-10-07 12:41:41 - __main__ - INFO - main:312 - Configuration: configs/grnn_next.yaml
2025-10-07 12:41:41 - utils.reproducibility - INFO - set_random_seed:34 - Random seed set to: 123
2025-10-07 12:41:41 - utils.reproducibility - INFO - ensure_reproducibility:60 - Deterministic behavior enabled
2025-10-07 12:41:41 - utils.reproducibility - WARNING - ensure_reproducibility:61 - Deterministic mode may reduce performance. Some operations may still be non-deterministic on GPU.
2025-10-07 12:41:41 - utils.reproducibility - INFO - get_device:89 - Auto-selected device: CPU (CUDA not available)
2025-10-07 12:41:41 - utils.logger - INFO - log_system_info:16 - System information:
2025-10-07 12:41:41 - utils.logger - INFO - log_system_info:17 - PyTorch version: 2.8.0
2025-10-07 12:41:41 - utils.logger - INFO - log_system_info:18 - CUDA available: False
2025-10-07 12:41:41 - utils.logger - INFO - log_system_info:19 - GPU count: 0
2025-10-07 12:41:41 - __main__ - INFO - setup_experiment:160 - Creating GRNN data module
2025-10-07 12:41:41 - data.base_data - INFO - __init__:607 - Initializing data module for variant: grnn
2025-10-07 12:41:41 - data.base_data - INFO - __init__:608 - Data path: data/multimodal_next_different_split/user_holdout_20/groceries_data/grocerieswithres/next_basket
2025-10-07 12:41:41 - data.mitgnn_data - INFO - __init__:66 - MITGNN data module initialized with 5 intents, loss_type: bpr
2025-10-07 12:41:41 - data.grnn_data - INFO - __init__:226 - GRNN data module initialized with LSTM RNN
2025-10-07 12:41:41 - data.base_data - INFO - _check_for_timestamps:311 - Detected timestamp format in b2i files
2025-10-07 12:41:41 - data.base_data - INFO - _load_data:222 - Loaded test user-basket mapping: 2267 users, 2267 test baskets
2025-10-07 12:41:41 - data.base_data - INFO - _load_data:248 - Loaded data: 2267 users, 1668 train baskets, 1757 test baskets
2025-10-07 12:41:41 - data.base_data - INFO - _build_interaction_matrices:354 - Built interaction matrices
2025-10-07 12:41:41 - data.base_data - INFO - _build_sequence_data:362 - Building sequence data for GRNN variant
2025-10-07 12:41:41 - data.base_data - INFO - _build_sequence_data:384 - Built sequences for 1578 users
2025-10-07 12:41:41 - data.base_data - INFO - _build_sequence_data:389 - Sequence stats: avg=2.49, min=2, max=3
2025-10-07 12:41:41 - data.base_data - INFO - _prepare_dataset:537 - Prepared 6672 samples for train
2025-10-07 12:41:41 - data.base_data - INFO - __init__:112 - Dataset initialized: 3885 users, 14609 baskets, 167 items
2025-10-07 12:41:41 - data.base_data - INFO - _check_for_timestamps:311 - Detected timestamp format in b2i files
2025-10-07 12:41:41 - data.base_data - INFO - _load_data:222 - Loaded test user-basket mapping: 2267 users, 2267 test baskets
2025-10-07 12:41:41 - data.base_data - INFO - _load_data:248 - Loaded data: 2267 users, 1668 train baskets, 1757 test baskets
2025-10-07 12:41:41 - data.base_data - INFO - _build_interaction_matrices:354 - Built interaction matrices
2025-10-07 12:41:41 - data.base_data - INFO - _build_sequence_data:362 - Building sequence data for GRNN variant
2025-10-07 12:41:41 - data.base_data - INFO - _build_sequence_data:384 - Built sequences for 1578 users
2025-10-07 12:41:41 - data.base_data - INFO - _build_sequence_data:389 - Sequence stats: avg=2.49, min=2, max=3
2025-10-07 12:41:41 - data.base_data - INFO - _prepare_dataset:537 - Prepared 3932 samples for test
2025-10-07 12:41:41 - data.base_data - INFO - __init__:112 - Dataset initialized: 3885 users, 14609 baskets, 167 items
2025-10-07 12:41:41 - utils.reproducibility - INFO - set_random_seed:34 - Random seed set to: 123
2025-10-07 12:41:41 - utils.reproducibility - INFO - set_random_seed:34 - Random seed set to: 123
2025-10-07 12:41:41 - data.grnn_data - INFO - _setup_variant_specific:237 - Setting up GRNN-specific data processing
2025-10-07 12:41:41 - data.mitgnn_data - INFO - _setup_variant_specific:77 - Setting up MITGNN-specific data processing
2025-10-07 12:41:41 - data.mitgnn_data - INFO - _process_adjacency_matrices:172 - Loading cached normalized adjacency matrices...
2025-10-07 12:41:41 - data.mitgnn_data - INFO - _process_adjacency_matrices:176 - Successfully loaded cached adjacency matrices
2025-10-07 12:41:41 - data.mitgnn_data - INFO - _create_combined_adjacency:325 - Creating combined adjacency matrix: 18661 total nodes (3885 users + 14609 baskets + 167 items)
2025-10-07 12:41:41 - data.mitgnn_data - INFO - _create_combined_adjacency:335 - Adding user-basket connections...
2025-10-07 12:41:42 - data.mitgnn_data - INFO - _create_combined_adjacency:340 - Adding basket-item connections...
2025-10-07 12:41:42 - data.mitgnn_data - INFO - _create_combined_adjacency:346 - Converting to CSR format...
2025-10-07 12:41:42 - data.mitgnn_data - INFO - _create_combined_adjacency:353 - Adding self-loops and normalizing combined matrix...
2025-10-07 12:41:42 - data.mitgnn_data - INFO - _create_combined_adjacency:361 - Created combined adjacency matrix: 18661 total nodes in 1.67s
2025-10-07 12:41:42 - data.mitgnn_data - INFO - _build_user_item_mapping:93 - Building user-item mapping for BPR negative sampling...
2025-10-07 12:41:42 - data.mitgnn_data - INFO - _build_user_item_mapping:105 - Built user-item mapping for 2267 users
2025-10-07 12:41:42 - data.mitgnn_data - INFO - _setup_variant_specific:89 - MITGNN data setup completed
2025-10-07 12:41:42 - data.grnn_data - INFO - __init__:65 - Sequential dataset: 1578 users with sequences
2025-10-07 12:41:42 - data.grnn_data - INFO - __init__:65 - Sequential dataset: 2267 users with sequences
2025-10-07 12:41:42 - data.grnn_data - INFO - _setup_sequential_data:297 - Sequential data processors created
2025-10-07 12:41:42 - data.grnn_data - INFO - _analyze_sequences:312 - Sequence statistics:
2025-10-07 12:41:42 - data.grnn_data - INFO - _analyze_sequences:313 -   Average length: 2.49
2025-10-07 12:41:42 - data.grnn_data - INFO - _analyze_sequences:314 -   Median length: 2.00
2025-10-07 12:41:42 - data.grnn_data - INFO - _analyze_sequences:315 -   Min/Max length: 2/3
2025-10-07 12:41:42 - data.grnn_data - INFO - _analyze_sequences:316 -   Total sequences: 1578
2025-10-07 12:41:42 - data.grnn_data - INFO - _setup_variant_specific:248 - GRNN data setup completed
2025-10-07 12:41:42 - data.base_data - INFO - setup:630 - Data module setup completed
2025-10-07 12:41:42 - data.base_data - INFO - log_statistics:718 - === DATASET STATISTICS ===
2025-10-07 12:41:42 - data.base_data - INFO - log_statistics:719 - Users: 3,885
2025-10-07 12:41:42 - data.base_data - INFO - log_statistics:720 - Baskets: 14,609
2025-10-07 12:41:42 - data.base_data - INFO - log_statistics:721 - Items: 167
2025-10-07 12:41:42 - data.base_data - INFO - log_statistics:722 - Training U2B interactions: 4,612
2025-10-07 12:41:42 - data.base_data - INFO - log_statistics:723 - Training B2I interactions: 3,336
2025-10-07 12:41:42 - data.base_data - INFO - log_statistics:724 - Test B2I interactions: 3,932
2025-10-07 12:41:42 - data.base_data - INFO - log_statistics:725 - U2B sparsity: 0.9999
2025-10-07 12:41:42 - data.base_data - INFO - log_statistics:726 - B2I sparsity: 0.9986
2025-10-07 12:41:42 - data.base_data - INFO - log_statistics:727 - U2I sparsity: 0.9949
2025-10-07 12:41:42 - data.base_data - INFO - log_statistics:728 - ===========================
2025-10-07 12:41:42 - utils.reproducibility - INFO - setup_multi_gpu_environment:213 - Auto-detecting multi-GPU configuration...
2025-10-07 12:41:42 - utils.reproducibility - INFO - setup_multi_gpu_environment:216 - CUDA not available. Auto-disabling multi-GPU training.
2025-10-07 12:41:42 - trainer.trainer - INFO - setup_directories:97 - Output directory: pytorch_pipeline/outputs
2025-10-07 12:41:42 - trainer.trainer - INFO - __init__:84 - Trainer initialized for GRNN variant (single GPU/CPU)
2025-10-07 12:41:42 - evaluator.prediction_analyzer - INFO - __init__:76 - PredictionAnalyzer initialized (enabled: True)
2025-10-07 12:41:42 - evaluator.prediction_analyzer - INFO - __init__:78 - Will analyze up to 50 examples
2025-10-07 12:41:42 - evaluator.prediction_analyzer - INFO - __init__:79 - Will show top-K for K=[5, 10, 20]
2025-10-07 12:41:42 - evaluator.prediction_analyzer - INFO - __init__:103 - [history] epoch CSV will be written to: pytorch_pipeline/outputs/prediction_analysis/epoch_history_grnn_20251007_124142.csv
2025-10-07 12:41:42 - evaluator.evaluator - INFO - __init__:72 - Evaluator initialized with metrics: ['recall', 'precision', 'ndcg', 'hit_ratio']
2025-10-07 12:41:42 - evaluator.evaluator - INFO - __init__:73 - Top-K values: [5, 10, 20, 50]
2025-10-07 12:41:42 - __main__ - INFO - run_training:186 - ==================================================
2025-10-07 12:41:42 - __main__ - INFO - run_training:187 - STARTING TRAINING PIPELINE
2025-10-07 12:41:42 - __main__ - INFO - run_training:188 - ==================================================
2025-10-07 12:41:42 - models.base_model - INFO - _init_embeddings:139 - Initialized embedding layers
2025-10-07 12:41:42 - models.components - INFO - __init__:159 - Intent convolution: 5 intents, 64 -> 64
2025-10-07 12:41:42 - models.components - INFO - __init__:159 - Intent convolution: 5 intents, 64 -> 64
2025-10-07 12:41:42 - models.components - INFO - __init__:159 - Intent convolution: 5 intents, 64 -> 64
2025-10-07 12:41:42 - models.mitgnn_model - INFO - _init_intent_conv_layers:101 - Created 3 intent convolution layers
2025-10-07 12:41:42 - models.mitgnn_model - INFO - _init_prediction_layers:149 - Prediction layers initialized
2025-10-07 12:41:42 - models.mitgnn_model - INFO - _process_adjacency_matrices:165 - Converted norm_adj_u2b to sparse tensor: torch.Size([3885, 14609])
2025-10-07 12:41:42 - models.mitgnn_model - INFO - _process_adjacency_matrices:165 - Converted norm_adj_b2i to sparse tensor: torch.Size([14609, 167])
2025-10-07 12:41:42 - models.mitgnn_model - INFO - _process_adjacency_matrices:165 - Converted norm_adj_combined to sparse tensor: torch.Size([18661, 18661])
2025-10-07 12:41:42 - models.mitgnn_model - INFO - _init_variant_components:84 - MITGNN components initialized with algorithm: intent_conv
2025-10-07 12:41:42 - models.components - INFO - __init__:501 - Sequential encoder: LSTM, hidden_dim=64, bidirectional=False
2025-10-07 12:41:42 - models.components - INFO - __init__:501 - Sequential encoder: LSTM, hidden_dim=64, bidirectional=False
2025-10-07 12:41:42 - models.grnn_model - INFO - _init_sequential_components:111 - Sequential components initialized
2025-10-07 12:41:42 - models.grnn_model - INFO - _init_grnn_prediction_layers:136 - GRNN prediction layers initialized
2025-10-07 12:41:42 - models.grnn_model - INFO - _init_variant_components:75 - GRNN components initialized
2025-10-07 12:41:42 - models.base_model - INFO - __init__:62 - Initialized GRNN model
2025-10-07 12:41:42 - models.base_model - INFO - __init__:63 - Users: 3885, Baskets: 14609, Items: 167
2025-10-07 12:41:42 - models.mitgnn_model - INFO - __init__:61 - MITGNN initialized with 5 intents, sigma=0.9
2025-10-07 12:41:42 - models.mitgnn_model - INFO - __init__:62 - Prediction method: dot_product
2025-10-07 12:41:42 - models.mitgnn_model - INFO - __init__:63 - Explicit regularization: False
2025-10-07 12:41:42 - models.grnn_model - INFO - __init__:60 - GRNN initialized with LSTM RNN, hidden_dim=64
2025-10-07 12:41:42 - trainer.trainer - INFO - _create_model:164 - Created GRNN model
2025-10-07 12:41:42 - trainer.trainer - INFO - log_model_info:191 - Model: GRNNModel
2025-10-07 12:41:42 - trainer.trainer - INFO - log_model_info:192 - Total parameters: 1,456,969
2025-10-07 12:41:42 - trainer.trainer - INFO - log_model_info:194 - Trainable parameters: 1,456,969
2025-10-07 12:41:43 - trainer.trainer - INFO - _create_optimizer:215 - Created Adam optimizer with lr=0.0001
2025-10-07 12:41:43 - utils.schedulers - INFO - create_scheduler:263 - Created WarmupCosineAnnealingLR scheduler (warmup_epochs=5, max_epochs=200, eta_min=1e-05)
2025-10-07 12:41:43 - trainer.trainer - INFO - _create_criterion:240 - Using BPR (Bayesian Personalized Ranking) loss
2025-10-07 12:41:43 - evaluator.prediction_analyzer - INFO - __init__:76 - PredictionAnalyzer initialized (enabled: True)
2025-10-07 12:41:43 - evaluator.prediction_analyzer - INFO - __init__:78 - Will analyze up to 50 examples
2025-10-07 12:41:43 - evaluator.prediction_analyzer - INFO - __init__:79 - Will show top-K for K=[5, 10, 20]
2025-10-07 12:41:43 - evaluator.prediction_analyzer - INFO - __init__:103 - [history] epoch CSV will be written to: pytorch_pipeline/outputs/prediction_analysis/epoch_history_grnn_20251007_124143.csv
2025-10-07 12:41:43 - trainer.trainer - INFO - setup:140 - Trainer setup completed
2025-10-07 12:41:43 - trainer.trainer - INFO - train:252 - Starting training for 200 epochs
2025-10-07 12:41:43 - trainer.trainer - INFO - _train_epoch:351 - Training metrics computation enabled
2025-10-07 12:41:43 - trainer.trainer - INFO - __enter__:121 - Starting: Training epoch 0
2025-10-07 12:42:16 - trainer.trainer - INFO - __exit__:128 - Completed: Training epoch 0 (took 33.32s)
2025-10-07 12:42:16 - trainer.trainer - INFO - _train_epoch:417 - Computing training ranking metrics from 1668 user-basket pairs
2025-10-07 12:42:21 - evaluator.evaluator - INFO - __enter__:121 - Starting: Computing train metrics
2025-10-07 12:42:21 - evaluator.evaluator - INFO - compute_ranking_metrics:559 - === TRAIN METRICS SUMMARY ===
2025-10-07 12:42:21 - evaluator.evaluator - INFO - compute_ranking_metrics:561 - recall@10: 0.0580
2025-10-07 12:42:21 - evaluator.evaluator - INFO - compute_ranking_metrics:561 - recall@20: 0.1288
2025-10-07 12:42:21 - evaluator.evaluator - INFO - compute_ranking_metrics:561 - ndcg@10: 0.0359
2025-10-07 12:42:21 - evaluator.evaluator - INFO - compute_ranking_metrics:561 - ndcg@20: 0.0589
2025-10-07 12:42:21 - evaluator.evaluator - INFO - compute_ranking_metrics:561 - hit_ratio@10: 0.2122
2025-10-07 12:42:21 - evaluator.evaluator - INFO - compute_ranking_metrics:561 - hit_ratio@20: 0.4173
2025-10-07 12:42:21 - evaluator.evaluator - INFO - compute_ranking_metrics:561 - precision@10: 0.0230
2025-10-07 12:42:21 - evaluator.evaluator - INFO - compute_ranking_metrics:561 - precision@20: 0.0255
2025-10-07 12:42:21 - evaluator.evaluator - INFO - compute_ranking_metrics:562 - ===================================
2025-10-07 12:42:21 - evaluator.evaluator - INFO - __exit__:128 - Completed: Computing train metrics (took 0.08s)
2025-10-07 12:42:21 - trainer.trainer - INFO - _train_epoch:424 - Training metrics computed: ['recall@10', 'recall@20', 'ndcg@10', 'ndcg@20', 'hit_ratio@10', 'hit_ratio@20', 'precision@10', 'precision@20']
2025-10-07 12:42:21 - trainer.trainer - INFO - __enter__:121 - Starting: Evaluation (val)
2025-10-07 12:42:21 - trainer.trainer - INFO - _evaluate_with_full_ranking:546 - Built training item mapping for 1668 users
2025-10-07 12:42:46 - trainer.trainer - INFO - _evaluate_with_full_ranking:578 - Found 1757 unique user-basket pairs for evaluation
2025-10-07 12:42:48 - evaluator.prediction_analyzer - INFO - analyze_predictions:161 - Analyzing predictions for 1757 examples (val mode)
2025-10-07 12:42:48 - evaluator.prediction_analyzer - INFO - __enter__:121 - Starting: Prediction analysis (val)
2025-10-07 12:42:48 - evaluator.prediction_analyzer - INFO - __exit__:128 - Completed: Prediction analysis (val) (took 0.00s)
2025-10-07 12:42:48 - evaluator.prediction_analyzer - INFO - _log_analysis_summary:267 - === PREDICTION ANALYSIS SUMMARY (VAL) ===
2025-10-07 12:42:48 - evaluator.prediction_analyzer - INFO - _log_analysis_summary:276 - Ground truth items per example: avg=2.2, min=1, max=3
2025-10-07 12:42:48 - evaluator.prediction_analyzer - INFO - _log_analysis_summary:282 - Epoch range: 0 - 0
2025-10-07 12:42:48 - evaluator.prediction_analyzer - INFO - _log_analysis_summary:300 - Top-5: avg_hits=0.0, avg_recall=0.010, examples_with_hits=1/50
2025-10-07 12:42:48 - evaluator.prediction_analyzer - INFO - _log_analysis_summary:300 - Top-10: avg_hits=0.1, avg_recall=0.040, examples_with_hits=4/50
2025-10-07 12:42:48 - evaluator.prediction_analyzer - INFO - _log_analysis_summary:300 - Top-20: avg_hits=0.3, avg_recall=0.140, examples_with_hits=14/50
2025-10-07 12:42:48 - evaluator.prediction_analyzer - INFO - _save_analysis_to_file:382 - Saved prediction analysis to: pytorch_pipeline/outputs/prediction_analysis/predictions_val_grnn_20251007_124143.json
2025-10-07 12:42:48 - evaluator.prediction_analyzer - INFO - _save_summary_statistics:429 - Saved summary statistics to: pytorch_pipeline/outputs/prediction_analysis/summary_val_grnn_20251007_124143.csv
2025-10-07 12:42:48 - evaluator.evaluator - INFO - __enter__:121 - Starting: Computing val metrics
2025-10-07 12:42:48 - evaluator.evaluator - INFO - compute_ranking_metrics:559 - === VAL METRICS SUMMARY ===
2025-10-07 12:42:48 - evaluator.evaluator - INFO - compute_ranking_metrics:561 - recall@10: 0.0500
2025-10-07 12:42:48 - evaluator.evaluator - INFO - compute_ranking_metrics:561 - recall@20: 0.1208
2025-10-07 12:42:48 - evaluator.evaluator - INFO - compute_ranking_metrics:561 - ndcg@10: 0.0236
2025-10-07 12:42:48 - evaluator.evaluator - INFO - compute_ranking_metrics:561 - ndcg@20: 0.0426
2025-10-07 12:42:48 - evaluator.evaluator - INFO - compute_ranking_metrics:561 - hit_ratio@10: 0.1087
2025-10-07 12:42:48 - evaluator.evaluator - INFO - compute_ranking_metrics:561 - hit_ratio@20: 0.2544
2025-10-07 12:42:48 - evaluator.evaluator - INFO - compute_ranking_metrics:561 - precision@10: 0.0112
2025-10-07 12:42:48 - evaluator.evaluator - INFO - compute_ranking_metrics:561 - precision@20: 0.0135
2025-10-07 12:42:48 - evaluator.evaluator - INFO - compute_ranking_metrics:562 - ===================================
2025-10-07 12:42:48 - evaluator.evaluator - INFO - __exit__:128 - Completed: Computing val metrics (took 0.08s)
2025-10-07 12:42:48 - trainer.trainer - INFO - _evaluate_with_full_ranking:663 - VAL Loss: 0.6928
2025-10-07 12:42:48 - trainer.trainer - INFO - __exit__:128 - Completed: Evaluation (val) (took 27.50s)
2025-10-07 12:42:48 - trainer.trainer - INFO - log_training_metrics:163 - Epoch   0 [combined] - train_loss: 0.6930 | train_recall@10: 0.0580 | train_recall@20: 0.1288 | train_ndcg@10: 0.0359 | train_ndcg@20: 0.0589 | train_hit_ratio@10: 0.2122 | train_hit_ratio@20: 0.4173 | train_precision@10: 0.0230 | train_precision@20: 0.0255 | recall@10: 0.0500 | recall@20: 0.1208 | ndcg@10: 0.0236 | ndcg@20: 0.0426 | hit_ratio@10: 0.1087 | hit_ratio@20: 0.2544 | precision@10: 0.0112 | precision@20: 0.0135 | val_loss: 0.6928
2025-10-07 12:42:48 - evaluator.prediction_analyzer - INFO - log_epoch_metrics:488 - [history] header created at epoch_history_grnn_20251007_124143.csv
2025-10-07 12:42:48 - trainer.trainer - INFO - _save_checkpoint:859 - Saved checkpoint: pytorch_pipeline/outputs/checkpoints/best_model.pth
2025-10-07 12:42:48 - trainer.trainer - INFO - _update_best_model:821 - New best model: recall@20=0.1208
2025-10-07 12:42:48 - trainer.trainer - INFO - _save_checkpoint:859 - Saved checkpoint: pytorch_pipeline/outputs/checkpoints/checkpoint_epoch_0.pth
2025-10-07 12:42:48 - trainer.trainer - INFO - _train_epoch:353 - Training metrics computation disabled
2025-10-07 12:42:48 - trainer.trainer - INFO - __enter__:121 - Starting: Training epoch 1
2025-10-07 12:43:22 - trainer.trainer - INFO - __exit__:128 - Completed: Training epoch 1 (took 33.23s)
2025-10-07 12:43:22 - trainer.trainer - INFO - _train_epoch:417 - Computing training ranking metrics from 1668 user-basket pairs
2025-10-07 12:43:26 - evaluator.evaluator - INFO - __enter__:121 - Starting: Computing train metrics
2025-10-07 12:43:26 - evaluator.evaluator - INFO - compute_ranking_metrics:559 - === TRAIN METRICS SUMMARY ===
2025-10-07 12:43:26 - evaluator.evaluator - INFO - compute_ranking_metrics:561 - recall@10: 0.0647
2025-10-07 12:43:26 - evaluator.evaluator - INFO - compute_ranking_metrics:561 - recall@20: 0.1344
2025-10-07 12:43:26 - evaluator.evaluator - INFO - compute_ranking_metrics:561 - ndcg@10: 0.0405
2025-10-07 12:43:26 - evaluator.evaluator - INFO - compute_ranking_metrics:561 - ndcg@20: 0.0632
2025-10-07 12:43:26 - evaluator.evaluator - INFO - compute_ranking_metrics:561 - hit_ratio@10: 0.2314
2025-10-07 12:43:26 - evaluator.evaluator - INFO - compute_ranking_metrics:561 - hit_ratio@20: 0.4323
2025-10-07 12:43:26 - evaluator.evaluator - INFO - compute_ranking_metrics:561 - precision@10: 0.0255
2025-10-07 12:43:26 - evaluator.evaluator - INFO - compute_ranking_metrics:561 - precision@20: 0.0266
2025-10-07 12:43:26 - evaluator.evaluator - INFO - compute_ranking_metrics:562 - ===================================
2025-10-07 12:43:26 - evaluator.evaluator - INFO - __exit__:128 - Completed: Computing train metrics (took 0.08s)
2025-10-07 12:43:26 - trainer.trainer - INFO - _train_epoch:424 - Training metrics computed: ['recall@10', 'recall@20', 'ndcg@10', 'ndcg@20', 'hit_ratio@10', 'hit_ratio@20', 'precision@10', 'precision@20']
2025-10-07 12:43:26 - trainer.trainer - INFO - __enter__:121 - Starting: Evaluation (val)
2025-10-07 12:43:26 - trainer.trainer - INFO - _evaluate_with_full_ranking:546 - Built training item mapping for 1668 users
2025-10-07 12:43:51 - trainer.trainer - INFO - _evaluate_with_full_ranking:578 - Found 1757 unique user-basket pairs for evaluation
2025-10-07 12:43:53 - evaluator.prediction_analyzer - INFO - analyze_predictions:161 - Analyzing predictions for 1757 examples (val mode)
2025-10-07 12:43:53 - evaluator.prediction_analyzer - INFO - __enter__:121 - Starting: Prediction analysis (val)
2025-10-07 12:43:53 - evaluator.prediction_analyzer - INFO - __exit__:128 - Completed: Prediction analysis (val) (took 0.00s)
2025-10-07 12:43:53 - evaluator.prediction_analyzer - INFO - _log_analysis_summary:267 - === PREDICTION ANALYSIS SUMMARY (VAL) ===
2025-10-07 12:43:53 - evaluator.prediction_analyzer - INFO - _log_analysis_summary:276 - Ground truth items per example: avg=2.2, min=1, max=3
2025-10-07 12:43:53 - evaluator.prediction_analyzer - INFO - _log_analysis_summary:282 - Epoch range: 0 - 1
2025-10-07 12:43:53 - evaluator.prediction_analyzer - INFO - _log_analysis_summary:300 - Top-5: avg_hits=0.0, avg_recall=0.010, examples_with_hits=2/100
2025-10-07 12:43:53 - evaluator.prediction_analyzer - INFO - _log_analysis_summary:300 - Top-10: avg_hits=0.1, avg_recall=0.035, examples_with_hits=7/100
2025-10-07 12:43:53 - evaluator.prediction_analyzer - INFO - _log_analysis_summary:300 - Top-20: avg_hits=0.3, avg_recall=0.140, examples_with_hits=28/100
2025-10-07 12:43:53 - evaluator.prediction_analyzer - INFO - _save_analysis_to_file:382 - Saved prediction analysis to: pytorch_pipeline/outputs/prediction_analysis/predictions_val_grnn_20251007_124143.json
2025-10-07 12:43:53 - evaluator.prediction_analyzer - INFO - _save_summary_statistics:429 - Saved summary statistics to: pytorch_pipeline/outputs/prediction_analysis/summary_val_grnn_20251007_124143.csv
2025-10-07 12:43:53 - evaluator.evaluator - INFO - __enter__:121 - Starting: Computing val metrics
2025-10-07 12:43:54 - evaluator.evaluator - INFO - compute_ranking_metrics:559 - === VAL METRICS SUMMARY ===
2025-10-07 12:43:54 - evaluator.evaluator - INFO - compute_ranking_metrics:561 - recall@10: 0.0593
2025-10-07 12:43:54 - evaluator.evaluator - INFO - compute_ranking_metrics:561 - recall@20: 0.1323
2025-10-07 12:43:54 - evaluator.evaluator - INFO - compute_ranking_metrics:561 - ndcg@10: 0.0289
2025-10-07 12:43:54 - evaluator.evaluator - INFO - compute_ranking_metrics:561 - ndcg@20: 0.0486
2025-10-07 12:43:54 - evaluator.evaluator - INFO - compute_ranking_metrics:561 - hit_ratio@10: 0.1275
2025-10-07 12:43:54 - evaluator.evaluator - INFO - compute_ranking_metrics:561 - hit_ratio@20: 0.2760
2025-10-07 12:43:54 - evaluator.evaluator - INFO - compute_ranking_metrics:561 - precision@10: 0.0133
2025-10-07 12:43:54 - evaluator.evaluator - INFO - compute_ranking_metrics:561 - precision@20: 0.0147
2025-10-07 12:43:54 - evaluator.evaluator - INFO - compute_ranking_metrics:562 - ===================================
2025-10-07 12:43:54 - evaluator.evaluator - INFO - __exit__:128 - Completed: Computing val metrics (took 0.09s)
2025-10-07 12:43:54 - trainer.trainer - INFO - _evaluate_with_full_ranking:663 - VAL Loss: 0.6927
2025-10-07 12:43:54 - trainer.trainer - INFO - __exit__:128 - Completed: Evaluation (val) (took 27.31s)
2025-10-07 12:43:54 - trainer.trainer - INFO - log_training_metrics:163 - Epoch   1 [combined] - train_loss: 0.6930 | train_recall@10: 0.0647 | train_recall@20: 0.1344 | train_ndcg@10: 0.0405 | train_ndcg@20: 0.0632 | train_hit_ratio@10: 0.2314 | train_hit_ratio@20: 0.4323 | train_precision@10: 0.0255 | train_precision@20: 0.0266 | recall@10: 0.0593 | recall@20: 0.1323 | ndcg@10: 0.0289 | ndcg@20: 0.0486 | hit_ratio@10: 0.1275 | hit_ratio@20: 0.2760 | precision@10: 0.0133 | precision@20: 0.0147 | val_loss: 0.6927
2025-10-07 12:43:54 - trainer.trainer - INFO - _save_checkpoint:859 - Saved checkpoint: pytorch_pipeline/outputs/checkpoints/best_model.pth
2025-10-07 12:43:54 - trainer.trainer - INFO - _update_best_model:821 - New best model: recall@20=0.1323
2025-10-07 12:43:54 - trainer.trainer - INFO - _train_epoch:353 - Training metrics computation disabled
2025-10-07 12:43:54 - trainer.trainer - INFO - __enter__:121 - Starting: Training epoch 2
2025-10-07 12:44:26 - trainer.trainer - INFO - __exit__:128 - Completed: Training epoch 2 (took 32.92s)
2025-10-07 12:44:26 - trainer.trainer - INFO - _train_epoch:417 - Computing training ranking metrics from 1668 user-basket pairs
2025-10-07 12:44:31 - evaluator.evaluator - INFO - __enter__:121 - Starting: Computing train metrics
2025-10-07 12:44:31 - evaluator.evaluator - INFO - compute_ranking_metrics:559 - === TRAIN METRICS SUMMARY ===
2025-10-07 12:44:31 - evaluator.evaluator - INFO - compute_ranking_metrics:561 - recall@10: 0.0755
2025-10-07 12:44:31 - evaluator.evaluator - INFO - compute_ranking_metrics:561 - recall@20: 0.1432
2025-10-07 12:44:31 - evaluator.evaluator - INFO - compute_ranking_metrics:561 - ndcg@10: 0.0497
2025-10-07 12:44:31 - evaluator.evaluator - INFO - compute_ranking_metrics:561 - ndcg@20: 0.0718
2025-10-07 12:44:31 - evaluator.evaluator - INFO - compute_ranking_metrics:561 - hit_ratio@10: 0.2668
2025-10-07 12:44:31 - evaluator.evaluator - INFO - compute_ranking_metrics:561 - hit_ratio@20: 0.4568
2025-10-07 12:44:31 - evaluator.evaluator - INFO - compute_ranking_metrics:561 - precision@10: 0.0300
2025-10-07 12:44:31 - evaluator.evaluator - INFO - compute_ranking_metrics:561 - precision@20: 0.0284
2025-10-07 12:44:31 - evaluator.evaluator - INFO - compute_ranking_metrics:562 - ===================================
2025-10-07 12:44:31 - evaluator.evaluator - INFO - __exit__:128 - Completed: Computing train metrics (took 0.08s)
2025-10-07 12:44:31 - trainer.trainer - INFO - _train_epoch:424 - Training metrics computed: ['recall@10', 'recall@20', 'ndcg@10', 'ndcg@20', 'hit_ratio@10', 'hit_ratio@20', 'precision@10', 'precision@20']
2025-10-07 12:44:31 - trainer.trainer - INFO - __enter__:121 - Starting: Evaluation (val)
2025-10-07 12:44:31 - trainer.trainer - INFO - _evaluate_with_full_ranking:546 - Built training item mapping for 1668 users
2025-10-07 12:44:56 - trainer.trainer - INFO - _evaluate_with_full_ranking:578 - Found 1757 unique user-basket pairs for evaluation
2025-10-07 12:44:59 - evaluator.prediction_analyzer - INFO - analyze_predictions:161 - Analyzing predictions for 1757 examples (val mode)
2025-10-07 12:44:59 - evaluator.prediction_analyzer - INFO - __enter__:121 - Starting: Prediction analysis (val)
2025-10-07 12:44:59 - evaluator.prediction_analyzer - INFO - __exit__:128 - Completed: Prediction analysis (val) (took 0.00s)
2025-10-07 12:44:59 - evaluator.prediction_analyzer - INFO - _log_analysis_summary:267 - === PREDICTION ANALYSIS SUMMARY (VAL) ===
2025-10-07 12:44:59 - evaluator.prediction_analyzer - INFO - _log_analysis_summary:276 - Ground truth items per example: avg=2.2, min=1, max=3
2025-10-07 12:44:59 - evaluator.prediction_analyzer - INFO - _log_analysis_summary:282 - Epoch range: 0 - 2
2025-10-07 12:44:59 - evaluator.prediction_analyzer - INFO - _log_analysis_summary:300 - Top-5: avg_hits=0.0, avg_recall=0.010, examples_with_hits=3/150
2025-10-07 12:44:59 - evaluator.prediction_analyzer - INFO - _log_analysis_summary:300 - Top-10: avg_hits=0.1, avg_recall=0.047, examples_with_hits=13/150
2025-10-07 12:44:59 - evaluator.prediction_analyzer - INFO - _log_analysis_summary:300 - Top-20: avg_hits=0.3, avg_recall=0.143, examples_with_hits=42/150
2025-10-07 12:44:59 - evaluator.prediction_analyzer - INFO - _save_analysis_to_file:382 - Saved prediction analysis to: pytorch_pipeline/outputs/prediction_analysis/predictions_val_grnn_20251007_124143.json
2025-10-07 12:44:59 - evaluator.prediction_analyzer - INFO - _save_summary_statistics:429 - Saved summary statistics to: pytorch_pipeline/outputs/prediction_analysis/summary_val_grnn_20251007_124143.csv
2025-10-07 12:44:59 - evaluator.evaluator - INFO - __enter__:121 - Starting: Computing val metrics
2025-10-07 12:44:59 - evaluator.evaluator - INFO - compute_ranking_metrics:559 - === VAL METRICS SUMMARY ===
2025-10-07 12:44:59 - evaluator.evaluator - INFO - compute_ranking_metrics:561 - recall@10: 0.0742
2025-10-07 12:44:59 - evaluator.evaluator - INFO - compute_ranking_metrics:561 - recall@20: 0.1541
2025-10-07 12:44:59 - evaluator.evaluator - INFO - compute_ranking_metrics:561 - ndcg@10: 0.0412
2025-10-07 12:44:59 - evaluator.evaluator - INFO - compute_ranking_metrics:561 - ndcg@20: 0.0624
2025-10-07 12:44:59 - evaluator.evaluator - INFO - compute_ranking_metrics:561 - hit_ratio@10: 0.1599
2025-10-07 12:44:59 - evaluator.evaluator - INFO - compute_ranking_metrics:561 - hit_ratio@20: 0.3136
2025-10-07 12:44:59 - evaluator.evaluator - INFO - compute_ranking_metrics:561 - precision@10: 0.0166
2025-10-07 12:44:59 - evaluator.evaluator - INFO - compute_ranking_metrics:561 - precision@20: 0.0171
2025-10-07 12:44:59 - evaluator.evaluator - INFO - compute_ranking_metrics:562 - ===================================
2025-10-07 12:44:59 - evaluator.evaluator - INFO - __exit__:128 - Completed: Computing val metrics (took 0.08s)
2025-10-07 12:44:59 - trainer.trainer - INFO - _evaluate_with_full_ranking:663 - VAL Loss: 0.6925
2025-10-07 12:44:59 - trainer.trainer - INFO - __exit__:128 - Completed: Evaluation (val) (took 27.54s)
2025-10-07 12:44:59 - trainer.trainer - INFO - log_training_metrics:163 - Epoch   2 [combined] - train_loss: 0.6930 | train_recall@10: 0.0755 | train_recall@20: 0.1432 | train_ndcg@10: 0.0497 | train_ndcg@20: 0.0718 | train_hit_ratio@10: 0.2668 | train_hit_ratio@20: 0.4568 | train_precision@10: 0.0300 | train_precision@20: 0.0284 | recall@10: 0.0742 | recall@20: 0.1541 | ndcg@10: 0.0412 | ndcg@20: 0.0624 | hit_ratio@10: 0.1599 | hit_ratio@20: 0.3136 | precision@10: 0.0166 | precision@20: 0.0171 | val_loss: 0.6925
2025-10-07 12:44:59 - trainer.trainer - INFO - _save_checkpoint:859 - Saved checkpoint: pytorch_pipeline/outputs/checkpoints/best_model.pth
2025-10-07 12:44:59 - trainer.trainer - INFO - _update_best_model:821 - New best model: recall@20=0.1541
2025-10-07 12:44:59 - trainer.trainer - INFO - _train_epoch:353 - Training metrics computation disabled
2025-10-07 12:44:59 - trainer.trainer - INFO - __enter__:121 - Starting: Training epoch 3
2025-10-07 12:45:33 - trainer.trainer - INFO - __exit__:128 - Completed: Training epoch 3 (took 34.02s)
2025-10-07 12:45:33 - trainer.trainer - INFO - _train_epoch:417 - Computing training ranking metrics from 1668 user-basket pairs
2025-10-07 12:45:37 - evaluator.evaluator - INFO - __enter__:121 - Starting: Computing train metrics
2025-10-07 12:45:37 - evaluator.evaluator - INFO - compute_ranking_metrics:559 - === TRAIN METRICS SUMMARY ===
2025-10-07 12:45:37 - evaluator.evaluator - INFO - compute_ranking_metrics:561 - recall@10: 0.0918
2025-10-07 12:45:37 - evaluator.evaluator - INFO - compute_ranking_metrics:561 - recall@20: 0.1569
2025-10-07 12:45:37 - evaluator.evaluator - INFO - compute_ranking_metrics:561 - ndcg@10: 0.0603
2025-10-07 12:45:37 - evaluator.evaluator - INFO - compute_ranking_metrics:561 - ndcg@20: 0.0815
2025-10-07 12:45:37 - evaluator.evaluator - INFO - compute_ranking_metrics:561 - hit_ratio@10: 0.3177
2025-10-07 12:45:37 - evaluator.evaluator - INFO - compute_ranking_metrics:561 - hit_ratio@20: 0.4940
2025-10-07 12:45:37 - evaluator.evaluator - INFO - compute_ranking_metrics:561 - precision@10: 0.0363
2025-10-07 12:45:37 - evaluator.evaluator - INFO - compute_ranking_metrics:561 - precision@20: 0.0311
2025-10-07 12:45:37 - evaluator.evaluator - INFO - compute_ranking_metrics:562 - ===================================
2025-10-07 12:45:37 - evaluator.evaluator - INFO - __exit__:128 - Completed: Computing train metrics (took 0.08s)
2025-10-07 12:45:37 - trainer.trainer - INFO - _train_epoch:424 - Training metrics computed: ['recall@10', 'recall@20', 'ndcg@10', 'ndcg@20', 'hit_ratio@10', 'hit_ratio@20', 'precision@10', 'precision@20']
2025-10-07 12:45:37 - trainer.trainer - INFO - __enter__:121 - Starting: Evaluation (val)
2025-10-07 12:45:38 - trainer.trainer - INFO - _evaluate_with_full_ranking:546 - Built training item mapping for 1668 users
2025-10-07 12:46:03 - trainer.trainer - INFO - _evaluate_with_full_ranking:578 - Found 1757 unique user-basket pairs for evaluation
2025-10-07 12:46:05 - evaluator.prediction_analyzer - INFO - analyze_predictions:161 - Analyzing predictions for 1757 examples (val mode)
2025-10-07 12:46:05 - evaluator.prediction_analyzer - INFO - __enter__:121 - Starting: Prediction analysis (val)
2025-10-07 12:46:05 - evaluator.prediction_analyzer - INFO - __exit__:128 - Completed: Prediction analysis (val) (took 0.00s)
2025-10-07 12:46:05 - evaluator.prediction_analyzer - INFO - _log_analysis_summary:267 - === PREDICTION ANALYSIS SUMMARY (VAL) ===
2025-10-07 12:46:05 - evaluator.prediction_analyzer - INFO - _log_analysis_summary:276 - Ground truth items per example: avg=2.2, min=1, max=3
2025-10-07 12:46:05 - evaluator.prediction_analyzer - INFO - _log_analysis_summary:282 - Epoch range: 0 - 3
2025-10-07 12:46:05 - evaluator.prediction_analyzer - INFO - _log_analysis_summary:300 - Top-5: avg_hits=0.0, avg_recall=0.020, examples_with_hits=7/200
2025-10-07 12:46:05 - evaluator.prediction_analyzer - INFO - _log_analysis_summary:300 - Top-10: avg_hits=0.1, avg_recall=0.054, examples_with_hits=20/200
2025-10-07 12:46:05 - evaluator.prediction_analyzer - INFO - _log_analysis_summary:300 - Top-20: avg_hits=0.3, avg_recall=0.147, examples_with_hits=57/200
2025-10-07 12:46:05 - evaluator.prediction_analyzer - INFO - _save_analysis_to_file:382 - Saved prediction analysis to: pytorch_pipeline/outputs/prediction_analysis/predictions_val_grnn_20251007_124143.json
2025-10-07 12:46:05 - evaluator.prediction_analyzer - INFO - _save_summary_statistics:429 - Saved summary statistics to: pytorch_pipeline/outputs/prediction_analysis/summary_val_grnn_20251007_124143.csv
2025-10-07 12:46:05 - evaluator.evaluator - INFO - __enter__:121 - Starting: Computing val metrics
2025-10-07 12:46:05 - evaluator.evaluator - INFO - compute_ranking_metrics:559 - === VAL METRICS SUMMARY ===
2025-10-07 12:46:05 - evaluator.evaluator - INFO - compute_ranking_metrics:561 - recall@10: 0.1046
2025-10-07 12:46:05 - evaluator.evaluator - INFO - compute_ranking_metrics:561 - recall@20: 0.1746
2025-10-07 12:46:05 - evaluator.evaluator - INFO - compute_ranking_metrics:561 - ndcg@10: 0.0598
2025-10-07 12:46:05 - evaluator.evaluator - INFO - compute_ranking_metrics:561 - ndcg@20: 0.0784
2025-10-07 12:46:05 - evaluator.evaluator - INFO - compute_ranking_metrics:561 - hit_ratio@10: 0.2168
2025-10-07 12:46:05 - evaluator.evaluator - INFO - compute_ranking_metrics:561 - hit_ratio@20: 0.3512
2025-10-07 12:46:05 - evaluator.evaluator - INFO - compute_ranking_metrics:561 - precision@10: 0.0234
2025-10-07 12:46:05 - evaluator.evaluator - INFO - compute_ranking_metrics:561 - precision@20: 0.0194
2025-10-07 12:46:05 - evaluator.evaluator - INFO - compute_ranking_metrics:562 - ===================================
2025-10-07 12:46:05 - evaluator.evaluator - INFO - __exit__:128 - Completed: Computing val metrics (took 0.08s)
2025-10-07 12:46:05 - trainer.trainer - INFO - _evaluate_with_full_ranking:663 - VAL Loss: 0.6921
2025-10-07 12:46:05 - trainer.trainer - INFO - __exit__:128 - Completed: Evaluation (val) (took 27.82s)
2025-10-07 12:46:05 - trainer.trainer - INFO - log_training_metrics:163 - Epoch   3 [combined] - train_loss: 0.6929 | train_recall@10: 0.0918 | train_recall@20: 0.1569 | train_ndcg@10: 0.0603 | train_ndcg@20: 0.0815 | train_hit_ratio@10: 0.3177 | train_hit_ratio@20: 0.4940 | train_precision@10: 0.0363 | train_precision@20: 0.0311 | recall@10: 0.1046 | recall@20: 0.1746 | ndcg@10: 0.0598 | ndcg@20: 0.0784 | hit_ratio@10: 0.2168 | hit_ratio@20: 0.3512 | precision@10: 0.0234 | precision@20: 0.0194 | val_loss: 0.6921
2025-10-07 12:46:05 - trainer.trainer - INFO - _save_checkpoint:859 - Saved checkpoint: pytorch_pipeline/outputs/checkpoints/best_model.pth
2025-10-07 12:46:05 - trainer.trainer - INFO - _update_best_model:821 - New best model: recall@20=0.1746
2025-10-07 12:46:05 - trainer.trainer - INFO - _train_epoch:353 - Training metrics computation disabled
2025-10-07 12:46:05 - trainer.trainer - INFO - __enter__:121 - Starting: Training epoch 4
2025-10-07 12:46:42 - trainer.trainer - INFO - __exit__:128 - Completed: Training epoch 4 (took 36.98s)
2025-10-07 12:46:42 - trainer.trainer - INFO - _train_epoch:417 - Computing training ranking metrics from 1668 user-basket pairs
2025-10-07 12:46:47 - evaluator.evaluator - INFO - __enter__:121 - Starting: Computing train metrics
2025-10-07 12:46:47 - evaluator.evaluator - INFO - compute_ranking_metrics:559 - === TRAIN METRICS SUMMARY ===
2025-10-07 12:46:47 - evaluator.evaluator - INFO - compute_ranking_metrics:561 - recall@10: 0.1048
2025-10-07 12:46:47 - evaluator.evaluator - INFO - compute_ranking_metrics:561 - recall@20: 0.1769
2025-10-07 12:46:47 - evaluator.evaluator - INFO - compute_ranking_metrics:561 - ndcg@10: 0.0724
2025-10-07 12:46:47 - evaluator.evaluator - INFO - compute_ranking_metrics:561 - ndcg@20: 0.0958
2025-10-07 12:46:47 - evaluator.evaluator - INFO - compute_ranking_metrics:561 - hit_ratio@10: 0.3681
2025-10-07 12:46:47 - evaluator.evaluator - INFO - compute_ranking_metrics:561 - hit_ratio@20: 0.5510
2025-10-07 12:46:47 - evaluator.evaluator - INFO - compute_ranking_metrics:561 - precision@10: 0.0414
2025-10-07 12:46:47 - evaluator.evaluator - INFO - compute_ranking_metrics:561 - precision@20: 0.0350
2025-10-07 12:46:47 - evaluator.evaluator - INFO - compute_ranking_metrics:562 - ===================================
2025-10-07 12:46:47 - evaluator.evaluator - INFO - __exit__:128 - Completed: Computing train metrics (took 0.08s)
2025-10-07 12:46:47 - trainer.trainer - INFO - _train_epoch:424 - Training metrics computed: ['recall@10', 'recall@20', 'ndcg@10', 'ndcg@20', 'hit_ratio@10', 'hit_ratio@20', 'precision@10', 'precision@20']
2025-10-07 12:46:47 - trainer.trainer - INFO - __enter__:121 - Starting: Evaluation (val)
2025-10-07 12:46:47 - trainer.trainer - INFO - _evaluate_with_full_ranking:546 - Built training item mapping for 1668 users
2025-10-07 12:47:12 - trainer.trainer - INFO - _evaluate_with_full_ranking:578 - Found 1757 unique user-basket pairs for evaluation
2025-10-07 12:47:14 - evaluator.prediction_analyzer - INFO - analyze_predictions:161 - Analyzing predictions for 1757 examples (val mode)
2025-10-07 12:47:14 - evaluator.prediction_analyzer - INFO - __enter__:121 - Starting: Prediction analysis (val)
2025-10-07 12:47:14 - evaluator.prediction_analyzer - INFO - __exit__:128 - Completed: Prediction analysis (val) (took 0.00s)
2025-10-07 12:47:14 - evaluator.prediction_analyzer - INFO - _log_analysis_summary:267 - === PREDICTION ANALYSIS SUMMARY (VAL) ===
2025-10-07 12:47:14 - evaluator.prediction_analyzer - INFO - _log_analysis_summary:276 - Ground truth items per example: avg=2.2, min=1, max=3
2025-10-07 12:47:14 - evaluator.prediction_analyzer - INFO - _log_analysis_summary:282 - Epoch range: 0 - 4
2025-10-07 12:47:14 - evaluator.prediction_analyzer - INFO - _log_analysis_summary:300 - Top-5: avg_hits=0.1, avg_recall=0.026, examples_with_hits=11/250
2025-10-07 12:47:14 - evaluator.prediction_analyzer - INFO - _log_analysis_summary:300 - Top-10: avg_hits=0.1, avg_recall=0.061, examples_with_hits=29/250
2025-10-07 12:47:14 - evaluator.prediction_analyzer - INFO - _log_analysis_summary:300 - Top-20: avg_hits=0.4, avg_recall=0.167, examples_with_hits=80/250
2025-10-07 12:47:14 - evaluator.prediction_analyzer - INFO - _save_analysis_to_file:382 - Saved prediction analysis to: pytorch_pipeline/outputs/prediction_analysis/predictions_val_grnn_20251007_124143.json
2025-10-07 12:47:14 - evaluator.prediction_analyzer - INFO - _save_summary_statistics:429 - Saved summary statistics to: pytorch_pipeline/outputs/prediction_analysis/summary_val_grnn_20251007_124143.csv
2025-10-07 12:47:14 - evaluator.evaluator - INFO - __enter__:121 - Starting: Computing val metrics
2025-10-07 12:47:14 - evaluator.evaluator - INFO - compute_ranking_metrics:559 - === VAL METRICS SUMMARY ===
2025-10-07 12:47:14 - evaluator.evaluator - INFO - compute_ranking_metrics:561 - recall@10: 0.1338
2025-10-07 12:47:14 - evaluator.evaluator - INFO - compute_ranking_metrics:561 - recall@20: 0.2076
2025-10-07 12:47:14 - evaluator.evaluator - INFO - compute_ranking_metrics:561 - ndcg@10: 0.0789
2025-10-07 12:47:14 - evaluator.evaluator - INFO - compute_ranking_metrics:561 - ndcg@20: 0.0987
2025-10-07 12:47:14 - evaluator.evaluator - INFO - compute_ranking_metrics:561 - hit_ratio@10: 0.2709
2025-10-07 12:47:14 - evaluator.evaluator - INFO - compute_ranking_metrics:561 - hit_ratio@20: 0.4069
2025-10-07 12:47:14 - evaluator.evaluator - INFO - compute_ranking_metrics:561 - precision@10: 0.0298
2025-10-07 12:47:14 - evaluator.evaluator - INFO - compute_ranking_metrics:561 - precision@20: 0.0230
2025-10-07 12:47:14 - evaluator.evaluator - INFO - compute_ranking_metrics:562 - ===================================
2025-10-07 12:47:14 - evaluator.evaluator - INFO - __exit__:128 - Completed: Computing val metrics (took 0.08s)
2025-10-07 12:47:14 - trainer.trainer - INFO - _evaluate_with_full_ranking:663 - VAL Loss: 0.6917
2025-10-07 12:47:14 - trainer.trainer - INFO - __exit__:128 - Completed: Evaluation (val) (took 27.65s)
2025-10-07 12:47:14 - trainer.trainer - INFO - log_training_metrics:163 - Epoch   4 [combined] - train_loss: 0.6925 | train_recall@10: 0.1048 | train_recall@20: 0.1769 | train_ndcg@10: 0.0724 | train_ndcg@20: 0.0958 | train_hit_ratio@10: 0.3681 | train_hit_ratio@20: 0.5510 | train_precision@10: 0.0414 | train_precision@20: 0.0350 | recall@10: 0.1338 | recall@20: 0.2076 | ndcg@10: 0.0789 | ndcg@20: 0.0987 | hit_ratio@10: 0.2709 | hit_ratio@20: 0.4069 | precision@10: 0.0298 | precision@20: 0.0230 | val_loss: 0.6917
2025-10-07 12:47:14 - trainer.trainer - INFO - _save_checkpoint:859 - Saved checkpoint: pytorch_pipeline/outputs/checkpoints/best_model.pth
2025-10-07 12:47:14 - trainer.trainer - INFO - _update_best_model:821 - New best model: recall@20=0.2076
2025-10-07 12:47:14 - trainer.trainer - INFO - _train_epoch:353 - Training metrics computation disabled
2025-10-07 12:47:14 - trainer.trainer - INFO - __enter__:121 - Starting: Training epoch 5
2025-10-07 12:47:47 - trainer.trainer - INFO - __exit__:128 - Completed: Training epoch 5 (took 32.66s)
2025-10-07 12:47:47 - trainer.trainer - INFO - _train_epoch:417 - Computing training ranking metrics from 1668 user-basket pairs
2025-10-07 12:47:52 - evaluator.evaluator - INFO - __enter__:121 - Starting: Computing train metrics
2025-10-07 12:47:52 - evaluator.evaluator - INFO - compute_ranking_metrics:559 - === TRAIN METRICS SUMMARY ===
2025-10-07 12:47:52 - evaluator.evaluator - INFO - compute_ranking_metrics:561 - recall@10: 0.1138
2025-10-07 12:47:52 - evaluator.evaluator - INFO - compute_ranking_metrics:561 - recall@20: 0.2057
2025-10-07 12:47:52 - evaluator.evaluator - INFO - compute_ranking_metrics:561 - ndcg@10: 0.0831
2025-10-07 12:47:52 - evaluator.evaluator - INFO - compute_ranking_metrics:561 - ndcg@20: 0.1128
2025-10-07 12:47:52 - evaluator.evaluator - INFO - compute_ranking_metrics:561 - hit_ratio@10: 0.3951
2025-10-07 12:47:52 - evaluator.evaluator - INFO - compute_ranking_metrics:561 - hit_ratio@20: 0.6193
2025-10-07 12:47:52 - evaluator.evaluator - INFO - compute_ranking_metrics:561 - precision@10: 0.0450
2025-10-07 12:47:52 - evaluator.evaluator - INFO - compute_ranking_metrics:561 - precision@20: 0.0408
2025-10-07 12:47:52 - evaluator.evaluator - INFO - compute_ranking_metrics:562 - ===================================
2025-10-07 12:47:52 - evaluator.evaluator - INFO - __exit__:128 - Completed: Computing train metrics (took 0.08s)
2025-10-07 12:47:52 - trainer.trainer - INFO - _train_epoch:424 - Training metrics computed: ['recall@10', 'recall@20', 'ndcg@10', 'ndcg@20', 'hit_ratio@10', 'hit_ratio@20', 'precision@10', 'precision@20']
2025-10-07 12:47:52 - trainer.trainer - INFO - __enter__:121 - Starting: Evaluation (val)
2025-10-07 12:47:52 - trainer.trainer - INFO - _evaluate_with_full_ranking:546 - Built training item mapping for 1668 users
2025-10-07 12:48:17 - trainer.trainer - INFO - _evaluate_with_full_ranking:578 - Found 1757 unique user-basket pairs for evaluation
2025-10-07 12:48:20 - evaluator.prediction_analyzer - INFO - analyze_predictions:161 - Analyzing predictions for 1757 examples (val mode)
2025-10-07 12:48:20 - evaluator.prediction_analyzer - INFO - __enter__:121 - Starting: Prediction analysis (val)
2025-10-07 12:48:20 - evaluator.prediction_analyzer - INFO - __exit__:128 - Completed: Prediction analysis (val) (took 0.00s)
2025-10-07 12:48:20 - evaluator.prediction_analyzer - INFO - _log_analysis_summary:267 - === PREDICTION ANALYSIS SUMMARY (VAL) ===
2025-10-07 12:48:20 - evaluator.prediction_analyzer - INFO - _log_analysis_summary:276 - Ground truth items per example: avg=2.2, min=1, max=3
2025-10-07 12:48:20 - evaluator.prediction_analyzer - INFO - _log_analysis_summary:282 - Epoch range: 0 - 5
2025-10-07 12:48:20 - evaluator.prediction_analyzer - INFO - _log_analysis_summary:300 - Top-5: avg_hits=0.1, avg_recall=0.036, examples_with_hits=19/300
2025-10-07 12:48:20 - evaluator.prediction_analyzer - INFO - _log_analysis_summary:300 - Top-10: avg_hits=0.1, avg_recall=0.071, examples_with_hits=41/300
2025-10-07 12:48:20 - evaluator.prediction_analyzer - INFO - _log_analysis_summary:300 - Top-20: avg_hits=0.4, avg_recall=0.188, examples_with_hits=105/300
2025-10-07 12:48:20 - evaluator.prediction_analyzer - INFO - _save_analysis_to_file:382 - Saved prediction analysis to: pytorch_pipeline/outputs/prediction_analysis/predictions_val_grnn_20251007_124143.json
2025-10-07 12:48:20 - evaluator.prediction_analyzer - INFO - _save_summary_statistics:429 - Saved summary statistics to: pytorch_pipeline/outputs/prediction_analysis/summary_val_grnn_20251007_124143.csv
2025-10-07 12:48:20 - evaluator.evaluator - INFO - __enter__:121 - Starting: Computing val metrics
2025-10-07 12:48:20 - evaluator.evaluator - INFO - compute_ranking_metrics:559 - === VAL METRICS SUMMARY ===
2025-10-07 12:48:20 - evaluator.evaluator - INFO - compute_ranking_metrics:561 - recall@10: 0.1510
2025-10-07 12:48:20 - evaluator.evaluator - INFO - compute_ranking_metrics:561 - recall@20: 0.2750
2025-10-07 12:48:20 - evaluator.evaluator - INFO - compute_ranking_metrics:561 - ndcg@10: 0.0943
2025-10-07 12:48:20 - evaluator.evaluator - INFO - compute_ranking_metrics:561 - ndcg@20: 0.1269
2025-10-07 12:48:20 - evaluator.evaluator - INFO - compute_ranking_metrics:561 - hit_ratio@10: 0.3017
2025-10-07 12:48:20 - evaluator.evaluator - INFO - compute_ranking_metrics:561 - hit_ratio@20: 0.5026
2025-10-07 12:48:20 - evaluator.evaluator - INFO - compute_ranking_metrics:561 - precision@10: 0.0336
2025-10-07 12:48:20 - evaluator.evaluator - INFO - compute_ranking_metrics:561 - precision@20: 0.0301
2025-10-07 12:48:20 - evaluator.evaluator - INFO - compute_ranking_metrics:562 - ===================================
2025-10-07 12:48:20 - evaluator.evaluator - INFO - __exit__:128 - Completed: Computing val metrics (took 0.09s)
2025-10-07 12:48:20 - trainer.trainer - INFO - _evaluate_with_full_ranking:663 - VAL Loss: 0.6909
2025-10-07 12:48:20 - trainer.trainer - INFO - __exit__:128 - Completed: Evaluation (val) (took 27.73s)
2025-10-07 12:48:20 - trainer.trainer - INFO - log_training_metrics:163 - Epoch   5 [combined] - train_loss: 0.6922 | train_recall@10: 0.1138 | train_recall@20: 0.2057 | train_ndcg@10: 0.0831 | train_ndcg@20: 0.1128 | train_hit_ratio@10: 0.3951 | train_hit_ratio@20: 0.6193 | train_precision@10: 0.0450 | train_precision@20: 0.0408 | recall@10: 0.1510 | recall@20: 0.2750 | ndcg@10: 0.0943 | ndcg@20: 0.1269 | hit_ratio@10: 0.3017 | hit_ratio@20: 0.5026 | precision@10: 0.0336 | precision@20: 0.0301 | val_loss: 0.6909
2025-10-07 12:48:20 - trainer.trainer - INFO - _save_checkpoint:859 - Saved checkpoint: pytorch_pipeline/outputs/checkpoints/best_model.pth
2025-10-07 12:48:20 - trainer.trainer - INFO - _update_best_model:821 - New best model: recall@20=0.2750
2025-10-07 12:48:20 - trainer.trainer - INFO - _train_epoch:353 - Training metrics computation disabled
2025-10-07 12:48:20 - trainer.trainer - INFO - __enter__:121 - Starting: Training epoch 6
2025-10-07 12:48:53 - trainer.trainer - INFO - __exit__:128 - Completed: Training epoch 6 (took 33.01s)
2025-10-07 12:48:53 - trainer.trainer - INFO - _train_epoch:417 - Computing training ranking metrics from 1668 user-basket pairs
2025-10-07 12:48:57 - evaluator.evaluator - INFO - __enter__:121 - Starting: Computing train metrics
2025-10-07 12:48:57 - evaluator.evaluator - INFO - compute_ranking_metrics:559 - === TRAIN METRICS SUMMARY ===
2025-10-07 12:48:57 - evaluator.evaluator - INFO - compute_ranking_metrics:561 - recall@10: 0.1300
2025-10-07 12:48:57 - evaluator.evaluator - INFO - compute_ranking_metrics:561 - recall@20: 0.2264
2025-10-07 12:48:57 - evaluator.evaluator - INFO - compute_ranking_metrics:561 - ndcg@10: 0.0948
2025-10-07 12:48:57 - evaluator.evaluator - INFO - compute_ranking_metrics:561 - ndcg@20: 0.1266
2025-10-07 12:48:57 - evaluator.evaluator - INFO - compute_ranking_metrics:561 - hit_ratio@10: 0.4436
2025-10-07 12:48:57 - evaluator.evaluator - INFO - compute_ranking_metrics:561 - hit_ratio@20: 0.6649
2025-10-07 12:48:57 - evaluator.evaluator - INFO - compute_ranking_metrics:561 - precision@10: 0.0516
2025-10-07 12:48:57 - evaluator.evaluator - INFO - compute_ranking_metrics:561 - precision@20: 0.0448
2025-10-07 12:48:57 - evaluator.evaluator - INFO - compute_ranking_metrics:562 - ===================================
2025-10-07 12:48:57 - evaluator.evaluator - INFO - __exit__:128 - Completed: Computing train metrics (took 0.08s)
2025-10-07 12:48:57 - trainer.trainer - INFO - _train_epoch:424 - Training metrics computed: ['recall@10', 'recall@20', 'ndcg@10', 'ndcg@20', 'hit_ratio@10', 'hit_ratio@20', 'precision@10', 'precision@20']
2025-10-07 12:48:57 - trainer.trainer - INFO - __enter__:121 - Starting: Evaluation (val)
2025-10-07 12:48:57 - trainer.trainer - INFO - _evaluate_with_full_ranking:546 - Built training item mapping for 1668 users
2025-10-07 12:49:22 - trainer.trainer - INFO - _evaluate_with_full_ranking:578 - Found 1757 unique user-basket pairs for evaluation
2025-10-07 12:49:25 - evaluator.prediction_analyzer - INFO - analyze_predictions:161 - Analyzing predictions for 1757 examples (val mode)
2025-10-07 12:49:25 - evaluator.prediction_analyzer - INFO - __enter__:121 - Starting: Prediction analysis (val)
2025-10-07 12:49:25 - evaluator.prediction_analyzer - INFO - __exit__:128 - Completed: Prediction analysis (val) (took 0.00s)
2025-10-07 12:49:25 - evaluator.prediction_analyzer - INFO - _log_analysis_summary:267 - === PREDICTION ANALYSIS SUMMARY (VAL) ===
2025-10-07 12:49:25 - evaluator.prediction_analyzer - INFO - _log_analysis_summary:276 - Ground truth items per example: avg=2.2, min=1, max=3
2025-10-07 12:49:25 - evaluator.prediction_analyzer - INFO - _log_analysis_summary:282 - Epoch range: 0 - 6
2025-10-07 12:49:25 - evaluator.prediction_analyzer - INFO - _log_analysis_summary:300 - Top-5: avg_hits=0.1, avg_recall=0.043, examples_with_hits=28/350
2025-10-07 12:49:25 - evaluator.prediction_analyzer - INFO - _log_analysis_summary:300 - Top-10: avg_hits=0.2, avg_recall=0.085, examples_with_hits=58/350
2025-10-07 12:49:25 - evaluator.prediction_analyzer - INFO - _log_analysis_summary:300 - Top-20: avg_hits=0.5, avg_recall=0.219, examples_with_hits=138/350
2025-10-07 12:49:25 - evaluator.prediction_analyzer - INFO - _save_analysis_to_file:382 - Saved prediction analysis to: pytorch_pipeline/outputs/prediction_analysis/predictions_val_grnn_20251007_124143.json
2025-10-07 12:49:25 - evaluator.prediction_analyzer - INFO - _save_summary_statistics:429 - Saved summary statistics to: pytorch_pipeline/outputs/prediction_analysis/summary_val_grnn_20251007_124143.csv
2025-10-07 12:49:25 - evaluator.evaluator - INFO - __enter__:121 - Starting: Computing val metrics
2025-10-07 12:49:25 - evaluator.evaluator - INFO - compute_ranking_metrics:559 - === VAL METRICS SUMMARY ===
2025-10-07 12:49:25 - evaluator.evaluator - INFO - compute_ranking_metrics:561 - recall@10: 0.1920
2025-10-07 12:49:25 - evaluator.evaluator - INFO - compute_ranking_metrics:561 - recall@20: 0.3297
2025-10-07 12:49:25 - evaluator.evaluator - INFO - compute_ranking_metrics:561 - ndcg@10: 0.1173
2025-10-07 12:49:25 - evaluator.evaluator - INFO - compute_ranking_metrics:561 - ndcg@20: 0.1548
2025-10-07 12:49:25 - evaluator.evaluator - INFO - compute_ranking_metrics:561 - hit_ratio@10: 0.3756
2025-10-07 12:49:25 - evaluator.evaluator - INFO - compute_ranking_metrics:561 - hit_ratio@20: 0.5766
2025-10-07 12:49:25 - evaluator.evaluator - INFO - compute_ranking_metrics:561 - precision@10: 0.0423
2025-10-07 12:49:25 - evaluator.evaluator - INFO - compute_ranking_metrics:561 - precision@20: 0.0359
2025-10-07 12:49:25 - evaluator.evaluator - INFO - compute_ranking_metrics:562 - ===================================
2025-10-07 12:49:25 - evaluator.evaluator - INFO - __exit__:128 - Completed: Computing val metrics (took 0.08s)
2025-10-07 12:49:25 - trainer.trainer - INFO - _evaluate_with_full_ranking:663 - VAL Loss: 0.6896
2025-10-07 12:49:25 - trainer.trainer - INFO - __exit__:128 - Completed: Evaluation (val) (took 27.49s)
2025-10-07 12:49:25 - trainer.trainer - INFO - log_training_metrics:163 - Epoch   6 [combined] - train_loss: 0.6917 | train_recall@10: 0.1300 | train_recall@20: 0.2264 | train_ndcg@10: 0.0948 | train_ndcg@20: 0.1266 | train_hit_ratio@10: 0.4436 | train_hit_ratio@20: 0.6649 | train_precision@10: 0.0516 | train_precision@20: 0.0448 | recall@10: 0.1920 | recall@20: 0.3297 | ndcg@10: 0.1173 | ndcg@20: 0.1548 | hit_ratio@10: 0.3756 | hit_ratio@20: 0.5766 | precision@10: 0.0423 | precision@20: 0.0359 | val_loss: 0.6896
2025-10-07 12:49:25 - trainer.trainer - INFO - _save_checkpoint:859 - Saved checkpoint: pytorch_pipeline/outputs/checkpoints/best_model.pth
2025-10-07 12:49:25 - trainer.trainer - INFO - _update_best_model:821 - New best model: recall@20=0.3297
2025-10-07 12:49:25 - trainer.trainer - INFO - _train_epoch:353 - Training metrics computation disabled
2025-10-07 12:49:25 - trainer.trainer - INFO - __enter__:121 - Starting: Training epoch 7
2025-10-07 12:49:58 - trainer.trainer - INFO - __exit__:128 - Completed: Training epoch 7 (took 33.39s)
2025-10-07 12:49:58 - trainer.trainer - INFO - _train_epoch:417 - Computing training ranking metrics from 1668 user-basket pairs
2025-10-07 12:50:03 - evaluator.evaluator - INFO - __enter__:121 - Starting: Computing train metrics
2025-10-07 12:50:03 - evaluator.evaluator - INFO - compute_ranking_metrics:559 - === TRAIN METRICS SUMMARY ===
2025-10-07 12:50:03 - evaluator.evaluator - INFO - compute_ranking_metrics:561 - recall@10: 0.1570
2025-10-07 12:50:03 - evaluator.evaluator - INFO - compute_ranking_metrics:561 - recall@20: 0.2378
2025-10-07 12:50:03 - evaluator.evaluator - INFO - compute_ranking_metrics:561 - ndcg@10: 0.1085
2025-10-07 12:50:03 - evaluator.evaluator - INFO - compute_ranking_metrics:561 - ndcg@20: 0.1354
2025-10-07 12:50:03 - evaluator.evaluator - INFO - compute_ranking_metrics:561 - hit_ratio@10: 0.5150
2025-10-07 12:50:03 - evaluator.evaluator - INFO - compute_ranking_metrics:561 - hit_ratio@20: 0.6894
2025-10-07 12:50:03 - evaluator.evaluator - INFO - compute_ranking_metrics:561 - precision@10: 0.0621
2025-10-07 12:50:03 - evaluator.evaluator - INFO - compute_ranking_metrics:561 - precision@20: 0.0471
2025-10-07 12:50:03 - evaluator.evaluator - INFO - compute_ranking_metrics:562 - ===================================
2025-10-07 12:50:03 - evaluator.evaluator - INFO - __exit__:128 - Completed: Computing train metrics (took 0.08s)
2025-10-07 12:50:03 - trainer.trainer - INFO - _train_epoch:424 - Training metrics computed: ['recall@10', 'recall@20', 'ndcg@10', 'ndcg@20', 'hit_ratio@10', 'hit_ratio@20', 'precision@10', 'precision@20']
2025-10-07 12:50:03 - trainer.trainer - INFO - __enter__:121 - Starting: Evaluation (val)
2025-10-07 12:50:03 - trainer.trainer - INFO - _evaluate_with_full_ranking:546 - Built training item mapping for 1668 users
2025-10-07 12:50:27 - trainer.trainer - INFO - _evaluate_with_full_ranking:578 - Found 1757 unique user-basket pairs for evaluation
2025-10-07 12:50:30 - evaluator.prediction_analyzer - INFO - analyze_predictions:161 - Analyzing predictions for 1757 examples (val mode)
2025-10-07 12:50:30 - evaluator.prediction_analyzer - INFO - __enter__:121 - Starting: Prediction analysis (val)
2025-10-07 12:50:30 - evaluator.prediction_analyzer - INFO - __exit__:128 - Completed: Prediction analysis (val) (took 0.00s)
2025-10-07 12:50:30 - evaluator.prediction_analyzer - INFO - _log_analysis_summary:267 - === PREDICTION ANALYSIS SUMMARY (VAL) ===
2025-10-07 12:50:30 - evaluator.prediction_analyzer - INFO - _log_analysis_summary:276 - Ground truth items per example: avg=2.2, min=1, max=3
2025-10-07 12:50:30 - evaluator.prediction_analyzer - INFO - _log_analysis_summary:282 - Epoch range: 0 - 7
2025-10-07 12:50:30 - evaluator.prediction_analyzer - INFO - _log_analysis_summary:300 - Top-5: avg_hits=0.1, avg_recall=0.049, examples_with_hits=37/400
2025-10-07 12:50:30 - evaluator.prediction_analyzer - INFO - _log_analysis_summary:300 - Top-10: avg_hits=0.2, avg_recall=0.107, examples_with_hits=82/400
2025-10-07 12:50:30 - evaluator.prediction_analyzer - INFO - _log_analysis_summary:300 - Top-20: avg_hits=0.5, avg_recall=0.244, examples_with_hits=173/400
2025-10-07 12:50:30 - evaluator.prediction_analyzer - INFO - _save_analysis_to_file:382 - Saved prediction analysis to: pytorch_pipeline/outputs/prediction_analysis/predictions_val_grnn_20251007_124143.json
2025-10-07 12:50:30 - evaluator.prediction_analyzer - INFO - _save_summary_statistics:429 - Saved summary statistics to: pytorch_pipeline/outputs/prediction_analysis/summary_val_grnn_20251007_124143.csv
2025-10-07 12:50:30 - evaluator.evaluator - INFO - __enter__:121 - Starting: Computing val metrics
2025-10-07 12:50:30 - evaluator.evaluator - INFO - compute_ranking_metrics:559 - === VAL METRICS SUMMARY ===
2025-10-07 12:50:30 - evaluator.evaluator - INFO - compute_ranking_metrics:561 - recall@10: 0.2614
2025-10-07 12:50:30 - evaluator.evaluator - INFO - compute_ranking_metrics:561 - recall@20: 0.3506
2025-10-07 12:50:30 - evaluator.evaluator - INFO - compute_ranking_metrics:561 - ndcg@10: 0.1433
2025-10-07 12:50:30 - evaluator.evaluator - INFO - compute_ranking_metrics:561 - ndcg@20: 0.1682
2025-10-07 12:50:30 - evaluator.evaluator - INFO - compute_ranking_metrics:561 - hit_ratio@10: 0.4815
2025-10-07 12:50:30 - evaluator.evaluator - INFO - compute_ranking_metrics:561 - hit_ratio@20: 0.6084
2025-10-07 12:50:30 - evaluator.evaluator - INFO - compute_ranking_metrics:561 - precision@10: 0.0569
2025-10-07 12:50:30 - evaluator.evaluator - INFO - compute_ranking_metrics:561 - precision@20: 0.0382
2025-10-07 12:50:30 - evaluator.evaluator - INFO - compute_ranking_metrics:562 - ===================================
2025-10-07 12:50:30 - evaluator.evaluator - INFO - __exit__:128 - Completed: Computing val metrics (took 0.08s)
2025-10-07 12:50:30 - trainer.trainer - INFO - _evaluate_with_full_ranking:663 - VAL Loss: 0.6872
2025-10-07 12:50:30 - trainer.trainer - INFO - __exit__:128 - Completed: Evaluation (val) (took 27.34s)
2025-10-07 12:50:30 - trainer.trainer - INFO - log_training_metrics:163 - Epoch   7 [combined] - train_loss: 0.6909 | train_recall@10: 0.1570 | train_recall@20: 0.2378 | train_ndcg@10: 0.1085 | train_ndcg@20: 0.1354 | train_hit_ratio@10: 0.5150 | train_hit_ratio@20: 0.6894 | train_precision@10: 0.0621 | train_precision@20: 0.0471 | recall@10: 0.2614 | recall@20: 0.3506 | ndcg@10: 0.1433 | ndcg@20: 0.1682 | hit_ratio@10: 0.4815 | hit_ratio@20: 0.6084 | precision@10: 0.0569 | precision@20: 0.0382 | val_loss: 0.6872
2025-10-07 12:50:30 - trainer.trainer - INFO - _save_checkpoint:859 - Saved checkpoint: pytorch_pipeline/outputs/checkpoints/best_model.pth
2025-10-07 12:50:30 - trainer.trainer - INFO - _update_best_model:821 - New best model: recall@20=0.3506
2025-10-07 12:50:30 - trainer.trainer - INFO - _train_epoch:353 - Training metrics computation disabled
2025-10-07 12:50:30 - trainer.trainer - INFO - __enter__:121 - Starting: Training epoch 8
2025-10-07 12:51:03 - trainer.trainer - INFO - __exit__:128 - Completed: Training epoch 8 (took 33.17s)
2025-10-07 12:51:03 - trainer.trainer - INFO - _train_epoch:417 - Computing training ranking metrics from 1668 user-basket pairs
2025-10-07 12:51:08 - evaluator.evaluator - INFO - __enter__:121 - Starting: Computing train metrics
2025-10-07 12:51:08 - evaluator.evaluator - INFO - compute_ranking_metrics:559 - === TRAIN METRICS SUMMARY ===
2025-10-07 12:51:08 - evaluator.evaluator - INFO - compute_ranking_metrics:561 - recall@10: 0.1579
2025-10-07 12:51:08 - evaluator.evaluator - INFO - compute_ranking_metrics:561 - recall@20: 0.2555
2025-10-07 12:51:08 - evaluator.evaluator - INFO - compute_ranking_metrics:561 - ndcg@10: 0.1157
2025-10-07 12:51:08 - evaluator.evaluator - INFO - compute_ranking_metrics:561 - ndcg@20: 0.1481
2025-10-07 12:51:08 - evaluator.evaluator - INFO - compute_ranking_metrics:561 - hit_ratio@10: 0.5156
2025-10-07 12:51:08 - evaluator.evaluator - INFO - compute_ranking_metrics:561 - hit_ratio@20: 0.7212
2025-10-07 12:51:08 - evaluator.evaluator - INFO - compute_ranking_metrics:561 - precision@10: 0.0626
2025-10-07 12:51:08 - evaluator.evaluator - INFO - compute_ranking_metrics:561 - precision@20: 0.0506
2025-10-07 12:51:08 - evaluator.evaluator - INFO - compute_ranking_metrics:562 - ===================================
2025-10-07 12:51:08 - evaluator.evaluator - INFO - __exit__:128 - Completed: Computing train metrics (took 0.08s)
2025-10-07 12:51:08 - trainer.trainer - INFO - _train_epoch:424 - Training metrics computed: ['recall@10', 'recall@20', 'ndcg@10', 'ndcg@20', 'hit_ratio@10', 'hit_ratio@20', 'precision@10', 'precision@20']
2025-10-07 12:51:08 - trainer.trainer - INFO - __enter__:121 - Starting: Evaluation (val)
2025-10-07 12:51:08 - trainer.trainer - INFO - _evaluate_with_full_ranking:546 - Built training item mapping for 1668 users
2025-10-07 12:51:33 - trainer.trainer - INFO - _evaluate_with_full_ranking:578 - Found 1757 unique user-basket pairs for evaluation
2025-10-07 12:51:35 - evaluator.prediction_analyzer - INFO - analyze_predictions:161 - Analyzing predictions for 1757 examples (val mode)
2025-10-07 12:51:35 - evaluator.prediction_analyzer - INFO - __enter__:121 - Starting: Prediction analysis (val)
2025-10-07 12:51:35 - evaluator.prediction_analyzer - INFO - __exit__:128 - Completed: Prediction analysis (val) (took 0.00s)
2025-10-07 12:51:35 - evaluator.prediction_analyzer - INFO - _log_analysis_summary:267 - === PREDICTION ANALYSIS SUMMARY (VAL) ===
2025-10-07 12:51:35 - evaluator.prediction_analyzer - INFO - _log_analysis_summary:276 - Ground truth items per example: avg=2.2, min=1, max=3
2025-10-07 12:51:35 - evaluator.prediction_analyzer - INFO - _log_analysis_summary:282 - Epoch range: 0 - 8
2025-10-07 12:51:35 - evaluator.prediction_analyzer - INFO - _log_analysis_summary:300 - Top-5: avg_hits=0.1, avg_recall=0.053, examples_with_hits=45/450
2025-10-07 12:51:35 - evaluator.prediction_analyzer - INFO - _log_analysis_summary:300 - Top-10: avg_hits=0.3, avg_recall=0.125, examples_with_hits=107/450
2025-10-07 12:51:35 - evaluator.prediction_analyzer - INFO - _log_analysis_summary:300 - Top-20: avg_hits=0.6, avg_recall=0.269, examples_with_hits=209/450
2025-10-07 12:51:35 - evaluator.prediction_analyzer - INFO - _save_analysis_to_file:382 - Saved prediction analysis to: pytorch_pipeline/outputs/prediction_analysis/predictions_val_grnn_20251007_124143.json
2025-10-07 12:51:35 - evaluator.prediction_analyzer - INFO - _save_summary_statistics:429 - Saved summary statistics to: pytorch_pipeline/outputs/prediction_analysis/summary_val_grnn_20251007_124143.csv
2025-10-07 12:51:35 - evaluator.evaluator - INFO - __enter__:121 - Starting: Computing val metrics
2025-10-07 12:51:35 - evaluator.evaluator - INFO - compute_ranking_metrics:559 - === VAL METRICS SUMMARY ===
2025-10-07 12:51:35 - evaluator.evaluator - INFO - compute_ranking_metrics:561 - recall@10: 0.2688
2025-10-07 12:51:35 - evaluator.evaluator - INFO - compute_ranking_metrics:561 - recall@20: 0.3748
2025-10-07 12:51:35 - evaluator.evaluator - INFO - compute_ranking_metrics:561 - ndcg@10: 0.1551
2025-10-07 12:51:35 - evaluator.evaluator - INFO - compute_ranking_metrics:561 - ndcg@20: 0.1847
2025-10-07 12:51:35 - evaluator.evaluator - INFO - compute_ranking_metrics:561 - hit_ratio@10: 0.4889
2025-10-07 12:51:35 - evaluator.evaluator - INFO - compute_ranking_metrics:561 - hit_ratio@20: 0.6363
2025-10-07 12:51:35 - evaluator.evaluator - INFO - compute_ranking_metrics:561 - precision@10: 0.0587
2025-10-07 12:51:35 - evaluator.evaluator - INFO - compute_ranking_metrics:561 - precision@20: 0.0411
2025-10-07 12:51:35 - evaluator.evaluator - INFO - compute_ranking_metrics:562 - ===================================
2025-10-07 12:51:35 - evaluator.evaluator - INFO - __exit__:128 - Completed: Computing val metrics (took 0.08s)
2025-10-07 12:51:35 - trainer.trainer - INFO - _evaluate_with_full_ranking:663 - VAL Loss: 0.6797
2025-10-07 12:51:35 - trainer.trainer - INFO - __exit__:128 - Completed: Evaluation (val) (took 27.42s)
2025-10-07 12:51:35 - trainer.trainer - INFO - log_training_metrics:163 - Epoch   8 [combined] - train_loss: 0.6892 | train_recall@10: 0.1579 | train_recall@20: 0.2555 | train_ndcg@10: 0.1157 | train_ndcg@20: 0.1481 | train_hit_ratio@10: 0.5156 | train_hit_ratio@20: 0.7212 | train_precision@10: 0.0626 | train_precision@20: 0.0506 | recall@10: 0.2688 | recall@20: 0.3748 | ndcg@10: 0.1551 | ndcg@20: 0.1847 | hit_ratio@10: 0.4889 | hit_ratio@20: 0.6363 | precision@10: 0.0587 | precision@20: 0.0411 | val_loss: 0.6797
2025-10-07 12:51:35 - trainer.trainer - INFO - _save_checkpoint:859 - Saved checkpoint: pytorch_pipeline/outputs/checkpoints/best_model.pth
2025-10-07 12:51:35 - trainer.trainer - INFO - _update_best_model:821 - New best model: recall@20=0.3748
2025-10-07 12:51:35 - trainer.trainer - INFO - _train_epoch:353 - Training metrics computation disabled
2025-10-07 12:51:35 - trainer.trainer - INFO - __enter__:121 - Starting: Training epoch 9
2025-10-07 12:52:08 - trainer.trainer - INFO - __exit__:128 - Completed: Training epoch 9 (took 32.82s)
2025-10-07 12:52:08 - trainer.trainer - INFO - _train_epoch:417 - Computing training ranking metrics from 1668 user-basket pairs
2025-10-07 12:52:12 - evaluator.evaluator - INFO - __enter__:121 - Starting: Computing train metrics
2025-10-07 12:52:12 - evaluator.evaluator - INFO - compute_ranking_metrics:559 - === TRAIN METRICS SUMMARY ===
2025-10-07 12:52:12 - evaluator.evaluator - INFO - compute_ranking_metrics:561 - recall@10: 0.1748
2025-10-07 12:52:12 - evaluator.evaluator - INFO - compute_ranking_metrics:561 - recall@20: 0.2687
2025-10-07 12:52:12 - evaluator.evaluator - INFO - compute_ranking_metrics:561 - ndcg@10: 0.1218
2025-10-07 12:52:12 - evaluator.evaluator - INFO - compute_ranking_metrics:561 - ndcg@20: 0.1522
2025-10-07 12:52:12 - evaluator.evaluator - INFO - compute_ranking_metrics:561 - hit_ratio@10: 0.5629
2025-10-07 12:52:12 - evaluator.evaluator - INFO - compute_ranking_metrics:561 - hit_ratio@20: 0.7428
2025-10-07 12:52:12 - evaluator.evaluator - INFO - compute_ranking_metrics:561 - precision@10: 0.0692
2025-10-07 12:52:12 - evaluator.evaluator - INFO - compute_ranking_metrics:561 - precision@20: 0.0532
2025-10-07 12:52:12 - evaluator.evaluator - INFO - compute_ranking_metrics:562 - ===================================
2025-10-07 12:52:12 - evaluator.evaluator - INFO - __exit__:128 - Completed: Computing train metrics (took 0.08s)
2025-10-07 12:52:12 - trainer.trainer - INFO - _train_epoch:424 - Training metrics computed: ['recall@10', 'recall@20', 'ndcg@10', 'ndcg@20', 'hit_ratio@10', 'hit_ratio@20', 'precision@10', 'precision@20']
2025-10-07 12:52:12 - trainer.trainer - INFO - __enter__:121 - Starting: Evaluation (val)
2025-10-07 12:52:12 - trainer.trainer - INFO - _evaluate_with_full_ranking:546 - Built training item mapping for 1668 users
2025-10-07 12:52:37 - trainer.trainer - INFO - _evaluate_with_full_ranking:578 - Found 1757 unique user-basket pairs for evaluation
2025-10-07 12:52:40 - evaluator.prediction_analyzer - INFO - analyze_predictions:161 - Analyzing predictions for 1757 examples (val mode)
2025-10-07 12:52:40 - evaluator.prediction_analyzer - INFO - __enter__:121 - Starting: Prediction analysis (val)
2025-10-07 12:52:40 - evaluator.prediction_analyzer - INFO - __exit__:128 - Completed: Prediction analysis (val) (took 0.00s)
2025-10-07 12:52:40 - evaluator.prediction_analyzer - INFO - _log_analysis_summary:267 - === PREDICTION ANALYSIS SUMMARY (VAL) ===
2025-10-07 12:52:40 - evaluator.prediction_analyzer - INFO - _log_analysis_summary:276 - Ground truth items per example: avg=2.2, min=1, max=3
2025-10-07 12:52:40 - evaluator.prediction_analyzer - INFO - _log_analysis_summary:282 - Epoch range: 0 - 9
2025-10-07 12:52:40 - evaluator.prediction_analyzer - INFO - _log_analysis_summary:300 - Top-5: avg_hits=0.1, avg_recall=0.059, examples_with_hits=56/500
2025-10-07 12:52:40 - evaluator.prediction_analyzer - INFO - _log_analysis_summary:300 - Top-10: avg_hits=0.3, avg_recall=0.143, examples_with_hits=135/500
2025-10-07 12:52:40 - evaluator.prediction_analyzer - INFO - _log_analysis_summary:300 - Top-20: avg_hits=0.6, avg_recall=0.289, examples_with_hits=246/500
2025-10-07 12:52:40 - evaluator.prediction_analyzer - INFO - _save_analysis_to_file:382 - Saved prediction analysis to: pytorch_pipeline/outputs/prediction_analysis/predictions_val_grnn_20251007_124143.json
2025-10-07 12:52:40 - evaluator.prediction_analyzer - INFO - _save_summary_statistics:429 - Saved summary statistics to: pytorch_pipeline/outputs/prediction_analysis/summary_val_grnn_20251007_124143.csv
2025-10-07 12:52:40 - evaluator.evaluator - INFO - __enter__:121 - Starting: Computing val metrics
2025-10-07 12:52:40 - evaluator.evaluator - INFO - compute_ranking_metrics:559 - === VAL METRICS SUMMARY ===
2025-10-07 12:52:40 - evaluator.evaluator - INFO - compute_ranking_metrics:561 - recall@10: 0.2980
2025-10-07 12:52:40 - evaluator.evaluator - INFO - compute_ranking_metrics:561 - recall@20: 0.4057
2025-10-07 12:52:40 - evaluator.evaluator - INFO - compute_ranking_metrics:561 - ndcg@10: 0.1683
2025-10-07 12:52:40 - evaluator.evaluator - INFO - compute_ranking_metrics:561 - ndcg@20: 0.1972
2025-10-07 12:52:40 - evaluator.evaluator - INFO - compute_ranking_metrics:561 - hit_ratio@10: 0.5367
2025-10-07 12:52:40 - evaluator.evaluator - INFO - compute_ranking_metrics:561 - hit_ratio@20: 0.6824
2025-10-07 12:52:40 - evaluator.evaluator - INFO - compute_ranking_metrics:561 - precision@10: 0.0647
2025-10-07 12:52:40 - evaluator.evaluator - INFO - compute_ranking_metrics:561 - precision@20: 0.0444
2025-10-07 12:52:40 - evaluator.evaluator - INFO - compute_ranking_metrics:562 - ===================================
2025-10-07 12:52:40 - evaluator.evaluator - INFO - __exit__:128 - Completed: Computing val metrics (took 0.08s)
2025-10-07 12:52:40 - trainer.trainer - INFO - _evaluate_with_full_ranking:663 - VAL Loss: 0.6433
2025-10-07 12:52:40 - trainer.trainer - INFO - __exit__:128 - Completed: Evaluation (val) (took 27.32s)
2025-10-07 12:52:40 - trainer.trainer - INFO - log_training_metrics:163 - Epoch   9 [combined] - train_loss: 0.6822 | train_recall@10: 0.1748 | train_recall@20: 0.2687 | train_ndcg@10: 0.1218 | train_ndcg@20: 0.1522 | train_hit_ratio@10: 0.5629 | train_hit_ratio@20: 0.7428 | train_precision@10: 0.0692 | train_precision@20: 0.0532 | recall@10: 0.2980 | recall@20: 0.4057 | ndcg@10: 0.1683 | ndcg@20: 0.1972 | hit_ratio@10: 0.5367 | hit_ratio@20: 0.6824 | precision@10: 0.0647 | precision@20: 0.0444 | val_loss: 0.6433
2025-10-07 12:52:40 - trainer.trainer - INFO - _save_checkpoint:859 - Saved checkpoint: pytorch_pipeline/outputs/checkpoints/best_model.pth
2025-10-07 12:52:40 - trainer.trainer - INFO - _update_best_model:821 - New best model: recall@20=0.4057
2025-10-07 12:52:40 - trainer.trainer - INFO - _train_epoch:353 - Training metrics computation disabled
2025-10-07 12:52:40 - trainer.trainer - INFO - __enter__:121 - Starting: Training epoch 10
2025-10-07 12:53:13 - trainer.trainer - INFO - __exit__:128 - Completed: Training epoch 10 (took 32.76s)
2025-10-07 12:53:13 - trainer.trainer - INFO - _train_epoch:417 - Computing training ranking metrics from 1668 user-basket pairs
2025-10-07 12:53:17 - evaluator.evaluator - INFO - __enter__:121 - Starting: Computing train metrics
2025-10-07 12:53:17 - evaluator.evaluator - INFO - compute_ranking_metrics:559 - === TRAIN METRICS SUMMARY ===
2025-10-07 12:53:17 - evaluator.evaluator - INFO - compute_ranking_metrics:561 - recall@10: 0.1828
2025-10-07 12:53:17 - evaluator.evaluator - INFO - compute_ranking_metrics:561 - recall@20: 0.2865
2025-10-07 12:53:17 - evaluator.evaluator - INFO - compute_ranking_metrics:561 - ndcg@10: 0.1305
2025-10-07 12:53:17 - evaluator.evaluator - INFO - compute_ranking_metrics:561 - ndcg@20: 0.1641
2025-10-07 12:53:17 - evaluator.evaluator - INFO - compute_ranking_metrics:561 - hit_ratio@10: 0.5815
2025-10-07 12:53:17 - evaluator.evaluator - INFO - compute_ranking_metrics:561 - hit_ratio@20: 0.7710
2025-10-07 12:53:17 - evaluator.evaluator - INFO - compute_ranking_metrics:561 - precision@10: 0.0724
2025-10-07 12:53:17 - evaluator.evaluator - INFO - compute_ranking_metrics:561 - precision@20: 0.0567
2025-10-07 12:53:17 - evaluator.evaluator - INFO - compute_ranking_metrics:562 - ===================================
2025-10-07 12:53:17 - evaluator.evaluator - INFO - __exit__:128 - Completed: Computing train metrics (took 0.08s)
2025-10-07 12:53:17 - trainer.trainer - INFO - _train_epoch:424 - Training metrics computed: ['recall@10', 'recall@20', 'ndcg@10', 'ndcg@20', 'hit_ratio@10', 'hit_ratio@20', 'precision@10', 'precision@20']
2025-10-07 12:53:18 - trainer.trainer - INFO - __enter__:121 - Starting: Evaluation (val)
2025-10-07 12:53:18 - trainer.trainer - INFO - _evaluate_with_full_ranking:546 - Built training item mapping for 1668 users
2025-10-07 12:53:43 - trainer.trainer - INFO - _evaluate_with_full_ranking:578 - Found 1757 unique user-basket pairs for evaluation
2025-10-07 12:53:45 - evaluator.prediction_analyzer - INFO - analyze_predictions:161 - Analyzing predictions for 1757 examples (val mode)
2025-10-07 12:53:45 - evaluator.prediction_analyzer - INFO - __enter__:121 - Starting: Prediction analysis (val)
2025-10-07 12:53:45 - evaluator.prediction_analyzer - INFO - __exit__:128 - Completed: Prediction analysis (val) (took 0.00s)
2025-10-07 12:53:45 - evaluator.prediction_analyzer - INFO - _log_analysis_summary:267 - === PREDICTION ANALYSIS SUMMARY (VAL) ===
2025-10-07 12:53:45 - evaluator.prediction_analyzer - INFO - _log_analysis_summary:276 - Ground truth items per example: avg=2.2, min=1, max=3
2025-10-07 12:53:45 - evaluator.prediction_analyzer - INFO - _log_analysis_summary:282 - Epoch range: 0 - 10
2025-10-07 12:53:45 - evaluator.prediction_analyzer - INFO - _log_analysis_summary:300 - Top-5: avg_hits=0.2, avg_recall=0.071, examples_with_hits=74/550
2025-10-07 12:53:45 - evaluator.prediction_analyzer - INFO - _log_analysis_summary:300 - Top-10: avg_hits=0.4, avg_recall=0.162, examples_with_hits=166/550
2025-10-07 12:53:45 - evaluator.prediction_analyzer - INFO - _log_analysis_summary:300 - Top-20: avg_hits=0.7, avg_recall=0.308, examples_with_hits=284/550
2025-10-07 12:53:45 - evaluator.prediction_analyzer - INFO - _save_analysis_to_file:382 - Saved prediction analysis to: pytorch_pipeline/outputs/prediction_analysis/predictions_val_grnn_20251007_124143.json
2025-10-07 12:53:45 - evaluator.prediction_analyzer - INFO - _save_summary_statistics:429 - Saved summary statistics to: pytorch_pipeline/outputs/prediction_analysis/summary_val_grnn_20251007_124143.csv
2025-10-07 12:53:45 - evaluator.evaluator - INFO - __enter__:121 - Starting: Computing val metrics
2025-10-07 12:53:45 - evaluator.evaluator - INFO - compute_ranking_metrics:559 - === VAL METRICS SUMMARY ===
2025-10-07 12:53:45 - evaluator.evaluator - INFO - compute_ranking_metrics:561 - recall@10: 0.3112
2025-10-07 12:53:45 - evaluator.evaluator - INFO - compute_ranking_metrics:561 - recall@20: 0.4540
2025-10-07 12:53:45 - evaluator.evaluator - INFO - compute_ranking_metrics:561 - ndcg@10: 0.1850
2025-10-07 12:53:45 - evaluator.evaluator - INFO - compute_ranking_metrics:561 - ndcg@20: 0.2233
2025-10-07 12:53:45 - evaluator.evaluator - INFO - compute_ranking_metrics:561 - hit_ratio@10: 0.5589
2025-10-07 12:53:45 - evaluator.evaluator - INFO - compute_ranking_metrics:561 - hit_ratio@20: 0.7410
2025-10-07 12:53:45 - evaluator.evaluator - INFO - compute_ranking_metrics:561 - precision@10: 0.0676
2025-10-07 12:53:45 - evaluator.evaluator - INFO - compute_ranking_metrics:561 - precision@20: 0.0497
2025-10-07 12:53:45 - evaluator.evaluator - INFO - compute_ranking_metrics:562 - ===================================
2025-10-07 12:53:45 - evaluator.evaluator - INFO - __exit__:128 - Completed: Computing val metrics (took 0.08s)
2025-10-07 12:53:45 - trainer.trainer - INFO - _evaluate_with_full_ranking:663 - VAL Loss: 0.4830
2025-10-07 12:53:45 - trainer.trainer - INFO - __exit__:128 - Completed: Evaluation (val) (took 27.85s)
2025-10-07 12:53:45 - trainer.trainer - INFO - log_training_metrics:163 - Epoch  10 [combined] - train_loss: 0.6514 | train_recall@10: 0.1828 | train_recall@20: 0.2865 | train_ndcg@10: 0.1305 | train_ndcg@20: 0.1641 | train_hit_ratio@10: 0.5815 | train_hit_ratio@20: 0.7710 | train_precision@10: 0.0724 | train_precision@20: 0.0567 | recall@10: 0.3112 | recall@20: 0.4540 | ndcg@10: 0.1850 | ndcg@20: 0.2233 | hit_ratio@10: 0.5589 | hit_ratio@20: 0.7410 | precision@10: 0.0676 | precision@20: 0.0497 | val_loss: 0.4830
2025-10-07 12:53:45 - trainer.trainer - INFO - __enter__:121 - Starting: Evaluation (test)
2025-10-07 12:53:45 - trainer.trainer - INFO - _evaluate_with_full_ranking:546 - Built training item mapping for 1668 users
2025-10-07 12:54:10 - trainer.trainer - INFO - _evaluate_with_full_ranking:578 - Found 1757 unique user-basket pairs for evaluation
2025-10-07 12:54:14 - evaluator.prediction_analyzer - INFO - analyze_predictions:161 - Analyzing predictions for 1757 examples (test mode)
2025-10-07 12:54:14 - evaluator.prediction_analyzer - INFO - __enter__:121 - Starting: Prediction analysis (test)
2025-10-07 12:54:14 - evaluator.prediction_analyzer - INFO - __exit__:128 - Completed: Prediction analysis (test) (took 0.00s)
2025-10-07 12:54:14 - evaluator.prediction_analyzer - INFO - _log_analysis_summary:267 - === PREDICTION ANALYSIS SUMMARY (TEST) ===
2025-10-07 12:54:14 - evaluator.prediction_analyzer - INFO - _log_analysis_summary:276 - Ground truth items per example: avg=2.2, min=1, max=3
2025-10-07 12:54:14 - evaluator.prediction_analyzer - INFO - _log_analysis_summary:282 - Epoch range: 10 - 10
2025-10-07 12:54:14 - evaluator.prediction_analyzer - INFO - _log_analysis_summary:300 - Top-5: avg_hits=0.4, avg_recall=0.193, examples_with_hits=18/50
2025-10-07 12:54:14 - evaluator.prediction_analyzer - INFO - _log_analysis_summary:300 - Top-10: avg_hits=0.8, avg_recall=0.350, examples_with_hits=31/50
2025-10-07 12:54:14 - evaluator.prediction_analyzer - INFO - _log_analysis_summary:300 - Top-20: avg_hits=1.1, avg_recall=0.497, examples_with_hits=38/50
2025-10-07 12:54:14 - evaluator.prediction_analyzer - INFO - _save_analysis_to_file:382 - Saved prediction analysis to: pytorch_pipeline/outputs/prediction_analysis/predictions_test_grnn_20251007_124143.json
2025-10-07 12:54:14 - evaluator.prediction_analyzer - INFO - _save_summary_statistics:429 - Saved summary statistics to: pytorch_pipeline/outputs/prediction_analysis/summary_test_grnn_20251007_124143.csv
2025-10-07 12:54:14 - evaluator.prediction_analyzer - INFO - show_detailed_examples:321 - === DETAILED PREDICTION EXAMPLES (TEST) ===
2025-10-07 12:54:14 - evaluator.prediction_analyzer - INFO - _show_single_example:333 - 
--- Example 1 (next-basket prediction) ---
2025-10-07 12:54:14 - evaluator.prediction_analyzer - INFO - _show_single_example:334 - User ID: 0, Basket ID: 3
2025-10-07 12:54:14 - evaluator.prediction_analyzer - INFO - _show_single_example:338 - Ground Truth (3 items): ['0', '64', '4']
2025-10-07 12:54:14 - evaluator.prediction_analyzer - INFO - _show_single_example:352 - 
Top-5 Predictions:
2025-10-07 12:54:14 - evaluator.prediction_analyzer - INFO - _show_single_example:354 -   Predicted: ['37', '17', '4', '23', '49']
2025-10-07 12:54:14 - evaluator.prediction_analyzer - INFO - _show_single_example:360 -   ✓ Hits (1): ['4']
2025-10-07 12:54:14 - evaluator.prediction_analyzer - INFO - _show_single_example:363 -   Metrics: Recall=0.333, Precision=0.200
2025-10-07 12:54:14 - evaluator.prediction_analyzer - INFO - _show_single_example:352 - 
Top-10 Predictions:
2025-10-07 12:54:14 - evaluator.prediction_analyzer - INFO - _show_single_example:354 -   Predicted: ['37', '17', '4', '23', '49', '22', '3', '10', '70', '2']
2025-10-07 12:54:14 - evaluator.prediction_analyzer - INFO - _show_single_example:360 -   ✓ Hits (1): ['4']
2025-10-07 12:54:14 - evaluator.prediction_analyzer - INFO - _show_single_example:363 -   Metrics: Recall=0.333, Precision=0.100
2025-10-07 12:54:14 - evaluator.prediction_analyzer - INFO - _show_single_example:352 - 
Top-20 Predictions:
2025-10-07 12:54:14 - evaluator.prediction_analyzer - INFO - _show_single_example:354 -   Predicted: ['37', '17', '4', '23', '49', '22', '3', '10', '70', '2', '114', '11', '0', '65', '74', '68', '113', '59', '16', '21']
2025-10-07 12:54:14 - evaluator.prediction_analyzer - INFO - _show_single_example:360 -   ✓ Hits (2): ['4', '0']
2025-10-07 12:54:14 - evaluator.prediction_analyzer - INFO - _show_single_example:363 -   Metrics: Recall=0.667, Precision=0.100
2025-10-07 12:54:14 - evaluator.prediction_analyzer - INFO - _show_single_example:333 - 
--- Example 2 (next-basket prediction) ---
2025-10-07 12:54:14 - evaluator.prediction_analyzer - INFO - _show_single_example:334 - User ID: 2, Basket ID: 12
2025-10-07 12:54:14 - evaluator.prediction_analyzer - INFO - _show_single_example:338 - Ground Truth (3 items): ['33', '2', '3']
2025-10-07 12:54:14 - evaluator.prediction_analyzer - INFO - _show_single_example:352 - 
Top-5 Predictions:
2025-10-07 12:54:14 - evaluator.prediction_analyzer - INFO - _show_single_example:354 -   Predicted: ['37', '17', '4', '23', '1']
2025-10-07 12:54:14 - evaluator.prediction_analyzer - INFO - _show_single_example:365 -   ✗ No hits in top-5
2025-10-07 12:54:14 - evaluator.prediction_analyzer - INFO - _show_single_example:352 - 
Top-10 Predictions:
2025-10-07 12:54:14 - evaluator.prediction_analyzer - INFO - _show_single_example:354 -   Predicted: ['37', '17', '4', '23', '1', '49', '3', '10', '70', '2']
2025-10-07 12:54:14 - evaluator.prediction_analyzer - INFO - _show_single_example:360 -   ✓ Hits (2): ['3', '2']
2025-10-07 12:54:14 - evaluator.prediction_analyzer - INFO - _show_single_example:363 -   Metrics: Recall=0.667, Precision=0.200
2025-10-07 12:54:14 - evaluator.prediction_analyzer - INFO - _show_single_example:352 - 
Top-20 Predictions:
2025-10-07 12:54:14 - evaluator.prediction_analyzer - INFO - _show_single_example:354 -   Predicted: ['37', '17', '4', '23', '1', '49', '3', '10', '70', '2', '114', '0', '65', '74', '68', '113', '59', '16', '21', '19']
2025-10-07 12:54:14 - evaluator.prediction_analyzer - INFO - _show_single_example:360 -   ✓ Hits (2): ['3', '2']
2025-10-07 12:54:14 - evaluator.prediction_analyzer - INFO - _show_single_example:363 -   Metrics: Recall=0.667, Precision=0.100
2025-10-07 12:54:14 - evaluator.prediction_analyzer - INFO - _show_single_example:333 - 
--- Example 3 (next-basket prediction) ---
2025-10-07 12:54:14 - evaluator.prediction_analyzer - INFO - _show_single_example:334 - User ID: 3, Basket ID: 15
2025-10-07 12:54:14 - evaluator.prediction_analyzer - INFO - _show_single_example:338 - Ground Truth (3 items): ['65', '3', '70']
2025-10-07 12:54:14 - evaluator.prediction_analyzer - INFO - _show_single_example:352 - 
Top-5 Predictions:
2025-10-07 12:54:14 - evaluator.prediction_analyzer - INFO - _show_single_example:354 -   Predicted: ['17', '4', '23', '1', '49']
2025-10-07 12:54:14 - evaluator.prediction_analyzer - INFO - _show_single_example:365 -   ✗ No hits in top-5
2025-10-07 12:54:14 - evaluator.prediction_analyzer - INFO - _show_single_example:352 - 
Top-10 Predictions:
2025-10-07 12:54:14 - evaluator.prediction_analyzer - INFO - _show_single_example:354 -   Predicted: ['17', '4', '23', '1', '49', '22', '3', '10', '70', '2']
2025-10-07 12:54:14 - evaluator.prediction_analyzer - INFO - _show_single_example:360 -   ✓ Hits (2): ['3', '70']
2025-10-07 12:54:14 - evaluator.prediction_analyzer - INFO - _show_single_example:363 -   Metrics: Recall=0.667, Precision=0.200
2025-10-07 12:54:14 - evaluator.prediction_analyzer - INFO - _show_single_example:352 - 
Top-20 Predictions:
2025-10-07 12:54:14 - evaluator.prediction_analyzer - INFO - _show_single_example:354 -   Predicted: ['17', '4', '23', '1', '49', '22', '3', '10', '70', '2', '114', '11', '0', '65', '74', '68', '113', '59', '16', '21']
2025-10-07 12:54:14 - evaluator.prediction_analyzer - INFO - _show_single_example:360 -   ✓ Hits (3): ['3', '70', '65']
2025-10-07 12:54:14 - evaluator.prediction_analyzer - INFO - _show_single_example:363 -   Metrics: Recall=1.000, Precision=0.150
2025-10-07 12:54:14 - evaluator.prediction_analyzer - INFO - show_detailed_examples:327 - ============================================================
2025-10-07 12:54:14 - evaluator.evaluator - INFO - __enter__:121 - Starting: Computing test metrics
2025-10-07 12:54:14 - evaluator.evaluator - INFO - compute_ranking_metrics:559 - === TEST METRICS SUMMARY ===
2025-10-07 12:54:14 - evaluator.evaluator - INFO - compute_ranking_metrics:561 - recall@10: 0.3114
2025-10-07 12:54:14 - evaluator.evaluator - INFO - compute_ranking_metrics:561 - recall@20: 0.4540
2025-10-07 12:54:14 - evaluator.evaluator - INFO - compute_ranking_metrics:561 - ndcg@10: 0.1852
2025-10-07 12:54:14 - evaluator.evaluator - INFO - compute_ranking_metrics:561 - ndcg@20: 0.2234
2025-10-07 12:54:14 - evaluator.evaluator - INFO - compute_ranking_metrics:561 - hit_ratio@10: 0.5595
2025-10-07 12:54:14 - evaluator.evaluator - INFO - compute_ranking_metrics:561 - hit_ratio@20: 0.7410
2025-10-07 12:54:14 - evaluator.evaluator - INFO - compute_ranking_metrics:561 - precision@10: 0.0677
2025-10-07 12:54:14 - evaluator.evaluator - INFO - compute_ranking_metrics:561 - precision@20: 0.0497
2025-10-07 12:54:14 - evaluator.evaluator - INFO - compute_ranking_metrics:562 - ===================================
2025-10-07 12:54:14 - evaluator.evaluator - INFO - __exit__:128 - Completed: Computing test metrics (took 0.08s)
2025-10-07 12:54:14 - trainer.trainer - INFO - _evaluate_with_full_ranking:663 - TEST Loss: 0.4784
2025-10-07 12:54:14 - trainer.trainer - INFO - __exit__:128 - Completed: Evaluation (test) (took 28.29s)
2025-10-07 12:54:14 - trainer.trainer - INFO - _save_checkpoint:859 - Saved checkpoint: pytorch_pipeline/outputs/checkpoints/best_model.pth
2025-10-07 12:54:14 - trainer.trainer - INFO - _update_best_model:821 - New best model: recall@20=0.4540
2025-10-07 12:54:14 - trainer.trainer - INFO - _train_epoch:353 - Training metrics computation disabled
2025-10-07 12:54:14 - trainer.trainer - INFO - __enter__:121 - Starting: Training epoch 11
2025-10-07 12:54:47 - trainer.trainer - INFO - __exit__:128 - Completed: Training epoch 11 (took 32.80s)
2025-10-07 12:54:47 - trainer.trainer - INFO - _train_epoch:417 - Computing training ranking metrics from 1668 user-basket pairs
2025-10-07 12:54:51 - evaluator.evaluator - INFO - __enter__:121 - Starting: Computing train metrics
2025-10-07 12:54:52 - evaluator.evaluator - INFO - compute_ranking_metrics:559 - === TRAIN METRICS SUMMARY ===
2025-10-07 12:54:52 - evaluator.evaluator - INFO - compute_ranking_metrics:561 - recall@10: 0.1832
2025-10-07 12:54:52 - evaluator.evaluator - INFO - compute_ranking_metrics:561 - recall@20: 0.3023
2025-10-07 12:54:52 - evaluator.evaluator - INFO - compute_ranking_metrics:561 - ndcg@10: 0.1370
2025-10-07 12:54:52 - evaluator.evaluator - INFO - compute_ranking_metrics:561 - ndcg@20: 0.1760
2025-10-07 12:54:52 - evaluator.evaluator - INFO - compute_ranking_metrics:561 - hit_ratio@10: 0.5815
2025-10-07 12:54:52 - evaluator.evaluator - INFO - compute_ranking_metrics:561 - hit_ratio@20: 0.7926
2025-10-07 12:54:52 - evaluator.evaluator - INFO - compute_ranking_metrics:561 - precision@10: 0.0725
2025-10-07 12:54:52 - evaluator.evaluator - INFO - compute_ranking_metrics:561 - precision@20: 0.0599
2025-10-07 12:54:52 - evaluator.evaluator - INFO - compute_ranking_metrics:562 - ===================================
2025-10-07 12:54:52 - evaluator.evaluator - INFO - __exit__:128 - Completed: Computing train metrics (took 0.08s)
2025-10-07 12:54:52 - trainer.trainer - INFO - _train_epoch:424 - Training metrics computed: ['recall@10', 'recall@20', 'ndcg@10', 'ndcg@20', 'hit_ratio@10', 'hit_ratio@20', 'precision@10', 'precision@20']
2025-10-07 12:54:52 - trainer.trainer - INFO - __enter__:121 - Starting: Evaluation (val)
2025-10-07 12:54:52 - trainer.trainer - INFO - _evaluate_with_full_ranking:546 - Built training item mapping for 1668 users
2025-10-07 12:55:17 - trainer.trainer - INFO - _evaluate_with_full_ranking:578 - Found 1757 unique user-basket pairs for evaluation
2025-10-07 12:55:19 - evaluator.prediction_analyzer - INFO - analyze_predictions:161 - Analyzing predictions for 1757 examples (val mode)
2025-10-07 12:55:19 - evaluator.prediction_analyzer - INFO - __enter__:121 - Starting: Prediction analysis (val)
2025-10-07 12:55:19 - evaluator.prediction_analyzer - INFO - __exit__:128 - Completed: Prediction analysis (val) (took 0.00s)
2025-10-07 12:55:19 - evaluator.prediction_analyzer - INFO - _log_analysis_summary:267 - === PREDICTION ANALYSIS SUMMARY (VAL) ===
2025-10-07 12:55:19 - evaluator.prediction_analyzer - INFO - _log_analysis_summary:276 - Ground truth items per example: avg=2.2, min=1, max=3
2025-10-07 12:55:19 - evaluator.prediction_analyzer - INFO - _log_analysis_summary:282 - Epoch range: 0 - 11
2025-10-07 12:55:19 - evaluator.prediction_analyzer - INFO - _log_analysis_summary:300 - Top-5: avg_hits=0.2, avg_recall=0.084, examples_with_hits=96/600
2025-10-07 12:55:19 - evaluator.prediction_analyzer - INFO - _log_analysis_summary:300 - Top-10: avg_hits=0.4, avg_recall=0.177, examples_with_hits=197/600
2025-10-07 12:55:19 - evaluator.prediction_analyzer - INFO - _log_analysis_summary:300 - Top-20: avg_hits=0.7, avg_recall=0.325, examples_with_hits=322/600
2025-10-07 12:55:19 - evaluator.prediction_analyzer - INFO - _save_analysis_to_file:382 - Saved prediction analysis to: pytorch_pipeline/outputs/prediction_analysis/predictions_val_grnn_20251007_124143.json
2025-10-07 12:55:19 - evaluator.prediction_analyzer - INFO - _save_summary_statistics:429 - Saved summary statistics to: pytorch_pipeline/outputs/prediction_analysis/summary_val_grnn_20251007_124143.csv
2025-10-07 12:55:19 - evaluator.evaluator - INFO - __enter__:121 - Starting: Computing val metrics
2025-10-07 12:55:19 - evaluator.evaluator - INFO - compute_ranking_metrics:559 - === VAL METRICS SUMMARY ===
2025-10-07 12:55:19 - evaluator.evaluator - INFO - compute_ranking_metrics:561 - recall@10: 0.3129
2025-10-07 12:55:19 - evaluator.evaluator - INFO - compute_ranking_metrics:561 - recall@20: 0.4738
2025-10-07 12:55:19 - evaluator.evaluator - INFO - compute_ranking_metrics:561 - ndcg@10: 0.1961
2025-10-07 12:55:19 - evaluator.evaluator - INFO - compute_ranking_metrics:561 - ndcg@20: 0.2403
2025-10-07 12:55:19 - evaluator.evaluator - INFO - compute_ranking_metrics:561 - hit_ratio@10: 0.5606
2025-10-07 12:55:19 - evaluator.evaluator - INFO - compute_ranking_metrics:561 - hit_ratio@20: 0.7547
2025-10-07 12:55:19 - evaluator.evaluator - INFO - compute_ranking_metrics:561 - precision@10: 0.0680
2025-10-07 12:55:19 - evaluator.evaluator - INFO - compute_ranking_metrics:561 - precision@20: 0.0517
2025-10-07 12:55:19 - evaluator.evaluator - INFO - compute_ranking_metrics:562 - ===================================
2025-10-07 12:55:19 - evaluator.evaluator - INFO - __exit__:128 - Completed: Computing val metrics (took 0.09s)
2025-10-07 12:55:19 - trainer.trainer - INFO - _evaluate_with_full_ranking:663 - VAL Loss: 0.4596
2025-10-07 12:55:19 - trainer.trainer - INFO - __exit__:128 - Completed: Evaluation (val) (took 27.87s)
2025-10-07 12:55:19 - trainer.trainer - INFO - log_training_metrics:163 - Epoch  11 [combined] - train_loss: 0.6209 | train_recall@10: 0.1832 | train_recall@20: 0.3023 | train_ndcg@10: 0.1370 | train_ndcg@20: 0.1760 | train_hit_ratio@10: 0.5815 | train_hit_ratio@20: 0.7926 | train_precision@10: 0.0725 | train_precision@20: 0.0599 | recall@10: 0.3129 | recall@20: 0.4738 | ndcg@10: 0.1961 | ndcg@20: 0.2403 | hit_ratio@10: 0.5606 | hit_ratio@20: 0.7547 | precision@10: 0.0680 | precision@20: 0.0517 | val_loss: 0.4596
2025-10-07 12:55:19 - trainer.trainer - INFO - __enter__:121 - Starting: Evaluation (test)
2025-10-07 12:55:19 - trainer.trainer - INFO - _evaluate_with_full_ranking:546 - Built training item mapping for 1668 users
2025-10-07 12:55:44 - trainer.trainer - INFO - _evaluate_with_full_ranking:578 - Found 1757 unique user-basket pairs for evaluation
2025-10-07 12:55:46 - evaluator.prediction_analyzer - INFO - analyze_predictions:161 - Analyzing predictions for 1757 examples (test mode)
2025-10-07 12:55:46 - evaluator.prediction_analyzer - INFO - __enter__:121 - Starting: Prediction analysis (test)
2025-10-07 12:55:46 - evaluator.prediction_analyzer - INFO - __exit__:128 - Completed: Prediction analysis (test) (took 0.00s)
2025-10-07 12:55:46 - evaluator.prediction_analyzer - INFO - _log_analysis_summary:267 - === PREDICTION ANALYSIS SUMMARY (TEST) ===
2025-10-07 12:55:46 - evaluator.prediction_analyzer - INFO - _log_analysis_summary:276 - Ground truth items per example: avg=2.2, min=1, max=3
2025-10-07 12:55:46 - evaluator.prediction_analyzer - INFO - _log_analysis_summary:282 - Epoch range: 10 - 11
2025-10-07 12:55:46 - evaluator.prediction_analyzer - INFO - _log_analysis_summary:300 - Top-5: avg_hits=0.4, avg_recall=0.212, examples_with_hits=40/100
2025-10-07 12:55:46 - evaluator.prediction_analyzer - INFO - _log_analysis_summary:300 - Top-10: avg_hits=0.8, avg_recall=0.350, examples_with_hits=62/100
2025-10-07 12:55:46 - evaluator.prediction_analyzer - INFO - _log_analysis_summary:300 - Top-20: avg_hits=1.1, avg_recall=0.505, examples_with_hits=76/100
2025-10-07 12:55:46 - evaluator.prediction_analyzer - INFO - _save_analysis_to_file:382 - Saved prediction analysis to: pytorch_pipeline/outputs/prediction_analysis/predictions_test_grnn_20251007_124143.json
2025-10-07 12:55:46 - evaluator.prediction_analyzer - INFO - _save_summary_statistics:429 - Saved summary statistics to: pytorch_pipeline/outputs/prediction_analysis/summary_test_grnn_20251007_124143.csv
2025-10-07 12:55:46 - evaluator.prediction_analyzer - INFO - show_detailed_examples:321 - === DETAILED PREDICTION EXAMPLES (TEST) ===
2025-10-07 12:55:46 - evaluator.prediction_analyzer - INFO - _show_single_example:333 - 
--- Example 1 (next-basket prediction) ---
2025-10-07 12:55:46 - evaluator.prediction_analyzer - INFO - _show_single_example:334 - User ID: 0, Basket ID: 3
2025-10-07 12:55:46 - evaluator.prediction_analyzer - INFO - _show_single_example:338 - Ground Truth (3 items): ['0', '64', '4']
2025-10-07 12:55:46 - evaluator.prediction_analyzer - INFO - _show_single_example:352 - 
Top-5 Predictions:
2025-10-07 12:55:46 - evaluator.prediction_analyzer - INFO - _show_single_example:354 -   Predicted: ['37', '17', '4', '23', '49']
2025-10-07 12:55:46 - evaluator.prediction_analyzer - INFO - _show_single_example:360 -   ✓ Hits (1): ['4']
2025-10-07 12:55:46 - evaluator.prediction_analyzer - INFO - _show_single_example:363 -   Metrics: Recall=0.333, Precision=0.200
2025-10-07 12:55:46 - evaluator.prediction_analyzer - INFO - _show_single_example:352 - 
Top-10 Predictions:
2025-10-07 12:55:46 - evaluator.prediction_analyzer - INFO - _show_single_example:354 -   Predicted: ['37', '17', '4', '23', '49', '22', '3', '10', '70', '2']
2025-10-07 12:55:46 - evaluator.prediction_analyzer - INFO - _show_single_example:360 -   ✓ Hits (1): ['4']
2025-10-07 12:55:46 - evaluator.prediction_analyzer - INFO - _show_single_example:363 -   Metrics: Recall=0.333, Precision=0.100
2025-10-07 12:55:46 - evaluator.prediction_analyzer - INFO - _show_single_example:352 - 
Top-20 Predictions:
2025-10-07 12:55:46 - evaluator.prediction_analyzer - INFO - _show_single_example:354 -   Predicted: ['37', '17', '4', '23', '49', '22', '3', '10', '70', '2', '114', '11', '0', '65', '74', '68', '113', '59', '16', '21']
2025-10-07 12:55:46 - evaluator.prediction_analyzer - INFO - _show_single_example:360 -   ✓ Hits (2): ['4', '0']
2025-10-07 12:55:46 - evaluator.prediction_analyzer - INFO - _show_single_example:363 -   Metrics: Recall=0.667, Precision=0.100
2025-10-07 12:55:46 - evaluator.prediction_analyzer - INFO - _show_single_example:333 - 
--- Example 2 (next-basket prediction) ---
2025-10-07 12:55:46 - evaluator.prediction_analyzer - INFO - _show_single_example:334 - User ID: 2, Basket ID: 12
2025-10-07 12:55:46 - evaluator.prediction_analyzer - INFO - _show_single_example:338 - Ground Truth (3 items): ['33', '2', '3']
2025-10-07 12:55:46 - evaluator.prediction_analyzer - INFO - _show_single_example:352 - 
Top-5 Predictions:
2025-10-07 12:55:46 - evaluator.prediction_analyzer - INFO - _show_single_example:354 -   Predicted: ['37', '17', '4', '23', '1']
2025-10-07 12:55:46 - evaluator.prediction_analyzer - INFO - _show_single_example:365 -   ✗ No hits in top-5
2025-10-07 12:55:46 - evaluator.prediction_analyzer - INFO - _show_single_example:352 - 
Top-10 Predictions:
2025-10-07 12:55:46 - evaluator.prediction_analyzer - INFO - _show_single_example:354 -   Predicted: ['37', '17', '4', '23', '1', '49', '3', '10', '70', '2']
2025-10-07 12:55:46 - evaluator.prediction_analyzer - INFO - _show_single_example:360 -   ✓ Hits (2): ['3', '2']
2025-10-07 12:55:46 - evaluator.prediction_analyzer - INFO - _show_single_example:363 -   Metrics: Recall=0.667, Precision=0.200
2025-10-07 12:55:46 - evaluator.prediction_analyzer - INFO - _show_single_example:352 - 
Top-20 Predictions:
2025-10-07 12:55:46 - evaluator.prediction_analyzer - INFO - _show_single_example:354 -   Predicted: ['37', '17', '4', '23', '1', '49', '3', '10', '70', '2', '114', '0', '65', '74', '68', '113', '59', '16', '21', '19']
2025-10-07 12:55:46 - evaluator.prediction_analyzer - INFO - _show_single_example:360 -   ✓ Hits (2): ['3', '2']
2025-10-07 12:55:46 - evaluator.prediction_analyzer - INFO - _show_single_example:363 -   Metrics: Recall=0.667, Precision=0.100
2025-10-07 12:55:46 - evaluator.prediction_analyzer - INFO - _show_single_example:333 - 
--- Example 3 (next-basket prediction) ---
2025-10-07 12:55:46 - evaluator.prediction_analyzer - INFO - _show_single_example:334 - User ID: 3, Basket ID: 15
2025-10-07 12:55:46 - evaluator.prediction_analyzer - INFO - _show_single_example:338 - Ground Truth (3 items): ['65', '3', '70']
2025-10-07 12:55:46 - evaluator.prediction_analyzer - INFO - _show_single_example:352 - 
Top-5 Predictions:
2025-10-07 12:55:46 - evaluator.prediction_analyzer - INFO - _show_single_example:354 -   Predicted: ['17', '4', '23', '1', '49']
2025-10-07 12:55:46 - evaluator.prediction_analyzer - INFO - _show_single_example:365 -   ✗ No hits in top-5
2025-10-07 12:55:46 - evaluator.prediction_analyzer - INFO - _show_single_example:352 - 
Top-10 Predictions:
2025-10-07 12:55:46 - evaluator.prediction_analyzer - INFO - _show_single_example:354 -   Predicted: ['17', '4', '23', '1', '49', '22', '3', '10', '70', '2']
2025-10-07 12:55:46 - evaluator.prediction_analyzer - INFO - _show_single_example:360 -   ✓ Hits (2): ['3', '70']
2025-10-07 12:55:46 - evaluator.prediction_analyzer - INFO - _show_single_example:363 -   Metrics: Recall=0.667, Precision=0.200
2025-10-07 12:55:46 - evaluator.prediction_analyzer - INFO - _show_single_example:352 - 
Top-20 Predictions:
2025-10-07 12:55:46 - evaluator.prediction_analyzer - INFO - _show_single_example:354 -   Predicted: ['17', '4', '23', '1', '49', '22', '3', '10', '70', '2', '114', '11', '0', '65', '74', '68', '113', '59', '16', '21']
2025-10-07 12:55:46 - evaluator.prediction_analyzer - INFO - _show_single_example:360 -   ✓ Hits (3): ['3', '70', '65']
2025-10-07 12:55:46 - evaluator.prediction_analyzer - INFO - _show_single_example:363 -   Metrics: Recall=1.000, Precision=0.150
2025-10-07 12:55:46 - evaluator.prediction_analyzer - INFO - show_detailed_examples:327 - ============================================================
2025-10-07 12:55:46 - evaluator.evaluator - INFO - __enter__:121 - Starting: Computing test metrics
2025-10-07 12:55:47 - evaluator.evaluator - INFO - compute_ranking_metrics:559 - === TEST METRICS SUMMARY ===
2025-10-07 12:55:47 - evaluator.evaluator - INFO - compute_ranking_metrics:561 - recall@10: 0.3129
2025-10-07 12:55:47 - evaluator.evaluator - INFO - compute_ranking_metrics:561 - recall@20: 0.4746
2025-10-07 12:55:47 - evaluator.evaluator - INFO - compute_ranking_metrics:561 - ndcg@10: 0.1961
2025-10-07 12:55:47 - evaluator.evaluator - INFO - compute_ranking_metrics:561 - ndcg@20: 0.2405
2025-10-07 12:55:47 - evaluator.evaluator - INFO - compute_ranking_metrics:561 - hit_ratio@10: 0.5606
2025-10-07 12:55:47 - evaluator.evaluator - INFO - compute_ranking_metrics:561 - hit_ratio@20: 0.7547
2025-10-07 12:55:47 - evaluator.evaluator - INFO - compute_ranking_metrics:561 - precision@10: 0.0680
2025-10-07 12:55:47 - evaluator.evaluator - INFO - compute_ranking_metrics:561 - precision@20: 0.0518
2025-10-07 12:55:47 - evaluator.evaluator - INFO - compute_ranking_metrics:562 - ===================================
2025-10-07 12:55:47 - evaluator.evaluator - INFO - __exit__:128 - Completed: Computing test metrics (took 0.08s)
2025-10-07 12:55:47 - trainer.trainer - INFO - _evaluate_with_full_ranking:663 - TEST Loss: 0.4713
2025-10-07 12:55:47 - trainer.trainer - INFO - __exit__:128 - Completed: Evaluation (test) (took 27.10s)
2025-10-07 12:55:47 - trainer.trainer - INFO - _save_checkpoint:859 - Saved checkpoint: pytorch_pipeline/outputs/checkpoints/best_model.pth
2025-10-07 12:55:47 - trainer.trainer - INFO - _update_best_model:821 - New best model: recall@20=0.4738
2025-10-07 12:55:47 - trainer.trainer - INFO - _train_epoch:353 - Training metrics computation disabled
2025-10-07 12:55:47 - trainer.trainer - INFO - __enter__:121 - Starting: Training epoch 12
2025-10-07 12:56:20 - trainer.trainer - INFO - __exit__:128 - Completed: Training epoch 12 (took 33.25s)
2025-10-07 12:56:20 - trainer.trainer - INFO - _train_epoch:417 - Computing training ranking metrics from 1668 user-basket pairs
2025-10-07 12:56:24 - evaluator.evaluator - INFO - __enter__:121 - Starting: Computing train metrics
2025-10-07 12:56:25 - evaluator.evaluator - INFO - compute_ranking_metrics:559 - === TRAIN METRICS SUMMARY ===
2025-10-07 12:56:25 - evaluator.evaluator - INFO - compute_ranking_metrics:561 - recall@10: 0.1887
2025-10-07 12:56:25 - evaluator.evaluator - INFO - compute_ranking_metrics:561 - recall@20: 0.3123
2025-10-07 12:56:25 - evaluator.evaluator - INFO - compute_ranking_metrics:561 - ndcg@10: 0.1393
2025-10-07 12:56:25 - evaluator.evaluator - INFO - compute_ranking_metrics:561 - ndcg@20: 0.1796
2025-10-07 12:56:25 - evaluator.evaluator - INFO - compute_ranking_metrics:561 - hit_ratio@10: 0.5941
2025-10-07 12:56:25 - evaluator.evaluator - INFO - compute_ranking_metrics:561 - hit_ratio@20: 0.8082
2025-10-07 12:56:25 - evaluator.evaluator - INFO - compute_ranking_metrics:561 - precision@10: 0.0748
2025-10-07 12:56:25 - evaluator.evaluator - INFO - compute_ranking_metrics:561 - precision@20: 0.0620
2025-10-07 12:56:25 - evaluator.evaluator - INFO - compute_ranking_metrics:562 - ===================================
2025-10-07 12:56:25 - evaluator.evaluator - INFO - __exit__:128 - Completed: Computing train metrics (took 0.08s)
2025-10-07 12:56:25 - trainer.trainer - INFO - _train_epoch:424 - Training metrics computed: ['recall@10', 'recall@20', 'ndcg@10', 'ndcg@20', 'hit_ratio@10', 'hit_ratio@20', 'precision@10', 'precision@20']
2025-10-07 12:56:25 - trainer.trainer - INFO - __enter__:121 - Starting: Evaluation (val)
2025-10-07 12:56:25 - trainer.trainer - INFO - _evaluate_with_full_ranking:546 - Built training item mapping for 1668 users
2025-10-07 12:56:50 - trainer.trainer - INFO - _evaluate_with_full_ranking:578 - Found 1757 unique user-basket pairs for evaluation
2025-10-07 12:56:52 - evaluator.prediction_analyzer - INFO - analyze_predictions:161 - Analyzing predictions for 1757 examples (val mode)
2025-10-07 12:56:52 - evaluator.prediction_analyzer - INFO - __enter__:121 - Starting: Prediction analysis (val)
2025-10-07 12:56:52 - evaluator.prediction_analyzer - INFO - __exit__:128 - Completed: Prediction analysis (val) (took 0.00s)
2025-10-07 12:56:52 - evaluator.prediction_analyzer - INFO - _log_analysis_summary:267 - === PREDICTION ANALYSIS SUMMARY (VAL) ===
2025-10-07 12:56:52 - evaluator.prediction_analyzer - INFO - _log_analysis_summary:276 - Ground truth items per example: avg=2.2, min=1, max=3
2025-10-07 12:56:52 - evaluator.prediction_analyzer - INFO - _log_analysis_summary:282 - Epoch range: 0 - 12
2025-10-07 12:56:52 - evaluator.prediction_analyzer - INFO - _log_analysis_summary:300 - Top-5: avg_hits=0.2, avg_recall=0.096, examples_with_hits=118/650
2025-10-07 12:56:52 - evaluator.prediction_analyzer - INFO - _log_analysis_summary:300 - Top-10: avg_hits=0.4, avg_recall=0.192, examples_with_hits=228/650
2025-10-07 12:56:52 - evaluator.prediction_analyzer - INFO - _log_analysis_summary:300 - Top-20: avg_hits=0.7, avg_recall=0.338, examples_with_hits=359/650
2025-10-07 12:56:52 - evaluator.prediction_analyzer - INFO - _save_analysis_to_file:382 - Saved prediction analysis to: pytorch_pipeline/outputs/prediction_analysis/predictions_val_grnn_20251007_124143.json
2025-10-07 12:56:52 - evaluator.prediction_analyzer - INFO - _save_summary_statistics:429 - Saved summary statistics to: pytorch_pipeline/outputs/prediction_analysis/summary_val_grnn_20251007_124143.csv
2025-10-07 12:56:52 - evaluator.evaluator - INFO - __enter__:121 - Starting: Computing val metrics
2025-10-07 12:56:52 - evaluator.evaluator - INFO - compute_ranking_metrics:559 - === VAL METRICS SUMMARY ===
2025-10-07 12:56:52 - evaluator.evaluator - INFO - compute_ranking_metrics:561 - recall@10: 0.3303
2025-10-07 12:56:52 - evaluator.evaluator - INFO - compute_ranking_metrics:561 - recall@20: 0.4979
2025-10-07 12:56:52 - evaluator.evaluator - INFO - compute_ranking_metrics:561 - ndcg@10: 0.2014
2025-10-07 12:56:52 - evaluator.evaluator - INFO - compute_ranking_metrics:561 - ndcg@20: 0.2471
2025-10-07 12:56:52 - evaluator.evaluator - INFO - compute_ranking_metrics:561 - hit_ratio@10: 0.5834
2025-10-07 12:56:52 - evaluator.evaluator - INFO - compute_ranking_metrics:561 - hit_ratio@20: 0.7740
2025-10-07 12:56:52 - evaluator.evaluator - INFO - compute_ranking_metrics:561 - precision@10: 0.0716
2025-10-07 12:56:52 - evaluator.evaluator - INFO - compute_ranking_metrics:561 - precision@20: 0.0543
2025-10-07 12:56:52 - evaluator.evaluator - INFO - compute_ranking_metrics:562 - ===================================
2025-10-07 12:56:52 - evaluator.evaluator - INFO - __exit__:128 - Completed: Computing val metrics (took 0.09s)
2025-10-07 12:56:52 - trainer.trainer - INFO - _evaluate_with_full_ranking:663 - VAL Loss: 0.4514
2025-10-07 12:56:52 - trainer.trainer - INFO - __exit__:128 - Completed: Evaluation (val) (took 27.60s)
2025-10-07 12:56:52 - trainer.trainer - INFO - log_training_metrics:163 - Epoch  12 [combined] - train_loss: 0.6159 | train_recall@10: 0.1887 | train_recall@20: 0.3123 | train_ndcg@10: 0.1393 | train_ndcg@20: 0.1796 | train_hit_ratio@10: 0.5941 | train_hit_ratio@20: 0.8082 | train_precision@10: 0.0748 | train_precision@20: 0.0620 | recall@10: 0.3303 | recall@20: 0.4979 | ndcg@10: 0.2014 | ndcg@20: 0.2471 | hit_ratio@10: 0.5834 | hit_ratio@20: 0.7740 | precision@10: 0.0716 | precision@20: 0.0543 | val_loss: 0.4514
2025-10-07 12:56:52 - trainer.trainer - INFO - __enter__:121 - Starting: Evaluation (test)
2025-10-07 12:56:52 - trainer.trainer - INFO - _evaluate_with_full_ranking:546 - Built training item mapping for 1668 users
2025-10-07 12:57:17 - trainer.trainer - INFO - _evaluate_with_full_ranking:578 - Found 1757 unique user-basket pairs for evaluation
2025-10-07 12:57:19 - evaluator.prediction_analyzer - INFO - analyze_predictions:161 - Analyzing predictions for 1757 examples (test mode)
2025-10-07 12:57:19 - evaluator.prediction_analyzer - INFO - __enter__:121 - Starting: Prediction analysis (test)
2025-10-07 12:57:19 - evaluator.prediction_analyzer - INFO - __exit__:128 - Completed: Prediction analysis (test) (took 0.00s)
2025-10-07 12:57:19 - evaluator.prediction_analyzer - INFO - _log_analysis_summary:267 - === PREDICTION ANALYSIS SUMMARY (TEST) ===
2025-10-07 12:57:19 - evaluator.prediction_analyzer - INFO - _log_analysis_summary:276 - Ground truth items per example: avg=2.2, min=1, max=3
2025-10-07 12:57:19 - evaluator.prediction_analyzer - INFO - _log_analysis_summary:282 - Epoch range: 10 - 12
2025-10-07 12:57:19 - evaluator.prediction_analyzer - INFO - _log_analysis_summary:300 - Top-5: avg_hits=0.5, avg_recall=0.218, examples_with_hits=62/150
2025-10-07 12:57:19 - evaluator.prediction_analyzer - INFO - _log_analysis_summary:300 - Top-10: avg_hits=0.8, avg_recall=0.354, examples_with_hits=93/150
2025-10-07 12:57:19 - evaluator.prediction_analyzer - INFO - _log_analysis_summary:300 - Top-20: avg_hits=1.1, avg_recall=0.500, examples_with_hits=113/150
2025-10-07 12:57:19 - evaluator.prediction_analyzer - INFO - _save_analysis_to_file:382 - Saved prediction analysis to: pytorch_pipeline/outputs/prediction_analysis/predictions_test_grnn_20251007_124143.json
2025-10-07 12:57:19 - evaluator.prediction_analyzer - INFO - _save_summary_statistics:429 - Saved summary statistics to: pytorch_pipeline/outputs/prediction_analysis/summary_test_grnn_20251007_124143.csv
2025-10-07 12:57:19 - evaluator.prediction_analyzer - INFO - show_detailed_examples:321 - === DETAILED PREDICTION EXAMPLES (TEST) ===
2025-10-07 12:57:19 - evaluator.prediction_analyzer - INFO - _show_single_example:333 - 
--- Example 1 (next-basket prediction) ---
2025-10-07 12:57:19 - evaluator.prediction_analyzer - INFO - _show_single_example:334 - User ID: 0, Basket ID: 3
2025-10-07 12:57:19 - evaluator.prediction_analyzer - INFO - _show_single_example:338 - Ground Truth (3 items): ['0', '64', '4']
2025-10-07 12:57:19 - evaluator.prediction_analyzer - INFO - _show_single_example:352 - 
Top-5 Predictions:
2025-10-07 12:57:19 - evaluator.prediction_analyzer - INFO - _show_single_example:354 -   Predicted: ['37', '17', '4', '23', '49']
2025-10-07 12:57:19 - evaluator.prediction_analyzer - INFO - _show_single_example:360 -   ✓ Hits (1): ['4']
2025-10-07 12:57:19 - evaluator.prediction_analyzer - INFO - _show_single_example:363 -   Metrics: Recall=0.333, Precision=0.200
2025-10-07 12:57:19 - evaluator.prediction_analyzer - INFO - _show_single_example:352 - 
Top-10 Predictions:
2025-10-07 12:57:19 - evaluator.prediction_analyzer - INFO - _show_single_example:354 -   Predicted: ['37', '17', '4', '23', '49', '22', '3', '10', '70', '2']
2025-10-07 12:57:19 - evaluator.prediction_analyzer - INFO - _show_single_example:360 -   ✓ Hits (1): ['4']
2025-10-07 12:57:19 - evaluator.prediction_analyzer - INFO - _show_single_example:363 -   Metrics: Recall=0.333, Precision=0.100
2025-10-07 12:57:19 - evaluator.prediction_analyzer - INFO - _show_single_example:352 - 
Top-20 Predictions:
2025-10-07 12:57:19 - evaluator.prediction_analyzer - INFO - _show_single_example:354 -   Predicted: ['37', '17', '4', '23', '49', '22', '3', '10', '70', '2', '114', '11', '0', '65', '74', '68', '113', '59', '16', '21']
2025-10-07 12:57:19 - evaluator.prediction_analyzer - INFO - _show_single_example:360 -   ✓ Hits (2): ['4', '0']
2025-10-07 12:57:19 - evaluator.prediction_analyzer - INFO - _show_single_example:363 -   Metrics: Recall=0.667, Precision=0.100
2025-10-07 12:57:19 - evaluator.prediction_analyzer - INFO - _show_single_example:333 - 
--- Example 2 (next-basket prediction) ---
2025-10-07 12:57:19 - evaluator.prediction_analyzer - INFO - _show_single_example:334 - User ID: 2, Basket ID: 12
2025-10-07 12:57:19 - evaluator.prediction_analyzer - INFO - _show_single_example:338 - Ground Truth (3 items): ['33', '2', '3']
2025-10-07 12:57:19 - evaluator.prediction_analyzer - INFO - _show_single_example:352 - 
Top-5 Predictions:
2025-10-07 12:57:19 - evaluator.prediction_analyzer - INFO - _show_single_example:354 -   Predicted: ['37', '17', '4', '23', '1']
2025-10-07 12:57:19 - evaluator.prediction_analyzer - INFO - _show_single_example:365 -   ✗ No hits in top-5
2025-10-07 12:57:19 - evaluator.prediction_analyzer - INFO - _show_single_example:352 - 
Top-10 Predictions:
2025-10-07 12:57:19 - evaluator.prediction_analyzer - INFO - _show_single_example:354 -   Predicted: ['37', '17', '4', '23', '1', '49', '3', '10', '70', '2']
2025-10-07 12:57:19 - evaluator.prediction_analyzer - INFO - _show_single_example:360 -   ✓ Hits (2): ['3', '2']
2025-10-07 12:57:19 - evaluator.prediction_analyzer - INFO - _show_single_example:363 -   Metrics: Recall=0.667, Precision=0.200
2025-10-07 12:57:19 - evaluator.prediction_analyzer - INFO - _show_single_example:352 - 
Top-20 Predictions:
2025-10-07 12:57:19 - evaluator.prediction_analyzer - INFO - _show_single_example:354 -   Predicted: ['37', '17', '4', '23', '1', '49', '3', '10', '70', '2', '114', '0', '65', '74', '68', '113', '59', '16', '21', '19']
2025-10-07 12:57:19 - evaluator.prediction_analyzer - INFO - _show_single_example:360 -   ✓ Hits (2): ['3', '2']
2025-10-07 12:57:19 - evaluator.prediction_analyzer - INFO - _show_single_example:363 -   Metrics: Recall=0.667, Precision=0.100
2025-10-07 12:57:19 - evaluator.prediction_analyzer - INFO - _show_single_example:333 - 
--- Example 3 (next-basket prediction) ---
2025-10-07 12:57:19 - evaluator.prediction_analyzer - INFO - _show_single_example:334 - User ID: 3, Basket ID: 15
2025-10-07 12:57:19 - evaluator.prediction_analyzer - INFO - _show_single_example:338 - Ground Truth (3 items): ['65', '3', '70']
2025-10-07 12:57:19 - evaluator.prediction_analyzer - INFO - _show_single_example:352 - 
Top-5 Predictions:
2025-10-07 12:57:19 - evaluator.prediction_analyzer - INFO - _show_single_example:354 -   Predicted: ['17', '4', '23', '1', '49']
2025-10-07 12:57:19 - evaluator.prediction_analyzer - INFO - _show_single_example:365 -   ✗ No hits in top-5
2025-10-07 12:57:19 - evaluator.prediction_analyzer - INFO - _show_single_example:352 - 
Top-10 Predictions:
2025-10-07 12:57:19 - evaluator.prediction_analyzer - INFO - _show_single_example:354 -   Predicted: ['17', '4', '23', '1', '49', '22', '3', '10', '70', '2']
2025-10-07 12:57:19 - evaluator.prediction_analyzer - INFO - _show_single_example:360 -   ✓ Hits (2): ['3', '70']
2025-10-07 12:57:19 - evaluator.prediction_analyzer - INFO - _show_single_example:363 -   Metrics: Recall=0.667, Precision=0.200
2025-10-07 12:57:19 - evaluator.prediction_analyzer - INFO - _show_single_example:352 - 
Top-20 Predictions:
2025-10-07 12:57:19 - evaluator.prediction_analyzer - INFO - _show_single_example:354 -   Predicted: ['17', '4', '23', '1', '49', '22', '3', '10', '70', '2', '114', '11', '0', '65', '74', '68', '113', '59', '16', '21']
2025-10-07 12:57:19 - evaluator.prediction_analyzer - INFO - _show_single_example:360 -   ✓ Hits (3): ['3', '70', '65']
2025-10-07 12:57:19 - evaluator.prediction_analyzer - INFO - _show_single_example:363 -   Metrics: Recall=1.000, Precision=0.150
2025-10-07 12:57:19 - evaluator.prediction_analyzer - INFO - show_detailed_examples:327 - ============================================================
2025-10-07 12:57:19 - evaluator.evaluator - INFO - __enter__:121 - Starting: Computing test metrics
2025-10-07 12:57:19 - evaluator.evaluator - INFO - compute_ranking_metrics:559 - === TEST METRICS SUMMARY ===
2025-10-07 12:57:19 - evaluator.evaluator - INFO - compute_ranking_metrics:561 - recall@10: 0.3303
2025-10-07 12:57:19 - evaluator.evaluator - INFO - compute_ranking_metrics:561 - recall@20: 0.4979
2025-10-07 12:57:19 - evaluator.evaluator - INFO - compute_ranking_metrics:561 - ndcg@10: 0.2014
2025-10-07 12:57:19 - evaluator.evaluator - INFO - compute_ranking_metrics:561 - ndcg@20: 0.2471
2025-10-07 12:57:19 - evaluator.evaluator - INFO - compute_ranking_metrics:561 - hit_ratio@10: 0.5834
2025-10-07 12:57:19 - evaluator.evaluator - INFO - compute_ranking_metrics:561 - hit_ratio@20: 0.7740
2025-10-07 12:57:19 - evaluator.evaluator - INFO - compute_ranking_metrics:561 - precision@10: 0.0716
2025-10-07 12:57:19 - evaluator.evaluator - INFO - compute_ranking_metrics:561 - precision@20: 0.0543
2025-10-07 12:57:19 - evaluator.evaluator - INFO - compute_ranking_metrics:562 - ===================================
2025-10-07 12:57:19 - evaluator.evaluator - INFO - __exit__:128 - Completed: Computing test metrics (took 0.08s)
2025-10-07 12:57:19 - trainer.trainer - INFO - _evaluate_with_full_ranking:663 - TEST Loss: 0.4528
2025-10-07 12:57:19 - trainer.trainer - INFO - __exit__:128 - Completed: Evaluation (test) (took 27.07s)
2025-10-07 12:57:19 - trainer.trainer - INFO - _save_checkpoint:859 - Saved checkpoint: pytorch_pipeline/outputs/checkpoints/best_model.pth
2025-10-07 12:57:19 - trainer.trainer - INFO - _update_best_model:821 - New best model: recall@20=0.4979
2025-10-07 12:57:19 - trainer.trainer - INFO - _train_epoch:353 - Training metrics computation disabled
2025-10-07 12:57:19 - trainer.trainer - INFO - __enter__:121 - Starting: Training epoch 13
2025-10-07 12:57:52 - trainer.trainer - INFO - __exit__:128 - Completed: Training epoch 13 (took 32.59s)
2025-10-07 12:57:52 - trainer.trainer - INFO - _train_epoch:417 - Computing training ranking metrics from 1668 user-basket pairs
2025-10-07 12:57:56 - evaluator.evaluator - INFO - __enter__:121 - Starting: Computing train metrics
2025-10-07 12:57:56 - evaluator.evaluator - INFO - compute_ranking_metrics:559 - === TRAIN METRICS SUMMARY ===
2025-10-07 12:57:56 - evaluator.evaluator - INFO - compute_ranking_metrics:561 - recall@10: 0.1957
2025-10-07 12:57:56 - evaluator.evaluator - INFO - compute_ranking_metrics:561 - recall@20: 0.3122
2025-10-07 12:57:56 - evaluator.evaluator - INFO - compute_ranking_metrics:561 - ndcg@10: 0.1438
2025-10-07 12:57:56 - evaluator.evaluator - INFO - compute_ranking_metrics:561 - ndcg@20: 0.1817
2025-10-07 12:57:56 - evaluator.evaluator - INFO - compute_ranking_metrics:561 - hit_ratio@10: 0.6115
2025-10-07 12:57:56 - evaluator.evaluator - INFO - compute_ranking_metrics:561 - hit_ratio@20: 0.8094
2025-10-07 12:57:56 - evaluator.evaluator - INFO - compute_ranking_metrics:561 - precision@10: 0.0776
2025-10-07 12:57:56 - evaluator.evaluator - INFO - compute_ranking_metrics:561 - precision@20: 0.0619
2025-10-07 12:57:56 - evaluator.evaluator - INFO - compute_ranking_metrics:562 - ===================================
2025-10-07 12:57:56 - evaluator.evaluator - INFO - __exit__:128 - Completed: Computing train metrics (took 0.08s)
2025-10-07 12:57:56 - trainer.trainer - INFO - _train_epoch:424 - Training metrics computed: ['recall@10', 'recall@20', 'ndcg@10', 'ndcg@20', 'hit_ratio@10', 'hit_ratio@20', 'precision@10', 'precision@20']
2025-10-07 12:57:56 - trainer.trainer - INFO - __enter__:121 - Starting: Evaluation (val)
2025-10-07 12:57:57 - trainer.trainer - INFO - _evaluate_with_full_ranking:546 - Built training item mapping for 1668 users
2025-10-07 12:58:21 - trainer.trainer - INFO - _evaluate_with_full_ranking:578 - Found 1757 unique user-basket pairs for evaluation
2025-10-07 12:58:24 - evaluator.prediction_analyzer - INFO - analyze_predictions:161 - Analyzing predictions for 1757 examples (val mode)
2025-10-07 12:58:24 - evaluator.prediction_analyzer - INFO - __enter__:121 - Starting: Prediction analysis (val)
2025-10-07 12:58:24 - evaluator.prediction_analyzer - INFO - __exit__:128 - Completed: Prediction analysis (val) (took 0.00s)
2025-10-07 12:58:24 - evaluator.prediction_analyzer - INFO - _log_analysis_summary:267 - === PREDICTION ANALYSIS SUMMARY (VAL) ===
2025-10-07 12:58:24 - evaluator.prediction_analyzer - INFO - _log_analysis_summary:276 - Ground truth items per example: avg=2.2, min=1, max=3
2025-10-07 12:58:24 - evaluator.prediction_analyzer - INFO - _log_analysis_summary:282 - Epoch range: 0 - 13
2025-10-07 12:58:24 - evaluator.prediction_analyzer - INFO - _log_analysis_summary:300 - Top-5: avg_hits=0.2, avg_recall=0.105, examples_with_hits=140/700
2025-10-07 12:58:24 - evaluator.prediction_analyzer - INFO - _log_analysis_summary:300 - Top-10: avg_hits=0.4, avg_recall=0.205, examples_with_hits=259/700
2025-10-07 12:58:24 - evaluator.prediction_analyzer - INFO - _log_analysis_summary:300 - Top-20: avg_hits=0.7, avg_recall=0.348, examples_with_hits=395/700
2025-10-07 12:58:24 - evaluator.prediction_analyzer - INFO - _save_analysis_to_file:382 - Saved prediction analysis to: pytorch_pipeline/outputs/prediction_analysis/predictions_val_grnn_20251007_124143.json
2025-10-07 12:58:24 - evaluator.prediction_analyzer - INFO - _save_summary_statistics:429 - Saved summary statistics to: pytorch_pipeline/outputs/prediction_analysis/summary_val_grnn_20251007_124143.csv
2025-10-07 12:58:24 - evaluator.evaluator - INFO - __enter__:121 - Starting: Computing val metrics
2025-10-07 12:58:24 - evaluator.evaluator - INFO - compute_ranking_metrics:559 - === VAL METRICS SUMMARY ===
2025-10-07 12:58:24 - evaluator.evaluator - INFO - compute_ranking_metrics:561 - recall@10: 0.3440
2025-10-07 12:58:24 - evaluator.evaluator - INFO - compute_ranking_metrics:561 - recall@20: 0.5005
2025-10-07 12:58:24 - evaluator.evaluator - INFO - compute_ranking_metrics:561 - ndcg@10: 0.2120
2025-10-07 12:58:24 - evaluator.evaluator - INFO - compute_ranking_metrics:561 - ndcg@20: 0.2547
2025-10-07 12:58:24 - evaluator.evaluator - INFO - compute_ranking_metrics:561 - hit_ratio@10: 0.6039
2025-10-07 12:58:24 - evaluator.evaluator - INFO - compute_ranking_metrics:561 - hit_ratio@20: 0.7746
2025-10-07 12:58:24 - evaluator.evaluator - INFO - compute_ranking_metrics:561 - precision@10: 0.0745
2025-10-07 12:58:24 - evaluator.evaluator - INFO - compute_ranking_metrics:561 - precision@20: 0.0546
2025-10-07 12:58:24 - evaluator.evaluator - INFO - compute_ranking_metrics:562 - ===================================
2025-10-07 12:58:24 - evaluator.evaluator - INFO - __exit__:128 - Completed: Computing val metrics (took 0.08s)
2025-10-07 12:58:24 - trainer.trainer - INFO - _evaluate_with_full_ranking:663 - VAL Loss: 0.4525
2025-10-07 12:58:24 - trainer.trainer - INFO - __exit__:128 - Completed: Evaluation (val) (took 27.38s)
2025-10-07 12:58:24 - trainer.trainer - INFO - log_training_metrics:163 - Epoch  13 [combined] - train_loss: 0.6124 | train_recall@10: 0.1957 | train_recall@20: 0.3122 | train_ndcg@10: 0.1438 | train_ndcg@20: 0.1817 | train_hit_ratio@10: 0.6115 | train_hit_ratio@20: 0.8094 | train_precision@10: 0.0776 | train_precision@20: 0.0619 | recall@10: 0.3440 | recall@20: 0.5005 | ndcg@10: 0.2120 | ndcg@20: 0.2547 | hit_ratio@10: 0.6039 | hit_ratio@20: 0.7746 | precision@10: 0.0745 | precision@20: 0.0546 | val_loss: 0.4525
2025-10-07 12:58:24 - trainer.trainer - INFO - __enter__:121 - Starting: Evaluation (test)
2025-10-07 12:58:24 - trainer.trainer - INFO - _evaluate_with_full_ranking:546 - Built training item mapping for 1668 users
2025-10-07 12:58:48 - trainer.trainer - INFO - _evaluate_with_full_ranking:578 - Found 1757 unique user-basket pairs for evaluation
2025-10-07 12:58:51 - evaluator.prediction_analyzer - INFO - analyze_predictions:161 - Analyzing predictions for 1757 examples (test mode)
2025-10-07 12:58:51 - evaluator.prediction_analyzer - INFO - __enter__:121 - Starting: Prediction analysis (test)
2025-10-07 12:58:51 - evaluator.prediction_analyzer - INFO - __exit__:128 - Completed: Prediction analysis (test) (took 0.00s)
2025-10-07 12:58:51 - evaluator.prediction_analyzer - INFO - _log_analysis_summary:267 - === PREDICTION ANALYSIS SUMMARY (TEST) ===
2025-10-07 12:58:51 - evaluator.prediction_analyzer - INFO - _log_analysis_summary:276 - Ground truth items per example: avg=2.2, min=1, max=3
2025-10-07 12:58:51 - evaluator.prediction_analyzer - INFO - _log_analysis_summary:282 - Epoch range: 10 - 13
2025-10-07 12:58:51 - evaluator.prediction_analyzer - INFO - _log_analysis_summary:300 - Top-5: avg_hits=0.5, avg_recall=0.221, examples_with_hits=84/200
2025-10-07 12:58:51 - evaluator.prediction_analyzer - INFO - _log_analysis_summary:300 - Top-10: avg_hits=0.8, avg_recall=0.360, examples_with_hits=124/200
2025-10-07 12:58:51 - evaluator.prediction_analyzer - INFO - _log_analysis_summary:300 - Top-20: avg_hits=1.1, avg_recall=0.495, examples_with_hits=149/200
2025-10-07 12:58:51 - evaluator.prediction_analyzer - INFO - _save_analysis_to_file:382 - Saved prediction analysis to: pytorch_pipeline/outputs/prediction_analysis/predictions_test_grnn_20251007_124143.json
2025-10-07 12:58:51 - evaluator.prediction_analyzer - INFO - _save_summary_statistics:429 - Saved summary statistics to: pytorch_pipeline/outputs/prediction_analysis/summary_test_grnn_20251007_124143.csv
2025-10-07 12:58:51 - evaluator.prediction_analyzer - INFO - show_detailed_examples:321 - === DETAILED PREDICTION EXAMPLES (TEST) ===
2025-10-07 12:58:51 - evaluator.prediction_analyzer - INFO - _show_single_example:333 - 
--- Example 1 (next-basket prediction) ---
2025-10-07 12:58:51 - evaluator.prediction_analyzer - INFO - _show_single_example:334 - User ID: 0, Basket ID: 3
2025-10-07 12:58:51 - evaluator.prediction_analyzer - INFO - _show_single_example:338 - Ground Truth (3 items): ['0', '64', '4']
2025-10-07 12:58:51 - evaluator.prediction_analyzer - INFO - _show_single_example:352 - 
Top-5 Predictions:
2025-10-07 12:58:51 - evaluator.prediction_analyzer - INFO - _show_single_example:354 -   Predicted: ['37', '17', '4', '23', '49']
2025-10-07 12:58:51 - evaluator.prediction_analyzer - INFO - _show_single_example:360 -   ✓ Hits (1): ['4']
2025-10-07 12:58:51 - evaluator.prediction_analyzer - INFO - _show_single_example:363 -   Metrics: Recall=0.333, Precision=0.200
2025-10-07 12:58:51 - evaluator.prediction_analyzer - INFO - _show_single_example:352 - 
Top-10 Predictions:
2025-10-07 12:58:51 - evaluator.prediction_analyzer - INFO - _show_single_example:354 -   Predicted: ['37', '17', '4', '23', '49', '22', '3', '10', '70', '2']
2025-10-07 12:58:51 - evaluator.prediction_analyzer - INFO - _show_single_example:360 -   ✓ Hits (1): ['4']
2025-10-07 12:58:51 - evaluator.prediction_analyzer - INFO - _show_single_example:363 -   Metrics: Recall=0.333, Precision=0.100
2025-10-07 12:58:51 - evaluator.prediction_analyzer - INFO - _show_single_example:352 - 
Top-20 Predictions:
2025-10-07 12:58:51 - evaluator.prediction_analyzer - INFO - _show_single_example:354 -   Predicted: ['37', '17', '4', '23', '49', '22', '3', '10', '70', '2', '114', '11', '0', '65', '74', '68', '113', '59', '16', '21']
2025-10-07 12:58:51 - evaluator.prediction_analyzer - INFO - _show_single_example:360 -   ✓ Hits (2): ['4', '0']
2025-10-07 12:58:51 - evaluator.prediction_analyzer - INFO - _show_single_example:363 -   Metrics: Recall=0.667, Precision=0.100
2025-10-07 12:58:51 - evaluator.prediction_analyzer - INFO - _show_single_example:333 - 
--- Example 2 (next-basket prediction) ---
2025-10-07 12:58:51 - evaluator.prediction_analyzer - INFO - _show_single_example:334 - User ID: 2, Basket ID: 12
2025-10-07 12:58:51 - evaluator.prediction_analyzer - INFO - _show_single_example:338 - Ground Truth (3 items): ['33', '2', '3']
2025-10-07 12:58:51 - evaluator.prediction_analyzer - INFO - _show_single_example:352 - 
Top-5 Predictions:
2025-10-07 12:58:51 - evaluator.prediction_analyzer - INFO - _show_single_example:354 -   Predicted: ['37', '17', '4', '23', '1']
2025-10-07 12:58:51 - evaluator.prediction_analyzer - INFO - _show_single_example:365 -   ✗ No hits in top-5
2025-10-07 12:58:51 - evaluator.prediction_analyzer - INFO - _show_single_example:352 - 
Top-10 Predictions:
2025-10-07 12:58:51 - evaluator.prediction_analyzer - INFO - _show_single_example:354 -   Predicted: ['37', '17', '4', '23', '1', '49', '3', '10', '70', '2']
2025-10-07 12:58:51 - evaluator.prediction_analyzer - INFO - _show_single_example:360 -   ✓ Hits (2): ['3', '2']
2025-10-07 12:58:51 - evaluator.prediction_analyzer - INFO - _show_single_example:363 -   Metrics: Recall=0.667, Precision=0.200
2025-10-07 12:58:51 - evaluator.prediction_analyzer - INFO - _show_single_example:352 - 
Top-20 Predictions:
2025-10-07 12:58:51 - evaluator.prediction_analyzer - INFO - _show_single_example:354 -   Predicted: ['37', '17', '4', '23', '1', '49', '3', '10', '70', '2', '114', '0', '65', '74', '68', '113', '59', '16', '21', '19']
2025-10-07 12:58:51 - evaluator.prediction_analyzer - INFO - _show_single_example:360 -   ✓ Hits (2): ['3', '2']
2025-10-07 12:58:51 - evaluator.prediction_analyzer - INFO - _show_single_example:363 -   Metrics: Recall=0.667, Precision=0.100
2025-10-07 12:58:51 - evaluator.prediction_analyzer - INFO - _show_single_example:333 - 
--- Example 3 (next-basket prediction) ---
2025-10-07 12:58:51 - evaluator.prediction_analyzer - INFO - _show_single_example:334 - User ID: 3, Basket ID: 15
2025-10-07 12:58:51 - evaluator.prediction_analyzer - INFO - _show_single_example:338 - Ground Truth (3 items): ['65', '3', '70']
2025-10-07 12:58:51 - evaluator.prediction_analyzer - INFO - _show_single_example:352 - 
Top-5 Predictions:
2025-10-07 12:58:51 - evaluator.prediction_analyzer - INFO - _show_single_example:354 -   Predicted: ['17', '4', '23', '1', '49']
2025-10-07 12:58:51 - evaluator.prediction_analyzer - INFO - _show_single_example:365 -   ✗ No hits in top-5
2025-10-07 12:58:51 - evaluator.prediction_analyzer - INFO - _show_single_example:352 - 
Top-10 Predictions:
2025-10-07 12:58:51 - evaluator.prediction_analyzer - INFO - _show_single_example:354 -   Predicted: ['17', '4', '23', '1', '49', '22', '3', '10', '70', '2']
2025-10-07 12:58:51 - evaluator.prediction_analyzer - INFO - _show_single_example:360 -   ✓ Hits (2): ['3', '70']
2025-10-07 12:58:51 - evaluator.prediction_analyzer - INFO - _show_single_example:363 -   Metrics: Recall=0.667, Precision=0.200
2025-10-07 12:58:51 - evaluator.prediction_analyzer - INFO - _show_single_example:352 - 
Top-20 Predictions:
2025-10-07 12:58:51 - evaluator.prediction_analyzer - INFO - _show_single_example:354 -   Predicted: ['17', '4', '23', '1', '49', '22', '3', '10', '70', '2', '114', '11', '0', '65', '74', '68', '113', '59', '16', '21']
2025-10-07 12:58:51 - evaluator.prediction_analyzer - INFO - _show_single_example:360 -   ✓ Hits (3): ['3', '70', '65']
2025-10-07 12:58:51 - evaluator.prediction_analyzer - INFO - _show_single_example:363 -   Metrics: Recall=1.000, Precision=0.150
2025-10-07 12:58:51 - evaluator.prediction_analyzer - INFO - show_detailed_examples:327 - ============================================================
2025-10-07 12:58:51 - evaluator.evaluator - INFO - __enter__:121 - Starting: Computing test metrics
2025-10-07 12:58:51 - evaluator.evaluator - INFO - compute_ranking_metrics:559 - === TEST METRICS SUMMARY ===
2025-10-07 12:58:51 - evaluator.evaluator - INFO - compute_ranking_metrics:561 - recall@10: 0.3440
2025-10-07 12:58:51 - evaluator.evaluator - INFO - compute_ranking_metrics:561 - recall@20: 0.5005
2025-10-07 12:58:51 - evaluator.evaluator - INFO - compute_ranking_metrics:561 - ndcg@10: 0.2120
2025-10-07 12:58:51 - evaluator.evaluator - INFO - compute_ranking_metrics:561 - ndcg@20: 0.2547
2025-10-07 12:58:51 - evaluator.evaluator - INFO - compute_ranking_metrics:561 - hit_ratio@10: 0.6039
2025-10-07 12:58:51 - evaluator.evaluator - INFO - compute_ranking_metrics:561 - hit_ratio@20: 0.7746
2025-10-07 12:58:51 - evaluator.evaluator - INFO - compute_ranking_metrics:561 - precision@10: 0.0745
2025-10-07 12:58:51 - evaluator.evaluator - INFO - compute_ranking_metrics:561 - precision@20: 0.0546
2025-10-07 12:58:51 - evaluator.evaluator - INFO - compute_ranking_metrics:562 - ===================================
2025-10-07 12:58:51 - evaluator.evaluator - INFO - __exit__:128 - Completed: Computing test metrics (took 0.08s)
2025-10-07 12:58:51 - trainer.trainer - INFO - _evaluate_with_full_ranking:663 - TEST Loss: 0.4517
2025-10-07 12:58:51 - trainer.trainer - INFO - __exit__:128 - Completed: Evaluation (test) (took 27.07s)
2025-10-07 12:58:51 - trainer.trainer - INFO - _save_checkpoint:859 - Saved checkpoint: pytorch_pipeline/outputs/checkpoints/best_model.pth
2025-10-07 12:58:51 - trainer.trainer - INFO - _update_best_model:821 - New best model: recall@20=0.5005
2025-10-07 12:58:51 - trainer.trainer - INFO - _train_epoch:353 - Training metrics computation disabled
2025-10-07 12:58:51 - trainer.trainer - INFO - __enter__:121 - Starting: Training epoch 14
2025-10-07 12:59:25 - trainer.trainer - INFO - __exit__:128 - Completed: Training epoch 14 (took 33.63s)
2025-10-07 12:59:25 - trainer.trainer - INFO - _train_epoch:417 - Computing training ranking metrics from 1668 user-basket pairs
2025-10-07 12:59:29 - evaluator.evaluator - INFO - __enter__:121 - Starting: Computing train metrics
2025-10-07 12:59:29 - evaluator.evaluator - INFO - compute_ranking_metrics:559 - === TRAIN METRICS SUMMARY ===
2025-10-07 12:59:29 - evaluator.evaluator - INFO - compute_ranking_metrics:561 - recall@10: 0.1962
2025-10-07 12:59:29 - evaluator.evaluator - INFO - compute_ranking_metrics:561 - recall@20: 0.3108
2025-10-07 12:59:29 - evaluator.evaluator - INFO - compute_ranking_metrics:561 - ndcg@10: 0.1441
2025-10-07 12:59:29 - evaluator.evaluator - INFO - compute_ranking_metrics:561 - ndcg@20: 0.1816
2025-10-07 12:59:29 - evaluator.evaluator - INFO - compute_ranking_metrics:561 - hit_ratio@10: 0.6121
2025-10-07 12:59:29 - evaluator.evaluator - INFO - compute_ranking_metrics:561 - hit_ratio@20: 0.8028
2025-10-07 12:59:29 - evaluator.evaluator - INFO - compute_ranking_metrics:561 - precision@10: 0.0777
2025-10-07 12:59:29 - evaluator.evaluator - INFO - compute_ranking_metrics:561 - precision@20: 0.0616
2025-10-07 12:59:29 - evaluator.evaluator - INFO - compute_ranking_metrics:562 - ===================================
2025-10-07 12:59:29 - evaluator.evaluator - INFO - __exit__:128 - Completed: Computing train metrics (took 0.08s)
2025-10-07 12:59:29 - trainer.trainer - INFO - _train_epoch:424 - Training metrics computed: ['recall@10', 'recall@20', 'ndcg@10', 'ndcg@20', 'hit_ratio@10', 'hit_ratio@20', 'precision@10', 'precision@20']
2025-10-07 12:59:29 - trainer.trainer - INFO - __enter__:121 - Starting: Evaluation (val)
2025-10-07 12:59:29 - trainer.trainer - INFO - _evaluate_with_full_ranking:546 - Built training item mapping for 1668 users
2025-10-07 12:59:54 - trainer.trainer - INFO - _evaluate_with_full_ranking:578 - Found 1757 unique user-basket pairs for evaluation
2025-10-07 12:59:57 - evaluator.prediction_analyzer - INFO - analyze_predictions:161 - Analyzing predictions for 1757 examples (val mode)
2025-10-07 12:59:57 - evaluator.prediction_analyzer - INFO - __enter__:121 - Starting: Prediction analysis (val)
2025-10-07 12:59:57 - evaluator.prediction_analyzer - INFO - __exit__:128 - Completed: Prediction analysis (val) (took 0.06s)
2025-10-07 12:59:57 - evaluator.prediction_analyzer - INFO - _log_analysis_summary:267 - === PREDICTION ANALYSIS SUMMARY (VAL) ===
2025-10-07 12:59:57 - evaluator.prediction_analyzer - INFO - _log_analysis_summary:276 - Ground truth items per example: avg=2.2, min=1, max=3
2025-10-07 12:59:57 - evaluator.prediction_analyzer - INFO - _log_analysis_summary:282 - Epoch range: 0 - 14
2025-10-07 12:59:57 - evaluator.prediction_analyzer - INFO - _log_analysis_summary:300 - Top-5: avg_hits=0.2, avg_recall=0.114, examples_with_hits=162/750
2025-10-07 12:59:57 - evaluator.prediction_analyzer - INFO - _log_analysis_summary:300 - Top-10: avg_hits=0.5, avg_recall=0.216, examples_with_hits=290/750
2025-10-07 12:59:57 - evaluator.prediction_analyzer - INFO - _log_analysis_summary:300 - Top-20: avg_hits=0.8, avg_recall=0.357, examples_with_hits=431/750
2025-10-07 12:59:57 - evaluator.prediction_analyzer - INFO - _save_analysis_to_file:382 - Saved prediction analysis to: pytorch_pipeline/outputs/prediction_analysis/predictions_val_grnn_20251007_124143.json
2025-10-07 12:59:57 - evaluator.prediction_analyzer - INFO - _save_summary_statistics:429 - Saved summary statistics to: pytorch_pipeline/outputs/prediction_analysis/summary_val_grnn_20251007_124143.csv
2025-10-07 12:59:57 - evaluator.evaluator - INFO - __enter__:121 - Starting: Computing val metrics
2025-10-07 12:59:57 - evaluator.evaluator - INFO - compute_ranking_metrics:559 - === VAL METRICS SUMMARY ===
2025-10-07 12:59:57 - evaluator.evaluator - INFO - compute_ranking_metrics:561 - recall@10: 0.3438
2025-10-07 12:59:57 - evaluator.evaluator - INFO - compute_ranking_metrics:561 - recall@20: 0.4981
2025-10-07 12:59:57 - evaluator.evaluator - INFO - compute_ranking_metrics:561 - ndcg@10: 0.2119
2025-10-07 12:59:57 - evaluator.evaluator - INFO - compute_ranking_metrics:561 - ndcg@20: 0.2544
2025-10-07 12:59:57 - evaluator.evaluator - INFO - compute_ranking_metrics:561 - hit_ratio@10: 0.6039
2025-10-07 12:59:57 - evaluator.evaluator - INFO - compute_ranking_metrics:561 - hit_ratio@20: 0.7746
2025-10-07 12:59:57 - evaluator.evaluator - INFO - compute_ranking_metrics:561 - precision@10: 0.0744
2025-10-07 12:59:57 - evaluator.evaluator - INFO - compute_ranking_metrics:561 - precision@20: 0.0543
2025-10-07 12:59:57 - evaluator.evaluator - INFO - compute_ranking_metrics:562 - ===================================
2025-10-07 12:59:57 - evaluator.evaluator - INFO - __exit__:128 - Completed: Computing val metrics (took 0.08s)
2025-10-07 12:59:57 - trainer.trainer - INFO - _evaluate_with_full_ranking:663 - VAL Loss: 0.4453
2025-10-07 12:59:57 - trainer.trainer - INFO - __exit__:128 - Completed: Evaluation (val) (took 27.76s)
2025-10-07 12:59:57 - trainer.trainer - INFO - log_training_metrics:163 - Epoch  14 [combined] - train_loss: 0.6100 | train_recall@10: 0.1962 | train_recall@20: 0.3108 | train_ndcg@10: 0.1441 | train_ndcg@20: 0.1816 | train_hit_ratio@10: 0.6121 | train_hit_ratio@20: 0.8028 | train_precision@10: 0.0777 | train_precision@20: 0.0616 | recall@10: 0.3438 | recall@20: 0.4981 | ndcg@10: 0.2119 | ndcg@20: 0.2544 | hit_ratio@10: 0.6039 | hit_ratio@20: 0.7746 | precision@10: 0.0744 | precision@20: 0.0543 | val_loss: 0.4453
2025-10-07 12:59:57 - trainer.trainer - INFO - __enter__:121 - Starting: Evaluation (test)
2025-10-07 12:59:57 - trainer.trainer - INFO - _evaluate_with_full_ranking:546 - Built training item mapping for 1668 users
2025-10-07 13:00:22 - trainer.trainer - INFO - _evaluate_with_full_ranking:578 - Found 1757 unique user-basket pairs for evaluation
2025-10-07 13:00:24 - evaluator.prediction_analyzer - INFO - analyze_predictions:161 - Analyzing predictions for 1757 examples (test mode)
2025-10-07 13:00:24 - evaluator.prediction_analyzer - INFO - __enter__:121 - Starting: Prediction analysis (test)
2025-10-07 13:00:24 - evaluator.prediction_analyzer - INFO - __exit__:128 - Completed: Prediction analysis (test) (took 0.00s)
2025-10-07 13:00:24 - evaluator.prediction_analyzer - INFO - _log_analysis_summary:267 - === PREDICTION ANALYSIS SUMMARY (TEST) ===
2025-10-07 13:00:24 - evaluator.prediction_analyzer - INFO - _log_analysis_summary:276 - Ground truth items per example: avg=2.2, min=1, max=3
2025-10-07 13:00:24 - evaluator.prediction_analyzer - INFO - _log_analysis_summary:282 - Epoch range: 10 - 14
2025-10-07 13:00:24 - evaluator.prediction_analyzer - INFO - _log_analysis_summary:300 - Top-5: avg_hits=0.5, avg_recall=0.223, examples_with_hits=106/250
2025-10-07 13:00:24 - evaluator.prediction_analyzer - INFO - _log_analysis_summary:300 - Top-10: avg_hits=0.8, avg_recall=0.363, examples_with_hits=155/250
2025-10-07 13:00:24 - evaluator.prediction_analyzer - INFO - _log_analysis_summary:300 - Top-20: avg_hits=1.0, avg_recall=0.492, examples_with_hits=185/250
2025-10-07 13:00:24 - evaluator.prediction_analyzer - INFO - _save_analysis_to_file:382 - Saved prediction analysis to: pytorch_pipeline/outputs/prediction_analysis/predictions_test_grnn_20251007_124143.json
2025-10-07 13:00:24 - evaluator.prediction_analyzer - INFO - _save_summary_statistics:429 - Saved summary statistics to: pytorch_pipeline/outputs/prediction_analysis/summary_test_grnn_20251007_124143.csv
2025-10-07 13:00:24 - evaluator.prediction_analyzer - INFO - show_detailed_examples:321 - === DETAILED PREDICTION EXAMPLES (TEST) ===
2025-10-07 13:00:24 - evaluator.prediction_analyzer - INFO - _show_single_example:333 - 
--- Example 1 (next-basket prediction) ---
2025-10-07 13:00:24 - evaluator.prediction_analyzer - INFO - _show_single_example:334 - User ID: 0, Basket ID: 3
2025-10-07 13:00:24 - evaluator.prediction_analyzer - INFO - _show_single_example:338 - Ground Truth (3 items): ['0', '64', '4']
2025-10-07 13:00:24 - evaluator.prediction_analyzer - INFO - _show_single_example:352 - 
Top-5 Predictions:
2025-10-07 13:00:24 - evaluator.prediction_analyzer - INFO - _show_single_example:354 -   Predicted: ['37', '17', '4', '23', '49']
2025-10-07 13:00:24 - evaluator.prediction_analyzer - INFO - _show_single_example:360 -   ✓ Hits (1): ['4']
2025-10-07 13:00:24 - evaluator.prediction_analyzer - INFO - _show_single_example:363 -   Metrics: Recall=0.333, Precision=0.200
2025-10-07 13:00:24 - evaluator.prediction_analyzer - INFO - _show_single_example:352 - 
Top-10 Predictions:
2025-10-07 13:00:24 - evaluator.prediction_analyzer - INFO - _show_single_example:354 -   Predicted: ['37', '17', '4', '23', '49', '22', '3', '10', '70', '2']
2025-10-07 13:00:24 - evaluator.prediction_analyzer - INFO - _show_single_example:360 -   ✓ Hits (1): ['4']
2025-10-07 13:00:24 - evaluator.prediction_analyzer - INFO - _show_single_example:363 -   Metrics: Recall=0.333, Precision=0.100
2025-10-07 13:00:24 - evaluator.prediction_analyzer - INFO - _show_single_example:352 - 
Top-20 Predictions:
2025-10-07 13:00:24 - evaluator.prediction_analyzer - INFO - _show_single_example:354 -   Predicted: ['37', '17', '4', '23', '49', '22', '3', '10', '70', '2', '114', '11', '0', '65', '74', '68', '113', '59', '16', '21']
2025-10-07 13:00:24 - evaluator.prediction_analyzer - INFO - _show_single_example:360 -   ✓ Hits (2): ['4', '0']
2025-10-07 13:00:24 - evaluator.prediction_analyzer - INFO - _show_single_example:363 -   Metrics: Recall=0.667, Precision=0.100
2025-10-07 13:00:24 - evaluator.prediction_analyzer - INFO - _show_single_example:333 - 
--- Example 2 (next-basket prediction) ---
2025-10-07 13:00:24 - evaluator.prediction_analyzer - INFO - _show_single_example:334 - User ID: 2, Basket ID: 12
2025-10-07 13:00:24 - evaluator.prediction_analyzer - INFO - _show_single_example:338 - Ground Truth (3 items): ['33', '2', '3']
2025-10-07 13:00:24 - evaluator.prediction_analyzer - INFO - _show_single_example:352 - 
Top-5 Predictions:
2025-10-07 13:00:24 - evaluator.prediction_analyzer - INFO - _show_single_example:354 -   Predicted: ['37', '17', '4', '23', '1']
2025-10-07 13:00:24 - evaluator.prediction_analyzer - INFO - _show_single_example:365 -   ✗ No hits in top-5
2025-10-07 13:00:24 - evaluator.prediction_analyzer - INFO - _show_single_example:352 - 
Top-10 Predictions:
2025-10-07 13:00:24 - evaluator.prediction_analyzer - INFO - _show_single_example:354 -   Predicted: ['37', '17', '4', '23', '1', '49', '3', '10', '70', '2']
2025-10-07 13:00:24 - evaluator.prediction_analyzer - INFO - _show_single_example:360 -   ✓ Hits (2): ['3', '2']
2025-10-07 13:00:24 - evaluator.prediction_analyzer - INFO - _show_single_example:363 -   Metrics: Recall=0.667, Precision=0.200
2025-10-07 13:00:24 - evaluator.prediction_analyzer - INFO - _show_single_example:352 - 
Top-20 Predictions:
2025-10-07 13:00:24 - evaluator.prediction_analyzer - INFO - _show_single_example:354 -   Predicted: ['37', '17', '4', '23', '1', '49', '3', '10', '70', '2', '114', '0', '65', '74', '68', '113', '59', '16', '21', '19']
2025-10-07 13:00:24 - evaluator.prediction_analyzer - INFO - _show_single_example:360 -   ✓ Hits (2): ['3', '2']
2025-10-07 13:00:24 - evaluator.prediction_analyzer - INFO - _show_single_example:363 -   Metrics: Recall=0.667, Precision=0.100
2025-10-07 13:00:24 - evaluator.prediction_analyzer - INFO - _show_single_example:333 - 
--- Example 3 (next-basket prediction) ---
2025-10-07 13:00:24 - evaluator.prediction_analyzer - INFO - _show_single_example:334 - User ID: 3, Basket ID: 15
2025-10-07 13:00:24 - evaluator.prediction_analyzer - INFO - _show_single_example:338 - Ground Truth (3 items): ['65', '3', '70']
2025-10-07 13:00:24 - evaluator.prediction_analyzer - INFO - _show_single_example:352 - 
Top-5 Predictions:
2025-10-07 13:00:24 - evaluator.prediction_analyzer - INFO - _show_single_example:354 -   Predicted: ['17', '4', '23', '1', '49']
2025-10-07 13:00:24 - evaluator.prediction_analyzer - INFO - _show_single_example:365 -   ✗ No hits in top-5
2025-10-07 13:00:24 - evaluator.prediction_analyzer - INFO - _show_single_example:352 - 
Top-10 Predictions:
2025-10-07 13:00:24 - evaluator.prediction_analyzer - INFO - _show_single_example:354 -   Predicted: ['17', '4', '23', '1', '49', '22', '3', '10', '70', '2']
2025-10-07 13:00:24 - evaluator.prediction_analyzer - INFO - _show_single_example:360 -   ✓ Hits (2): ['3', '70']
2025-10-07 13:00:24 - evaluator.prediction_analyzer - INFO - _show_single_example:363 -   Metrics: Recall=0.667, Precision=0.200
2025-10-07 13:00:24 - evaluator.prediction_analyzer - INFO - _show_single_example:352 - 
Top-20 Predictions:
2025-10-07 13:00:24 - evaluator.prediction_analyzer - INFO - _show_single_example:354 -   Predicted: ['17', '4', '23', '1', '49', '22', '3', '10', '70', '2', '114', '11', '0', '65', '74', '68', '113', '59', '16', '21']
2025-10-07 13:00:24 - evaluator.prediction_analyzer - INFO - _show_single_example:360 -   ✓ Hits (3): ['3', '70', '65']
2025-10-07 13:00:24 - evaluator.prediction_analyzer - INFO - _show_single_example:363 -   Metrics: Recall=1.000, Precision=0.150
2025-10-07 13:00:24 - evaluator.prediction_analyzer - INFO - show_detailed_examples:327 - ============================================================
2025-10-07 13:00:24 - evaluator.evaluator - INFO - __enter__:121 - Starting: Computing test metrics
2025-10-07 13:00:24 - evaluator.evaluator - INFO - compute_ranking_metrics:559 - === TEST METRICS SUMMARY ===
2025-10-07 13:00:24 - evaluator.evaluator - INFO - compute_ranking_metrics:561 - recall@10: 0.3438
2025-10-07 13:00:24 - evaluator.evaluator - INFO - compute_ranking_metrics:561 - recall@20: 0.4981
2025-10-07 13:00:24 - evaluator.evaluator - INFO - compute_ranking_metrics:561 - ndcg@10: 0.2119
2025-10-07 13:00:24 - evaluator.evaluator - INFO - compute_ranking_metrics:561 - ndcg@20: 0.2544
2025-10-07 13:00:24 - evaluator.evaluator - INFO - compute_ranking_metrics:561 - hit_ratio@10: 0.6039
2025-10-07 13:00:24 - evaluator.evaluator - INFO - compute_ranking_metrics:561 - hit_ratio@20: 0.7746
2025-10-07 13:00:24 - evaluator.evaluator - INFO - compute_ranking_metrics:561 - precision@10: 0.0744
2025-10-07 13:00:24 - evaluator.evaluator - INFO - compute_ranking_metrics:561 - precision@20: 0.0543
2025-10-07 13:00:24 - evaluator.evaluator - INFO - compute_ranking_metrics:562 - ===================================
2025-10-07 13:00:24 - evaluator.evaluator - INFO - __exit__:128 - Completed: Computing test metrics (took 0.09s)
2025-10-07 13:00:24 - trainer.trainer - INFO - _evaluate_with_full_ranking:663 - TEST Loss: 0.4480
2025-10-07 13:00:24 - trainer.trainer - INFO - __exit__:128 - Completed: Evaluation (test) (took 27.26s)
2025-10-07 13:00:24 - trainer.trainer - INFO - _train_epoch:353 - Training metrics computation disabled
2025-10-07 13:00:24 - trainer.trainer - INFO - __enter__:121 - Starting: Training epoch 15
2025-10-07 13:00:57 - trainer.trainer - INFO - __exit__:128 - Completed: Training epoch 15 (took 33.06s)
2025-10-07 13:00:57 - trainer.trainer - INFO - _train_epoch:417 - Computing training ranking metrics from 1668 user-basket pairs
2025-10-07 13:01:02 - evaluator.evaluator - INFO - __enter__:121 - Starting: Computing train metrics
2025-10-07 13:01:02 - evaluator.evaluator - INFO - compute_ranking_metrics:559 - === TRAIN METRICS SUMMARY ===
2025-10-07 13:01:02 - evaluator.evaluator - INFO - compute_ranking_metrics:561 - recall@10: 0.1961
2025-10-07 13:01:02 - evaluator.evaluator - INFO - compute_ranking_metrics:561 - recall@20: 0.3145
2025-10-07 13:01:02 - evaluator.evaluator - INFO - compute_ranking_metrics:561 - ndcg@10: 0.1462
2025-10-07 13:01:02 - evaluator.evaluator - INFO - compute_ranking_metrics:561 - ndcg@20: 0.1850
2025-10-07 13:01:02 - evaluator.evaluator - INFO - compute_ranking_metrics:561 - hit_ratio@10: 0.6127
2025-10-07 13:01:02 - evaluator.evaluator - INFO - compute_ranking_metrics:561 - hit_ratio@20: 0.8147
2025-10-07 13:01:02 - evaluator.evaluator - INFO - compute_ranking_metrics:561 - precision@10: 0.0776
2025-10-07 13:01:02 - evaluator.evaluator - INFO - compute_ranking_metrics:561 - precision@20: 0.0623
2025-10-07 13:01:02 - evaluator.evaluator - INFO - compute_ranking_metrics:562 - ===================================
2025-10-07 13:01:02 - evaluator.evaluator - INFO - __exit__:128 - Completed: Computing train metrics (took 0.08s)
2025-10-07 13:01:02 - trainer.trainer - INFO - _train_epoch:424 - Training metrics computed: ['recall@10', 'recall@20', 'ndcg@10', 'ndcg@20', 'hit_ratio@10', 'hit_ratio@20', 'precision@10', 'precision@20']
2025-10-07 13:01:02 - trainer.trainer - INFO - __enter__:121 - Starting: Evaluation (val)
2025-10-07 13:01:02 - trainer.trainer - INFO - _evaluate_with_full_ranking:546 - Built training item mapping for 1668 users
2025-10-07 13:01:27 - trainer.trainer - INFO - _evaluate_with_full_ranking:578 - Found 1757 unique user-basket pairs for evaluation
2025-10-07 13:01:29 - evaluator.prediction_analyzer - INFO - analyze_predictions:161 - Analyzing predictions for 1757 examples (val mode)
2025-10-07 13:01:29 - evaluator.prediction_analyzer - INFO - __enter__:121 - Starting: Prediction analysis (val)
2025-10-07 13:01:29 - evaluator.prediction_analyzer - INFO - __exit__:128 - Completed: Prediction analysis (val) (took 0.00s)
2025-10-07 13:01:29 - evaluator.prediction_analyzer - INFO - _log_analysis_summary:267 - === PREDICTION ANALYSIS SUMMARY (VAL) ===
2025-10-07 13:01:29 - evaluator.prediction_analyzer - INFO - _log_analysis_summary:276 - Ground truth items per example: avg=2.2, min=1, max=3
2025-10-07 13:01:29 - evaluator.prediction_analyzer - INFO - _log_analysis_summary:282 - Epoch range: 0 - 15
2025-10-07 13:01:29 - evaluator.prediction_analyzer - INFO - _log_analysis_summary:300 - Top-5: avg_hits=0.3, avg_recall=0.121, examples_with_hits=184/800
2025-10-07 13:01:29 - evaluator.prediction_analyzer - INFO - _log_analysis_summary:300 - Top-10: avg_hits=0.5, avg_recall=0.226, examples_with_hits=320/800
2025-10-07 13:01:29 - evaluator.prediction_analyzer - INFO - _log_analysis_summary:300 - Top-20: avg_hits=0.8, avg_recall=0.365, examples_with_hits=467/800
2025-10-07 13:01:29 - evaluator.prediction_analyzer - INFO - _save_analysis_to_file:382 - Saved prediction analysis to: pytorch_pipeline/outputs/prediction_analysis/predictions_val_grnn_20251007_124143.json
2025-10-07 13:01:29 - evaluator.prediction_analyzer - INFO - _save_summary_statistics:429 - Saved summary statistics to: pytorch_pipeline/outputs/prediction_analysis/summary_val_grnn_20251007_124143.csv
2025-10-07 13:01:29 - evaluator.evaluator - INFO - __enter__:121 - Starting: Computing val metrics
2025-10-07 13:01:30 - evaluator.evaluator - INFO - compute_ranking_metrics:559 - === VAL METRICS SUMMARY ===
2025-10-07 13:01:30 - evaluator.evaluator - INFO - compute_ranking_metrics:561 - recall@10: 0.3459
2025-10-07 13:01:30 - evaluator.evaluator - INFO - compute_ranking_metrics:561 - recall@20: 0.4996
2025-10-07 13:01:30 - evaluator.evaluator - INFO - compute_ranking_metrics:561 - ndcg@10: 0.2241
2025-10-07 13:01:30 - evaluator.evaluator - INFO - compute_ranking_metrics:561 - ndcg@20: 0.2664
2025-10-07 13:01:30 - evaluator.evaluator - INFO - compute_ranking_metrics:561 - hit_ratio@10: 0.6022
2025-10-07 13:01:30 - evaluator.evaluator - INFO - compute_ranking_metrics:561 - hit_ratio@20: 0.7758
2025-10-07 13:01:30 - evaluator.evaluator - INFO - compute_ranking_metrics:561 - precision@10: 0.0751
2025-10-07 13:01:30 - evaluator.evaluator - INFO - compute_ranking_metrics:561 - precision@20: 0.0545
2025-10-07 13:01:30 - evaluator.evaluator - INFO - compute_ranking_metrics:562 - ===================================
2025-10-07 13:01:30 - evaluator.evaluator - INFO - __exit__:128 - Completed: Computing val metrics (took 0.08s)
2025-10-07 13:01:30 - trainer.trainer - INFO - _evaluate_with_full_ranking:663 - VAL Loss: 0.4500
2025-10-07 13:01:30 - trainer.trainer - INFO - __exit__:128 - Completed: Evaluation (val) (took 27.67s)
2025-10-07 13:01:30 - trainer.trainer - INFO - log_training_metrics:163 - Epoch  15 [combined] - train_loss: 0.6078 | train_recall@10: 0.1961 | train_recall@20: 0.3145 | train_ndcg@10: 0.1462 | train_ndcg@20: 0.1850 | train_hit_ratio@10: 0.6127 | train_hit_ratio@20: 0.8147 | train_precision@10: 0.0776 | train_precision@20: 0.0623 | recall@10: 0.3459 | recall@20: 0.4996 | ndcg@10: 0.2241 | ndcg@20: 0.2664 | hit_ratio@10: 0.6022 | hit_ratio@20: 0.7758 | precision@10: 0.0751 | precision@20: 0.0545 | val_loss: 0.4500
2025-10-07 13:01:30 - trainer.trainer - INFO - __enter__:121 - Starting: Evaluation (test)
2025-10-07 13:01:30 - trainer.trainer - INFO - _evaluate_with_full_ranking:546 - Built training item mapping for 1668 users
2025-10-07 13:01:54 - trainer.trainer - INFO - _evaluate_with_full_ranking:578 - Found 1757 unique user-basket pairs for evaluation
2025-10-07 13:01:57 - evaluator.prediction_analyzer - INFO - analyze_predictions:161 - Analyzing predictions for 1757 examples (test mode)
2025-10-07 13:01:57 - evaluator.prediction_analyzer - INFO - __enter__:121 - Starting: Prediction analysis (test)
2025-10-07 13:01:57 - evaluator.prediction_analyzer - INFO - __exit__:128 - Completed: Prediction analysis (test) (took 0.00s)
2025-10-07 13:01:57 - evaluator.prediction_analyzer - INFO - _log_analysis_summary:267 - === PREDICTION ANALYSIS SUMMARY (TEST) ===
2025-10-07 13:01:57 - evaluator.prediction_analyzer - INFO - _log_analysis_summary:276 - Ground truth items per example: avg=2.2, min=1, max=3
2025-10-07 13:01:57 - evaluator.prediction_analyzer - INFO - _log_analysis_summary:282 - Epoch range: 10 - 15
2025-10-07 13:01:57 - evaluator.prediction_analyzer - INFO - _log_analysis_summary:300 - Top-5: avg_hits=0.5, avg_recall=0.224, examples_with_hits=128/300
2025-10-07 13:01:57 - evaluator.prediction_analyzer - INFO - _log_analysis_summary:300 - Top-10: avg_hits=0.8, avg_recall=0.364, examples_with_hits=185/300
2025-10-07 13:01:57 - evaluator.prediction_analyzer - INFO - _log_analysis_summary:300 - Top-20: avg_hits=1.0, avg_recall=0.490, examples_with_hits=221/300
2025-10-07 13:01:57 - evaluator.prediction_analyzer - INFO - _save_analysis_to_file:382 - Saved prediction analysis to: pytorch_pipeline/outputs/prediction_analysis/predictions_test_grnn_20251007_124143.json
2025-10-07 13:01:57 - evaluator.prediction_analyzer - INFO - _save_summary_statistics:429 - Saved summary statistics to: pytorch_pipeline/outputs/prediction_analysis/summary_test_grnn_20251007_124143.csv
2025-10-07 13:01:57 - evaluator.prediction_analyzer - INFO - show_detailed_examples:321 - === DETAILED PREDICTION EXAMPLES (TEST) ===
2025-10-07 13:01:57 - evaluator.prediction_analyzer - INFO - _show_single_example:333 - 
--- Example 1 (next-basket prediction) ---
2025-10-07 13:01:57 - evaluator.prediction_analyzer - INFO - _show_single_example:334 - User ID: 0, Basket ID: 3
2025-10-07 13:01:57 - evaluator.prediction_analyzer - INFO - _show_single_example:338 - Ground Truth (3 items): ['0', '64', '4']
2025-10-07 13:01:57 - evaluator.prediction_analyzer - INFO - _show_single_example:352 - 
Top-5 Predictions:
2025-10-07 13:01:57 - evaluator.prediction_analyzer - INFO - _show_single_example:354 -   Predicted: ['37', '17', '4', '23', '49']
2025-10-07 13:01:57 - evaluator.prediction_analyzer - INFO - _show_single_example:360 -   ✓ Hits (1): ['4']
2025-10-07 13:01:57 - evaluator.prediction_analyzer - INFO - _show_single_example:363 -   Metrics: Recall=0.333, Precision=0.200
2025-10-07 13:01:57 - evaluator.prediction_analyzer - INFO - _show_single_example:352 - 
Top-10 Predictions:
2025-10-07 13:01:57 - evaluator.prediction_analyzer - INFO - _show_single_example:354 -   Predicted: ['37', '17', '4', '23', '49', '22', '3', '10', '70', '2']
2025-10-07 13:01:57 - evaluator.prediction_analyzer - INFO - _show_single_example:360 -   ✓ Hits (1): ['4']
2025-10-07 13:01:57 - evaluator.prediction_analyzer - INFO - _show_single_example:363 -   Metrics: Recall=0.333, Precision=0.100
2025-10-07 13:01:57 - evaluator.prediction_analyzer - INFO - _show_single_example:352 - 
Top-20 Predictions:
2025-10-07 13:01:57 - evaluator.prediction_analyzer - INFO - _show_single_example:354 -   Predicted: ['37', '17', '4', '23', '49', '22', '3', '10', '70', '2', '114', '11', '0', '65', '74', '68', '113', '59', '16', '21']
2025-10-07 13:01:57 - evaluator.prediction_analyzer - INFO - _show_single_example:360 -   ✓ Hits (2): ['4', '0']
2025-10-07 13:01:57 - evaluator.prediction_analyzer - INFO - _show_single_example:363 -   Metrics: Recall=0.667, Precision=0.100
2025-10-07 13:01:57 - evaluator.prediction_analyzer - INFO - _show_single_example:333 - 
--- Example 2 (next-basket prediction) ---
2025-10-07 13:01:57 - evaluator.prediction_analyzer - INFO - _show_single_example:334 - User ID: 2, Basket ID: 12
2025-10-07 13:01:57 - evaluator.prediction_analyzer - INFO - _show_single_example:338 - Ground Truth (3 items): ['33', '2', '3']
2025-10-07 13:01:57 - evaluator.prediction_analyzer - INFO - _show_single_example:352 - 
Top-5 Predictions:
2025-10-07 13:01:57 - evaluator.prediction_analyzer - INFO - _show_single_example:354 -   Predicted: ['37', '17', '4', '23', '1']
2025-10-07 13:01:57 - evaluator.prediction_analyzer - INFO - _show_single_example:365 -   ✗ No hits in top-5
2025-10-07 13:01:57 - evaluator.prediction_analyzer - INFO - _show_single_example:352 - 
Top-10 Predictions:
2025-10-07 13:01:57 - evaluator.prediction_analyzer - INFO - _show_single_example:354 -   Predicted: ['37', '17', '4', '23', '1', '49', '3', '10', '70', '2']
2025-10-07 13:01:57 - evaluator.prediction_analyzer - INFO - _show_single_example:360 -   ✓ Hits (2): ['3', '2']
2025-10-07 13:01:57 - evaluator.prediction_analyzer - INFO - _show_single_example:363 -   Metrics: Recall=0.667, Precision=0.200
2025-10-07 13:01:57 - evaluator.prediction_analyzer - INFO - _show_single_example:352 - 
Top-20 Predictions:
2025-10-07 13:01:57 - evaluator.prediction_analyzer - INFO - _show_single_example:354 -   Predicted: ['37', '17', '4', '23', '1', '49', '3', '10', '70', '2', '114', '0', '65', '74', '68', '113', '59', '16', '21', '19']
2025-10-07 13:01:57 - evaluator.prediction_analyzer - INFO - _show_single_example:360 -   ✓ Hits (2): ['3', '2']
2025-10-07 13:01:57 - evaluator.prediction_analyzer - INFO - _show_single_example:363 -   Metrics: Recall=0.667, Precision=0.100
2025-10-07 13:01:57 - evaluator.prediction_analyzer - INFO - _show_single_example:333 - 
--- Example 3 (next-basket prediction) ---
2025-10-07 13:01:57 - evaluator.prediction_analyzer - INFO - _show_single_example:334 - User ID: 3, Basket ID: 15
2025-10-07 13:01:57 - evaluator.prediction_analyzer - INFO - _show_single_example:338 - Ground Truth (3 items): ['65', '3', '70']
2025-10-07 13:01:57 - evaluator.prediction_analyzer - INFO - _show_single_example:352 - 
Top-5 Predictions:
2025-10-07 13:01:57 - evaluator.prediction_analyzer - INFO - _show_single_example:354 -   Predicted: ['17', '4', '23', '1', '49']
2025-10-07 13:01:57 - evaluator.prediction_analyzer - INFO - _show_single_example:365 -   ✗ No hits in top-5
2025-10-07 13:01:57 - evaluator.prediction_analyzer - INFO - _show_single_example:352 - 
Top-10 Predictions:
2025-10-07 13:01:57 - evaluator.prediction_analyzer - INFO - _show_single_example:354 -   Predicted: ['17', '4', '23', '1', '49', '22', '3', '10', '70', '2']
2025-10-07 13:01:57 - evaluator.prediction_analyzer - INFO - _show_single_example:360 -   ✓ Hits (2): ['3', '70']
2025-10-07 13:01:57 - evaluator.prediction_analyzer - INFO - _show_single_example:363 -   Metrics: Recall=0.667, Precision=0.200
2025-10-07 13:01:57 - evaluator.prediction_analyzer - INFO - _show_single_example:352 - 
Top-20 Predictions:
2025-10-07 13:01:57 - evaluator.prediction_analyzer - INFO - _show_single_example:354 -   Predicted: ['17', '4', '23', '1', '49', '22', '3', '10', '70', '2', '114', '11', '0', '65', '74', '68', '113', '59', '16', '21']
2025-10-07 13:01:57 - evaluator.prediction_analyzer - INFO - _show_single_example:360 -   ✓ Hits (3): ['3', '70', '65']
2025-10-07 13:01:57 - evaluator.prediction_analyzer - INFO - _show_single_example:363 -   Metrics: Recall=1.000, Precision=0.150
2025-10-07 13:01:57 - evaluator.prediction_analyzer - INFO - show_detailed_examples:327 - ============================================================
2025-10-07 13:01:57 - evaluator.evaluator - INFO - __enter__:121 - Starting: Computing test metrics
2025-10-07 13:01:57 - evaluator.evaluator - INFO - compute_ranking_metrics:559 - === TEST METRICS SUMMARY ===
2025-10-07 13:01:57 - evaluator.evaluator - INFO - compute_ranking_metrics:561 - recall@10: 0.3462
2025-10-07 13:01:57 - evaluator.evaluator - INFO - compute_ranking_metrics:561 - recall@20: 0.4993
2025-10-07 13:01:57 - evaluator.evaluator - INFO - compute_ranking_metrics:561 - ndcg@10: 0.2242
2025-10-07 13:01:57 - evaluator.evaluator - INFO - compute_ranking_metrics:561 - ndcg@20: 0.2663
2025-10-07 13:01:57 - evaluator.evaluator - INFO - compute_ranking_metrics:561 - hit_ratio@10: 0.6027
2025-10-07 13:01:57 - evaluator.evaluator - INFO - compute_ranking_metrics:561 - hit_ratio@20: 0.7752
2025-10-07 13:01:57 - evaluator.evaluator - INFO - compute_ranking_metrics:561 - precision@10: 0.0752
2025-10-07 13:01:57 - evaluator.evaluator - INFO - compute_ranking_metrics:561 - precision@20: 0.0544
2025-10-07 13:01:57 - evaluator.evaluator - INFO - compute_ranking_metrics:562 - ===================================
2025-10-07 13:01:57 - evaluator.evaluator - INFO - __exit__:128 - Completed: Computing test metrics (took 0.09s)
2025-10-07 13:01:57 - trainer.trainer - INFO - _evaluate_with_full_ranking:663 - TEST Loss: 0.4520
2025-10-07 13:01:57 - trainer.trainer - INFO - __exit__:128 - Completed: Evaluation (test) (took 27.23s)
2025-10-07 13:01:57 - trainer.trainer - INFO - _train_epoch:353 - Training metrics computation disabled
2025-10-07 13:01:57 - trainer.trainer - INFO - __enter__:121 - Starting: Training epoch 16
2025-10-07 13:02:30 - trainer.trainer - INFO - __exit__:128 - Completed: Training epoch 16 (took 33.03s)
2025-10-07 13:02:30 - trainer.trainer - INFO - _train_epoch:417 - Computing training ranking metrics from 1668 user-basket pairs
2025-10-07 13:02:34 - evaluator.evaluator - INFO - __enter__:121 - Starting: Computing train metrics
2025-10-07 13:02:35 - evaluator.evaluator - INFO - compute_ranking_metrics:559 - === TRAIN METRICS SUMMARY ===
2025-10-07 13:02:35 - evaluator.evaluator - INFO - compute_ranking_metrics:561 - recall@10: 0.1986
2025-10-07 13:02:35 - evaluator.evaluator - INFO - compute_ranking_metrics:561 - recall@20: 0.3141
2025-10-07 13:02:35 - evaluator.evaluator - INFO - compute_ranking_metrics:561 - ndcg@10: 0.1477
2025-10-07 13:02:35 - evaluator.evaluator - INFO - compute_ranking_metrics:561 - ndcg@20: 0.1855
2025-10-07 13:02:35 - evaluator.evaluator - INFO - compute_ranking_metrics:561 - hit_ratio@10: 0.6211
2025-10-07 13:02:35 - evaluator.evaluator - INFO - compute_ranking_metrics:561 - hit_ratio@20: 0.8118
2025-10-07 13:02:35 - evaluator.evaluator - INFO - compute_ranking_metrics:561 - precision@10: 0.0786
2025-10-07 13:02:35 - evaluator.evaluator - INFO - compute_ranking_metrics:561 - precision@20: 0.0623
2025-10-07 13:02:35 - evaluator.evaluator - INFO - compute_ranking_metrics:562 - ===================================
2025-10-07 13:02:35 - evaluator.evaluator - INFO - __exit__:128 - Completed: Computing train metrics (took 0.08s)
2025-10-07 13:02:35 - trainer.trainer - INFO - _train_epoch:424 - Training metrics computed: ['recall@10', 'recall@20', 'ndcg@10', 'ndcg@20', 'hit_ratio@10', 'hit_ratio@20', 'precision@10', 'precision@20']
2025-10-07 13:02:35 - trainer.trainer - INFO - __enter__:121 - Starting: Evaluation (val)
2025-10-07 13:02:35 - trainer.trainer - INFO - _evaluate_with_full_ranking:546 - Built training item mapping for 1668 users
2025-10-07 13:02:59 - trainer.trainer - INFO - _evaluate_with_full_ranking:578 - Found 1757 unique user-basket pairs for evaluation
2025-10-07 13:03:02 - evaluator.prediction_analyzer - INFO - analyze_predictions:161 - Analyzing predictions for 1757 examples (val mode)
2025-10-07 13:03:02 - evaluator.prediction_analyzer - INFO - __enter__:121 - Starting: Prediction analysis (val)
2025-10-07 13:03:02 - evaluator.prediction_analyzer - INFO - __exit__:128 - Completed: Prediction analysis (val) (took 0.00s)
2025-10-07 13:03:02 - evaluator.prediction_analyzer - INFO - _log_analysis_summary:267 - === PREDICTION ANALYSIS SUMMARY (VAL) ===
2025-10-07 13:03:02 - evaluator.prediction_analyzer - INFO - _log_analysis_summary:276 - Ground truth items per example: avg=2.2, min=1, max=3
2025-10-07 13:03:02 - evaluator.prediction_analyzer - INFO - _log_analysis_summary:282 - Epoch range: 0 - 16
2025-10-07 13:03:02 - evaluator.prediction_analyzer - INFO - _log_analysis_summary:300 - Top-5: avg_hits=0.3, avg_recall=0.127, examples_with_hits=206/850
2025-10-07 13:03:02 - evaluator.prediction_analyzer - INFO - _log_analysis_summary:300 - Top-10: avg_hits=0.5, avg_recall=0.232, examples_with_hits=348/850
2025-10-07 13:03:02 - evaluator.prediction_analyzer - INFO - _log_analysis_summary:300 - Top-20: avg_hits=0.8, avg_recall=0.371, examples_with_hits=503/850
2025-10-07 13:03:02 - evaluator.prediction_analyzer - INFO - _save_analysis_to_file:382 - Saved prediction analysis to: pytorch_pipeline/outputs/prediction_analysis/predictions_val_grnn_20251007_124143.json
2025-10-07 13:03:02 - evaluator.prediction_analyzer - INFO - _save_summary_statistics:429 - Saved summary statistics to: pytorch_pipeline/outputs/prediction_analysis/summary_val_grnn_20251007_124143.csv
2025-10-07 13:03:02 - evaluator.evaluator - INFO - __enter__:121 - Starting: Computing val metrics
2025-10-07 13:03:02 - evaluator.evaluator - INFO - compute_ranking_metrics:559 - === VAL METRICS SUMMARY ===
2025-10-07 13:03:02 - evaluator.evaluator - INFO - compute_ranking_metrics:561 - recall@10: 0.3471
2025-10-07 13:03:02 - evaluator.evaluator - INFO - compute_ranking_metrics:561 - recall@20: 0.4993
2025-10-07 13:03:02 - evaluator.evaluator - INFO - compute_ranking_metrics:561 - ndcg@10: 0.2263
2025-10-07 13:03:02 - evaluator.evaluator - INFO - compute_ranking_metrics:561 - ndcg@20: 0.2681
2025-10-07 13:03:02 - evaluator.evaluator - INFO - compute_ranking_metrics:561 - hit_ratio@10: 0.6039
2025-10-07 13:03:02 - evaluator.evaluator - INFO - compute_ranking_metrics:561 - hit_ratio@20: 0.7752
2025-10-07 13:03:02 - evaluator.evaluator - INFO - compute_ranking_metrics:561 - precision@10: 0.0752
2025-10-07 13:03:02 - evaluator.evaluator - INFO - compute_ranking_metrics:561 - precision@20: 0.0544
2025-10-07 13:03:02 - evaluator.evaluator - INFO - compute_ranking_metrics:562 - ===================================
2025-10-07 13:03:02 - evaluator.evaluator - INFO - __exit__:128 - Completed: Computing val metrics (took 0.09s)
2025-10-07 13:03:02 - trainer.trainer - INFO - _evaluate_with_full_ranking:663 - VAL Loss: 0.4541
2025-10-07 13:03:02 - trainer.trainer - INFO - __exit__:128 - Completed: Evaluation (val) (took 27.59s)
2025-10-07 13:03:02 - trainer.trainer - INFO - log_training_metrics:163 - Epoch  16 [combined] - train_loss: 0.5999 | train_recall@10: 0.1986 | train_recall@20: 0.3141 | train_ndcg@10: 0.1477 | train_ndcg@20: 0.1855 | train_hit_ratio@10: 0.6211 | train_hit_ratio@20: 0.8118 | train_precision@10: 0.0786 | train_precision@20: 0.0623 | recall@10: 0.3471 | recall@20: 0.4993 | ndcg@10: 0.2263 | ndcg@20: 0.2681 | hit_ratio@10: 0.6039 | hit_ratio@20: 0.7752 | precision@10: 0.0752 | precision@20: 0.0544 | val_loss: 0.4541
2025-10-07 13:03:02 - trainer.trainer - INFO - __enter__:121 - Starting: Evaluation (test)
2025-10-07 13:03:02 - trainer.trainer - INFO - _evaluate_with_full_ranking:546 - Built training item mapping for 1668 users
2025-10-07 13:03:27 - trainer.trainer - INFO - _evaluate_with_full_ranking:578 - Found 1757 unique user-basket pairs for evaluation
2025-10-07 13:03:29 - evaluator.prediction_analyzer - INFO - analyze_predictions:161 - Analyzing predictions for 1757 examples (test mode)
2025-10-07 13:03:29 - evaluator.prediction_analyzer - INFO - __enter__:121 - Starting: Prediction analysis (test)
2025-10-07 13:03:29 - evaluator.prediction_analyzer - INFO - __exit__:128 - Completed: Prediction analysis (test) (took 0.00s)
2025-10-07 13:03:29 - evaluator.prediction_analyzer - INFO - _log_analysis_summary:267 - === PREDICTION ANALYSIS SUMMARY (TEST) ===
2025-10-07 13:03:29 - evaluator.prediction_analyzer - INFO - _log_analysis_summary:276 - Ground truth items per example: avg=2.2, min=1, max=3
2025-10-07 13:03:29 - evaluator.prediction_analyzer - INFO - _log_analysis_summary:282 - Epoch range: 10 - 16
2025-10-07 13:03:29 - evaluator.prediction_analyzer - INFO - _log_analysis_summary:300 - Top-5: avg_hits=0.5, avg_recall=0.225, examples_with_hits=150/350
2025-10-07 13:03:29 - evaluator.prediction_analyzer - INFO - _log_analysis_summary:300 - Top-10: avg_hits=0.8, avg_recall=0.359, examples_with_hits=213/350
2025-10-07 13:03:29 - evaluator.prediction_analyzer - INFO - _log_analysis_summary:300 - Top-20: avg_hits=1.0, avg_recall=0.489, examples_with_hits=257/350
2025-10-07 13:03:29 - evaluator.prediction_analyzer - INFO - _save_analysis_to_file:382 - Saved prediction analysis to: pytorch_pipeline/outputs/prediction_analysis/predictions_test_grnn_20251007_124143.json
2025-10-07 13:03:29 - evaluator.prediction_analyzer - INFO - _save_summary_statistics:429 - Saved summary statistics to: pytorch_pipeline/outputs/prediction_analysis/summary_test_grnn_20251007_124143.csv
2025-10-07 13:03:29 - evaluator.prediction_analyzer - INFO - show_detailed_examples:321 - === DETAILED PREDICTION EXAMPLES (TEST) ===
2025-10-07 13:03:29 - evaluator.prediction_analyzer - INFO - _show_single_example:333 - 
--- Example 1 (next-basket prediction) ---
2025-10-07 13:03:29 - evaluator.prediction_analyzer - INFO - _show_single_example:334 - User ID: 0, Basket ID: 3
2025-10-07 13:03:29 - evaluator.prediction_analyzer - INFO - _show_single_example:338 - Ground Truth (3 items): ['0', '64', '4']
2025-10-07 13:03:29 - evaluator.prediction_analyzer - INFO - _show_single_example:352 - 
Top-5 Predictions:
2025-10-07 13:03:29 - evaluator.prediction_analyzer - INFO - _show_single_example:354 -   Predicted: ['37', '17', '4', '23', '49']
2025-10-07 13:03:29 - evaluator.prediction_analyzer - INFO - _show_single_example:360 -   ✓ Hits (1): ['4']
2025-10-07 13:03:29 - evaluator.prediction_analyzer - INFO - _show_single_example:363 -   Metrics: Recall=0.333, Precision=0.200
2025-10-07 13:03:29 - evaluator.prediction_analyzer - INFO - _show_single_example:352 - 
Top-10 Predictions:
2025-10-07 13:03:29 - evaluator.prediction_analyzer - INFO - _show_single_example:354 -   Predicted: ['37', '17', '4', '23', '49', '22', '3', '10', '70', '2']
2025-10-07 13:03:29 - evaluator.prediction_analyzer - INFO - _show_single_example:360 -   ✓ Hits (1): ['4']
2025-10-07 13:03:29 - evaluator.prediction_analyzer - INFO - _show_single_example:363 -   Metrics: Recall=0.333, Precision=0.100
2025-10-07 13:03:29 - evaluator.prediction_analyzer - INFO - _show_single_example:352 - 
Top-20 Predictions:
2025-10-07 13:03:29 - evaluator.prediction_analyzer - INFO - _show_single_example:354 -   Predicted: ['37', '17', '4', '23', '49', '22', '3', '10', '70', '2', '114', '11', '0', '65', '74', '68', '113', '59', '16', '21']
2025-10-07 13:03:29 - evaluator.prediction_analyzer - INFO - _show_single_example:360 -   ✓ Hits (2): ['4', '0']
2025-10-07 13:03:29 - evaluator.prediction_analyzer - INFO - _show_single_example:363 -   Metrics: Recall=0.667, Precision=0.100
2025-10-07 13:03:29 - evaluator.prediction_analyzer - INFO - _show_single_example:333 - 
--- Example 2 (next-basket prediction) ---
2025-10-07 13:03:29 - evaluator.prediction_analyzer - INFO - _show_single_example:334 - User ID: 2, Basket ID: 12
2025-10-07 13:03:29 - evaluator.prediction_analyzer - INFO - _show_single_example:338 - Ground Truth (3 items): ['33', '2', '3']
2025-10-07 13:03:29 - evaluator.prediction_analyzer - INFO - _show_single_example:352 - 
Top-5 Predictions:
2025-10-07 13:03:29 - evaluator.prediction_analyzer - INFO - _show_single_example:354 -   Predicted: ['37', '17', '4', '23', '1']
2025-10-07 13:03:29 - evaluator.prediction_analyzer - INFO - _show_single_example:365 -   ✗ No hits in top-5
2025-10-07 13:03:29 - evaluator.prediction_analyzer - INFO - _show_single_example:352 - 
Top-10 Predictions:
2025-10-07 13:03:29 - evaluator.prediction_analyzer - INFO - _show_single_example:354 -   Predicted: ['37', '17', '4', '23', '1', '49', '3', '10', '70', '2']
2025-10-07 13:03:29 - evaluator.prediction_analyzer - INFO - _show_single_example:360 -   ✓ Hits (2): ['3', '2']
2025-10-07 13:03:29 - evaluator.prediction_analyzer - INFO - _show_single_example:363 -   Metrics: Recall=0.667, Precision=0.200
2025-10-07 13:03:29 - evaluator.prediction_analyzer - INFO - _show_single_example:352 - 
Top-20 Predictions:
2025-10-07 13:03:29 - evaluator.prediction_analyzer - INFO - _show_single_example:354 -   Predicted: ['37', '17', '4', '23', '1', '49', '3', '10', '70', '2', '114', '0', '65', '74', '68', '113', '59', '16', '21', '19']
2025-10-07 13:03:29 - evaluator.prediction_analyzer - INFO - _show_single_example:360 -   ✓ Hits (2): ['3', '2']
2025-10-07 13:03:29 - evaluator.prediction_analyzer - INFO - _show_single_example:363 -   Metrics: Recall=0.667, Precision=0.100
2025-10-07 13:03:29 - evaluator.prediction_analyzer - INFO - _show_single_example:333 - 
--- Example 3 (next-basket prediction) ---
2025-10-07 13:03:29 - evaluator.prediction_analyzer - INFO - _show_single_example:334 - User ID: 3, Basket ID: 15
2025-10-07 13:03:29 - evaluator.prediction_analyzer - INFO - _show_single_example:338 - Ground Truth (3 items): ['65', '3', '70']
2025-10-07 13:03:29 - evaluator.prediction_analyzer - INFO - _show_single_example:352 - 
Top-5 Predictions:
2025-10-07 13:03:29 - evaluator.prediction_analyzer - INFO - _show_single_example:354 -   Predicted: ['17', '4', '23', '1', '49']
2025-10-07 13:03:29 - evaluator.prediction_analyzer - INFO - _show_single_example:365 -   ✗ No hits in top-5
2025-10-07 13:03:29 - evaluator.prediction_analyzer - INFO - _show_single_example:352 - 
Top-10 Predictions:
2025-10-07 13:03:29 - evaluator.prediction_analyzer - INFO - _show_single_example:354 -   Predicted: ['17', '4', '23', '1', '49', '22', '3', '10', '70', '2']
2025-10-07 13:03:29 - evaluator.prediction_analyzer - INFO - _show_single_example:360 -   ✓ Hits (2): ['3', '70']
2025-10-07 13:03:29 - evaluator.prediction_analyzer - INFO - _show_single_example:363 -   Metrics: Recall=0.667, Precision=0.200
2025-10-07 13:03:29 - evaluator.prediction_analyzer - INFO - _show_single_example:352 - 
Top-20 Predictions:
2025-10-07 13:03:29 - evaluator.prediction_analyzer - INFO - _show_single_example:354 -   Predicted: ['17', '4', '23', '1', '49', '22', '3', '10', '70', '2', '114', '11', '0', '65', '74', '68', '113', '59', '16', '21']
2025-10-07 13:03:29 - evaluator.prediction_analyzer - INFO - _show_single_example:360 -   ✓ Hits (3): ['3', '70', '65']
2025-10-07 13:03:29 - evaluator.prediction_analyzer - INFO - _show_single_example:363 -   Metrics: Recall=1.000, Precision=0.150
2025-10-07 13:03:29 - evaluator.prediction_analyzer - INFO - show_detailed_examples:327 - ============================================================
2025-10-07 13:03:29 - evaluator.evaluator - INFO - __enter__:121 - Starting: Computing test metrics
2025-10-07 13:03:29 - evaluator.evaluator - INFO - compute_ranking_metrics:559 - === TEST METRICS SUMMARY ===
2025-10-07 13:03:29 - evaluator.evaluator - INFO - compute_ranking_metrics:561 - recall@10: 0.3471
2025-10-07 13:03:29 - evaluator.evaluator - INFO - compute_ranking_metrics:561 - recall@20: 0.4993
2025-10-07 13:03:29 - evaluator.evaluator - INFO - compute_ranking_metrics:561 - ndcg@10: 0.2259
2025-10-07 13:03:29 - evaluator.evaluator - INFO - compute_ranking_metrics:561 - ndcg@20: 0.2676
2025-10-07 13:03:29 - evaluator.evaluator - INFO - compute_ranking_metrics:561 - hit_ratio@10: 0.6039
2025-10-07 13:03:29 - evaluator.evaluator - INFO - compute_ranking_metrics:561 - hit_ratio@20: 0.7752
2025-10-07 13:03:29 - evaluator.evaluator - INFO - compute_ranking_metrics:561 - precision@10: 0.0752
2025-10-07 13:03:29 - evaluator.evaluator - INFO - compute_ranking_metrics:561 - precision@20: 0.0544
2025-10-07 13:03:29 - evaluator.evaluator - INFO - compute_ranking_metrics:562 - ===================================
2025-10-07 13:03:29 - evaluator.evaluator - INFO - __exit__:128 - Completed: Computing test metrics (took 0.08s)
2025-10-07 13:03:29 - trainer.trainer - INFO - _evaluate_with_full_ranking:663 - TEST Loss: 0.4515
2025-10-07 13:03:29 - trainer.trainer - INFO - __exit__:128 - Completed: Evaluation (test) (took 27.23s)
2025-10-07 13:03:29 - trainer.trainer - INFO - _train_epoch:353 - Training metrics computation disabled
2025-10-07 13:03:29 - trainer.trainer - INFO - __enter__:121 - Starting: Training epoch 17
2025-10-07 13:04:03 - trainer.trainer - INFO - __exit__:128 - Completed: Training epoch 17 (took 33.83s)
2025-10-07 13:04:03 - trainer.trainer - INFO - _train_epoch:417 - Computing training ranking metrics from 1668 user-basket pairs
2025-10-07 13:04:08 - evaluator.evaluator - INFO - __enter__:121 - Starting: Computing train metrics
2025-10-07 13:04:08 - evaluator.evaluator - INFO - compute_ranking_metrics:559 - === TRAIN METRICS SUMMARY ===
2025-10-07 13:04:08 - evaluator.evaluator - INFO - compute_ranking_metrics:561 - recall@10: 0.1993
2025-10-07 13:04:08 - evaluator.evaluator - INFO - compute_ranking_metrics:561 - recall@20: 0.3146
2025-10-07 13:04:08 - evaluator.evaluator - INFO - compute_ranking_metrics:561 - ndcg@10: 0.1482
2025-10-07 13:04:08 - evaluator.evaluator - INFO - compute_ranking_metrics:561 - ndcg@20: 0.1859
2025-10-07 13:04:08 - evaluator.evaluator - INFO - compute_ranking_metrics:561 - hit_ratio@10: 0.6235
2025-10-07 13:04:08 - evaluator.evaluator - INFO - compute_ranking_metrics:561 - hit_ratio@20: 0.8141
2025-10-07 13:04:08 - evaluator.evaluator - INFO - compute_ranking_metrics:561 - precision@10: 0.0788
2025-10-07 13:04:08 - evaluator.evaluator - INFO - compute_ranking_metrics:561 - precision@20: 0.0624
2025-10-07 13:04:08 - evaluator.evaluator - INFO - compute_ranking_metrics:562 - ===================================
2025-10-07 13:04:08 - evaluator.evaluator - INFO - __exit__:128 - Completed: Computing train metrics (took 0.08s)
2025-10-07 13:04:08 - trainer.trainer - INFO - _train_epoch:424 - Training metrics computed: ['recall@10', 'recall@20', 'ndcg@10', 'ndcg@20', 'hit_ratio@10', 'hit_ratio@20', 'precision@10', 'precision@20']
2025-10-07 13:04:08 - trainer.trainer - INFO - __enter__:121 - Starting: Evaluation (val)
2025-10-07 13:04:08 - trainer.trainer - INFO - _evaluate_with_full_ranking:546 - Built training item mapping for 1668 users
2025-10-07 13:04:33 - trainer.trainer - INFO - _evaluate_with_full_ranking:578 - Found 1757 unique user-basket pairs for evaluation
2025-10-07 13:04:35 - evaluator.prediction_analyzer - INFO - analyze_predictions:161 - Analyzing predictions for 1757 examples (val mode)
2025-10-07 13:04:35 - evaluator.prediction_analyzer - INFO - __enter__:121 - Starting: Prediction analysis (val)
2025-10-07 13:04:35 - evaluator.prediction_analyzer - INFO - __exit__:128 - Completed: Prediction analysis (val) (took 0.00s)
2025-10-07 13:04:35 - evaluator.prediction_analyzer - INFO - _log_analysis_summary:267 - === PREDICTION ANALYSIS SUMMARY (VAL) ===
2025-10-07 13:04:35 - evaluator.prediction_analyzer - INFO - _log_analysis_summary:276 - Ground truth items per example: avg=2.2, min=1, max=3
2025-10-07 13:04:35 - evaluator.prediction_analyzer - INFO - _log_analysis_summary:282 - Epoch range: 0 - 17
2025-10-07 13:04:35 - evaluator.prediction_analyzer - INFO - _log_analysis_summary:300 - Top-5: avg_hits=0.3, avg_recall=0.133, examples_with_hits=228/900
2025-10-07 13:04:35 - evaluator.prediction_analyzer - INFO - _log_analysis_summary:300 - Top-10: avg_hits=0.5, avg_recall=0.238, examples_with_hits=377/900
2025-10-07 13:04:35 - evaluator.prediction_analyzer - INFO - _log_analysis_summary:300 - Top-20: avg_hits=0.8, avg_recall=0.377, examples_with_hits=539/900
2025-10-07 13:04:35 - evaluator.prediction_analyzer - INFO - _save_analysis_to_file:382 - Saved prediction analysis to: pytorch_pipeline/outputs/prediction_analysis/predictions_val_grnn_20251007_124143.json
2025-10-07 13:04:35 - evaluator.prediction_analyzer - INFO - _save_summary_statistics:429 - Saved summary statistics to: pytorch_pipeline/outputs/prediction_analysis/summary_val_grnn_20251007_124143.csv
2025-10-07 13:04:35 - evaluator.evaluator - INFO - __enter__:121 - Starting: Computing val metrics
2025-10-07 13:04:35 - evaluator.evaluator - INFO - compute_ranking_metrics:559 - === VAL METRICS SUMMARY ===
2025-10-07 13:04:35 - evaluator.evaluator - INFO - compute_ranking_metrics:561 - recall@10: 0.3457
2025-10-07 13:04:35 - evaluator.evaluator - INFO - compute_ranking_metrics:561 - recall@20: 0.4991
2025-10-07 13:04:35 - evaluator.evaluator - INFO - compute_ranking_metrics:561 - ndcg@10: 0.2234
2025-10-07 13:04:35 - evaluator.evaluator - INFO - compute_ranking_metrics:561 - ndcg@20: 0.2654
2025-10-07 13:04:35 - evaluator.evaluator - INFO - compute_ranking_metrics:561 - hit_ratio@10: 0.6033
2025-10-07 13:04:35 - evaluator.evaluator - INFO - compute_ranking_metrics:561 - hit_ratio@20: 0.7752
2025-10-07 13:04:35 - evaluator.evaluator - INFO - compute_ranking_metrics:561 - precision@10: 0.0750
2025-10-07 13:04:35 - evaluator.evaluator - INFO - compute_ranking_metrics:561 - precision@20: 0.0544
2025-10-07 13:04:35 - evaluator.evaluator - INFO - compute_ranking_metrics:562 - ===================================
2025-10-07 13:04:35 - evaluator.evaluator - INFO - __exit__:128 - Completed: Computing val metrics (took 0.08s)
2025-10-07 13:04:35 - trainer.trainer - INFO - _evaluate_with_full_ranking:663 - VAL Loss: 0.4477
2025-10-07 13:04:35 - trainer.trainer - INFO - __exit__:128 - Completed: Evaluation (val) (took 27.43s)
2025-10-07 13:04:35 - trainer.trainer - INFO - log_training_metrics:163 - Epoch  17 [combined] - train_loss: 0.5974 | train_recall@10: 0.1993 | train_recall@20: 0.3146 | train_ndcg@10: 0.1482 | train_ndcg@20: 0.1859 | train_hit_ratio@10: 0.6235 | train_hit_ratio@20: 0.8141 | train_precision@10: 0.0788 | train_precision@20: 0.0624 | recall@10: 0.3457 | recall@20: 0.4991 | ndcg@10: 0.2234 | ndcg@20: 0.2654 | hit_ratio@10: 0.6033 | hit_ratio@20: 0.7752 | precision@10: 0.0750 | precision@20: 0.0544 | val_loss: 0.4477
2025-10-07 13:04:35 - trainer.trainer - INFO - __enter__:121 - Starting: Evaluation (test)
2025-10-07 13:04:36 - trainer.trainer - INFO - _evaluate_with_full_ranking:546 - Built training item mapping for 1668 users
2025-10-07 13:05:00 - trainer.trainer - INFO - _evaluate_with_full_ranking:578 - Found 1757 unique user-basket pairs for evaluation
2025-10-07 13:05:03 - evaluator.prediction_analyzer - INFO - analyze_predictions:161 - Analyzing predictions for 1757 examples (test mode)
2025-10-07 13:05:03 - evaluator.prediction_analyzer - INFO - __enter__:121 - Starting: Prediction analysis (test)
2025-10-07 13:05:03 - evaluator.prediction_analyzer - INFO - __exit__:128 - Completed: Prediction analysis (test) (took 0.00s)
2025-10-07 13:05:03 - evaluator.prediction_analyzer - INFO - _log_analysis_summary:267 - === PREDICTION ANALYSIS SUMMARY (TEST) ===
2025-10-07 13:05:03 - evaluator.prediction_analyzer - INFO - _log_analysis_summary:276 - Ground truth items per example: avg=2.2, min=1, max=3
2025-10-07 13:05:03 - evaluator.prediction_analyzer - INFO - _log_analysis_summary:282 - Epoch range: 10 - 17
2025-10-07 13:05:03 - evaluator.prediction_analyzer - INFO - _log_analysis_summary:300 - Top-5: avg_hits=0.5, avg_recall=0.225, examples_with_hits=172/400
2025-10-07 13:05:03 - evaluator.prediction_analyzer - INFO - _log_analysis_summary:300 - Top-10: avg_hits=0.7, avg_recall=0.355, examples_with_hits=241/400
2025-10-07 13:05:03 - evaluator.prediction_analyzer - INFO - _log_analysis_summary:300 - Top-20: avg_hits=1.0, avg_recall=0.487, examples_with_hits=293/400
2025-10-07 13:05:03 - evaluator.prediction_analyzer - INFO - _save_analysis_to_file:382 - Saved prediction analysis to: pytorch_pipeline/outputs/prediction_analysis/predictions_test_grnn_20251007_124143.json
2025-10-07 13:05:03 - evaluator.prediction_analyzer - INFO - _save_summary_statistics:429 - Saved summary statistics to: pytorch_pipeline/outputs/prediction_analysis/summary_test_grnn_20251007_124143.csv
2025-10-07 13:05:03 - evaluator.prediction_analyzer - INFO - show_detailed_examples:321 - === DETAILED PREDICTION EXAMPLES (TEST) ===
2025-10-07 13:05:03 - evaluator.prediction_analyzer - INFO - _show_single_example:333 - 
--- Example 1 (next-basket prediction) ---
2025-10-07 13:05:03 - evaluator.prediction_analyzer - INFO - _show_single_example:334 - User ID: 0, Basket ID: 3
2025-10-07 13:05:03 - evaluator.prediction_analyzer - INFO - _show_single_example:338 - Ground Truth (3 items): ['0', '64', '4']
2025-10-07 13:05:03 - evaluator.prediction_analyzer - INFO - _show_single_example:352 - 
Top-5 Predictions:
2025-10-07 13:05:03 - evaluator.prediction_analyzer - INFO - _show_single_example:354 -   Predicted: ['37', '17', '4', '23', '49']
2025-10-07 13:05:03 - evaluator.prediction_analyzer - INFO - _show_single_example:360 -   ✓ Hits (1): ['4']
2025-10-07 13:05:03 - evaluator.prediction_analyzer - INFO - _show_single_example:363 -   Metrics: Recall=0.333, Precision=0.200
2025-10-07 13:05:03 - evaluator.prediction_analyzer - INFO - _show_single_example:352 - 
Top-10 Predictions:
2025-10-07 13:05:03 - evaluator.prediction_analyzer - INFO - _show_single_example:354 -   Predicted: ['37', '17', '4', '23', '49', '22', '3', '10', '70', '2']
2025-10-07 13:05:03 - evaluator.prediction_analyzer - INFO - _show_single_example:360 -   ✓ Hits (1): ['4']
2025-10-07 13:05:03 - evaluator.prediction_analyzer - INFO - _show_single_example:363 -   Metrics: Recall=0.333, Precision=0.100
2025-10-07 13:05:03 - evaluator.prediction_analyzer - INFO - _show_single_example:352 - 
Top-20 Predictions:
2025-10-07 13:05:03 - evaluator.prediction_analyzer - INFO - _show_single_example:354 -   Predicted: ['37', '17', '4', '23', '49', '22', '3', '10', '70', '2', '114', '11', '0', '65', '74', '68', '113', '59', '16', '21']
2025-10-07 13:05:03 - evaluator.prediction_analyzer - INFO - _show_single_example:360 -   ✓ Hits (2): ['4', '0']
2025-10-07 13:05:03 - evaluator.prediction_analyzer - INFO - _show_single_example:363 -   Metrics: Recall=0.667, Precision=0.100
2025-10-07 13:05:03 - evaluator.prediction_analyzer - INFO - _show_single_example:333 - 
--- Example 2 (next-basket prediction) ---
2025-10-07 13:05:03 - evaluator.prediction_analyzer - INFO - _show_single_example:334 - User ID: 2, Basket ID: 12
2025-10-07 13:05:03 - evaluator.prediction_analyzer - INFO - _show_single_example:338 - Ground Truth (3 items): ['33', '2', '3']
2025-10-07 13:05:03 - evaluator.prediction_analyzer - INFO - _show_single_example:352 - 
Top-5 Predictions:
2025-10-07 13:05:03 - evaluator.prediction_analyzer - INFO - _show_single_example:354 -   Predicted: ['37', '17', '4', '23', '1']
2025-10-07 13:05:03 - evaluator.prediction_analyzer - INFO - _show_single_example:365 -   ✗ No hits in top-5
2025-10-07 13:05:03 - evaluator.prediction_analyzer - INFO - _show_single_example:352 - 
Top-10 Predictions:
2025-10-07 13:05:03 - evaluator.prediction_analyzer - INFO - _show_single_example:354 -   Predicted: ['37', '17', '4', '23', '1', '49', '3', '10', '70', '2']
2025-10-07 13:05:03 - evaluator.prediction_analyzer - INFO - _show_single_example:360 -   ✓ Hits (2): ['3', '2']
2025-10-07 13:05:03 - evaluator.prediction_analyzer - INFO - _show_single_example:363 -   Metrics: Recall=0.667, Precision=0.200
2025-10-07 13:05:03 - evaluator.prediction_analyzer - INFO - _show_single_example:352 - 
Top-20 Predictions:
2025-10-07 13:05:03 - evaluator.prediction_analyzer - INFO - _show_single_example:354 -   Predicted: ['37', '17', '4', '23', '1', '49', '3', '10', '70', '2', '114', '0', '65', '74', '68', '113', '59', '16', '21', '19']
2025-10-07 13:05:03 - evaluator.prediction_analyzer - INFO - _show_single_example:360 -   ✓ Hits (2): ['3', '2']
2025-10-07 13:05:03 - evaluator.prediction_analyzer - INFO - _show_single_example:363 -   Metrics: Recall=0.667, Precision=0.100
2025-10-07 13:05:03 - evaluator.prediction_analyzer - INFO - _show_single_example:333 - 
--- Example 3 (next-basket prediction) ---
2025-10-07 13:05:03 - evaluator.prediction_analyzer - INFO - _show_single_example:334 - User ID: 3, Basket ID: 15
2025-10-07 13:05:03 - evaluator.prediction_analyzer - INFO - _show_single_example:338 - Ground Truth (3 items): ['65', '3', '70']
2025-10-07 13:05:03 - evaluator.prediction_analyzer - INFO - _show_single_example:352 - 
Top-5 Predictions:
2025-10-07 13:05:03 - evaluator.prediction_analyzer - INFO - _show_single_example:354 -   Predicted: ['17', '4', '23', '1', '49']
2025-10-07 13:05:03 - evaluator.prediction_analyzer - INFO - _show_single_example:365 -   ✗ No hits in top-5
2025-10-07 13:05:03 - evaluator.prediction_analyzer - INFO - _show_single_example:352 - 
Top-10 Predictions:
2025-10-07 13:05:03 - evaluator.prediction_analyzer - INFO - _show_single_example:354 -   Predicted: ['17', '4', '23', '1', '49', '22', '3', '10', '70', '2']
2025-10-07 13:05:03 - evaluator.prediction_analyzer - INFO - _show_single_example:360 -   ✓ Hits (2): ['3', '70']
2025-10-07 13:05:03 - evaluator.prediction_analyzer - INFO - _show_single_example:363 -   Metrics: Recall=0.667, Precision=0.200
2025-10-07 13:05:03 - evaluator.prediction_analyzer - INFO - _show_single_example:352 - 
Top-20 Predictions:
2025-10-07 13:05:03 - evaluator.prediction_analyzer - INFO - _show_single_example:354 -   Predicted: ['17', '4', '23', '1', '49', '22', '3', '10', '70', '2', '114', '11', '0', '65', '74', '68', '113', '59', '16', '21']
2025-10-07 13:05:03 - evaluator.prediction_analyzer - INFO - _show_single_example:360 -   ✓ Hits (3): ['3', '70', '65']
2025-10-07 13:05:03 - evaluator.prediction_analyzer - INFO - _show_single_example:363 -   Metrics: Recall=1.000, Precision=0.150
2025-10-07 13:05:03 - evaluator.prediction_analyzer - INFO - show_detailed_examples:327 - ============================================================
2025-10-07 13:05:03 - evaluator.evaluator - INFO - __enter__:121 - Starting: Computing test metrics
2025-10-07 13:05:03 - evaluator.evaluator - INFO - compute_ranking_metrics:559 - === TEST METRICS SUMMARY ===
2025-10-07 13:05:03 - evaluator.evaluator - INFO - compute_ranking_metrics:561 - recall@10: 0.3453
2025-10-07 13:05:03 - evaluator.evaluator - INFO - compute_ranking_metrics:561 - recall@20: 0.4994
2025-10-07 13:05:03 - evaluator.evaluator - INFO - compute_ranking_metrics:561 - ndcg@10: 0.2237
2025-10-07 13:05:03 - evaluator.evaluator - INFO - compute_ranking_metrics:561 - ndcg@20: 0.2659
2025-10-07 13:05:03 - evaluator.evaluator - INFO - compute_ranking_metrics:561 - hit_ratio@10: 0.6033
2025-10-07 13:05:03 - evaluator.evaluator - INFO - compute_ranking_metrics:561 - hit_ratio@20: 0.7758
2025-10-07 13:05:03 - evaluator.evaluator - INFO - compute_ranking_metrics:561 - precision@10: 0.0748
2025-10-07 13:05:03 - evaluator.evaluator - INFO - compute_ranking_metrics:561 - precision@20: 0.0544
2025-10-07 13:05:03 - evaluator.evaluator - INFO - compute_ranking_metrics:562 - ===================================
2025-10-07 13:05:03 - evaluator.evaluator - INFO - __exit__:128 - Completed: Computing test metrics (took 0.08s)
2025-10-07 13:05:03 - trainer.trainer - INFO - _evaluate_with_full_ranking:663 - TEST Loss: 0.4467
2025-10-07 13:05:03 - trainer.trainer - INFO - __exit__:128 - Completed: Evaluation (test) (took 27.41s)
2025-10-07 13:05:03 - trainer.trainer - INFO - _train_epoch:353 - Training metrics computation disabled
2025-10-07 13:05:03 - trainer.trainer - INFO - __enter__:121 - Starting: Training epoch 18
2025-10-07 13:05:36 - trainer.trainer - INFO - __exit__:128 - Completed: Training epoch 18 (took 33.47s)
2025-10-07 13:05:36 - trainer.trainer - INFO - _train_epoch:417 - Computing training ranking metrics from 1668 user-basket pairs
2025-10-07 13:05:41 - evaluator.evaluator - INFO - __enter__:121 - Starting: Computing train metrics
2025-10-07 13:05:41 - evaluator.evaluator - INFO - compute_ranking_metrics:559 - === TRAIN METRICS SUMMARY ===
2025-10-07 13:05:41 - evaluator.evaluator - INFO - compute_ranking_metrics:561 - recall@10: 0.1983
2025-10-07 13:05:41 - evaluator.evaluator - INFO - compute_ranking_metrics:561 - recall@20: 0.3155
2025-10-07 13:05:41 - evaluator.evaluator - INFO - compute_ranking_metrics:561 - ndcg@10: 0.1475
2025-10-07 13:05:41 - evaluator.evaluator - INFO - compute_ranking_metrics:561 - ndcg@20: 0.1858
2025-10-07 13:05:41 - evaluator.evaluator - INFO - compute_ranking_metrics:561 - hit_ratio@10: 0.6217
2025-10-07 13:05:41 - evaluator.evaluator - INFO - compute_ranking_metrics:561 - hit_ratio@20: 0.8195
2025-10-07 13:05:41 - evaluator.evaluator - INFO - compute_ranking_metrics:561 - precision@10: 0.0785
2025-10-07 13:05:41 - evaluator.evaluator - INFO - compute_ranking_metrics:561 - precision@20: 0.0625
2025-10-07 13:05:41 - evaluator.evaluator - INFO - compute_ranking_metrics:562 - ===================================
2025-10-07 13:05:41 - evaluator.evaluator - INFO - __exit__:128 - Completed: Computing train metrics (took 0.08s)
2025-10-07 13:05:41 - trainer.trainer - INFO - _train_epoch:424 - Training metrics computed: ['recall@10', 'recall@20', 'ndcg@10', 'ndcg@20', 'hit_ratio@10', 'hit_ratio@20', 'precision@10', 'precision@20']
2025-10-07 13:05:41 - trainer.trainer - INFO - __enter__:121 - Starting: Evaluation (val)
2025-10-07 13:05:41 - trainer.trainer - INFO - _evaluate_with_full_ranking:546 - Built training item mapping for 1668 users
2025-10-07 13:06:07 - trainer.trainer - INFO - _evaluate_with_full_ranking:578 - Found 1757 unique user-basket pairs for evaluation
2025-10-07 13:06:09 - evaluator.prediction_analyzer - INFO - analyze_predictions:161 - Analyzing predictions for 1757 examples (val mode)
2025-10-07 13:06:09 - evaluator.prediction_analyzer - INFO - __enter__:121 - Starting: Prediction analysis (val)
2025-10-07 13:06:09 - evaluator.prediction_analyzer - INFO - __exit__:128 - Completed: Prediction analysis (val) (took 0.00s)
2025-10-07 13:06:09 - evaluator.prediction_analyzer - INFO - _log_analysis_summary:267 - === PREDICTION ANALYSIS SUMMARY (VAL) ===
2025-10-07 13:06:09 - evaluator.prediction_analyzer - INFO - _log_analysis_summary:276 - Ground truth items per example: avg=2.2, min=1, max=3
2025-10-07 13:06:09 - evaluator.prediction_analyzer - INFO - _log_analysis_summary:282 - Epoch range: 0 - 18
2025-10-07 13:06:09 - evaluator.prediction_analyzer - INFO - _log_analysis_summary:300 - Top-5: avg_hits=0.3, avg_recall=0.138, examples_with_hits=250/950
2025-10-07 13:06:09 - evaluator.prediction_analyzer - INFO - _log_analysis_summary:300 - Top-10: avg_hits=0.5, avg_recall=0.243, examples_with_hits=405/950
2025-10-07 13:06:09 - evaluator.prediction_analyzer - INFO - _log_analysis_summary:300 - Top-20: avg_hits=0.8, avg_recall=0.383, examples_with_hits=576/950
2025-10-07 13:06:09 - evaluator.prediction_analyzer - INFO - _save_analysis_to_file:382 - Saved prediction analysis to: pytorch_pipeline/outputs/prediction_analysis/predictions_val_grnn_20251007_124143.json
2025-10-07 13:06:09 - evaluator.prediction_analyzer - INFO - _save_summary_statistics:429 - Saved summary statistics to: pytorch_pipeline/outputs/prediction_analysis/summary_val_grnn_20251007_124143.csv
2025-10-07 13:06:09 - evaluator.evaluator - INFO - __enter__:121 - Starting: Computing val metrics
2025-10-07 13:06:09 - evaluator.evaluator - INFO - compute_ranking_metrics:559 - === VAL METRICS SUMMARY ===
2025-10-07 13:06:09 - evaluator.evaluator - INFO - compute_ranking_metrics:561 - recall@10: 0.3514
2025-10-07 13:06:09 - evaluator.evaluator - INFO - compute_ranking_metrics:561 - recall@20: 0.4987
2025-10-07 13:06:09 - evaluator.evaluator - INFO - compute_ranking_metrics:561 - ndcg@10: 0.2273
2025-10-07 13:06:09 - evaluator.evaluator - INFO - compute_ranking_metrics:561 - ndcg@20: 0.2674
2025-10-07 13:06:09 - evaluator.evaluator - INFO - compute_ranking_metrics:561 - hit_ratio@10: 0.6096
2025-10-07 13:06:09 - evaluator.evaluator - INFO - compute_ranking_metrics:561 - hit_ratio@20: 0.7758
2025-10-07 13:06:09 - evaluator.evaluator - INFO - compute_ranking_metrics:561 - precision@10: 0.0762
2025-10-07 13:06:09 - evaluator.evaluator - INFO - compute_ranking_metrics:561 - precision@20: 0.0544
2025-10-07 13:06:09 - evaluator.evaluator - INFO - compute_ranking_metrics:562 - ===================================
2025-10-07 13:06:09 - evaluator.evaluator - INFO - __exit__:128 - Completed: Computing val metrics (took 0.08s)
2025-10-07 13:06:09 - trainer.trainer - INFO - _evaluate_with_full_ranking:663 - VAL Loss: 0.4689
2025-10-07 13:06:09 - trainer.trainer - INFO - __exit__:128 - Completed: Evaluation (val) (took 27.76s)
2025-10-07 13:06:09 - trainer.trainer - INFO - log_training_metrics:163 - Epoch  18 [combined] - train_loss: 0.5989 | train_recall@10: 0.1983 | train_recall@20: 0.3155 | train_ndcg@10: 0.1475 | train_ndcg@20: 0.1858 | train_hit_ratio@10: 0.6217 | train_hit_ratio@20: 0.8195 | train_precision@10: 0.0785 | train_precision@20: 0.0625 | recall@10: 0.3514 | recall@20: 0.4987 | ndcg@10: 0.2273 | ndcg@20: 0.2674 | hit_ratio@10: 0.6096 | hit_ratio@20: 0.7758 | precision@10: 0.0762 | precision@20: 0.0544 | val_loss: 0.4689
2025-10-07 13:06:09 - trainer.trainer - INFO - __enter__:121 - Starting: Evaluation (test)
2025-10-07 13:06:09 - trainer.trainer - INFO - _evaluate_with_full_ranking:546 - Built training item mapping for 1668 users
2025-10-07 13:06:34 - trainer.trainer - INFO - _evaluate_with_full_ranking:578 - Found 1757 unique user-basket pairs for evaluation
2025-10-07 13:06:37 - evaluator.prediction_analyzer - INFO - analyze_predictions:161 - Analyzing predictions for 1757 examples (test mode)
2025-10-07 13:06:37 - evaluator.prediction_analyzer - INFO - __enter__:121 - Starting: Prediction analysis (test)
2025-10-07 13:06:37 - evaluator.prediction_analyzer - INFO - __exit__:128 - Completed: Prediction analysis (test) (took 0.00s)
2025-10-07 13:06:37 - evaluator.prediction_analyzer - INFO - _log_analysis_summary:267 - === PREDICTION ANALYSIS SUMMARY (TEST) ===
2025-10-07 13:06:37 - evaluator.prediction_analyzer - INFO - _log_analysis_summary:276 - Ground truth items per example: avg=2.2, min=1, max=3
2025-10-07 13:06:37 - evaluator.prediction_analyzer - INFO - _log_analysis_summary:282 - Epoch range: 10 - 18
2025-10-07 13:06:37 - evaluator.prediction_analyzer - INFO - _log_analysis_summary:300 - Top-5: avg_hits=0.5, avg_recall=0.226, examples_with_hits=194/450
2025-10-07 13:06:37 - evaluator.prediction_analyzer - INFO - _log_analysis_summary:300 - Top-10: avg_hits=0.7, avg_recall=0.353, examples_with_hits=269/450
2025-10-07 13:06:37 - evaluator.prediction_analyzer - INFO - _log_analysis_summary:300 - Top-20: avg_hits=1.0, avg_recall=0.488, examples_with_hits=330/450
2025-10-07 13:06:37 - evaluator.prediction_analyzer - INFO - _save_analysis_to_file:382 - Saved prediction analysis to: pytorch_pipeline/outputs/prediction_analysis/predictions_test_grnn_20251007_124143.json
2025-10-07 13:06:37 - evaluator.prediction_analyzer - INFO - _save_summary_statistics:429 - Saved summary statistics to: pytorch_pipeline/outputs/prediction_analysis/summary_test_grnn_20251007_124143.csv
2025-10-07 13:06:37 - evaluator.prediction_analyzer - INFO - show_detailed_examples:321 - === DETAILED PREDICTION EXAMPLES (TEST) ===
2025-10-07 13:06:37 - evaluator.prediction_analyzer - INFO - _show_single_example:333 - 
--- Example 1 (next-basket prediction) ---
2025-10-07 13:06:37 - evaluator.prediction_analyzer - INFO - _show_single_example:334 - User ID: 0, Basket ID: 3
2025-10-07 13:06:37 - evaluator.prediction_analyzer - INFO - _show_single_example:338 - Ground Truth (3 items): ['0', '64', '4']
2025-10-07 13:06:37 - evaluator.prediction_analyzer - INFO - _show_single_example:352 - 
Top-5 Predictions:
2025-10-07 13:06:37 - evaluator.prediction_analyzer - INFO - _show_single_example:354 -   Predicted: ['37', '17', '4', '23', '49']
2025-10-07 13:06:37 - evaluator.prediction_analyzer - INFO - _show_single_example:360 -   ✓ Hits (1): ['4']
2025-10-07 13:06:37 - evaluator.prediction_analyzer - INFO - _show_single_example:363 -   Metrics: Recall=0.333, Precision=0.200
2025-10-07 13:06:37 - evaluator.prediction_analyzer - INFO - _show_single_example:352 - 
Top-10 Predictions:
2025-10-07 13:06:37 - evaluator.prediction_analyzer - INFO - _show_single_example:354 -   Predicted: ['37', '17', '4', '23', '49', '22', '3', '10', '70', '2']
2025-10-07 13:06:37 - evaluator.prediction_analyzer - INFO - _show_single_example:360 -   ✓ Hits (1): ['4']
2025-10-07 13:06:37 - evaluator.prediction_analyzer - INFO - _show_single_example:363 -   Metrics: Recall=0.333, Precision=0.100
2025-10-07 13:06:37 - evaluator.prediction_analyzer - INFO - _show_single_example:352 - 
Top-20 Predictions:
2025-10-07 13:06:37 - evaluator.prediction_analyzer - INFO - _show_single_example:354 -   Predicted: ['37', '17', '4', '23', '49', '22', '3', '10', '70', '2', '114', '11', '0', '65', '74', '68', '113', '59', '16', '21']
2025-10-07 13:06:37 - evaluator.prediction_analyzer - INFO - _show_single_example:360 -   ✓ Hits (2): ['4', '0']
2025-10-07 13:06:37 - evaluator.prediction_analyzer - INFO - _show_single_example:363 -   Metrics: Recall=0.667, Precision=0.100
2025-10-07 13:06:37 - evaluator.prediction_analyzer - INFO - _show_single_example:333 - 
--- Example 2 (next-basket prediction) ---
2025-10-07 13:06:37 - evaluator.prediction_analyzer - INFO - _show_single_example:334 - User ID: 2, Basket ID: 12
2025-10-07 13:06:37 - evaluator.prediction_analyzer - INFO - _show_single_example:338 - Ground Truth (3 items): ['33', '2', '3']
2025-10-07 13:06:37 - evaluator.prediction_analyzer - INFO - _show_single_example:352 - 
Top-5 Predictions:
2025-10-07 13:06:37 - evaluator.prediction_analyzer - INFO - _show_single_example:354 -   Predicted: ['37', '17', '4', '23', '1']
2025-10-07 13:06:37 - evaluator.prediction_analyzer - INFO - _show_single_example:365 -   ✗ No hits in top-5
2025-10-07 13:06:37 - evaluator.prediction_analyzer - INFO - _show_single_example:352 - 
Top-10 Predictions:
2025-10-07 13:06:37 - evaluator.prediction_analyzer - INFO - _show_single_example:354 -   Predicted: ['37', '17', '4', '23', '1', '49', '3', '10', '70', '2']
2025-10-07 13:06:37 - evaluator.prediction_analyzer - INFO - _show_single_example:360 -   ✓ Hits (2): ['3', '2']
2025-10-07 13:06:37 - evaluator.prediction_analyzer - INFO - _show_single_example:363 -   Metrics: Recall=0.667, Precision=0.200
2025-10-07 13:06:37 - evaluator.prediction_analyzer - INFO - _show_single_example:352 - 
Top-20 Predictions:
2025-10-07 13:06:37 - evaluator.prediction_analyzer - INFO - _show_single_example:354 -   Predicted: ['37', '17', '4', '23', '1', '49', '3', '10', '70', '2', '114', '0', '65', '74', '68', '113', '59', '16', '21', '19']
2025-10-07 13:06:37 - evaluator.prediction_analyzer - INFO - _show_single_example:360 -   ✓ Hits (2): ['3', '2']
2025-10-07 13:06:37 - evaluator.prediction_analyzer - INFO - _show_single_example:363 -   Metrics: Recall=0.667, Precision=0.100
2025-10-07 13:06:37 - evaluator.prediction_analyzer - INFO - _show_single_example:333 - 
--- Example 3 (next-basket prediction) ---
2025-10-07 13:06:37 - evaluator.prediction_analyzer - INFO - _show_single_example:334 - User ID: 3, Basket ID: 15
2025-10-07 13:06:37 - evaluator.prediction_analyzer - INFO - _show_single_example:338 - Ground Truth (3 items): ['65', '3', '70']
2025-10-07 13:06:37 - evaluator.prediction_analyzer - INFO - _show_single_example:352 - 
Top-5 Predictions:
2025-10-07 13:06:37 - evaluator.prediction_analyzer - INFO - _show_single_example:354 -   Predicted: ['17', '4', '23', '1', '49']
2025-10-07 13:06:37 - evaluator.prediction_analyzer - INFO - _show_single_example:365 -   ✗ No hits in top-5
2025-10-07 13:06:37 - evaluator.prediction_analyzer - INFO - _show_single_example:352 - 
Top-10 Predictions:
2025-10-07 13:06:37 - evaluator.prediction_analyzer - INFO - _show_single_example:354 -   Predicted: ['17', '4', '23', '1', '49', '22', '3', '10', '70', '2']
2025-10-07 13:06:37 - evaluator.prediction_analyzer - INFO - _show_single_example:360 -   ✓ Hits (2): ['3', '70']
2025-10-07 13:06:37 - evaluator.prediction_analyzer - INFO - _show_single_example:363 -   Metrics: Recall=0.667, Precision=0.200
2025-10-07 13:06:37 - evaluator.prediction_analyzer - INFO - _show_single_example:352 - 
Top-20 Predictions:
2025-10-07 13:06:37 - evaluator.prediction_analyzer - INFO - _show_single_example:354 -   Predicted: ['17', '4', '23', '1', '49', '22', '3', '10', '70', '2', '114', '11', '0', '65', '74', '68', '113', '59', '16', '21']
2025-10-07 13:06:37 - evaluator.prediction_analyzer - INFO - _show_single_example:360 -   ✓ Hits (3): ['3', '70', '65']
2025-10-07 13:06:37 - evaluator.prediction_analyzer - INFO - _show_single_example:363 -   Metrics: Recall=1.000, Precision=0.150
2025-10-07 13:06:37 - evaluator.prediction_analyzer - INFO - show_detailed_examples:327 - ============================================================
2025-10-07 13:06:37 - evaluator.evaluator - INFO - __enter__:121 - Starting: Computing test metrics
2025-10-07 13:06:37 - evaluator.evaluator - INFO - compute_ranking_metrics:559 - === TEST METRICS SUMMARY ===
2025-10-07 13:06:37 - evaluator.evaluator - INFO - compute_ranking_metrics:561 - recall@10: 0.3511
2025-10-07 13:06:37 - evaluator.evaluator - INFO - compute_ranking_metrics:561 - recall@20: 0.4987
2025-10-07 13:06:37 - evaluator.evaluator - INFO - compute_ranking_metrics:561 - ndcg@10: 0.2269
2025-10-07 13:06:37 - evaluator.evaluator - INFO - compute_ranking_metrics:561 - ndcg@20: 0.2672
2025-10-07 13:06:37 - evaluator.evaluator - INFO - compute_ranking_metrics:561 - hit_ratio@10: 0.6090
2025-10-07 13:06:37 - evaluator.evaluator - INFO - compute_ranking_metrics:561 - hit_ratio@20: 0.7758
2025-10-07 13:06:37 - evaluator.evaluator - INFO - compute_ranking_metrics:561 - precision@10: 0.0761
2025-10-07 13:06:37 - evaluator.evaluator - INFO - compute_ranking_metrics:561 - precision@20: 0.0544
2025-10-07 13:06:37 - evaluator.evaluator - INFO - compute_ranking_metrics:562 - ===================================
2025-10-07 13:06:37 - evaluator.evaluator - INFO - __exit__:128 - Completed: Computing test metrics (took 0.08s)
2025-10-07 13:06:37 - trainer.trainer - INFO - _evaluate_with_full_ranking:663 - TEST Loss: 0.4736
2025-10-07 13:06:37 - trainer.trainer - INFO - __exit__:128 - Completed: Evaluation (test) (took 27.75s)
2025-10-07 13:06:37 - trainer.trainer - INFO - _train_epoch:353 - Training metrics computation disabled
2025-10-07 13:06:37 - trainer.trainer - INFO - __enter__:121 - Starting: Training epoch 19
2025-10-07 13:07:11 - trainer.trainer - INFO - __exit__:128 - Completed: Training epoch 19 (took 34.26s)
2025-10-07 13:07:11 - trainer.trainer - INFO - _train_epoch:417 - Computing training ranking metrics from 1668 user-basket pairs
2025-10-07 13:07:16 - evaluator.evaluator - INFO - __enter__:121 - Starting: Computing train metrics
2025-10-07 13:07:16 - evaluator.evaluator - INFO - compute_ranking_metrics:559 - === TRAIN METRICS SUMMARY ===
2025-10-07 13:07:16 - evaluator.evaluator - INFO - compute_ranking_metrics:561 - recall@10: 0.1982
2025-10-07 13:07:16 - evaluator.evaluator - INFO - compute_ranking_metrics:561 - recall@20: 0.3155
2025-10-07 13:07:16 - evaluator.evaluator - INFO - compute_ranking_metrics:561 - ndcg@10: 0.1475
2025-10-07 13:07:16 - evaluator.evaluator - INFO - compute_ranking_metrics:561 - ndcg@20: 0.1859
2025-10-07 13:07:16 - evaluator.evaluator - INFO - compute_ranking_metrics:561 - hit_ratio@10: 0.6229
2025-10-07 13:07:16 - evaluator.evaluator - INFO - compute_ranking_metrics:561 - hit_ratio@20: 0.8201
2025-10-07 13:07:16 - evaluator.evaluator - INFO - compute_ranking_metrics:561 - precision@10: 0.0784
2025-10-07 13:07:16 - evaluator.evaluator - INFO - compute_ranking_metrics:561 - precision@20: 0.0625
2025-10-07 13:07:16 - evaluator.evaluator - INFO - compute_ranking_metrics:562 - ===================================
2025-10-07 13:07:16 - evaluator.evaluator - INFO - __exit__:128 - Completed: Computing train metrics (took 0.08s)
2025-10-07 13:07:16 - trainer.trainer - INFO - _train_epoch:424 - Training metrics computed: ['recall@10', 'recall@20', 'ndcg@10', 'ndcg@20', 'hit_ratio@10', 'hit_ratio@20', 'precision@10', 'precision@20']
2025-10-07 13:07:16 - trainer.trainer - INFO - __enter__:121 - Starting: Evaluation (val)
2025-10-07 13:07:16 - trainer.trainer - INFO - _evaluate_with_full_ranking:546 - Built training item mapping for 1668 users
2025-10-07 13:07:41 - trainer.trainer - INFO - _evaluate_with_full_ranking:578 - Found 1757 unique user-basket pairs for evaluation
2025-10-07 13:07:43 - evaluator.prediction_analyzer - INFO - analyze_predictions:161 - Analyzing predictions for 1757 examples (val mode)
2025-10-07 13:07:43 - evaluator.prediction_analyzer - INFO - __enter__:121 - Starting: Prediction analysis (val)
2025-10-07 13:07:43 - evaluator.prediction_analyzer - INFO - __exit__:128 - Completed: Prediction analysis (val) (took 0.00s)
2025-10-07 13:07:43 - evaluator.prediction_analyzer - INFO - _log_analysis_summary:267 - === PREDICTION ANALYSIS SUMMARY (VAL) ===
2025-10-07 13:07:43 - evaluator.prediction_analyzer - INFO - _log_analysis_summary:276 - Ground truth items per example: avg=2.2, min=1, max=3
2025-10-07 13:07:43 - evaluator.prediction_analyzer - INFO - _log_analysis_summary:282 - Epoch range: 0 - 19
2025-10-07 13:07:43 - evaluator.prediction_analyzer - INFO - _log_analysis_summary:300 - Top-5: avg_hits=0.3, avg_recall=0.143, examples_with_hits=272/1000
2025-10-07 13:07:43 - evaluator.prediction_analyzer - INFO - _log_analysis_summary:300 - Top-10: avg_hits=0.5, avg_recall=0.247, examples_with_hits=433/1000
2025-10-07 13:07:43 - evaluator.prediction_analyzer - INFO - _log_analysis_summary:300 - Top-20: avg_hits=0.8, avg_recall=0.389, examples_with_hits=613/1000
2025-10-07 13:07:43 - evaluator.prediction_analyzer - INFO - _save_analysis_to_file:382 - Saved prediction analysis to: pytorch_pipeline/outputs/prediction_analysis/predictions_val_grnn_20251007_124143.json
2025-10-07 13:07:43 - evaluator.prediction_analyzer - INFO - _save_summary_statistics:429 - Saved summary statistics to: pytorch_pipeline/outputs/prediction_analysis/summary_val_grnn_20251007_124143.csv
2025-10-07 13:07:43 - evaluator.evaluator - INFO - __enter__:121 - Starting: Computing val metrics
2025-10-07 13:07:43 - evaluator.evaluator - INFO - compute_ranking_metrics:559 - === VAL METRICS SUMMARY ===
2025-10-07 13:07:43 - evaluator.evaluator - INFO - compute_ranking_metrics:561 - recall@10: 0.3616
2025-10-07 13:07:43 - evaluator.evaluator - INFO - compute_ranking_metrics:561 - recall@20: 0.5007
2025-10-07 13:07:43 - evaluator.evaluator - INFO - compute_ranking_metrics:561 - ndcg@10: 0.2309
2025-10-07 13:07:43 - evaluator.evaluator - INFO - compute_ranking_metrics:561 - ndcg@20: 0.2686
2025-10-07 13:07:43 - evaluator.evaluator - INFO - compute_ranking_metrics:561 - hit_ratio@10: 0.6221
2025-10-07 13:07:43 - evaluator.evaluator - INFO - compute_ranking_metrics:561 - hit_ratio@20: 0.7758
2025-10-07 13:07:43 - evaluator.evaluator - INFO - compute_ranking_metrics:561 - precision@10: 0.0783
2025-10-07 13:07:43 - evaluator.evaluator - INFO - compute_ranking_metrics:561 - precision@20: 0.0546
2025-10-07 13:07:43 - evaluator.evaluator - INFO - compute_ranking_metrics:562 - ===================================
2025-10-07 13:07:43 - evaluator.evaluator - INFO - __exit__:128 - Completed: Computing val metrics (took 0.08s)
2025-10-07 13:07:43 - trainer.trainer - INFO - _evaluate_with_full_ranking:663 - VAL Loss: 0.4532
2025-10-07 13:07:43 - trainer.trainer - INFO - __exit__:128 - Completed: Evaluation (val) (took 27.72s)
2025-10-07 13:07:43 - trainer.trainer - INFO - log_training_metrics:163 - Epoch  19 [combined] - train_loss: 0.5932 | train_recall@10: 0.1982 | train_recall@20: 0.3155 | train_ndcg@10: 0.1475 | train_ndcg@20: 0.1859 | train_hit_ratio@10: 0.6229 | train_hit_ratio@20: 0.8201 | train_precision@10: 0.0784 | train_precision@20: 0.0625 | recall@10: 0.3616 | recall@20: 0.5007 | ndcg@10: 0.2309 | ndcg@20: 0.2686 | hit_ratio@10: 0.6221 | hit_ratio@20: 0.7758 | precision@10: 0.0783 | precision@20: 0.0546 | val_loss: 0.4532
2025-10-07 13:07:43 - trainer.trainer - INFO - __enter__:121 - Starting: Evaluation (test)
2025-10-07 13:07:43 - trainer.trainer - INFO - _evaluate_with_full_ranking:546 - Built training item mapping for 1668 users
2025-10-07 13:08:08 - trainer.trainer - INFO - _evaluate_with_full_ranking:578 - Found 1757 unique user-basket pairs for evaluation
2025-10-07 13:08:11 - evaluator.prediction_analyzer - INFO - analyze_predictions:161 - Analyzing predictions for 1757 examples (test mode)
2025-10-07 13:08:11 - evaluator.prediction_analyzer - INFO - __enter__:121 - Starting: Prediction analysis (test)
2025-10-07 13:08:11 - evaluator.prediction_analyzer - INFO - __exit__:128 - Completed: Prediction analysis (test) (took 0.00s)
2025-10-07 13:08:11 - evaluator.prediction_analyzer - INFO - _log_analysis_summary:267 - === PREDICTION ANALYSIS SUMMARY (TEST) ===
2025-10-07 13:08:11 - evaluator.prediction_analyzer - INFO - _log_analysis_summary:276 - Ground truth items per example: avg=2.2, min=1, max=3
2025-10-07 13:08:11 - evaluator.prediction_analyzer - INFO - _log_analysis_summary:282 - Epoch range: 10 - 19
2025-10-07 13:08:11 - evaluator.prediction_analyzer - INFO - _log_analysis_summary:300 - Top-5: avg_hits=0.5, avg_recall=0.226, examples_with_hits=216/500
2025-10-07 13:08:11 - evaluator.prediction_analyzer - INFO - _log_analysis_summary:300 - Top-10: avg_hits=0.7, avg_recall=0.350, examples_with_hits=297/500
2025-10-07 13:08:11 - evaluator.prediction_analyzer - INFO - _log_analysis_summary:300 - Top-20: avg_hits=1.0, avg_recall=0.488, examples_with_hits=367/500
2025-10-07 13:08:11 - evaluator.prediction_analyzer - INFO - _save_analysis_to_file:382 - Saved prediction analysis to: pytorch_pipeline/outputs/prediction_analysis/predictions_test_grnn_20251007_124143.json
2025-10-07 13:08:11 - evaluator.prediction_analyzer - INFO - _save_summary_statistics:429 - Saved summary statistics to: pytorch_pipeline/outputs/prediction_analysis/summary_test_grnn_20251007_124143.csv
2025-10-07 13:08:11 - evaluator.prediction_analyzer - INFO - show_detailed_examples:321 - === DETAILED PREDICTION EXAMPLES (TEST) ===
2025-10-07 13:08:11 - evaluator.prediction_analyzer - INFO - _show_single_example:333 - 
--- Example 1 (next-basket prediction) ---
2025-10-07 13:08:11 - evaluator.prediction_analyzer - INFO - _show_single_example:334 - User ID: 0, Basket ID: 3
2025-10-07 13:08:11 - evaluator.prediction_analyzer - INFO - _show_single_example:338 - Ground Truth (3 items): ['0', '64', '4']
2025-10-07 13:08:11 - evaluator.prediction_analyzer - INFO - _show_single_example:352 - 
Top-5 Predictions:
2025-10-07 13:08:11 - evaluator.prediction_analyzer - INFO - _show_single_example:354 -   Predicted: ['37', '17', '4', '23', '49']
2025-10-07 13:08:11 - evaluator.prediction_analyzer - INFO - _show_single_example:360 -   ✓ Hits (1): ['4']
2025-10-07 13:08:11 - evaluator.prediction_analyzer - INFO - _show_single_example:363 -   Metrics: Recall=0.333, Precision=0.200
2025-10-07 13:08:11 - evaluator.prediction_analyzer - INFO - _show_single_example:352 - 
Top-10 Predictions:
2025-10-07 13:08:11 - evaluator.prediction_analyzer - INFO - _show_single_example:354 -   Predicted: ['37', '17', '4', '23', '49', '22', '3', '10', '70', '2']
2025-10-07 13:08:11 - evaluator.prediction_analyzer - INFO - _show_single_example:360 -   ✓ Hits (1): ['4']
2025-10-07 13:08:11 - evaluator.prediction_analyzer - INFO - _show_single_example:363 -   Metrics: Recall=0.333, Precision=0.100
2025-10-07 13:08:11 - evaluator.prediction_analyzer - INFO - _show_single_example:352 - 
Top-20 Predictions:
2025-10-07 13:08:11 - evaluator.prediction_analyzer - INFO - _show_single_example:354 -   Predicted: ['37', '17', '4', '23', '49', '22', '3', '10', '70', '2', '114', '11', '0', '65', '74', '68', '113', '59', '16', '21']
2025-10-07 13:08:11 - evaluator.prediction_analyzer - INFO - _show_single_example:360 -   ✓ Hits (2): ['4', '0']
2025-10-07 13:08:11 - evaluator.prediction_analyzer - INFO - _show_single_example:363 -   Metrics: Recall=0.667, Precision=0.100
2025-10-07 13:08:11 - evaluator.prediction_analyzer - INFO - _show_single_example:333 - 
--- Example 2 (next-basket prediction) ---
2025-10-07 13:08:11 - evaluator.prediction_analyzer - INFO - _show_single_example:334 - User ID: 2, Basket ID: 12
2025-10-07 13:08:11 - evaluator.prediction_analyzer - INFO - _show_single_example:338 - Ground Truth (3 items): ['33', '2', '3']
2025-10-07 13:08:11 - evaluator.prediction_analyzer - INFO - _show_single_example:352 - 
Top-5 Predictions:
2025-10-07 13:08:11 - evaluator.prediction_analyzer - INFO - _show_single_example:354 -   Predicted: ['37', '17', '4', '23', '1']
2025-10-07 13:08:11 - evaluator.prediction_analyzer - INFO - _show_single_example:365 -   ✗ No hits in top-5
2025-10-07 13:08:11 - evaluator.prediction_analyzer - INFO - _show_single_example:352 - 
Top-10 Predictions:
2025-10-07 13:08:11 - evaluator.prediction_analyzer - INFO - _show_single_example:354 -   Predicted: ['37', '17', '4', '23', '1', '49', '3', '10', '70', '2']
2025-10-07 13:08:11 - evaluator.prediction_analyzer - INFO - _show_single_example:360 -   ✓ Hits (2): ['3', '2']
2025-10-07 13:08:11 - evaluator.prediction_analyzer - INFO - _show_single_example:363 -   Metrics: Recall=0.667, Precision=0.200
2025-10-07 13:08:11 - evaluator.prediction_analyzer - INFO - _show_single_example:352 - 
Top-20 Predictions:
2025-10-07 13:08:11 - evaluator.prediction_analyzer - INFO - _show_single_example:354 -   Predicted: ['37', '17', '4', '23', '1', '49', '3', '10', '70', '2', '114', '0', '65', '74', '68', '113', '59', '16', '21', '19']
2025-10-07 13:08:11 - evaluator.prediction_analyzer - INFO - _show_single_example:360 -   ✓ Hits (2): ['3', '2']
2025-10-07 13:08:11 - evaluator.prediction_analyzer - INFO - _show_single_example:363 -   Metrics: Recall=0.667, Precision=0.100
2025-10-07 13:08:11 - evaluator.prediction_analyzer - INFO - _show_single_example:333 - 
--- Example 3 (next-basket prediction) ---
2025-10-07 13:08:11 - evaluator.prediction_analyzer - INFO - _show_single_example:334 - User ID: 3, Basket ID: 15
2025-10-07 13:08:11 - evaluator.prediction_analyzer - INFO - _show_single_example:338 - Ground Truth (3 items): ['65', '3', '70']
2025-10-07 13:08:11 - evaluator.prediction_analyzer - INFO - _show_single_example:352 - 
Top-5 Predictions:
2025-10-07 13:08:11 - evaluator.prediction_analyzer - INFO - _show_single_example:354 -   Predicted: ['17', '4', '23', '1', '49']
2025-10-07 13:08:11 - evaluator.prediction_analyzer - INFO - _show_single_example:365 -   ✗ No hits in top-5
2025-10-07 13:08:11 - evaluator.prediction_analyzer - INFO - _show_single_example:352 - 
Top-10 Predictions:
2025-10-07 13:08:11 - evaluator.prediction_analyzer - INFO - _show_single_example:354 -   Predicted: ['17', '4', '23', '1', '49', '22', '3', '10', '70', '2']
2025-10-07 13:08:11 - evaluator.prediction_analyzer - INFO - _show_single_example:360 -   ✓ Hits (2): ['3', '70']
2025-10-07 13:08:11 - evaluator.prediction_analyzer - INFO - _show_single_example:363 -   Metrics: Recall=0.667, Precision=0.200
2025-10-07 13:08:11 - evaluator.prediction_analyzer - INFO - _show_single_example:352 - 
Top-20 Predictions:
2025-10-07 13:08:11 - evaluator.prediction_analyzer - INFO - _show_single_example:354 -   Predicted: ['17', '4', '23', '1', '49', '22', '3', '10', '70', '2', '114', '11', '0', '65', '74', '68', '113', '59', '16', '21']
2025-10-07 13:08:11 - evaluator.prediction_analyzer - INFO - _show_single_example:360 -   ✓ Hits (3): ['3', '70', '65']
2025-10-07 13:08:11 - evaluator.prediction_analyzer - INFO - _show_single_example:363 -   Metrics: Recall=1.000, Precision=0.150
2025-10-07 13:08:11 - evaluator.prediction_analyzer - INFO - show_detailed_examples:327 - ============================================================
2025-10-07 13:08:11 - evaluator.evaluator - INFO - __enter__:121 - Starting: Computing test metrics
2025-10-07 13:08:11 - evaluator.evaluator - INFO - compute_ranking_metrics:559 - === TEST METRICS SUMMARY ===
2025-10-07 13:08:11 - evaluator.evaluator - INFO - compute_ranking_metrics:561 - recall@10: 0.3626
2025-10-07 13:08:11 - evaluator.evaluator - INFO - compute_ranking_metrics:561 - recall@20: 0.4996
2025-10-07 13:08:11 - evaluator.evaluator - INFO - compute_ranking_metrics:561 - ndcg@10: 0.2308
2025-10-07 13:08:11 - evaluator.evaluator - INFO - compute_ranking_metrics:561 - ndcg@20: 0.2680
2025-10-07 13:08:11 - evaluator.evaluator - INFO - compute_ranking_metrics:561 - hit_ratio@10: 0.6227
2025-10-07 13:08:11 - evaluator.evaluator - INFO - compute_ranking_metrics:561 - hit_ratio@20: 0.7752
2025-10-07 13:08:11 - evaluator.evaluator - INFO - compute_ranking_metrics:561 - precision@10: 0.0784
2025-10-07 13:08:11 - evaluator.evaluator - INFO - compute_ranking_metrics:561 - precision@20: 0.0544
2025-10-07 13:08:11 - evaluator.evaluator - INFO - compute_ranking_metrics:562 - ===================================
2025-10-07 13:08:11 - evaluator.evaluator - INFO - __exit__:128 - Completed: Computing test metrics (took 0.08s)
2025-10-07 13:08:11 - trainer.trainer - INFO - _evaluate_with_full_ranking:663 - TEST Loss: 0.4663
2025-10-07 13:08:11 - trainer.trainer - INFO - __exit__:128 - Completed: Evaluation (test) (took 27.30s)
2025-10-07 13:08:11 - trainer.trainer - INFO - _save_checkpoint:859 - Saved checkpoint: pytorch_pipeline/outputs/checkpoints/best_model.pth
2025-10-07 13:08:11 - trainer.trainer - INFO - _update_best_model:821 - New best model: recall@20=0.5007
2025-10-07 13:08:11 - trainer.trainer - INFO - _train_epoch:353 - Training metrics computation disabled
2025-10-07 13:08:11 - trainer.trainer - INFO - __enter__:121 - Starting: Training epoch 20
2025-10-07 13:08:45 - trainer.trainer - INFO - __exit__:128 - Completed: Training epoch 20 (took 34.32s)
2025-10-07 13:08:45 - trainer.trainer - INFO - _train_epoch:417 - Computing training ranking metrics from 1668 user-basket pairs
2025-10-07 13:08:50 - evaluator.evaluator - INFO - __enter__:121 - Starting: Computing train metrics
2025-10-07 13:08:50 - evaluator.evaluator - INFO - compute_ranking_metrics:559 - === TRAIN METRICS SUMMARY ===
2025-10-07 13:08:50 - evaluator.evaluator - INFO - compute_ranking_metrics:561 - recall@10: 0.1997
2025-10-07 13:08:50 - evaluator.evaluator - INFO - compute_ranking_metrics:561 - recall@20: 0.3155
2025-10-07 13:08:50 - evaluator.evaluator - INFO - compute_ranking_metrics:561 - ndcg@10: 0.1486
2025-10-07 13:08:50 - evaluator.evaluator - INFO - compute_ranking_metrics:561 - ndcg@20: 0.1865
2025-10-07 13:08:50 - evaluator.evaluator - INFO - compute_ranking_metrics:561 - hit_ratio@10: 0.6235
2025-10-07 13:08:50 - evaluator.evaluator - INFO - compute_ranking_metrics:561 - hit_ratio@20: 0.8183
2025-10-07 13:08:50 - evaluator.evaluator - INFO - compute_ranking_metrics:561 - precision@10: 0.0790
2025-10-07 13:08:50 - evaluator.evaluator - INFO - compute_ranking_metrics:561 - precision@20: 0.0625
2025-10-07 13:08:50 - evaluator.evaluator - INFO - compute_ranking_metrics:562 - ===================================
2025-10-07 13:08:50 - evaluator.evaluator - INFO - __exit__:128 - Completed: Computing train metrics (took 0.08s)
2025-10-07 13:08:50 - trainer.trainer - INFO - _train_epoch:424 - Training metrics computed: ['recall@10', 'recall@20', 'ndcg@10', 'ndcg@20', 'hit_ratio@10', 'hit_ratio@20', 'precision@10', 'precision@20']
2025-10-07 13:08:50 - trainer.trainer - INFO - __enter__:121 - Starting: Evaluation (val)
2025-10-07 13:08:50 - trainer.trainer - INFO - _evaluate_with_full_ranking:546 - Built training item mapping for 1668 users
2025-10-07 13:09:15 - trainer.trainer - INFO - _evaluate_with_full_ranking:578 - Found 1757 unique user-basket pairs for evaluation
2025-10-07 13:09:17 - evaluator.prediction_analyzer - INFO - analyze_predictions:161 - Analyzing predictions for 1757 examples (val mode)
2025-10-07 13:09:17 - evaluator.prediction_analyzer - INFO - __enter__:121 - Starting: Prediction analysis (val)
2025-10-07 13:09:17 - evaluator.prediction_analyzer - INFO - __exit__:128 - Completed: Prediction analysis (val) (took 0.00s)
2025-10-07 13:09:17 - evaluator.prediction_analyzer - INFO - _log_analysis_summary:267 - === PREDICTION ANALYSIS SUMMARY (VAL) ===
2025-10-07 13:09:17 - evaluator.prediction_analyzer - INFO - _log_analysis_summary:276 - Ground truth items per example: avg=2.2, min=1, max=3
2025-10-07 13:09:17 - evaluator.prediction_analyzer - INFO - _log_analysis_summary:282 - Epoch range: 0 - 20
2025-10-07 13:09:17 - evaluator.prediction_analyzer - INFO - _log_analysis_summary:300 - Top-5: avg_hits=0.3, avg_recall=0.147, examples_with_hits=294/1050
2025-10-07 13:09:17 - evaluator.prediction_analyzer - INFO - _log_analysis_summary:300 - Top-10: avg_hits=0.5, avg_recall=0.251, examples_with_hits=461/1050
2025-10-07 13:09:17 - evaluator.prediction_analyzer - INFO - _log_analysis_summary:300 - Top-20: avg_hits=0.8, avg_recall=0.393, examples_with_hits=650/1050
2025-10-07 13:09:17 - evaluator.prediction_analyzer - INFO - _save_analysis_to_file:382 - Saved prediction analysis to: pytorch_pipeline/outputs/prediction_analysis/predictions_val_grnn_20251007_124143.json
2025-10-07 13:09:17 - evaluator.prediction_analyzer - INFO - _save_summary_statistics:429 - Saved summary statistics to: pytorch_pipeline/outputs/prediction_analysis/summary_val_grnn_20251007_124143.csv
2025-10-07 13:09:17 - evaluator.evaluator - INFO - __enter__:121 - Starting: Computing val metrics
2025-10-07 13:09:18 - evaluator.evaluator - INFO - compute_ranking_metrics:559 - === VAL METRICS SUMMARY ===
2025-10-07 13:09:18 - evaluator.evaluator - INFO - compute_ranking_metrics:561 - recall@10: 0.3557
2025-10-07 13:09:18 - evaluator.evaluator - INFO - compute_ranking_metrics:561 - recall@20: 0.4976
2025-10-07 13:09:18 - evaluator.evaluator - INFO - compute_ranking_metrics:561 - ndcg@10: 0.2303
2025-10-07 13:09:18 - evaluator.evaluator - INFO - compute_ranking_metrics:561 - ndcg@20: 0.2688
2025-10-07 13:09:18 - evaluator.evaluator - INFO - compute_ranking_metrics:561 - hit_ratio@10: 0.6130
2025-10-07 13:09:18 - evaluator.evaluator - INFO - compute_ranking_metrics:561 - hit_ratio@20: 0.7729
2025-10-07 13:09:18 - evaluator.evaluator - INFO - compute_ranking_metrics:561 - precision@10: 0.0770
2025-10-07 13:09:18 - evaluator.evaluator - INFO - compute_ranking_metrics:561 - precision@20: 0.0543
2025-10-07 13:09:18 - evaluator.evaluator - INFO - compute_ranking_metrics:562 - ===================================
2025-10-07 13:09:18 - evaluator.evaluator - INFO - __exit__:128 - Completed: Computing val metrics (took 0.08s)
2025-10-07 13:09:18 - trainer.trainer - INFO - _evaluate_with_full_ranking:663 - VAL Loss: 0.4775
2025-10-07 13:09:18 - trainer.trainer - INFO - __exit__:128 - Completed: Evaluation (val) (took 27.57s)
2025-10-07 13:09:18 - trainer.trainer - INFO - log_training_metrics:163 - Epoch  20 [combined] - train_loss: 0.5946 | train_recall@10: 0.1997 | train_recall@20: 0.3155 | train_ndcg@10: 0.1486 | train_ndcg@20: 0.1865 | train_hit_ratio@10: 0.6235 | train_hit_ratio@20: 0.8183 | train_precision@10: 0.0790 | train_precision@20: 0.0625 | recall@10: 0.3557 | recall@20: 0.4976 | ndcg@10: 0.2303 | ndcg@20: 0.2688 | hit_ratio@10: 0.6130 | hit_ratio@20: 0.7729 | precision@10: 0.0770 | precision@20: 0.0543 | val_loss: 0.4775
2025-10-07 13:09:18 - trainer.trainer - INFO - __enter__:121 - Starting: Evaluation (test)
2025-10-07 13:09:18 - trainer.trainer - INFO - _evaluate_with_full_ranking:546 - Built training item mapping for 1668 users
2025-10-07 13:09:42 - trainer.trainer - INFO - _evaluate_with_full_ranking:578 - Found 1757 unique user-basket pairs for evaluation
2025-10-07 13:09:45 - evaluator.prediction_analyzer - INFO - analyze_predictions:161 - Analyzing predictions for 1757 examples (test mode)
2025-10-07 13:09:45 - evaluator.prediction_analyzer - INFO - __enter__:121 - Starting: Prediction analysis (test)
2025-10-07 13:09:45 - evaluator.prediction_analyzer - INFO - __exit__:128 - Completed: Prediction analysis (test) (took 0.00s)
2025-10-07 13:09:45 - evaluator.prediction_analyzer - INFO - _log_analysis_summary:267 - === PREDICTION ANALYSIS SUMMARY (TEST) ===
2025-10-07 13:09:45 - evaluator.prediction_analyzer - INFO - _log_analysis_summary:276 - Ground truth items per example: avg=2.2, min=1, max=3
2025-10-07 13:09:45 - evaluator.prediction_analyzer - INFO - _log_analysis_summary:282 - Epoch range: 10 - 20
2025-10-07 13:09:45 - evaluator.prediction_analyzer - INFO - _log_analysis_summary:300 - Top-5: avg_hits=0.5, avg_recall=0.227, examples_with_hits=238/550
2025-10-07 13:09:45 - evaluator.prediction_analyzer - INFO - _log_analysis_summary:300 - Top-10: avg_hits=0.7, avg_recall=0.348, examples_with_hits=325/550
2025-10-07 13:09:45 - evaluator.prediction_analyzer - INFO - _log_analysis_summary:300 - Top-20: avg_hits=1.0, avg_recall=0.487, examples_with_hits=404/550
2025-10-07 13:09:45 - evaluator.prediction_analyzer - INFO - _save_analysis_to_file:382 - Saved prediction analysis to: pytorch_pipeline/outputs/prediction_analysis/predictions_test_grnn_20251007_124143.json
2025-10-07 13:09:45 - evaluator.prediction_analyzer - INFO - _save_summary_statistics:429 - Saved summary statistics to: pytorch_pipeline/outputs/prediction_analysis/summary_test_grnn_20251007_124143.csv
2025-10-07 13:09:45 - evaluator.prediction_analyzer - INFO - show_detailed_examples:321 - === DETAILED PREDICTION EXAMPLES (TEST) ===
2025-10-07 13:09:45 - evaluator.prediction_analyzer - INFO - _show_single_example:333 - 
--- Example 1 (next-basket prediction) ---
2025-10-07 13:09:45 - evaluator.prediction_analyzer - INFO - _show_single_example:334 - User ID: 0, Basket ID: 3
2025-10-07 13:09:45 - evaluator.prediction_analyzer - INFO - _show_single_example:338 - Ground Truth (3 items): ['0', '64', '4']
2025-10-07 13:09:45 - evaluator.prediction_analyzer - INFO - _show_single_example:352 - 
Top-5 Predictions:
2025-10-07 13:09:45 - evaluator.prediction_analyzer - INFO - _show_single_example:354 -   Predicted: ['37', '17', '4', '23', '49']
2025-10-07 13:09:45 - evaluator.prediction_analyzer - INFO - _show_single_example:360 -   ✓ Hits (1): ['4']
2025-10-07 13:09:45 - evaluator.prediction_analyzer - INFO - _show_single_example:363 -   Metrics: Recall=0.333, Precision=0.200
2025-10-07 13:09:45 - evaluator.prediction_analyzer - INFO - _show_single_example:352 - 
Top-10 Predictions:
2025-10-07 13:09:45 - evaluator.prediction_analyzer - INFO - _show_single_example:354 -   Predicted: ['37', '17', '4', '23', '49', '22', '3', '10', '70', '2']
2025-10-07 13:09:45 - evaluator.prediction_analyzer - INFO - _show_single_example:360 -   ✓ Hits (1): ['4']
2025-10-07 13:09:45 - evaluator.prediction_analyzer - INFO - _show_single_example:363 -   Metrics: Recall=0.333, Precision=0.100
2025-10-07 13:09:45 - evaluator.prediction_analyzer - INFO - _show_single_example:352 - 
Top-20 Predictions:
2025-10-07 13:09:45 - evaluator.prediction_analyzer - INFO - _show_single_example:354 -   Predicted: ['37', '17', '4', '23', '49', '22', '3', '10', '70', '2', '114', '11', '0', '65', '74', '68', '113', '59', '16', '21']
2025-10-07 13:09:45 - evaluator.prediction_analyzer - INFO - _show_single_example:360 -   ✓ Hits (2): ['4', '0']
2025-10-07 13:09:45 - evaluator.prediction_analyzer - INFO - _show_single_example:363 -   Metrics: Recall=0.667, Precision=0.100
2025-10-07 13:09:45 - evaluator.prediction_analyzer - INFO - _show_single_example:333 - 
--- Example 2 (next-basket prediction) ---
2025-10-07 13:09:45 - evaluator.prediction_analyzer - INFO - _show_single_example:334 - User ID: 2, Basket ID: 12
2025-10-07 13:09:45 - evaluator.prediction_analyzer - INFO - _show_single_example:338 - Ground Truth (3 items): ['33', '2', '3']
2025-10-07 13:09:45 - evaluator.prediction_analyzer - INFO - _show_single_example:352 - 
Top-5 Predictions:
2025-10-07 13:09:45 - evaluator.prediction_analyzer - INFO - _show_single_example:354 -   Predicted: ['37', '17', '4', '23', '1']
2025-10-07 13:09:45 - evaluator.prediction_analyzer - INFO - _show_single_example:365 -   ✗ No hits in top-5
2025-10-07 13:09:45 - evaluator.prediction_analyzer - INFO - _show_single_example:352 - 
Top-10 Predictions:
2025-10-07 13:09:45 - evaluator.prediction_analyzer - INFO - _show_single_example:354 -   Predicted: ['37', '17', '4', '23', '1', '49', '3', '10', '70', '2']
2025-10-07 13:09:45 - evaluator.prediction_analyzer - INFO - _show_single_example:360 -   ✓ Hits (2): ['3', '2']
2025-10-07 13:09:45 - evaluator.prediction_analyzer - INFO - _show_single_example:363 -   Metrics: Recall=0.667, Precision=0.200
2025-10-07 13:09:45 - evaluator.prediction_analyzer - INFO - _show_single_example:352 - 
Top-20 Predictions:
2025-10-07 13:09:45 - evaluator.prediction_analyzer - INFO - _show_single_example:354 -   Predicted: ['37', '17', '4', '23', '1', '49', '3', '10', '70', '2', '114', '0', '65', '74', '68', '113', '59', '16', '21', '19']
2025-10-07 13:09:45 - evaluator.prediction_analyzer - INFO - _show_single_example:360 -   ✓ Hits (2): ['3', '2']
2025-10-07 13:09:45 - evaluator.prediction_analyzer - INFO - _show_single_example:363 -   Metrics: Recall=0.667, Precision=0.100
2025-10-07 13:09:45 - evaluator.prediction_analyzer - INFO - _show_single_example:333 - 
--- Example 3 (next-basket prediction) ---
2025-10-07 13:09:45 - evaluator.prediction_analyzer - INFO - _show_single_example:334 - User ID: 3, Basket ID: 15
2025-10-07 13:09:45 - evaluator.prediction_analyzer - INFO - _show_single_example:338 - Ground Truth (3 items): ['65', '3', '70']
2025-10-07 13:09:45 - evaluator.prediction_analyzer - INFO - _show_single_example:352 - 
Top-5 Predictions:
2025-10-07 13:09:45 - evaluator.prediction_analyzer - INFO - _show_single_example:354 -   Predicted: ['17', '4', '23', '1', '49']
2025-10-07 13:09:45 - evaluator.prediction_analyzer - INFO - _show_single_example:365 -   ✗ No hits in top-5
2025-10-07 13:09:45 - evaluator.prediction_analyzer - INFO - _show_single_example:352 - 
Top-10 Predictions:
2025-10-07 13:09:45 - evaluator.prediction_analyzer - INFO - _show_single_example:354 -   Predicted: ['17', '4', '23', '1', '49', '22', '3', '10', '70', '2']
2025-10-07 13:09:45 - evaluator.prediction_analyzer - INFO - _show_single_example:360 -   ✓ Hits (2): ['3', '70']
2025-10-07 13:09:45 - evaluator.prediction_analyzer - INFO - _show_single_example:363 -   Metrics: Recall=0.667, Precision=0.200
2025-10-07 13:09:45 - evaluator.prediction_analyzer - INFO - _show_single_example:352 - 
Top-20 Predictions:
2025-10-07 13:09:45 - evaluator.prediction_analyzer - INFO - _show_single_example:354 -   Predicted: ['17', '4', '23', '1', '49', '22', '3', '10', '70', '2', '114', '11', '0', '65', '74', '68', '113', '59', '16', '21']
2025-10-07 13:09:45 - evaluator.prediction_analyzer - INFO - _show_single_example:360 -   ✓ Hits (3): ['3', '70', '65']
2025-10-07 13:09:45 - evaluator.prediction_analyzer - INFO - _show_single_example:363 -   Metrics: Recall=1.000, Precision=0.150
2025-10-07 13:09:45 - evaluator.prediction_analyzer - INFO - show_detailed_examples:327 - ============================================================
2025-10-07 13:09:45 - evaluator.evaluator - INFO - __enter__:121 - Starting: Computing test metrics
2025-10-07 13:09:45 - evaluator.evaluator - INFO - compute_ranking_metrics:559 - === TEST METRICS SUMMARY ===
2025-10-07 13:09:45 - evaluator.evaluator - INFO - compute_ranking_metrics:561 - recall@10: 0.3569
2025-10-07 13:09:45 - evaluator.evaluator - INFO - compute_ranking_metrics:561 - recall@20: 0.4966
2025-10-07 13:09:45 - evaluator.evaluator - INFO - compute_ranking_metrics:561 - ndcg@10: 0.2308
2025-10-07 13:09:45 - evaluator.evaluator - INFO - compute_ranking_metrics:561 - ndcg@20: 0.2688
2025-10-07 13:09:45 - evaluator.evaluator - INFO - compute_ranking_metrics:561 - hit_ratio@10: 0.6153
2025-10-07 13:09:45 - evaluator.evaluator - INFO - compute_ranking_metrics:561 - hit_ratio@20: 0.7723
2025-10-07 13:09:45 - evaluator.evaluator - INFO - compute_ranking_metrics:561 - precision@10: 0.0772
2025-10-07 13:09:45 - evaluator.evaluator - INFO - compute_ranking_metrics:561 - precision@20: 0.0542
2025-10-07 13:09:45 - evaluator.evaluator - INFO - compute_ranking_metrics:562 - ===================================
2025-10-07 13:09:45 - evaluator.evaluator - INFO - __exit__:128 - Completed: Computing test metrics (took 0.08s)
2025-10-07 13:09:45 - trainer.trainer - INFO - _evaluate_with_full_ranking:663 - TEST Loss: 0.4792
2025-10-07 13:09:45 - trainer.trainer - INFO - __exit__:128 - Completed: Evaluation (test) (took 27.32s)
2025-10-07 13:09:45 - trainer.trainer - INFO - _train_epoch:353 - Training metrics computation disabled
2025-10-07 13:09:45 - trainer.trainer - INFO - __enter__:121 - Starting: Training epoch 21
2025-10-07 13:10:18 - trainer.trainer - INFO - __exit__:128 - Completed: Training epoch 21 (took 33.50s)
2025-10-07 13:10:18 - trainer.trainer - INFO - _train_epoch:417 - Computing training ranking metrics from 1668 user-basket pairs
2025-10-07 13:10:23 - evaluator.evaluator - INFO - __enter__:121 - Starting: Computing train metrics
2025-10-07 13:10:23 - evaluator.evaluator - INFO - compute_ranking_metrics:559 - === TRAIN METRICS SUMMARY ===
2025-10-07 13:10:23 - evaluator.evaluator - INFO - compute_ranking_metrics:561 - recall@10: 0.1982
2025-10-07 13:10:23 - evaluator.evaluator - INFO - compute_ranking_metrics:561 - recall@20: 0.3154
2025-10-07 13:10:23 - evaluator.evaluator - INFO - compute_ranking_metrics:561 - ndcg@10: 0.1473
2025-10-07 13:10:23 - evaluator.evaluator - INFO - compute_ranking_metrics:561 - ndcg@20: 0.1857
2025-10-07 13:10:23 - evaluator.evaluator - INFO - compute_ranking_metrics:561 - hit_ratio@10: 0.6223
2025-10-07 13:10:23 - evaluator.evaluator - INFO - compute_ranking_metrics:561 - hit_ratio@20: 0.8195
2025-10-07 13:10:23 - evaluator.evaluator - INFO - compute_ranking_metrics:561 - precision@10: 0.0785
2025-10-07 13:10:23 - evaluator.evaluator - INFO - compute_ranking_metrics:561 - precision@20: 0.0625
2025-10-07 13:10:23 - evaluator.evaluator - INFO - compute_ranking_metrics:562 - ===================================
2025-10-07 13:10:23 - evaluator.evaluator - INFO - __exit__:128 - Completed: Computing train metrics (took 0.08s)
2025-10-07 13:10:23 - trainer.trainer - INFO - _train_epoch:424 - Training metrics computed: ['recall@10', 'recall@20', 'ndcg@10', 'ndcg@20', 'hit_ratio@10', 'hit_ratio@20', 'precision@10', 'precision@20']
2025-10-07 13:10:23 - trainer.trainer - INFO - __enter__:121 - Starting: Evaluation (val)
2025-10-07 13:10:23 - trainer.trainer - INFO - _evaluate_with_full_ranking:546 - Built training item mapping for 1668 users
2025-10-07 13:10:48 - trainer.trainer - INFO - _evaluate_with_full_ranking:578 - Found 1757 unique user-basket pairs for evaluation
2025-10-07 13:10:51 - evaluator.prediction_analyzer - INFO - analyze_predictions:161 - Analyzing predictions for 1757 examples (val mode)
2025-10-07 13:10:51 - evaluator.prediction_analyzer - INFO - __enter__:121 - Starting: Prediction analysis (val)
2025-10-07 13:10:51 - evaluator.prediction_analyzer - INFO - __exit__:128 - Completed: Prediction analysis (val) (took 0.00s)
2025-10-07 13:10:51 - evaluator.prediction_analyzer - INFO - _log_analysis_summary:267 - === PREDICTION ANALYSIS SUMMARY (VAL) ===
2025-10-07 13:10:51 - evaluator.prediction_analyzer - INFO - _log_analysis_summary:276 - Ground truth items per example: avg=2.2, min=1, max=3
2025-10-07 13:10:51 - evaluator.prediction_analyzer - INFO - _log_analysis_summary:282 - Epoch range: 0 - 21
2025-10-07 13:10:51 - evaluator.prediction_analyzer - INFO - _log_analysis_summary:300 - Top-5: avg_hits=0.3, avg_recall=0.151, examples_with_hits=316/1100
2025-10-07 13:10:51 - evaluator.prediction_analyzer - INFO - _log_analysis_summary:300 - Top-10: avg_hits=0.5, avg_recall=0.254, examples_with_hits=488/1100
2025-10-07 13:10:51 - evaluator.prediction_analyzer - INFO - _log_analysis_summary:300 - Top-20: avg_hits=0.8, avg_recall=0.397, examples_with_hits=687/1100
2025-10-07 13:10:51 - evaluator.prediction_analyzer - INFO - _save_analysis_to_file:382 - Saved prediction analysis to: pytorch_pipeline/outputs/prediction_analysis/predictions_val_grnn_20251007_124143.json
2025-10-07 13:10:51 - evaluator.prediction_analyzer - INFO - _save_summary_statistics:429 - Saved summary statistics to: pytorch_pipeline/outputs/prediction_analysis/summary_val_grnn_20251007_124143.csv
2025-10-07 13:10:51 - evaluator.evaluator - INFO - __enter__:121 - Starting: Computing val metrics
2025-10-07 13:10:51 - evaluator.evaluator - INFO - compute_ranking_metrics:559 - === VAL METRICS SUMMARY ===
2025-10-07 13:10:51 - evaluator.evaluator - INFO - compute_ranking_metrics:561 - recall@10: 0.3618
2025-10-07 13:10:51 - evaluator.evaluator - INFO - compute_ranking_metrics:561 - recall@20: 0.4988
2025-10-07 13:10:51 - evaluator.evaluator - INFO - compute_ranking_metrics:561 - ndcg@10: 0.2311
2025-10-07 13:10:51 - evaluator.evaluator - INFO - compute_ranking_metrics:561 - ndcg@20: 0.2683
2025-10-07 13:10:51 - evaluator.evaluator - INFO - compute_ranking_metrics:561 - hit_ratio@10: 0.6204
2025-10-07 13:10:51 - evaluator.evaluator - INFO - compute_ranking_metrics:561 - hit_ratio@20: 0.7740
2025-10-07 13:10:51 - evaluator.evaluator - INFO - compute_ranking_metrics:561 - precision@10: 0.0783
2025-10-07 13:10:51 - evaluator.evaluator - INFO - compute_ranking_metrics:561 - precision@20: 0.0543
2025-10-07 13:10:51 - evaluator.evaluator - INFO - compute_ranking_metrics:562 - ===================================
2025-10-07 13:10:51 - evaluator.evaluator - INFO - __exit__:128 - Completed: Computing val metrics (took 0.08s)
2025-10-07 13:10:51 - trainer.trainer - INFO - _evaluate_with_full_ranking:663 - VAL Loss: 0.4695
2025-10-07 13:10:51 - trainer.trainer - INFO - __exit__:128 - Completed: Evaluation (val) (took 27.82s)
2025-10-07 13:10:51 - trainer.trainer - INFO - log_training_metrics:163 - Epoch  21 [combined] - train_loss: 0.5869 | train_recall@10: 0.1982 | train_recall@20: 0.3154 | train_ndcg@10: 0.1473 | train_ndcg@20: 0.1857 | train_hit_ratio@10: 0.6223 | train_hit_ratio@20: 0.8195 | train_precision@10: 0.0785 | train_precision@20: 0.0625 | recall@10: 0.3618 | recall@20: 0.4988 | ndcg@10: 0.2311 | ndcg@20: 0.2683 | hit_ratio@10: 0.6204 | hit_ratio@20: 0.7740 | precision@10: 0.0783 | precision@20: 0.0543 | val_loss: 0.4695
2025-10-07 13:10:51 - trainer.trainer - INFO - __enter__:121 - Starting: Evaluation (test)
2025-10-07 13:10:51 - trainer.trainer - INFO - _evaluate_with_full_ranking:546 - Built training item mapping for 1668 users
2025-10-07 13:11:16 - trainer.trainer - INFO - _evaluate_with_full_ranking:578 - Found 1757 unique user-basket pairs for evaluation
2025-10-07 13:11:18 - evaluator.prediction_analyzer - INFO - analyze_predictions:161 - Analyzing predictions for 1757 examples (test mode)
2025-10-07 13:11:18 - evaluator.prediction_analyzer - INFO - __enter__:121 - Starting: Prediction analysis (test)
2025-10-07 13:11:18 - evaluator.prediction_analyzer - INFO - __exit__:128 - Completed: Prediction analysis (test) (took 0.00s)
2025-10-07 13:11:18 - evaluator.prediction_analyzer - INFO - _log_analysis_summary:267 - === PREDICTION ANALYSIS SUMMARY (TEST) ===
2025-10-07 13:11:18 - evaluator.prediction_analyzer - INFO - _log_analysis_summary:276 - Ground truth items per example: avg=2.2, min=1, max=3
2025-10-07 13:11:18 - evaluator.prediction_analyzer - INFO - _log_analysis_summary:282 - Epoch range: 10 - 21
2025-10-07 13:11:18 - evaluator.prediction_analyzer - INFO - _log_analysis_summary:300 - Top-5: avg_hits=0.5, avg_recall=0.227, examples_with_hits=260/600
2025-10-07 13:11:18 - evaluator.prediction_analyzer - INFO - _log_analysis_summary:300 - Top-10: avg_hits=0.7, avg_recall=0.346, examples_with_hits=352/600
2025-10-07 13:11:18 - evaluator.prediction_analyzer - INFO - _log_analysis_summary:300 - Top-20: avg_hits=1.0, avg_recall=0.487, examples_with_hits=441/600
2025-10-07 13:11:18 - evaluator.prediction_analyzer - INFO - _save_analysis_to_file:382 - Saved prediction analysis to: pytorch_pipeline/outputs/prediction_analysis/predictions_test_grnn_20251007_124143.json
2025-10-07 13:11:18 - evaluator.prediction_analyzer - INFO - _save_summary_statistics:429 - Saved summary statistics to: pytorch_pipeline/outputs/prediction_analysis/summary_test_grnn_20251007_124143.csv
2025-10-07 13:11:18 - evaluator.prediction_analyzer - INFO - show_detailed_examples:321 - === DETAILED PREDICTION EXAMPLES (TEST) ===
2025-10-07 13:11:18 - evaluator.prediction_analyzer - INFO - _show_single_example:333 - 
--- Example 1 (next-basket prediction) ---
2025-10-07 13:11:18 - evaluator.prediction_analyzer - INFO - _show_single_example:334 - User ID: 0, Basket ID: 3
2025-10-07 13:11:18 - evaluator.prediction_analyzer - INFO - _show_single_example:338 - Ground Truth (3 items): ['0', '64', '4']
2025-10-07 13:11:18 - evaluator.prediction_analyzer - INFO - _show_single_example:352 - 
Top-5 Predictions:
2025-10-07 13:11:18 - evaluator.prediction_analyzer - INFO - _show_single_example:354 -   Predicted: ['37', '17', '4', '23', '49']
2025-10-07 13:11:18 - evaluator.prediction_analyzer - INFO - _show_single_example:360 -   ✓ Hits (1): ['4']
2025-10-07 13:11:18 - evaluator.prediction_analyzer - INFO - _show_single_example:363 -   Metrics: Recall=0.333, Precision=0.200
2025-10-07 13:11:18 - evaluator.prediction_analyzer - INFO - _show_single_example:352 - 
Top-10 Predictions:
2025-10-07 13:11:18 - evaluator.prediction_analyzer - INFO - _show_single_example:354 -   Predicted: ['37', '17', '4', '23', '49', '22', '3', '10', '70', '2']
2025-10-07 13:11:18 - evaluator.prediction_analyzer - INFO - _show_single_example:360 -   ✓ Hits (1): ['4']
2025-10-07 13:11:18 - evaluator.prediction_analyzer - INFO - _show_single_example:363 -   Metrics: Recall=0.333, Precision=0.100
2025-10-07 13:11:18 - evaluator.prediction_analyzer - INFO - _show_single_example:352 - 
Top-20 Predictions:
2025-10-07 13:11:18 - evaluator.prediction_analyzer - INFO - _show_single_example:354 -   Predicted: ['37', '17', '4', '23', '49', '22', '3', '10', '70', '2', '114', '11', '0', '65', '74', '68', '113', '59', '16', '21']
2025-10-07 13:11:18 - evaluator.prediction_analyzer - INFO - _show_single_example:360 -   ✓ Hits (2): ['4', '0']
2025-10-07 13:11:18 - evaluator.prediction_analyzer - INFO - _show_single_example:363 -   Metrics: Recall=0.667, Precision=0.100
2025-10-07 13:11:18 - evaluator.prediction_analyzer - INFO - _show_single_example:333 - 
--- Example 2 (next-basket prediction) ---
2025-10-07 13:11:18 - evaluator.prediction_analyzer - INFO - _show_single_example:334 - User ID: 2, Basket ID: 12
2025-10-07 13:11:18 - evaluator.prediction_analyzer - INFO - _show_single_example:338 - Ground Truth (3 items): ['33', '2', '3']
2025-10-07 13:11:18 - evaluator.prediction_analyzer - INFO - _show_single_example:352 - 
Top-5 Predictions:
2025-10-07 13:11:18 - evaluator.prediction_analyzer - INFO - _show_single_example:354 -   Predicted: ['37', '17', '4', '23', '1']
2025-10-07 13:11:18 - evaluator.prediction_analyzer - INFO - _show_single_example:365 -   ✗ No hits in top-5
2025-10-07 13:11:18 - evaluator.prediction_analyzer - INFO - _show_single_example:352 - 
Top-10 Predictions:
2025-10-07 13:11:18 - evaluator.prediction_analyzer - INFO - _show_single_example:354 -   Predicted: ['37', '17', '4', '23', '1', '49', '3', '10', '70', '2']
2025-10-07 13:11:18 - evaluator.prediction_analyzer - INFO - _show_single_example:360 -   ✓ Hits (2): ['3', '2']
2025-10-07 13:11:18 - evaluator.prediction_analyzer - INFO - _show_single_example:363 -   Metrics: Recall=0.667, Precision=0.200
2025-10-07 13:11:18 - evaluator.prediction_analyzer - INFO - _show_single_example:352 - 
Top-20 Predictions:
2025-10-07 13:11:18 - evaluator.prediction_analyzer - INFO - _show_single_example:354 -   Predicted: ['37', '17', '4', '23', '1', '49', '3', '10', '70', '2', '114', '0', '65', '74', '68', '113', '59', '16', '21', '19']
2025-10-07 13:11:18 - evaluator.prediction_analyzer - INFO - _show_single_example:360 -   ✓ Hits (2): ['3', '2']
2025-10-07 13:11:18 - evaluator.prediction_analyzer - INFO - _show_single_example:363 -   Metrics: Recall=0.667, Precision=0.100
2025-10-07 13:11:18 - evaluator.prediction_analyzer - INFO - _show_single_example:333 - 
--- Example 3 (next-basket prediction) ---
2025-10-07 13:11:18 - evaluator.prediction_analyzer - INFO - _show_single_example:334 - User ID: 3, Basket ID: 15
2025-10-07 13:11:18 - evaluator.prediction_analyzer - INFO - _show_single_example:338 - Ground Truth (3 items): ['65', '3', '70']
2025-10-07 13:11:18 - evaluator.prediction_analyzer - INFO - _show_single_example:352 - 
Top-5 Predictions:
2025-10-07 13:11:18 - evaluator.prediction_analyzer - INFO - _show_single_example:354 -   Predicted: ['17', '4', '23', '1', '49']
2025-10-07 13:11:18 - evaluator.prediction_analyzer - INFO - _show_single_example:365 -   ✗ No hits in top-5
2025-10-07 13:11:18 - evaluator.prediction_analyzer - INFO - _show_single_example:352 - 
Top-10 Predictions:
2025-10-07 13:11:18 - evaluator.prediction_analyzer - INFO - _show_single_example:354 -   Predicted: ['17', '4', '23', '1', '49', '22', '3', '10', '70', '2']
2025-10-07 13:11:18 - evaluator.prediction_analyzer - INFO - _show_single_example:360 -   ✓ Hits (2): ['3', '70']
2025-10-07 13:11:18 - evaluator.prediction_analyzer - INFO - _show_single_example:363 -   Metrics: Recall=0.667, Precision=0.200
2025-10-07 13:11:18 - evaluator.prediction_analyzer - INFO - _show_single_example:352 - 
Top-20 Predictions:
2025-10-07 13:11:18 - evaluator.prediction_analyzer - INFO - _show_single_example:354 -   Predicted: ['17', '4', '23', '1', '49', '22', '3', '10', '70', '2', '114', '11', '0', '65', '74', '68', '113', '59', '16', '21']
2025-10-07 13:11:18 - evaluator.prediction_analyzer - INFO - _show_single_example:360 -   ✓ Hits (3): ['3', '70', '65']
2025-10-07 13:11:18 - evaluator.prediction_analyzer - INFO - _show_single_example:363 -   Metrics: Recall=1.000, Precision=0.150
2025-10-07 13:11:18 - evaluator.prediction_analyzer - INFO - show_detailed_examples:327 - ============================================================
2025-10-07 13:11:18 - evaluator.evaluator - INFO - __enter__:121 - Starting: Computing test metrics
2025-10-07 13:11:18 - evaluator.evaluator - INFO - compute_ranking_metrics:559 - === TEST METRICS SUMMARY ===
2025-10-07 13:11:18 - evaluator.evaluator - INFO - compute_ranking_metrics:561 - recall@10: 0.3614
2025-10-07 13:11:18 - evaluator.evaluator - INFO - compute_ranking_metrics:561 - recall@20: 0.4987
2025-10-07 13:11:18 - evaluator.evaluator - INFO - compute_ranking_metrics:561 - ndcg@10: 0.2305
2025-10-07 13:11:18 - evaluator.evaluator - INFO - compute_ranking_metrics:561 - ndcg@20: 0.2677
2025-10-07 13:11:18 - evaluator.evaluator - INFO - compute_ranking_metrics:561 - hit_ratio@10: 0.6198
2025-10-07 13:11:18 - evaluator.evaluator - INFO - compute_ranking_metrics:561 - hit_ratio@20: 0.7735
2025-10-07 13:11:18 - evaluator.evaluator - INFO - compute_ranking_metrics:561 - precision@10: 0.0781
2025-10-07 13:11:18 - evaluator.evaluator - INFO - compute_ranking_metrics:561 - precision@20: 0.0543
2025-10-07 13:11:18 - evaluator.evaluator - INFO - compute_ranking_metrics:562 - ===================================
2025-10-07 13:11:18 - evaluator.evaluator - INFO - __exit__:128 - Completed: Computing test metrics (took 0.08s)
2025-10-07 13:11:18 - trainer.trainer - INFO - _evaluate_with_full_ranking:663 - TEST Loss: 0.4679
2025-10-07 13:11:18 - trainer.trainer - INFO - __exit__:128 - Completed: Evaluation (test) (took 27.31s)
2025-10-07 13:11:18 - trainer.trainer - INFO - _train_epoch:353 - Training metrics computation disabled
2025-10-07 13:11:18 - trainer.trainer - INFO - __enter__:121 - Starting: Training epoch 22
2025-10-07 13:11:52 - trainer.trainer - INFO - __exit__:128 - Completed: Training epoch 22 (took 33.96s)
2025-10-07 13:11:52 - trainer.trainer - INFO - _train_epoch:417 - Computing training ranking metrics from 1668 user-basket pairs
2025-10-07 13:11:57 - evaluator.evaluator - INFO - __enter__:121 - Starting: Computing train metrics
2025-10-07 13:11:57 - evaluator.evaluator - INFO - compute_ranking_metrics:559 - === TRAIN METRICS SUMMARY ===
2025-10-07 13:11:57 - evaluator.evaluator - INFO - compute_ranking_metrics:561 - recall@10: 0.1990
2025-10-07 13:11:57 - evaluator.evaluator - INFO - compute_ranking_metrics:561 - recall@20: 0.3156
2025-10-07 13:11:57 - evaluator.evaluator - INFO - compute_ranking_metrics:561 - ndcg@10: 0.1491
2025-10-07 13:11:57 - evaluator.evaluator - INFO - compute_ranking_metrics:561 - ndcg@20: 0.1873
2025-10-07 13:11:57 - evaluator.evaluator - INFO - compute_ranking_metrics:561 - hit_ratio@10: 0.6247
2025-10-07 13:11:57 - evaluator.evaluator - INFO - compute_ranking_metrics:561 - hit_ratio@20: 0.8189
2025-10-07 13:11:57 - evaluator.evaluator - INFO - compute_ranking_metrics:561 - precision@10: 0.0788
2025-10-07 13:11:57 - evaluator.evaluator - INFO - compute_ranking_metrics:561 - precision@20: 0.0625
2025-10-07 13:11:57 - evaluator.evaluator - INFO - compute_ranking_metrics:562 - ===================================
2025-10-07 13:11:57 - evaluator.evaluator - INFO - __exit__:128 - Completed: Computing train metrics (took 0.08s)
2025-10-07 13:11:57 - trainer.trainer - INFO - _train_epoch:424 - Training metrics computed: ['recall@10', 'recall@20', 'ndcg@10', 'ndcg@20', 'hit_ratio@10', 'hit_ratio@20', 'precision@10', 'precision@20']
2025-10-07 13:11:57 - trainer.trainer - INFO - __enter__:121 - Starting: Evaluation (val)
2025-10-07 13:11:57 - trainer.trainer - INFO - _evaluate_with_full_ranking:546 - Built training item mapping for 1668 users
2025-10-07 13:12:22 - trainer.trainer - INFO - _evaluate_with_full_ranking:578 - Found 1757 unique user-basket pairs for evaluation
2025-10-07 13:12:25 - evaluator.prediction_analyzer - INFO - analyze_predictions:161 - Analyzing predictions for 1757 examples (val mode)
2025-10-07 13:12:25 - evaluator.prediction_analyzer - INFO - __enter__:121 - Starting: Prediction analysis (val)
2025-10-07 13:12:25 - evaluator.prediction_analyzer - INFO - __exit__:128 - Completed: Prediction analysis (val) (took 0.00s)
2025-10-07 13:12:25 - evaluator.prediction_analyzer - INFO - _log_analysis_summary:267 - === PREDICTION ANALYSIS SUMMARY (VAL) ===
2025-10-07 13:12:25 - evaluator.prediction_analyzer - INFO - _log_analysis_summary:276 - Ground truth items per example: avg=2.2, min=1, max=3
2025-10-07 13:12:25 - evaluator.prediction_analyzer - INFO - _log_analysis_summary:282 - Epoch range: 0 - 22
2025-10-07 13:12:25 - evaluator.prediction_analyzer - INFO - _log_analysis_summary:300 - Top-5: avg_hits=0.3, avg_recall=0.154, examples_with_hits=338/1150
2025-10-07 13:12:25 - evaluator.prediction_analyzer - INFO - _log_analysis_summary:300 - Top-10: avg_hits=0.5, avg_recall=0.258, examples_with_hits=516/1150
2025-10-07 13:12:25 - evaluator.prediction_analyzer - INFO - _log_analysis_summary:300 - Top-20: avg_hits=0.9, avg_recall=0.401, examples_with_hits=724/1150
2025-10-07 13:12:25 - evaluator.prediction_analyzer - INFO - _save_analysis_to_file:382 - Saved prediction analysis to: pytorch_pipeline/outputs/prediction_analysis/predictions_val_grnn_20251007_124143.json
2025-10-07 13:12:25 - evaluator.prediction_analyzer - INFO - _save_summary_statistics:429 - Saved summary statistics to: pytorch_pipeline/outputs/prediction_analysis/summary_val_grnn_20251007_124143.csv
2025-10-07 13:12:25 - evaluator.evaluator - INFO - __enter__:121 - Starting: Computing val metrics
2025-10-07 13:12:25 - evaluator.evaluator - INFO - compute_ranking_metrics:559 - === VAL METRICS SUMMARY ===
2025-10-07 13:12:25 - evaluator.evaluator - INFO - compute_ranking_metrics:561 - recall@10: 0.3608
2025-10-07 13:12:25 - evaluator.evaluator - INFO - compute_ranking_metrics:561 - recall@20: 0.4940
2025-10-07 13:12:25 - evaluator.evaluator - INFO - compute_ranking_metrics:561 - ndcg@10: 0.2304
2025-10-07 13:12:25 - evaluator.evaluator - INFO - compute_ranking_metrics:561 - ndcg@20: 0.2665
2025-10-07 13:12:25 - evaluator.evaluator - INFO - compute_ranking_metrics:561 - hit_ratio@10: 0.6204
2025-10-07 13:12:25 - evaluator.evaluator - INFO - compute_ranking_metrics:561 - hit_ratio@20: 0.7678
2025-10-07 13:12:25 - evaluator.evaluator - INFO - compute_ranking_metrics:561 - precision@10: 0.0780
2025-10-07 13:12:25 - evaluator.evaluator - INFO - compute_ranking_metrics:561 - precision@20: 0.0538
2025-10-07 13:12:25 - evaluator.evaluator - INFO - compute_ranking_metrics:562 - ===================================
2025-10-07 13:12:25 - evaluator.evaluator - INFO - __exit__:128 - Completed: Computing val metrics (took 0.08s)
2025-10-07 13:12:25 - trainer.trainer - INFO - _evaluate_with_full_ranking:663 - VAL Loss: 0.4848
2025-10-07 13:12:25 - trainer.trainer - INFO - __exit__:128 - Completed: Evaluation (val) (took 27.76s)
2025-10-07 13:12:25 - trainer.trainer - INFO - log_training_metrics:163 - Epoch  22 [combined] - train_loss: 0.5901 | train_recall@10: 0.1990 | train_recall@20: 0.3156 | train_ndcg@10: 0.1491 | train_ndcg@20: 0.1873 | train_hit_ratio@10: 0.6247 | train_hit_ratio@20: 0.8189 | train_precision@10: 0.0788 | train_precision@20: 0.0625 | recall@10: 0.3608 | recall@20: 0.4940 | ndcg@10: 0.2304 | ndcg@20: 0.2665 | hit_ratio@10: 0.6204 | hit_ratio@20: 0.7678 | precision@10: 0.0780 | precision@20: 0.0538 | val_loss: 0.4848
2025-10-07 13:12:25 - trainer.trainer - INFO - __enter__:121 - Starting: Evaluation (test)
2025-10-07 13:12:25 - trainer.trainer - INFO - _evaluate_with_full_ranking:546 - Built training item mapping for 1668 users
2025-10-07 13:12:50 - trainer.trainer - INFO - _evaluate_with_full_ranking:578 - Found 1757 unique user-basket pairs for evaluation
2025-10-07 13:12:52 - evaluator.prediction_analyzer - INFO - analyze_predictions:161 - Analyzing predictions for 1757 examples (test mode)
2025-10-07 13:12:52 - evaluator.prediction_analyzer - INFO - __enter__:121 - Starting: Prediction analysis (test)
2025-10-07 13:12:52 - evaluator.prediction_analyzer - INFO - __exit__:128 - Completed: Prediction analysis (test) (took 0.00s)
2025-10-07 13:12:52 - evaluator.prediction_analyzer - INFO - _log_analysis_summary:267 - === PREDICTION ANALYSIS SUMMARY (TEST) ===
2025-10-07 13:12:52 - evaluator.prediction_analyzer - INFO - _log_analysis_summary:276 - Ground truth items per example: avg=2.2, min=1, max=3
2025-10-07 13:12:52 - evaluator.prediction_analyzer - INFO - _log_analysis_summary:282 - Epoch range: 10 - 22
2025-10-07 13:12:52 - evaluator.prediction_analyzer - INFO - _log_analysis_summary:300 - Top-5: avg_hits=0.5, avg_recall=0.227, examples_with_hits=282/650
2025-10-07 13:12:52 - evaluator.prediction_analyzer - INFO - _log_analysis_summary:300 - Top-10: avg_hits=0.7, avg_recall=0.345, examples_with_hits=380/650
2025-10-07 13:12:52 - evaluator.prediction_analyzer - INFO - _log_analysis_summary:300 - Top-20: avg_hits=1.0, avg_recall=0.487, examples_with_hits=478/650
2025-10-07 13:12:52 - evaluator.prediction_analyzer - INFO - _save_analysis_to_file:382 - Saved prediction analysis to: pytorch_pipeline/outputs/prediction_analysis/predictions_test_grnn_20251007_124143.json
2025-10-07 13:12:52 - evaluator.prediction_analyzer - INFO - _save_summary_statistics:429 - Saved summary statistics to: pytorch_pipeline/outputs/prediction_analysis/summary_test_grnn_20251007_124143.csv
2025-10-07 13:12:52 - evaluator.prediction_analyzer - INFO - show_detailed_examples:321 - === DETAILED PREDICTION EXAMPLES (TEST) ===
2025-10-07 13:12:52 - evaluator.prediction_analyzer - INFO - _show_single_example:333 - 
--- Example 1 (next-basket prediction) ---
2025-10-07 13:12:52 - evaluator.prediction_analyzer - INFO - _show_single_example:334 - User ID: 0, Basket ID: 3
2025-10-07 13:12:52 - evaluator.prediction_analyzer - INFO - _show_single_example:338 - Ground Truth (3 items): ['0', '64', '4']
2025-10-07 13:12:52 - evaluator.prediction_analyzer - INFO - _show_single_example:352 - 
Top-5 Predictions:
2025-10-07 13:12:52 - evaluator.prediction_analyzer - INFO - _show_single_example:354 -   Predicted: ['37', '17', '4', '23', '49']
2025-10-07 13:12:52 - evaluator.prediction_analyzer - INFO - _show_single_example:360 -   ✓ Hits (1): ['4']
2025-10-07 13:12:52 - evaluator.prediction_analyzer - INFO - _show_single_example:363 -   Metrics: Recall=0.333, Precision=0.200
2025-10-07 13:12:52 - evaluator.prediction_analyzer - INFO - _show_single_example:352 - 
Top-10 Predictions:
2025-10-07 13:12:52 - evaluator.prediction_analyzer - INFO - _show_single_example:354 -   Predicted: ['37', '17', '4', '23', '49', '22', '3', '10', '70', '2']
2025-10-07 13:12:52 - evaluator.prediction_analyzer - INFO - _show_single_example:360 -   ✓ Hits (1): ['4']
2025-10-07 13:12:52 - evaluator.prediction_analyzer - INFO - _show_single_example:363 -   Metrics: Recall=0.333, Precision=0.100
2025-10-07 13:12:52 - evaluator.prediction_analyzer - INFO - _show_single_example:352 - 
Top-20 Predictions:
2025-10-07 13:12:52 - evaluator.prediction_analyzer - INFO - _show_single_example:354 -   Predicted: ['37', '17', '4', '23', '49', '22', '3', '10', '70', '2', '114', '11', '0', '65', '74', '68', '113', '59', '16', '21']
2025-10-07 13:12:52 - evaluator.prediction_analyzer - INFO - _show_single_example:360 -   ✓ Hits (2): ['4', '0']
2025-10-07 13:12:52 - evaluator.prediction_analyzer - INFO - _show_single_example:363 -   Metrics: Recall=0.667, Precision=0.100
2025-10-07 13:12:52 - evaluator.prediction_analyzer - INFO - _show_single_example:333 - 
--- Example 2 (next-basket prediction) ---
2025-10-07 13:12:52 - evaluator.prediction_analyzer - INFO - _show_single_example:334 - User ID: 2, Basket ID: 12
2025-10-07 13:12:52 - evaluator.prediction_analyzer - INFO - _show_single_example:338 - Ground Truth (3 items): ['33', '2', '3']
2025-10-07 13:12:52 - evaluator.prediction_analyzer - INFO - _show_single_example:352 - 
Top-5 Predictions:
2025-10-07 13:12:52 - evaluator.prediction_analyzer - INFO - _show_single_example:354 -   Predicted: ['37', '17', '4', '23', '1']
2025-10-07 13:12:52 - evaluator.prediction_analyzer - INFO - _show_single_example:365 -   ✗ No hits in top-5
2025-10-07 13:12:52 - evaluator.prediction_analyzer - INFO - _show_single_example:352 - 
Top-10 Predictions:
2025-10-07 13:12:52 - evaluator.prediction_analyzer - INFO - _show_single_example:354 -   Predicted: ['37', '17', '4', '23', '1', '49', '3', '10', '70', '2']
2025-10-07 13:12:52 - evaluator.prediction_analyzer - INFO - _show_single_example:360 -   ✓ Hits (2): ['3', '2']
2025-10-07 13:12:52 - evaluator.prediction_analyzer - INFO - _show_single_example:363 -   Metrics: Recall=0.667, Precision=0.200
2025-10-07 13:12:52 - evaluator.prediction_analyzer - INFO - _show_single_example:352 - 
Top-20 Predictions:
2025-10-07 13:12:52 - evaluator.prediction_analyzer - INFO - _show_single_example:354 -   Predicted: ['37', '17', '4', '23', '1', '49', '3', '10', '70', '2', '114', '0', '65', '74', '68', '113', '59', '16', '21', '19']
2025-10-07 13:12:52 - evaluator.prediction_analyzer - INFO - _show_single_example:360 -   ✓ Hits (2): ['3', '2']
2025-10-07 13:12:52 - evaluator.prediction_analyzer - INFO - _show_single_example:363 -   Metrics: Recall=0.667, Precision=0.100
2025-10-07 13:12:52 - evaluator.prediction_analyzer - INFO - _show_single_example:333 - 
--- Example 3 (next-basket prediction) ---
2025-10-07 13:12:52 - evaluator.prediction_analyzer - INFO - _show_single_example:334 - User ID: 3, Basket ID: 15
2025-10-07 13:12:52 - evaluator.prediction_analyzer - INFO - _show_single_example:338 - Ground Truth (3 items): ['65', '3', '70']
2025-10-07 13:12:52 - evaluator.prediction_analyzer - INFO - _show_single_example:352 - 
Top-5 Predictions:
2025-10-07 13:12:52 - evaluator.prediction_analyzer - INFO - _show_single_example:354 -   Predicted: ['17', '4', '23', '1', '49']
2025-10-07 13:12:52 - evaluator.prediction_analyzer - INFO - _show_single_example:365 -   ✗ No hits in top-5
2025-10-07 13:12:52 - evaluator.prediction_analyzer - INFO - _show_single_example:352 - 
Top-10 Predictions:
2025-10-07 13:12:52 - evaluator.prediction_analyzer - INFO - _show_single_example:354 -   Predicted: ['17', '4', '23', '1', '49', '22', '3', '10', '70', '2']
2025-10-07 13:12:52 - evaluator.prediction_analyzer - INFO - _show_single_example:360 -   ✓ Hits (2): ['3', '70']
2025-10-07 13:12:52 - evaluator.prediction_analyzer - INFO - _show_single_example:363 -   Metrics: Recall=0.667, Precision=0.200
2025-10-07 13:12:52 - evaluator.prediction_analyzer - INFO - _show_single_example:352 - 
Top-20 Predictions:
2025-10-07 13:12:52 - evaluator.prediction_analyzer - INFO - _show_single_example:354 -   Predicted: ['17', '4', '23', '1', '49', '22', '3', '10', '70', '2', '114', '11', '0', '65', '74', '68', '113', '59', '16', '21']
2025-10-07 13:12:52 - evaluator.prediction_analyzer - INFO - _show_single_example:360 -   ✓ Hits (3): ['3', '70', '65']
2025-10-07 13:12:52 - evaluator.prediction_analyzer - INFO - _show_single_example:363 -   Metrics: Recall=1.000, Precision=0.150
2025-10-07 13:12:52 - evaluator.prediction_analyzer - INFO - show_detailed_examples:327 - ============================================================
2025-10-07 13:12:52 - evaluator.evaluator - INFO - __enter__:121 - Starting: Computing test metrics
2025-10-07 13:12:53 - evaluator.evaluator - INFO - compute_ranking_metrics:559 - === TEST METRICS SUMMARY ===
2025-10-07 13:12:53 - evaluator.evaluator - INFO - compute_ranking_metrics:561 - recall@10: 0.3612
2025-10-07 13:12:53 - evaluator.evaluator - INFO - compute_ranking_metrics:561 - recall@20: 0.4939
2025-10-07 13:12:53 - evaluator.evaluator - INFO - compute_ranking_metrics:561 - ndcg@10: 0.2311
2025-10-07 13:12:53 - evaluator.evaluator - INFO - compute_ranking_metrics:561 - ndcg@20: 0.2671
2025-10-07 13:12:53 - evaluator.evaluator - INFO - compute_ranking_metrics:561 - hit_ratio@10: 0.6209
2025-10-07 13:12:53 - evaluator.evaluator - INFO - compute_ranking_metrics:561 - hit_ratio@20: 0.7684
2025-10-07 13:12:53 - evaluator.evaluator - INFO - compute_ranking_metrics:561 - precision@10: 0.0781
2025-10-07 13:12:53 - evaluator.evaluator - INFO - compute_ranking_metrics:561 - precision@20: 0.0539
2025-10-07 13:12:53 - evaluator.evaluator - INFO - compute_ranking_metrics:562 - ===================================
2025-10-07 13:12:53 - evaluator.evaluator - INFO - __exit__:128 - Completed: Computing test metrics (took 0.08s)
2025-10-07 13:12:53 - trainer.trainer - INFO - _evaluate_with_full_ranking:663 - TEST Loss: 0.4843
2025-10-07 13:12:53 - trainer.trainer - INFO - __exit__:128 - Completed: Evaluation (test) (took 27.60s)
2025-10-07 13:12:53 - trainer.trainer - INFO - _train_epoch:353 - Training metrics computation disabled
2025-10-07 13:12:53 - trainer.trainer - INFO - __enter__:121 - Starting: Training epoch 23
2025-10-07 13:13:26 - trainer.trainer - INFO - __exit__:128 - Completed: Training epoch 23 (took 33.70s)
2025-10-07 13:13:26 - trainer.trainer - INFO - _train_epoch:417 - Computing training ranking metrics from 1668 user-basket pairs
2025-10-07 13:13:31 - evaluator.evaluator - INFO - __enter__:121 - Starting: Computing train metrics
2025-10-07 13:13:31 - evaluator.evaluator - INFO - compute_ranking_metrics:559 - === TRAIN METRICS SUMMARY ===
2025-10-07 13:13:31 - evaluator.evaluator - INFO - compute_ranking_metrics:561 - recall@10: 0.1996
2025-10-07 13:13:31 - evaluator.evaluator - INFO - compute_ranking_metrics:561 - recall@20: 0.3162
2025-10-07 13:13:31 - evaluator.evaluator - INFO - compute_ranking_metrics:561 - ndcg@10: 0.1486
2025-10-07 13:13:31 - evaluator.evaluator - INFO - compute_ranking_metrics:561 - ndcg@20: 0.1868
2025-10-07 13:13:31 - evaluator.evaluator - INFO - compute_ranking_metrics:561 - hit_ratio@10: 0.6253
2025-10-07 13:13:31 - evaluator.evaluator - INFO - compute_ranking_metrics:561 - hit_ratio@20: 0.8225
2025-10-07 13:13:31 - evaluator.evaluator - INFO - compute_ranking_metrics:561 - precision@10: 0.0789
2025-10-07 13:13:31 - evaluator.evaluator - INFO - compute_ranking_metrics:561 - precision@20: 0.0626
2025-10-07 13:13:31 - evaluator.evaluator - INFO - compute_ranking_metrics:562 - ===================================
2025-10-07 13:13:31 - evaluator.evaluator - INFO - __exit__:128 - Completed: Computing train metrics (took 0.08s)
2025-10-07 13:13:31 - trainer.trainer - INFO - _train_epoch:424 - Training metrics computed: ['recall@10', 'recall@20', 'ndcg@10', 'ndcg@20', 'hit_ratio@10', 'hit_ratio@20', 'precision@10', 'precision@20']
2025-10-07 13:13:31 - trainer.trainer - INFO - __enter__:121 - Starting: Evaluation (val)
2025-10-07 13:13:31 - trainer.trainer - INFO - _evaluate_with_full_ranking:546 - Built training item mapping for 1668 users
2025-10-07 13:13:56 - trainer.trainer - INFO - _evaluate_with_full_ranking:578 - Found 1757 unique user-basket pairs for evaluation
2025-10-07 13:13:59 - evaluator.prediction_analyzer - INFO - analyze_predictions:161 - Analyzing predictions for 1757 examples (val mode)
2025-10-07 13:13:59 - evaluator.prediction_analyzer - INFO - __enter__:121 - Starting: Prediction analysis (val)
2025-10-07 13:13:59 - evaluator.prediction_analyzer - INFO - __exit__:128 - Completed: Prediction analysis (val) (took 0.00s)
2025-10-07 13:13:59 - evaluator.prediction_analyzer - INFO - _log_analysis_summary:267 - === PREDICTION ANALYSIS SUMMARY (VAL) ===
2025-10-07 13:13:59 - evaluator.prediction_analyzer - INFO - _log_analysis_summary:276 - Ground truth items per example: avg=2.2, min=1, max=3
2025-10-07 13:13:59 - evaluator.prediction_analyzer - INFO - _log_analysis_summary:282 - Epoch range: 0 - 23
2025-10-07 13:13:59 - evaluator.prediction_analyzer - INFO - _log_analysis_summary:300 - Top-5: avg_hits=0.3, avg_recall=0.157, examples_with_hits=360/1200
2025-10-07 13:13:59 - evaluator.prediction_analyzer - INFO - _log_analysis_summary:300 - Top-10: avg_hits=0.5, avg_recall=0.261, examples_with_hits=544/1200
2025-10-07 13:13:59 - evaluator.prediction_analyzer - INFO - _log_analysis_summary:300 - Top-20: avg_hits=0.9, avg_recall=0.405, examples_with_hits=761/1200
2025-10-07 13:13:59 - evaluator.prediction_analyzer - INFO - _save_analysis_to_file:382 - Saved prediction analysis to: pytorch_pipeline/outputs/prediction_analysis/predictions_val_grnn_20251007_124143.json
2025-10-07 13:13:59 - evaluator.prediction_analyzer - INFO - _save_summary_statistics:429 - Saved summary statistics to: pytorch_pipeline/outputs/prediction_analysis/summary_val_grnn_20251007_124143.csv
2025-10-07 13:13:59 - evaluator.evaluator - INFO - __enter__:121 - Starting: Computing val metrics
2025-10-07 13:13:59 - evaluator.evaluator - INFO - compute_ranking_metrics:559 - === VAL METRICS SUMMARY ===
2025-10-07 13:13:59 - evaluator.evaluator - INFO - compute_ranking_metrics:561 - recall@10: 0.3558
2025-10-07 13:13:59 - evaluator.evaluator - INFO - compute_ranking_metrics:561 - recall@20: 0.4960
2025-10-07 13:13:59 - evaluator.evaluator - INFO - compute_ranking_metrics:561 - ndcg@10: 0.2306
2025-10-07 13:13:59 - evaluator.evaluator - INFO - compute_ranking_metrics:561 - ndcg@20: 0.2687
2025-10-07 13:13:59 - evaluator.evaluator - INFO - compute_ranking_metrics:561 - hit_ratio@10: 0.6124
2025-10-07 13:13:59 - evaluator.evaluator - INFO - compute_ranking_metrics:561 - hit_ratio@20: 0.7684
2025-10-07 13:13:59 - evaluator.evaluator - INFO - compute_ranking_metrics:561 - precision@10: 0.0769
2025-10-07 13:13:59 - evaluator.evaluator - INFO - compute_ranking_metrics:561 - precision@20: 0.0540
2025-10-07 13:13:59 - evaluator.evaluator - INFO - compute_ranking_metrics:562 - ===================================
2025-10-07 13:13:59 - evaluator.evaluator - INFO - __exit__:128 - Completed: Computing val metrics (took 0.08s)
2025-10-07 13:13:59 - trainer.trainer - INFO - _evaluate_with_full_ranking:663 - VAL Loss: 0.4868
2025-10-07 13:13:59 - trainer.trainer - INFO - __exit__:128 - Completed: Evaluation (val) (took 27.67s)
2025-10-07 13:13:59 - trainer.trainer - INFO - log_training_metrics:163 - Epoch  23 [combined] - train_loss: 0.5911 | train_recall@10: 0.1996 | train_recall@20: 0.3162 | train_ndcg@10: 0.1486 | train_ndcg@20: 0.1868 | train_hit_ratio@10: 0.6253 | train_hit_ratio@20: 0.8225 | train_precision@10: 0.0789 | train_precision@20: 0.0626 | recall@10: 0.3558 | recall@20: 0.4960 | ndcg@10: 0.2306 | ndcg@20: 0.2687 | hit_ratio@10: 0.6124 | hit_ratio@20: 0.7684 | precision@10: 0.0769 | precision@20: 0.0540 | val_loss: 0.4868
2025-10-07 13:13:59 - trainer.trainer - INFO - __enter__:121 - Starting: Evaluation (test)
2025-10-07 13:13:59 - trainer.trainer - INFO - _evaluate_with_full_ranking:546 - Built training item mapping for 1668 users
2025-10-07 13:14:24 - trainer.trainer - INFO - _evaluate_with_full_ranking:578 - Found 1757 unique user-basket pairs for evaluation
2025-10-07 13:14:26 - evaluator.prediction_analyzer - INFO - analyze_predictions:161 - Analyzing predictions for 1757 examples (test mode)
2025-10-07 13:14:26 - evaluator.prediction_analyzer - INFO - __enter__:121 - Starting: Prediction analysis (test)
2025-10-07 13:14:26 - evaluator.prediction_analyzer - INFO - __exit__:128 - Completed: Prediction analysis (test) (took 0.00s)
2025-10-07 13:14:26 - evaluator.prediction_analyzer - INFO - _log_analysis_summary:267 - === PREDICTION ANALYSIS SUMMARY (TEST) ===
2025-10-07 13:14:26 - evaluator.prediction_analyzer - INFO - _log_analysis_summary:276 - Ground truth items per example: avg=2.2, min=1, max=3
2025-10-07 13:14:26 - evaluator.prediction_analyzer - INFO - _log_analysis_summary:282 - Epoch range: 10 - 23
2025-10-07 13:14:26 - evaluator.prediction_analyzer - INFO - _log_analysis_summary:300 - Top-5: avg_hits=0.5, avg_recall=0.227, examples_with_hits=304/700
2025-10-07 13:14:26 - evaluator.prediction_analyzer - INFO - _log_analysis_summary:300 - Top-10: avg_hits=0.7, avg_recall=0.344, examples_with_hits=408/700
2025-10-07 13:14:26 - evaluator.prediction_analyzer - INFO - _log_analysis_summary:300 - Top-20: avg_hits=1.0, avg_recall=0.487, examples_with_hits=515/700
2025-10-07 13:14:26 - evaluator.prediction_analyzer - INFO - _save_analysis_to_file:382 - Saved prediction analysis to: pytorch_pipeline/outputs/prediction_analysis/predictions_test_grnn_20251007_124143.json
2025-10-07 13:14:26 - evaluator.prediction_analyzer - INFO - _save_summary_statistics:429 - Saved summary statistics to: pytorch_pipeline/outputs/prediction_analysis/summary_test_grnn_20251007_124143.csv
2025-10-07 13:14:26 - evaluator.prediction_analyzer - INFO - show_detailed_examples:321 - === DETAILED PREDICTION EXAMPLES (TEST) ===
2025-10-07 13:14:26 - evaluator.prediction_analyzer - INFO - _show_single_example:333 - 
--- Example 1 (next-basket prediction) ---
2025-10-07 13:14:26 - evaluator.prediction_analyzer - INFO - _show_single_example:334 - User ID: 0, Basket ID: 3
2025-10-07 13:14:26 - evaluator.prediction_analyzer - INFO - _show_single_example:338 - Ground Truth (3 items): ['0', '64', '4']
2025-10-07 13:14:26 - evaluator.prediction_analyzer - INFO - _show_single_example:352 - 
Top-5 Predictions:
2025-10-07 13:14:26 - evaluator.prediction_analyzer - INFO - _show_single_example:354 -   Predicted: ['37', '17', '4', '23', '49']
2025-10-07 13:14:26 - evaluator.prediction_analyzer - INFO - _show_single_example:360 -   ✓ Hits (1): ['4']
2025-10-07 13:14:26 - evaluator.prediction_analyzer - INFO - _show_single_example:363 -   Metrics: Recall=0.333, Precision=0.200
2025-10-07 13:14:26 - evaluator.prediction_analyzer - INFO - _show_single_example:352 - 
Top-10 Predictions:
2025-10-07 13:14:26 - evaluator.prediction_analyzer - INFO - _show_single_example:354 -   Predicted: ['37', '17', '4', '23', '49', '22', '3', '10', '70', '2']
2025-10-07 13:14:26 - evaluator.prediction_analyzer - INFO - _show_single_example:360 -   ✓ Hits (1): ['4']
2025-10-07 13:14:26 - evaluator.prediction_analyzer - INFO - _show_single_example:363 -   Metrics: Recall=0.333, Precision=0.100
2025-10-07 13:14:26 - evaluator.prediction_analyzer - INFO - _show_single_example:352 - 
Top-20 Predictions:
2025-10-07 13:14:26 - evaluator.prediction_analyzer - INFO - _show_single_example:354 -   Predicted: ['37', '17', '4', '23', '49', '22', '3', '10', '70', '2', '114', '11', '0', '65', '74', '68', '113', '59', '16', '21']
2025-10-07 13:14:26 - evaluator.prediction_analyzer - INFO - _show_single_example:360 -   ✓ Hits (2): ['4', '0']
2025-10-07 13:14:26 - evaluator.prediction_analyzer - INFO - _show_single_example:363 -   Metrics: Recall=0.667, Precision=0.100
2025-10-07 13:14:26 - evaluator.prediction_analyzer - INFO - _show_single_example:333 - 
--- Example 2 (next-basket prediction) ---
2025-10-07 13:14:26 - evaluator.prediction_analyzer - INFO - _show_single_example:334 - User ID: 2, Basket ID: 12
2025-10-07 13:14:26 - evaluator.prediction_analyzer - INFO - _show_single_example:338 - Ground Truth (3 items): ['33', '2', '3']
2025-10-07 13:14:26 - evaluator.prediction_analyzer - INFO - _show_single_example:352 - 
Top-5 Predictions:
2025-10-07 13:14:26 - evaluator.prediction_analyzer - INFO - _show_single_example:354 -   Predicted: ['37', '17', '4', '23', '1']
2025-10-07 13:14:26 - evaluator.prediction_analyzer - INFO - _show_single_example:365 -   ✗ No hits in top-5
2025-10-07 13:14:26 - evaluator.prediction_analyzer - INFO - _show_single_example:352 - 
Top-10 Predictions:
2025-10-07 13:14:26 - evaluator.prediction_analyzer - INFO - _show_single_example:354 -   Predicted: ['37', '17', '4', '23', '1', '49', '3', '10', '70', '2']
2025-10-07 13:14:26 - evaluator.prediction_analyzer - INFO - _show_single_example:360 -   ✓ Hits (2): ['3', '2']
2025-10-07 13:14:26 - evaluator.prediction_analyzer - INFO - _show_single_example:363 -   Metrics: Recall=0.667, Precision=0.200
2025-10-07 13:14:26 - evaluator.prediction_analyzer - INFO - _show_single_example:352 - 
Top-20 Predictions:
2025-10-07 13:14:26 - evaluator.prediction_analyzer - INFO - _show_single_example:354 -   Predicted: ['37', '17', '4', '23', '1', '49', '3', '10', '70', '2', '114', '0', '65', '74', '68', '113', '59', '16', '21', '19']
2025-10-07 13:14:26 - evaluator.prediction_analyzer - INFO - _show_single_example:360 -   ✓ Hits (2): ['3', '2']
2025-10-07 13:14:26 - evaluator.prediction_analyzer - INFO - _show_single_example:363 -   Metrics: Recall=0.667, Precision=0.100
2025-10-07 13:14:26 - evaluator.prediction_analyzer - INFO - _show_single_example:333 - 
--- Example 3 (next-basket prediction) ---
2025-10-07 13:14:26 - evaluator.prediction_analyzer - INFO - _show_single_example:334 - User ID: 3, Basket ID: 15
2025-10-07 13:14:26 - evaluator.prediction_analyzer - INFO - _show_single_example:338 - Ground Truth (3 items): ['65', '3', '70']
2025-10-07 13:14:26 - evaluator.prediction_analyzer - INFO - _show_single_example:352 - 
Top-5 Predictions:
2025-10-07 13:14:26 - evaluator.prediction_analyzer - INFO - _show_single_example:354 -   Predicted: ['17', '4', '23', '1', '49']
2025-10-07 13:14:26 - evaluator.prediction_analyzer - INFO - _show_single_example:365 -   ✗ No hits in top-5
2025-10-07 13:14:26 - evaluator.prediction_analyzer - INFO - _show_single_example:352 - 
Top-10 Predictions:
2025-10-07 13:14:26 - evaluator.prediction_analyzer - INFO - _show_single_example:354 -   Predicted: ['17', '4', '23', '1', '49', '22', '3', '10', '70', '2']
2025-10-07 13:14:26 - evaluator.prediction_analyzer - INFO - _show_single_example:360 -   ✓ Hits (2): ['3', '70']
2025-10-07 13:14:26 - evaluator.prediction_analyzer - INFO - _show_single_example:363 -   Metrics: Recall=0.667, Precision=0.200
2025-10-07 13:14:26 - evaluator.prediction_analyzer - INFO - _show_single_example:352 - 
Top-20 Predictions:
2025-10-07 13:14:26 - evaluator.prediction_analyzer - INFO - _show_single_example:354 -   Predicted: ['17', '4', '23', '1', '49', '22', '3', '10', '70', '2', '114', '11', '0', '65', '74', '68', '113', '59', '16', '21']
2025-10-07 13:14:26 - evaluator.prediction_analyzer - INFO - _show_single_example:360 -   ✓ Hits (3): ['3', '70', '65']
2025-10-07 13:14:26 - evaluator.prediction_analyzer - INFO - _show_single_example:363 -   Metrics: Recall=1.000, Precision=0.150
2025-10-07 13:14:26 - evaluator.prediction_analyzer - INFO - show_detailed_examples:327 - ============================================================
2025-10-07 13:14:26 - evaluator.evaluator - INFO - __enter__:121 - Starting: Computing test metrics
2025-10-07 13:14:26 - evaluator.evaluator - INFO - compute_ranking_metrics:559 - === TEST METRICS SUMMARY ===
2025-10-07 13:14:26 - evaluator.evaluator - INFO - compute_ranking_metrics:561 - recall@10: 0.3558
2025-10-07 13:14:26 - evaluator.evaluator - INFO - compute_ranking_metrics:561 - recall@20: 0.4950
2025-10-07 13:14:26 - evaluator.evaluator - INFO - compute_ranking_metrics:561 - ndcg@10: 0.2297
2025-10-07 13:14:26 - evaluator.evaluator - INFO - compute_ranking_metrics:561 - ndcg@20: 0.2676
2025-10-07 13:14:26 - evaluator.evaluator - INFO - compute_ranking_metrics:561 - hit_ratio@10: 0.6130
2025-10-07 13:14:26 - evaluator.evaluator - INFO - compute_ranking_metrics:561 - hit_ratio@20: 0.7661
2025-10-07 13:14:26 - evaluator.evaluator - INFO - compute_ranking_metrics:561 - precision@10: 0.0769
2025-10-07 13:14:26 - evaluator.evaluator - INFO - compute_ranking_metrics:561 - precision@20: 0.0539
2025-10-07 13:14:26 - evaluator.evaluator - INFO - compute_ranking_metrics:562 - ===================================
2025-10-07 13:14:26 - evaluator.evaluator - INFO - __exit__:128 - Completed: Computing test metrics (took 0.08s)
2025-10-07 13:14:26 - trainer.trainer - INFO - _evaluate_with_full_ranking:663 - TEST Loss: 0.4936
2025-10-07 13:14:26 - trainer.trainer - INFO - __exit__:128 - Completed: Evaluation (test) (took 27.05s)
2025-10-07 13:14:26 - trainer.trainer - INFO - _train_epoch:353 - Training metrics computation disabled
2025-10-07 13:14:26 - trainer.trainer - INFO - __enter__:121 - Starting: Training epoch 24
2025-10-07 13:14:59 - trainer.trainer - INFO - __exit__:128 - Completed: Training epoch 24 (took 33.28s)
2025-10-07 13:14:59 - trainer.trainer - INFO - _train_epoch:417 - Computing training ranking metrics from 1668 user-basket pairs
2025-10-07 13:15:04 - evaluator.evaluator - INFO - __enter__:121 - Starting: Computing train metrics
2025-10-07 13:15:04 - evaluator.evaluator - INFO - compute_ranking_metrics:559 - === TRAIN METRICS SUMMARY ===
2025-10-07 13:15:04 - evaluator.evaluator - INFO - compute_ranking_metrics:561 - recall@10: 0.1993
2025-10-07 13:15:04 - evaluator.evaluator - INFO - compute_ranking_metrics:561 - recall@20: 0.3172
2025-10-07 13:15:04 - evaluator.evaluator - INFO - compute_ranking_metrics:561 - ndcg@10: 0.1488
2025-10-07 13:15:04 - evaluator.evaluator - INFO - compute_ranking_metrics:561 - ndcg@20: 0.1874
2025-10-07 13:15:04 - evaluator.evaluator - INFO - compute_ranking_metrics:561 - hit_ratio@10: 0.6253
2025-10-07 13:15:04 - evaluator.evaluator - INFO - compute_ranking_metrics:561 - hit_ratio@20: 0.8237
2025-10-07 13:15:04 - evaluator.evaluator - INFO - compute_ranking_metrics:561 - precision@10: 0.0788
2025-10-07 13:15:04 - evaluator.evaluator - INFO - compute_ranking_metrics:561 - precision@20: 0.0628
2025-10-07 13:15:04 - evaluator.evaluator - INFO - compute_ranking_metrics:562 - ===================================
2025-10-07 13:15:04 - evaluator.evaluator - INFO - __exit__:128 - Completed: Computing train metrics (took 0.08s)
2025-10-07 13:15:04 - trainer.trainer - INFO - _train_epoch:424 - Training metrics computed: ['recall@10', 'recall@20', 'ndcg@10', 'ndcg@20', 'hit_ratio@10', 'hit_ratio@20', 'precision@10', 'precision@20']
2025-10-07 13:15:04 - trainer.trainer - INFO - __enter__:121 - Starting: Evaluation (val)
2025-10-07 13:15:04 - trainer.trainer - INFO - _evaluate_with_full_ranking:546 - Built training item mapping for 1668 users
2025-10-07 13:15:29 - trainer.trainer - INFO - _evaluate_with_full_ranking:578 - Found 1757 unique user-basket pairs for evaluation
2025-10-07 13:15:31 - evaluator.prediction_analyzer - INFO - analyze_predictions:161 - Analyzing predictions for 1757 examples (val mode)
2025-10-07 13:15:31 - evaluator.prediction_analyzer - INFO - __enter__:121 - Starting: Prediction analysis (val)
2025-10-07 13:15:31 - evaluator.prediction_analyzer - INFO - __exit__:128 - Completed: Prediction analysis (val) (took 0.00s)
2025-10-07 13:15:31 - evaluator.prediction_analyzer - INFO - _log_analysis_summary:267 - === PREDICTION ANALYSIS SUMMARY (VAL) ===
2025-10-07 13:15:31 - evaluator.prediction_analyzer - INFO - _log_analysis_summary:276 - Ground truth items per example: avg=2.2, min=1, max=3
2025-10-07 13:15:31 - evaluator.prediction_analyzer - INFO - _log_analysis_summary:282 - Epoch range: 0 - 24
2025-10-07 13:15:31 - evaluator.prediction_analyzer - INFO - _log_analysis_summary:300 - Top-5: avg_hits=0.3, avg_recall=0.160, examples_with_hits=382/1250
2025-10-07 13:15:31 - evaluator.prediction_analyzer - INFO - _log_analysis_summary:300 - Top-10: avg_hits=0.6, avg_recall=0.263, examples_with_hits=572/1250
2025-10-07 13:15:31 - evaluator.prediction_analyzer - INFO - _log_analysis_summary:300 - Top-20: avg_hits=0.9, avg_recall=0.408, examples_with_hits=798/1250
2025-10-07 13:15:31 - evaluator.prediction_analyzer - INFO - _save_analysis_to_file:382 - Saved prediction analysis to: pytorch_pipeline/outputs/prediction_analysis/predictions_val_grnn_20251007_124143.json
2025-10-07 13:15:31 - evaluator.prediction_analyzer - INFO - _save_summary_statistics:429 - Saved summary statistics to: pytorch_pipeline/outputs/prediction_analysis/summary_val_grnn_20251007_124143.csv
2025-10-07 13:15:31 - evaluator.evaluator - INFO - __enter__:121 - Starting: Computing val metrics
2025-10-07 13:15:31 - evaluator.evaluator - INFO - compute_ranking_metrics:559 - === VAL METRICS SUMMARY ===
2025-10-07 13:15:31 - evaluator.evaluator - INFO - compute_ranking_metrics:561 - recall@10: 0.3534
2025-10-07 13:15:31 - evaluator.evaluator - INFO - compute_ranking_metrics:561 - recall@20: 0.4931
2025-10-07 13:15:31 - evaluator.evaluator - INFO - compute_ranking_metrics:561 - ndcg@10: 0.2288
2025-10-07 13:15:31 - evaluator.evaluator - INFO - compute_ranking_metrics:561 - ndcg@20: 0.2666
2025-10-07 13:15:31 - evaluator.evaluator - INFO - compute_ranking_metrics:561 - hit_ratio@10: 0.6084
2025-10-07 13:15:31 - evaluator.evaluator - INFO - compute_ranking_metrics:561 - hit_ratio@20: 0.7638
2025-10-07 13:15:31 - evaluator.evaluator - INFO - compute_ranking_metrics:561 - precision@10: 0.0764
2025-10-07 13:15:31 - evaluator.evaluator - INFO - compute_ranking_metrics:561 - precision@20: 0.0537
2025-10-07 13:15:31 - evaluator.evaluator - INFO - compute_ranking_metrics:562 - ===================================
2025-10-07 13:15:31 - evaluator.evaluator - INFO - __exit__:128 - Completed: Computing val metrics (took 0.08s)
2025-10-07 13:15:31 - trainer.trainer - INFO - _evaluate_with_full_ranking:663 - VAL Loss: 0.4788
2025-10-07 13:15:31 - trainer.trainer - INFO - __exit__:128 - Completed: Evaluation (val) (took 27.62s)
2025-10-07 13:15:31 - trainer.trainer - INFO - log_training_metrics:163 - Epoch  24 [combined] - train_loss: 0.5759 | train_recall@10: 0.1993 | train_recall@20: 0.3172 | train_ndcg@10: 0.1488 | train_ndcg@20: 0.1874 | train_hit_ratio@10: 0.6253 | train_hit_ratio@20: 0.8237 | train_precision@10: 0.0788 | train_precision@20: 0.0628 | recall@10: 0.3534 | recall@20: 0.4931 | ndcg@10: 0.2288 | ndcg@20: 0.2666 | hit_ratio@10: 0.6084 | hit_ratio@20: 0.7638 | precision@10: 0.0764 | precision@20: 0.0537 | val_loss: 0.4788
2025-10-07 13:15:31 - trainer.trainer - INFO - __enter__:121 - Starting: Evaluation (test)
2025-10-07 13:15:32 - trainer.trainer - INFO - _evaluate_with_full_ranking:546 - Built training item mapping for 1668 users
2025-10-07 13:15:56 - trainer.trainer - INFO - _evaluate_with_full_ranking:578 - Found 1757 unique user-basket pairs for evaluation
2025-10-07 13:15:59 - evaluator.prediction_analyzer - INFO - analyze_predictions:161 - Analyzing predictions for 1757 examples (test mode)
2025-10-07 13:15:59 - evaluator.prediction_analyzer - INFO - __enter__:121 - Starting: Prediction analysis (test)
2025-10-07 13:15:59 - evaluator.prediction_analyzer - INFO - __exit__:128 - Completed: Prediction analysis (test) (took 0.00s)
2025-10-07 13:15:59 - evaluator.prediction_analyzer - INFO - _log_analysis_summary:267 - === PREDICTION ANALYSIS SUMMARY (TEST) ===
2025-10-07 13:15:59 - evaluator.prediction_analyzer - INFO - _log_analysis_summary:276 - Ground truth items per example: avg=2.2, min=1, max=3
2025-10-07 13:15:59 - evaluator.prediction_analyzer - INFO - _log_analysis_summary:282 - Epoch range: 10 - 24
2025-10-07 13:15:59 - evaluator.prediction_analyzer - INFO - _log_analysis_summary:300 - Top-5: avg_hits=0.5, avg_recall=0.228, examples_with_hits=326/750
2025-10-07 13:15:59 - evaluator.prediction_analyzer - INFO - _log_analysis_summary:300 - Top-10: avg_hits=0.7, avg_recall=0.343, examples_with_hits=436/750
2025-10-07 13:15:59 - evaluator.prediction_analyzer - INFO - _log_analysis_summary:300 - Top-20: avg_hits=1.0, avg_recall=0.488, examples_with_hits=552/750
2025-10-07 13:15:59 - evaluator.prediction_analyzer - INFO - _save_analysis_to_file:382 - Saved prediction analysis to: pytorch_pipeline/outputs/prediction_analysis/predictions_test_grnn_20251007_124143.json
2025-10-07 13:15:59 - evaluator.prediction_analyzer - INFO - _save_summary_statistics:429 - Saved summary statistics to: pytorch_pipeline/outputs/prediction_analysis/summary_test_grnn_20251007_124143.csv
2025-10-07 13:15:59 - evaluator.prediction_analyzer - INFO - show_detailed_examples:321 - === DETAILED PREDICTION EXAMPLES (TEST) ===
2025-10-07 13:15:59 - evaluator.prediction_analyzer - INFO - _show_single_example:333 - 
--- Example 1 (next-basket prediction) ---
2025-10-07 13:15:59 - evaluator.prediction_analyzer - INFO - _show_single_example:334 - User ID: 0, Basket ID: 3
2025-10-07 13:15:59 - evaluator.prediction_analyzer - INFO - _show_single_example:338 - Ground Truth (3 items): ['0', '64', '4']
2025-10-07 13:15:59 - evaluator.prediction_analyzer - INFO - _show_single_example:352 - 
Top-5 Predictions:
2025-10-07 13:15:59 - evaluator.prediction_analyzer - INFO - _show_single_example:354 -   Predicted: ['37', '17', '4', '23', '49']
2025-10-07 13:15:59 - evaluator.prediction_analyzer - INFO - _show_single_example:360 -   ✓ Hits (1): ['4']
2025-10-07 13:15:59 - evaluator.prediction_analyzer - INFO - _show_single_example:363 -   Metrics: Recall=0.333, Precision=0.200
2025-10-07 13:15:59 - evaluator.prediction_analyzer - INFO - _show_single_example:352 - 
Top-10 Predictions:
2025-10-07 13:15:59 - evaluator.prediction_analyzer - INFO - _show_single_example:354 -   Predicted: ['37', '17', '4', '23', '49', '22', '3', '10', '70', '2']
2025-10-07 13:15:59 - evaluator.prediction_analyzer - INFO - _show_single_example:360 -   ✓ Hits (1): ['4']
2025-10-07 13:15:59 - evaluator.prediction_analyzer - INFO - _show_single_example:363 -   Metrics: Recall=0.333, Precision=0.100
2025-10-07 13:15:59 - evaluator.prediction_analyzer - INFO - _show_single_example:352 - 
Top-20 Predictions:
2025-10-07 13:15:59 - evaluator.prediction_analyzer - INFO - _show_single_example:354 -   Predicted: ['37', '17', '4', '23', '49', '22', '3', '10', '70', '2', '114', '11', '0', '65', '74', '68', '113', '59', '16', '21']
2025-10-07 13:15:59 - evaluator.prediction_analyzer - INFO - _show_single_example:360 -   ✓ Hits (2): ['4', '0']
2025-10-07 13:15:59 - evaluator.prediction_analyzer - INFO - _show_single_example:363 -   Metrics: Recall=0.667, Precision=0.100
2025-10-07 13:15:59 - evaluator.prediction_analyzer - INFO - _show_single_example:333 - 
--- Example 2 (next-basket prediction) ---
2025-10-07 13:15:59 - evaluator.prediction_analyzer - INFO - _show_single_example:334 - User ID: 2, Basket ID: 12
2025-10-07 13:15:59 - evaluator.prediction_analyzer - INFO - _show_single_example:338 - Ground Truth (3 items): ['33', '2', '3']
2025-10-07 13:15:59 - evaluator.prediction_analyzer - INFO - _show_single_example:352 - 
Top-5 Predictions:
2025-10-07 13:15:59 - evaluator.prediction_analyzer - INFO - _show_single_example:354 -   Predicted: ['37', '17', '4', '23', '1']
2025-10-07 13:15:59 - evaluator.prediction_analyzer - INFO - _show_single_example:365 -   ✗ No hits in top-5
2025-10-07 13:15:59 - evaluator.prediction_analyzer - INFO - _show_single_example:352 - 
Top-10 Predictions:
2025-10-07 13:15:59 - evaluator.prediction_analyzer - INFO - _show_single_example:354 -   Predicted: ['37', '17', '4', '23', '1', '49', '3', '10', '70', '2']
2025-10-07 13:15:59 - evaluator.prediction_analyzer - INFO - _show_single_example:360 -   ✓ Hits (2): ['3', '2']
2025-10-07 13:15:59 - evaluator.prediction_analyzer - INFO - _show_single_example:363 -   Metrics: Recall=0.667, Precision=0.200
2025-10-07 13:15:59 - evaluator.prediction_analyzer - INFO - _show_single_example:352 - 
Top-20 Predictions:
2025-10-07 13:15:59 - evaluator.prediction_analyzer - INFO - _show_single_example:354 -   Predicted: ['37', '17', '4', '23', '1', '49', '3', '10', '70', '2', '114', '0', '65', '74', '68', '113', '59', '16', '21', '19']
2025-10-07 13:15:59 - evaluator.prediction_analyzer - INFO - _show_single_example:360 -   ✓ Hits (2): ['3', '2']
2025-10-07 13:15:59 - evaluator.prediction_analyzer - INFO - _show_single_example:363 -   Metrics: Recall=0.667, Precision=0.100
2025-10-07 13:15:59 - evaluator.prediction_analyzer - INFO - _show_single_example:333 - 
--- Example 3 (next-basket prediction) ---
2025-10-07 13:15:59 - evaluator.prediction_analyzer - INFO - _show_single_example:334 - User ID: 3, Basket ID: 15
2025-10-07 13:15:59 - evaluator.prediction_analyzer - INFO - _show_single_example:338 - Ground Truth (3 items): ['65', '3', '70']
2025-10-07 13:15:59 - evaluator.prediction_analyzer - INFO - _show_single_example:352 - 
Top-5 Predictions:
2025-10-07 13:15:59 - evaluator.prediction_analyzer - INFO - _show_single_example:354 -   Predicted: ['17', '4', '23', '1', '49']
2025-10-07 13:15:59 - evaluator.prediction_analyzer - INFO - _show_single_example:365 -   ✗ No hits in top-5
2025-10-07 13:15:59 - evaluator.prediction_analyzer - INFO - _show_single_example:352 - 
Top-10 Predictions:
2025-10-07 13:15:59 - evaluator.prediction_analyzer - INFO - _show_single_example:354 -   Predicted: ['17', '4', '23', '1', '49', '22', '3', '10', '70', '2']
2025-10-07 13:15:59 - evaluator.prediction_analyzer - INFO - _show_single_example:360 -   ✓ Hits (2): ['3', '70']
2025-10-07 13:15:59 - evaluator.prediction_analyzer - INFO - _show_single_example:363 -   Metrics: Recall=0.667, Precision=0.200
2025-10-07 13:15:59 - evaluator.prediction_analyzer - INFO - _show_single_example:352 - 
Top-20 Predictions:
2025-10-07 13:15:59 - evaluator.prediction_analyzer - INFO - _show_single_example:354 -   Predicted: ['17', '4', '23', '1', '49', '22', '3', '10', '70', '2', '114', '11', '0', '65', '74', '68', '113', '59', '16', '21']
2025-10-07 13:15:59 - evaluator.prediction_analyzer - INFO - _show_single_example:360 -   ✓ Hits (3): ['3', '70', '65']
2025-10-07 13:15:59 - evaluator.prediction_analyzer - INFO - _show_single_example:363 -   Metrics: Recall=1.000, Precision=0.150
2025-10-07 13:15:59 - evaluator.prediction_analyzer - INFO - show_detailed_examples:327 - ============================================================
2025-10-07 13:15:59 - evaluator.evaluator - INFO - __enter__:121 - Starting: Computing test metrics
2025-10-07 13:15:59 - evaluator.evaluator - INFO - compute_ranking_metrics:559 - === TEST METRICS SUMMARY ===
2025-10-07 13:15:59 - evaluator.evaluator - INFO - compute_ranking_metrics:561 - recall@10: 0.3537
2025-10-07 13:15:59 - evaluator.evaluator - INFO - compute_ranking_metrics:561 - recall@20: 0.4928
2025-10-07 13:15:59 - evaluator.evaluator - INFO - compute_ranking_metrics:561 - ndcg@10: 0.2289
2025-10-07 13:15:59 - evaluator.evaluator - INFO - compute_ranking_metrics:561 - ndcg@20: 0.2666
2025-10-07 13:15:59 - evaluator.evaluator - INFO - compute_ranking_metrics:561 - hit_ratio@10: 0.6096
2025-10-07 13:15:59 - evaluator.evaluator - INFO - compute_ranking_metrics:561 - hit_ratio@20: 0.7638
2025-10-07 13:15:59 - evaluator.evaluator - INFO - compute_ranking_metrics:561 - precision@10: 0.0765
2025-10-07 13:15:59 - evaluator.evaluator - INFO - compute_ranking_metrics:561 - precision@20: 0.0537
2025-10-07 13:15:59 - evaluator.evaluator - INFO - compute_ranking_metrics:562 - ===================================
2025-10-07 13:15:59 - evaluator.evaluator - INFO - __exit__:128 - Completed: Computing test metrics (took 0.09s)
2025-10-07 13:15:59 - trainer.trainer - INFO - _evaluate_with_full_ranking:663 - TEST Loss: 0.4795
2025-10-07 13:15:59 - trainer.trainer - INFO - __exit__:128 - Completed: Evaluation (test) (took 27.30s)
2025-10-07 13:15:59 - trainer.trainer - INFO - _train_epoch:353 - Training metrics computation disabled
2025-10-07 13:15:59 - trainer.trainer - INFO - __enter__:121 - Starting: Training epoch 25
2025-10-07 13:16:32 - trainer.trainer - INFO - __exit__:128 - Completed: Training epoch 25 (took 33.59s)
2025-10-07 13:16:32 - trainer.trainer - INFO - _train_epoch:417 - Computing training ranking metrics from 1668 user-basket pairs
2025-10-07 13:16:37 - evaluator.evaluator - INFO - __enter__:121 - Starting: Computing train metrics
2025-10-07 13:16:37 - evaluator.evaluator - INFO - compute_ranking_metrics:559 - === TRAIN METRICS SUMMARY ===
2025-10-07 13:16:37 - evaluator.evaluator - INFO - compute_ranking_metrics:561 - recall@10: 0.1997
2025-10-07 13:16:37 - evaluator.evaluator - INFO - compute_ranking_metrics:561 - recall@20: 0.3170
2025-10-07 13:16:37 - evaluator.evaluator - INFO - compute_ranking_metrics:561 - ndcg@10: 0.1488
2025-10-07 13:16:37 - evaluator.evaluator - INFO - compute_ranking_metrics:561 - ndcg@20: 0.1872
2025-10-07 13:16:37 - evaluator.evaluator - INFO - compute_ranking_metrics:561 - hit_ratio@10: 0.6253
2025-10-07 13:16:37 - evaluator.evaluator - INFO - compute_ranking_metrics:561 - hit_ratio@20: 0.8231
2025-10-07 13:16:37 - evaluator.evaluator - INFO - compute_ranking_metrics:561 - precision@10: 0.0790
2025-10-07 13:16:37 - evaluator.evaluator - INFO - compute_ranking_metrics:561 - precision@20: 0.0628
2025-10-07 13:16:37 - evaluator.evaluator - INFO - compute_ranking_metrics:562 - ===================================
2025-10-07 13:16:37 - evaluator.evaluator - INFO - __exit__:128 - Completed: Computing train metrics (took 0.08s)
2025-10-07 13:16:37 - trainer.trainer - INFO - _train_epoch:424 - Training metrics computed: ['recall@10', 'recall@20', 'ndcg@10', 'ndcg@20', 'hit_ratio@10', 'hit_ratio@20', 'precision@10', 'precision@20']
2025-10-07 13:16:37 - trainer.trainer - INFO - __enter__:121 - Starting: Evaluation (val)
2025-10-07 13:16:37 - trainer.trainer - INFO - _evaluate_with_full_ranking:546 - Built training item mapping for 1668 users
2025-10-07 13:17:02 - trainer.trainer - INFO - _evaluate_with_full_ranking:578 - Found 1757 unique user-basket pairs for evaluation
2025-10-07 13:17:05 - evaluator.prediction_analyzer - INFO - analyze_predictions:161 - Analyzing predictions for 1757 examples (val mode)
2025-10-07 13:17:05 - evaluator.prediction_analyzer - INFO - __enter__:121 - Starting: Prediction analysis (val)
2025-10-07 13:17:05 - evaluator.prediction_analyzer - INFO - __exit__:128 - Completed: Prediction analysis (val) (took 0.00s)
2025-10-07 13:17:05 - evaluator.prediction_analyzer - INFO - _log_analysis_summary:267 - === PREDICTION ANALYSIS SUMMARY (VAL) ===
2025-10-07 13:17:05 - evaluator.prediction_analyzer - INFO - _log_analysis_summary:276 - Ground truth items per example: avg=2.2, min=1, max=3
2025-10-07 13:17:05 - evaluator.prediction_analyzer - INFO - _log_analysis_summary:282 - Epoch range: 0 - 25
2025-10-07 13:17:05 - evaluator.prediction_analyzer - INFO - _log_analysis_summary:300 - Top-5: avg_hits=0.3, avg_recall=0.163, examples_with_hits=404/1300
2025-10-07 13:17:05 - evaluator.prediction_analyzer - INFO - _log_analysis_summary:300 - Top-10: avg_hits=0.6, avg_recall=0.266, examples_with_hits=600/1300
2025-10-07 13:17:05 - evaluator.prediction_analyzer - INFO - _log_analysis_summary:300 - Top-20: avg_hits=0.9, avg_recall=0.411, examples_with_hits=835/1300
2025-10-07 13:17:05 - evaluator.prediction_analyzer - INFO - _save_analysis_to_file:382 - Saved prediction analysis to: pytorch_pipeline/outputs/prediction_analysis/predictions_val_grnn_20251007_124143.json
2025-10-07 13:17:05 - evaluator.prediction_analyzer - INFO - _save_summary_statistics:429 - Saved summary statistics to: pytorch_pipeline/outputs/prediction_analysis/summary_val_grnn_20251007_124143.csv
2025-10-07 13:17:05 - evaluator.evaluator - INFO - __enter__:121 - Starting: Computing val metrics
2025-10-07 13:17:05 - evaluator.evaluator - INFO - compute_ranking_metrics:559 - === VAL METRICS SUMMARY ===
2025-10-07 13:17:05 - evaluator.evaluator - INFO - compute_ranking_metrics:561 - recall@10: 0.3506
2025-10-07 13:17:05 - evaluator.evaluator - INFO - compute_ranking_metrics:561 - recall@20: 0.4905
2025-10-07 13:17:05 - evaluator.evaluator - INFO - compute_ranking_metrics:561 - ndcg@10: 0.2274
2025-10-07 13:17:05 - evaluator.evaluator - INFO - compute_ranking_metrics:561 - ndcg@20: 0.2654
2025-10-07 13:17:05 - evaluator.evaluator - INFO - compute_ranking_metrics:561 - hit_ratio@10: 0.6039
2025-10-07 13:17:05 - evaluator.evaluator - INFO - compute_ranking_metrics:561 - hit_ratio@20: 0.7598
2025-10-07 13:17:05 - evaluator.evaluator - INFO - compute_ranking_metrics:561 - precision@10: 0.0759
2025-10-07 13:17:05 - evaluator.evaluator - INFO - compute_ranking_metrics:561 - precision@20: 0.0534
2025-10-07 13:17:05 - evaluator.evaluator - INFO - compute_ranking_metrics:562 - ===================================
2025-10-07 13:17:05 - evaluator.evaluator - INFO - __exit__:128 - Completed: Computing val metrics (took 0.08s)
2025-10-07 13:17:05 - trainer.trainer - INFO - _evaluate_with_full_ranking:663 - VAL Loss: 0.5016
2025-10-07 13:17:05 - trainer.trainer - INFO - __exit__:128 - Completed: Evaluation (val) (took 27.81s)
2025-10-07 13:17:05 - trainer.trainer - INFO - log_training_metrics:163 - Epoch  25 [combined] - train_loss: 0.5868 | train_recall@10: 0.1997 | train_recall@20: 0.3170 | train_ndcg@10: 0.1488 | train_ndcg@20: 0.1872 | train_hit_ratio@10: 0.6253 | train_hit_ratio@20: 0.8231 | train_precision@10: 0.0790 | train_precision@20: 0.0628 | recall@10: 0.3506 | recall@20: 0.4905 | ndcg@10: 0.2274 | ndcg@20: 0.2654 | hit_ratio@10: 0.6039 | hit_ratio@20: 0.7598 | precision@10: 0.0759 | precision@20: 0.0534 | val_loss: 0.5016
2025-10-07 13:17:05 - trainer.trainer - INFO - __enter__:121 - Starting: Evaluation (test)
2025-10-07 13:17:05 - trainer.trainer - INFO - _evaluate_with_full_ranking:546 - Built training item mapping for 1668 users
2025-10-07 13:17:30 - trainer.trainer - INFO - _evaluate_with_full_ranking:578 - Found 1757 unique user-basket pairs for evaluation
2025-10-07 13:17:32 - evaluator.prediction_analyzer - INFO - analyze_predictions:161 - Analyzing predictions for 1757 examples (test mode)
2025-10-07 13:17:32 - evaluator.prediction_analyzer - INFO - __enter__:121 - Starting: Prediction analysis (test)
2025-10-07 13:17:32 - evaluator.prediction_analyzer - INFO - __exit__:128 - Completed: Prediction analysis (test) (took 0.00s)
2025-10-07 13:17:32 - evaluator.prediction_analyzer - INFO - _log_analysis_summary:267 - === PREDICTION ANALYSIS SUMMARY (TEST) ===
2025-10-07 13:17:32 - evaluator.prediction_analyzer - INFO - _log_analysis_summary:276 - Ground truth items per example: avg=2.2, min=1, max=3
2025-10-07 13:17:32 - evaluator.prediction_analyzer - INFO - _log_analysis_summary:282 - Epoch range: 10 - 25
2025-10-07 13:17:32 - evaluator.prediction_analyzer - INFO - _log_analysis_summary:300 - Top-5: avg_hits=0.5, avg_recall=0.228, examples_with_hits=348/800
2025-10-07 13:17:32 - evaluator.prediction_analyzer - INFO - _log_analysis_summary:300 - Top-10: avg_hits=0.7, avg_recall=0.342, examples_with_hits=464/800
2025-10-07 13:17:32 - evaluator.prediction_analyzer - INFO - _log_analysis_summary:300 - Top-20: avg_hits=1.0, avg_recall=0.488, examples_with_hits=589/800
2025-10-07 13:17:32 - evaluator.prediction_analyzer - INFO - _save_analysis_to_file:382 - Saved prediction analysis to: pytorch_pipeline/outputs/prediction_analysis/predictions_test_grnn_20251007_124143.json
2025-10-07 13:17:32 - evaluator.prediction_analyzer - INFO - _save_summary_statistics:429 - Saved summary statistics to: pytorch_pipeline/outputs/prediction_analysis/summary_test_grnn_20251007_124143.csv
2025-10-07 13:17:32 - evaluator.prediction_analyzer - INFO - show_detailed_examples:321 - === DETAILED PREDICTION EXAMPLES (TEST) ===
2025-10-07 13:17:32 - evaluator.prediction_analyzer - INFO - _show_single_example:333 - 
--- Example 1 (next-basket prediction) ---
2025-10-07 13:17:32 - evaluator.prediction_analyzer - INFO - _show_single_example:334 - User ID: 0, Basket ID: 3
2025-10-07 13:17:32 - evaluator.prediction_analyzer - INFO - _show_single_example:338 - Ground Truth (3 items): ['0', '64', '4']
2025-10-07 13:17:32 - evaluator.prediction_analyzer - INFO - _show_single_example:352 - 
Top-5 Predictions:
2025-10-07 13:17:32 - evaluator.prediction_analyzer - INFO - _show_single_example:354 -   Predicted: ['37', '17', '4', '23', '49']
2025-10-07 13:17:32 - evaluator.prediction_analyzer - INFO - _show_single_example:360 -   ✓ Hits (1): ['4']
2025-10-07 13:17:32 - evaluator.prediction_analyzer - INFO - _show_single_example:363 -   Metrics: Recall=0.333, Precision=0.200
2025-10-07 13:17:32 - evaluator.prediction_analyzer - INFO - _show_single_example:352 - 
Top-10 Predictions:
2025-10-07 13:17:32 - evaluator.prediction_analyzer - INFO - _show_single_example:354 -   Predicted: ['37', '17', '4', '23', '49', '22', '3', '10', '70', '2']
2025-10-07 13:17:32 - evaluator.prediction_analyzer - INFO - _show_single_example:360 -   ✓ Hits (1): ['4']
2025-10-07 13:17:32 - evaluator.prediction_analyzer - INFO - _show_single_example:363 -   Metrics: Recall=0.333, Precision=0.100
2025-10-07 13:17:32 - evaluator.prediction_analyzer - INFO - _show_single_example:352 - 
Top-20 Predictions:
2025-10-07 13:17:32 - evaluator.prediction_analyzer - INFO - _show_single_example:354 -   Predicted: ['37', '17', '4', '23', '49', '22', '3', '10', '70', '2', '114', '11', '0', '65', '74', '68', '113', '59', '16', '21']
2025-10-07 13:17:32 - evaluator.prediction_analyzer - INFO - _show_single_example:360 -   ✓ Hits (2): ['4', '0']
2025-10-07 13:17:32 - evaluator.prediction_analyzer - INFO - _show_single_example:363 -   Metrics: Recall=0.667, Precision=0.100
2025-10-07 13:17:32 - evaluator.prediction_analyzer - INFO - _show_single_example:333 - 
--- Example 2 (next-basket prediction) ---
2025-10-07 13:17:32 - evaluator.prediction_analyzer - INFO - _show_single_example:334 - User ID: 2, Basket ID: 12
2025-10-07 13:17:32 - evaluator.prediction_analyzer - INFO - _show_single_example:338 - Ground Truth (3 items): ['33', '2', '3']
2025-10-07 13:17:32 - evaluator.prediction_analyzer - INFO - _show_single_example:352 - 
Top-5 Predictions:
2025-10-07 13:17:32 - evaluator.prediction_analyzer - INFO - _show_single_example:354 -   Predicted: ['37', '17', '4', '23', '1']
2025-10-07 13:17:32 - evaluator.prediction_analyzer - INFO - _show_single_example:365 -   ✗ No hits in top-5
2025-10-07 13:17:32 - evaluator.prediction_analyzer - INFO - _show_single_example:352 - 
Top-10 Predictions:
2025-10-07 13:17:32 - evaluator.prediction_analyzer - INFO - _show_single_example:354 -   Predicted: ['37', '17', '4', '23', '1', '49', '3', '10', '70', '2']
2025-10-07 13:17:32 - evaluator.prediction_analyzer - INFO - _show_single_example:360 -   ✓ Hits (2): ['3', '2']
2025-10-07 13:17:32 - evaluator.prediction_analyzer - INFO - _show_single_example:363 -   Metrics: Recall=0.667, Precision=0.200
2025-10-07 13:17:32 - evaluator.prediction_analyzer - INFO - _show_single_example:352 - 
Top-20 Predictions:
2025-10-07 13:17:32 - evaluator.prediction_analyzer - INFO - _show_single_example:354 -   Predicted: ['37', '17', '4', '23', '1', '49', '3', '10', '70', '2', '114', '0', '65', '74', '68', '113', '59', '16', '21', '19']
2025-10-07 13:17:32 - evaluator.prediction_analyzer - INFO - _show_single_example:360 -   ✓ Hits (2): ['3', '2']
2025-10-07 13:17:32 - evaluator.prediction_analyzer - INFO - _show_single_example:363 -   Metrics: Recall=0.667, Precision=0.100
2025-10-07 13:17:32 - evaluator.prediction_analyzer - INFO - _show_single_example:333 - 
--- Example 3 (next-basket prediction) ---
2025-10-07 13:17:32 - evaluator.prediction_analyzer - INFO - _show_single_example:334 - User ID: 3, Basket ID: 15
2025-10-07 13:17:32 - evaluator.prediction_analyzer - INFO - _show_single_example:338 - Ground Truth (3 items): ['65', '3', '70']
2025-10-07 13:17:32 - evaluator.prediction_analyzer - INFO - _show_single_example:352 - 
Top-5 Predictions:
2025-10-07 13:17:32 - evaluator.prediction_analyzer - INFO - _show_single_example:354 -   Predicted: ['17', '4', '23', '1', '49']
2025-10-07 13:17:32 - evaluator.prediction_analyzer - INFO - _show_single_example:365 -   ✗ No hits in top-5
2025-10-07 13:17:32 - evaluator.prediction_analyzer - INFO - _show_single_example:352 - 
Top-10 Predictions:
2025-10-07 13:17:32 - evaluator.prediction_analyzer - INFO - _show_single_example:354 -   Predicted: ['17', '4', '23', '1', '49', '22', '3', '10', '70', '2']
2025-10-07 13:17:32 - evaluator.prediction_analyzer - INFO - _show_single_example:360 -   ✓ Hits (2): ['3', '70']
2025-10-07 13:17:32 - evaluator.prediction_analyzer - INFO - _show_single_example:363 -   Metrics: Recall=0.667, Precision=0.200
2025-10-07 13:17:32 - evaluator.prediction_analyzer - INFO - _show_single_example:352 - 
Top-20 Predictions:
2025-10-07 13:17:32 - evaluator.prediction_analyzer - INFO - _show_single_example:354 -   Predicted: ['17', '4', '23', '1', '49', '22', '3', '10', '70', '2', '114', '11', '0', '65', '74', '68', '113', '59', '16', '21']
2025-10-07 13:17:32 - evaluator.prediction_analyzer - INFO - _show_single_example:360 -   ✓ Hits (3): ['3', '70', '65']
2025-10-07 13:17:32 - evaluator.prediction_analyzer - INFO - _show_single_example:363 -   Metrics: Recall=1.000, Precision=0.150
2025-10-07 13:17:32 - evaluator.prediction_analyzer - INFO - show_detailed_examples:327 - ============================================================
2025-10-07 13:17:32 - evaluator.evaluator - INFO - __enter__:121 - Starting: Computing test metrics
2025-10-07 13:17:32 - evaluator.evaluator - INFO - compute_ranking_metrics:559 - === TEST METRICS SUMMARY ===
2025-10-07 13:17:32 - evaluator.evaluator - INFO - compute_ranking_metrics:561 - recall@10: 0.3507
2025-10-07 13:17:32 - evaluator.evaluator - INFO - compute_ranking_metrics:561 - recall@20: 0.4908
2025-10-07 13:17:32 - evaluator.evaluator - INFO - compute_ranking_metrics:561 - ndcg@10: 0.2273
2025-10-07 13:17:32 - evaluator.evaluator - INFO - compute_ranking_metrics:561 - ndcg@20: 0.2653
2025-10-07 13:17:32 - evaluator.evaluator - INFO - compute_ranking_metrics:561 - hit_ratio@10: 0.6039
2025-10-07 13:17:32 - evaluator.evaluator - INFO - compute_ranking_metrics:561 - hit_ratio@20: 0.7598
2025-10-07 13:17:32 - evaluator.evaluator - INFO - compute_ranking_metrics:561 - precision@10: 0.0759
2025-10-07 13:17:32 - evaluator.evaluator - INFO - compute_ranking_metrics:561 - precision@20: 0.0535
2025-10-07 13:17:32 - evaluator.evaluator - INFO - compute_ranking_metrics:562 - ===================================
2025-10-07 13:17:32 - evaluator.evaluator - INFO - __exit__:128 - Completed: Computing test metrics (took 0.08s)
2025-10-07 13:17:32 - trainer.trainer - INFO - _evaluate_with_full_ranking:663 - TEST Loss: 0.4928
2025-10-07 13:17:32 - trainer.trainer - INFO - __exit__:128 - Completed: Evaluation (test) (took 27.49s)
2025-10-07 13:17:32 - trainer.trainer - INFO - _train_epoch:353 - Training metrics computation disabled
2025-10-07 13:17:32 - trainer.trainer - INFO - __enter__:121 - Starting: Training epoch 26
2025-10-07 13:18:06 - trainer.trainer - INFO - __exit__:128 - Completed: Training epoch 26 (took 33.88s)
2025-10-07 13:18:06 - trainer.trainer - INFO - _train_epoch:417 - Computing training ranking metrics from 1668 user-basket pairs
2025-10-07 13:18:11 - evaluator.evaluator - INFO - __enter__:121 - Starting: Computing train metrics
2025-10-07 13:18:11 - evaluator.evaluator - INFO - compute_ranking_metrics:559 - === TRAIN METRICS SUMMARY ===
2025-10-07 13:18:11 - evaluator.evaluator - INFO - compute_ranking_metrics:561 - recall@10: 0.1997
2025-10-07 13:18:11 - evaluator.evaluator - INFO - compute_ranking_metrics:561 - recall@20: 0.3169
2025-10-07 13:18:11 - evaluator.evaluator - INFO - compute_ranking_metrics:561 - ndcg@10: 0.1486
2025-10-07 13:18:11 - evaluator.evaluator - INFO - compute_ranking_metrics:561 - ndcg@20: 0.1869
2025-10-07 13:18:11 - evaluator.evaluator - INFO - compute_ranking_metrics:561 - hit_ratio@10: 0.6271
2025-10-07 13:18:11 - evaluator.evaluator - INFO - compute_ranking_metrics:561 - hit_ratio@20: 0.8249
2025-10-07 13:18:11 - evaluator.evaluator - INFO - compute_ranking_metrics:561 - precision@10: 0.0791
2025-10-07 13:18:11 - evaluator.evaluator - INFO - compute_ranking_metrics:561 - precision@20: 0.0628
2025-10-07 13:18:11 - evaluator.evaluator - INFO - compute_ranking_metrics:562 - ===================================
2025-10-07 13:18:11 - evaluator.evaluator - INFO - __exit__:128 - Completed: Computing train metrics (took 0.08s)
2025-10-07 13:18:11 - trainer.trainer - INFO - _train_epoch:424 - Training metrics computed: ['recall@10', 'recall@20', 'ndcg@10', 'ndcg@20', 'hit_ratio@10', 'hit_ratio@20', 'precision@10', 'precision@20']
2025-10-07 13:18:11 - trainer.trainer - INFO - __enter__:121 - Starting: Evaluation (val)
2025-10-07 13:18:11 - trainer.trainer - INFO - _evaluate_with_full_ranking:546 - Built training item mapping for 1668 users
2025-10-07 13:18:36 - trainer.trainer - INFO - _evaluate_with_full_ranking:578 - Found 1757 unique user-basket pairs for evaluation
2025-10-07 13:18:38 - evaluator.prediction_analyzer - INFO - analyze_predictions:161 - Analyzing predictions for 1757 examples (val mode)
2025-10-07 13:18:38 - evaluator.prediction_analyzer - INFO - __enter__:121 - Starting: Prediction analysis (val)
2025-10-07 13:18:38 - evaluator.prediction_analyzer - INFO - __exit__:128 - Completed: Prediction analysis (val) (took 0.00s)
2025-10-07 13:18:38 - evaluator.prediction_analyzer - INFO - _log_analysis_summary:267 - === PREDICTION ANALYSIS SUMMARY (VAL) ===
2025-10-07 13:18:38 - evaluator.prediction_analyzer - INFO - _log_analysis_summary:276 - Ground truth items per example: avg=2.2, min=1, max=3
2025-10-07 13:18:38 - evaluator.prediction_analyzer - INFO - _log_analysis_summary:282 - Epoch range: 0 - 26
2025-10-07 13:18:38 - evaluator.prediction_analyzer - INFO - _log_analysis_summary:300 - Top-5: avg_hits=0.3, avg_recall=0.166, examples_with_hits=426/1350
2025-10-07 13:18:38 - evaluator.prediction_analyzer - INFO - _log_analysis_summary:300 - Top-10: avg_hits=0.6, avg_recall=0.268, examples_with_hits=628/1350
2025-10-07 13:18:38 - evaluator.prediction_analyzer - INFO - _log_analysis_summary:300 - Top-20: avg_hits=0.9, avg_recall=0.414, examples_with_hits=872/1350
2025-10-07 13:18:38 - evaluator.prediction_analyzer - INFO - _save_analysis_to_file:382 - Saved prediction analysis to: pytorch_pipeline/outputs/prediction_analysis/predictions_val_grnn_20251007_124143.json
2025-10-07 13:18:38 - evaluator.prediction_analyzer - INFO - _save_summary_statistics:429 - Saved summary statistics to: pytorch_pipeline/outputs/prediction_analysis/summary_val_grnn_20251007_124143.csv
2025-10-07 13:18:38 - evaluator.evaluator - INFO - __enter__:121 - Starting: Computing val metrics
2025-10-07 13:18:39 - evaluator.evaluator - INFO - compute_ranking_metrics:559 - === VAL METRICS SUMMARY ===
2025-10-07 13:18:39 - evaluator.evaluator - INFO - compute_ranking_metrics:561 - recall@10: 0.3520
2025-10-07 13:18:39 - evaluator.evaluator - INFO - compute_ranking_metrics:561 - recall@20: 0.4917
2025-10-07 13:18:39 - evaluator.evaluator - INFO - compute_ranking_metrics:561 - ndcg@10: 0.2280
2025-10-07 13:18:39 - evaluator.evaluator - INFO - compute_ranking_metrics:561 - ndcg@20: 0.2659
2025-10-07 13:18:39 - evaluator.evaluator - INFO - compute_ranking_metrics:561 - hit_ratio@10: 0.6067
2025-10-07 13:18:39 - evaluator.evaluator - INFO - compute_ranking_metrics:561 - hit_ratio@20: 0.7604
2025-10-07 13:18:39 - evaluator.evaluator - INFO - compute_ranking_metrics:561 - precision@10: 0.0762
2025-10-07 13:18:39 - evaluator.evaluator - INFO - compute_ranking_metrics:561 - precision@20: 0.0536
2025-10-07 13:18:39 - evaluator.evaluator - INFO - compute_ranking_metrics:562 - ===================================
2025-10-07 13:18:39 - evaluator.evaluator - INFO - __exit__:128 - Completed: Computing val metrics (took 0.08s)
2025-10-07 13:18:39 - trainer.trainer - INFO - _evaluate_with_full_ranking:663 - VAL Loss: 0.5076
2025-10-07 13:18:39 - trainer.trainer - INFO - __exit__:128 - Completed: Evaluation (val) (took 27.55s)
2025-10-07 13:18:39 - trainer.trainer - INFO - log_training_metrics:163 - Epoch  26 [combined] - train_loss: 0.5878 | train_recall@10: 0.1997 | train_recall@20: 0.3169 | train_ndcg@10: 0.1486 | train_ndcg@20: 0.1869 | train_hit_ratio@10: 0.6271 | train_hit_ratio@20: 0.8249 | train_precision@10: 0.0791 | train_precision@20: 0.0628 | recall@10: 0.3520 | recall@20: 0.4917 | ndcg@10: 0.2280 | ndcg@20: 0.2659 | hit_ratio@10: 0.6067 | hit_ratio@20: 0.7604 | precision@10: 0.0762 | precision@20: 0.0536 | val_loss: 0.5076
2025-10-07 13:18:39 - trainer.trainer - INFO - __enter__:121 - Starting: Evaluation (test)
2025-10-07 13:18:39 - trainer.trainer - INFO - _evaluate_with_full_ranking:546 - Built training item mapping for 1668 users
2025-10-07 13:19:03 - trainer.trainer - INFO - _evaluate_with_full_ranking:578 - Found 1757 unique user-basket pairs for evaluation
2025-10-07 13:19:06 - evaluator.prediction_analyzer - INFO - analyze_predictions:161 - Analyzing predictions for 1757 examples (test mode)
2025-10-07 13:19:06 - evaluator.prediction_analyzer - INFO - __enter__:121 - Starting: Prediction analysis (test)
2025-10-07 13:19:06 - evaluator.prediction_analyzer - INFO - __exit__:128 - Completed: Prediction analysis (test) (took 0.00s)
2025-10-07 13:19:06 - evaluator.prediction_analyzer - INFO - _log_analysis_summary:267 - === PREDICTION ANALYSIS SUMMARY (TEST) ===
2025-10-07 13:19:06 - evaluator.prediction_analyzer - INFO - _log_analysis_summary:276 - Ground truth items per example: avg=2.2, min=1, max=3
2025-10-07 13:19:06 - evaluator.prediction_analyzer - INFO - _log_analysis_summary:282 - Epoch range: 10 - 26
2025-10-07 13:19:06 - evaluator.prediction_analyzer - INFO - _log_analysis_summary:300 - Top-5: avg_hits=0.5, avg_recall=0.228, examples_with_hits=370/850
2025-10-07 13:19:06 - evaluator.prediction_analyzer - INFO - _log_analysis_summary:300 - Top-10: avg_hits=0.7, avg_recall=0.341, examples_with_hits=492/850
2025-10-07 13:19:06 - evaluator.prediction_analyzer - INFO - _log_analysis_summary:300 - Top-20: avg_hits=1.0, avg_recall=0.488, examples_with_hits=626/850
2025-10-07 13:19:06 - evaluator.prediction_analyzer - INFO - _save_analysis_to_file:382 - Saved prediction analysis to: pytorch_pipeline/outputs/prediction_analysis/predictions_test_grnn_20251007_124143.json
2025-10-07 13:19:06 - evaluator.prediction_analyzer - INFO - _save_summary_statistics:429 - Saved summary statistics to: pytorch_pipeline/outputs/prediction_analysis/summary_test_grnn_20251007_124143.csv
2025-10-07 13:19:06 - evaluator.prediction_analyzer - INFO - show_detailed_examples:321 - === DETAILED PREDICTION EXAMPLES (TEST) ===
2025-10-07 13:19:06 - evaluator.prediction_analyzer - INFO - _show_single_example:333 - 
--- Example 1 (next-basket prediction) ---
2025-10-07 13:19:06 - evaluator.prediction_analyzer - INFO - _show_single_example:334 - User ID: 0, Basket ID: 3
2025-10-07 13:19:06 - evaluator.prediction_analyzer - INFO - _show_single_example:338 - Ground Truth (3 items): ['0', '64', '4']
2025-10-07 13:19:06 - evaluator.prediction_analyzer - INFO - _show_single_example:352 - 
Top-5 Predictions:
2025-10-07 13:19:06 - evaluator.prediction_analyzer - INFO - _show_single_example:354 -   Predicted: ['37', '17', '4', '23', '49']
2025-10-07 13:19:06 - evaluator.prediction_analyzer - INFO - _show_single_example:360 -   ✓ Hits (1): ['4']
2025-10-07 13:19:06 - evaluator.prediction_analyzer - INFO - _show_single_example:363 -   Metrics: Recall=0.333, Precision=0.200
2025-10-07 13:19:06 - evaluator.prediction_analyzer - INFO - _show_single_example:352 - 
Top-10 Predictions:
2025-10-07 13:19:06 - evaluator.prediction_analyzer - INFO - _show_single_example:354 -   Predicted: ['37', '17', '4', '23', '49', '22', '3', '10', '70', '2']
2025-10-07 13:19:06 - evaluator.prediction_analyzer - INFO - _show_single_example:360 -   ✓ Hits (1): ['4']
2025-10-07 13:19:06 - evaluator.prediction_analyzer - INFO - _show_single_example:363 -   Metrics: Recall=0.333, Precision=0.100
2025-10-07 13:19:06 - evaluator.prediction_analyzer - INFO - _show_single_example:352 - 
Top-20 Predictions:
2025-10-07 13:19:06 - evaluator.prediction_analyzer - INFO - _show_single_example:354 -   Predicted: ['37', '17', '4', '23', '49', '22', '3', '10', '70', '2', '114', '11', '0', '65', '74', '68', '113', '59', '16', '21']
2025-10-07 13:19:06 - evaluator.prediction_analyzer - INFO - _show_single_example:360 -   ✓ Hits (2): ['4', '0']
2025-10-07 13:19:06 - evaluator.prediction_analyzer - INFO - _show_single_example:363 -   Metrics: Recall=0.667, Precision=0.100
2025-10-07 13:19:06 - evaluator.prediction_analyzer - INFO - _show_single_example:333 - 
--- Example 2 (next-basket prediction) ---
2025-10-07 13:19:06 - evaluator.prediction_analyzer - INFO - _show_single_example:334 - User ID: 2, Basket ID: 12
2025-10-07 13:19:06 - evaluator.prediction_analyzer - INFO - _show_single_example:338 - Ground Truth (3 items): ['33', '2', '3']
2025-10-07 13:19:06 - evaluator.prediction_analyzer - INFO - _show_single_example:352 - 
Top-5 Predictions:
2025-10-07 13:19:06 - evaluator.prediction_analyzer - INFO - _show_single_example:354 -   Predicted: ['37', '17', '4', '23', '1']
2025-10-07 13:19:06 - evaluator.prediction_analyzer - INFO - _show_single_example:365 -   ✗ No hits in top-5
2025-10-07 13:19:06 - evaluator.prediction_analyzer - INFO - _show_single_example:352 - 
Top-10 Predictions:
2025-10-07 13:19:06 - evaluator.prediction_analyzer - INFO - _show_single_example:354 -   Predicted: ['37', '17', '4', '23', '1', '49', '3', '10', '70', '2']
2025-10-07 13:19:06 - evaluator.prediction_analyzer - INFO - _show_single_example:360 -   ✓ Hits (2): ['3', '2']
2025-10-07 13:19:06 - evaluator.prediction_analyzer - INFO - _show_single_example:363 -   Metrics: Recall=0.667, Precision=0.200
2025-10-07 13:19:06 - evaluator.prediction_analyzer - INFO - _show_single_example:352 - 
Top-20 Predictions:
2025-10-07 13:19:06 - evaluator.prediction_analyzer - INFO - _show_single_example:354 -   Predicted: ['37', '17', '4', '23', '1', '49', '3', '10', '70', '2', '114', '0', '65', '74', '68', '113', '59', '16', '21', '19']
2025-10-07 13:19:06 - evaluator.prediction_analyzer - INFO - _show_single_example:360 -   ✓ Hits (2): ['3', '2']
2025-10-07 13:19:06 - evaluator.prediction_analyzer - INFO - _show_single_example:363 -   Metrics: Recall=0.667, Precision=0.100
2025-10-07 13:19:06 - evaluator.prediction_analyzer - INFO - _show_single_example:333 - 
--- Example 3 (next-basket prediction) ---
2025-10-07 13:19:06 - evaluator.prediction_analyzer - INFO - _show_single_example:334 - User ID: 3, Basket ID: 15
2025-10-07 13:19:06 - evaluator.prediction_analyzer - INFO - _show_single_example:338 - Ground Truth (3 items): ['65', '3', '70']
2025-10-07 13:19:06 - evaluator.prediction_analyzer - INFO - _show_single_example:352 - 
Top-5 Predictions:
2025-10-07 13:19:06 - evaluator.prediction_analyzer - INFO - _show_single_example:354 -   Predicted: ['17', '4', '23', '1', '49']
2025-10-07 13:19:06 - evaluator.prediction_analyzer - INFO - _show_single_example:365 -   ✗ No hits in top-5
2025-10-07 13:19:06 - evaluator.prediction_analyzer - INFO - _show_single_example:352 - 
Top-10 Predictions:
2025-10-07 13:19:06 - evaluator.prediction_analyzer - INFO - _show_single_example:354 -   Predicted: ['17', '4', '23', '1', '49', '22', '3', '10', '70', '2']
2025-10-07 13:19:06 - evaluator.prediction_analyzer - INFO - _show_single_example:360 -   ✓ Hits (2): ['3', '70']
2025-10-07 13:19:06 - evaluator.prediction_analyzer - INFO - _show_single_example:363 -   Metrics: Recall=0.667, Precision=0.200
2025-10-07 13:19:06 - evaluator.prediction_analyzer - INFO - _show_single_example:352 - 
Top-20 Predictions:
2025-10-07 13:19:06 - evaluator.prediction_analyzer - INFO - _show_single_example:354 -   Predicted: ['17', '4', '23', '1', '49', '22', '3', '10', '70', '2', '114', '11', '0', '65', '74', '68', '113', '59', '16', '21']
2025-10-07 13:19:06 - evaluator.prediction_analyzer - INFO - _show_single_example:360 -   ✓ Hits (3): ['3', '70', '65']
2025-10-07 13:19:06 - evaluator.prediction_analyzer - INFO - _show_single_example:363 -   Metrics: Recall=1.000, Precision=0.150
2025-10-07 13:19:06 - evaluator.prediction_analyzer - INFO - show_detailed_examples:327 - ============================================================
2025-10-07 13:19:06 - evaluator.evaluator - INFO - __enter__:121 - Starting: Computing test metrics
2025-10-07 13:19:06 - evaluator.evaluator - INFO - compute_ranking_metrics:559 - === TEST METRICS SUMMARY ===
2025-10-07 13:19:06 - evaluator.evaluator - INFO - compute_ranking_metrics:561 - recall@10: 0.3510
2025-10-07 13:19:06 - evaluator.evaluator - INFO - compute_ranking_metrics:561 - recall@20: 0.4916
2025-10-07 13:19:06 - evaluator.evaluator - INFO - compute_ranking_metrics:561 - ndcg@10: 0.2274
2025-10-07 13:19:06 - evaluator.evaluator - INFO - compute_ranking_metrics:561 - ndcg@20: 0.2655
2025-10-07 13:19:06 - evaluator.evaluator - INFO - compute_ranking_metrics:561 - hit_ratio@10: 0.6050
2025-10-07 13:19:06 - evaluator.evaluator - INFO - compute_ranking_metrics:561 - hit_ratio@20: 0.7604
2025-10-07 13:19:06 - evaluator.evaluator - INFO - compute_ranking_metrics:561 - precision@10: 0.0760
2025-10-07 13:19:06 - evaluator.evaluator - INFO - compute_ranking_metrics:561 - precision@20: 0.0536
2025-10-07 13:19:06 - evaluator.evaluator - INFO - compute_ranking_metrics:562 - ===================================
2025-10-07 13:19:06 - evaluator.evaluator - INFO - __exit__:128 - Completed: Computing test metrics (took 0.08s)
2025-10-07 13:19:06 - trainer.trainer - INFO - _evaluate_with_full_ranking:663 - TEST Loss: 0.5010
2025-10-07 13:19:06 - trainer.trainer - INFO - __exit__:128 - Completed: Evaluation (test) (took 27.52s)
2025-10-07 13:19:06 - trainer.trainer - INFO - _train_epoch:353 - Training metrics computation disabled
2025-10-07 13:19:06 - trainer.trainer - INFO - __enter__:121 - Starting: Training epoch 27
2025-10-07 13:19:40 - trainer.trainer - INFO - __exit__:128 - Completed: Training epoch 27 (took 33.67s)
2025-10-07 13:19:40 - trainer.trainer - INFO - _train_epoch:417 - Computing training ranking metrics from 1668 user-basket pairs
2025-10-07 13:19:44 - evaluator.evaluator - INFO - __enter__:121 - Starting: Computing train metrics
2025-10-07 13:19:45 - evaluator.evaluator - INFO - compute_ranking_metrics:559 - === TRAIN METRICS SUMMARY ===
2025-10-07 13:19:45 - evaluator.evaluator - INFO - compute_ranking_metrics:561 - recall@10: 0.1995
2025-10-07 13:19:45 - evaluator.evaluator - INFO - compute_ranking_metrics:561 - recall@20: 0.3182
2025-10-07 13:19:45 - evaluator.evaluator - INFO - compute_ranking_metrics:561 - ndcg@10: 0.1487
2025-10-07 13:19:45 - evaluator.evaluator - INFO - compute_ranking_metrics:561 - ndcg@20: 0.1876
2025-10-07 13:19:45 - evaluator.evaluator - INFO - compute_ranking_metrics:561 - hit_ratio@10: 0.6265
2025-10-07 13:19:45 - evaluator.evaluator - INFO - compute_ranking_metrics:561 - hit_ratio@20: 0.8267
2025-10-07 13:19:45 - evaluator.evaluator - INFO - compute_ranking_metrics:561 - precision@10: 0.0789
2025-10-07 13:19:45 - evaluator.evaluator - INFO - compute_ranking_metrics:561 - precision@20: 0.0630
2025-10-07 13:19:45 - evaluator.evaluator - INFO - compute_ranking_metrics:562 - ===================================
2025-10-07 13:19:45 - evaluator.evaluator - INFO - __exit__:128 - Completed: Computing train metrics (took 0.08s)
2025-10-07 13:19:45 - trainer.trainer - INFO - _train_epoch:424 - Training metrics computed: ['recall@10', 'recall@20', 'ndcg@10', 'ndcg@20', 'hit_ratio@10', 'hit_ratio@20', 'precision@10', 'precision@20']
2025-10-07 13:19:45 - trainer.trainer - INFO - __enter__:121 - Starting: Evaluation (val)
2025-10-07 13:19:45 - trainer.trainer - INFO - _evaluate_with_full_ranking:546 - Built training item mapping for 1668 users
2025-10-07 13:20:10 - trainer.trainer - INFO - _evaluate_with_full_ranking:578 - Found 1757 unique user-basket pairs for evaluation
2025-10-07 13:20:12 - evaluator.prediction_analyzer - INFO - analyze_predictions:161 - Analyzing predictions for 1757 examples (val mode)
2025-10-07 13:20:12 - evaluator.prediction_analyzer - INFO - __enter__:121 - Starting: Prediction analysis (val)
2025-10-07 13:20:12 - evaluator.prediction_analyzer - INFO - __exit__:128 - Completed: Prediction analysis (val) (took 0.06s)
2025-10-07 13:20:12 - evaluator.prediction_analyzer - INFO - _log_analysis_summary:267 - === PREDICTION ANALYSIS SUMMARY (VAL) ===
2025-10-07 13:20:12 - evaluator.prediction_analyzer - INFO - _log_analysis_summary:276 - Ground truth items per example: avg=2.2, min=1, max=3
2025-10-07 13:20:12 - evaluator.prediction_analyzer - INFO - _log_analysis_summary:282 - Epoch range: 0 - 27
2025-10-07 13:20:12 - evaluator.prediction_analyzer - INFO - _log_analysis_summary:300 - Top-5: avg_hits=0.4, avg_recall=0.168, examples_with_hits=448/1400
2025-10-07 13:20:12 - evaluator.prediction_analyzer - INFO - _log_analysis_summary:300 - Top-10: avg_hits=0.6, avg_recall=0.270, examples_with_hits=656/1400
2025-10-07 13:20:12 - evaluator.prediction_analyzer - INFO - _log_analysis_summary:300 - Top-20: avg_hits=0.9, avg_recall=0.417, examples_with_hits=909/1400
2025-10-07 13:20:12 - evaluator.prediction_analyzer - INFO - _save_analysis_to_file:382 - Saved prediction analysis to: pytorch_pipeline/outputs/prediction_analysis/predictions_val_grnn_20251007_124143.json
2025-10-07 13:20:12 - evaluator.prediction_analyzer - INFO - _save_summary_statistics:429 - Saved summary statistics to: pytorch_pipeline/outputs/prediction_analysis/summary_val_grnn_20251007_124143.csv
2025-10-07 13:20:12 - evaluator.evaluator - INFO - __enter__:121 - Starting: Computing val metrics
2025-10-07 13:20:12 - evaluator.evaluator - INFO - compute_ranking_metrics:559 - === VAL METRICS SUMMARY ===
2025-10-07 13:20:12 - evaluator.evaluator - INFO - compute_ranking_metrics:561 - recall@10: 0.3526
2025-10-07 13:20:12 - evaluator.evaluator - INFO - compute_ranking_metrics:561 - recall@20: 0.4880
2025-10-07 13:20:12 - evaluator.evaluator - INFO - compute_ranking_metrics:561 - ndcg@10: 0.2281
2025-10-07 13:20:12 - evaluator.evaluator - INFO - compute_ranking_metrics:561 - ndcg@20: 0.2647
2025-10-07 13:20:12 - evaluator.evaluator - INFO - compute_ranking_metrics:561 - hit_ratio@10: 0.6067
2025-10-07 13:20:12 - evaluator.evaluator - INFO - compute_ranking_metrics:561 - hit_ratio@20: 0.7564
2025-10-07 13:20:12 - evaluator.evaluator - INFO - compute_ranking_metrics:561 - precision@10: 0.0762
2025-10-07 13:20:12 - evaluator.evaluator - INFO - compute_ranking_metrics:561 - precision@20: 0.0531
2025-10-07 13:20:12 - evaluator.evaluator - INFO - compute_ranking_metrics:562 - ===================================
2025-10-07 13:20:12 - evaluator.evaluator - INFO - __exit__:128 - Completed: Computing val metrics (took 0.08s)
2025-10-07 13:20:12 - trainer.trainer - INFO - _evaluate_with_full_ranking:663 - VAL Loss: 0.5041
2025-10-07 13:20:12 - trainer.trainer - INFO - __exit__:128 - Completed: Evaluation (val) (took 27.77s)
2025-10-07 13:20:12 - trainer.trainer - INFO - log_training_metrics:163 - Epoch  27 [combined] - train_loss: 0.5830 | train_recall@10: 0.1995 | train_recall@20: 0.3182 | train_ndcg@10: 0.1487 | train_ndcg@20: 0.1876 | train_hit_ratio@10: 0.6265 | train_hit_ratio@20: 0.8267 | train_precision@10: 0.0789 | train_precision@20: 0.0630 | recall@10: 0.3526 | recall@20: 0.4880 | ndcg@10: 0.2281 | ndcg@20: 0.2647 | hit_ratio@10: 0.6067 | hit_ratio@20: 0.7564 | precision@10: 0.0762 | precision@20: 0.0531 | val_loss: 0.5041
2025-10-07 13:20:12 - trainer.trainer - INFO - __enter__:121 - Starting: Evaluation (test)
2025-10-07 13:20:12 - trainer.trainer - INFO - _evaluate_with_full_ranking:546 - Built training item mapping for 1668 users
2025-10-07 13:20:37 - trainer.trainer - INFO - _evaluate_with_full_ranking:578 - Found 1757 unique user-basket pairs for evaluation
2025-10-07 13:20:40 - evaluator.prediction_analyzer - INFO - analyze_predictions:161 - Analyzing predictions for 1757 examples (test mode)
2025-10-07 13:20:40 - evaluator.prediction_analyzer - INFO - __enter__:121 - Starting: Prediction analysis (test)
2025-10-07 13:20:40 - evaluator.prediction_analyzer - INFO - __exit__:128 - Completed: Prediction analysis (test) (took 0.00s)
2025-10-07 13:20:40 - evaluator.prediction_analyzer - INFO - _log_analysis_summary:267 - === PREDICTION ANALYSIS SUMMARY (TEST) ===
2025-10-07 13:20:40 - evaluator.prediction_analyzer - INFO - _log_analysis_summary:276 - Ground truth items per example: avg=2.2, min=1, max=3
2025-10-07 13:20:40 - evaluator.prediction_analyzer - INFO - _log_analysis_summary:282 - Epoch range: 10 - 27
2025-10-07 13:20:40 - evaluator.prediction_analyzer - INFO - _log_analysis_summary:300 - Top-5: avg_hits=0.5, avg_recall=0.228, examples_with_hits=392/900
2025-10-07 13:20:40 - evaluator.prediction_analyzer - INFO - _log_analysis_summary:300 - Top-10: avg_hits=0.7, avg_recall=0.341, examples_with_hits=520/900
2025-10-07 13:20:40 - evaluator.prediction_analyzer - INFO - _log_analysis_summary:300 - Top-20: avg_hits=1.0, avg_recall=0.488, examples_with_hits=663/900
2025-10-07 13:20:40 - evaluator.prediction_analyzer - INFO - _save_analysis_to_file:382 - Saved prediction analysis to: pytorch_pipeline/outputs/prediction_analysis/predictions_test_grnn_20251007_124143.json
2025-10-07 13:20:40 - evaluator.prediction_analyzer - INFO - _save_summary_statistics:429 - Saved summary statistics to: pytorch_pipeline/outputs/prediction_analysis/summary_test_grnn_20251007_124143.csv
2025-10-07 13:20:40 - evaluator.prediction_analyzer - INFO - show_detailed_examples:321 - === DETAILED PREDICTION EXAMPLES (TEST) ===
2025-10-07 13:20:40 - evaluator.prediction_analyzer - INFO - _show_single_example:333 - 
--- Example 1 (next-basket prediction) ---
2025-10-07 13:20:40 - evaluator.prediction_analyzer - INFO - _show_single_example:334 - User ID: 0, Basket ID: 3
2025-10-07 13:20:40 - evaluator.prediction_analyzer - INFO - _show_single_example:338 - Ground Truth (3 items): ['0', '64', '4']
2025-10-07 13:20:40 - evaluator.prediction_analyzer - INFO - _show_single_example:352 - 
Top-5 Predictions:
2025-10-07 13:20:40 - evaluator.prediction_analyzer - INFO - _show_single_example:354 -   Predicted: ['37', '17', '4', '23', '49']
2025-10-07 13:20:40 - evaluator.prediction_analyzer - INFO - _show_single_example:360 -   ✓ Hits (1): ['4']
2025-10-07 13:20:40 - evaluator.prediction_analyzer - INFO - _show_single_example:363 -   Metrics: Recall=0.333, Precision=0.200
2025-10-07 13:20:40 - evaluator.prediction_analyzer - INFO - _show_single_example:352 - 
Top-10 Predictions:
2025-10-07 13:20:40 - evaluator.prediction_analyzer - INFO - _show_single_example:354 -   Predicted: ['37', '17', '4', '23', '49', '22', '3', '10', '70', '2']
2025-10-07 13:20:40 - evaluator.prediction_analyzer - INFO - _show_single_example:360 -   ✓ Hits (1): ['4']
2025-10-07 13:20:40 - evaluator.prediction_analyzer - INFO - _show_single_example:363 -   Metrics: Recall=0.333, Precision=0.100
2025-10-07 13:20:40 - evaluator.prediction_analyzer - INFO - _show_single_example:352 - 
Top-20 Predictions:
2025-10-07 13:20:40 - evaluator.prediction_analyzer - INFO - _show_single_example:354 -   Predicted: ['37', '17', '4', '23', '49', '22', '3', '10', '70', '2', '114', '11', '0', '65', '74', '68', '113', '59', '16', '21']
2025-10-07 13:20:40 - evaluator.prediction_analyzer - INFO - _show_single_example:360 -   ✓ Hits (2): ['4', '0']
2025-10-07 13:20:40 - evaluator.prediction_analyzer - INFO - _show_single_example:363 -   Metrics: Recall=0.667, Precision=0.100
2025-10-07 13:20:40 - evaluator.prediction_analyzer - INFO - _show_single_example:333 - 
--- Example 2 (next-basket prediction) ---
2025-10-07 13:20:40 - evaluator.prediction_analyzer - INFO - _show_single_example:334 - User ID: 2, Basket ID: 12
2025-10-07 13:20:40 - evaluator.prediction_analyzer - INFO - _show_single_example:338 - Ground Truth (3 items): ['33', '2', '3']
2025-10-07 13:20:40 - evaluator.prediction_analyzer - INFO - _show_single_example:352 - 
Top-5 Predictions:
2025-10-07 13:20:40 - evaluator.prediction_analyzer - INFO - _show_single_example:354 -   Predicted: ['37', '17', '4', '23', '1']
2025-10-07 13:20:40 - evaluator.prediction_analyzer - INFO - _show_single_example:365 -   ✗ No hits in top-5
2025-10-07 13:20:40 - evaluator.prediction_analyzer - INFO - _show_single_example:352 - 
Top-10 Predictions:
2025-10-07 13:20:40 - evaluator.prediction_analyzer - INFO - _show_single_example:354 -   Predicted: ['37', '17', '4', '23', '1', '49', '3', '10', '70', '2']
2025-10-07 13:20:40 - evaluator.prediction_analyzer - INFO - _show_single_example:360 -   ✓ Hits (2): ['3', '2']
2025-10-07 13:20:40 - evaluator.prediction_analyzer - INFO - _show_single_example:363 -   Metrics: Recall=0.667, Precision=0.200
2025-10-07 13:20:40 - evaluator.prediction_analyzer - INFO - _show_single_example:352 - 
Top-20 Predictions:
2025-10-07 13:20:40 - evaluator.prediction_analyzer - INFO - _show_single_example:354 -   Predicted: ['37', '17', '4', '23', '1', '49', '3', '10', '70', '2', '114', '0', '65', '74', '68', '113', '59', '16', '21', '19']
2025-10-07 13:20:40 - evaluator.prediction_analyzer - INFO - _show_single_example:360 -   ✓ Hits (2): ['3', '2']
2025-10-07 13:20:40 - evaluator.prediction_analyzer - INFO - _show_single_example:363 -   Metrics: Recall=0.667, Precision=0.100
2025-10-07 13:20:40 - evaluator.prediction_analyzer - INFO - _show_single_example:333 - 
--- Example 3 (next-basket prediction) ---
2025-10-07 13:20:40 - evaluator.prediction_analyzer - INFO - _show_single_example:334 - User ID: 3, Basket ID: 15
2025-10-07 13:20:40 - evaluator.prediction_analyzer - INFO - _show_single_example:338 - Ground Truth (3 items): ['65', '3', '70']
2025-10-07 13:20:40 - evaluator.prediction_analyzer - INFO - _show_single_example:352 - 
Top-5 Predictions:
2025-10-07 13:20:40 - evaluator.prediction_analyzer - INFO - _show_single_example:354 -   Predicted: ['17', '4', '23', '1', '49']
2025-10-07 13:20:40 - evaluator.prediction_analyzer - INFO - _show_single_example:365 -   ✗ No hits in top-5
2025-10-07 13:20:40 - evaluator.prediction_analyzer - INFO - _show_single_example:352 - 
Top-10 Predictions:
2025-10-07 13:20:40 - evaluator.prediction_analyzer - INFO - _show_single_example:354 -   Predicted: ['17', '4', '23', '1', '49', '22', '3', '10', '70', '2']
2025-10-07 13:20:40 - evaluator.prediction_analyzer - INFO - _show_single_example:360 -   ✓ Hits (2): ['3', '70']
2025-10-07 13:20:40 - evaluator.prediction_analyzer - INFO - _show_single_example:363 -   Metrics: Recall=0.667, Precision=0.200
2025-10-07 13:20:40 - evaluator.prediction_analyzer - INFO - _show_single_example:352 - 
Top-20 Predictions:
2025-10-07 13:20:40 - evaluator.prediction_analyzer - INFO - _show_single_example:354 -   Predicted: ['17', '4', '23', '1', '49', '22', '3', '10', '70', '2', '114', '11', '0', '65', '74', '68', '113', '59', '16', '21']
2025-10-07 13:20:40 - evaluator.prediction_analyzer - INFO - _show_single_example:360 -   ✓ Hits (3): ['3', '70', '65']
2025-10-07 13:20:40 - evaluator.prediction_analyzer - INFO - _show_single_example:363 -   Metrics: Recall=1.000, Precision=0.150
2025-10-07 13:20:40 - evaluator.prediction_analyzer - INFO - show_detailed_examples:327 - ============================================================
2025-10-07 13:20:40 - evaluator.evaluator - INFO - __enter__:121 - Starting: Computing test metrics
2025-10-07 13:20:40 - evaluator.evaluator - INFO - compute_ranking_metrics:559 - === TEST METRICS SUMMARY ===
2025-10-07 13:20:40 - evaluator.evaluator - INFO - compute_ranking_metrics:561 - recall@10: 0.3535
2025-10-07 13:20:40 - evaluator.evaluator - INFO - compute_ranking_metrics:561 - recall@20: 0.4896
2025-10-07 13:20:40 - evaluator.evaluator - INFO - compute_ranking_metrics:561 - ndcg@10: 0.2280
2025-10-07 13:20:40 - evaluator.evaluator - INFO - compute_ranking_metrics:561 - ndcg@20: 0.2648
2025-10-07 13:20:40 - evaluator.evaluator - INFO - compute_ranking_metrics:561 - hit_ratio@10: 0.6084
2025-10-07 13:20:40 - evaluator.evaluator - INFO - compute_ranking_metrics:561 - hit_ratio@20: 0.7570
2025-10-07 13:20:40 - evaluator.evaluator - INFO - compute_ranking_metrics:561 - precision@10: 0.0764
2025-10-07 13:20:40 - evaluator.evaluator - INFO - compute_ranking_metrics:561 - precision@20: 0.0533
2025-10-07 13:20:40 - evaluator.evaluator - INFO - compute_ranking_metrics:562 - ===================================
2025-10-07 13:20:40 - evaluator.evaluator - INFO - __exit__:128 - Completed: Computing test metrics (took 0.08s)
2025-10-07 13:20:40 - trainer.trainer - INFO - _evaluate_with_full_ranking:663 - TEST Loss: 0.4950
2025-10-07 13:20:40 - trainer.trainer - INFO - __exit__:128 - Completed: Evaluation (test) (took 27.64s)
2025-10-07 13:20:40 - trainer.trainer - INFO - _train_epoch:353 - Training metrics computation disabled
2025-10-07 13:20:40 - trainer.trainer - INFO - __enter__:121 - Starting: Training epoch 28
2025-10-07 13:21:14 - trainer.trainer - INFO - __exit__:128 - Completed: Training epoch 28 (took 33.56s)
2025-10-07 13:21:14 - trainer.trainer - INFO - _train_epoch:417 - Computing training ranking metrics from 1668 user-basket pairs
2025-10-07 13:21:18 - evaluator.evaluator - INFO - __enter__:121 - Starting: Computing train metrics
2025-10-07 13:21:18 - evaluator.evaluator - INFO - compute_ranking_metrics:559 - === TRAIN METRICS SUMMARY ===
2025-10-07 13:21:18 - evaluator.evaluator - INFO - compute_ranking_metrics:561 - recall@10: 0.2002
2025-10-07 13:21:18 - evaluator.evaluator - INFO - compute_ranking_metrics:561 - recall@20: 0.3182
2025-10-07 13:21:18 - evaluator.evaluator - INFO - compute_ranking_metrics:561 - ndcg@10: 0.1492
2025-10-07 13:21:18 - evaluator.evaluator - INFO - compute_ranking_metrics:561 - ndcg@20: 0.1878
2025-10-07 13:21:18 - evaluator.evaluator - INFO - compute_ranking_metrics:561 - hit_ratio@10: 0.6277
2025-10-07 13:21:18 - evaluator.evaluator - INFO - compute_ranking_metrics:561 - hit_ratio@20: 0.8267
2025-10-07 13:21:18 - evaluator.evaluator - INFO - compute_ranking_metrics:561 - precision@10: 0.0791
2025-10-07 13:21:18 - evaluator.evaluator - INFO - compute_ranking_metrics:561 - precision@20: 0.0630
2025-10-07 13:21:18 - evaluator.evaluator - INFO - compute_ranking_metrics:562 - ===================================
2025-10-07 13:21:18 - evaluator.evaluator - INFO - __exit__:128 - Completed: Computing train metrics (took 0.08s)
2025-10-07 13:21:18 - trainer.trainer - INFO - _train_epoch:424 - Training metrics computed: ['recall@10', 'recall@20', 'ndcg@10', 'ndcg@20', 'hit_ratio@10', 'hit_ratio@20', 'precision@10', 'precision@20']
2025-10-07 13:21:18 - trainer.trainer - INFO - __enter__:121 - Starting: Evaluation (val)
2025-10-07 13:21:18 - trainer.trainer - INFO - _evaluate_with_full_ranking:546 - Built training item mapping for 1668 users
2025-10-07 13:21:43 - trainer.trainer - INFO - _evaluate_with_full_ranking:578 - Found 1757 unique user-basket pairs for evaluation
2025-10-07 13:21:46 - evaluator.prediction_analyzer - INFO - analyze_predictions:161 - Analyzing predictions for 1757 examples (val mode)
2025-10-07 13:21:46 - evaluator.prediction_analyzer - INFO - __enter__:121 - Starting: Prediction analysis (val)
2025-10-07 13:21:46 - evaluator.prediction_analyzer - INFO - __exit__:128 - Completed: Prediction analysis (val) (took 0.00s)
2025-10-07 13:21:46 - evaluator.prediction_analyzer - INFO - _log_analysis_summary:267 - === PREDICTION ANALYSIS SUMMARY (VAL) ===
2025-10-07 13:21:46 - evaluator.prediction_analyzer - INFO - _log_analysis_summary:276 - Ground truth items per example: avg=2.2, min=1, max=3
2025-10-07 13:21:46 - evaluator.prediction_analyzer - INFO - _log_analysis_summary:282 - Epoch range: 0 - 28
2025-10-07 13:21:46 - evaluator.prediction_analyzer - INFO - _log_analysis_summary:300 - Top-5: avg_hits=0.4, avg_recall=0.170, examples_with_hits=470/1450
2025-10-07 13:21:46 - evaluator.prediction_analyzer - INFO - _log_analysis_summary:300 - Top-10: avg_hits=0.6, avg_recall=0.273, examples_with_hits=684/1450
2025-10-07 13:21:46 - evaluator.prediction_analyzer - INFO - _log_analysis_summary:300 - Top-20: avg_hits=0.9, avg_recall=0.419, examples_with_hits=946/1450
2025-10-07 13:21:46 - evaluator.prediction_analyzer - INFO - _save_analysis_to_file:382 - Saved prediction analysis to: pytorch_pipeline/outputs/prediction_analysis/predictions_val_grnn_20251007_124143.json
2025-10-07 13:21:46 - evaluator.prediction_analyzer - INFO - _save_summary_statistics:429 - Saved summary statistics to: pytorch_pipeline/outputs/prediction_analysis/summary_val_grnn_20251007_124143.csv
2025-10-07 13:21:46 - evaluator.evaluator - INFO - __enter__:121 - Starting: Computing val metrics
2025-10-07 13:21:46 - evaluator.evaluator - INFO - compute_ranking_metrics:559 - === VAL METRICS SUMMARY ===
2025-10-07 13:21:46 - evaluator.evaluator - INFO - compute_ranking_metrics:561 - recall@10: 0.3512
2025-10-07 13:21:46 - evaluator.evaluator - INFO - compute_ranking_metrics:561 - recall@20: 0.4855
2025-10-07 13:21:46 - evaluator.evaluator - INFO - compute_ranking_metrics:561 - ndcg@10: 0.2270
2025-10-07 13:21:46 - evaluator.evaluator - INFO - compute_ranking_metrics:561 - ndcg@20: 0.2634
2025-10-07 13:21:46 - evaluator.evaluator - INFO - compute_ranking_metrics:561 - hit_ratio@10: 0.6044
2025-10-07 13:21:46 - evaluator.evaluator - INFO - compute_ranking_metrics:561 - hit_ratio@20: 0.7524
2025-10-07 13:21:46 - evaluator.evaluator - INFO - compute_ranking_metrics:561 - precision@10: 0.0759
2025-10-07 13:21:46 - evaluator.evaluator - INFO - compute_ranking_metrics:561 - precision@20: 0.0529
2025-10-07 13:21:46 - evaluator.evaluator - INFO - compute_ranking_metrics:562 - ===================================
2025-10-07 13:21:46 - evaluator.evaluator - INFO - __exit__:128 - Completed: Computing val metrics (took 0.08s)
2025-10-07 13:21:46 - trainer.trainer - INFO - _evaluate_with_full_ranking:663 - VAL Loss: 0.5061
2025-10-07 13:21:46 - trainer.trainer - INFO - __exit__:128 - Completed: Evaluation (val) (took 27.72s)
2025-10-07 13:21:46 - trainer.trainer - INFO - log_training_metrics:163 - Epoch  28 [combined] - train_loss: 0.5844 | train_recall@10: 0.2002 | train_recall@20: 0.3182 | train_ndcg@10: 0.1492 | train_ndcg@20: 0.1878 | train_hit_ratio@10: 0.6277 | train_hit_ratio@20: 0.8267 | train_precision@10: 0.0791 | train_precision@20: 0.0630 | recall@10: 0.3512 | recall@20: 0.4855 | ndcg@10: 0.2270 | ndcg@20: 0.2634 | hit_ratio@10: 0.6044 | hit_ratio@20: 0.7524 | precision@10: 0.0759 | precision@20: 0.0529 | val_loss: 0.5061
2025-10-07 13:21:46 - trainer.trainer - INFO - __enter__:121 - Starting: Evaluation (test)
2025-10-07 13:21:46 - trainer.trainer - INFO - _evaluate_with_full_ranking:546 - Built training item mapping for 1668 users
2025-10-07 13:22:11 - trainer.trainer - INFO - _evaluate_with_full_ranking:578 - Found 1757 unique user-basket pairs for evaluation
2025-10-07 13:22:13 - evaluator.prediction_analyzer - INFO - analyze_predictions:161 - Analyzing predictions for 1757 examples (test mode)
2025-10-07 13:22:13 - evaluator.prediction_analyzer - INFO - __enter__:121 - Starting: Prediction analysis (test)
2025-10-07 13:22:13 - evaluator.prediction_analyzer - INFO - __exit__:128 - Completed: Prediction analysis (test) (took 0.00s)
2025-10-07 13:22:13 - evaluator.prediction_analyzer - INFO - _log_analysis_summary:267 - === PREDICTION ANALYSIS SUMMARY (TEST) ===
2025-10-07 13:22:13 - evaluator.prediction_analyzer - INFO - _log_analysis_summary:276 - Ground truth items per example: avg=2.2, min=1, max=3
2025-10-07 13:22:13 - evaluator.prediction_analyzer - INFO - _log_analysis_summary:282 - Epoch range: 10 - 28
2025-10-07 13:22:13 - evaluator.prediction_analyzer - INFO - _log_analysis_summary:300 - Top-5: avg_hits=0.5, avg_recall=0.228, examples_with_hits=414/950
2025-10-07 13:22:13 - evaluator.prediction_analyzer - INFO - _log_analysis_summary:300 - Top-10: avg_hits=0.7, avg_recall=0.340, examples_with_hits=548/950
2025-10-07 13:22:13 - evaluator.prediction_analyzer - INFO - _log_analysis_summary:300 - Top-20: avg_hits=1.0, avg_recall=0.488, examples_with_hits=700/950
2025-10-07 13:22:14 - evaluator.prediction_analyzer - INFO - _save_analysis_to_file:382 - Saved prediction analysis to: pytorch_pipeline/outputs/prediction_analysis/predictions_test_grnn_20251007_124143.json
2025-10-07 13:22:14 - evaluator.prediction_analyzer - INFO - _save_summary_statistics:429 - Saved summary statistics to: pytorch_pipeline/outputs/prediction_analysis/summary_test_grnn_20251007_124143.csv
2025-10-07 13:22:14 - evaluator.prediction_analyzer - INFO - show_detailed_examples:321 - === DETAILED PREDICTION EXAMPLES (TEST) ===
2025-10-07 13:22:14 - evaluator.prediction_analyzer - INFO - _show_single_example:333 - 
--- Example 1 (next-basket prediction) ---
2025-10-07 13:22:14 - evaluator.prediction_analyzer - INFO - _show_single_example:334 - User ID: 0, Basket ID: 3
2025-10-07 13:22:14 - evaluator.prediction_analyzer - INFO - _show_single_example:338 - Ground Truth (3 items): ['0', '64', '4']
2025-10-07 13:22:14 - evaluator.prediction_analyzer - INFO - _show_single_example:352 - 
Top-5 Predictions:
2025-10-07 13:22:14 - evaluator.prediction_analyzer - INFO - _show_single_example:354 -   Predicted: ['37', '17', '4', '23', '49']
2025-10-07 13:22:14 - evaluator.prediction_analyzer - INFO - _show_single_example:360 -   ✓ Hits (1): ['4']
2025-10-07 13:22:14 - evaluator.prediction_analyzer - INFO - _show_single_example:363 -   Metrics: Recall=0.333, Precision=0.200
2025-10-07 13:22:14 - evaluator.prediction_analyzer - INFO - _show_single_example:352 - 
Top-10 Predictions:
2025-10-07 13:22:14 - evaluator.prediction_analyzer - INFO - _show_single_example:354 -   Predicted: ['37', '17', '4', '23', '49', '22', '3', '10', '70', '2']
2025-10-07 13:22:14 - evaluator.prediction_analyzer - INFO - _show_single_example:360 -   ✓ Hits (1): ['4']
2025-10-07 13:22:14 - evaluator.prediction_analyzer - INFO - _show_single_example:363 -   Metrics: Recall=0.333, Precision=0.100
2025-10-07 13:22:14 - evaluator.prediction_analyzer - INFO - _show_single_example:352 - 
Top-20 Predictions:
2025-10-07 13:22:14 - evaluator.prediction_analyzer - INFO - _show_single_example:354 -   Predicted: ['37', '17', '4', '23', '49', '22', '3', '10', '70', '2', '114', '11', '0', '65', '74', '68', '113', '59', '16', '21']
2025-10-07 13:22:14 - evaluator.prediction_analyzer - INFO - _show_single_example:360 -   ✓ Hits (2): ['4', '0']
2025-10-07 13:22:14 - evaluator.prediction_analyzer - INFO - _show_single_example:363 -   Metrics: Recall=0.667, Precision=0.100
2025-10-07 13:22:14 - evaluator.prediction_analyzer - INFO - _show_single_example:333 - 
--- Example 2 (next-basket prediction) ---
2025-10-07 13:22:14 - evaluator.prediction_analyzer - INFO - _show_single_example:334 - User ID: 2, Basket ID: 12
2025-10-07 13:22:14 - evaluator.prediction_analyzer - INFO - _show_single_example:338 - Ground Truth (3 items): ['33', '2', '3']
2025-10-07 13:22:14 - evaluator.prediction_analyzer - INFO - _show_single_example:352 - 
Top-5 Predictions:
2025-10-07 13:22:14 - evaluator.prediction_analyzer - INFO - _show_single_example:354 -   Predicted: ['37', '17', '4', '23', '1']
2025-10-07 13:22:14 - evaluator.prediction_analyzer - INFO - _show_single_example:365 -   ✗ No hits in top-5
2025-10-07 13:22:14 - evaluator.prediction_analyzer - INFO - _show_single_example:352 - 
Top-10 Predictions:
2025-10-07 13:22:14 - evaluator.prediction_analyzer - INFO - _show_single_example:354 -   Predicted: ['37', '17', '4', '23', '1', '49', '3', '10', '70', '2']
2025-10-07 13:22:14 - evaluator.prediction_analyzer - INFO - _show_single_example:360 -   ✓ Hits (2): ['3', '2']
2025-10-07 13:22:14 - evaluator.prediction_analyzer - INFO - _show_single_example:363 -   Metrics: Recall=0.667, Precision=0.200
2025-10-07 13:22:14 - evaluator.prediction_analyzer - INFO - _show_single_example:352 - 
Top-20 Predictions:
2025-10-07 13:22:14 - evaluator.prediction_analyzer - INFO - _show_single_example:354 -   Predicted: ['37', '17', '4', '23', '1', '49', '3', '10', '70', '2', '114', '0', '65', '74', '68', '113', '59', '16', '21', '19']
2025-10-07 13:22:14 - evaluator.prediction_analyzer - INFO - _show_single_example:360 -   ✓ Hits (2): ['3', '2']
2025-10-07 13:22:14 - evaluator.prediction_analyzer - INFO - _show_single_example:363 -   Metrics: Recall=0.667, Precision=0.100
2025-10-07 13:22:14 - evaluator.prediction_analyzer - INFO - _show_single_example:333 - 
--- Example 3 (next-basket prediction) ---
2025-10-07 13:22:14 - evaluator.prediction_analyzer - INFO - _show_single_example:334 - User ID: 3, Basket ID: 15
2025-10-07 13:22:14 - evaluator.prediction_analyzer - INFO - _show_single_example:338 - Ground Truth (3 items): ['65', '3', '70']
2025-10-07 13:22:14 - evaluator.prediction_analyzer - INFO - _show_single_example:352 - 
Top-5 Predictions:
2025-10-07 13:22:14 - evaluator.prediction_analyzer - INFO - _show_single_example:354 -   Predicted: ['17', '4', '23', '1', '49']
2025-10-07 13:22:14 - evaluator.prediction_analyzer - INFO - _show_single_example:365 -   ✗ No hits in top-5
2025-10-07 13:22:14 - evaluator.prediction_analyzer - INFO - _show_single_example:352 - 
Top-10 Predictions:
2025-10-07 13:22:14 - evaluator.prediction_analyzer - INFO - _show_single_example:354 -   Predicted: ['17', '4', '23', '1', '49', '22', '3', '10', '70', '2']
2025-10-07 13:22:14 - evaluator.prediction_analyzer - INFO - _show_single_example:360 -   ✓ Hits (2): ['3', '70']
2025-10-07 13:22:14 - evaluator.prediction_analyzer - INFO - _show_single_example:363 -   Metrics: Recall=0.667, Precision=0.200
2025-10-07 13:22:14 - evaluator.prediction_analyzer - INFO - _show_single_example:352 - 
Top-20 Predictions:
2025-10-07 13:22:14 - evaluator.prediction_analyzer - INFO - _show_single_example:354 -   Predicted: ['17', '4', '23', '1', '49', '22', '3', '10', '70', '2', '114', '11', '0', '65', '74', '68', '113', '59', '16', '21']
2025-10-07 13:22:14 - evaluator.prediction_analyzer - INFO - _show_single_example:360 -   ✓ Hits (3): ['3', '70', '65']
2025-10-07 13:22:14 - evaluator.prediction_analyzer - INFO - _show_single_example:363 -   Metrics: Recall=1.000, Precision=0.150
2025-10-07 13:22:14 - evaluator.prediction_analyzer - INFO - show_detailed_examples:327 - ============================================================
2025-10-07 13:22:14 - evaluator.evaluator - INFO - __enter__:121 - Starting: Computing test metrics
2025-10-07 13:22:14 - evaluator.evaluator - INFO - compute_ranking_metrics:559 - === TEST METRICS SUMMARY ===
2025-10-07 13:22:14 - evaluator.evaluator - INFO - compute_ranking_metrics:561 - recall@10: 0.3520
2025-10-07 13:22:14 - evaluator.evaluator - INFO - compute_ranking_metrics:561 - recall@20: 0.4867
2025-10-07 13:22:14 - evaluator.evaluator - INFO - compute_ranking_metrics:561 - ndcg@10: 0.2278
2025-10-07 13:22:14 - evaluator.evaluator - INFO - compute_ranking_metrics:561 - ndcg@20: 0.2642
2025-10-07 13:22:14 - evaluator.evaluator - INFO - compute_ranking_metrics:561 - hit_ratio@10: 0.6056
2025-10-07 13:22:14 - evaluator.evaluator - INFO - compute_ranking_metrics:561 - hit_ratio@20: 0.7536
2025-10-07 13:22:14 - evaluator.evaluator - INFO - compute_ranking_metrics:561 - precision@10: 0.0760
2025-10-07 13:22:14 - evaluator.evaluator - INFO - compute_ranking_metrics:561 - precision@20: 0.0530
2025-10-07 13:22:14 - evaluator.evaluator - INFO - compute_ranking_metrics:562 - ===================================
2025-10-07 13:22:14 - evaluator.evaluator - INFO - __exit__:128 - Completed: Computing test metrics (took 0.08s)
2025-10-07 13:22:14 - trainer.trainer - INFO - _evaluate_with_full_ranking:663 - TEST Loss: 0.5061
2025-10-07 13:22:14 - trainer.trainer - INFO - __exit__:128 - Completed: Evaluation (test) (took 27.53s)
2025-10-07 13:22:14 - trainer.trainer - INFO - _train_epoch:353 - Training metrics computation disabled
2025-10-07 13:22:14 - trainer.trainer - INFO - __enter__:121 - Starting: Training epoch 29
2025-10-07 13:22:47 - trainer.trainer - INFO - __exit__:128 - Completed: Training epoch 29 (took 33.38s)
2025-10-07 13:22:47 - trainer.trainer - INFO - _train_epoch:417 - Computing training ranking metrics from 1668 user-basket pairs
2025-10-07 13:22:52 - evaluator.evaluator - INFO - __enter__:121 - Starting: Computing train metrics
2025-10-07 13:22:52 - evaluator.evaluator - INFO - compute_ranking_metrics:559 - === TRAIN METRICS SUMMARY ===
2025-10-07 13:22:52 - evaluator.evaluator - INFO - compute_ranking_metrics:561 - recall@10: 0.1996
2025-10-07 13:22:52 - evaluator.evaluator - INFO - compute_ranking_metrics:561 - recall@20: 0.3185
2025-10-07 13:22:52 - evaluator.evaluator - INFO - compute_ranking_metrics:561 - ndcg@10: 0.1490
2025-10-07 13:22:52 - evaluator.evaluator - INFO - compute_ranking_metrics:561 - ndcg@20: 0.1880
2025-10-07 13:22:52 - evaluator.evaluator - INFO - compute_ranking_metrics:561 - hit_ratio@10: 0.6259
2025-10-07 13:22:52 - evaluator.evaluator - INFO - compute_ranking_metrics:561 - hit_ratio@20: 0.8285
2025-10-07 13:22:52 - evaluator.evaluator - INFO - compute_ranking_metrics:561 - precision@10: 0.0790
2025-10-07 13:22:52 - evaluator.evaluator - INFO - compute_ranking_metrics:561 - precision@20: 0.0631
2025-10-07 13:22:52 - evaluator.evaluator - INFO - compute_ranking_metrics:562 - ===================================
2025-10-07 13:22:52 - evaluator.evaluator - INFO - __exit__:128 - Completed: Computing train metrics (took 0.08s)
2025-10-07 13:22:52 - trainer.trainer - INFO - _train_epoch:424 - Training metrics computed: ['recall@10', 'recall@20', 'ndcg@10', 'ndcg@20', 'hit_ratio@10', 'hit_ratio@20', 'precision@10', 'precision@20']
2025-10-07 13:22:52 - trainer.trainer - INFO - __enter__:121 - Starting: Evaluation (val)
2025-10-07 13:22:52 - trainer.trainer - INFO - _evaluate_with_full_ranking:546 - Built training item mapping for 1668 users
2025-10-07 13:23:17 - trainer.trainer - INFO - _evaluate_with_full_ranking:578 - Found 1757 unique user-basket pairs for evaluation
2025-10-07 13:23:19 - evaluator.prediction_analyzer - INFO - analyze_predictions:161 - Analyzing predictions for 1757 examples (val mode)
2025-10-07 13:23:19 - evaluator.prediction_analyzer - INFO - __enter__:121 - Starting: Prediction analysis (val)
2025-10-07 13:23:19 - evaluator.prediction_analyzer - INFO - __exit__:128 - Completed: Prediction analysis (val) (took 0.00s)
2025-10-07 13:23:19 - evaluator.prediction_analyzer - INFO - _log_analysis_summary:267 - === PREDICTION ANALYSIS SUMMARY (VAL) ===
2025-10-07 13:23:19 - evaluator.prediction_analyzer - INFO - _log_analysis_summary:276 - Ground truth items per example: avg=2.2, min=1, max=3
2025-10-07 13:23:19 - evaluator.prediction_analyzer - INFO - _log_analysis_summary:282 - Epoch range: 0 - 29
2025-10-07 13:23:19 - evaluator.prediction_analyzer - INFO - _log_analysis_summary:300 - Top-5: avg_hits=0.4, avg_recall=0.172, examples_with_hits=492/1500
2025-10-07 13:23:19 - evaluator.prediction_analyzer - INFO - _log_analysis_summary:300 - Top-10: avg_hits=0.6, avg_recall=0.274, examples_with_hits=712/1500
2025-10-07 13:23:19 - evaluator.prediction_analyzer - INFO - _log_analysis_summary:300 - Top-20: avg_hits=0.9, avg_recall=0.422, examples_with_hits=983/1500
2025-10-07 13:23:19 - evaluator.prediction_analyzer - INFO - _save_analysis_to_file:382 - Saved prediction analysis to: pytorch_pipeline/outputs/prediction_analysis/predictions_val_grnn_20251007_124143.json
2025-10-07 13:23:19 - evaluator.prediction_analyzer - INFO - _save_summary_statistics:429 - Saved summary statistics to: pytorch_pipeline/outputs/prediction_analysis/summary_val_grnn_20251007_124143.csv
2025-10-07 13:23:19 - evaluator.evaluator - INFO - __enter__:121 - Starting: Computing val metrics
2025-10-07 13:23:19 - evaluator.evaluator - INFO - compute_ranking_metrics:559 - === VAL METRICS SUMMARY ===
2025-10-07 13:23:19 - evaluator.evaluator - INFO - compute_ranking_metrics:561 - recall@10: 0.3484
2025-10-07 13:23:19 - evaluator.evaluator - INFO - compute_ranking_metrics:561 - recall@20: 0.4850
2025-10-07 13:23:19 - evaluator.evaluator - INFO - compute_ranking_metrics:561 - ndcg@10: 0.2269
2025-10-07 13:23:19 - evaluator.evaluator - INFO - compute_ranking_metrics:561 - ndcg@20: 0.2639
2025-10-07 13:23:19 - evaluator.evaluator - INFO - compute_ranking_metrics:561 - hit_ratio@10: 0.6010
2025-10-07 13:23:19 - evaluator.evaluator - INFO - compute_ranking_metrics:561 - hit_ratio@20: 0.7513
2025-10-07 13:23:19 - evaluator.evaluator - INFO - compute_ranking_metrics:561 - precision@10: 0.0753
2025-10-07 13:23:19 - evaluator.evaluator - INFO - compute_ranking_metrics:561 - precision@20: 0.0528
2025-10-07 13:23:19 - evaluator.evaluator - INFO - compute_ranking_metrics:562 - ===================================
2025-10-07 13:23:19 - evaluator.evaluator - INFO - __exit__:128 - Completed: Computing val metrics (took 0.08s)
2025-10-07 13:23:19 - trainer.trainer - INFO - _evaluate_with_full_ranking:663 - VAL Loss: 0.5075
2025-10-07 13:23:19 - trainer.trainer - INFO - __exit__:128 - Completed: Evaluation (val) (took 27.59s)
2025-10-07 13:23:19 - trainer.trainer - INFO - log_training_metrics:163 - Epoch  29 [combined] - train_loss: 0.5849 | train_recall@10: 0.1996 | train_recall@20: 0.3185 | train_ndcg@10: 0.1490 | train_ndcg@20: 0.1880 | train_hit_ratio@10: 0.6259 | train_hit_ratio@20: 0.8285 | train_precision@10: 0.0790 | train_precision@20: 0.0631 | recall@10: 0.3484 | recall@20: 0.4850 | ndcg@10: 0.2269 | ndcg@20: 0.2639 | hit_ratio@10: 0.6010 | hit_ratio@20: 0.7513 | precision@10: 0.0753 | precision@20: 0.0528 | val_loss: 0.5075
2025-10-07 13:23:19 - trainer.trainer - INFO - __enter__:121 - Starting: Evaluation (test)
2025-10-07 13:23:20 - trainer.trainer - INFO - _evaluate_with_full_ranking:546 - Built training item mapping for 1668 users
2025-10-07 13:23:45 - trainer.trainer - INFO - _evaluate_with_full_ranking:578 - Found 1757 unique user-basket pairs for evaluation
2025-10-07 13:23:47 - evaluator.prediction_analyzer - INFO - analyze_predictions:161 - Analyzing predictions for 1757 examples (test mode)
2025-10-07 13:23:47 - evaluator.prediction_analyzer - INFO - __enter__:121 - Starting: Prediction analysis (test)
2025-10-07 13:23:47 - evaluator.prediction_analyzer - INFO - __exit__:128 - Completed: Prediction analysis (test) (took 0.00s)
2025-10-07 13:23:47 - evaluator.prediction_analyzer - INFO - _log_analysis_summary:267 - === PREDICTION ANALYSIS SUMMARY (TEST) ===
2025-10-07 13:23:47 - evaluator.prediction_analyzer - INFO - _log_analysis_summary:276 - Ground truth items per example: avg=2.2, min=1, max=3
2025-10-07 13:23:47 - evaluator.prediction_analyzer - INFO - _log_analysis_summary:282 - Epoch range: 10 - 29
2025-10-07 13:23:47 - evaluator.prediction_analyzer - INFO - _log_analysis_summary:300 - Top-5: avg_hits=0.5, avg_recall=0.229, examples_with_hits=436/1000
2025-10-07 13:23:47 - evaluator.prediction_analyzer - INFO - _log_analysis_summary:300 - Top-10: avg_hits=0.7, avg_recall=0.340, examples_with_hits=576/1000
2025-10-07 13:23:47 - evaluator.prediction_analyzer - INFO - _log_analysis_summary:300 - Top-20: avg_hits=1.0, avg_recall=0.488, examples_with_hits=737/1000
2025-10-07 13:23:47 - evaluator.prediction_analyzer - INFO - _save_analysis_to_file:382 - Saved prediction analysis to: pytorch_pipeline/outputs/prediction_analysis/predictions_test_grnn_20251007_124143.json
2025-10-07 13:23:47 - evaluator.prediction_analyzer - INFO - _save_summary_statistics:429 - Saved summary statistics to: pytorch_pipeline/outputs/prediction_analysis/summary_test_grnn_20251007_124143.csv
2025-10-07 13:23:47 - evaluator.prediction_analyzer - INFO - show_detailed_examples:321 - === DETAILED PREDICTION EXAMPLES (TEST) ===
2025-10-07 13:23:47 - evaluator.prediction_analyzer - INFO - _show_single_example:333 - 
--- Example 1 (next-basket prediction) ---
2025-10-07 13:23:47 - evaluator.prediction_analyzer - INFO - _show_single_example:334 - User ID: 0, Basket ID: 3
2025-10-07 13:23:47 - evaluator.prediction_analyzer - INFO - _show_single_example:338 - Ground Truth (3 items): ['0', '64', '4']
2025-10-07 13:23:47 - evaluator.prediction_analyzer - INFO - _show_single_example:352 - 
Top-5 Predictions:
2025-10-07 13:23:47 - evaluator.prediction_analyzer - INFO - _show_single_example:354 -   Predicted: ['37', '17', '4', '23', '49']
2025-10-07 13:23:47 - evaluator.prediction_analyzer - INFO - _show_single_example:360 -   ✓ Hits (1): ['4']
2025-10-07 13:23:47 - evaluator.prediction_analyzer - INFO - _show_single_example:363 -   Metrics: Recall=0.333, Precision=0.200
2025-10-07 13:23:47 - evaluator.prediction_analyzer - INFO - _show_single_example:352 - 
Top-10 Predictions:
2025-10-07 13:23:47 - evaluator.prediction_analyzer - INFO - _show_single_example:354 -   Predicted: ['37', '17', '4', '23', '49', '22', '3', '10', '70', '2']
2025-10-07 13:23:47 - evaluator.prediction_analyzer - INFO - _show_single_example:360 -   ✓ Hits (1): ['4']
2025-10-07 13:23:47 - evaluator.prediction_analyzer - INFO - _show_single_example:363 -   Metrics: Recall=0.333, Precision=0.100
2025-10-07 13:23:47 - evaluator.prediction_analyzer - INFO - _show_single_example:352 - 
Top-20 Predictions:
2025-10-07 13:23:47 - evaluator.prediction_analyzer - INFO - _show_single_example:354 -   Predicted: ['37', '17', '4', '23', '49', '22', '3', '10', '70', '2', '114', '11', '0', '65', '74', '68', '113', '59', '16', '21']
2025-10-07 13:23:47 - evaluator.prediction_analyzer - INFO - _show_single_example:360 -   ✓ Hits (2): ['4', '0']
2025-10-07 13:23:47 - evaluator.prediction_analyzer - INFO - _show_single_example:363 -   Metrics: Recall=0.667, Precision=0.100
2025-10-07 13:23:47 - evaluator.prediction_analyzer - INFO - _show_single_example:333 - 
--- Example 2 (next-basket prediction) ---
2025-10-07 13:23:47 - evaluator.prediction_analyzer - INFO - _show_single_example:334 - User ID: 2, Basket ID: 12
2025-10-07 13:23:47 - evaluator.prediction_analyzer - INFO - _show_single_example:338 - Ground Truth (3 items): ['33', '2', '3']
2025-10-07 13:23:47 - evaluator.prediction_analyzer - INFO - _show_single_example:352 - 
Top-5 Predictions:
2025-10-07 13:23:47 - evaluator.prediction_analyzer - INFO - _show_single_example:354 -   Predicted: ['37', '17', '4', '23', '1']
2025-10-07 13:23:47 - evaluator.prediction_analyzer - INFO - _show_single_example:365 -   ✗ No hits in top-5
2025-10-07 13:23:47 - evaluator.prediction_analyzer - INFO - _show_single_example:352 - 
Top-10 Predictions:
2025-10-07 13:23:47 - evaluator.prediction_analyzer - INFO - _show_single_example:354 -   Predicted: ['37', '17', '4', '23', '1', '49', '3', '10', '70', '2']
2025-10-07 13:23:47 - evaluator.prediction_analyzer - INFO - _show_single_example:360 -   ✓ Hits (2): ['3', '2']
2025-10-07 13:23:47 - evaluator.prediction_analyzer - INFO - _show_single_example:363 -   Metrics: Recall=0.667, Precision=0.200
2025-10-07 13:23:47 - evaluator.prediction_analyzer - INFO - _show_single_example:352 - 
Top-20 Predictions:
2025-10-07 13:23:47 - evaluator.prediction_analyzer - INFO - _show_single_example:354 -   Predicted: ['37', '17', '4', '23', '1', '49', '3', '10', '70', '2', '114', '0', '65', '74', '68', '113', '59', '16', '21', '19']
2025-10-07 13:23:47 - evaluator.prediction_analyzer - INFO - _show_single_example:360 -   ✓ Hits (2): ['3', '2']
2025-10-07 13:23:47 - evaluator.prediction_analyzer - INFO - _show_single_example:363 -   Metrics: Recall=0.667, Precision=0.100
2025-10-07 13:23:47 - evaluator.prediction_analyzer - INFO - _show_single_example:333 - 
--- Example 3 (next-basket prediction) ---
2025-10-07 13:23:47 - evaluator.prediction_analyzer - INFO - _show_single_example:334 - User ID: 3, Basket ID: 15
2025-10-07 13:23:47 - evaluator.prediction_analyzer - INFO - _show_single_example:338 - Ground Truth (3 items): ['65', '3', '70']
2025-10-07 13:23:47 - evaluator.prediction_analyzer - INFO - _show_single_example:352 - 
Top-5 Predictions:
2025-10-07 13:23:47 - evaluator.prediction_analyzer - INFO - _show_single_example:354 -   Predicted: ['17', '4', '23', '1', '49']
2025-10-07 13:23:47 - evaluator.prediction_analyzer - INFO - _show_single_example:365 -   ✗ No hits in top-5
2025-10-07 13:23:47 - evaluator.prediction_analyzer - INFO - _show_single_example:352 - 
Top-10 Predictions:
2025-10-07 13:23:47 - evaluator.prediction_analyzer - INFO - _show_single_example:354 -   Predicted: ['17', '4', '23', '1', '49', '22', '3', '10', '70', '2']
2025-10-07 13:23:47 - evaluator.prediction_analyzer - INFO - _show_single_example:360 -   ✓ Hits (2): ['3', '70']
2025-10-07 13:23:47 - evaluator.prediction_analyzer - INFO - _show_single_example:363 -   Metrics: Recall=0.667, Precision=0.200
2025-10-07 13:23:47 - evaluator.prediction_analyzer - INFO - _show_single_example:352 - 
Top-20 Predictions:
2025-10-07 13:23:47 - evaluator.prediction_analyzer - INFO - _show_single_example:354 -   Predicted: ['17', '4', '23', '1', '49', '22', '3', '10', '70', '2', '114', '11', '0', '65', '74', '68', '113', '59', '16', '21']
2025-10-07 13:23:47 - evaluator.prediction_analyzer - INFO - _show_single_example:360 -   ✓ Hits (3): ['3', '70', '65']
2025-10-07 13:23:47 - evaluator.prediction_analyzer - INFO - _show_single_example:363 -   Metrics: Recall=1.000, Precision=0.150
2025-10-07 13:23:47 - evaluator.prediction_analyzer - INFO - show_detailed_examples:327 - ============================================================
2025-10-07 13:23:47 - evaluator.evaluator - INFO - __enter__:121 - Starting: Computing test metrics
2025-10-07 13:23:47 - evaluator.evaluator - INFO - compute_ranking_metrics:559 - === TEST METRICS SUMMARY ===
2025-10-07 13:23:47 - evaluator.evaluator - INFO - compute_ranking_metrics:561 - recall@10: 0.3483
2025-10-07 13:23:47 - evaluator.evaluator - INFO - compute_ranking_metrics:561 - recall@20: 0.4853
2025-10-07 13:23:47 - evaluator.evaluator - INFO - compute_ranking_metrics:561 - ndcg@10: 0.2265
2025-10-07 13:23:47 - evaluator.evaluator - INFO - compute_ranking_metrics:561 - ndcg@20: 0.2637
2025-10-07 13:23:47 - evaluator.evaluator - INFO - compute_ranking_metrics:561 - hit_ratio@10: 0.6005
2025-10-07 13:23:47 - evaluator.evaluator - INFO - compute_ranking_metrics:561 - hit_ratio@20: 0.7530
2025-10-07 13:23:47 - evaluator.evaluator - INFO - compute_ranking_metrics:561 - precision@10: 0.0752
2025-10-07 13:23:47 - evaluator.evaluator - INFO - compute_ranking_metrics:561 - precision@20: 0.0529
2025-10-07 13:23:47 - evaluator.evaluator - INFO - compute_ranking_metrics:562 - ===================================
2025-10-07 13:23:47 - evaluator.evaluator - INFO - __exit__:128 - Completed: Computing test metrics (took 0.08s)
2025-10-07 13:23:47 - trainer.trainer - INFO - _evaluate_with_full_ranking:663 - TEST Loss: 0.5092
2025-10-07 13:23:47 - trainer.trainer - INFO - __exit__:128 - Completed: Evaluation (test) (took 27.70s)
2025-10-07 13:23:47 - trainer.trainer - INFO - _train_epoch:353 - Training metrics computation disabled
2025-10-07 13:23:47 - trainer.trainer - INFO - __enter__:121 - Starting: Training epoch 30
2025-10-07 13:24:22 - trainer.trainer - INFO - __exit__:128 - Completed: Training epoch 30 (took 34.62s)
2025-10-07 13:24:22 - trainer.trainer - INFO - _train_epoch:417 - Computing training ranking metrics from 1668 user-basket pairs
2025-10-07 13:24:27 - evaluator.evaluator - INFO - __enter__:121 - Starting: Computing train metrics
2025-10-07 13:24:27 - evaluator.evaluator - INFO - compute_ranking_metrics:559 - === TRAIN METRICS SUMMARY ===
2025-10-07 13:24:27 - evaluator.evaluator - INFO - compute_ranking_metrics:561 - recall@10: 0.2015
2025-10-07 13:24:27 - evaluator.evaluator - INFO - compute_ranking_metrics:561 - recall@20: 0.3194
2025-10-07 13:24:27 - evaluator.evaluator - INFO - compute_ranking_metrics:561 - ndcg@10: 0.1499
2025-10-07 13:24:27 - evaluator.evaluator - INFO - compute_ranking_metrics:561 - ndcg@20: 0.1884
2025-10-07 13:24:27 - evaluator.evaluator - INFO - compute_ranking_metrics:561 - hit_ratio@10: 0.6301
2025-10-07 13:24:27 - evaluator.evaluator - INFO - compute_ranking_metrics:561 - hit_ratio@20: 0.8303
2025-10-07 13:24:27 - evaluator.evaluator - INFO - compute_ranking_metrics:561 - precision@10: 0.0797
2025-10-07 13:24:27 - evaluator.evaluator - INFO - compute_ranking_metrics:561 - precision@20: 0.0632
2025-10-07 13:24:27 - evaluator.evaluator - INFO - compute_ranking_metrics:562 - ===================================
2025-10-07 13:24:27 - evaluator.evaluator - INFO - __exit__:128 - Completed: Computing train metrics (took 0.08s)
2025-10-07 13:24:27 - trainer.trainer - INFO - _train_epoch:424 - Training metrics computed: ['recall@10', 'recall@20', 'ndcg@10', 'ndcg@20', 'hit_ratio@10', 'hit_ratio@20', 'precision@10', 'precision@20']
2025-10-07 13:24:27 - trainer.trainer - INFO - __enter__:121 - Starting: Evaluation (val)
2025-10-07 13:24:27 - trainer.trainer - INFO - _evaluate_with_full_ranking:546 - Built training item mapping for 1668 users
2025-10-07 13:24:51 - trainer.trainer - INFO - _evaluate_with_full_ranking:578 - Found 1757 unique user-basket pairs for evaluation
2025-10-07 13:24:54 - evaluator.prediction_analyzer - INFO - analyze_predictions:161 - Analyzing predictions for 1757 examples (val mode)
2025-10-07 13:24:54 - evaluator.prediction_analyzer - INFO - __enter__:121 - Starting: Prediction analysis (val)
2025-10-07 13:24:54 - evaluator.prediction_analyzer - INFO - __exit__:128 - Completed: Prediction analysis (val) (took 0.00s)
2025-10-07 13:24:54 - evaluator.prediction_analyzer - INFO - _log_analysis_summary:267 - === PREDICTION ANALYSIS SUMMARY (VAL) ===
2025-10-07 13:24:54 - evaluator.prediction_analyzer - INFO - _log_analysis_summary:276 - Ground truth items per example: avg=2.2, min=1, max=3
2025-10-07 13:24:54 - evaluator.prediction_analyzer - INFO - _log_analysis_summary:282 - Epoch range: 0 - 30
2025-10-07 13:24:54 - evaluator.prediction_analyzer - INFO - _log_analysis_summary:300 - Top-5: avg_hits=0.4, avg_recall=0.174, examples_with_hits=514/1550
2025-10-07 13:24:54 - evaluator.prediction_analyzer - INFO - _log_analysis_summary:300 - Top-10: avg_hits=0.6, avg_recall=0.276, examples_with_hits=740/1550
2025-10-07 13:24:54 - evaluator.prediction_analyzer - INFO - _log_analysis_summary:300 - Top-20: avg_hits=0.9, avg_recall=0.424, examples_with_hits=1019/1550
2025-10-07 13:24:54 - evaluator.prediction_analyzer - INFO - _save_analysis_to_file:382 - Saved prediction analysis to: pytorch_pipeline/outputs/prediction_analysis/predictions_val_grnn_20251007_124143.json
2025-10-07 13:24:54 - evaluator.prediction_analyzer - INFO - _save_summary_statistics:429 - Saved summary statistics to: pytorch_pipeline/outputs/prediction_analysis/summary_val_grnn_20251007_124143.csv
2025-10-07 13:24:54 - evaluator.evaluator - INFO - __enter__:121 - Starting: Computing val metrics
2025-10-07 13:24:54 - evaluator.evaluator - INFO - compute_ranking_metrics:559 - === VAL METRICS SUMMARY ===
2025-10-07 13:24:54 - evaluator.evaluator - INFO - compute_ranking_metrics:561 - recall@10: 0.3416
2025-10-07 13:24:54 - evaluator.evaluator - INFO - compute_ranking_metrics:561 - recall@20: 0.4906
2025-10-07 13:24:54 - evaluator.evaluator - INFO - compute_ranking_metrics:561 - ndcg@10: 0.2247
2025-10-07 13:24:54 - evaluator.evaluator - INFO - compute_ranking_metrics:561 - ndcg@20: 0.2649
2025-10-07 13:24:54 - evaluator.evaluator - INFO - compute_ranking_metrics:561 - hit_ratio@10: 0.5925
2025-10-07 13:24:54 - evaluator.evaluator - INFO - compute_ranking_metrics:561 - hit_ratio@20: 0.7547
2025-10-07 13:24:54 - evaluator.evaluator - INFO - compute_ranking_metrics:561 - precision@10: 0.0739
2025-10-07 13:24:54 - evaluator.evaluator - INFO - compute_ranking_metrics:561 - precision@20: 0.0534
2025-10-07 13:24:54 - evaluator.evaluator - INFO - compute_ranking_metrics:562 - ===================================
2025-10-07 13:24:54 - evaluator.evaluator - INFO - __exit__:128 - Completed: Computing val metrics (took 0.08s)
2025-10-07 13:24:54 - trainer.trainer - INFO - _evaluate_with_full_ranking:663 - VAL Loss: 0.5113
2025-10-07 13:24:54 - trainer.trainer - INFO - __exit__:128 - Completed: Evaluation (val) (took 27.59s)
2025-10-07 13:24:54 - trainer.trainer - INFO - log_training_metrics:163 - Epoch  30 [combined] - train_loss: 0.5821 | train_recall@10: 0.2015 | train_recall@20: 0.3194 | train_ndcg@10: 0.1499 | train_ndcg@20: 0.1884 | train_hit_ratio@10: 0.6301 | train_hit_ratio@20: 0.8303 | train_precision@10: 0.0797 | train_precision@20: 0.0632 | recall@10: 0.3416 | recall@20: 0.4906 | ndcg@10: 0.2247 | ndcg@20: 0.2649 | hit_ratio@10: 0.5925 | hit_ratio@20: 0.7547 | precision@10: 0.0739 | precision@20: 0.0534 | val_loss: 0.5113
2025-10-07 13:24:54 - trainer.trainer - INFO - __enter__:121 - Starting: Evaluation (test)
2025-10-07 13:24:54 - trainer.trainer - INFO - _evaluate_with_full_ranking:546 - Built training item mapping for 1668 users
2025-10-07 13:25:19 - trainer.trainer - INFO - _evaluate_with_full_ranking:578 - Found 1757 unique user-basket pairs for evaluation
2025-10-07 13:25:22 - evaluator.prediction_analyzer - INFO - analyze_predictions:161 - Analyzing predictions for 1757 examples (test mode)
2025-10-07 13:25:22 - evaluator.prediction_analyzer - INFO - __enter__:121 - Starting: Prediction analysis (test)
2025-10-07 13:25:22 - evaluator.prediction_analyzer - INFO - __exit__:128 - Completed: Prediction analysis (test) (took 0.00s)
2025-10-07 13:25:22 - evaluator.prediction_analyzer - INFO - _log_analysis_summary:267 - === PREDICTION ANALYSIS SUMMARY (TEST) ===
2025-10-07 13:25:22 - evaluator.prediction_analyzer - INFO - _log_analysis_summary:276 - Ground truth items per example: avg=2.2, min=1, max=3
2025-10-07 13:25:22 - evaluator.prediction_analyzer - INFO - _log_analysis_summary:282 - Epoch range: 10 - 30
2025-10-07 13:25:22 - evaluator.prediction_analyzer - INFO - _log_analysis_summary:300 - Top-5: avg_hits=0.5, avg_recall=0.229, examples_with_hits=458/1050
2025-10-07 13:25:22 - evaluator.prediction_analyzer - INFO - _log_analysis_summary:300 - Top-10: avg_hits=0.7, avg_recall=0.339, examples_with_hits=604/1050
2025-10-07 13:25:22 - evaluator.prediction_analyzer - INFO - _log_analysis_summary:300 - Top-20: avg_hits=1.0, avg_recall=0.488, examples_with_hits=773/1050
2025-10-07 13:25:22 - evaluator.prediction_analyzer - INFO - _save_analysis_to_file:382 - Saved prediction analysis to: pytorch_pipeline/outputs/prediction_analysis/predictions_test_grnn_20251007_124143.json
2025-10-07 13:25:22 - evaluator.prediction_analyzer - INFO - _save_summary_statistics:429 - Saved summary statistics to: pytorch_pipeline/outputs/prediction_analysis/summary_test_grnn_20251007_124143.csv
2025-10-07 13:25:22 - evaluator.prediction_analyzer - INFO - show_detailed_examples:321 - === DETAILED PREDICTION EXAMPLES (TEST) ===
2025-10-07 13:25:22 - evaluator.prediction_analyzer - INFO - _show_single_example:333 - 
--- Example 1 (next-basket prediction) ---
2025-10-07 13:25:22 - evaluator.prediction_analyzer - INFO - _show_single_example:334 - User ID: 0, Basket ID: 3
2025-10-07 13:25:22 - evaluator.prediction_analyzer - INFO - _show_single_example:338 - Ground Truth (3 items): ['0', '64', '4']
2025-10-07 13:25:22 - evaluator.prediction_analyzer - INFO - _show_single_example:352 - 
Top-5 Predictions:
2025-10-07 13:25:22 - evaluator.prediction_analyzer - INFO - _show_single_example:354 -   Predicted: ['37', '17', '4', '23', '49']
2025-10-07 13:25:22 - evaluator.prediction_analyzer - INFO - _show_single_example:360 -   ✓ Hits (1): ['4']
2025-10-07 13:25:22 - evaluator.prediction_analyzer - INFO - _show_single_example:363 -   Metrics: Recall=0.333, Precision=0.200
2025-10-07 13:25:22 - evaluator.prediction_analyzer - INFO - _show_single_example:352 - 
Top-10 Predictions:
2025-10-07 13:25:22 - evaluator.prediction_analyzer - INFO - _show_single_example:354 -   Predicted: ['37', '17', '4', '23', '49', '22', '3', '10', '70', '2']
2025-10-07 13:25:22 - evaluator.prediction_analyzer - INFO - _show_single_example:360 -   ✓ Hits (1): ['4']
2025-10-07 13:25:22 - evaluator.prediction_analyzer - INFO - _show_single_example:363 -   Metrics: Recall=0.333, Precision=0.100
2025-10-07 13:25:22 - evaluator.prediction_analyzer - INFO - _show_single_example:352 - 
Top-20 Predictions:
2025-10-07 13:25:22 - evaluator.prediction_analyzer - INFO - _show_single_example:354 -   Predicted: ['37', '17', '4', '23', '49', '22', '3', '10', '70', '2', '114', '11', '0', '65', '74', '68', '113', '59', '16', '21']
2025-10-07 13:25:22 - evaluator.prediction_analyzer - INFO - _show_single_example:360 -   ✓ Hits (2): ['4', '0']
2025-10-07 13:25:22 - evaluator.prediction_analyzer - INFO - _show_single_example:363 -   Metrics: Recall=0.667, Precision=0.100
2025-10-07 13:25:22 - evaluator.prediction_analyzer - INFO - _show_single_example:333 - 
--- Example 2 (next-basket prediction) ---
2025-10-07 13:25:22 - evaluator.prediction_analyzer - INFO - _show_single_example:334 - User ID: 2, Basket ID: 12
2025-10-07 13:25:22 - evaluator.prediction_analyzer - INFO - _show_single_example:338 - Ground Truth (3 items): ['33', '2', '3']
2025-10-07 13:25:22 - evaluator.prediction_analyzer - INFO - _show_single_example:352 - 
Top-5 Predictions:
2025-10-07 13:25:22 - evaluator.prediction_analyzer - INFO - _show_single_example:354 -   Predicted: ['37', '17', '4', '23', '1']
2025-10-07 13:25:22 - evaluator.prediction_analyzer - INFO - _show_single_example:365 -   ✗ No hits in top-5
2025-10-07 13:25:22 - evaluator.prediction_analyzer - INFO - _show_single_example:352 - 
Top-10 Predictions:
2025-10-07 13:25:22 - evaluator.prediction_analyzer - INFO - _show_single_example:354 -   Predicted: ['37', '17', '4', '23', '1', '49', '3', '10', '70', '2']
2025-10-07 13:25:22 - evaluator.prediction_analyzer - INFO - _show_single_example:360 -   ✓ Hits (2): ['3', '2']
2025-10-07 13:25:22 - evaluator.prediction_analyzer - INFO - _show_single_example:363 -   Metrics: Recall=0.667, Precision=0.200
2025-10-07 13:25:22 - evaluator.prediction_analyzer - INFO - _show_single_example:352 - 
Top-20 Predictions:
2025-10-07 13:25:22 - evaluator.prediction_analyzer - INFO - _show_single_example:354 -   Predicted: ['37', '17', '4', '23', '1', '49', '3', '10', '70', '2', '114', '0', '65', '74', '68', '113', '59', '16', '21', '19']
2025-10-07 13:25:22 - evaluator.prediction_analyzer - INFO - _show_single_example:360 -   ✓ Hits (2): ['3', '2']
2025-10-07 13:25:22 - evaluator.prediction_analyzer - INFO - _show_single_example:363 -   Metrics: Recall=0.667, Precision=0.100
2025-10-07 13:25:22 - evaluator.prediction_analyzer - INFO - _show_single_example:333 - 
--- Example 3 (next-basket prediction) ---
2025-10-07 13:25:22 - evaluator.prediction_analyzer - INFO - _show_single_example:334 - User ID: 3, Basket ID: 15
2025-10-07 13:25:22 - evaluator.prediction_analyzer - INFO - _show_single_example:338 - Ground Truth (3 items): ['65', '3', '70']
2025-10-07 13:25:22 - evaluator.prediction_analyzer - INFO - _show_single_example:352 - 
Top-5 Predictions:
2025-10-07 13:25:22 - evaluator.prediction_analyzer - INFO - _show_single_example:354 -   Predicted: ['17', '4', '23', '1', '49']
2025-10-07 13:25:22 - evaluator.prediction_analyzer - INFO - _show_single_example:365 -   ✗ No hits in top-5
2025-10-07 13:25:22 - evaluator.prediction_analyzer - INFO - _show_single_example:352 - 
Top-10 Predictions:
2025-10-07 13:25:22 - evaluator.prediction_analyzer - INFO - _show_single_example:354 -   Predicted: ['17', '4', '23', '1', '49', '22', '3', '10', '70', '2']
2025-10-07 13:25:22 - evaluator.prediction_analyzer - INFO - _show_single_example:360 -   ✓ Hits (2): ['3', '70']
2025-10-07 13:25:22 - evaluator.prediction_analyzer - INFO - _show_single_example:363 -   Metrics: Recall=0.667, Precision=0.200
2025-10-07 13:25:22 - evaluator.prediction_analyzer - INFO - _show_single_example:352 - 
Top-20 Predictions:
2025-10-07 13:25:22 - evaluator.prediction_analyzer - INFO - _show_single_example:354 -   Predicted: ['17', '4', '23', '1', '49', '22', '3', '10', '70', '2', '114', '11', '0', '65', '74', '68', '113', '59', '16', '21']
2025-10-07 13:25:22 - evaluator.prediction_analyzer - INFO - _show_single_example:360 -   ✓ Hits (3): ['3', '70', '65']
2025-10-07 13:25:22 - evaluator.prediction_analyzer - INFO - _show_single_example:363 -   Metrics: Recall=1.000, Precision=0.150
2025-10-07 13:25:22 - evaluator.prediction_analyzer - INFO - show_detailed_examples:327 - ============================================================
2025-10-07 13:25:22 - evaluator.evaluator - INFO - __enter__:121 - Starting: Computing test metrics
2025-10-07 13:25:22 - evaluator.evaluator - INFO - compute_ranking_metrics:559 - === TEST METRICS SUMMARY ===
2025-10-07 13:25:22 - evaluator.evaluator - INFO - compute_ranking_metrics:561 - recall@10: 0.3408
2025-10-07 13:25:22 - evaluator.evaluator - INFO - compute_ranking_metrics:561 - recall@20: 0.4879
2025-10-07 13:25:22 - evaluator.evaluator - INFO - compute_ranking_metrics:561 - ndcg@10: 0.2239
2025-10-07 13:25:22 - evaluator.evaluator - INFO - compute_ranking_metrics:561 - ndcg@20: 0.2637
2025-10-07 13:25:22 - evaluator.evaluator - INFO - compute_ranking_metrics:561 - hit_ratio@10: 0.5896
2025-10-07 13:25:22 - evaluator.evaluator - INFO - compute_ranking_metrics:561 - hit_ratio@20: 0.7507
2025-10-07 13:25:22 - evaluator.evaluator - INFO - compute_ranking_metrics:561 - precision@10: 0.0737
2025-10-07 13:25:22 - evaluator.evaluator - INFO - compute_ranking_metrics:561 - precision@20: 0.0531
2025-10-07 13:25:22 - evaluator.evaluator - INFO - compute_ranking_metrics:562 - ===================================
2025-10-07 13:25:22 - evaluator.evaluator - INFO - __exit__:128 - Completed: Computing test metrics (took 0.08s)
2025-10-07 13:25:22 - trainer.trainer - INFO - _evaluate_with_full_ranking:663 - TEST Loss: 0.5101
2025-10-07 13:25:22 - trainer.trainer - INFO - __exit__:128 - Completed: Evaluation (test) (took 27.80s)
2025-10-07 13:25:22 - trainer.trainer - INFO - _train_epoch:353 - Training metrics computation disabled
2025-10-07 13:25:22 - trainer.trainer - INFO - __enter__:121 - Starting: Training epoch 31
2025-10-07 13:25:56 - trainer.trainer - INFO - __exit__:128 - Completed: Training epoch 31 (took 33.74s)
2025-10-07 13:25:56 - trainer.trainer - INFO - _train_epoch:417 - Computing training ranking metrics from 1668 user-basket pairs
2025-10-07 13:26:01 - evaluator.evaluator - INFO - __enter__:121 - Starting: Computing train metrics
2025-10-07 13:26:01 - evaluator.evaluator - INFO - compute_ranking_metrics:559 - === TRAIN METRICS SUMMARY ===
2025-10-07 13:26:01 - evaluator.evaluator - INFO - compute_ranking_metrics:561 - recall@10: 0.2002
2025-10-07 13:26:01 - evaluator.evaluator - INFO - compute_ranking_metrics:561 - recall@20: 0.3188
2025-10-07 13:26:01 - evaluator.evaluator - INFO - compute_ranking_metrics:561 - ndcg@10: 0.1496
2025-10-07 13:26:01 - evaluator.evaluator - INFO - compute_ranking_metrics:561 - ndcg@20: 0.1884
2025-10-07 13:26:01 - evaluator.evaluator - INFO - compute_ranking_metrics:561 - hit_ratio@10: 0.6271
2025-10-07 13:26:01 - evaluator.evaluator - INFO - compute_ranking_metrics:561 - hit_ratio@20: 0.8291
2025-10-07 13:26:01 - evaluator.evaluator - INFO - compute_ranking_metrics:561 - precision@10: 0.0793
2025-10-07 13:26:01 - evaluator.evaluator - INFO - compute_ranking_metrics:561 - precision@20: 0.0632
2025-10-07 13:26:01 - evaluator.evaluator - INFO - compute_ranking_metrics:562 - ===================================
2025-10-07 13:26:01 - evaluator.evaluator - INFO - __exit__:128 - Completed: Computing train metrics (took 0.08s)
2025-10-07 13:26:01 - trainer.trainer - INFO - _train_epoch:424 - Training metrics computed: ['recall@10', 'recall@20', 'ndcg@10', 'ndcg@20', 'hit_ratio@10', 'hit_ratio@20', 'precision@10', 'precision@20']
2025-10-07 13:26:01 - trainer.trainer - INFO - __enter__:121 - Starting: Evaluation (val)
2025-10-07 13:26:01 - trainer.trainer - INFO - _evaluate_with_full_ranking:546 - Built training item mapping for 1668 users
2025-10-07 13:26:26 - trainer.trainer - INFO - _evaluate_with_full_ranking:578 - Found 1757 unique user-basket pairs for evaluation
2025-10-07 13:26:29 - evaluator.prediction_analyzer - INFO - analyze_predictions:161 - Analyzing predictions for 1757 examples (val mode)
2025-10-07 13:26:29 - evaluator.prediction_analyzer - INFO - __enter__:121 - Starting: Prediction analysis (val)
2025-10-07 13:26:29 - evaluator.prediction_analyzer - INFO - __exit__:128 - Completed: Prediction analysis (val) (took 0.00s)
2025-10-07 13:26:29 - evaluator.prediction_analyzer - INFO - _log_analysis_summary:267 - === PREDICTION ANALYSIS SUMMARY (VAL) ===
2025-10-07 13:26:29 - evaluator.prediction_analyzer - INFO - _log_analysis_summary:276 - Ground truth items per example: avg=2.2, min=1, max=3
2025-10-07 13:26:29 - evaluator.prediction_analyzer - INFO - _log_analysis_summary:282 - Epoch range: 0 - 31
2025-10-07 13:26:29 - evaluator.prediction_analyzer - INFO - _log_analysis_summary:300 - Top-5: avg_hits=0.4, avg_recall=0.176, examples_with_hits=536/1600
2025-10-07 13:26:29 - evaluator.prediction_analyzer - INFO - _log_analysis_summary:300 - Top-10: avg_hits=0.6, avg_recall=0.278, examples_with_hits=768/1600
2025-10-07 13:26:29 - evaluator.prediction_analyzer - INFO - _log_analysis_summary:300 - Top-20: avg_hits=0.9, avg_recall=0.425, examples_with_hits=1055/1600
2025-10-07 13:26:29 - evaluator.prediction_analyzer - INFO - _save_analysis_to_file:382 - Saved prediction analysis to: pytorch_pipeline/outputs/prediction_analysis/predictions_val_grnn_20251007_124143.json
2025-10-07 13:26:29 - evaluator.prediction_analyzer - INFO - _save_summary_statistics:429 - Saved summary statistics to: pytorch_pipeline/outputs/prediction_analysis/summary_val_grnn_20251007_124143.csv
2025-10-07 13:26:29 - evaluator.evaluator - INFO - __enter__:121 - Starting: Computing val metrics
2025-10-07 13:26:29 - evaluator.evaluator - INFO - compute_ranking_metrics:559 - === VAL METRICS SUMMARY ===
2025-10-07 13:26:29 - evaluator.evaluator - INFO - compute_ranking_metrics:561 - recall@10: 0.3378
2025-10-07 13:26:29 - evaluator.evaluator - INFO - compute_ranking_metrics:561 - recall@20: 0.4893
2025-10-07 13:26:29 - evaluator.evaluator - INFO - compute_ranking_metrics:561 - ndcg@10: 0.2240
2025-10-07 13:26:29 - evaluator.evaluator - INFO - compute_ranking_metrics:561 - ndcg@20: 0.2652
2025-10-07 13:26:29 - evaluator.evaluator - INFO - compute_ranking_metrics:561 - hit_ratio@10: 0.5857
2025-10-07 13:26:29 - evaluator.evaluator - INFO - compute_ranking_metrics:561 - hit_ratio@20: 0.7530
2025-10-07 13:26:29 - evaluator.evaluator - INFO - compute_ranking_metrics:561 - precision@10: 0.0731
2025-10-07 13:26:29 - evaluator.evaluator - INFO - compute_ranking_metrics:561 - precision@20: 0.0532
2025-10-07 13:26:29 - evaluator.evaluator - INFO - compute_ranking_metrics:562 - ===================================
2025-10-07 13:26:29 - evaluator.evaluator - INFO - __exit__:128 - Completed: Computing val metrics (took 0.08s)
2025-10-07 13:26:29 - trainer.trainer - INFO - _evaluate_with_full_ranking:663 - VAL Loss: 0.5094
2025-10-07 13:26:29 - trainer.trainer - INFO - __exit__:128 - Completed: Evaluation (val) (took 28.16s)
2025-10-07 13:26:29 - trainer.trainer - INFO - log_training_metrics:163 - Epoch  31 [combined] - train_loss: 0.5826 | train_recall@10: 0.2002 | train_recall@20: 0.3188 | train_ndcg@10: 0.1496 | train_ndcg@20: 0.1884 | train_hit_ratio@10: 0.6271 | train_hit_ratio@20: 0.8291 | train_precision@10: 0.0793 | train_precision@20: 0.0632 | recall@10: 0.3378 | recall@20: 0.4893 | ndcg@10: 0.2240 | ndcg@20: 0.2652 | hit_ratio@10: 0.5857 | hit_ratio@20: 0.7530 | precision@10: 0.0731 | precision@20: 0.0532 | val_loss: 0.5094
2025-10-07 13:26:29 - trainer.trainer - INFO - __enter__:121 - Starting: Evaluation (test)
2025-10-07 13:26:29 - trainer.trainer - INFO - _evaluate_with_full_ranking:546 - Built training item mapping for 1668 users
2025-10-07 13:26:54 - trainer.trainer - INFO - _evaluate_with_full_ranking:578 - Found 1757 unique user-basket pairs for evaluation
2025-10-07 13:26:56 - evaluator.prediction_analyzer - INFO - analyze_predictions:161 - Analyzing predictions for 1757 examples (test mode)
2025-10-07 13:26:56 - evaluator.prediction_analyzer - INFO - __enter__:121 - Starting: Prediction analysis (test)
2025-10-07 13:26:56 - evaluator.prediction_analyzer - INFO - __exit__:128 - Completed: Prediction analysis (test) (took 0.00s)
2025-10-07 13:26:56 - evaluator.prediction_analyzer - INFO - _log_analysis_summary:267 - === PREDICTION ANALYSIS SUMMARY (TEST) ===
2025-10-07 13:26:56 - evaluator.prediction_analyzer - INFO - _log_analysis_summary:276 - Ground truth items per example: avg=2.2, min=1, max=3
2025-10-07 13:26:56 - evaluator.prediction_analyzer - INFO - _log_analysis_summary:282 - Epoch range: 10 - 31
2025-10-07 13:26:56 - evaluator.prediction_analyzer - INFO - _log_analysis_summary:300 - Top-5: avg_hits=0.5, avg_recall=0.229, examples_with_hits=480/1100
2025-10-07 13:26:56 - evaluator.prediction_analyzer - INFO - _log_analysis_summary:300 - Top-10: avg_hits=0.7, avg_recall=0.339, examples_with_hits=632/1100
2025-10-07 13:26:56 - evaluator.prediction_analyzer - INFO - _log_analysis_summary:300 - Top-20: avg_hits=1.0, avg_recall=0.488, examples_with_hits=810/1100
2025-10-07 13:26:56 - evaluator.prediction_analyzer - INFO - _save_analysis_to_file:382 - Saved prediction analysis to: pytorch_pipeline/outputs/prediction_analysis/predictions_test_grnn_20251007_124143.json
2025-10-07 13:26:56 - evaluator.prediction_analyzer - INFO - _save_summary_statistics:429 - Saved summary statistics to: pytorch_pipeline/outputs/prediction_analysis/summary_test_grnn_20251007_124143.csv
2025-10-07 13:26:56 - evaluator.prediction_analyzer - INFO - show_detailed_examples:321 - === DETAILED PREDICTION EXAMPLES (TEST) ===
2025-10-07 13:26:56 - evaluator.prediction_analyzer - INFO - _show_single_example:333 - 
--- Example 1 (next-basket prediction) ---
2025-10-07 13:26:56 - evaluator.prediction_analyzer - INFO - _show_single_example:334 - User ID: 0, Basket ID: 3
2025-10-07 13:26:56 - evaluator.prediction_analyzer - INFO - _show_single_example:338 - Ground Truth (3 items): ['0', '64', '4']
2025-10-07 13:26:56 - evaluator.prediction_analyzer - INFO - _show_single_example:352 - 
Top-5 Predictions:
2025-10-07 13:26:56 - evaluator.prediction_analyzer - INFO - _show_single_example:354 -   Predicted: ['37', '17', '4', '23', '49']
2025-10-07 13:26:56 - evaluator.prediction_analyzer - INFO - _show_single_example:360 -   ✓ Hits (1): ['4']
2025-10-07 13:26:56 - evaluator.prediction_analyzer - INFO - _show_single_example:363 -   Metrics: Recall=0.333, Precision=0.200
2025-10-07 13:26:56 - evaluator.prediction_analyzer - INFO - _show_single_example:352 - 
Top-10 Predictions:
2025-10-07 13:26:56 - evaluator.prediction_analyzer - INFO - _show_single_example:354 -   Predicted: ['37', '17', '4', '23', '49', '22', '3', '10', '70', '2']
2025-10-07 13:26:56 - evaluator.prediction_analyzer - INFO - _show_single_example:360 -   ✓ Hits (1): ['4']
2025-10-07 13:26:56 - evaluator.prediction_analyzer - INFO - _show_single_example:363 -   Metrics: Recall=0.333, Precision=0.100
2025-10-07 13:26:56 - evaluator.prediction_analyzer - INFO - _show_single_example:352 - 
Top-20 Predictions:
2025-10-07 13:26:56 - evaluator.prediction_analyzer - INFO - _show_single_example:354 -   Predicted: ['37', '17', '4', '23', '49', '22', '3', '10', '70', '2', '114', '11', '0', '65', '74', '68', '113', '59', '16', '21']
2025-10-07 13:26:56 - evaluator.prediction_analyzer - INFO - _show_single_example:360 -   ✓ Hits (2): ['4', '0']
2025-10-07 13:26:56 - evaluator.prediction_analyzer - INFO - _show_single_example:363 -   Metrics: Recall=0.667, Precision=0.100
2025-10-07 13:26:56 - evaluator.prediction_analyzer - INFO - _show_single_example:333 - 
--- Example 2 (next-basket prediction) ---
2025-10-07 13:26:56 - evaluator.prediction_analyzer - INFO - _show_single_example:334 - User ID: 2, Basket ID: 12
2025-10-07 13:26:56 - evaluator.prediction_analyzer - INFO - _show_single_example:338 - Ground Truth (3 items): ['33', '2', '3']
2025-10-07 13:26:56 - evaluator.prediction_analyzer - INFO - _show_single_example:352 - 
Top-5 Predictions:
2025-10-07 13:26:56 - evaluator.prediction_analyzer - INFO - _show_single_example:354 -   Predicted: ['37', '17', '4', '23', '1']
2025-10-07 13:26:56 - evaluator.prediction_analyzer - INFO - _show_single_example:365 -   ✗ No hits in top-5
2025-10-07 13:26:56 - evaluator.prediction_analyzer - INFO - _show_single_example:352 - 
Top-10 Predictions:
2025-10-07 13:26:56 - evaluator.prediction_analyzer - INFO - _show_single_example:354 -   Predicted: ['37', '17', '4', '23', '1', '49', '3', '10', '70', '2']
2025-10-07 13:26:56 - evaluator.prediction_analyzer - INFO - _show_single_example:360 -   ✓ Hits (2): ['3', '2']
2025-10-07 13:26:56 - evaluator.prediction_analyzer - INFO - _show_single_example:363 -   Metrics: Recall=0.667, Precision=0.200
2025-10-07 13:26:56 - evaluator.prediction_analyzer - INFO - _show_single_example:352 - 
Top-20 Predictions:
2025-10-07 13:26:56 - evaluator.prediction_analyzer - INFO - _show_single_example:354 -   Predicted: ['37', '17', '4', '23', '1', '49', '3', '10', '70', '2', '114', '0', '65', '74', '68', '113', '59', '16', '21', '19']
2025-10-07 13:26:56 - evaluator.prediction_analyzer - INFO - _show_single_example:360 -   ✓ Hits (2): ['3', '2']
2025-10-07 13:26:56 - evaluator.prediction_analyzer - INFO - _show_single_example:363 -   Metrics: Recall=0.667, Precision=0.100
2025-10-07 13:26:56 - evaluator.prediction_analyzer - INFO - _show_single_example:333 - 
--- Example 3 (next-basket prediction) ---
2025-10-07 13:26:56 - evaluator.prediction_analyzer - INFO - _show_single_example:334 - User ID: 3, Basket ID: 15
2025-10-07 13:26:56 - evaluator.prediction_analyzer - INFO - _show_single_example:338 - Ground Truth (3 items): ['65', '3', '70']
2025-10-07 13:26:56 - evaluator.prediction_analyzer - INFO - _show_single_example:352 - 
Top-5 Predictions:
2025-10-07 13:26:56 - evaluator.prediction_analyzer - INFO - _show_single_example:354 -   Predicted: ['17', '4', '23', '1', '49']
2025-10-07 13:26:56 - evaluator.prediction_analyzer - INFO - _show_single_example:365 -   ✗ No hits in top-5
2025-10-07 13:26:56 - evaluator.prediction_analyzer - INFO - _show_single_example:352 - 
Top-10 Predictions:
2025-10-07 13:26:56 - evaluator.prediction_analyzer - INFO - _show_single_example:354 -   Predicted: ['17', '4', '23', '1', '49', '22', '3', '10', '70', '2']
2025-10-07 13:26:56 - evaluator.prediction_analyzer - INFO - _show_single_example:360 -   ✓ Hits (2): ['3', '70']
2025-10-07 13:26:56 - evaluator.prediction_analyzer - INFO - _show_single_example:363 -   Metrics: Recall=0.667, Precision=0.200
2025-10-07 13:26:56 - evaluator.prediction_analyzer - INFO - _show_single_example:352 - 
Top-20 Predictions:
2025-10-07 13:26:56 - evaluator.prediction_analyzer - INFO - _show_single_example:354 -   Predicted: ['17', '4', '23', '1', '49', '22', '3', '10', '70', '2', '114', '11', '0', '65', '74', '68', '113', '59', '16', '21']
2025-10-07 13:26:56 - evaluator.prediction_analyzer - INFO - _show_single_example:360 -   ✓ Hits (3): ['3', '70', '65']
2025-10-07 13:26:56 - evaluator.prediction_analyzer - INFO - _show_single_example:363 -   Metrics: Recall=1.000, Precision=0.150
2025-10-07 13:26:56 - evaluator.prediction_analyzer - INFO - show_detailed_examples:327 - ============================================================
2025-10-07 13:26:56 - evaluator.evaluator - INFO - __enter__:121 - Starting: Computing test metrics
2025-10-07 13:26:56 - evaluator.evaluator - INFO - compute_ranking_metrics:559 - === TEST METRICS SUMMARY ===
2025-10-07 13:26:56 - evaluator.evaluator - INFO - compute_ranking_metrics:561 - recall@10: 0.3377
2025-10-07 13:26:56 - evaluator.evaluator - INFO - compute_ranking_metrics:561 - recall@20: 0.4921
2025-10-07 13:26:56 - evaluator.evaluator - INFO - compute_ranking_metrics:561 - ndcg@10: 0.2237
2025-10-07 13:26:56 - evaluator.evaluator - INFO - compute_ranking_metrics:561 - ndcg@20: 0.2656
2025-10-07 13:26:56 - evaluator.evaluator - INFO - compute_ranking_metrics:561 - hit_ratio@10: 0.5868
2025-10-07 13:26:56 - evaluator.evaluator - INFO - compute_ranking_metrics:561 - hit_ratio@20: 0.7575
2025-10-07 13:26:56 - evaluator.evaluator - INFO - compute_ranking_metrics:561 - precision@10: 0.0731
2025-10-07 13:26:56 - evaluator.evaluator - INFO - compute_ranking_metrics:561 - precision@20: 0.0536
2025-10-07 13:26:56 - evaluator.evaluator - INFO - compute_ranking_metrics:562 - ===================================
2025-10-07 13:26:56 - evaluator.evaluator - INFO - __exit__:128 - Completed: Computing test metrics (took 0.08s)
2025-10-07 13:26:56 - trainer.trainer - INFO - _evaluate_with_full_ranking:663 - TEST Loss: 0.5034
2025-10-07 13:26:56 - trainer.trainer - INFO - __exit__:128 - Completed: Evaluation (test) (took 27.29s)
2025-10-07 13:26:56 - trainer.trainer - INFO - _train_epoch:353 - Training metrics computation disabled
2025-10-07 13:26:56 - trainer.trainer - INFO - __enter__:121 - Starting: Training epoch 32
2025-10-07 13:27:30 - trainer.trainer - INFO - __exit__:128 - Completed: Training epoch 32 (took 33.92s)
2025-10-07 13:27:30 - trainer.trainer - INFO - _train_epoch:417 - Computing training ranking metrics from 1668 user-basket pairs
2025-10-07 13:27:35 - evaluator.evaluator - INFO - __enter__:121 - Starting: Computing train metrics
2025-10-07 13:27:35 - evaluator.evaluator - INFO - compute_ranking_metrics:559 - === TRAIN METRICS SUMMARY ===
2025-10-07 13:27:35 - evaluator.evaluator - INFO - compute_ranking_metrics:561 - recall@10: 0.1999
2025-10-07 13:27:35 - evaluator.evaluator - INFO - compute_ranking_metrics:561 - recall@20: 0.3190
2025-10-07 13:27:35 - evaluator.evaluator - INFO - compute_ranking_metrics:561 - ndcg@10: 0.1492
2025-10-07 13:27:35 - evaluator.evaluator - INFO - compute_ranking_metrics:561 - ndcg@20: 0.1882
2025-10-07 13:27:35 - evaluator.evaluator - INFO - compute_ranking_metrics:561 - hit_ratio@10: 0.6259
2025-10-07 13:27:35 - evaluator.evaluator - INFO - compute_ranking_metrics:561 - hit_ratio@20: 0.8297
2025-10-07 13:27:35 - evaluator.evaluator - INFO - compute_ranking_metrics:561 - precision@10: 0.0792
2025-10-07 13:27:35 - evaluator.evaluator - INFO - compute_ranking_metrics:561 - precision@20: 0.0632
2025-10-07 13:27:35 - evaluator.evaluator - INFO - compute_ranking_metrics:562 - ===================================
2025-10-07 13:27:35 - evaluator.evaluator - INFO - __exit__:128 - Completed: Computing train metrics (took 0.08s)
2025-10-07 13:27:35 - trainer.trainer - INFO - _train_epoch:424 - Training metrics computed: ['recall@10', 'recall@20', 'ndcg@10', 'ndcg@20', 'hit_ratio@10', 'hit_ratio@20', 'precision@10', 'precision@20']
2025-10-07 13:27:35 - trainer.trainer - INFO - __enter__:121 - Starting: Evaluation (val)
2025-10-07 13:27:35 - trainer.trainer - INFO - _evaluate_with_full_ranking:546 - Built training item mapping for 1668 users
2025-10-07 13:28:00 - trainer.trainer - INFO - _evaluate_with_full_ranking:578 - Found 1757 unique user-basket pairs for evaluation
2025-10-07 13:28:03 - evaluator.prediction_analyzer - INFO - analyze_predictions:161 - Analyzing predictions for 1757 examples (val mode)
2025-10-07 13:28:03 - evaluator.prediction_analyzer - INFO - __enter__:121 - Starting: Prediction analysis (val)
2025-10-07 13:28:03 - evaluator.prediction_analyzer - INFO - __exit__:128 - Completed: Prediction analysis (val) (took 0.00s)
2025-10-07 13:28:03 - evaluator.prediction_analyzer - INFO - _log_analysis_summary:267 - === PREDICTION ANALYSIS SUMMARY (VAL) ===
2025-10-07 13:28:03 - evaluator.prediction_analyzer - INFO - _log_analysis_summary:276 - Ground truth items per example: avg=2.2, min=1, max=3
2025-10-07 13:28:03 - evaluator.prediction_analyzer - INFO - _log_analysis_summary:282 - Epoch range: 0 - 32
2025-10-07 13:28:03 - evaluator.prediction_analyzer - INFO - _log_analysis_summary:300 - Top-5: avg_hits=0.4, avg_recall=0.177, examples_with_hits=558/1650
2025-10-07 13:28:03 - evaluator.prediction_analyzer - INFO - _log_analysis_summary:300 - Top-10: avg_hits=0.6, avg_recall=0.280, examples_with_hits=797/1650
2025-10-07 13:28:03 - evaluator.prediction_analyzer - INFO - _log_analysis_summary:300 - Top-20: avg_hits=0.9, avg_recall=0.427, examples_with_hits=1091/1650
2025-10-07 13:28:03 - evaluator.prediction_analyzer - INFO - _save_analysis_to_file:382 - Saved prediction analysis to: pytorch_pipeline/outputs/prediction_analysis/predictions_val_grnn_20251007_124143.json
2025-10-07 13:28:03 - evaluator.prediction_analyzer - INFO - _save_summary_statistics:429 - Saved summary statistics to: pytorch_pipeline/outputs/prediction_analysis/summary_val_grnn_20251007_124143.csv
2025-10-07 13:28:03 - evaluator.evaluator - INFO - __enter__:121 - Starting: Computing val metrics
2025-10-07 13:28:03 - evaluator.evaluator - INFO - compute_ranking_metrics:559 - === VAL METRICS SUMMARY ===
2025-10-07 13:28:03 - evaluator.evaluator - INFO - compute_ranking_metrics:561 - recall@10: 0.3336
2025-10-07 13:28:03 - evaluator.evaluator - INFO - compute_ranking_metrics:561 - recall@20: 0.4887
2025-10-07 13:28:03 - evaluator.evaluator - INFO - compute_ranking_metrics:561 - ndcg@10: 0.2205
2025-10-07 13:28:03 - evaluator.evaluator - INFO - compute_ranking_metrics:561 - ndcg@20: 0.2627
2025-10-07 13:28:03 - evaluator.evaluator - INFO - compute_ranking_metrics:561 - hit_ratio@10: 0.5794
2025-10-07 13:28:03 - evaluator.evaluator - INFO - compute_ranking_metrics:561 - hit_ratio@20: 0.7524
2025-10-07 13:28:03 - evaluator.evaluator - INFO - compute_ranking_metrics:561 - precision@10: 0.0722
2025-10-07 13:28:03 - evaluator.evaluator - INFO - compute_ranking_metrics:561 - precision@20: 0.0532
2025-10-07 13:28:03 - evaluator.evaluator - INFO - compute_ranking_metrics:562 - ===================================
2025-10-07 13:28:03 - evaluator.evaluator - INFO - __exit__:128 - Completed: Computing val metrics (took 0.08s)
2025-10-07 13:28:03 - trainer.trainer - INFO - _evaluate_with_full_ranking:663 - VAL Loss: 0.5158
2025-10-07 13:28:03 - trainer.trainer - INFO - __exit__:128 - Completed: Evaluation (val) (took 27.68s)
2025-10-07 13:28:03 - trainer.trainer - INFO - log_training_metrics:163 - Epoch  32 [combined] - train_loss: 0.5819 | train_recall@10: 0.1999 | train_recall@20: 0.3190 | train_ndcg@10: 0.1492 | train_ndcg@20: 0.1882 | train_hit_ratio@10: 0.6259 | train_hit_ratio@20: 0.8297 | train_precision@10: 0.0792 | train_precision@20: 0.0632 | recall@10: 0.3336 | recall@20: 0.4887 | ndcg@10: 0.2205 | ndcg@20: 0.2627 | hit_ratio@10: 0.5794 | hit_ratio@20: 0.7524 | precision@10: 0.0722 | precision@20: 0.0532 | val_loss: 0.5158
2025-10-07 13:28:03 - trainer.trainer - INFO - __enter__:121 - Starting: Evaluation (test)
2025-10-07 13:28:03 - trainer.trainer - INFO - _evaluate_with_full_ranking:546 - Built training item mapping for 1668 users
2025-10-07 13:28:27 - trainer.trainer - INFO - _evaluate_with_full_ranking:578 - Found 1757 unique user-basket pairs for evaluation
2025-10-07 13:28:30 - evaluator.prediction_analyzer - INFO - analyze_predictions:161 - Analyzing predictions for 1757 examples (test mode)
2025-10-07 13:28:30 - evaluator.prediction_analyzer - INFO - __enter__:121 - Starting: Prediction analysis (test)
2025-10-07 13:28:30 - evaluator.prediction_analyzer - INFO - __exit__:128 - Completed: Prediction analysis (test) (took 0.00s)
2025-10-07 13:28:30 - evaluator.prediction_analyzer - INFO - _log_analysis_summary:267 - === PREDICTION ANALYSIS SUMMARY (TEST) ===
2025-10-07 13:28:30 - evaluator.prediction_analyzer - INFO - _log_analysis_summary:276 - Ground truth items per example: avg=2.2, min=1, max=3
2025-10-07 13:28:30 - evaluator.prediction_analyzer - INFO - _log_analysis_summary:282 - Epoch range: 10 - 32
2025-10-07 13:28:30 - evaluator.prediction_analyzer - INFO - _log_analysis_summary:300 - Top-5: avg_hits=0.5, avg_recall=0.229, examples_with_hits=502/1150
2025-10-07 13:28:30 - evaluator.prediction_analyzer - INFO - _log_analysis_summary:300 - Top-10: avg_hits=0.7, avg_recall=0.339, examples_with_hits=661/1150
2025-10-07 13:28:30 - evaluator.prediction_analyzer - INFO - _log_analysis_summary:300 - Top-20: avg_hits=1.0, avg_recall=0.488, examples_with_hits=846/1150
2025-10-07 13:28:30 - evaluator.prediction_analyzer - INFO - _save_analysis_to_file:382 - Saved prediction analysis to: pytorch_pipeline/outputs/prediction_analysis/predictions_test_grnn_20251007_124143.json
2025-10-07 13:28:30 - evaluator.prediction_analyzer - INFO - _save_summary_statistics:429 - Saved summary statistics to: pytorch_pipeline/outputs/prediction_analysis/summary_test_grnn_20251007_124143.csv
2025-10-07 13:28:30 - evaluator.prediction_analyzer - INFO - show_detailed_examples:321 - === DETAILED PREDICTION EXAMPLES (TEST) ===
2025-10-07 13:28:30 - evaluator.prediction_analyzer - INFO - _show_single_example:333 - 
--- Example 1 (next-basket prediction) ---
2025-10-07 13:28:30 - evaluator.prediction_analyzer - INFO - _show_single_example:334 - User ID: 0, Basket ID: 3
2025-10-07 13:28:30 - evaluator.prediction_analyzer - INFO - _show_single_example:338 - Ground Truth (3 items): ['0', '64', '4']
2025-10-07 13:28:30 - evaluator.prediction_analyzer - INFO - _show_single_example:352 - 
Top-5 Predictions:
2025-10-07 13:28:30 - evaluator.prediction_analyzer - INFO - _show_single_example:354 -   Predicted: ['37', '17', '4', '23', '49']
2025-10-07 13:28:30 - evaluator.prediction_analyzer - INFO - _show_single_example:360 -   ✓ Hits (1): ['4']
2025-10-07 13:28:30 - evaluator.prediction_analyzer - INFO - _show_single_example:363 -   Metrics: Recall=0.333, Precision=0.200
2025-10-07 13:28:30 - evaluator.prediction_analyzer - INFO - _show_single_example:352 - 
Top-10 Predictions:
2025-10-07 13:28:30 - evaluator.prediction_analyzer - INFO - _show_single_example:354 -   Predicted: ['37', '17', '4', '23', '49', '22', '3', '10', '70', '2']
2025-10-07 13:28:30 - evaluator.prediction_analyzer - INFO - _show_single_example:360 -   ✓ Hits (1): ['4']
2025-10-07 13:28:30 - evaluator.prediction_analyzer - INFO - _show_single_example:363 -   Metrics: Recall=0.333, Precision=0.100
2025-10-07 13:28:30 - evaluator.prediction_analyzer - INFO - _show_single_example:352 - 
Top-20 Predictions:
2025-10-07 13:28:30 - evaluator.prediction_analyzer - INFO - _show_single_example:354 -   Predicted: ['37', '17', '4', '23', '49', '22', '3', '10', '70', '2', '114', '11', '0', '65', '74', '68', '113', '59', '16', '21']
2025-10-07 13:28:30 - evaluator.prediction_analyzer - INFO - _show_single_example:360 -   ✓ Hits (2): ['4', '0']
2025-10-07 13:28:30 - evaluator.prediction_analyzer - INFO - _show_single_example:363 -   Metrics: Recall=0.667, Precision=0.100
2025-10-07 13:28:30 - evaluator.prediction_analyzer - INFO - _show_single_example:333 - 
--- Example 2 (next-basket prediction) ---
2025-10-07 13:28:30 - evaluator.prediction_analyzer - INFO - _show_single_example:334 - User ID: 2, Basket ID: 12
2025-10-07 13:28:30 - evaluator.prediction_analyzer - INFO - _show_single_example:338 - Ground Truth (3 items): ['33', '2', '3']
2025-10-07 13:28:30 - evaluator.prediction_analyzer - INFO - _show_single_example:352 - 
Top-5 Predictions:
2025-10-07 13:28:30 - evaluator.prediction_analyzer - INFO - _show_single_example:354 -   Predicted: ['37', '17', '4', '23', '1']
2025-10-07 13:28:30 - evaluator.prediction_analyzer - INFO - _show_single_example:365 -   ✗ No hits in top-5
2025-10-07 13:28:30 - evaluator.prediction_analyzer - INFO - _show_single_example:352 - 
Top-10 Predictions:
2025-10-07 13:28:30 - evaluator.prediction_analyzer - INFO - _show_single_example:354 -   Predicted: ['37', '17', '4', '23', '1', '49', '3', '10', '70', '2']
2025-10-07 13:28:30 - evaluator.prediction_analyzer - INFO - _show_single_example:360 -   ✓ Hits (2): ['3', '2']
2025-10-07 13:28:30 - evaluator.prediction_analyzer - INFO - _show_single_example:363 -   Metrics: Recall=0.667, Precision=0.200
2025-10-07 13:28:30 - evaluator.prediction_analyzer - INFO - _show_single_example:352 - 
Top-20 Predictions:
2025-10-07 13:28:30 - evaluator.prediction_analyzer - INFO - _show_single_example:354 -   Predicted: ['37', '17', '4', '23', '1', '49', '3', '10', '70', '2', '114', '0', '65', '74', '68', '113', '59', '16', '21', '19']
2025-10-07 13:28:30 - evaluator.prediction_analyzer - INFO - _show_single_example:360 -   ✓ Hits (2): ['3', '2']
2025-10-07 13:28:30 - evaluator.prediction_analyzer - INFO - _show_single_example:363 -   Metrics: Recall=0.667, Precision=0.100
2025-10-07 13:28:30 - evaluator.prediction_analyzer - INFO - _show_single_example:333 - 
--- Example 3 (next-basket prediction) ---
2025-10-07 13:28:30 - evaluator.prediction_analyzer - INFO - _show_single_example:334 - User ID: 3, Basket ID: 15
2025-10-07 13:28:30 - evaluator.prediction_analyzer - INFO - _show_single_example:338 - Ground Truth (3 items): ['65', '3', '70']
2025-10-07 13:28:30 - evaluator.prediction_analyzer - INFO - _show_single_example:352 - 
Top-5 Predictions:
2025-10-07 13:28:30 - evaluator.prediction_analyzer - INFO - _show_single_example:354 -   Predicted: ['17', '4', '23', '1', '49']
2025-10-07 13:28:30 - evaluator.prediction_analyzer - INFO - _show_single_example:365 -   ✗ No hits in top-5
2025-10-07 13:28:30 - evaluator.prediction_analyzer - INFO - _show_single_example:352 - 
Top-10 Predictions:
2025-10-07 13:28:30 - evaluator.prediction_analyzer - INFO - _show_single_example:354 -   Predicted: ['17', '4', '23', '1', '49', '22', '3', '10', '70', '2']
2025-10-07 13:28:30 - evaluator.prediction_analyzer - INFO - _show_single_example:360 -   ✓ Hits (2): ['3', '70']
2025-10-07 13:28:30 - evaluator.prediction_analyzer - INFO - _show_single_example:363 -   Metrics: Recall=0.667, Precision=0.200
2025-10-07 13:28:30 - evaluator.prediction_analyzer - INFO - _show_single_example:352 - 
Top-20 Predictions:
2025-10-07 13:28:30 - evaluator.prediction_analyzer - INFO - _show_single_example:354 -   Predicted: ['17', '4', '23', '1', '49', '22', '3', '10', '70', '2', '114', '11', '0', '65', '74', '68', '113', '59', '16', '21']
2025-10-07 13:28:30 - evaluator.prediction_analyzer - INFO - _show_single_example:360 -   ✓ Hits (3): ['3', '70', '65']
2025-10-07 13:28:30 - evaluator.prediction_analyzer - INFO - _show_single_example:363 -   Metrics: Recall=1.000, Precision=0.150
2025-10-07 13:28:30 - evaluator.prediction_analyzer - INFO - show_detailed_examples:327 - ============================================================
2025-10-07 13:28:30 - evaluator.evaluator - INFO - __enter__:121 - Starting: Computing test metrics
2025-10-07 13:28:30 - evaluator.evaluator - INFO - compute_ranking_metrics:559 - === TEST METRICS SUMMARY ===
2025-10-07 13:28:30 - evaluator.evaluator - INFO - compute_ranking_metrics:561 - recall@10: 0.3348
2025-10-07 13:28:30 - evaluator.evaluator - INFO - compute_ranking_metrics:561 - recall@20: 0.4888
2025-10-07 13:28:30 - evaluator.evaluator - INFO - compute_ranking_metrics:561 - ndcg@10: 0.2209
2025-10-07 13:28:30 - evaluator.evaluator - INFO - compute_ranking_metrics:561 - ndcg@20: 0.2628
2025-10-07 13:28:30 - evaluator.evaluator - INFO - compute_ranking_metrics:561 - hit_ratio@10: 0.5805
2025-10-07 13:28:30 - evaluator.evaluator - INFO - compute_ranking_metrics:561 - hit_ratio@20: 0.7518
2025-10-07 13:28:30 - evaluator.evaluator - INFO - compute_ranking_metrics:561 - precision@10: 0.0725
2025-10-07 13:28:30 - evaluator.evaluator - INFO - compute_ranking_metrics:561 - precision@20: 0.0532
2025-10-07 13:28:30 - evaluator.evaluator - INFO - compute_ranking_metrics:562 - ===================================
2025-10-07 13:28:30 - evaluator.evaluator - INFO - __exit__:128 - Completed: Computing test metrics (took 0.08s)
2025-10-07 13:28:30 - trainer.trainer - INFO - _evaluate_with_full_ranking:663 - TEST Loss: 0.5111
2025-10-07 13:28:30 - trainer.trainer - INFO - __exit__:128 - Completed: Evaluation (test) (took 27.16s)
2025-10-07 13:28:30 - trainer.trainer - INFO - _train_epoch:353 - Training metrics computation disabled
2025-10-07 13:28:30 - trainer.trainer - INFO - __enter__:121 - Starting: Training epoch 33
2025-10-07 13:44:06 - trainer.trainer - INFO - __exit__:128 - Completed: Training epoch 33 (took 936.35s)
2025-10-07 13:44:06 - trainer.trainer - INFO - _train_epoch:417 - Computing training ranking metrics from 1668 user-basket pairs
2025-10-07 13:44:22 - evaluator.evaluator - INFO - __enter__:121 - Starting: Computing train metrics
2025-10-07 13:44:22 - evaluator.evaluator - INFO - compute_ranking_metrics:559 - === TRAIN METRICS SUMMARY ===
2025-10-07 13:44:22 - evaluator.evaluator - INFO - compute_ranking_metrics:561 - recall@10: 0.2002
2025-10-07 13:44:22 - evaluator.evaluator - INFO - compute_ranking_metrics:561 - recall@20: 0.3202
2025-10-07 13:44:22 - evaluator.evaluator - INFO - compute_ranking_metrics:561 - ndcg@10: 0.1496
2025-10-07 13:44:22 - evaluator.evaluator - INFO - compute_ranking_metrics:561 - ndcg@20: 0.1889
2025-10-07 13:44:22 - evaluator.evaluator - INFO - compute_ranking_metrics:561 - hit_ratio@10: 0.6259
2025-10-07 13:44:22 - evaluator.evaluator - INFO - compute_ranking_metrics:561 - hit_ratio@20: 0.8309
2025-10-07 13:44:22 - evaluator.evaluator - INFO - compute_ranking_metrics:561 - precision@10: 0.0793
2025-10-07 13:44:22 - evaluator.evaluator - INFO - compute_ranking_metrics:561 - precision@20: 0.0635
2025-10-07 13:44:22 - evaluator.evaluator - INFO - compute_ranking_metrics:562 - ===================================
2025-10-07 13:44:22 - evaluator.evaluator - INFO - __exit__:128 - Completed: Computing train metrics (took 0.08s)
2025-10-07 13:44:22 - trainer.trainer - INFO - _train_epoch:424 - Training metrics computed: ['recall@10', 'recall@20', 'ndcg@10', 'ndcg@20', 'hit_ratio@10', 'hit_ratio@20', 'precision@10', 'precision@20']
2025-10-07 13:44:22 - trainer.trainer - INFO - __enter__:121 - Starting: Evaluation (val)
2025-10-07 13:44:22 - trainer.trainer - INFO - _evaluate_with_full_ranking:546 - Built training item mapping for 1668 users
2025-10-07 13:51:17 - trainer.trainer - INFO - _evaluate_with_full_ranking:578 - Found 1757 unique user-basket pairs for evaluation
2025-10-07 13:51:24 - evaluator.prediction_analyzer - INFO - analyze_predictions:161 - Analyzing predictions for 1757 examples (val mode)
2025-10-07 13:51:24 - evaluator.prediction_analyzer - INFO - __enter__:121 - Starting: Prediction analysis (val)
2025-10-07 13:51:24 - evaluator.prediction_analyzer - INFO - __exit__:128 - Completed: Prediction analysis (val) (took 0.00s)
2025-10-07 13:51:24 - evaluator.prediction_analyzer - INFO - _log_analysis_summary:267 - === PREDICTION ANALYSIS SUMMARY (VAL) ===
2025-10-07 13:51:24 - evaluator.prediction_analyzer - INFO - _log_analysis_summary:276 - Ground truth items per example: avg=2.2, min=1, max=3
2025-10-07 13:51:24 - evaluator.prediction_analyzer - INFO - _log_analysis_summary:282 - Epoch range: 0 - 33
2025-10-07 13:51:24 - evaluator.prediction_analyzer - INFO - _log_analysis_summary:300 - Top-5: avg_hits=0.4, avg_recall=0.179, examples_with_hits=580/1700
2025-10-07 13:51:24 - evaluator.prediction_analyzer - INFO - _log_analysis_summary:300 - Top-10: avg_hits=0.6, avg_recall=0.282, examples_with_hits=826/1700
2025-10-07 13:51:24 - evaluator.prediction_analyzer - INFO - _log_analysis_summary:300 - Top-20: avg_hits=0.9, avg_recall=0.428, examples_with_hits=1126/1700
2025-10-07 13:51:25 - evaluator.prediction_analyzer - INFO - _save_analysis_to_file:382 - Saved prediction analysis to: pytorch_pipeline/outputs/prediction_analysis/predictions_val_grnn_20251007_124143.json
2025-10-07 13:51:25 - evaluator.prediction_analyzer - INFO - _save_summary_statistics:429 - Saved summary statistics to: pytorch_pipeline/outputs/prediction_analysis/summary_val_grnn_20251007_124143.csv
2025-10-07 13:51:25 - evaluator.evaluator - INFO - __enter__:121 - Starting: Computing val metrics
2025-10-07 13:52:12 - evaluator.evaluator - INFO - compute_ranking_metrics:559 - === VAL METRICS SUMMARY ===
2025-10-07 13:52:12 - evaluator.evaluator - INFO - compute_ranking_metrics:561 - recall@10: 0.3309
2025-10-07 13:52:12 - evaluator.evaluator - INFO - compute_ranking_metrics:561 - recall@20: 0.4873
2025-10-07 13:52:12 - evaluator.evaluator - INFO - compute_ranking_metrics:561 - ndcg@10: 0.2199
2025-10-07 13:52:12 - evaluator.evaluator - INFO - compute_ranking_metrics:561 - ndcg@20: 0.2624
2025-10-07 13:52:12 - evaluator.evaluator - INFO - compute_ranking_metrics:561 - hit_ratio@10: 0.5754
2025-10-07 13:52:12 - evaluator.evaluator - INFO - compute_ranking_metrics:561 - hit_ratio@20: 0.7507
2025-10-07 13:52:12 - evaluator.evaluator - INFO - compute_ranking_metrics:561 - precision@10: 0.0717
2025-10-07 13:52:12 - evaluator.evaluator - INFO - compute_ranking_metrics:561 - precision@20: 0.0530
2025-10-07 13:52:12 - evaluator.evaluator - INFO - compute_ranking_metrics:562 - ===================================
2025-10-07 13:52:12 - evaluator.evaluator - INFO - __exit__:128 - Completed: Computing val metrics (took 47.11s)
2025-10-07 13:52:12 - trainer.trainer - INFO - _evaluate_with_full_ranking:663 - VAL Loss: 0.5074
2025-10-07 13:52:12 - trainer.trainer - INFO - __exit__:128 - Completed: Evaluation (val) (took 469.83s)
2025-10-07 13:52:12 - trainer.trainer - INFO - log_training_metrics:163 - Epoch  33 [combined] - train_loss: 0.5789 | train_recall@10: 0.2002 | train_recall@20: 0.3202 | train_ndcg@10: 0.1496 | train_ndcg@20: 0.1889 | train_hit_ratio@10: 0.6259 | train_hit_ratio@20: 0.8309 | train_precision@10: 0.0793 | train_precision@20: 0.0635 | recall@10: 0.3309 | recall@20: 0.4873 | ndcg@10: 0.2199 | ndcg@20: 0.2624 | hit_ratio@10: 0.5754 | hit_ratio@20: 0.7507 | precision@10: 0.0717 | precision@20: 0.0530 | val_loss: 0.5074
2025-10-07 13:52:12 - trainer.trainer - INFO - __enter__:121 - Starting: Evaluation (test)
2025-10-07 13:52:12 - trainer.trainer - INFO - _evaluate_with_full_ranking:546 - Built training item mapping for 1668 users
2025-10-07 13:52:47 - trainer.trainer - INFO - _evaluate_with_full_ranking:578 - Found 1757 unique user-basket pairs for evaluation
2025-10-07 13:53:02 - evaluator.prediction_analyzer - INFO - analyze_predictions:161 - Analyzing predictions for 1757 examples (test mode)
2025-10-07 13:53:02 - evaluator.prediction_analyzer - INFO - __enter__:121 - Starting: Prediction analysis (test)
2025-10-07 13:53:02 - evaluator.prediction_analyzer - INFO - __exit__:128 - Completed: Prediction analysis (test) (took 0.00s)
2025-10-07 13:53:02 - evaluator.prediction_analyzer - INFO - _log_analysis_summary:267 - === PREDICTION ANALYSIS SUMMARY (TEST) ===
2025-10-07 13:53:02 - evaluator.prediction_analyzer - INFO - _log_analysis_summary:276 - Ground truth items per example: avg=2.2, min=1, max=3
2025-10-07 13:53:02 - evaluator.prediction_analyzer - INFO - _log_analysis_summary:282 - Epoch range: 10 - 33
2025-10-07 13:53:02 - evaluator.prediction_analyzer - INFO - _log_analysis_summary:300 - Top-5: avg_hits=0.5, avg_recall=0.229, examples_with_hits=524/1200
2025-10-07 13:53:02 - evaluator.prediction_analyzer - INFO - _log_analysis_summary:300 - Top-10: avg_hits=0.7, avg_recall=0.339, examples_with_hits=690/1200
2025-10-07 13:53:02 - evaluator.prediction_analyzer - INFO - _log_analysis_summary:300 - Top-20: avg_hits=1.0, avg_recall=0.487, examples_with_hits=882/1200
2025-10-07 13:53:02 - evaluator.prediction_analyzer - INFO - _save_analysis_to_file:382 - Saved prediction analysis to: pytorch_pipeline/outputs/prediction_analysis/predictions_test_grnn_20251007_124143.json
2025-10-07 13:53:02 - evaluator.prediction_analyzer - INFO - _save_summary_statistics:429 - Saved summary statistics to: pytorch_pipeline/outputs/prediction_analysis/summary_test_grnn_20251007_124143.csv
2025-10-07 13:53:02 - evaluator.prediction_analyzer - INFO - show_detailed_examples:321 - === DETAILED PREDICTION EXAMPLES (TEST) ===
2025-10-07 13:53:02 - evaluator.prediction_analyzer - INFO - _show_single_example:333 - 
--- Example 1 (next-basket prediction) ---
2025-10-07 13:53:02 - evaluator.prediction_analyzer - INFO - _show_single_example:334 - User ID: 0, Basket ID: 3
2025-10-07 13:53:02 - evaluator.prediction_analyzer - INFO - _show_single_example:338 - Ground Truth (3 items): ['0', '64', '4']
2025-10-07 13:53:02 - evaluator.prediction_analyzer - INFO - _show_single_example:352 - 
Top-5 Predictions:
2025-10-07 13:53:02 - evaluator.prediction_analyzer - INFO - _show_single_example:354 -   Predicted: ['37', '17', '4', '23', '49']
2025-10-07 13:53:02 - evaluator.prediction_analyzer - INFO - _show_single_example:360 -   ✓ Hits (1): ['4']
2025-10-07 13:53:02 - evaluator.prediction_analyzer - INFO - _show_single_example:363 -   Metrics: Recall=0.333, Precision=0.200
2025-10-07 13:53:02 - evaluator.prediction_analyzer - INFO - _show_single_example:352 - 
Top-10 Predictions:
2025-10-07 13:53:02 - evaluator.prediction_analyzer - INFO - _show_single_example:354 -   Predicted: ['37', '17', '4', '23', '49', '22', '3', '10', '70', '2']
2025-10-07 13:53:02 - evaluator.prediction_analyzer - INFO - _show_single_example:360 -   ✓ Hits (1): ['4']
2025-10-07 13:53:02 - evaluator.prediction_analyzer - INFO - _show_single_example:363 -   Metrics: Recall=0.333, Precision=0.100
2025-10-07 13:53:02 - evaluator.prediction_analyzer - INFO - _show_single_example:352 - 
Top-20 Predictions:
2025-10-07 13:53:02 - evaluator.prediction_analyzer - INFO - _show_single_example:354 -   Predicted: ['37', '17', '4', '23', '49', '22', '3', '10', '70', '2', '114', '11', '0', '65', '74', '68', '113', '59', '16', '21']
2025-10-07 13:53:02 - evaluator.prediction_analyzer - INFO - _show_single_example:360 -   ✓ Hits (2): ['4', '0']
2025-10-07 13:53:02 - evaluator.prediction_analyzer - INFO - _show_single_example:363 -   Metrics: Recall=0.667, Precision=0.100
2025-10-07 13:53:02 - evaluator.prediction_analyzer - INFO - _show_single_example:333 - 
--- Example 2 (next-basket prediction) ---
2025-10-07 13:53:02 - evaluator.prediction_analyzer - INFO - _show_single_example:334 - User ID: 2, Basket ID: 12
2025-10-07 13:53:02 - evaluator.prediction_analyzer - INFO - _show_single_example:338 - Ground Truth (3 items): ['33', '2', '3']
2025-10-07 13:53:02 - evaluator.prediction_analyzer - INFO - _show_single_example:352 - 
Top-5 Predictions:
2025-10-07 13:53:02 - evaluator.prediction_analyzer - INFO - _show_single_example:354 -   Predicted: ['37', '17', '4', '23', '1']
2025-10-07 13:53:02 - evaluator.prediction_analyzer - INFO - _show_single_example:365 -   ✗ No hits in top-5
2025-10-07 13:53:02 - evaluator.prediction_analyzer - INFO - _show_single_example:352 - 
Top-10 Predictions:
2025-10-07 13:53:02 - evaluator.prediction_analyzer - INFO - _show_single_example:354 -   Predicted: ['37', '17', '4', '23', '1', '49', '3', '10', '70', '2']
2025-10-07 13:53:02 - evaluator.prediction_analyzer - INFO - _show_single_example:360 -   ✓ Hits (2): ['3', '2']
2025-10-07 13:53:02 - evaluator.prediction_analyzer - INFO - _show_single_example:363 -   Metrics: Recall=0.667, Precision=0.200
2025-10-07 13:53:02 - evaluator.prediction_analyzer - INFO - _show_single_example:352 - 
Top-20 Predictions:
2025-10-07 13:53:02 - evaluator.prediction_analyzer - INFO - _show_single_example:354 -   Predicted: ['37', '17', '4', '23', '1', '49', '3', '10', '70', '2', '114', '0', '65', '74', '68', '113', '59', '16', '21', '19']
2025-10-07 13:53:02 - evaluator.prediction_analyzer - INFO - _show_single_example:360 -   ✓ Hits (2): ['3', '2']
2025-10-07 13:53:02 - evaluator.prediction_analyzer - INFO - _show_single_example:363 -   Metrics: Recall=0.667, Precision=0.100
2025-10-07 13:53:02 - evaluator.prediction_analyzer - INFO - _show_single_example:333 - 
--- Example 3 (next-basket prediction) ---
2025-10-07 13:53:02 - evaluator.prediction_analyzer - INFO - _show_single_example:334 - User ID: 3, Basket ID: 15
2025-10-07 13:53:02 - evaluator.prediction_analyzer - INFO - _show_single_example:338 - Ground Truth (3 items): ['65', '3', '70']
2025-10-07 13:53:02 - evaluator.prediction_analyzer - INFO - _show_single_example:352 - 
Top-5 Predictions:
2025-10-07 13:53:02 - evaluator.prediction_analyzer - INFO - _show_single_example:354 -   Predicted: ['17', '4', '23', '1', '49']
2025-10-07 13:53:02 - evaluator.prediction_analyzer - INFO - _show_single_example:365 -   ✗ No hits in top-5
2025-10-07 13:53:02 - evaluator.prediction_analyzer - INFO - _show_single_example:352 - 
Top-10 Predictions:
2025-10-07 13:53:02 - evaluator.prediction_analyzer - INFO - _show_single_example:354 -   Predicted: ['17', '4', '23', '1', '49', '22', '3', '10', '70', '2']
2025-10-07 13:53:02 - evaluator.prediction_analyzer - INFO - _show_single_example:360 -   ✓ Hits (2): ['3', '70']
2025-10-07 13:53:02 - evaluator.prediction_analyzer - INFO - _show_single_example:363 -   Metrics: Recall=0.667, Precision=0.200
2025-10-07 13:53:02 - evaluator.prediction_analyzer - INFO - _show_single_example:352 - 
Top-20 Predictions:
2025-10-07 13:53:02 - evaluator.prediction_analyzer - INFO - _show_single_example:354 -   Predicted: ['17', '4', '23', '1', '49', '22', '3', '10', '70', '2', '114', '11', '0', '65', '74', '68', '113', '59', '16', '21']
2025-10-07 13:53:02 - evaluator.prediction_analyzer - INFO - _show_single_example:360 -   ✓ Hits (3): ['3', '70', '65']
2025-10-07 13:53:02 - evaluator.prediction_analyzer - INFO - _show_single_example:363 -   Metrics: Recall=1.000, Precision=0.150
2025-10-07 13:53:02 - evaluator.prediction_analyzer - INFO - show_detailed_examples:327 - ============================================================
2025-10-07 13:53:02 - evaluator.evaluator - INFO - __enter__:121 - Starting: Computing test metrics
2025-10-07 13:53:02 - evaluator.evaluator - INFO - compute_ranking_metrics:559 - === TEST METRICS SUMMARY ===
2025-10-07 13:53:02 - evaluator.evaluator - INFO - compute_ranking_metrics:561 - recall@10: 0.3294
2025-10-07 13:53:02 - evaluator.evaluator - INFO - compute_ranking_metrics:561 - recall@20: 0.4859
2025-10-07 13:53:02 - evaluator.evaluator - INFO - compute_ranking_metrics:561 - ndcg@10: 0.2192
2025-10-07 13:53:02 - evaluator.evaluator - INFO - compute_ranking_metrics:561 - ndcg@20: 0.2617
2025-10-07 13:53:02 - evaluator.evaluator - INFO - compute_ranking_metrics:561 - hit_ratio@10: 0.5748
2025-10-07 13:53:02 - evaluator.evaluator - INFO - compute_ranking_metrics:561 - hit_ratio@20: 0.7490
2025-10-07 13:53:02 - evaluator.evaluator - INFO - compute_ranking_metrics:561 - precision@10: 0.0714
2025-10-07 13:53:02 - evaluator.evaluator - INFO - compute_ranking_metrics:561 - precision@20: 0.0529
2025-10-07 13:53:02 - evaluator.evaluator - INFO - compute_ranking_metrics:562 - ===================================
2025-10-07 13:53:02 - evaluator.evaluator - INFO - __exit__:128 - Completed: Computing test metrics (took 0.08s)
2025-10-07 13:53:02 - trainer.trainer - INFO - _evaluate_with_full_ranking:663 - TEST Loss: 0.5062
2025-10-07 13:53:02 - trainer.trainer - INFO - __exit__:128 - Completed: Evaluation (test) (took 50.06s)
2025-10-07 13:53:02 - trainer.trainer - INFO - _train_epoch:353 - Training metrics computation disabled
2025-10-07 13:53:02 - trainer.trainer - INFO - __enter__:121 - Starting: Training epoch 34
2025-10-07 14:03:31 - trainer.trainer - INFO - __exit__:128 - Completed: Training epoch 34 (took 629.34s)
2025-10-07 14:03:31 - trainer.trainer - INFO - _train_epoch:417 - Computing training ranking metrics from 1668 user-basket pairs
2025-10-07 14:11:17 - evaluator.evaluator - INFO - __enter__:121 - Starting: Computing train metrics
2025-10-07 14:11:17 - evaluator.evaluator - INFO - compute_ranking_metrics:559 - === TRAIN METRICS SUMMARY ===
2025-10-07 14:11:17 - evaluator.evaluator - INFO - compute_ranking_metrics:561 - recall@10: 0.2004
2025-10-07 14:11:17 - evaluator.evaluator - INFO - compute_ranking_metrics:561 - recall@20: 0.3198
2025-10-07 14:11:17 - evaluator.evaluator - INFO - compute_ranking_metrics:561 - ndcg@10: 0.1495
2025-10-07 14:11:17 - evaluator.evaluator - INFO - compute_ranking_metrics:561 - ndcg@20: 0.1886
2025-10-07 14:11:17 - evaluator.evaluator - INFO - compute_ranking_metrics:561 - hit_ratio@10: 0.6253
2025-10-07 14:11:17 - evaluator.evaluator - INFO - compute_ranking_metrics:561 - hit_ratio@20: 0.8303
2025-10-07 14:11:17 - evaluator.evaluator - INFO - compute_ranking_metrics:561 - precision@10: 0.0792
2025-10-07 14:11:17 - evaluator.evaluator - INFO - compute_ranking_metrics:561 - precision@20: 0.0633
2025-10-07 14:11:17 - evaluator.evaluator - INFO - compute_ranking_metrics:562 - ===================================
2025-10-07 14:11:17 - evaluator.evaluator - INFO - __exit__:128 - Completed: Computing train metrics (took 0.11s)
2025-10-07 14:11:17 - trainer.trainer - INFO - _train_epoch:424 - Training metrics computed: ['recall@10', 'recall@20', 'ndcg@10', 'ndcg@20', 'hit_ratio@10', 'hit_ratio@20', 'precision@10', 'precision@20']
2025-10-07 14:11:17 - trainer.trainer - INFO - __enter__:121 - Starting: Evaluation (val)
2025-10-07 14:11:17 - trainer.trainer - INFO - _evaluate_with_full_ranking:546 - Built training item mapping for 1668 users
2025-10-07 14:31:18 - trainer.trainer - INFO - _evaluate_with_full_ranking:578 - Found 1757 unique user-basket pairs for evaluation
2025-10-07 14:31:27 - evaluator.prediction_analyzer - INFO - analyze_predictions:161 - Analyzing predictions for 1757 examples (val mode)
2025-10-07 14:31:27 - evaluator.prediction_analyzer - INFO - __enter__:121 - Starting: Prediction analysis (val)
2025-10-07 14:31:27 - evaluator.prediction_analyzer - INFO - __exit__:128 - Completed: Prediction analysis (val) (took 0.00s)
2025-10-07 14:31:27 - evaluator.prediction_analyzer - INFO - _log_analysis_summary:267 - === PREDICTION ANALYSIS SUMMARY (VAL) ===
2025-10-07 14:31:27 - evaluator.prediction_analyzer - INFO - _log_analysis_summary:276 - Ground truth items per example: avg=2.2, min=1, max=3
2025-10-07 14:31:27 - evaluator.prediction_analyzer - INFO - _log_analysis_summary:282 - Epoch range: 0 - 34
2025-10-07 14:31:27 - evaluator.prediction_analyzer - INFO - _log_analysis_summary:300 - Top-5: avg_hits=0.4, avg_recall=0.180, examples_with_hits=602/1750
2025-10-07 14:31:27 - evaluator.prediction_analyzer - INFO - _log_analysis_summary:300 - Top-10: avg_hits=0.6, avg_recall=0.283, examples_with_hits=854/1750
2025-10-07 14:31:27 - evaluator.prediction_analyzer - INFO - _log_analysis_summary:300 - Top-20: avg_hits=0.9, avg_recall=0.430, examples_with_hits=1162/1750
2025-10-07 14:31:27 - evaluator.prediction_analyzer - INFO - _save_analysis_to_file:382 - Saved prediction analysis to: pytorch_pipeline/outputs/prediction_analysis/predictions_val_grnn_20251007_124143.json
2025-10-07 14:31:27 - evaluator.prediction_analyzer - INFO - _save_summary_statistics:429 - Saved summary statistics to: pytorch_pipeline/outputs/prediction_analysis/summary_val_grnn_20251007_124143.csv
2025-10-07 14:31:27 - evaluator.evaluator - INFO - __enter__:121 - Starting: Computing val metrics
2025-10-07 14:31:27 - evaluator.evaluator - INFO - compute_ranking_metrics:559 - === VAL METRICS SUMMARY ===
2025-10-07 14:31:27 - evaluator.evaluator - INFO - compute_ranking_metrics:561 - recall@10: 0.3277
2025-10-07 14:31:27 - evaluator.evaluator - INFO - compute_ranking_metrics:561 - recall@20: 0.4822
2025-10-07 14:31:27 - evaluator.evaluator - INFO - compute_ranking_metrics:561 - ndcg@10: 0.2177
2025-10-07 14:31:27 - evaluator.evaluator - INFO - compute_ranking_metrics:561 - ndcg@20: 0.2597
2025-10-07 14:31:27 - evaluator.evaluator - INFO - compute_ranking_metrics:561 - hit_ratio@10: 0.5703
2025-10-07 14:31:27 - evaluator.evaluator - INFO - compute_ranking_metrics:561 - hit_ratio@20: 0.7427
2025-10-07 14:31:27 - evaluator.evaluator - INFO - compute_ranking_metrics:561 - precision@10: 0.0709
2025-10-07 14:31:27 - evaluator.evaluator - INFO - compute_ranking_metrics:561 - precision@20: 0.0524
2025-10-07 14:31:27 - evaluator.evaluator - INFO - compute_ranking_metrics:562 - ===================================
2025-10-07 14:31:27 - evaluator.evaluator - INFO - __exit__:128 - Completed: Computing val metrics (took 0.08s)
2025-10-07 14:31:27 - trainer.trainer - INFO - _evaluate_with_full_ranking:663 - VAL Loss: 0.5099
2025-10-07 14:31:27 - trainer.trainer - INFO - __exit__:128 - Completed: Evaluation (val) (took 1210.21s)
2025-10-07 14:31:27 - trainer.trainer - INFO - log_training_metrics:163 - Epoch  34 [combined] - train_loss: 0.5735 | train_recall@10: 0.2004 | train_recall@20: 0.3198 | train_ndcg@10: 0.1495 | train_ndcg@20: 0.1886 | train_hit_ratio@10: 0.6253 | train_hit_ratio@20: 0.8303 | train_precision@10: 0.0792 | train_precision@20: 0.0633 | recall@10: 0.3277 | recall@20: 0.4822 | ndcg@10: 0.2177 | ndcg@20: 0.2597 | hit_ratio@10: 0.5703 | hit_ratio@20: 0.7427 | precision@10: 0.0709 | precision@20: 0.0524 | val_loss: 0.5099
2025-10-07 14:31:27 - trainer.trainer - INFO - __enter__:121 - Starting: Evaluation (test)
2025-10-07 14:31:27 - trainer.trainer - INFO - _evaluate_with_full_ranking:546 - Built training item mapping for 1668 users
2025-10-07 14:32:12 - trainer.trainer - INFO - _evaluate_with_full_ranking:578 - Found 1757 unique user-basket pairs for evaluation
2025-10-07 14:41:06 - evaluator.prediction_analyzer - INFO - analyze_predictions:161 - Analyzing predictions for 1757 examples (test mode)
2025-10-07 14:41:06 - evaluator.prediction_analyzer - INFO - __enter__:121 - Starting: Prediction analysis (test)
2025-10-07 14:41:07 - evaluator.prediction_analyzer - INFO - __exit__:128 - Completed: Prediction analysis (test) (took 0.65s)
2025-10-07 14:41:07 - evaluator.prediction_analyzer - INFO - _log_analysis_summary:267 - === PREDICTION ANALYSIS SUMMARY (TEST) ===
2025-10-07 14:41:07 - evaluator.prediction_analyzer - INFO - _log_analysis_summary:276 - Ground truth items per example: avg=2.2, min=1, max=3
2025-10-07 14:41:07 - evaluator.prediction_analyzer - INFO - _log_analysis_summary:282 - Epoch range: 10 - 34
2025-10-07 14:41:07 - evaluator.prediction_analyzer - INFO - _log_analysis_summary:300 - Top-5: avg_hits=0.5, avg_recall=0.229, examples_with_hits=547/1250
2025-10-07 14:41:07 - evaluator.prediction_analyzer - INFO - _log_analysis_summary:300 - Top-10: avg_hits=0.7, avg_recall=0.339, examples_with_hits=719/1250
2025-10-07 14:41:07 - evaluator.prediction_analyzer - INFO - _log_analysis_summary:300 - Top-20: avg_hits=1.0, avg_recall=0.487, examples_with_hits=918/1250
2025-10-07 14:41:07 - evaluator.prediction_analyzer - INFO - _save_analysis_to_file:382 - Saved prediction analysis to: pytorch_pipeline/outputs/prediction_analysis/predictions_test_grnn_20251007_124143.json
2025-10-07 14:41:07 - evaluator.prediction_analyzer - INFO - _save_summary_statistics:429 - Saved summary statistics to: pytorch_pipeline/outputs/prediction_analysis/summary_test_grnn_20251007_124143.csv
2025-10-07 14:41:07 - evaluator.prediction_analyzer - INFO - show_detailed_examples:321 - === DETAILED PREDICTION EXAMPLES (TEST) ===
2025-10-07 14:41:07 - evaluator.prediction_analyzer - INFO - _show_single_example:333 - 
--- Example 1 (next-basket prediction) ---
2025-10-07 14:41:07 - evaluator.prediction_analyzer - INFO - _show_single_example:334 - User ID: 0, Basket ID: 3
2025-10-07 14:41:07 - evaluator.prediction_analyzer - INFO - _show_single_example:338 - Ground Truth (3 items): ['0', '64', '4']
2025-10-07 14:41:07 - evaluator.prediction_analyzer - INFO - _show_single_example:352 - 
Top-5 Predictions:
2025-10-07 14:41:07 - evaluator.prediction_analyzer - INFO - _show_single_example:354 -   Predicted: ['37', '17', '4', '23', '49']
2025-10-07 14:41:07 - evaluator.prediction_analyzer - INFO - _show_single_example:360 -   ✓ Hits (1): ['4']
2025-10-07 14:41:07 - evaluator.prediction_analyzer - INFO - _show_single_example:363 -   Metrics: Recall=0.333, Precision=0.200
2025-10-07 14:41:07 - evaluator.prediction_analyzer - INFO - _show_single_example:352 - 
Top-10 Predictions:
2025-10-07 14:41:07 - evaluator.prediction_analyzer - INFO - _show_single_example:354 -   Predicted: ['37', '17', '4', '23', '49', '22', '3', '10', '70', '2']
2025-10-07 14:41:07 - evaluator.prediction_analyzer - INFO - _show_single_example:360 -   ✓ Hits (1): ['4']
2025-10-07 14:41:07 - evaluator.prediction_analyzer - INFO - _show_single_example:363 -   Metrics: Recall=0.333, Precision=0.100
2025-10-07 14:41:07 - evaluator.prediction_analyzer - INFO - _show_single_example:352 - 
Top-20 Predictions:
2025-10-07 14:41:07 - evaluator.prediction_analyzer - INFO - _show_single_example:354 -   Predicted: ['37', '17', '4', '23', '49', '22', '3', '10', '70', '2', '114', '11', '0', '65', '74', '68', '113', '59', '16', '21']
2025-10-07 14:41:07 - evaluator.prediction_analyzer - INFO - _show_single_example:360 -   ✓ Hits (2): ['4', '0']
2025-10-07 14:41:07 - evaluator.prediction_analyzer - INFO - _show_single_example:363 -   Metrics: Recall=0.667, Precision=0.100
2025-10-07 14:41:07 - evaluator.prediction_analyzer - INFO - _show_single_example:333 - 
--- Example 2 (next-basket prediction) ---
2025-10-07 14:41:07 - evaluator.prediction_analyzer - INFO - _show_single_example:334 - User ID: 2, Basket ID: 12
2025-10-07 14:41:07 - evaluator.prediction_analyzer - INFO - _show_single_example:338 - Ground Truth (3 items): ['33', '2', '3']
2025-10-07 14:41:07 - evaluator.prediction_analyzer - INFO - _show_single_example:352 - 
Top-5 Predictions:
2025-10-07 14:41:07 - evaluator.prediction_analyzer - INFO - _show_single_example:354 -   Predicted: ['37', '17', '4', '23', '1']
2025-10-07 14:41:07 - evaluator.prediction_analyzer - INFO - _show_single_example:365 -   ✗ No hits in top-5
2025-10-07 14:41:07 - evaluator.prediction_analyzer - INFO - _show_single_example:352 - 
Top-10 Predictions:
2025-10-07 14:41:07 - evaluator.prediction_analyzer - INFO - _show_single_example:354 -   Predicted: ['37', '17', '4', '23', '1', '49', '3', '10', '70', '2']
2025-10-07 14:41:07 - evaluator.prediction_analyzer - INFO - _show_single_example:360 -   ✓ Hits (2): ['3', '2']
2025-10-07 14:41:07 - evaluator.prediction_analyzer - INFO - _show_single_example:363 -   Metrics: Recall=0.667, Precision=0.200
2025-10-07 14:41:07 - evaluator.prediction_analyzer - INFO - _show_single_example:352 - 
Top-20 Predictions:
2025-10-07 14:41:07 - evaluator.prediction_analyzer - INFO - _show_single_example:354 -   Predicted: ['37', '17', '4', '23', '1', '49', '3', '10', '70', '2', '114', '0', '65', '74', '68', '113', '59', '16', '21', '19']
2025-10-07 14:41:07 - evaluator.prediction_analyzer - INFO - _show_single_example:360 -   ✓ Hits (2): ['3', '2']
2025-10-07 14:41:07 - evaluator.prediction_analyzer - INFO - _show_single_example:363 -   Metrics: Recall=0.667, Precision=0.100
2025-10-07 14:41:07 - evaluator.prediction_analyzer - INFO - _show_single_example:333 - 
--- Example 3 (next-basket prediction) ---
2025-10-07 14:41:07 - evaluator.prediction_analyzer - INFO - _show_single_example:334 - User ID: 3, Basket ID: 15
2025-10-07 14:41:07 - evaluator.prediction_analyzer - INFO - _show_single_example:338 - Ground Truth (3 items): ['65', '3', '70']
2025-10-07 14:41:07 - evaluator.prediction_analyzer - INFO - _show_single_example:352 - 
Top-5 Predictions:
2025-10-07 14:41:07 - evaluator.prediction_analyzer - INFO - _show_single_example:354 -   Predicted: ['17', '4', '23', '1', '49']
2025-10-07 14:41:07 - evaluator.prediction_analyzer - INFO - _show_single_example:365 -   ✗ No hits in top-5
2025-10-07 14:41:07 - evaluator.prediction_analyzer - INFO - _show_single_example:352 - 
Top-10 Predictions:
2025-10-07 14:41:07 - evaluator.prediction_analyzer - INFO - _show_single_example:354 -   Predicted: ['17', '4', '23', '1', '49', '22', '3', '10', '70', '2']
2025-10-07 14:41:07 - evaluator.prediction_analyzer - INFO - _show_single_example:360 -   ✓ Hits (2): ['3', '70']
2025-10-07 14:41:07 - evaluator.prediction_analyzer - INFO - _show_single_example:363 -   Metrics: Recall=0.667, Precision=0.200
2025-10-07 14:41:07 - evaluator.prediction_analyzer - INFO - _show_single_example:352 - 
Top-20 Predictions:
2025-10-07 14:41:07 - evaluator.prediction_analyzer - INFO - _show_single_example:354 -   Predicted: ['17', '4', '23', '1', '49', '22', '3', '10', '70', '2', '114', '11', '0', '65', '74', '68', '113', '59', '16', '21']
2025-10-07 14:41:07 - evaluator.prediction_analyzer - INFO - _show_single_example:360 -   ✓ Hits (3): ['3', '70', '65']
2025-10-07 14:41:07 - evaluator.prediction_analyzer - INFO - _show_single_example:363 -   Metrics: Recall=1.000, Precision=0.150
2025-10-07 14:41:07 - evaluator.prediction_analyzer - INFO - show_detailed_examples:327 - ============================================================
2025-10-07 14:41:07 - evaluator.evaluator - INFO - __enter__:121 - Starting: Computing test metrics
2025-10-07 14:41:07 - evaluator.evaluator - INFO - compute_ranking_metrics:559 - === TEST METRICS SUMMARY ===
2025-10-07 14:41:07 - evaluator.evaluator - INFO - compute_ranking_metrics:561 - recall@10: 0.3273
2025-10-07 14:41:07 - evaluator.evaluator - INFO - compute_ranking_metrics:561 - recall@20: 0.4800
2025-10-07 14:41:07 - evaluator.evaluator - INFO - compute_ranking_metrics:561 - ndcg@10: 0.2174
2025-10-07 14:41:07 - evaluator.evaluator - INFO - compute_ranking_metrics:561 - ndcg@20: 0.2589
2025-10-07 14:41:07 - evaluator.evaluator - INFO - compute_ranking_metrics:561 - hit_ratio@10: 0.5703
2025-10-07 14:41:07 - evaluator.evaluator - INFO - compute_ranking_metrics:561 - hit_ratio@20: 0.7405
2025-10-07 14:41:07 - evaluator.evaluator - INFO - compute_ranking_metrics:561 - precision@10: 0.0709
2025-10-07 14:41:07 - evaluator.evaluator - INFO - compute_ranking_metrics:561 - precision@20: 0.0522
2025-10-07 14:41:07 - evaluator.evaluator - INFO - compute_ranking_metrics:562 - ===================================
2025-10-07 14:41:07 - evaluator.evaluator - INFO - __exit__:128 - Completed: Computing test metrics (took 0.10s)
2025-10-07 14:41:07 - trainer.trainer - INFO - _evaluate_with_full_ranking:663 - TEST Loss: 0.5181
2025-10-07 14:41:07 - trainer.trainer - INFO - __exit__:128 - Completed: Evaluation (test) (took 579.47s)
2025-10-07 14:41:07 - trainer.trainer - INFO - _train_epoch:353 - Training metrics computation disabled
2025-10-07 14:41:07 - trainer.trainer - INFO - __enter__:121 - Starting: Training epoch 35
2025-10-07 14:56:51 - trainer.trainer - INFO - __exit__:128 - Completed: Training epoch 35 (took 944.60s)
2025-10-07 14:56:51 - trainer.trainer - INFO - _train_epoch:417 - Computing training ranking metrics from 1668 user-basket pairs
2025-10-07 14:57:01 - evaluator.evaluator - INFO - __enter__:121 - Starting: Computing train metrics
2025-10-07 14:57:01 - evaluator.evaluator - INFO - compute_ranking_metrics:559 - === TRAIN METRICS SUMMARY ===
2025-10-07 14:57:01 - evaluator.evaluator - INFO - compute_ranking_metrics:561 - recall@10: 0.1990
2025-10-07 14:57:01 - evaluator.evaluator - INFO - compute_ranking_metrics:561 - recall@20: 0.3194
2025-10-07 14:57:01 - evaluator.evaluator - INFO - compute_ranking_metrics:561 - ndcg@10: 0.1490
2025-10-07 14:57:01 - evaluator.evaluator - INFO - compute_ranking_metrics:561 - ndcg@20: 0.1884
2025-10-07 14:57:01 - evaluator.evaluator - INFO - compute_ranking_metrics:561 - hit_ratio@10: 0.6229
2025-10-07 14:57:01 - evaluator.evaluator - INFO - compute_ranking_metrics:561 - hit_ratio@20: 0.8297
2025-10-07 14:57:01 - evaluator.evaluator - INFO - compute_ranking_metrics:561 - precision@10: 0.0787
2025-10-07 14:57:01 - evaluator.evaluator - INFO - compute_ranking_metrics:561 - precision@20: 0.0633
2025-10-07 14:57:01 - evaluator.evaluator - INFO - compute_ranking_metrics:562 - ===================================
2025-10-07 14:57:01 - evaluator.evaluator - INFO - __exit__:128 - Completed: Computing train metrics (took 0.08s)
2025-10-07 14:57:01 - trainer.trainer - INFO - _train_epoch:424 - Training metrics computed: ['recall@10', 'recall@20', 'ndcg@10', 'ndcg@20', 'hit_ratio@10', 'hit_ratio@20', 'precision@10', 'precision@20']
2025-10-07 14:57:01 - trainer.trainer - INFO - __enter__:121 - Starting: Evaluation (val)
2025-10-07 14:57:01 - trainer.trainer - INFO - _evaluate_with_full_ranking:546 - Built training item mapping for 1668 users
2025-10-07 14:58:35 - trainer.trainer - INFO - _evaluate_with_full_ranking:578 - Found 1757 unique user-basket pairs for evaluation
2025-10-07 14:58:40 - evaluator.prediction_analyzer - INFO - analyze_predictions:161 - Analyzing predictions for 1757 examples (val mode)
2025-10-07 14:58:40 - evaluator.prediction_analyzer - INFO - __enter__:121 - Starting: Prediction analysis (val)
2025-10-07 14:58:40 - evaluator.prediction_analyzer - INFO - __exit__:128 - Completed: Prediction analysis (val) (took 0.00s)
2025-10-07 14:58:40 - evaluator.prediction_analyzer - INFO - _log_analysis_summary:267 - === PREDICTION ANALYSIS SUMMARY (VAL) ===
2025-10-07 14:58:40 - evaluator.prediction_analyzer - INFO - _log_analysis_summary:276 - Ground truth items per example: avg=2.2, min=1, max=3
2025-10-07 14:58:40 - evaluator.prediction_analyzer - INFO - _log_analysis_summary:282 - Epoch range: 0 - 35
2025-10-07 14:58:40 - evaluator.prediction_analyzer - INFO - _log_analysis_summary:300 - Top-5: avg_hits=0.4, avg_recall=0.182, examples_with_hits=624/1800
2025-10-07 14:58:40 - evaluator.prediction_analyzer - INFO - _log_analysis_summary:300 - Top-10: avg_hits=0.6, avg_recall=0.284, examples_with_hits=883/1800
2025-10-07 14:58:40 - evaluator.prediction_analyzer - INFO - _log_analysis_summary:300 - Top-20: avg_hits=0.9, avg_recall=0.431, examples_with_hits=1198/1800
2025-10-07 14:58:40 - evaluator.prediction_analyzer - INFO - _save_analysis_to_file:382 - Saved prediction analysis to: pytorch_pipeline/outputs/prediction_analysis/predictions_val_grnn_20251007_124143.json
2025-10-07 14:58:40 - evaluator.prediction_analyzer - INFO - _save_summary_statistics:429 - Saved summary statistics to: pytorch_pipeline/outputs/prediction_analysis/summary_val_grnn_20251007_124143.csv
2025-10-07 14:58:40 - evaluator.evaluator - INFO - __enter__:121 - Starting: Computing val metrics
2025-10-07 14:58:40 - evaluator.evaluator - INFO - compute_ranking_metrics:559 - === VAL METRICS SUMMARY ===
2025-10-07 14:58:40 - evaluator.evaluator - INFO - compute_ranking_metrics:561 - recall@10: 0.3373
2025-10-07 14:58:40 - evaluator.evaluator - INFO - compute_ranking_metrics:561 - recall@20: 0.4788
2025-10-07 14:58:40 - evaluator.evaluator - INFO - compute_ranking_metrics:561 - ndcg@10: 0.2201
2025-10-07 14:58:40 - evaluator.evaluator - INFO - compute_ranking_metrics:561 - ndcg@20: 0.2584
2025-10-07 14:58:40 - evaluator.evaluator - INFO - compute_ranking_metrics:561 - hit_ratio@10: 0.5811
2025-10-07 14:58:40 - evaluator.evaluator - INFO - compute_ranking_metrics:561 - hit_ratio@20: 0.7376
2025-10-07 14:58:40 - evaluator.evaluator - INFO - compute_ranking_metrics:561 - precision@10: 0.0729
2025-10-07 14:58:40 - evaluator.evaluator - INFO - compute_ranking_metrics:561 - precision@20: 0.0521
2025-10-07 14:58:40 - evaluator.evaluator - INFO - compute_ranking_metrics:562 - ===================================
2025-10-07 14:58:40 - evaluator.evaluator - INFO - __exit__:128 - Completed: Computing val metrics (took 0.07s)
2025-10-07 14:58:40 - trainer.trainer - INFO - _evaluate_with_full_ranking:663 - VAL Loss: 0.5133
2025-10-07 14:58:40 - trainer.trainer - INFO - __exit__:128 - Completed: Evaluation (val) (took 98.95s)
2025-10-07 14:58:40 - trainer.trainer - INFO - log_training_metrics:163 - Epoch  35 [combined] - train_loss: 0.5748 | train_recall@10: 0.1990 | train_recall@20: 0.3194 | train_ndcg@10: 0.1490 | train_ndcg@20: 0.1884 | train_hit_ratio@10: 0.6229 | train_hit_ratio@20: 0.8297 | train_precision@10: 0.0787 | train_precision@20: 0.0633 | recall@10: 0.3373 | recall@20: 0.4788 | ndcg@10: 0.2201 | ndcg@20: 0.2584 | hit_ratio@10: 0.5811 | hit_ratio@20: 0.7376 | precision@10: 0.0729 | precision@20: 0.0521 | val_loss: 0.5133
2025-10-07 14:58:40 - trainer.trainer - INFO - __enter__:121 - Starting: Evaluation (test)
2025-10-07 14:58:40 - trainer.trainer - INFO - _evaluate_with_full_ranking:546 - Built training item mapping for 1668 users
2025-10-07 15:29:36 - trainer.trainer - INFO - _evaluate_with_full_ranking:578 - Found 1757 unique user-basket pairs for evaluation
2025-10-07 15:29:39 - evaluator.prediction_analyzer - INFO - analyze_predictions:161 - Analyzing predictions for 1757 examples (test mode)
2025-10-07 15:29:39 - evaluator.prediction_analyzer - INFO - __enter__:121 - Starting: Prediction analysis (test)
2025-10-07 15:29:39 - evaluator.prediction_analyzer - INFO - __exit__:128 - Completed: Prediction analysis (test) (took 0.00s)
2025-10-07 15:29:39 - evaluator.prediction_analyzer - INFO - _log_analysis_summary:267 - === PREDICTION ANALYSIS SUMMARY (TEST) ===
2025-10-07 15:29:39 - evaluator.prediction_analyzer - INFO - _log_analysis_summary:276 - Ground truth items per example: avg=2.2, min=1, max=3
2025-10-07 15:29:39 - evaluator.prediction_analyzer - INFO - _log_analysis_summary:282 - Epoch range: 10 - 35
2025-10-07 15:29:39 - evaluator.prediction_analyzer - INFO - _log_analysis_summary:300 - Top-5: avg_hits=0.5, avg_recall=0.229, examples_with_hits=569/1300
2025-10-07 15:29:39 - evaluator.prediction_analyzer - INFO - _log_analysis_summary:300 - Top-10: avg_hits=0.7, avg_recall=0.339, examples_with_hits=748/1300
2025-10-07 15:29:39 - evaluator.prediction_analyzer - INFO - _log_analysis_summary:300 - Top-20: avg_hits=1.0, avg_recall=0.487, examples_with_hits=953/1300
2025-10-07 15:29:40 - evaluator.prediction_analyzer - INFO - _save_analysis_to_file:382 - Saved prediction analysis to: pytorch_pipeline/outputs/prediction_analysis/predictions_test_grnn_20251007_124143.json
2025-10-07 15:29:40 - evaluator.prediction_analyzer - INFO - _save_summary_statistics:429 - Saved summary statistics to: pytorch_pipeline/outputs/prediction_analysis/summary_test_grnn_20251007_124143.csv
2025-10-07 15:29:40 - evaluator.prediction_analyzer - INFO - show_detailed_examples:321 - === DETAILED PREDICTION EXAMPLES (TEST) ===
2025-10-07 15:29:40 - evaluator.prediction_analyzer - INFO - _show_single_example:333 - 
--- Example 1 (next-basket prediction) ---
2025-10-07 15:29:40 - evaluator.prediction_analyzer - INFO - _show_single_example:334 - User ID: 0, Basket ID: 3
2025-10-07 15:29:40 - evaluator.prediction_analyzer - INFO - _show_single_example:338 - Ground Truth (3 items): ['0', '64', '4']
2025-10-07 15:29:40 - evaluator.prediction_analyzer - INFO - _show_single_example:352 - 
Top-5 Predictions:
2025-10-07 15:29:40 - evaluator.prediction_analyzer - INFO - _show_single_example:354 -   Predicted: ['37', '17', '4', '23', '49']
2025-10-07 15:29:40 - evaluator.prediction_analyzer - INFO - _show_single_example:360 -   ✓ Hits (1): ['4']
2025-10-07 15:29:40 - evaluator.prediction_analyzer - INFO - _show_single_example:363 -   Metrics: Recall=0.333, Precision=0.200
2025-10-07 15:29:40 - evaluator.prediction_analyzer - INFO - _show_single_example:352 - 
Top-10 Predictions:
2025-10-07 15:29:40 - evaluator.prediction_analyzer - INFO - _show_single_example:354 -   Predicted: ['37', '17', '4', '23', '49', '22', '3', '10', '70', '2']
2025-10-07 15:29:40 - evaluator.prediction_analyzer - INFO - _show_single_example:360 -   ✓ Hits (1): ['4']
2025-10-07 15:29:40 - evaluator.prediction_analyzer - INFO - _show_single_example:363 -   Metrics: Recall=0.333, Precision=0.100
2025-10-07 15:29:40 - evaluator.prediction_analyzer - INFO - _show_single_example:352 - 
Top-20 Predictions:
2025-10-07 15:29:40 - evaluator.prediction_analyzer - INFO - _show_single_example:354 -   Predicted: ['37', '17', '4', '23', '49', '22', '3', '10', '70', '2', '114', '11', '0', '65', '74', '68', '113', '59', '16', '21']
2025-10-07 15:29:40 - evaluator.prediction_analyzer - INFO - _show_single_example:360 -   ✓ Hits (2): ['4', '0']
2025-10-07 15:29:40 - evaluator.prediction_analyzer - INFO - _show_single_example:363 -   Metrics: Recall=0.667, Precision=0.100
2025-10-07 15:29:40 - evaluator.prediction_analyzer - INFO - _show_single_example:333 - 
--- Example 2 (next-basket prediction) ---
2025-10-07 15:29:40 - evaluator.prediction_analyzer - INFO - _show_single_example:334 - User ID: 2, Basket ID: 12
2025-10-07 15:29:40 - evaluator.prediction_analyzer - INFO - _show_single_example:338 - Ground Truth (3 items): ['33', '2', '3']
2025-10-07 15:29:40 - evaluator.prediction_analyzer - INFO - _show_single_example:352 - 
Top-5 Predictions:
2025-10-07 15:29:40 - evaluator.prediction_analyzer - INFO - _show_single_example:354 -   Predicted: ['37', '17', '4', '23', '1']
2025-10-07 15:29:40 - evaluator.prediction_analyzer - INFO - _show_single_example:365 -   ✗ No hits in top-5
2025-10-07 15:29:40 - evaluator.prediction_analyzer - INFO - _show_single_example:352 - 
Top-10 Predictions:
2025-10-07 15:29:40 - evaluator.prediction_analyzer - INFO - _show_single_example:354 -   Predicted: ['37', '17', '4', '23', '1', '49', '3', '10', '70', '2']
2025-10-07 15:29:40 - evaluator.prediction_analyzer - INFO - _show_single_example:360 -   ✓ Hits (2): ['3', '2']
2025-10-07 15:29:40 - evaluator.prediction_analyzer - INFO - _show_single_example:363 -   Metrics: Recall=0.667, Precision=0.200
2025-10-07 15:29:40 - evaluator.prediction_analyzer - INFO - _show_single_example:352 - 
Top-20 Predictions:
2025-10-07 15:29:40 - evaluator.prediction_analyzer - INFO - _show_single_example:354 -   Predicted: ['37', '17', '4', '23', '1', '49', '3', '10', '70', '2', '114', '0', '65', '74', '68', '113', '59', '16', '21', '19']
2025-10-07 15:29:40 - evaluator.prediction_analyzer - INFO - _show_single_example:360 -   ✓ Hits (2): ['3', '2']
2025-10-07 15:29:40 - evaluator.prediction_analyzer - INFO - _show_single_example:363 -   Metrics: Recall=0.667, Precision=0.100
2025-10-07 15:29:40 - evaluator.prediction_analyzer - INFO - _show_single_example:333 - 
--- Example 3 (next-basket prediction) ---
2025-10-07 15:29:40 - evaluator.prediction_analyzer - INFO - _show_single_example:334 - User ID: 3, Basket ID: 15
2025-10-07 15:29:40 - evaluator.prediction_analyzer - INFO - _show_single_example:338 - Ground Truth (3 items): ['65', '3', '70']
2025-10-07 15:29:40 - evaluator.prediction_analyzer - INFO - _show_single_example:352 - 
Top-5 Predictions:
2025-10-07 15:29:40 - evaluator.prediction_analyzer - INFO - _show_single_example:354 -   Predicted: ['17', '4', '23', '1', '49']
2025-10-07 15:29:40 - evaluator.prediction_analyzer - INFO - _show_single_example:365 -   ✗ No hits in top-5
2025-10-07 15:29:40 - evaluator.prediction_analyzer - INFO - _show_single_example:352 - 
Top-10 Predictions:
2025-10-07 15:29:40 - evaluator.prediction_analyzer - INFO - _show_single_example:354 -   Predicted: ['17', '4', '23', '1', '49', '22', '3', '10', '70', '2']
2025-10-07 15:29:40 - evaluator.prediction_analyzer - INFO - _show_single_example:360 -   ✓ Hits (2): ['3', '70']
2025-10-07 15:29:40 - evaluator.prediction_analyzer - INFO - _show_single_example:363 -   Metrics: Recall=0.667, Precision=0.200
2025-10-07 15:29:40 - evaluator.prediction_analyzer - INFO - _show_single_example:352 - 
Top-20 Predictions:
2025-10-07 15:29:40 - evaluator.prediction_analyzer - INFO - _show_single_example:354 -   Predicted: ['17', '4', '23', '1', '49', '22', '3', '10', '70', '2', '114', '11', '0', '65', '74', '68', '113', '59', '16', '21']
2025-10-07 15:29:40 - evaluator.prediction_analyzer - INFO - _show_single_example:360 -   ✓ Hits (3): ['3', '70', '65']
2025-10-07 15:29:40 - evaluator.prediction_analyzer - INFO - _show_single_example:363 -   Metrics: Recall=1.000, Precision=0.150
2025-10-07 15:29:40 - evaluator.prediction_analyzer - INFO - show_detailed_examples:327 - ============================================================
2025-10-07 15:29:40 - evaluator.evaluator - INFO - __enter__:121 - Starting: Computing test metrics
2025-10-07 15:29:40 - evaluator.evaluator - INFO - compute_ranking_metrics:559 - === TEST METRICS SUMMARY ===
2025-10-07 15:29:40 - evaluator.evaluator - INFO - compute_ranking_metrics:561 - recall@10: 0.3388
2025-10-07 15:29:40 - evaluator.evaluator - INFO - compute_ranking_metrics:561 - recall@20: 0.4800
2025-10-07 15:29:40 - evaluator.evaluator - INFO - compute_ranking_metrics:561 - ndcg@10: 0.2207
2025-10-07 15:29:40 - evaluator.evaluator - INFO - compute_ranking_metrics:561 - ndcg@20: 0.2590
2025-10-07 15:29:40 - evaluator.evaluator - INFO - compute_ranking_metrics:561 - hit_ratio@10: 0.5822
2025-10-07 15:29:40 - evaluator.evaluator - INFO - compute_ranking_metrics:561 - hit_ratio@20: 0.7399
2025-10-07 15:29:40 - evaluator.evaluator - INFO - compute_ranking_metrics:561 - precision@10: 0.0732
2025-10-07 15:29:40 - evaluator.evaluator - INFO - compute_ranking_metrics:561 - precision@20: 0.0522
2025-10-07 15:29:40 - evaluator.evaluator - INFO - compute_ranking_metrics:562 - ===================================
2025-10-07 15:29:40 - evaluator.evaluator - INFO - __exit__:128 - Completed: Computing test metrics (took 0.17s)
2025-10-07 15:29:40 - trainer.trainer - INFO - _evaluate_with_full_ranking:663 - TEST Loss: 0.5178
2025-10-07 15:29:40 - trainer.trainer - INFO - __exit__:128 - Completed: Evaluation (test) (took 1859.90s)
2025-10-07 15:29:40 - trainer.trainer - INFO - _train_epoch:353 - Training metrics computation disabled
2025-10-07 15:29:40 - trainer.trainer - INFO - __enter__:121 - Starting: Training epoch 36
2025-10-07 15:59:28 - trainer.trainer - INFO - __exit__:128 - Completed: Training epoch 36 (took 1787.96s)
2025-10-07 15:59:28 - trainer.trainer - INFO - _train_epoch:417 - Computing training ranking metrics from 1668 user-basket pairs
2025-10-07 15:59:38 - evaluator.evaluator - INFO - __enter__:121 - Starting: Computing train metrics
2025-10-07 15:59:39 - evaluator.evaluator - INFO - compute_ranking_metrics:559 - === TRAIN METRICS SUMMARY ===
2025-10-07 15:59:39 - evaluator.evaluator - INFO - compute_ranking_metrics:561 - recall@10: 0.1994
2025-10-07 15:59:39 - evaluator.evaluator - INFO - compute_ranking_metrics:561 - recall@20: 0.3205
2025-10-07 15:59:39 - evaluator.evaluator - INFO - compute_ranking_metrics:561 - ndcg@10: 0.1494
2025-10-07 15:59:39 - evaluator.evaluator - INFO - compute_ranking_metrics:561 - ndcg@20: 0.1890
2025-10-07 15:59:39 - evaluator.evaluator - INFO - compute_ranking_metrics:561 - hit_ratio@10: 0.6253
2025-10-07 15:59:39 - evaluator.evaluator - INFO - compute_ranking_metrics:561 - hit_ratio@20: 0.8339
2025-10-07 15:59:39 - evaluator.evaluator - INFO - compute_ranking_metrics:561 - precision@10: 0.0788
2025-10-07 15:59:39 - evaluator.evaluator - INFO - compute_ranking_metrics:561 - precision@20: 0.0634
2025-10-07 15:59:39 - evaluator.evaluator - INFO - compute_ranking_metrics:562 - ===================================
2025-10-07 15:59:39 - evaluator.evaluator - INFO - __exit__:128 - Completed: Computing train metrics (took 0.09s)
2025-10-07 15:59:39 - trainer.trainer - INFO - _train_epoch:424 - Training metrics computed: ['recall@10', 'recall@20', 'ndcg@10', 'ndcg@20', 'hit_ratio@10', 'hit_ratio@20', 'precision@10', 'precision@20']
2025-10-07 15:59:39 - trainer.trainer - INFO - __enter__:121 - Starting: Evaluation (val)
2025-10-07 15:59:39 - trainer.trainer - INFO - _evaluate_with_full_ranking:546 - Built training item mapping for 1668 users
2025-10-07 16:04:50 - trainer.trainer - INFO - _evaluate_with_full_ranking:578 - Found 1757 unique user-basket pairs for evaluation
2025-10-07 16:04:53 - evaluator.prediction_analyzer - INFO - analyze_predictions:161 - Analyzing predictions for 1757 examples (val mode)
2025-10-07 16:04:53 - evaluator.prediction_analyzer - INFO - __enter__:121 - Starting: Prediction analysis (val)
2025-10-07 16:04:53 - evaluator.prediction_analyzer - INFO - __exit__:128 - Completed: Prediction analysis (val) (took 0.00s)
2025-10-07 16:04:53 - evaluator.prediction_analyzer - INFO - _log_analysis_summary:267 - === PREDICTION ANALYSIS SUMMARY (VAL) ===
2025-10-07 16:04:53 - evaluator.prediction_analyzer - INFO - _log_analysis_summary:276 - Ground truth items per example: avg=2.2, min=1, max=3
2025-10-07 16:04:53 - evaluator.prediction_analyzer - INFO - _log_analysis_summary:282 - Epoch range: 0 - 36
2025-10-07 16:04:53 - evaluator.prediction_analyzer - INFO - _log_analysis_summary:300 - Top-5: avg_hits=0.4, avg_recall=0.183, examples_with_hits=646/1850
2025-10-07 16:04:53 - evaluator.prediction_analyzer - INFO - _log_analysis_summary:300 - Top-10: avg_hits=0.6, avg_recall=0.286, examples_with_hits=912/1850
2025-10-07 16:04:53 - evaluator.prediction_analyzer - INFO - _log_analysis_summary:300 - Top-20: avg_hits=0.9, avg_recall=0.433, examples_with_hits=1234/1850
2025-10-07 16:04:53 - evaluator.prediction_analyzer - INFO - _save_analysis_to_file:382 - Saved prediction analysis to: pytorch_pipeline/outputs/prediction_analysis/predictions_val_grnn_20251007_124143.json
2025-10-07 16:04:53 - evaluator.prediction_analyzer - INFO - _save_summary_statistics:429 - Saved summary statistics to: pytorch_pipeline/outputs/prediction_analysis/summary_val_grnn_20251007_124143.csv
2025-10-07 16:04:53 - evaluator.evaluator - INFO - __enter__:121 - Starting: Computing val metrics
2025-10-07 16:04:53 - evaluator.evaluator - INFO - compute_ranking_metrics:559 - === VAL METRICS SUMMARY ===
2025-10-07 16:04:53 - evaluator.evaluator - INFO - compute_ranking_metrics:561 - recall@10: 0.3350
2025-10-07 16:04:53 - evaluator.evaluator - INFO - compute_ranking_metrics:561 - recall@20: 0.4789
2025-10-07 16:04:53 - evaluator.evaluator - INFO - compute_ranking_metrics:561 - ndcg@10: 0.2190
2025-10-07 16:04:53 - evaluator.evaluator - INFO - compute_ranking_metrics:561 - ndcg@20: 0.2578
2025-10-07 16:04:53 - evaluator.evaluator - INFO - compute_ranking_metrics:561 - hit_ratio@10: 0.5771
2025-10-07 16:04:53 - evaluator.evaluator - INFO - compute_ranking_metrics:561 - hit_ratio@20: 0.7399
2025-10-07 16:04:53 - evaluator.evaluator - INFO - compute_ranking_metrics:561 - precision@10: 0.0723
2025-10-07 16:04:53 - evaluator.evaluator - INFO - compute_ranking_metrics:561 - precision@20: 0.0521
2025-10-07 16:04:53 - evaluator.evaluator - INFO - compute_ranking_metrics:562 - ===================================
2025-10-07 16:04:53 - evaluator.evaluator - INFO - __exit__:128 - Completed: Computing val metrics (took 0.07s)
2025-10-07 16:04:53 - trainer.trainer - INFO - _evaluate_with_full_ranking:663 - VAL Loss: 0.5303
2025-10-07 16:04:53 - trainer.trainer - INFO - __exit__:128 - Completed: Evaluation (val) (took 314.41s)
2025-10-07 16:04:53 - trainer.trainer - INFO - log_training_metrics:163 - Epoch  36 [combined] - train_loss: 0.5768 | train_recall@10: 0.1994 | train_recall@20: 0.3205 | train_ndcg@10: 0.1494 | train_ndcg@20: 0.1890 | train_hit_ratio@10: 0.6253 | train_hit_ratio@20: 0.8339 | train_precision@10: 0.0788 | train_precision@20: 0.0634 | recall@10: 0.3350 | recall@20: 0.4789 | ndcg@10: 0.2190 | ndcg@20: 0.2578 | hit_ratio@10: 0.5771 | hit_ratio@20: 0.7399 | precision@10: 0.0723 | precision@20: 0.0521 | val_loss: 0.5303
2025-10-07 16:04:53 - trainer.trainer - INFO - __enter__:121 - Starting: Evaluation (test)
2025-10-07 16:04:53 - trainer.trainer - INFO - _evaluate_with_full_ranking:546 - Built training item mapping for 1668 users
2025-10-07 16:05:29 - trainer.trainer - INFO - _evaluate_with_full_ranking:578 - Found 1757 unique user-basket pairs for evaluation
2025-10-07 16:05:36 - evaluator.prediction_analyzer - INFO - analyze_predictions:161 - Analyzing predictions for 1757 examples (test mode)
2025-10-07 16:05:36 - evaluator.prediction_analyzer - INFO - __enter__:121 - Starting: Prediction analysis (test)
2025-10-07 16:05:36 - evaluator.prediction_analyzer - INFO - __exit__:128 - Completed: Prediction analysis (test) (took 0.00s)
2025-10-07 16:05:36 - evaluator.prediction_analyzer - INFO - _log_analysis_summary:267 - === PREDICTION ANALYSIS SUMMARY (TEST) ===
2025-10-07 16:05:36 - evaluator.prediction_analyzer - INFO - _log_analysis_summary:276 - Ground truth items per example: avg=2.2, min=1, max=3
2025-10-07 16:05:36 - evaluator.prediction_analyzer - INFO - _log_analysis_summary:282 - Epoch range: 10 - 36
2025-10-07 16:05:36 - evaluator.prediction_analyzer - INFO - _log_analysis_summary:300 - Top-5: avg_hits=0.5, avg_recall=0.229, examples_with_hits=590/1350
2025-10-07 16:05:36 - evaluator.prediction_analyzer - INFO - _log_analysis_summary:300 - Top-10: avg_hits=0.7, avg_recall=0.338, examples_with_hits=777/1350
2025-10-07 16:05:36 - evaluator.prediction_analyzer - INFO - _log_analysis_summary:300 - Top-20: avg_hits=1.0, avg_recall=0.486, examples_with_hits=988/1350
2025-10-07 16:05:36 - evaluator.prediction_analyzer - INFO - _save_analysis_to_file:382 - Saved prediction analysis to: pytorch_pipeline/outputs/prediction_analysis/predictions_test_grnn_20251007_124143.json
2025-10-07 16:05:36 - evaluator.prediction_analyzer - INFO - _save_summary_statistics:429 - Saved summary statistics to: pytorch_pipeline/outputs/prediction_analysis/summary_test_grnn_20251007_124143.csv
2025-10-07 16:05:36 - evaluator.prediction_analyzer - INFO - show_detailed_examples:321 - === DETAILED PREDICTION EXAMPLES (TEST) ===
2025-10-07 16:05:36 - evaluator.prediction_analyzer - INFO - _show_single_example:333 - 
--- Example 1 (next-basket prediction) ---
2025-10-07 16:05:36 - evaluator.prediction_analyzer - INFO - _show_single_example:334 - User ID: 0, Basket ID: 3
2025-10-07 16:05:36 - evaluator.prediction_analyzer - INFO - _show_single_example:338 - Ground Truth (3 items): ['0', '64', '4']
2025-10-07 16:05:36 - evaluator.prediction_analyzer - INFO - _show_single_example:352 - 
Top-5 Predictions:
2025-10-07 16:05:36 - evaluator.prediction_analyzer - INFO - _show_single_example:354 -   Predicted: ['37', '17', '4', '23', '49']
2025-10-07 16:05:36 - evaluator.prediction_analyzer - INFO - _show_single_example:360 -   ✓ Hits (1): ['4']
2025-10-07 16:05:36 - evaluator.prediction_analyzer - INFO - _show_single_example:363 -   Metrics: Recall=0.333, Precision=0.200
2025-10-07 16:05:36 - evaluator.prediction_analyzer - INFO - _show_single_example:352 - 
Top-10 Predictions:
2025-10-07 16:05:36 - evaluator.prediction_analyzer - INFO - _show_single_example:354 -   Predicted: ['37', '17', '4', '23', '49', '22', '3', '10', '70', '2']
2025-10-07 16:05:36 - evaluator.prediction_analyzer - INFO - _show_single_example:360 -   ✓ Hits (1): ['4']
2025-10-07 16:05:36 - evaluator.prediction_analyzer - INFO - _show_single_example:363 -   Metrics: Recall=0.333, Precision=0.100
2025-10-07 16:05:36 - evaluator.prediction_analyzer - INFO - _show_single_example:352 - 
Top-20 Predictions:
2025-10-07 16:05:36 - evaluator.prediction_analyzer - INFO - _show_single_example:354 -   Predicted: ['37', '17', '4', '23', '49', '22', '3', '10', '70', '2', '114', '11', '0', '65', '74', '68', '113', '59', '16', '21']
2025-10-07 16:05:36 - evaluator.prediction_analyzer - INFO - _show_single_example:360 -   ✓ Hits (2): ['4', '0']
2025-10-07 16:05:36 - evaluator.prediction_analyzer - INFO - _show_single_example:363 -   Metrics: Recall=0.667, Precision=0.100
2025-10-07 16:05:36 - evaluator.prediction_analyzer - INFO - _show_single_example:333 - 
--- Example 2 (next-basket prediction) ---
2025-10-07 16:05:36 - evaluator.prediction_analyzer - INFO - _show_single_example:334 - User ID: 2, Basket ID: 12
2025-10-07 16:05:36 - evaluator.prediction_analyzer - INFO - _show_single_example:338 - Ground Truth (3 items): ['33', '2', '3']
2025-10-07 16:05:36 - evaluator.prediction_analyzer - INFO - _show_single_example:352 - 
Top-5 Predictions:
2025-10-07 16:05:36 - evaluator.prediction_analyzer - INFO - _show_single_example:354 -   Predicted: ['37', '17', '4', '23', '1']
2025-10-07 16:05:36 - evaluator.prediction_analyzer - INFO - _show_single_example:365 -   ✗ No hits in top-5
2025-10-07 16:05:36 - evaluator.prediction_analyzer - INFO - _show_single_example:352 - 
Top-10 Predictions:
2025-10-07 16:05:36 - evaluator.prediction_analyzer - INFO - _show_single_example:354 -   Predicted: ['37', '17', '4', '23', '1', '49', '3', '10', '70', '2']
2025-10-07 16:05:36 - evaluator.prediction_analyzer - INFO - _show_single_example:360 -   ✓ Hits (2): ['3', '2']
2025-10-07 16:05:36 - evaluator.prediction_analyzer - INFO - _show_single_example:363 -   Metrics: Recall=0.667, Precision=0.200
2025-10-07 16:05:36 - evaluator.prediction_analyzer - INFO - _show_single_example:352 - 
Top-20 Predictions:
2025-10-07 16:05:36 - evaluator.prediction_analyzer - INFO - _show_single_example:354 -   Predicted: ['37', '17', '4', '23', '1', '49', '3', '10', '70', '2', '114', '0', '65', '74', '68', '113', '59', '16', '21', '19']
2025-10-07 16:05:36 - evaluator.prediction_analyzer - INFO - _show_single_example:360 -   ✓ Hits (2): ['3', '2']
2025-10-07 16:05:36 - evaluator.prediction_analyzer - INFO - _show_single_example:363 -   Metrics: Recall=0.667, Precision=0.100
2025-10-07 16:05:36 - evaluator.prediction_analyzer - INFO - _show_single_example:333 - 
--- Example 3 (next-basket prediction) ---
2025-10-07 16:05:36 - evaluator.prediction_analyzer - INFO - _show_single_example:334 - User ID: 3, Basket ID: 15
2025-10-07 16:05:36 - evaluator.prediction_analyzer - INFO - _show_single_example:338 - Ground Truth (3 items): ['65', '3', '70']
2025-10-07 16:05:36 - evaluator.prediction_analyzer - INFO - _show_single_example:352 - 
Top-5 Predictions:
2025-10-07 16:05:36 - evaluator.prediction_analyzer - INFO - _show_single_example:354 -   Predicted: ['17', '4', '23', '1', '49']
2025-10-07 16:05:36 - evaluator.prediction_analyzer - INFO - _show_single_example:365 -   ✗ No hits in top-5
2025-10-07 16:05:36 - evaluator.prediction_analyzer - INFO - _show_single_example:352 - 
Top-10 Predictions:
2025-10-07 16:05:36 - evaluator.prediction_analyzer - INFO - _show_single_example:354 -   Predicted: ['17', '4', '23', '1', '49', '22', '3', '10', '70', '2']
2025-10-07 16:05:36 - evaluator.prediction_analyzer - INFO - _show_single_example:360 -   ✓ Hits (2): ['3', '70']
2025-10-07 16:05:36 - evaluator.prediction_analyzer - INFO - _show_single_example:363 -   Metrics: Recall=0.667, Precision=0.200
2025-10-07 16:05:36 - evaluator.prediction_analyzer - INFO - _show_single_example:352 - 
Top-20 Predictions:
2025-10-07 16:05:36 - evaluator.prediction_analyzer - INFO - _show_single_example:354 -   Predicted: ['17', '4', '23', '1', '49', '22', '3', '10', '70', '2', '114', '11', '0', '65', '74', '68', '113', '59', '16', '21']
2025-10-07 16:05:36 - evaluator.prediction_analyzer - INFO - _show_single_example:360 -   ✓ Hits (3): ['3', '70', '65']
2025-10-07 16:05:36 - evaluator.prediction_analyzer - INFO - _show_single_example:363 -   Metrics: Recall=1.000, Precision=0.150
2025-10-07 16:05:36 - evaluator.prediction_analyzer - INFO - show_detailed_examples:327 - ============================================================
2025-10-07 16:05:36 - evaluator.evaluator - INFO - __enter__:121 - Starting: Computing test metrics
2025-10-07 16:05:36 - evaluator.evaluator - INFO - compute_ranking_metrics:559 - === TEST METRICS SUMMARY ===
2025-10-07 16:05:36 - evaluator.evaluator - INFO - compute_ranking_metrics:561 - recall@10: 0.3332
2025-10-07 16:05:36 - evaluator.evaluator - INFO - compute_ranking_metrics:561 - recall@20: 0.4746
2025-10-07 16:05:36 - evaluator.evaluator - INFO - compute_ranking_metrics:561 - ndcg@10: 0.2177
2025-10-07 16:05:36 - evaluator.evaluator - INFO - compute_ranking_metrics:561 - ndcg@20: 0.2558
2025-10-07 16:05:36 - evaluator.evaluator - INFO - compute_ranking_metrics:561 - hit_ratio@10: 0.5760
2025-10-07 16:05:36 - evaluator.evaluator - INFO - compute_ranking_metrics:561 - hit_ratio@20: 0.7336
2025-10-07 16:05:36 - evaluator.evaluator - INFO - compute_ranking_metrics:561 - precision@10: 0.0720
2025-10-07 16:05:36 - evaluator.evaluator - INFO - compute_ranking_metrics:561 - precision@20: 0.0517
2025-10-07 16:05:36 - evaluator.evaluator - INFO - compute_ranking_metrics:562 - ===================================
2025-10-07 16:05:36 - evaluator.evaluator - INFO - __exit__:128 - Completed: Computing test metrics (took 0.09s)
2025-10-07 16:05:36 - trainer.trainer - INFO - _evaluate_with_full_ranking:663 - TEST Loss: 0.5304
2025-10-07 16:05:36 - trainer.trainer - INFO - __exit__:128 - Completed: Evaluation (test) (took 43.25s)
2025-10-07 16:05:36 - trainer.trainer - INFO - _train_epoch:353 - Training metrics computation disabled
2025-10-07 16:05:36 - trainer.trainer - INFO - __enter__:121 - Starting: Training epoch 37
2025-10-07 16:06:35 - trainer.trainer - INFO - __exit__:128 - Completed: Training epoch 37 (took 59.21s)
2025-10-07 16:06:35 - trainer.trainer - INFO - _train_epoch:417 - Computing training ranking metrics from 1668 user-basket pairs
2025-10-07 16:06:42 - evaluator.evaluator - INFO - __enter__:121 - Starting: Computing train metrics
2025-10-07 16:06:42 - evaluator.evaluator - INFO - compute_ranking_metrics:559 - === TRAIN METRICS SUMMARY ===
2025-10-07 16:06:42 - evaluator.evaluator - INFO - compute_ranking_metrics:561 - recall@10: 0.2003
2025-10-07 16:06:42 - evaluator.evaluator - INFO - compute_ranking_metrics:561 - recall@20: 0.3209
2025-10-07 16:06:42 - evaluator.evaluator - INFO - compute_ranking_metrics:561 - ndcg@10: 0.1499
2025-10-07 16:06:42 - evaluator.evaluator - INFO - compute_ranking_metrics:561 - ndcg@20: 0.1894
2025-10-07 16:06:42 - evaluator.evaluator - INFO - compute_ranking_metrics:561 - hit_ratio@10: 0.6277
2025-10-07 16:06:42 - evaluator.evaluator - INFO - compute_ranking_metrics:561 - hit_ratio@20: 0.8345
2025-10-07 16:06:42 - evaluator.evaluator - INFO - compute_ranking_metrics:561 - precision@10: 0.0793
2025-10-07 16:06:42 - evaluator.evaluator - INFO - compute_ranking_metrics:561 - precision@20: 0.0635
2025-10-07 16:06:42 - evaluator.evaluator - INFO - compute_ranking_metrics:562 - ===================================
2025-10-07 16:06:42 - evaluator.evaluator - INFO - __exit__:128 - Completed: Computing train metrics (took 0.08s)
2025-10-07 16:06:42 - trainer.trainer - INFO - _train_epoch:424 - Training metrics computed: ['recall@10', 'recall@20', 'ndcg@10', 'ndcg@20', 'hit_ratio@10', 'hit_ratio@20', 'precision@10', 'precision@20']
2025-10-07 16:06:42 - trainer.trainer - INFO - __enter__:121 - Starting: Evaluation (val)
2025-10-07 16:06:42 - trainer.trainer - INFO - _evaluate_with_full_ranking:546 - Built training item mapping for 1668 users
2025-10-07 16:07:36 - trainer.trainer - INFO - _evaluate_with_full_ranking:578 - Found 1757 unique user-basket pairs for evaluation
2025-10-07 16:07:45 - evaluator.prediction_analyzer - INFO - analyze_predictions:161 - Analyzing predictions for 1757 examples (val mode)
2025-10-07 16:07:45 - evaluator.prediction_analyzer - INFO - __enter__:121 - Starting: Prediction analysis (val)
2025-10-07 16:07:45 - evaluator.prediction_analyzer - INFO - __exit__:128 - Completed: Prediction analysis (val) (took 0.00s)
2025-10-07 16:07:45 - evaluator.prediction_analyzer - INFO - _log_analysis_summary:267 - === PREDICTION ANALYSIS SUMMARY (VAL) ===
2025-10-07 16:07:45 - evaluator.prediction_analyzer - INFO - _log_analysis_summary:276 - Ground truth items per example: avg=2.2, min=1, max=3
2025-10-07 16:07:45 - evaluator.prediction_analyzer - INFO - _log_analysis_summary:282 - Epoch range: 0 - 37
2025-10-07 16:07:45 - evaluator.prediction_analyzer - INFO - _log_analysis_summary:300 - Top-5: avg_hits=0.4, avg_recall=0.184, examples_with_hits=666/1900
2025-10-07 16:07:45 - evaluator.prediction_analyzer - INFO - _log_analysis_summary:300 - Top-10: avg_hits=0.6, avg_recall=0.286, examples_with_hits=939/1900
2025-10-07 16:07:45 - evaluator.prediction_analyzer - INFO - _log_analysis_summary:300 - Top-20: avg_hits=0.9, avg_recall=0.433, examples_with_hits=1268/1900
2025-10-07 16:07:45 - evaluator.prediction_analyzer - INFO - _save_analysis_to_file:382 - Saved prediction analysis to: pytorch_pipeline/outputs/prediction_analysis/predictions_val_grnn_20251007_124143.json
2025-10-07 16:07:45 - evaluator.prediction_analyzer - INFO - _save_summary_statistics:429 - Saved summary statistics to: pytorch_pipeline/outputs/prediction_analysis/summary_val_grnn_20251007_124143.csv
2025-10-07 16:07:45 - evaluator.evaluator - INFO - __enter__:121 - Starting: Computing val metrics
2025-10-07 16:07:45 - evaluator.evaluator - INFO - compute_ranking_metrics:559 - === VAL METRICS SUMMARY ===
2025-10-07 16:07:45 - evaluator.evaluator - INFO - compute_ranking_metrics:561 - recall@10: 0.3346
2025-10-07 16:07:45 - evaluator.evaluator - INFO - compute_ranking_metrics:561 - recall@20: 0.4739
2025-10-07 16:07:45 - evaluator.evaluator - INFO - compute_ranking_metrics:561 - ndcg@10: 0.2177
2025-10-07 16:07:45 - evaluator.evaluator - INFO - compute_ranking_metrics:561 - ndcg@20: 0.2553
2025-10-07 16:07:45 - evaluator.evaluator - INFO - compute_ranking_metrics:561 - hit_ratio@10: 0.5777
2025-10-07 16:07:45 - evaluator.evaluator - INFO - compute_ranking_metrics:561 - hit_ratio@20: 0.7308
2025-10-07 16:07:45 - evaluator.evaluator - INFO - compute_ranking_metrics:561 - precision@10: 0.0722
2025-10-07 16:07:45 - evaluator.evaluator - INFO - compute_ranking_metrics:561 - precision@20: 0.0515
2025-10-07 16:07:45 - evaluator.evaluator - INFO - compute_ranking_metrics:562 - ===================================
2025-10-07 16:07:45 - evaluator.evaluator - INFO - __exit__:128 - Completed: Computing val metrics (took 0.11s)
2025-10-07 16:07:45 - trainer.trainer - INFO - _evaluate_with_full_ranking:663 - VAL Loss: 0.5117
2025-10-07 16:07:45 - trainer.trainer - INFO - __exit__:128 - Completed: Evaluation (val) (took 63.31s)
2025-10-07 16:07:45 - trainer.trainer - INFO - log_training_metrics:163 - Epoch  37 [combined] - train_loss: 0.5761 | train_recall@10: 0.2003 | train_recall@20: 0.3209 | train_ndcg@10: 0.1499 | train_ndcg@20: 0.1894 | train_hit_ratio@10: 0.6277 | train_hit_ratio@20: 0.8345 | train_precision@10: 0.0793 | train_precision@20: 0.0635 | recall@10: 0.3346 | recall@20: 0.4739 | ndcg@10: 0.2177 | ndcg@20: 0.2553 | hit_ratio@10: 0.5777 | hit_ratio@20: 0.7308 | precision@10: 0.0722 | precision@20: 0.0515 | val_loss: 0.5117
2025-10-07 16:07:45 - trainer.trainer - INFO - __enter__:121 - Starting: Evaluation (test)
2025-10-07 16:07:45 - trainer.trainer - INFO - _evaluate_with_full_ranking:546 - Built training item mapping for 1668 users
2025-10-07 16:24:47 - trainer.trainer - INFO - _evaluate_with_full_ranking:578 - Found 1757 unique user-basket pairs for evaluation
2025-10-07 16:24:50 - evaluator.prediction_analyzer - INFO - analyze_predictions:161 - Analyzing predictions for 1757 examples (test mode)
2025-10-07 16:24:50 - evaluator.prediction_analyzer - INFO - __enter__:121 - Starting: Prediction analysis (test)
2025-10-07 16:24:50 - evaluator.prediction_analyzer - INFO - __exit__:128 - Completed: Prediction analysis (test) (took 0.00s)
2025-10-07 16:24:50 - evaluator.prediction_analyzer - INFO - _log_analysis_summary:267 - === PREDICTION ANALYSIS SUMMARY (TEST) ===
2025-10-07 16:24:50 - evaluator.prediction_analyzer - INFO - _log_analysis_summary:276 - Ground truth items per example: avg=2.2, min=1, max=3
2025-10-07 16:24:50 - evaluator.prediction_analyzer - INFO - _log_analysis_summary:282 - Epoch range: 10 - 37
2025-10-07 16:24:50 - evaluator.prediction_analyzer - INFO - _log_analysis_summary:300 - Top-5: avg_hits=0.5, avg_recall=0.228, examples_with_hits=610/1400
2025-10-07 16:24:50 - evaluator.prediction_analyzer - INFO - _log_analysis_summary:300 - Top-10: avg_hits=0.7, avg_recall=0.337, examples_with_hits=805/1400
2025-10-07 16:24:50 - evaluator.prediction_analyzer - INFO - _log_analysis_summary:300 - Top-20: avg_hits=1.0, avg_recall=0.485, examples_with_hits=1023/1400
2025-10-07 16:24:50 - evaluator.prediction_analyzer - INFO - _save_analysis_to_file:382 - Saved prediction analysis to: pytorch_pipeline/outputs/prediction_analysis/predictions_test_grnn_20251007_124143.json
2025-10-07 16:24:50 - evaluator.prediction_analyzer - INFO - _save_summary_statistics:429 - Saved summary statistics to: pytorch_pipeline/outputs/prediction_analysis/summary_test_grnn_20251007_124143.csv
2025-10-07 16:24:50 - evaluator.prediction_analyzer - INFO - show_detailed_examples:321 - === DETAILED PREDICTION EXAMPLES (TEST) ===
2025-10-07 16:24:50 - evaluator.prediction_analyzer - INFO - _show_single_example:333 - 
--- Example 1 (next-basket prediction) ---
2025-10-07 16:24:50 - evaluator.prediction_analyzer - INFO - _show_single_example:334 - User ID: 0, Basket ID: 3
2025-10-07 16:24:50 - evaluator.prediction_analyzer - INFO - _show_single_example:338 - Ground Truth (3 items): ['0', '64', '4']
2025-10-07 16:24:50 - evaluator.prediction_analyzer - INFO - _show_single_example:352 - 
Top-5 Predictions:
2025-10-07 16:24:50 - evaluator.prediction_analyzer - INFO - _show_single_example:354 -   Predicted: ['37', '17', '4', '23', '49']
2025-10-07 16:24:50 - evaluator.prediction_analyzer - INFO - _show_single_example:360 -   ✓ Hits (1): ['4']
2025-10-07 16:24:50 - evaluator.prediction_analyzer - INFO - _show_single_example:363 -   Metrics: Recall=0.333, Precision=0.200
2025-10-07 16:24:50 - evaluator.prediction_analyzer - INFO - _show_single_example:352 - 
Top-10 Predictions:
2025-10-07 16:24:50 - evaluator.prediction_analyzer - INFO - _show_single_example:354 -   Predicted: ['37', '17', '4', '23', '49', '22', '3', '10', '70', '2']
2025-10-07 16:24:50 - evaluator.prediction_analyzer - INFO - _show_single_example:360 -   ✓ Hits (1): ['4']
2025-10-07 16:24:50 - evaluator.prediction_analyzer - INFO - _show_single_example:363 -   Metrics: Recall=0.333, Precision=0.100
2025-10-07 16:24:50 - evaluator.prediction_analyzer - INFO - _show_single_example:352 - 
Top-20 Predictions:
2025-10-07 16:24:50 - evaluator.prediction_analyzer - INFO - _show_single_example:354 -   Predicted: ['37', '17', '4', '23', '49', '22', '3', '10', '70', '2', '114', '11', '0', '65', '74', '68', '113', '59', '16', '21']
2025-10-07 16:24:50 - evaluator.prediction_analyzer - INFO - _show_single_example:360 -   ✓ Hits (2): ['4', '0']
2025-10-07 16:24:50 - evaluator.prediction_analyzer - INFO - _show_single_example:363 -   Metrics: Recall=0.667, Precision=0.100
2025-10-07 16:24:50 - evaluator.prediction_analyzer - INFO - _show_single_example:333 - 
--- Example 2 (next-basket prediction) ---
2025-10-07 16:24:50 - evaluator.prediction_analyzer - INFO - _show_single_example:334 - User ID: 2, Basket ID: 12
2025-10-07 16:24:50 - evaluator.prediction_analyzer - INFO - _show_single_example:338 - Ground Truth (3 items): ['33', '2', '3']
2025-10-07 16:24:50 - evaluator.prediction_analyzer - INFO - _show_single_example:352 - 
Top-5 Predictions:
2025-10-07 16:24:50 - evaluator.prediction_analyzer - INFO - _show_single_example:354 -   Predicted: ['37', '17', '4', '23', '1']
2025-10-07 16:24:50 - evaluator.prediction_analyzer - INFO - _show_single_example:365 -   ✗ No hits in top-5
2025-10-07 16:24:50 - evaluator.prediction_analyzer - INFO - _show_single_example:352 - 
Top-10 Predictions:
2025-10-07 16:24:50 - evaluator.prediction_analyzer - INFO - _show_single_example:354 -   Predicted: ['37', '17', '4', '23', '1', '49', '3', '10', '70', '2']
2025-10-07 16:24:50 - evaluator.prediction_analyzer - INFO - _show_single_example:360 -   ✓ Hits (2): ['3', '2']
2025-10-07 16:24:50 - evaluator.prediction_analyzer - INFO - _show_single_example:363 -   Metrics: Recall=0.667, Precision=0.200
2025-10-07 16:24:50 - evaluator.prediction_analyzer - INFO - _show_single_example:352 - 
Top-20 Predictions:
2025-10-07 16:24:50 - evaluator.prediction_analyzer - INFO - _show_single_example:354 -   Predicted: ['37', '17', '4', '23', '1', '49', '3', '10', '70', '2', '114', '0', '65', '74', '68', '113', '59', '16', '21', '19']
2025-10-07 16:24:50 - evaluator.prediction_analyzer - INFO - _show_single_example:360 -   ✓ Hits (2): ['3', '2']
2025-10-07 16:24:50 - evaluator.prediction_analyzer - INFO - _show_single_example:363 -   Metrics: Recall=0.667, Precision=0.100
2025-10-07 16:24:50 - evaluator.prediction_analyzer - INFO - _show_single_example:333 - 
--- Example 3 (next-basket prediction) ---
2025-10-07 16:24:50 - evaluator.prediction_analyzer - INFO - _show_single_example:334 - User ID: 3, Basket ID: 15
2025-10-07 16:24:50 - evaluator.prediction_analyzer - INFO - _show_single_example:338 - Ground Truth (3 items): ['65', '3', '70']
2025-10-07 16:24:50 - evaluator.prediction_analyzer - INFO - _show_single_example:352 - 
Top-5 Predictions:
2025-10-07 16:24:50 - evaluator.prediction_analyzer - INFO - _show_single_example:354 -   Predicted: ['17', '4', '23', '1', '49']
2025-10-07 16:24:50 - evaluator.prediction_analyzer - INFO - _show_single_example:365 -   ✗ No hits in top-5
2025-10-07 16:24:50 - evaluator.prediction_analyzer - INFO - _show_single_example:352 - 
Top-10 Predictions:
2025-10-07 16:24:50 - evaluator.prediction_analyzer - INFO - _show_single_example:354 -   Predicted: ['17', '4', '23', '1', '49', '22', '3', '10', '70', '2']
2025-10-07 16:24:50 - evaluator.prediction_analyzer - INFO - _show_single_example:360 -   ✓ Hits (2): ['3', '70']
2025-10-07 16:24:50 - evaluator.prediction_analyzer - INFO - _show_single_example:363 -   Metrics: Recall=0.667, Precision=0.200
2025-10-07 16:24:50 - evaluator.prediction_analyzer - INFO - _show_single_example:352 - 
Top-20 Predictions:
2025-10-07 16:24:50 - evaluator.prediction_analyzer - INFO - _show_single_example:354 -   Predicted: ['17', '4', '23', '1', '49', '22', '3', '10', '70', '2', '114', '11', '0', '65', '74', '68', '113', '59', '16', '21']
2025-10-07 16:24:50 - evaluator.prediction_analyzer - INFO - _show_single_example:360 -   ✓ Hits (3): ['3', '70', '65']
2025-10-07 16:24:50 - evaluator.prediction_analyzer - INFO - _show_single_example:363 -   Metrics: Recall=1.000, Precision=0.150
2025-10-07 16:24:50 - evaluator.prediction_analyzer - INFO - show_detailed_examples:327 - ============================================================
2025-10-07 16:24:50 - evaluator.evaluator - INFO - __enter__:121 - Starting: Computing test metrics
2025-10-07 16:24:50 - evaluator.evaluator - INFO - compute_ranking_metrics:559 - === TEST METRICS SUMMARY ===
2025-10-07 16:24:50 - evaluator.evaluator - INFO - compute_ranking_metrics:561 - recall@10: 0.3355
2025-10-07 16:24:50 - evaluator.evaluator - INFO - compute_ranking_metrics:561 - recall@20: 0.4756
2025-10-07 16:24:50 - evaluator.evaluator - INFO - compute_ranking_metrics:561 - ndcg@10: 0.2183
2025-10-07 16:24:50 - evaluator.evaluator - INFO - compute_ranking_metrics:561 - ndcg@20: 0.2560
2025-10-07 16:24:50 - evaluator.evaluator - INFO - compute_ranking_metrics:561 - hit_ratio@10: 0.5800
2025-10-07 16:24:50 - evaluator.evaluator - INFO - compute_ranking_metrics:561 - hit_ratio@20: 0.7353
2025-10-07 16:24:50 - evaluator.evaluator - INFO - compute_ranking_metrics:561 - precision@10: 0.0724
2025-10-07 16:24:50 - evaluator.evaluator - INFO - compute_ranking_metrics:561 - precision@20: 0.0517
2025-10-07 16:24:50 - evaluator.evaluator - INFO - compute_ranking_metrics:562 - ===================================
2025-10-07 16:24:50 - evaluator.evaluator - INFO - __exit__:128 - Completed: Computing test metrics (took 0.08s)
2025-10-07 16:24:50 - trainer.trainer - INFO - _evaluate_with_full_ranking:663 - TEST Loss: 0.5168
2025-10-07 16:24:50 - trainer.trainer - INFO - __exit__:128 - Completed: Evaluation (test) (took 1024.70s)
2025-10-07 16:24:50 - trainer.trainer - INFO - _train_epoch:353 - Training metrics computation disabled
2025-10-07 16:24:50 - trainer.trainer - INFO - __enter__:121 - Starting: Training epoch 38
2025-10-07 16:25:25 - trainer.trainer - INFO - __exit__:128 - Completed: Training epoch 38 (took 35.35s)
2025-10-07 16:25:25 - trainer.trainer - INFO - _train_epoch:417 - Computing training ranking metrics from 1668 user-basket pairs
2025-10-07 16:25:30 - evaluator.evaluator - INFO - __enter__:121 - Starting: Computing train metrics
2025-10-07 16:25:30 - evaluator.evaluator - INFO - compute_ranking_metrics:559 - === TRAIN METRICS SUMMARY ===
2025-10-07 16:25:30 - evaluator.evaluator - INFO - compute_ranking_metrics:561 - recall@10: 0.2001
2025-10-07 16:25:30 - evaluator.evaluator - INFO - compute_ranking_metrics:561 - recall@20: 0.3212
2025-10-07 16:25:30 - evaluator.evaluator - INFO - compute_ranking_metrics:561 - ndcg@10: 0.1497
2025-10-07 16:25:30 - evaluator.evaluator - INFO - compute_ranking_metrics:561 - ndcg@20: 0.1893
2025-10-07 16:25:30 - evaluator.evaluator - INFO - compute_ranking_metrics:561 - hit_ratio@10: 0.6277
2025-10-07 16:25:30 - evaluator.evaluator - INFO - compute_ranking_metrics:561 - hit_ratio@20: 0.8357
2025-10-07 16:25:30 - evaluator.evaluator - INFO - compute_ranking_metrics:561 - precision@10: 0.0792
2025-10-07 16:25:30 - evaluator.evaluator - INFO - compute_ranking_metrics:561 - precision@20: 0.0636
2025-10-07 16:25:30 - evaluator.evaluator - INFO - compute_ranking_metrics:562 - ===================================
2025-10-07 16:25:30 - evaluator.evaluator - INFO - __exit__:128 - Completed: Computing train metrics (took 0.08s)
2025-10-07 16:25:30 - trainer.trainer - INFO - _train_epoch:424 - Training metrics computed: ['recall@10', 'recall@20', 'ndcg@10', 'ndcg@20', 'hit_ratio@10', 'hit_ratio@20', 'precision@10', 'precision@20']
2025-10-07 16:25:30 - trainer.trainer - INFO - __enter__:121 - Starting: Evaluation (val)
2025-10-07 16:25:30 - trainer.trainer - INFO - _evaluate_with_full_ranking:546 - Built training item mapping for 1668 users
2025-10-07 16:25:55 - trainer.trainer - INFO - _evaluate_with_full_ranking:578 - Found 1757 unique user-basket pairs for evaluation
2025-10-07 16:25:58 - evaluator.prediction_analyzer - INFO - analyze_predictions:161 - Analyzing predictions for 1757 examples (val mode)
2025-10-07 16:25:58 - evaluator.prediction_analyzer - INFO - __enter__:121 - Starting: Prediction analysis (val)
2025-10-07 16:25:58 - evaluator.prediction_analyzer - INFO - __exit__:128 - Completed: Prediction analysis (val) (took 0.00s)
2025-10-07 16:25:58 - evaluator.prediction_analyzer - INFO - _log_analysis_summary:267 - === PREDICTION ANALYSIS SUMMARY (VAL) ===
2025-10-07 16:25:58 - evaluator.prediction_analyzer - INFO - _log_analysis_summary:276 - Ground truth items per example: avg=2.2, min=1, max=3
2025-10-07 16:25:58 - evaluator.prediction_analyzer - INFO - _log_analysis_summary:282 - Epoch range: 0 - 38
2025-10-07 16:25:58 - evaluator.prediction_analyzer - INFO - _log_analysis_summary:300 - Top-5: avg_hits=0.4, avg_recall=0.185, examples_with_hits=687/1950
2025-10-07 16:25:58 - evaluator.prediction_analyzer - INFO - _log_analysis_summary:300 - Top-10: avg_hits=0.6, avg_recall=0.287, examples_with_hits=967/1950
2025-10-07 16:25:58 - evaluator.prediction_analyzer - INFO - _log_analysis_summary:300 - Top-20: avg_hits=0.9, avg_recall=0.434, examples_with_hits=1303/1950
2025-10-07 16:25:58 - evaluator.prediction_analyzer - INFO - _save_analysis_to_file:382 - Saved prediction analysis to: pytorch_pipeline/outputs/prediction_analysis/predictions_val_grnn_20251007_124143.json
2025-10-07 16:25:58 - evaluator.prediction_analyzer - INFO - _save_summary_statistics:429 - Saved summary statistics to: pytorch_pipeline/outputs/prediction_analysis/summary_val_grnn_20251007_124143.csv
2025-10-07 16:25:58 - evaluator.evaluator - INFO - __enter__:121 - Starting: Computing val metrics
2025-10-07 16:25:58 - evaluator.evaluator - INFO - compute_ranking_metrics:559 - === VAL METRICS SUMMARY ===
2025-10-07 16:25:58 - evaluator.evaluator - INFO - compute_ranking_metrics:561 - recall@10: 0.3322
2025-10-07 16:25:58 - evaluator.evaluator - INFO - compute_ranking_metrics:561 - recall@20: 0.4717
2025-10-07 16:25:58 - evaluator.evaluator - INFO - compute_ranking_metrics:561 - ndcg@10: 0.2169
2025-10-07 16:25:58 - evaluator.evaluator - INFO - compute_ranking_metrics:561 - ndcg@20: 0.2547
2025-10-07 16:25:58 - evaluator.evaluator - INFO - compute_ranking_metrics:561 - hit_ratio@10: 0.5748
2025-10-07 16:25:58 - evaluator.evaluator - INFO - compute_ranking_metrics:561 - hit_ratio@20: 0.7285
2025-10-07 16:25:58 - evaluator.evaluator - INFO - compute_ranking_metrics:561 - precision@10: 0.0718
2025-10-07 16:25:58 - evaluator.evaluator - INFO - compute_ranking_metrics:561 - precision@20: 0.0513
2025-10-07 16:25:58 - evaluator.evaluator - INFO - compute_ranking_metrics:562 - ===================================
2025-10-07 16:25:58 - evaluator.evaluator - INFO - __exit__:128 - Completed: Computing val metrics (took 0.09s)
2025-10-07 16:25:58 - trainer.trainer - INFO - _evaluate_with_full_ranking:663 - VAL Loss: 0.5141
2025-10-07 16:25:58 - trainer.trainer - INFO - __exit__:128 - Completed: Evaluation (val) (took 27.80s)
2025-10-07 16:25:58 - trainer.trainer - INFO - log_training_metrics:163 - Epoch  38 [combined] - train_loss: 0.5721 | train_recall@10: 0.2001 | train_recall@20: 0.3212 | train_ndcg@10: 0.1497 | train_ndcg@20: 0.1893 | train_hit_ratio@10: 0.6277 | train_hit_ratio@20: 0.8357 | train_precision@10: 0.0792 | train_precision@20: 0.0636 | recall@10: 0.3322 | recall@20: 0.4717 | ndcg@10: 0.2169 | ndcg@20: 0.2547 | hit_ratio@10: 0.5748 | hit_ratio@20: 0.7285 | precision@10: 0.0718 | precision@20: 0.0513 | val_loss: 0.5141
2025-10-07 16:25:58 - trainer.trainer - INFO - __enter__:121 - Starting: Evaluation (test)
2025-10-07 16:25:58 - trainer.trainer - INFO - _evaluate_with_full_ranking:546 - Built training item mapping for 1668 users
2025-10-07 16:26:23 - trainer.trainer - INFO - _evaluate_with_full_ranking:578 - Found 1757 unique user-basket pairs for evaluation
2025-10-07 16:26:25 - evaluator.prediction_analyzer - INFO - analyze_predictions:161 - Analyzing predictions for 1757 examples (test mode)
2025-10-07 16:26:25 - evaluator.prediction_analyzer - INFO - __enter__:121 - Starting: Prediction analysis (test)
2025-10-07 16:26:25 - evaluator.prediction_analyzer - INFO - __exit__:128 - Completed: Prediction analysis (test) (took 0.00s)
2025-10-07 16:26:25 - evaluator.prediction_analyzer - INFO - _log_analysis_summary:267 - === PREDICTION ANALYSIS SUMMARY (TEST) ===
2025-10-07 16:26:25 - evaluator.prediction_analyzer - INFO - _log_analysis_summary:276 - Ground truth items per example: avg=2.2, min=1, max=3
2025-10-07 16:26:25 - evaluator.prediction_analyzer - INFO - _log_analysis_summary:282 - Epoch range: 10 - 38
2025-10-07 16:26:25 - evaluator.prediction_analyzer - INFO - _log_analysis_summary:300 - Top-5: avg_hits=0.5, avg_recall=0.228, examples_with_hits=630/1450
2025-10-07 16:26:25 - evaluator.prediction_analyzer - INFO - _log_analysis_summary:300 - Top-10: avg_hits=0.7, avg_recall=0.337, examples_with_hits=833/1450
2025-10-07 16:26:25 - evaluator.prediction_analyzer - INFO - _log_analysis_summary:300 - Top-20: avg_hits=1.0, avg_recall=0.484, examples_with_hits=1057/1450
2025-10-07 16:26:25 - evaluator.prediction_analyzer - INFO - _save_analysis_to_file:382 - Saved prediction analysis to: pytorch_pipeline/outputs/prediction_analysis/predictions_test_grnn_20251007_124143.json
2025-10-07 16:26:25 - evaluator.prediction_analyzer - INFO - _save_summary_statistics:429 - Saved summary statistics to: pytorch_pipeline/outputs/prediction_analysis/summary_test_grnn_20251007_124143.csv
2025-10-07 16:26:25 - evaluator.prediction_analyzer - INFO - show_detailed_examples:321 - === DETAILED PREDICTION EXAMPLES (TEST) ===
2025-10-07 16:26:25 - evaluator.prediction_analyzer - INFO - _show_single_example:333 - 
--- Example 1 (next-basket prediction) ---
2025-10-07 16:26:25 - evaluator.prediction_analyzer - INFO - _show_single_example:334 - User ID: 0, Basket ID: 3
2025-10-07 16:26:25 - evaluator.prediction_analyzer - INFO - _show_single_example:338 - Ground Truth (3 items): ['0', '64', '4']
2025-10-07 16:26:25 - evaluator.prediction_analyzer - INFO - _show_single_example:352 - 
Top-5 Predictions:
2025-10-07 16:26:25 - evaluator.prediction_analyzer - INFO - _show_single_example:354 -   Predicted: ['37', '17', '4', '23', '49']
2025-10-07 16:26:25 - evaluator.prediction_analyzer - INFO - _show_single_example:360 -   ✓ Hits (1): ['4']
2025-10-07 16:26:25 - evaluator.prediction_analyzer - INFO - _show_single_example:363 -   Metrics: Recall=0.333, Precision=0.200
2025-10-07 16:26:25 - evaluator.prediction_analyzer - INFO - _show_single_example:352 - 
Top-10 Predictions:
2025-10-07 16:26:25 - evaluator.prediction_analyzer - INFO - _show_single_example:354 -   Predicted: ['37', '17', '4', '23', '49', '22', '3', '10', '70', '2']
2025-10-07 16:26:25 - evaluator.prediction_analyzer - INFO - _show_single_example:360 -   ✓ Hits (1): ['4']
2025-10-07 16:26:25 - evaluator.prediction_analyzer - INFO - _show_single_example:363 -   Metrics: Recall=0.333, Precision=0.100
2025-10-07 16:26:25 - evaluator.prediction_analyzer - INFO - _show_single_example:352 - 
Top-20 Predictions:
2025-10-07 16:26:25 - evaluator.prediction_analyzer - INFO - _show_single_example:354 -   Predicted: ['37', '17', '4', '23', '49', '22', '3', '10', '70', '2', '114', '11', '0', '65', '74', '68', '113', '59', '16', '21']
2025-10-07 16:26:25 - evaluator.prediction_analyzer - INFO - _show_single_example:360 -   ✓ Hits (2): ['4', '0']
2025-10-07 16:26:25 - evaluator.prediction_analyzer - INFO - _show_single_example:363 -   Metrics: Recall=0.667, Precision=0.100
2025-10-07 16:26:25 - evaluator.prediction_analyzer - INFO - _show_single_example:333 - 
--- Example 2 (next-basket prediction) ---
2025-10-07 16:26:25 - evaluator.prediction_analyzer - INFO - _show_single_example:334 - User ID: 2, Basket ID: 12
2025-10-07 16:26:25 - evaluator.prediction_analyzer - INFO - _show_single_example:338 - Ground Truth (3 items): ['33', '2', '3']
2025-10-07 16:26:25 - evaluator.prediction_analyzer - INFO - _show_single_example:352 - 
Top-5 Predictions:
2025-10-07 16:26:25 - evaluator.prediction_analyzer - INFO - _show_single_example:354 -   Predicted: ['37', '17', '4', '23', '1']
2025-10-07 16:26:25 - evaluator.prediction_analyzer - INFO - _show_single_example:365 -   ✗ No hits in top-5
2025-10-07 16:26:25 - evaluator.prediction_analyzer - INFO - _show_single_example:352 - 
Top-10 Predictions:
2025-10-07 16:26:25 - evaluator.prediction_analyzer - INFO - _show_single_example:354 -   Predicted: ['37', '17', '4', '23', '1', '49', '3', '10', '70', '2']
2025-10-07 16:26:25 - evaluator.prediction_analyzer - INFO - _show_single_example:360 -   ✓ Hits (2): ['3', '2']
2025-10-07 16:26:25 - evaluator.prediction_analyzer - INFO - _show_single_example:363 -   Metrics: Recall=0.667, Precision=0.200
2025-10-07 16:26:25 - evaluator.prediction_analyzer - INFO - _show_single_example:352 - 
Top-20 Predictions:
2025-10-07 16:26:25 - evaluator.prediction_analyzer - INFO - _show_single_example:354 -   Predicted: ['37', '17', '4', '23', '1', '49', '3', '10', '70', '2', '114', '0', '65', '74', '68', '113', '59', '16', '21', '19']
2025-10-07 16:26:25 - evaluator.prediction_analyzer - INFO - _show_single_example:360 -   ✓ Hits (2): ['3', '2']
2025-10-07 16:26:25 - evaluator.prediction_analyzer - INFO - _show_single_example:363 -   Metrics: Recall=0.667, Precision=0.100
2025-10-07 16:26:25 - evaluator.prediction_analyzer - INFO - _show_single_example:333 - 
--- Example 3 (next-basket prediction) ---
2025-10-07 16:26:25 - evaluator.prediction_analyzer - INFO - _show_single_example:334 - User ID: 3, Basket ID: 15
2025-10-07 16:26:25 - evaluator.prediction_analyzer - INFO - _show_single_example:338 - Ground Truth (3 items): ['65', '3', '70']
2025-10-07 16:26:25 - evaluator.prediction_analyzer - INFO - _show_single_example:352 - 
Top-5 Predictions:
2025-10-07 16:26:25 - evaluator.prediction_analyzer - INFO - _show_single_example:354 -   Predicted: ['17', '4', '23', '1', '49']
2025-10-07 16:26:25 - evaluator.prediction_analyzer - INFO - _show_single_example:365 -   ✗ No hits in top-5
2025-10-07 16:26:25 - evaluator.prediction_analyzer - INFO - _show_single_example:352 - 
Top-10 Predictions:
2025-10-07 16:26:25 - evaluator.prediction_analyzer - INFO - _show_single_example:354 -   Predicted: ['17', '4', '23', '1', '49', '22', '3', '10', '70', '2']
2025-10-07 16:26:25 - evaluator.prediction_analyzer - INFO - _show_single_example:360 -   ✓ Hits (2): ['3', '70']
2025-10-07 16:26:25 - evaluator.prediction_analyzer - INFO - _show_single_example:363 -   Metrics: Recall=0.667, Precision=0.200
2025-10-07 16:26:25 - evaluator.prediction_analyzer - INFO - _show_single_example:352 - 
Top-20 Predictions:
2025-10-07 16:26:25 - evaluator.prediction_analyzer - INFO - _show_single_example:354 -   Predicted: ['17', '4', '23', '1', '49', '22', '3', '10', '70', '2', '114', '11', '0', '65', '74', '68', '113', '59', '16', '21']
2025-10-07 16:26:25 - evaluator.prediction_analyzer - INFO - _show_single_example:360 -   ✓ Hits (3): ['3', '70', '65']
2025-10-07 16:26:25 - evaluator.prediction_analyzer - INFO - _show_single_example:363 -   Metrics: Recall=1.000, Precision=0.150
2025-10-07 16:26:25 - evaluator.prediction_analyzer - INFO - show_detailed_examples:327 - ============================================================
2025-10-07 16:26:25 - evaluator.evaluator - INFO - __enter__:121 - Starting: Computing test metrics
2025-10-07 16:26:25 - evaluator.evaluator - INFO - compute_ranking_metrics:559 - === TEST METRICS SUMMARY ===
2025-10-07 16:26:25 - evaluator.evaluator - INFO - compute_ranking_metrics:561 - recall@10: 0.3321
2025-10-07 16:26:25 - evaluator.evaluator - INFO - compute_ranking_metrics:561 - recall@20: 0.4689
2025-10-07 16:26:25 - evaluator.evaluator - INFO - compute_ranking_metrics:561 - ndcg@10: 0.2162
2025-10-07 16:26:25 - evaluator.evaluator - INFO - compute_ranking_metrics:561 - ndcg@20: 0.2532
2025-10-07 16:26:25 - evaluator.evaluator - INFO - compute_ranking_metrics:561 - hit_ratio@10: 0.5737
2025-10-07 16:26:25 - evaluator.evaluator - INFO - compute_ranking_metrics:561 - hit_ratio@20: 0.7251
2025-10-07 16:26:25 - evaluator.evaluator - INFO - compute_ranking_metrics:561 - precision@10: 0.0716
2025-10-07 16:26:25 - evaluator.evaluator - INFO - compute_ranking_metrics:561 - precision@20: 0.0509
2025-10-07 16:26:25 - evaluator.evaluator - INFO - compute_ranking_metrics:562 - ===================================
2025-10-07 16:26:25 - evaluator.evaluator - INFO - __exit__:128 - Completed: Computing test metrics (took 0.08s)
2025-10-07 16:26:25 - trainer.trainer - INFO - _evaluate_with_full_ranking:663 - TEST Loss: 0.5206
2025-10-07 16:26:25 - trainer.trainer - INFO - __exit__:128 - Completed: Evaluation (test) (took 27.58s)
2025-10-07 16:26:25 - trainer.trainer - INFO - _train_epoch:353 - Training metrics computation disabled
2025-10-07 16:26:25 - trainer.trainer - INFO - __enter__:121 - Starting: Training epoch 39
2025-10-07 16:27:00 - trainer.trainer - INFO - __exit__:128 - Completed: Training epoch 39 (took 34.28s)
2025-10-07 16:27:00 - trainer.trainer - INFO - _train_epoch:417 - Computing training ranking metrics from 1668 user-basket pairs
2025-10-07 16:27:05 - evaluator.evaluator - INFO - __enter__:121 - Starting: Computing train metrics
2025-10-07 16:27:05 - evaluator.evaluator - INFO - compute_ranking_metrics:559 - === TRAIN METRICS SUMMARY ===
2025-10-07 16:27:05 - evaluator.evaluator - INFO - compute_ranking_metrics:561 - recall@10: 0.2005
2025-10-07 16:27:05 - evaluator.evaluator - INFO - compute_ranking_metrics:561 - recall@20: 0.3217
2025-10-07 16:27:05 - evaluator.evaluator - INFO - compute_ranking_metrics:561 - ndcg@10: 0.1496
2025-10-07 16:27:05 - evaluator.evaluator - INFO - compute_ranking_metrics:561 - ndcg@20: 0.1893
2025-10-07 16:27:05 - evaluator.evaluator - INFO - compute_ranking_metrics:561 - hit_ratio@10: 0.6289
2025-10-07 16:27:05 - evaluator.evaluator - INFO - compute_ranking_metrics:561 - hit_ratio@20: 0.8369
2025-10-07 16:27:05 - evaluator.evaluator - INFO - compute_ranking_metrics:561 - precision@10: 0.0793
2025-10-07 16:27:05 - evaluator.evaluator - INFO - compute_ranking_metrics:561 - precision@20: 0.0637
2025-10-07 16:27:05 - evaluator.evaluator - INFO - compute_ranking_metrics:562 - ===================================
2025-10-07 16:27:05 - evaluator.evaluator - INFO - __exit__:128 - Completed: Computing train metrics (took 0.09s)
2025-10-07 16:27:05 - trainer.trainer - INFO - _train_epoch:424 - Training metrics computed: ['recall@10', 'recall@20', 'ndcg@10', 'ndcg@20', 'hit_ratio@10', 'hit_ratio@20', 'precision@10', 'precision@20']
2025-10-07 16:27:05 - trainer.trainer - INFO - __enter__:121 - Starting: Evaluation (val)
2025-10-07 16:27:05 - trainer.trainer - INFO - _evaluate_with_full_ranking:546 - Built training item mapping for 1668 users
2025-10-07 16:27:30 - trainer.trainer - INFO - _evaluate_with_full_ranking:578 - Found 1757 unique user-basket pairs for evaluation
2025-10-07 16:27:32 - evaluator.prediction_analyzer - INFO - analyze_predictions:161 - Analyzing predictions for 1757 examples (val mode)
2025-10-07 16:27:32 - evaluator.prediction_analyzer - INFO - __enter__:121 - Starting: Prediction analysis (val)
2025-10-07 16:27:32 - evaluator.prediction_analyzer - INFO - __exit__:128 - Completed: Prediction analysis (val) (took 0.00s)
2025-10-07 16:27:32 - evaluator.prediction_analyzer - INFO - _log_analysis_summary:267 - === PREDICTION ANALYSIS SUMMARY (VAL) ===
2025-10-07 16:27:32 - evaluator.prediction_analyzer - INFO - _log_analysis_summary:276 - Ground truth items per example: avg=2.2, min=1, max=3
2025-10-07 16:27:32 - evaluator.prediction_analyzer - INFO - _log_analysis_summary:282 - Epoch range: 0 - 39
2025-10-07 16:27:32 - evaluator.prediction_analyzer - INFO - _log_analysis_summary:300 - Top-5: avg_hits=0.4, avg_recall=0.186, examples_with_hits=707/2000
2025-10-07 16:27:32 - evaluator.prediction_analyzer - INFO - _log_analysis_summary:300 - Top-10: avg_hits=0.6, avg_recall=0.287, examples_with_hits=994/2000
2025-10-07 16:27:32 - evaluator.prediction_analyzer - INFO - _log_analysis_summary:300 - Top-20: avg_hits=0.9, avg_recall=0.434, examples_with_hits=1336/2000
2025-10-07 16:27:32 - evaluator.prediction_analyzer - INFO - _save_analysis_to_file:382 - Saved prediction analysis to: pytorch_pipeline/outputs/prediction_analysis/predictions_val_grnn_20251007_124143.json
2025-10-07 16:27:32 - evaluator.prediction_analyzer - INFO - _save_summary_statistics:429 - Saved summary statistics to: pytorch_pipeline/outputs/prediction_analysis/summary_val_grnn_20251007_124143.csv
2025-10-07 16:27:32 - evaluator.evaluator - INFO - __enter__:121 - Starting: Computing val metrics
2025-10-07 16:27:32 - evaluator.evaluator - INFO - compute_ranking_metrics:559 - === VAL METRICS SUMMARY ===
2025-10-07 16:27:32 - evaluator.evaluator - INFO - compute_ranking_metrics:561 - recall@10: 0.3279
2025-10-07 16:27:32 - evaluator.evaluator - INFO - compute_ranking_metrics:561 - recall@20: 0.4673
2025-10-07 16:27:32 - evaluator.evaluator - INFO - compute_ranking_metrics:561 - ndcg@10: 0.2141
2025-10-07 16:27:32 - evaluator.evaluator - INFO - compute_ranking_metrics:561 - ndcg@20: 0.2518
2025-10-07 16:27:32 - evaluator.evaluator - INFO - compute_ranking_metrics:561 - hit_ratio@10: 0.5686
2025-10-07 16:27:32 - evaluator.evaluator - INFO - compute_ranking_metrics:561 - hit_ratio@20: 0.7223
2025-10-07 16:27:32 - evaluator.evaluator - INFO - compute_ranking_metrics:561 - precision@10: 0.0708
2025-10-07 16:27:32 - evaluator.evaluator - INFO - compute_ranking_metrics:561 - precision@20: 0.0508
2025-10-07 16:27:32 - evaluator.evaluator - INFO - compute_ranking_metrics:562 - ===================================
2025-10-07 16:27:32 - evaluator.evaluator - INFO - __exit__:128 - Completed: Computing val metrics (took 0.09s)
2025-10-07 16:27:32 - trainer.trainer - INFO - _evaluate_with_full_ranking:663 - VAL Loss: 0.5214
2025-10-07 16:27:32 - trainer.trainer - INFO - __exit__:128 - Completed: Evaluation (val) (took 27.67s)
2025-10-07 16:27:32 - trainer.trainer - INFO - log_training_metrics:163 - Epoch  39 [combined] - train_loss: 0.5742 | train_recall@10: 0.2005 | train_recall@20: 0.3217 | train_ndcg@10: 0.1496 | train_ndcg@20: 0.1893 | train_hit_ratio@10: 0.6289 | train_hit_ratio@20: 0.8369 | train_precision@10: 0.0793 | train_precision@20: 0.0637 | recall@10: 0.3279 | recall@20: 0.4673 | ndcg@10: 0.2141 | ndcg@20: 0.2518 | hit_ratio@10: 0.5686 | hit_ratio@20: 0.7223 | precision@10: 0.0708 | precision@20: 0.0508 | val_loss: 0.5214
2025-10-07 16:27:32 - trainer.trainer - INFO - __enter__:121 - Starting: Evaluation (test)
2025-10-07 16:27:32 - trainer.trainer - INFO - _evaluate_with_full_ranking:546 - Built training item mapping for 1668 users
2025-10-07 16:27:57 - trainer.trainer - INFO - _evaluate_with_full_ranking:578 - Found 1757 unique user-basket pairs for evaluation
2025-10-07 16:28:00 - evaluator.prediction_analyzer - INFO - analyze_predictions:161 - Analyzing predictions for 1757 examples (test mode)
2025-10-07 16:28:00 - evaluator.prediction_analyzer - INFO - __enter__:121 - Starting: Prediction analysis (test)
2025-10-07 16:28:00 - evaluator.prediction_analyzer - INFO - __exit__:128 - Completed: Prediction analysis (test) (took 0.00s)
2025-10-07 16:28:00 - evaluator.prediction_analyzer - INFO - _log_analysis_summary:267 - === PREDICTION ANALYSIS SUMMARY (TEST) ===
2025-10-07 16:28:00 - evaluator.prediction_analyzer - INFO - _log_analysis_summary:276 - Ground truth items per example: avg=2.2, min=1, max=3
2025-10-07 16:28:00 - evaluator.prediction_analyzer - INFO - _log_analysis_summary:282 - Epoch range: 10 - 39
2025-10-07 16:28:00 - evaluator.prediction_analyzer - INFO - _log_analysis_summary:300 - Top-5: avg_hits=0.5, avg_recall=0.228, examples_with_hits=650/1500
2025-10-07 16:28:00 - evaluator.prediction_analyzer - INFO - _log_analysis_summary:300 - Top-10: avg_hits=0.7, avg_recall=0.336, examples_with_hits=860/1500
2025-10-07 16:28:00 - evaluator.prediction_analyzer - INFO - _log_analysis_summary:300 - Top-20: avg_hits=1.0, avg_recall=0.483, examples_with_hits=1092/1500
2025-10-07 16:28:00 - evaluator.prediction_analyzer - INFO - _save_analysis_to_file:382 - Saved prediction analysis to: pytorch_pipeline/outputs/prediction_analysis/predictions_test_grnn_20251007_124143.json
2025-10-07 16:28:00 - evaluator.prediction_analyzer - INFO - _save_summary_statistics:429 - Saved summary statistics to: pytorch_pipeline/outputs/prediction_analysis/summary_test_grnn_20251007_124143.csv
2025-10-07 16:28:00 - evaluator.prediction_analyzer - INFO - show_detailed_examples:321 - === DETAILED PREDICTION EXAMPLES (TEST) ===
2025-10-07 16:28:00 - evaluator.prediction_analyzer - INFO - _show_single_example:333 - 
--- Example 1 (next-basket prediction) ---
2025-10-07 16:28:00 - evaluator.prediction_analyzer - INFO - _show_single_example:334 - User ID: 0, Basket ID: 3
2025-10-07 16:28:00 - evaluator.prediction_analyzer - INFO - _show_single_example:338 - Ground Truth (3 items): ['0', '64', '4']
2025-10-07 16:28:00 - evaluator.prediction_analyzer - INFO - _show_single_example:352 - 
Top-5 Predictions:
2025-10-07 16:28:00 - evaluator.prediction_analyzer - INFO - _show_single_example:354 -   Predicted: ['37', '17', '4', '23', '49']
2025-10-07 16:28:00 - evaluator.prediction_analyzer - INFO - _show_single_example:360 -   ✓ Hits (1): ['4']
2025-10-07 16:28:00 - evaluator.prediction_analyzer - INFO - _show_single_example:363 -   Metrics: Recall=0.333, Precision=0.200
2025-10-07 16:28:00 - evaluator.prediction_analyzer - INFO - _show_single_example:352 - 
Top-10 Predictions:
2025-10-07 16:28:00 - evaluator.prediction_analyzer - INFO - _show_single_example:354 -   Predicted: ['37', '17', '4', '23', '49', '22', '3', '10', '70', '2']
2025-10-07 16:28:00 - evaluator.prediction_analyzer - INFO - _show_single_example:360 -   ✓ Hits (1): ['4']
2025-10-07 16:28:00 - evaluator.prediction_analyzer - INFO - _show_single_example:363 -   Metrics: Recall=0.333, Precision=0.100
2025-10-07 16:28:00 - evaluator.prediction_analyzer - INFO - _show_single_example:352 - 
Top-20 Predictions:
2025-10-07 16:28:00 - evaluator.prediction_analyzer - INFO - _show_single_example:354 -   Predicted: ['37', '17', '4', '23', '49', '22', '3', '10', '70', '2', '114', '11', '0', '65', '74', '68', '113', '59', '16', '21']
2025-10-07 16:28:00 - evaluator.prediction_analyzer - INFO - _show_single_example:360 -   ✓ Hits (2): ['4', '0']
2025-10-07 16:28:00 - evaluator.prediction_analyzer - INFO - _show_single_example:363 -   Metrics: Recall=0.667, Precision=0.100
2025-10-07 16:28:00 - evaluator.prediction_analyzer - INFO - _show_single_example:333 - 
--- Example 2 (next-basket prediction) ---
2025-10-07 16:28:00 - evaluator.prediction_analyzer - INFO - _show_single_example:334 - User ID: 2, Basket ID: 12
2025-10-07 16:28:00 - evaluator.prediction_analyzer - INFO - _show_single_example:338 - Ground Truth (3 items): ['33', '2', '3']
2025-10-07 16:28:00 - evaluator.prediction_analyzer - INFO - _show_single_example:352 - 
Top-5 Predictions:
2025-10-07 16:28:00 - evaluator.prediction_analyzer - INFO - _show_single_example:354 -   Predicted: ['37', '17', '4', '23', '1']
2025-10-07 16:28:00 - evaluator.prediction_analyzer - INFO - _show_single_example:365 -   ✗ No hits in top-5
2025-10-07 16:28:00 - evaluator.prediction_analyzer - INFO - _show_single_example:352 - 
Top-10 Predictions:
2025-10-07 16:28:00 - evaluator.prediction_analyzer - INFO - _show_single_example:354 -   Predicted: ['37', '17', '4', '23', '1', '49', '3', '10', '70', '2']
2025-10-07 16:28:00 - evaluator.prediction_analyzer - INFO - _show_single_example:360 -   ✓ Hits (2): ['3', '2']
2025-10-07 16:28:00 - evaluator.prediction_analyzer - INFO - _show_single_example:363 -   Metrics: Recall=0.667, Precision=0.200
2025-10-07 16:28:00 - evaluator.prediction_analyzer - INFO - _show_single_example:352 - 
Top-20 Predictions:
2025-10-07 16:28:00 - evaluator.prediction_analyzer - INFO - _show_single_example:354 -   Predicted: ['37', '17', '4', '23', '1', '49', '3', '10', '70', '2', '114', '0', '65', '74', '68', '113', '59', '16', '21', '19']
2025-10-07 16:28:00 - evaluator.prediction_analyzer - INFO - _show_single_example:360 -   ✓ Hits (2): ['3', '2']
2025-10-07 16:28:00 - evaluator.prediction_analyzer - INFO - _show_single_example:363 -   Metrics: Recall=0.667, Precision=0.100
2025-10-07 16:28:00 - evaluator.prediction_analyzer - INFO - _show_single_example:333 - 
--- Example 3 (next-basket prediction) ---
2025-10-07 16:28:00 - evaluator.prediction_analyzer - INFO - _show_single_example:334 - User ID: 3, Basket ID: 15
2025-10-07 16:28:00 - evaluator.prediction_analyzer - INFO - _show_single_example:338 - Ground Truth (3 items): ['65', '3', '70']
2025-10-07 16:28:00 - evaluator.prediction_analyzer - INFO - _show_single_example:352 - 
Top-5 Predictions:
2025-10-07 16:28:00 - evaluator.prediction_analyzer - INFO - _show_single_example:354 -   Predicted: ['17', '4', '23', '1', '49']
2025-10-07 16:28:00 - evaluator.prediction_analyzer - INFO - _show_single_example:365 -   ✗ No hits in top-5
2025-10-07 16:28:00 - evaluator.prediction_analyzer - INFO - _show_single_example:352 - 
Top-10 Predictions:
2025-10-07 16:28:00 - evaluator.prediction_analyzer - INFO - _show_single_example:354 -   Predicted: ['17', '4', '23', '1', '49', '22', '3', '10', '70', '2']
2025-10-07 16:28:00 - evaluator.prediction_analyzer - INFO - _show_single_example:360 -   ✓ Hits (2): ['3', '70']
2025-10-07 16:28:00 - evaluator.prediction_analyzer - INFO - _show_single_example:363 -   Metrics: Recall=0.667, Precision=0.200
2025-10-07 16:28:00 - evaluator.prediction_analyzer - INFO - _show_single_example:352 - 
Top-20 Predictions:
2025-10-07 16:28:00 - evaluator.prediction_analyzer - INFO - _show_single_example:354 -   Predicted: ['17', '4', '23', '1', '49', '22', '3', '10', '70', '2', '114', '11', '0', '65', '74', '68', '113', '59', '16', '21']
2025-10-07 16:28:00 - evaluator.prediction_analyzer - INFO - _show_single_example:360 -   ✓ Hits (3): ['3', '70', '65']
2025-10-07 16:28:00 - evaluator.prediction_analyzer - INFO - _show_single_example:363 -   Metrics: Recall=1.000, Precision=0.150
2025-10-07 16:28:00 - evaluator.prediction_analyzer - INFO - show_detailed_examples:327 - ============================================================
2025-10-07 16:28:00 - evaluator.evaluator - INFO - __enter__:121 - Starting: Computing test metrics
2025-10-07 16:28:00 - evaluator.evaluator - INFO - compute_ranking_metrics:559 - === TEST METRICS SUMMARY ===
2025-10-07 16:28:00 - evaluator.evaluator - INFO - compute_ranking_metrics:561 - recall@10: 0.3295
2025-10-07 16:28:00 - evaluator.evaluator - INFO - compute_ranking_metrics:561 - recall@20: 0.4685
2025-10-07 16:28:00 - evaluator.evaluator - INFO - compute_ranking_metrics:561 - ndcg@10: 0.2148
2025-10-07 16:28:00 - evaluator.evaluator - INFO - compute_ranking_metrics:561 - ndcg@20: 0.2524
2025-10-07 16:28:00 - evaluator.evaluator - INFO - compute_ranking_metrics:561 - hit_ratio@10: 0.5703
2025-10-07 16:28:00 - evaluator.evaluator - INFO - compute_ranking_metrics:561 - hit_ratio@20: 0.7245
2025-10-07 16:28:00 - evaluator.evaluator - INFO - compute_ranking_metrics:561 - precision@10: 0.0711
2025-10-07 16:28:00 - evaluator.evaluator - INFO - compute_ranking_metrics:561 - precision@20: 0.0510
2025-10-07 16:28:00 - evaluator.evaluator - INFO - compute_ranking_metrics:562 - ===================================
2025-10-07 16:28:00 - evaluator.evaluator - INFO - __exit__:128 - Completed: Computing test metrics (took 0.09s)
2025-10-07 16:28:00 - trainer.trainer - INFO - _evaluate_with_full_ranking:663 - TEST Loss: 0.5253
2025-10-07 16:28:00 - trainer.trainer - INFO - __exit__:128 - Completed: Evaluation (test) (took 27.48s)
2025-10-07 16:28:00 - trainer.trainer - INFO - _train_epoch:353 - Training metrics computation disabled
2025-10-07 16:28:00 - trainer.trainer - INFO - __enter__:121 - Starting: Training epoch 40
2025-10-07 16:28:35 - trainer.trainer - INFO - __exit__:128 - Completed: Training epoch 40 (took 35.29s)
2025-10-07 16:28:35 - trainer.trainer - INFO - _train_epoch:417 - Computing training ranking metrics from 1668 user-basket pairs
2025-10-07 16:28:40 - evaluator.evaluator - INFO - __enter__:121 - Starting: Computing train metrics
2025-10-07 16:28:40 - evaluator.evaluator - INFO - compute_ranking_metrics:559 - === TRAIN METRICS SUMMARY ===
2025-10-07 16:28:40 - evaluator.evaluator - INFO - compute_ranking_metrics:561 - recall@10: 0.2000
2025-10-07 16:28:40 - evaluator.evaluator - INFO - compute_ranking_metrics:561 - recall@20: 0.3208
2025-10-07 16:28:40 - evaluator.evaluator - INFO - compute_ranking_metrics:561 - ndcg@10: 0.1493
2025-10-07 16:28:40 - evaluator.evaluator - INFO - compute_ranking_metrics:561 - ndcg@20: 0.1889
2025-10-07 16:28:40 - evaluator.evaluator - INFO - compute_ranking_metrics:561 - hit_ratio@10: 0.6265
2025-10-07 16:28:40 - evaluator.evaluator - INFO - compute_ranking_metrics:561 - hit_ratio@20: 0.8369
2025-10-07 16:28:40 - evaluator.evaluator - INFO - compute_ranking_metrics:561 - precision@10: 0.0791
2025-10-07 16:28:40 - evaluator.evaluator - INFO - compute_ranking_metrics:561 - precision@20: 0.0635
2025-10-07 16:28:40 - evaluator.evaluator - INFO - compute_ranking_metrics:562 - ===================================
2025-10-07 16:28:40 - evaluator.evaluator - INFO - __exit__:128 - Completed: Computing train metrics (took 0.09s)
2025-10-07 16:28:40 - trainer.trainer - INFO - _train_epoch:424 - Training metrics computed: ['recall@10', 'recall@20', 'ndcg@10', 'ndcg@20', 'hit_ratio@10', 'hit_ratio@20', 'precision@10', 'precision@20']
2025-10-07 16:28:40 - trainer.trainer - INFO - __enter__:121 - Starting: Evaluation (val)
2025-10-07 16:28:40 - trainer.trainer - INFO - _evaluate_with_full_ranking:546 - Built training item mapping for 1668 users
2025-10-07 16:29:05 - trainer.trainer - INFO - _evaluate_with_full_ranking:578 - Found 1757 unique user-basket pairs for evaluation
2025-10-07 16:29:07 - evaluator.prediction_analyzer - INFO - analyze_predictions:161 - Analyzing predictions for 1757 examples (val mode)
2025-10-07 16:29:07 - evaluator.prediction_analyzer - INFO - __enter__:121 - Starting: Prediction analysis (val)
2025-10-07 16:29:07 - evaluator.prediction_analyzer - INFO - __exit__:128 - Completed: Prediction analysis (val) (took 0.00s)
2025-10-07 16:29:07 - evaluator.prediction_analyzer - INFO - _log_analysis_summary:267 - === PREDICTION ANALYSIS SUMMARY (VAL) ===
2025-10-07 16:29:07 - evaluator.prediction_analyzer - INFO - _log_analysis_summary:276 - Ground truth items per example: avg=2.2, min=1, max=3
2025-10-07 16:29:07 - evaluator.prediction_analyzer - INFO - _log_analysis_summary:282 - Epoch range: 0 - 40
2025-10-07 16:29:07 - evaluator.prediction_analyzer - INFO - _log_analysis_summary:300 - Top-5: avg_hits=0.4, avg_recall=0.186, examples_with_hits=726/2050
2025-10-07 16:29:07 - evaluator.prediction_analyzer - INFO - _log_analysis_summary:300 - Top-10: avg_hits=0.6, avg_recall=0.287, examples_with_hits=1019/2050
2025-10-07 16:29:07 - evaluator.prediction_analyzer - INFO - _log_analysis_summary:300 - Top-20: avg_hits=0.9, avg_recall=0.433, examples_with_hits=1367/2050
2025-10-07 16:29:08 - evaluator.prediction_analyzer - INFO - _save_analysis_to_file:382 - Saved prediction analysis to: pytorch_pipeline/outputs/prediction_analysis/predictions_val_grnn_20251007_124143.json
2025-10-07 16:29:08 - evaluator.prediction_analyzer - INFO - _save_summary_statistics:429 - Saved summary statistics to: pytorch_pipeline/outputs/prediction_analysis/summary_val_grnn_20251007_124143.csv
2025-10-07 16:29:08 - evaluator.evaluator - INFO - __enter__:121 - Starting: Computing val metrics
2025-10-07 16:29:08 - evaluator.evaluator - INFO - compute_ranking_metrics:559 - === VAL METRICS SUMMARY ===
2025-10-07 16:29:08 - evaluator.evaluator - INFO - compute_ranking_metrics:561 - recall@10: 0.3226
2025-10-07 16:29:08 - evaluator.evaluator - INFO - compute_ranking_metrics:561 - recall@20: 0.4607
2025-10-07 16:29:08 - evaluator.evaluator - INFO - compute_ranking_metrics:561 - ndcg@10: 0.2107
2025-10-07 16:29:08 - evaluator.evaluator - INFO - compute_ranking_metrics:561 - ndcg@20: 0.2480
2025-10-07 16:29:08 - evaluator.evaluator - INFO - compute_ranking_metrics:561 - hit_ratio@10: 0.5566
2025-10-07 16:29:08 - evaluator.evaluator - INFO - compute_ranking_metrics:561 - hit_ratio@20: 0.7114
2025-10-07 16:29:08 - evaluator.evaluator - INFO - compute_ranking_metrics:561 - precision@10: 0.0697
2025-10-07 16:29:08 - evaluator.evaluator - INFO - compute_ranking_metrics:561 - precision@20: 0.0501
2025-10-07 16:29:08 - evaluator.evaluator - INFO - compute_ranking_metrics:562 - ===================================
2025-10-07 16:29:08 - evaluator.evaluator - INFO - __exit__:128 - Completed: Computing val metrics (took 0.09s)
2025-10-07 16:29:08 - trainer.trainer - INFO - _evaluate_with_full_ranking:663 - VAL Loss: 0.5343
2025-10-07 16:29:08 - trainer.trainer - INFO - __exit__:128 - Completed: Evaluation (val) (took 27.73s)
2025-10-07 16:29:08 - trainer.trainer - INFO - log_training_metrics:163 - Epoch  40 [combined] - train_loss: 0.5744 | train_recall@10: 0.2000 | train_recall@20: 0.3208 | train_ndcg@10: 0.1493 | train_ndcg@20: 0.1889 | train_hit_ratio@10: 0.6265 | train_hit_ratio@20: 0.8369 | train_precision@10: 0.0791 | train_precision@20: 0.0635 | recall@10: 0.3226 | recall@20: 0.4607 | ndcg@10: 0.2107 | ndcg@20: 0.2480 | hit_ratio@10: 0.5566 | hit_ratio@20: 0.7114 | precision@10: 0.0697 | precision@20: 0.0501 | val_loss: 0.5343
2025-10-07 16:29:08 - trainer.trainer - INFO - __enter__:121 - Starting: Evaluation (test)
2025-10-07 16:29:08 - trainer.trainer - INFO - _evaluate_with_full_ranking:546 - Built training item mapping for 1668 users
2025-10-07 16:29:33 - trainer.trainer - INFO - _evaluate_with_full_ranking:578 - Found 1757 unique user-basket pairs for evaluation
2025-10-07 16:29:35 - evaluator.prediction_analyzer - INFO - analyze_predictions:161 - Analyzing predictions for 1757 examples (test mode)
2025-10-07 16:29:35 - evaluator.prediction_analyzer - INFO - __enter__:121 - Starting: Prediction analysis (test)
2025-10-07 16:29:35 - evaluator.prediction_analyzer - INFO - __exit__:128 - Completed: Prediction analysis (test) (took 0.00s)
2025-10-07 16:29:35 - evaluator.prediction_analyzer - INFO - _log_analysis_summary:267 - === PREDICTION ANALYSIS SUMMARY (TEST) ===
2025-10-07 16:29:35 - evaluator.prediction_analyzer - INFO - _log_analysis_summary:276 - Ground truth items per example: avg=2.2, min=1, max=3
2025-10-07 16:29:35 - evaluator.prediction_analyzer - INFO - _log_analysis_summary:282 - Epoch range: 10 - 40
2025-10-07 16:29:35 - evaluator.prediction_analyzer - INFO - _log_analysis_summary:300 - Top-5: avg_hits=0.5, avg_recall=0.228, examples_with_hits=671/1550
2025-10-07 16:29:35 - evaluator.prediction_analyzer - INFO - _log_analysis_summary:300 - Top-10: avg_hits=0.7, avg_recall=0.335, examples_with_hits=887/1550
2025-10-07 16:29:35 - evaluator.prediction_analyzer - INFO - _log_analysis_summary:300 - Top-20: avg_hits=1.0, avg_recall=0.482, examples_with_hits=1125/1550
2025-10-07 16:29:35 - evaluator.prediction_analyzer - INFO - _save_analysis_to_file:382 - Saved prediction analysis to: pytorch_pipeline/outputs/prediction_analysis/predictions_test_grnn_20251007_124143.json
2025-10-07 16:29:35 - evaluator.prediction_analyzer - INFO - _save_summary_statistics:429 - Saved summary statistics to: pytorch_pipeline/outputs/prediction_analysis/summary_test_grnn_20251007_124143.csv
2025-10-07 16:29:35 - evaluator.prediction_analyzer - INFO - show_detailed_examples:321 - === DETAILED PREDICTION EXAMPLES (TEST) ===
2025-10-07 16:29:35 - evaluator.prediction_analyzer - INFO - _show_single_example:333 - 
--- Example 1 (next-basket prediction) ---
2025-10-07 16:29:35 - evaluator.prediction_analyzer - INFO - _show_single_example:334 - User ID: 0, Basket ID: 3
2025-10-07 16:29:35 - evaluator.prediction_analyzer - INFO - _show_single_example:338 - Ground Truth (3 items): ['0', '64', '4']
2025-10-07 16:29:35 - evaluator.prediction_analyzer - INFO - _show_single_example:352 - 
Top-5 Predictions:
2025-10-07 16:29:35 - evaluator.prediction_analyzer - INFO - _show_single_example:354 -   Predicted: ['37', '17', '4', '23', '49']
2025-10-07 16:29:35 - evaluator.prediction_analyzer - INFO - _show_single_example:360 -   ✓ Hits (1): ['4']
2025-10-07 16:29:35 - evaluator.prediction_analyzer - INFO - _show_single_example:363 -   Metrics: Recall=0.333, Precision=0.200
2025-10-07 16:29:35 - evaluator.prediction_analyzer - INFO - _show_single_example:352 - 
Top-10 Predictions:
2025-10-07 16:29:35 - evaluator.prediction_analyzer - INFO - _show_single_example:354 -   Predicted: ['37', '17', '4', '23', '49', '22', '3', '10', '70', '2']
2025-10-07 16:29:35 - evaluator.prediction_analyzer - INFO - _show_single_example:360 -   ✓ Hits (1): ['4']
2025-10-07 16:29:35 - evaluator.prediction_analyzer - INFO - _show_single_example:363 -   Metrics: Recall=0.333, Precision=0.100
2025-10-07 16:29:35 - evaluator.prediction_analyzer - INFO - _show_single_example:352 - 
Top-20 Predictions:
2025-10-07 16:29:35 - evaluator.prediction_analyzer - INFO - _show_single_example:354 -   Predicted: ['37', '17', '4', '23', '49', '22', '3', '10', '70', '2', '114', '11', '0', '65', '74', '68', '113', '59', '16', '21']
2025-10-07 16:29:35 - evaluator.prediction_analyzer - INFO - _show_single_example:360 -   ✓ Hits (2): ['4', '0']
2025-10-07 16:29:35 - evaluator.prediction_analyzer - INFO - _show_single_example:363 -   Metrics: Recall=0.667, Precision=0.100
2025-10-07 16:29:35 - evaluator.prediction_analyzer - INFO - _show_single_example:333 - 
--- Example 2 (next-basket prediction) ---
2025-10-07 16:29:35 - evaluator.prediction_analyzer - INFO - _show_single_example:334 - User ID: 2, Basket ID: 12
2025-10-07 16:29:35 - evaluator.prediction_analyzer - INFO - _show_single_example:338 - Ground Truth (3 items): ['33', '2', '3']
2025-10-07 16:29:35 - evaluator.prediction_analyzer - INFO - _show_single_example:352 - 
Top-5 Predictions:
2025-10-07 16:29:35 - evaluator.prediction_analyzer - INFO - _show_single_example:354 -   Predicted: ['37', '17', '4', '23', '1']
2025-10-07 16:29:35 - evaluator.prediction_analyzer - INFO - _show_single_example:365 -   ✗ No hits in top-5
2025-10-07 16:29:35 - evaluator.prediction_analyzer - INFO - _show_single_example:352 - 
Top-10 Predictions:
2025-10-07 16:29:35 - evaluator.prediction_analyzer - INFO - _show_single_example:354 -   Predicted: ['37', '17', '4', '23', '1', '49', '3', '10', '70', '2']
2025-10-07 16:29:35 - evaluator.prediction_analyzer - INFO - _show_single_example:360 -   ✓ Hits (2): ['3', '2']
2025-10-07 16:29:35 - evaluator.prediction_analyzer - INFO - _show_single_example:363 -   Metrics: Recall=0.667, Precision=0.200
2025-10-07 16:29:35 - evaluator.prediction_analyzer - INFO - _show_single_example:352 - 
Top-20 Predictions:
2025-10-07 16:29:35 - evaluator.prediction_analyzer - INFO - _show_single_example:354 -   Predicted: ['37', '17', '4', '23', '1', '49', '3', '10', '70', '2', '114', '0', '65', '74', '68', '113', '59', '16', '21', '19']
2025-10-07 16:29:35 - evaluator.prediction_analyzer - INFO - _show_single_example:360 -   ✓ Hits (2): ['3', '2']
2025-10-07 16:29:35 - evaluator.prediction_analyzer - INFO - _show_single_example:363 -   Metrics: Recall=0.667, Precision=0.100
2025-10-07 16:29:35 - evaluator.prediction_analyzer - INFO - _show_single_example:333 - 
--- Example 3 (next-basket prediction) ---
2025-10-07 16:29:35 - evaluator.prediction_analyzer - INFO - _show_single_example:334 - User ID: 3, Basket ID: 15
2025-10-07 16:29:35 - evaluator.prediction_analyzer - INFO - _show_single_example:338 - Ground Truth (3 items): ['65', '3', '70']
2025-10-07 16:29:35 - evaluator.prediction_analyzer - INFO - _show_single_example:352 - 
Top-5 Predictions:
2025-10-07 16:29:35 - evaluator.prediction_analyzer - INFO - _show_single_example:354 -   Predicted: ['17', '4', '23', '1', '49']
2025-10-07 16:29:35 - evaluator.prediction_analyzer - INFO - _show_single_example:365 -   ✗ No hits in top-5
2025-10-07 16:29:35 - evaluator.prediction_analyzer - INFO - _show_single_example:352 - 
Top-10 Predictions:
2025-10-07 16:29:35 - evaluator.prediction_analyzer - INFO - _show_single_example:354 -   Predicted: ['17', '4', '23', '1', '49', '22', '3', '10', '70', '2']
2025-10-07 16:29:35 - evaluator.prediction_analyzer - INFO - _show_single_example:360 -   ✓ Hits (2): ['3', '70']
2025-10-07 16:29:35 - evaluator.prediction_analyzer - INFO - _show_single_example:363 -   Metrics: Recall=0.667, Precision=0.200
2025-10-07 16:29:35 - evaluator.prediction_analyzer - INFO - _show_single_example:352 - 
Top-20 Predictions:
2025-10-07 16:29:35 - evaluator.prediction_analyzer - INFO - _show_single_example:354 -   Predicted: ['17', '4', '23', '1', '49', '22', '3', '10', '70', '2', '114', '11', '0', '65', '74', '68', '113', '59', '16', '21']
2025-10-07 16:29:35 - evaluator.prediction_analyzer - INFO - _show_single_example:360 -   ✓ Hits (3): ['3', '70', '65']
2025-10-07 16:29:35 - evaluator.prediction_analyzer - INFO - _show_single_example:363 -   Metrics: Recall=1.000, Precision=0.150
2025-10-07 16:29:35 - evaluator.prediction_analyzer - INFO - show_detailed_examples:327 - ============================================================
2025-10-07 16:29:35 - evaluator.evaluator - INFO - __enter__:121 - Starting: Computing test metrics
2025-10-07 16:29:35 - evaluator.evaluator - INFO - compute_ranking_metrics:559 - === TEST METRICS SUMMARY ===
2025-10-07 16:29:35 - evaluator.evaluator - INFO - compute_ranking_metrics:561 - recall@10: 0.3215
2025-10-07 16:29:35 - evaluator.evaluator - INFO - compute_ranking_metrics:561 - recall@20: 0.4616
2025-10-07 16:29:35 - evaluator.evaluator - INFO - compute_ranking_metrics:561 - ndcg@10: 0.2101
2025-10-07 16:29:35 - evaluator.evaluator - INFO - compute_ranking_metrics:561 - ndcg@20: 0.2479
2025-10-07 16:29:35 - evaluator.evaluator - INFO - compute_ranking_metrics:561 - hit_ratio@10: 0.5566
2025-10-07 16:29:35 - evaluator.evaluator - INFO - compute_ranking_metrics:561 - hit_ratio@20: 0.7149
2025-10-07 16:29:35 - evaluator.evaluator - INFO - compute_ranking_metrics:561 - precision@10: 0.0695
2025-10-07 16:29:35 - evaluator.evaluator - INFO - compute_ranking_metrics:561 - precision@20: 0.0502
2025-10-07 16:29:35 - evaluator.evaluator - INFO - compute_ranking_metrics:562 - ===================================
2025-10-07 16:29:35 - evaluator.evaluator - INFO - __exit__:128 - Completed: Computing test metrics (took 0.08s)
2025-10-07 16:29:35 - trainer.trainer - INFO - _evaluate_with_full_ranking:663 - TEST Loss: 0.5322
2025-10-07 16:29:35 - trainer.trainer - INFO - __exit__:128 - Completed: Evaluation (test) (took 27.79s)
2025-10-07 16:29:35 - trainer.trainer - INFO - _train_epoch:353 - Training metrics computation disabled
2025-10-07 16:29:35 - trainer.trainer - INFO - __enter__:121 - Starting: Training epoch 41
2025-10-07 16:30:10 - trainer.trainer - INFO - __exit__:128 - Completed: Training epoch 41 (took 34.55s)
2025-10-07 16:30:10 - trainer.trainer - INFO - _train_epoch:417 - Computing training ranking metrics from 1668 user-basket pairs
2025-10-07 16:30:14 - evaluator.evaluator - INFO - __enter__:121 - Starting: Computing train metrics
2025-10-07 16:30:14 - evaluator.evaluator - INFO - compute_ranking_metrics:559 - === TRAIN METRICS SUMMARY ===
2025-10-07 16:30:14 - evaluator.evaluator - INFO - compute_ranking_metrics:561 - recall@10: 0.2018
2025-10-07 16:30:14 - evaluator.evaluator - INFO - compute_ranking_metrics:561 - recall@20: 0.3214
2025-10-07 16:30:14 - evaluator.evaluator - INFO - compute_ranking_metrics:561 - ndcg@10: 0.1501
2025-10-07 16:30:14 - evaluator.evaluator - INFO - compute_ranking_metrics:561 - ndcg@20: 0.1893
2025-10-07 16:30:14 - evaluator.evaluator - INFO - compute_ranking_metrics:561 - hit_ratio@10: 0.6319
2025-10-07 16:30:14 - evaluator.evaluator - INFO - compute_ranking_metrics:561 - hit_ratio@20: 0.8363
2025-10-07 16:30:14 - evaluator.evaluator - INFO - compute_ranking_metrics:561 - precision@10: 0.0799
2025-10-07 16:30:14 - evaluator.evaluator - INFO - compute_ranking_metrics:561 - precision@20: 0.0637
2025-10-07 16:30:14 - evaluator.evaluator - INFO - compute_ranking_metrics:562 - ===================================
2025-10-07 16:30:14 - evaluator.evaluator - INFO - __exit__:128 - Completed: Computing train metrics (took 0.08s)
2025-10-07 16:30:14 - trainer.trainer - INFO - _train_epoch:424 - Training metrics computed: ['recall@10', 'recall@20', 'ndcg@10', 'ndcg@20', 'hit_ratio@10', 'hit_ratio@20', 'precision@10', 'precision@20']
2025-10-07 16:30:14 - trainer.trainer - INFO - __enter__:121 - Starting: Evaluation (val)
2025-10-07 16:30:15 - trainer.trainer - INFO - _evaluate_with_full_ranking:546 - Built training item mapping for 1668 users
2025-10-07 16:30:40 - trainer.trainer - INFO - _evaluate_with_full_ranking:578 - Found 1757 unique user-basket pairs for evaluation
2025-10-07 16:30:42 - evaluator.prediction_analyzer - INFO - analyze_predictions:161 - Analyzing predictions for 1757 examples (val mode)
2025-10-07 16:30:42 - evaluator.prediction_analyzer - INFO - __enter__:121 - Starting: Prediction analysis (val)
2025-10-07 16:30:42 - evaluator.prediction_analyzer - INFO - __exit__:128 - Completed: Prediction analysis (val) (took 0.00s)
2025-10-07 16:30:42 - evaluator.prediction_analyzer - INFO - _log_analysis_summary:267 - === PREDICTION ANALYSIS SUMMARY (VAL) ===
2025-10-07 16:30:42 - evaluator.prediction_analyzer - INFO - _log_analysis_summary:276 - Ground truth items per example: avg=2.2, min=1, max=3
2025-10-07 16:30:42 - evaluator.prediction_analyzer - INFO - _log_analysis_summary:282 - Epoch range: 0 - 41
2025-10-07 16:30:42 - evaluator.prediction_analyzer - INFO - _log_analysis_summary:300 - Top-5: avg_hits=0.4, avg_recall=0.186, examples_with_hits=745/2100
2025-10-07 16:30:42 - evaluator.prediction_analyzer - INFO - _log_analysis_summary:300 - Top-10: avg_hits=0.6, avg_recall=0.287, examples_with_hits=1044/2100
2025-10-07 16:30:42 - evaluator.prediction_analyzer - INFO - _log_analysis_summary:300 - Top-20: avg_hits=0.9, avg_recall=0.433, examples_with_hits=1398/2100
2025-10-07 16:30:42 - evaluator.prediction_analyzer - INFO - _save_analysis_to_file:382 - Saved prediction analysis to: pytorch_pipeline/outputs/prediction_analysis/predictions_val_grnn_20251007_124143.json
2025-10-07 16:30:42 - evaluator.prediction_analyzer - INFO - _save_summary_statistics:429 - Saved summary statistics to: pytorch_pipeline/outputs/prediction_analysis/summary_val_grnn_20251007_124143.csv
2025-10-07 16:30:42 - evaluator.evaluator - INFO - __enter__:121 - Starting: Computing val metrics
2025-10-07 16:30:42 - evaluator.evaluator - INFO - compute_ranking_metrics:559 - === VAL METRICS SUMMARY ===
2025-10-07 16:30:42 - evaluator.evaluator - INFO - compute_ranking_metrics:561 - recall@10: 0.3142
2025-10-07 16:30:42 - evaluator.evaluator - INFO - compute_ranking_metrics:561 - recall@20: 0.4605
2025-10-07 16:30:42 - evaluator.evaluator - INFO - compute_ranking_metrics:561 - ndcg@10: 0.2078
2025-10-07 16:30:42 - evaluator.evaluator - INFO - compute_ranking_metrics:561 - ndcg@20: 0.2475
2025-10-07 16:30:42 - evaluator.evaluator - INFO - compute_ranking_metrics:561 - hit_ratio@10: 0.5464
2025-10-07 16:30:42 - evaluator.evaluator - INFO - compute_ranking_metrics:561 - hit_ratio@20: 0.7131
2025-10-07 16:30:42 - evaluator.evaluator - INFO - compute_ranking_metrics:561 - precision@10: 0.0680
2025-10-07 16:30:42 - evaluator.evaluator - INFO - compute_ranking_metrics:561 - precision@20: 0.0501
2025-10-07 16:30:42 - evaluator.evaluator - INFO - compute_ranking_metrics:562 - ===================================
2025-10-07 16:30:42 - evaluator.evaluator - INFO - __exit__:128 - Completed: Computing val metrics (took 0.08s)
2025-10-07 16:30:42 - trainer.trainer - INFO - _evaluate_with_full_ranking:663 - VAL Loss: 0.5314
2025-10-07 16:30:42 - trainer.trainer - INFO - __exit__:128 - Completed: Evaluation (val) (took 27.61s)
2025-10-07 16:30:42 - trainer.trainer - INFO - log_training_metrics:163 - Epoch  41 [combined] - train_loss: 0.5799 | train_recall@10: 0.2018 | train_recall@20: 0.3214 | train_ndcg@10: 0.1501 | train_ndcg@20: 0.1893 | train_hit_ratio@10: 0.6319 | train_hit_ratio@20: 0.8363 | train_precision@10: 0.0799 | train_precision@20: 0.0637 | recall@10: 0.3142 | recall@20: 0.4605 | ndcg@10: 0.2078 | ndcg@20: 0.2475 | hit_ratio@10: 0.5464 | hit_ratio@20: 0.7131 | precision@10: 0.0680 | precision@20: 0.0501 | val_loss: 0.5314
2025-10-07 16:30:42 - trainer.trainer - INFO - __enter__:121 - Starting: Evaluation (test)
2025-10-07 16:30:42 - trainer.trainer - INFO - _evaluate_with_full_ranking:546 - Built training item mapping for 1668 users
2025-10-07 16:31:07 - trainer.trainer - INFO - _evaluate_with_full_ranking:578 - Found 1757 unique user-basket pairs for evaluation
2025-10-07 16:31:09 - evaluator.prediction_analyzer - INFO - analyze_predictions:161 - Analyzing predictions for 1757 examples (test mode)
2025-10-07 16:31:09 - evaluator.prediction_analyzer - INFO - __enter__:121 - Starting: Prediction analysis (test)
2025-10-07 16:31:09 - evaluator.prediction_analyzer - INFO - __exit__:128 - Completed: Prediction analysis (test) (took 0.00s)
2025-10-07 16:31:09 - evaluator.prediction_analyzer - INFO - _log_analysis_summary:267 - === PREDICTION ANALYSIS SUMMARY (TEST) ===
2025-10-07 16:31:09 - evaluator.prediction_analyzer - INFO - _log_analysis_summary:276 - Ground truth items per example: avg=2.2, min=1, max=3
2025-10-07 16:31:09 - evaluator.prediction_analyzer - INFO - _log_analysis_summary:282 - Epoch range: 10 - 41
2025-10-07 16:31:09 - evaluator.prediction_analyzer - INFO - _log_analysis_summary:300 - Top-5: avg_hits=0.5, avg_recall=0.227, examples_with_hits=690/1600
2025-10-07 16:31:09 - evaluator.prediction_analyzer - INFO - _log_analysis_summary:300 - Top-10: avg_hits=0.7, avg_recall=0.333, examples_with_hits=913/1600
2025-10-07 16:31:09 - evaluator.prediction_analyzer - INFO - _log_analysis_summary:300 - Top-20: avg_hits=1.0, avg_recall=0.480, examples_with_hits=1157/1600
2025-10-07 16:31:09 - evaluator.prediction_analyzer - INFO - _save_analysis_to_file:382 - Saved prediction analysis to: pytorch_pipeline/outputs/prediction_analysis/predictions_test_grnn_20251007_124143.json
2025-10-07 16:31:09 - evaluator.prediction_analyzer - INFO - _save_summary_statistics:429 - Saved summary statistics to: pytorch_pipeline/outputs/prediction_analysis/summary_test_grnn_20251007_124143.csv
2025-10-07 16:31:09 - evaluator.prediction_analyzer - INFO - show_detailed_examples:321 - === DETAILED PREDICTION EXAMPLES (TEST) ===
2025-10-07 16:31:09 - evaluator.prediction_analyzer - INFO - _show_single_example:333 - 
--- Example 1 (next-basket prediction) ---
2025-10-07 16:31:09 - evaluator.prediction_analyzer - INFO - _show_single_example:334 - User ID: 0, Basket ID: 3
2025-10-07 16:31:09 - evaluator.prediction_analyzer - INFO - _show_single_example:338 - Ground Truth (3 items): ['0', '64', '4']
2025-10-07 16:31:09 - evaluator.prediction_analyzer - INFO - _show_single_example:352 - 
Top-5 Predictions:
2025-10-07 16:31:09 - evaluator.prediction_analyzer - INFO - _show_single_example:354 -   Predicted: ['37', '17', '4', '23', '49']
2025-10-07 16:31:09 - evaluator.prediction_analyzer - INFO - _show_single_example:360 -   ✓ Hits (1): ['4']
2025-10-07 16:31:09 - evaluator.prediction_analyzer - INFO - _show_single_example:363 -   Metrics: Recall=0.333, Precision=0.200
2025-10-07 16:31:09 - evaluator.prediction_analyzer - INFO - _show_single_example:352 - 
Top-10 Predictions:
2025-10-07 16:31:09 - evaluator.prediction_analyzer - INFO - _show_single_example:354 -   Predicted: ['37', '17', '4', '23', '49', '22', '3', '10', '70', '2']
2025-10-07 16:31:09 - evaluator.prediction_analyzer - INFO - _show_single_example:360 -   ✓ Hits (1): ['4']
2025-10-07 16:31:09 - evaluator.prediction_analyzer - INFO - _show_single_example:363 -   Metrics: Recall=0.333, Precision=0.100
2025-10-07 16:31:09 - evaluator.prediction_analyzer - INFO - _show_single_example:352 - 
Top-20 Predictions:
2025-10-07 16:31:09 - evaluator.prediction_analyzer - INFO - _show_single_example:354 -   Predicted: ['37', '17', '4', '23', '49', '22', '3', '10', '70', '2', '114', '11', '0', '65', '74', '68', '113', '59', '16', '21']
2025-10-07 16:31:09 - evaluator.prediction_analyzer - INFO - _show_single_example:360 -   ✓ Hits (2): ['4', '0']
2025-10-07 16:31:09 - evaluator.prediction_analyzer - INFO - _show_single_example:363 -   Metrics: Recall=0.667, Precision=0.100
2025-10-07 16:31:09 - evaluator.prediction_analyzer - INFO - _show_single_example:333 - 
--- Example 2 (next-basket prediction) ---
2025-10-07 16:31:09 - evaluator.prediction_analyzer - INFO - _show_single_example:334 - User ID: 2, Basket ID: 12
2025-10-07 16:31:09 - evaluator.prediction_analyzer - INFO - _show_single_example:338 - Ground Truth (3 items): ['33', '2', '3']
2025-10-07 16:31:09 - evaluator.prediction_analyzer - INFO - _show_single_example:352 - 
Top-5 Predictions:
2025-10-07 16:31:09 - evaluator.prediction_analyzer - INFO - _show_single_example:354 -   Predicted: ['37', '17', '4', '23', '1']
2025-10-07 16:31:09 - evaluator.prediction_analyzer - INFO - _show_single_example:365 -   ✗ No hits in top-5
2025-10-07 16:31:09 - evaluator.prediction_analyzer - INFO - _show_single_example:352 - 
Top-10 Predictions:
2025-10-07 16:31:09 - evaluator.prediction_analyzer - INFO - _show_single_example:354 -   Predicted: ['37', '17', '4', '23', '1', '49', '3', '10', '70', '2']
2025-10-07 16:31:09 - evaluator.prediction_analyzer - INFO - _show_single_example:360 -   ✓ Hits (2): ['3', '2']
2025-10-07 16:31:09 - evaluator.prediction_analyzer - INFO - _show_single_example:363 -   Metrics: Recall=0.667, Precision=0.200
2025-10-07 16:31:09 - evaluator.prediction_analyzer - INFO - _show_single_example:352 - 
Top-20 Predictions:
2025-10-07 16:31:09 - evaluator.prediction_analyzer - INFO - _show_single_example:354 -   Predicted: ['37', '17', '4', '23', '1', '49', '3', '10', '70', '2', '114', '0', '65', '74', '68', '113', '59', '16', '21', '19']
2025-10-07 16:31:09 - evaluator.prediction_analyzer - INFO - _show_single_example:360 -   ✓ Hits (2): ['3', '2']
2025-10-07 16:31:09 - evaluator.prediction_analyzer - INFO - _show_single_example:363 -   Metrics: Recall=0.667, Precision=0.100
2025-10-07 16:31:09 - evaluator.prediction_analyzer - INFO - _show_single_example:333 - 
--- Example 3 (next-basket prediction) ---
2025-10-07 16:31:09 - evaluator.prediction_analyzer - INFO - _show_single_example:334 - User ID: 3, Basket ID: 15
2025-10-07 16:31:09 - evaluator.prediction_analyzer - INFO - _show_single_example:338 - Ground Truth (3 items): ['65', '3', '70']
2025-10-07 16:31:09 - evaluator.prediction_analyzer - INFO - _show_single_example:352 - 
Top-5 Predictions:
2025-10-07 16:31:09 - evaluator.prediction_analyzer - INFO - _show_single_example:354 -   Predicted: ['17', '4', '23', '1', '49']
2025-10-07 16:31:09 - evaluator.prediction_analyzer - INFO - _show_single_example:365 -   ✗ No hits in top-5
2025-10-07 16:31:09 - evaluator.prediction_analyzer - INFO - _show_single_example:352 - 
Top-10 Predictions:
2025-10-07 16:31:09 - evaluator.prediction_analyzer - INFO - _show_single_example:354 -   Predicted: ['17', '4', '23', '1', '49', '22', '3', '10', '70', '2']
2025-10-07 16:31:09 - evaluator.prediction_analyzer - INFO - _show_single_example:360 -   ✓ Hits (2): ['3', '70']
2025-10-07 16:31:09 - evaluator.prediction_analyzer - INFO - _show_single_example:363 -   Metrics: Recall=0.667, Precision=0.200
2025-10-07 16:31:09 - evaluator.prediction_analyzer - INFO - _show_single_example:352 - 
Top-20 Predictions:
2025-10-07 16:31:09 - evaluator.prediction_analyzer - INFO - _show_single_example:354 -   Predicted: ['17', '4', '23', '1', '49', '22', '3', '10', '70', '2', '114', '11', '0', '65', '74', '68', '113', '59', '16', '21']
2025-10-07 16:31:09 - evaluator.prediction_analyzer - INFO - _show_single_example:360 -   ✓ Hits (3): ['3', '70', '65']
2025-10-07 16:31:09 - evaluator.prediction_analyzer - INFO - _show_single_example:363 -   Metrics: Recall=1.000, Precision=0.150
2025-10-07 16:31:09 - evaluator.prediction_analyzer - INFO - show_detailed_examples:327 - ============================================================
2025-10-07 16:31:09 - evaluator.evaluator - INFO - __enter__:121 - Starting: Computing test metrics
2025-10-07 16:31:09 - evaluator.evaluator - INFO - compute_ranking_metrics:559 - === TEST METRICS SUMMARY ===
2025-10-07 16:31:09 - evaluator.evaluator - INFO - compute_ranking_metrics:561 - recall@10: 0.3172
2025-10-07 16:31:09 - evaluator.evaluator - INFO - compute_ranking_metrics:561 - recall@20: 0.4601
2025-10-07 16:31:09 - evaluator.evaluator - INFO - compute_ranking_metrics:561 - ndcg@10: 0.2086
2025-10-07 16:31:09 - evaluator.evaluator - INFO - compute_ranking_metrics:561 - ndcg@20: 0.2474
2025-10-07 16:31:09 - evaluator.evaluator - INFO - compute_ranking_metrics:561 - hit_ratio@10: 0.5509
2025-10-07 16:31:09 - evaluator.evaluator - INFO - compute_ranking_metrics:561 - hit_ratio@20: 0.7120
2025-10-07 16:31:09 - evaluator.evaluator - INFO - compute_ranking_metrics:561 - precision@10: 0.0686
2025-10-07 16:31:09 - evaluator.evaluator - INFO - compute_ranking_metrics:561 - precision@20: 0.0501
2025-10-07 16:31:09 - evaluator.evaluator - INFO - compute_ranking_metrics:562 - ===================================
2025-10-07 16:31:09 - evaluator.evaluator - INFO - __exit__:128 - Completed: Computing test metrics (took 0.08s)
2025-10-07 16:31:09 - trainer.trainer - INFO - _evaluate_with_full_ranking:663 - TEST Loss: 0.5390
2025-10-07 16:31:09 - trainer.trainer - INFO - __exit__:128 - Completed: Evaluation (test) (took 27.29s)
2025-10-07 16:31:09 - trainer.trainer - INFO - _train_epoch:353 - Training metrics computation disabled
2025-10-07 16:31:09 - trainer.trainer - INFO - __enter__:121 - Starting: Training epoch 42
2025-10-07 16:31:44 - trainer.trainer - INFO - __exit__:128 - Completed: Training epoch 42 (took 34.72s)
2025-10-07 16:31:44 - trainer.trainer - INFO - _train_epoch:417 - Computing training ranking metrics from 1668 user-basket pairs
2025-10-07 16:31:48 - evaluator.evaluator - INFO - __enter__:121 - Starting: Computing train metrics
2025-10-07 16:31:48 - evaluator.evaluator - INFO - compute_ranking_metrics:559 - === TRAIN METRICS SUMMARY ===
2025-10-07 16:31:48 - evaluator.evaluator - INFO - compute_ranking_metrics:561 - recall@10: 0.2016
2025-10-07 16:31:48 - evaluator.evaluator - INFO - compute_ranking_metrics:561 - recall@20: 0.3227
2025-10-07 16:31:48 - evaluator.evaluator - INFO - compute_ranking_metrics:561 - ndcg@10: 0.1503
2025-10-07 16:31:48 - evaluator.evaluator - INFO - compute_ranking_metrics:561 - ndcg@20: 0.1899
2025-10-07 16:31:48 - evaluator.evaluator - INFO - compute_ranking_metrics:561 - hit_ratio@10: 0.6331
2025-10-07 16:31:48 - evaluator.evaluator - INFO - compute_ranking_metrics:561 - hit_ratio@20: 0.8363
2025-10-07 16:31:48 - evaluator.evaluator - INFO - compute_ranking_metrics:561 - precision@10: 0.0799
2025-10-07 16:31:48 - evaluator.evaluator - INFO - compute_ranking_metrics:561 - precision@20: 0.0640
2025-10-07 16:31:48 - evaluator.evaluator - INFO - compute_ranking_metrics:562 - ===================================
2025-10-07 16:31:48 - evaluator.evaluator - INFO - __exit__:128 - Completed: Computing train metrics (took 0.08s)
2025-10-07 16:31:48 - trainer.trainer - INFO - _train_epoch:424 - Training metrics computed: ['recall@10', 'recall@20', 'ndcg@10', 'ndcg@20', 'hit_ratio@10', 'hit_ratio@20', 'precision@10', 'precision@20']
2025-10-07 16:31:48 - trainer.trainer - INFO - __enter__:121 - Starting: Evaluation (val)
2025-10-07 16:31:48 - trainer.trainer - INFO - _evaluate_with_full_ranking:546 - Built training item mapping for 1668 users
2025-10-07 16:32:13 - trainer.trainer - INFO - _evaluate_with_full_ranking:578 - Found 1757 unique user-basket pairs for evaluation
2025-10-07 16:32:15 - evaluator.prediction_analyzer - INFO - analyze_predictions:161 - Analyzing predictions for 1757 examples (val mode)
2025-10-07 16:32:15 - evaluator.prediction_analyzer - INFO - __enter__:121 - Starting: Prediction analysis (val)
2025-10-07 16:32:15 - evaluator.prediction_analyzer - INFO - __exit__:128 - Completed: Prediction analysis (val) (took 0.00s)
2025-10-07 16:32:15 - evaluator.prediction_analyzer - INFO - _log_analysis_summary:267 - === PREDICTION ANALYSIS SUMMARY (VAL) ===
2025-10-07 16:32:15 - evaluator.prediction_analyzer - INFO - _log_analysis_summary:276 - Ground truth items per example: avg=2.2, min=1, max=3
2025-10-07 16:32:15 - evaluator.prediction_analyzer - INFO - _log_analysis_summary:282 - Epoch range: 0 - 42
2025-10-07 16:32:15 - evaluator.prediction_analyzer - INFO - _log_analysis_summary:300 - Top-5: avg_hits=0.4, avg_recall=0.186, examples_with_hits=763/2150
2025-10-07 16:32:15 - evaluator.prediction_analyzer - INFO - _log_analysis_summary:300 - Top-10: avg_hits=0.6, avg_recall=0.287, examples_with_hits=1069/2150
2025-10-07 16:32:15 - evaluator.prediction_analyzer - INFO - _log_analysis_summary:300 - Top-20: avg_hits=0.9, avg_recall=0.432, examples_with_hits=1430/2150
2025-10-07 16:32:15 - evaluator.prediction_analyzer - INFO - _save_analysis_to_file:382 - Saved prediction analysis to: pytorch_pipeline/outputs/prediction_analysis/predictions_val_grnn_20251007_124143.json
2025-10-07 16:32:15 - evaluator.prediction_analyzer - INFO - _save_summary_statistics:429 - Saved summary statistics to: pytorch_pipeline/outputs/prediction_analysis/summary_val_grnn_20251007_124143.csv
2025-10-07 16:32:15 - evaluator.evaluator - INFO - __enter__:121 - Starting: Computing val metrics
2025-10-07 16:32:16 - evaluator.evaluator - INFO - compute_ranking_metrics:559 - === VAL METRICS SUMMARY ===
2025-10-07 16:32:16 - evaluator.evaluator - INFO - compute_ranking_metrics:561 - recall@10: 0.3166
2025-10-07 16:32:16 - evaluator.evaluator - INFO - compute_ranking_metrics:561 - recall@20: 0.4636
2025-10-07 16:32:16 - evaluator.evaluator - INFO - compute_ranking_metrics:561 - ndcg@10: 0.2083
2025-10-07 16:32:16 - evaluator.evaluator - INFO - compute_ranking_metrics:561 - ndcg@20: 0.2480
2025-10-07 16:32:16 - evaluator.evaluator - INFO - compute_ranking_metrics:561 - hit_ratio@10: 0.5515
2025-10-07 16:32:16 - evaluator.evaluator - INFO - compute_ranking_metrics:561 - hit_ratio@20: 0.7137
2025-10-07 16:32:16 - evaluator.evaluator - INFO - compute_ranking_metrics:561 - precision@10: 0.0685
2025-10-07 16:32:16 - evaluator.evaluator - INFO - compute_ranking_metrics:561 - precision@20: 0.0505
2025-10-07 16:32:16 - evaluator.evaluator - INFO - compute_ranking_metrics:562 - ===================================
2025-10-07 16:32:16 - evaluator.evaluator - INFO - __exit__:128 - Completed: Computing val metrics (took 0.08s)
2025-10-07 16:32:16 - trainer.trainer - INFO - _evaluate_with_full_ranking:663 - VAL Loss: 0.5239
2025-10-07 16:32:16 - trainer.trainer - INFO - __exit__:128 - Completed: Evaluation (val) (took 27.37s)
2025-10-07 16:32:16 - trainer.trainer - INFO - log_training_metrics:163 - Epoch  42 [combined] - train_loss: 0.5747 | train_recall@10: 0.2016 | train_recall@20: 0.3227 | train_ndcg@10: 0.1503 | train_ndcg@20: 0.1899 | train_hit_ratio@10: 0.6331 | train_hit_ratio@20: 0.8363 | train_precision@10: 0.0799 | train_precision@20: 0.0640 | recall@10: 0.3166 | recall@20: 0.4636 | ndcg@10: 0.2083 | ndcg@20: 0.2480 | hit_ratio@10: 0.5515 | hit_ratio@20: 0.7137 | precision@10: 0.0685 | precision@20: 0.0505 | val_loss: 0.5239
2025-10-07 16:32:16 - trainer.trainer - INFO - __enter__:121 - Starting: Evaluation (test)
2025-10-07 16:32:16 - trainer.trainer - INFO - _evaluate_with_full_ranking:546 - Built training item mapping for 1668 users
2025-10-07 16:32:41 - trainer.trainer - INFO - _evaluate_with_full_ranking:578 - Found 1757 unique user-basket pairs for evaluation
2025-10-07 16:32:43 - evaluator.prediction_analyzer - INFO - analyze_predictions:161 - Analyzing predictions for 1757 examples (test mode)
2025-10-07 16:32:43 - evaluator.prediction_analyzer - INFO - __enter__:121 - Starting: Prediction analysis (test)
2025-10-07 16:32:43 - evaluator.prediction_analyzer - INFO - __exit__:128 - Completed: Prediction analysis (test) (took 0.00s)
2025-10-07 16:32:43 - evaluator.prediction_analyzer - INFO - _log_analysis_summary:267 - === PREDICTION ANALYSIS SUMMARY (TEST) ===
2025-10-07 16:32:43 - evaluator.prediction_analyzer - INFO - _log_analysis_summary:276 - Ground truth items per example: avg=2.2, min=1, max=3
2025-10-07 16:32:43 - evaluator.prediction_analyzer - INFO - _log_analysis_summary:282 - Epoch range: 10 - 42
2025-10-07 16:32:43 - evaluator.prediction_analyzer - INFO - _log_analysis_summary:300 - Top-5: avg_hits=0.5, avg_recall=0.226, examples_with_hits=709/1650
2025-10-07 16:32:43 - evaluator.prediction_analyzer - INFO - _log_analysis_summary:300 - Top-10: avg_hits=0.7, avg_recall=0.332, examples_with_hits=939/1650
2025-10-07 16:32:43 - evaluator.prediction_analyzer - INFO - _log_analysis_summary:300 - Top-20: avg_hits=1.0, avg_recall=0.479, examples_with_hits=1190/1650
2025-10-07 16:32:43 - evaluator.prediction_analyzer - INFO - _save_analysis_to_file:382 - Saved prediction analysis to: pytorch_pipeline/outputs/prediction_analysis/predictions_test_grnn_20251007_124143.json
2025-10-07 16:32:43 - evaluator.prediction_analyzer - INFO - _save_summary_statistics:429 - Saved summary statistics to: pytorch_pipeline/outputs/prediction_analysis/summary_test_grnn_20251007_124143.csv
2025-10-07 16:32:43 - evaluator.prediction_analyzer - INFO - show_detailed_examples:321 - === DETAILED PREDICTION EXAMPLES (TEST) ===
2025-10-07 16:32:43 - evaluator.prediction_analyzer - INFO - _show_single_example:333 - 
--- Example 1 (next-basket prediction) ---
2025-10-07 16:32:43 - evaluator.prediction_analyzer - INFO - _show_single_example:334 - User ID: 0, Basket ID: 3
2025-10-07 16:32:43 - evaluator.prediction_analyzer - INFO - _show_single_example:338 - Ground Truth (3 items): ['0', '64', '4']
2025-10-07 16:32:43 - evaluator.prediction_analyzer - INFO - _show_single_example:352 - 
Top-5 Predictions:
2025-10-07 16:32:43 - evaluator.prediction_analyzer - INFO - _show_single_example:354 -   Predicted: ['37', '17', '4', '23', '49']
2025-10-07 16:32:43 - evaluator.prediction_analyzer - INFO - _show_single_example:360 -   ✓ Hits (1): ['4']
2025-10-07 16:32:43 - evaluator.prediction_analyzer - INFO - _show_single_example:363 -   Metrics: Recall=0.333, Precision=0.200
2025-10-07 16:32:43 - evaluator.prediction_analyzer - INFO - _show_single_example:352 - 
Top-10 Predictions:
2025-10-07 16:32:43 - evaluator.prediction_analyzer - INFO - _show_single_example:354 -   Predicted: ['37', '17', '4', '23', '49', '22', '3', '10', '70', '2']
2025-10-07 16:32:43 - evaluator.prediction_analyzer - INFO - _show_single_example:360 -   ✓ Hits (1): ['4']
2025-10-07 16:32:43 - evaluator.prediction_analyzer - INFO - _show_single_example:363 -   Metrics: Recall=0.333, Precision=0.100
2025-10-07 16:32:43 - evaluator.prediction_analyzer - INFO - _show_single_example:352 - 
Top-20 Predictions:
2025-10-07 16:32:43 - evaluator.prediction_analyzer - INFO - _show_single_example:354 -   Predicted: ['37', '17', '4', '23', '49', '22', '3', '10', '70', '2', '114', '11', '0', '65', '74', '68', '113', '59', '16', '21']
2025-10-07 16:32:43 - evaluator.prediction_analyzer - INFO - _show_single_example:360 -   ✓ Hits (2): ['4', '0']
2025-10-07 16:32:43 - evaluator.prediction_analyzer - INFO - _show_single_example:363 -   Metrics: Recall=0.667, Precision=0.100
2025-10-07 16:32:43 - evaluator.prediction_analyzer - INFO - _show_single_example:333 - 
--- Example 2 (next-basket prediction) ---
2025-10-07 16:32:43 - evaluator.prediction_analyzer - INFO - _show_single_example:334 - User ID: 2, Basket ID: 12
2025-10-07 16:32:43 - evaluator.prediction_analyzer - INFO - _show_single_example:338 - Ground Truth (3 items): ['33', '2', '3']
2025-10-07 16:32:43 - evaluator.prediction_analyzer - INFO - _show_single_example:352 - 
Top-5 Predictions:
2025-10-07 16:32:43 - evaluator.prediction_analyzer - INFO - _show_single_example:354 -   Predicted: ['37', '17', '4', '23', '1']
2025-10-07 16:32:43 - evaluator.prediction_analyzer - INFO - _show_single_example:365 -   ✗ No hits in top-5
2025-10-07 16:32:43 - evaluator.prediction_analyzer - INFO - _show_single_example:352 - 
Top-10 Predictions:
2025-10-07 16:32:43 - evaluator.prediction_analyzer - INFO - _show_single_example:354 -   Predicted: ['37', '17', '4', '23', '1', '49', '3', '10', '70', '2']
2025-10-07 16:32:43 - evaluator.prediction_analyzer - INFO - _show_single_example:360 -   ✓ Hits (2): ['3', '2']
2025-10-07 16:32:43 - evaluator.prediction_analyzer - INFO - _show_single_example:363 -   Metrics: Recall=0.667, Precision=0.200
2025-10-07 16:32:43 - evaluator.prediction_analyzer - INFO - _show_single_example:352 - 
Top-20 Predictions:
2025-10-07 16:32:43 - evaluator.prediction_analyzer - INFO - _show_single_example:354 -   Predicted: ['37', '17', '4', '23', '1', '49', '3', '10', '70', '2', '114', '0', '65', '74', '68', '113', '59', '16', '21', '19']
2025-10-07 16:32:43 - evaluator.prediction_analyzer - INFO - _show_single_example:360 -   ✓ Hits (2): ['3', '2']
2025-10-07 16:32:43 - evaluator.prediction_analyzer - INFO - _show_single_example:363 -   Metrics: Recall=0.667, Precision=0.100
2025-10-07 16:32:43 - evaluator.prediction_analyzer - INFO - _show_single_example:333 - 
--- Example 3 (next-basket prediction) ---
2025-10-07 16:32:43 - evaluator.prediction_analyzer - INFO - _show_single_example:334 - User ID: 3, Basket ID: 15
2025-10-07 16:32:43 - evaluator.prediction_analyzer - INFO - _show_single_example:338 - Ground Truth (3 items): ['65', '3', '70']
2025-10-07 16:32:43 - evaluator.prediction_analyzer - INFO - _show_single_example:352 - 
Top-5 Predictions:
2025-10-07 16:32:43 - evaluator.prediction_analyzer - INFO - _show_single_example:354 -   Predicted: ['17', '4', '23', '1', '49']
2025-10-07 16:32:43 - evaluator.prediction_analyzer - INFO - _show_single_example:365 -   ✗ No hits in top-5
2025-10-07 16:32:43 - evaluator.prediction_analyzer - INFO - _show_single_example:352 - 
Top-10 Predictions:
2025-10-07 16:32:43 - evaluator.prediction_analyzer - INFO - _show_single_example:354 -   Predicted: ['17', '4', '23', '1', '49', '22', '3', '10', '70', '2']
2025-10-07 16:32:43 - evaluator.prediction_analyzer - INFO - _show_single_example:360 -   ✓ Hits (2): ['3', '70']
2025-10-07 16:32:43 - evaluator.prediction_analyzer - INFO - _show_single_example:363 -   Metrics: Recall=0.667, Precision=0.200
2025-10-07 16:32:43 - evaluator.prediction_analyzer - INFO - _show_single_example:352 - 
Top-20 Predictions:
2025-10-07 16:32:43 - evaluator.prediction_analyzer - INFO - _show_single_example:354 -   Predicted: ['17', '4', '23', '1', '49', '22', '3', '10', '70', '2', '114', '11', '0', '65', '74', '68', '113', '59', '16', '21']
2025-10-07 16:32:43 - evaluator.prediction_analyzer - INFO - _show_single_example:360 -   ✓ Hits (3): ['3', '70', '65']
2025-10-07 16:32:43 - evaluator.prediction_analyzer - INFO - _show_single_example:363 -   Metrics: Recall=1.000, Precision=0.150
2025-10-07 16:32:43 - evaluator.prediction_analyzer - INFO - show_detailed_examples:327 - ============================================================
2025-10-07 16:32:43 - evaluator.evaluator - INFO - __enter__:121 - Starting: Computing test metrics
2025-10-07 16:32:43 - evaluator.evaluator - INFO - compute_ranking_metrics:559 - === TEST METRICS SUMMARY ===
2025-10-07 16:32:43 - evaluator.evaluator - INFO - compute_ranking_metrics:561 - recall@10: 0.3174
2025-10-07 16:32:43 - evaluator.evaluator - INFO - compute_ranking_metrics:561 - recall@20: 0.4649
2025-10-07 16:32:43 - evaluator.evaluator - INFO - compute_ranking_metrics:561 - ndcg@10: 0.2091
2025-10-07 16:32:43 - evaluator.evaluator - INFO - compute_ranking_metrics:561 - ndcg@20: 0.2489
2025-10-07 16:32:43 - evaluator.evaluator - INFO - compute_ranking_metrics:561 - hit_ratio@10: 0.5532
2025-10-07 16:32:43 - evaluator.evaluator - INFO - compute_ranking_metrics:561 - hit_ratio@20: 0.7166
2025-10-07 16:32:43 - evaluator.evaluator - INFO - compute_ranking_metrics:561 - precision@10: 0.0687
2025-10-07 16:32:43 - evaluator.evaluator - INFO - compute_ranking_metrics:561 - precision@20: 0.0506
2025-10-07 16:32:43 - evaluator.evaluator - INFO - compute_ranking_metrics:562 - ===================================
2025-10-07 16:32:43 - evaluator.evaluator - INFO - __exit__:128 - Completed: Computing test metrics (took 0.08s)
2025-10-07 16:32:43 - trainer.trainer - INFO - _evaluate_with_full_ranking:663 - TEST Loss: 0.5244
2025-10-07 16:32:43 - trainer.trainer - INFO - __exit__:128 - Completed: Evaluation (test) (took 27.45s)
2025-10-07 16:32:43 - trainer.trainer - INFO - _train_epoch:353 - Training metrics computation disabled
2025-10-07 16:32:43 - trainer.trainer - INFO - __enter__:121 - Starting: Training epoch 43
2025-10-07 16:33:17 - trainer.trainer - INFO - __exit__:128 - Completed: Training epoch 43 (took 34.30s)
2025-10-07 16:33:17 - trainer.trainer - INFO - _train_epoch:417 - Computing training ranking metrics from 1668 user-basket pairs
2025-10-07 16:33:22 - evaluator.evaluator - INFO - __enter__:121 - Starting: Computing train metrics
2025-10-07 16:33:22 - evaluator.evaluator - INFO - compute_ranking_metrics:559 - === TRAIN METRICS SUMMARY ===
2025-10-07 16:33:22 - evaluator.evaluator - INFO - compute_ranking_metrics:561 - recall@10: 0.2021
2025-10-07 16:33:22 - evaluator.evaluator - INFO - compute_ranking_metrics:561 - recall@20: 0.3208
2025-10-07 16:33:22 - evaluator.evaluator - INFO - compute_ranking_metrics:561 - ndcg@10: 0.1499
2025-10-07 16:33:22 - evaluator.evaluator - INFO - compute_ranking_metrics:561 - ndcg@20: 0.1886
2025-10-07 16:33:22 - evaluator.evaluator - INFO - compute_ranking_metrics:561 - hit_ratio@10: 0.6349
2025-10-07 16:33:22 - evaluator.evaluator - INFO - compute_ranking_metrics:561 - hit_ratio@20: 0.8321
2025-10-07 16:33:22 - evaluator.evaluator - INFO - compute_ranking_metrics:561 - precision@10: 0.0800
2025-10-07 16:33:22 - evaluator.evaluator - INFO - compute_ranking_metrics:561 - precision@20: 0.0636
2025-10-07 16:33:22 - evaluator.evaluator - INFO - compute_ranking_metrics:562 - ===================================
2025-10-07 16:33:22 - evaluator.evaluator - INFO - __exit__:128 - Completed: Computing train metrics (took 0.08s)
2025-10-07 16:33:22 - trainer.trainer - INFO - _train_epoch:424 - Training metrics computed: ['recall@10', 'recall@20', 'ndcg@10', 'ndcg@20', 'hit_ratio@10', 'hit_ratio@20', 'precision@10', 'precision@20']
2025-10-07 16:33:22 - trainer.trainer - INFO - __enter__:121 - Starting: Evaluation (val)
2025-10-07 16:33:22 - trainer.trainer - INFO - _evaluate_with_full_ranking:546 - Built training item mapping for 1668 users
2025-10-07 16:33:47 - trainer.trainer - INFO - _evaluate_with_full_ranking:578 - Found 1757 unique user-basket pairs for evaluation
2025-10-07 16:33:50 - evaluator.prediction_analyzer - INFO - analyze_predictions:161 - Analyzing predictions for 1757 examples (val mode)
2025-10-07 16:33:50 - evaluator.prediction_analyzer - INFO - __enter__:121 - Starting: Prediction analysis (val)
2025-10-07 16:33:50 - evaluator.prediction_analyzer - INFO - __exit__:128 - Completed: Prediction analysis (val) (took 0.00s)
2025-10-07 16:33:50 - evaluator.prediction_analyzer - INFO - _log_analysis_summary:267 - === PREDICTION ANALYSIS SUMMARY (VAL) ===
2025-10-07 16:33:50 - evaluator.prediction_analyzer - INFO - _log_analysis_summary:276 - Ground truth items per example: avg=2.2, min=1, max=3
2025-10-07 16:33:50 - evaluator.prediction_analyzer - INFO - _log_analysis_summary:282 - Epoch range: 0 - 43
2025-10-07 16:33:50 - evaluator.prediction_analyzer - INFO - _log_analysis_summary:300 - Top-5: avg_hits=0.4, avg_recall=0.187, examples_with_hits=783/2200
2025-10-07 16:33:50 - evaluator.prediction_analyzer - INFO - _log_analysis_summary:300 - Top-10: avg_hits=0.6, avg_recall=0.287, examples_with_hits=1095/2200
2025-10-07 16:33:50 - evaluator.prediction_analyzer - INFO - _log_analysis_summary:300 - Top-20: avg_hits=0.9, avg_recall=0.432, examples_with_hits=1463/2200
2025-10-07 16:33:50 - evaluator.prediction_analyzer - INFO - _save_analysis_to_file:382 - Saved prediction analysis to: pytorch_pipeline/outputs/prediction_analysis/predictions_val_grnn_20251007_124143.json
2025-10-07 16:33:50 - evaluator.prediction_analyzer - INFO - _save_summary_statistics:429 - Saved summary statistics to: pytorch_pipeline/outputs/prediction_analysis/summary_val_grnn_20251007_124143.csv
2025-10-07 16:33:50 - evaluator.evaluator - INFO - __enter__:121 - Starting: Computing val metrics
2025-10-07 16:33:50 - evaluator.evaluator - INFO - compute_ranking_metrics:559 - === VAL METRICS SUMMARY ===
2025-10-07 16:33:50 - evaluator.evaluator - INFO - compute_ranking_metrics:561 - recall@10: 0.3150
2025-10-07 16:33:50 - evaluator.evaluator - INFO - compute_ranking_metrics:561 - recall@20: 0.4636
2025-10-07 16:33:50 - evaluator.evaluator - INFO - compute_ranking_metrics:561 - ndcg@10: 0.2081
2025-10-07 16:33:50 - evaluator.evaluator - INFO - compute_ranking_metrics:561 - ndcg@20: 0.2481
2025-10-07 16:33:50 - evaluator.evaluator - INFO - compute_ranking_metrics:561 - hit_ratio@10: 0.5481
2025-10-07 16:33:50 - evaluator.evaluator - INFO - compute_ranking_metrics:561 - hit_ratio@20: 0.7154
2025-10-07 16:33:50 - evaluator.evaluator - INFO - compute_ranking_metrics:561 - precision@10: 0.0682
2025-10-07 16:33:50 - evaluator.evaluator - INFO - compute_ranking_metrics:561 - precision@20: 0.0505
2025-10-07 16:33:50 - evaluator.evaluator - INFO - compute_ranking_metrics:562 - ===================================
2025-10-07 16:33:50 - evaluator.evaluator - INFO - __exit__:128 - Completed: Computing val metrics (took 0.09s)
2025-10-07 16:33:50 - trainer.trainer - INFO - _evaluate_with_full_ranking:663 - VAL Loss: 0.5329
2025-10-07 16:33:50 - trainer.trainer - INFO - __exit__:128 - Completed: Evaluation (val) (took 27.83s)
2025-10-07 16:33:50 - trainer.trainer - INFO - log_training_metrics:163 - Epoch  43 [combined] - train_loss: 0.5721 | train_recall@10: 0.2021 | train_recall@20: 0.3208 | train_ndcg@10: 0.1499 | train_ndcg@20: 0.1886 | train_hit_ratio@10: 0.6349 | train_hit_ratio@20: 0.8321 | train_precision@10: 0.0800 | train_precision@20: 0.0636 | recall@10: 0.3150 | recall@20: 0.4636 | ndcg@10: 0.2081 | ndcg@20: 0.2481 | hit_ratio@10: 0.5481 | hit_ratio@20: 0.7154 | precision@10: 0.0682 | precision@20: 0.0505 | val_loss: 0.5329
2025-10-07 16:33:50 - trainer.trainer - INFO - __enter__:121 - Starting: Evaluation (test)
2025-10-07 16:33:50 - trainer.trainer - INFO - _evaluate_with_full_ranking:546 - Built training item mapping for 1668 users
2025-10-07 16:34:15 - trainer.trainer - INFO - _evaluate_with_full_ranking:578 - Found 1757 unique user-basket pairs for evaluation
2025-10-07 16:34:17 - evaluator.prediction_analyzer - INFO - analyze_predictions:161 - Analyzing predictions for 1757 examples (test mode)
2025-10-07 16:34:17 - evaluator.prediction_analyzer - INFO - __enter__:121 - Starting: Prediction analysis (test)
2025-10-07 16:34:17 - evaluator.prediction_analyzer - INFO - __exit__:128 - Completed: Prediction analysis (test) (took 0.00s)
2025-10-07 16:34:17 - evaluator.prediction_analyzer - INFO - _log_analysis_summary:267 - === PREDICTION ANALYSIS SUMMARY (TEST) ===
2025-10-07 16:34:17 - evaluator.prediction_analyzer - INFO - _log_analysis_summary:276 - Ground truth items per example: avg=2.2, min=1, max=3
2025-10-07 16:34:17 - evaluator.prediction_analyzer - INFO - _log_analysis_summary:282 - Epoch range: 10 - 43
2025-10-07 16:34:17 - evaluator.prediction_analyzer - INFO - _log_analysis_summary:300 - Top-5: avg_hits=0.5, avg_recall=0.226, examples_with_hits=730/1700
2025-10-07 16:34:17 - evaluator.prediction_analyzer - INFO - _log_analysis_summary:300 - Top-10: avg_hits=0.7, avg_recall=0.331, examples_with_hits=966/1700
2025-10-07 16:34:17 - evaluator.prediction_analyzer - INFO - _log_analysis_summary:300 - Top-20: avg_hits=1.0, avg_recall=0.478, examples_with_hits=1224/1700
2025-10-07 16:34:17 - evaluator.prediction_analyzer - INFO - _save_analysis_to_file:382 - Saved prediction analysis to: pytorch_pipeline/outputs/prediction_analysis/predictions_test_grnn_20251007_124143.json
2025-10-07 16:34:17 - evaluator.prediction_analyzer - INFO - _save_summary_statistics:429 - Saved summary statistics to: pytorch_pipeline/outputs/prediction_analysis/summary_test_grnn_20251007_124143.csv
2025-10-07 16:34:17 - evaluator.prediction_analyzer - INFO - show_detailed_examples:321 - === DETAILED PREDICTION EXAMPLES (TEST) ===
2025-10-07 16:34:17 - evaluator.prediction_analyzer - INFO - _show_single_example:333 - 
--- Example 1 (next-basket prediction) ---
2025-10-07 16:34:17 - evaluator.prediction_analyzer - INFO - _show_single_example:334 - User ID: 0, Basket ID: 3
2025-10-07 16:34:17 - evaluator.prediction_analyzer - INFO - _show_single_example:338 - Ground Truth (3 items): ['0', '64', '4']
2025-10-07 16:34:17 - evaluator.prediction_analyzer - INFO - _show_single_example:352 - 
Top-5 Predictions:
2025-10-07 16:34:17 - evaluator.prediction_analyzer - INFO - _show_single_example:354 -   Predicted: ['37', '17', '4', '23', '49']
2025-10-07 16:34:17 - evaluator.prediction_analyzer - INFO - _show_single_example:360 -   ✓ Hits (1): ['4']
2025-10-07 16:34:17 - evaluator.prediction_analyzer - INFO - _show_single_example:363 -   Metrics: Recall=0.333, Precision=0.200
2025-10-07 16:34:17 - evaluator.prediction_analyzer - INFO - _show_single_example:352 - 
Top-10 Predictions:
2025-10-07 16:34:17 - evaluator.prediction_analyzer - INFO - _show_single_example:354 -   Predicted: ['37', '17', '4', '23', '49', '22', '3', '10', '70', '2']
2025-10-07 16:34:17 - evaluator.prediction_analyzer - INFO - _show_single_example:360 -   ✓ Hits (1): ['4']
2025-10-07 16:34:17 - evaluator.prediction_analyzer - INFO - _show_single_example:363 -   Metrics: Recall=0.333, Precision=0.100
2025-10-07 16:34:17 - evaluator.prediction_analyzer - INFO - _show_single_example:352 - 
Top-20 Predictions:
2025-10-07 16:34:17 - evaluator.prediction_analyzer - INFO - _show_single_example:354 -   Predicted: ['37', '17', '4', '23', '49', '22', '3', '10', '70', '2', '114', '11', '0', '65', '74', '68', '113', '59', '16', '21']
2025-10-07 16:34:17 - evaluator.prediction_analyzer - INFO - _show_single_example:360 -   ✓ Hits (2): ['4', '0']
2025-10-07 16:34:17 - evaluator.prediction_analyzer - INFO - _show_single_example:363 -   Metrics: Recall=0.667, Precision=0.100
2025-10-07 16:34:17 - evaluator.prediction_analyzer - INFO - _show_single_example:333 - 
--- Example 2 (next-basket prediction) ---
2025-10-07 16:34:17 - evaluator.prediction_analyzer - INFO - _show_single_example:334 - User ID: 2, Basket ID: 12
2025-10-07 16:34:17 - evaluator.prediction_analyzer - INFO - _show_single_example:338 - Ground Truth (3 items): ['33', '2', '3']
2025-10-07 16:34:17 - evaluator.prediction_analyzer - INFO - _show_single_example:352 - 
Top-5 Predictions:
2025-10-07 16:34:17 - evaluator.prediction_analyzer - INFO - _show_single_example:354 -   Predicted: ['37', '17', '4', '23', '1']
2025-10-07 16:34:17 - evaluator.prediction_analyzer - INFO - _show_single_example:365 -   ✗ No hits in top-5
2025-10-07 16:34:17 - evaluator.prediction_analyzer - INFO - _show_single_example:352 - 
Top-10 Predictions:
2025-10-07 16:34:17 - evaluator.prediction_analyzer - INFO - _show_single_example:354 -   Predicted: ['37', '17', '4', '23', '1', '49', '3', '10', '70', '2']
2025-10-07 16:34:17 - evaluator.prediction_analyzer - INFO - _show_single_example:360 -   ✓ Hits (2): ['3', '2']
2025-10-07 16:34:17 - evaluator.prediction_analyzer - INFO - _show_single_example:363 -   Metrics: Recall=0.667, Precision=0.200
2025-10-07 16:34:17 - evaluator.prediction_analyzer - INFO - _show_single_example:352 - 
Top-20 Predictions:
2025-10-07 16:34:17 - evaluator.prediction_analyzer - INFO - _show_single_example:354 -   Predicted: ['37', '17', '4', '23', '1', '49', '3', '10', '70', '2', '114', '0', '65', '74', '68', '113', '59', '16', '21', '19']
2025-10-07 16:34:17 - evaluator.prediction_analyzer - INFO - _show_single_example:360 -   ✓ Hits (2): ['3', '2']
2025-10-07 16:34:17 - evaluator.prediction_analyzer - INFO - _show_single_example:363 -   Metrics: Recall=0.667, Precision=0.100
2025-10-07 16:34:17 - evaluator.prediction_analyzer - INFO - _show_single_example:333 - 
--- Example 3 (next-basket prediction) ---
2025-10-07 16:34:17 - evaluator.prediction_analyzer - INFO - _show_single_example:334 - User ID: 3, Basket ID: 15
2025-10-07 16:34:17 - evaluator.prediction_analyzer - INFO - _show_single_example:338 - Ground Truth (3 items): ['65', '3', '70']
2025-10-07 16:34:17 - evaluator.prediction_analyzer - INFO - _show_single_example:352 - 
Top-5 Predictions:
2025-10-07 16:34:17 - evaluator.prediction_analyzer - INFO - _show_single_example:354 -   Predicted: ['17', '4', '23', '1', '49']
2025-10-07 16:34:17 - evaluator.prediction_analyzer - INFO - _show_single_example:365 -   ✗ No hits in top-5
2025-10-07 16:34:17 - evaluator.prediction_analyzer - INFO - _show_single_example:352 - 
Top-10 Predictions:
2025-10-07 16:34:17 - evaluator.prediction_analyzer - INFO - _show_single_example:354 -   Predicted: ['17', '4', '23', '1', '49', '22', '3', '10', '70', '2']
2025-10-07 16:34:17 - evaluator.prediction_analyzer - INFO - _show_single_example:360 -   ✓ Hits (2): ['3', '70']
2025-10-07 16:34:17 - evaluator.prediction_analyzer - INFO - _show_single_example:363 -   Metrics: Recall=0.667, Precision=0.200
2025-10-07 16:34:17 - evaluator.prediction_analyzer - INFO - _show_single_example:352 - 
Top-20 Predictions:
2025-10-07 16:34:17 - evaluator.prediction_analyzer - INFO - _show_single_example:354 -   Predicted: ['17', '4', '23', '1', '49', '22', '3', '10', '70', '2', '114', '11', '0', '65', '74', '68', '113', '59', '16', '21']
2025-10-07 16:34:17 - evaluator.prediction_analyzer - INFO - _show_single_example:360 -   ✓ Hits (3): ['3', '70', '65']
2025-10-07 16:34:17 - evaluator.prediction_analyzer - INFO - _show_single_example:363 -   Metrics: Recall=1.000, Precision=0.150
2025-10-07 16:34:17 - evaluator.prediction_analyzer - INFO - show_detailed_examples:327 - ============================================================
2025-10-07 16:34:17 - evaluator.evaluator - INFO - __enter__:121 - Starting: Computing test metrics
2025-10-07 16:34:17 - evaluator.evaluator - INFO - compute_ranking_metrics:559 - === TEST METRICS SUMMARY ===
2025-10-07 16:34:17 - evaluator.evaluator - INFO - compute_ranking_metrics:561 - recall@10: 0.3147
2025-10-07 16:34:17 - evaluator.evaluator - INFO - compute_ranking_metrics:561 - recall@20: 0.4677
2025-10-07 16:34:17 - evaluator.evaluator - INFO - compute_ranking_metrics:561 - ndcg@10: 0.2087
2025-10-07 16:34:17 - evaluator.evaluator - INFO - compute_ranking_metrics:561 - ndcg@20: 0.2500
2025-10-07 16:34:17 - evaluator.evaluator - INFO - compute_ranking_metrics:561 - hit_ratio@10: 0.5464
2025-10-07 16:34:17 - evaluator.evaluator - INFO - compute_ranking_metrics:561 - hit_ratio@20: 0.7200
2025-10-07 16:34:17 - evaluator.evaluator - INFO - compute_ranking_metrics:561 - precision@10: 0.0680
2025-10-07 16:34:17 - evaluator.evaluator - INFO - compute_ranking_metrics:561 - precision@20: 0.0509
2025-10-07 16:34:17 - evaluator.evaluator - INFO - compute_ranking_metrics:562 - ===================================
2025-10-07 16:34:17 - evaluator.evaluator - INFO - __exit__:128 - Completed: Computing test metrics (took 0.08s)
2025-10-07 16:34:17 - trainer.trainer - INFO - _evaluate_with_full_ranking:663 - TEST Loss: 0.5349
2025-10-07 16:34:17 - trainer.trainer - INFO - __exit__:128 - Completed: Evaluation (test) (took 27.61s)
2025-10-07 16:34:17 - trainer.trainer - INFO - _train_epoch:353 - Training metrics computation disabled
2025-10-07 16:34:17 - trainer.trainer - INFO - __enter__:121 - Starting: Training epoch 44
2025-10-07 16:34:51 - trainer.trainer - INFO - __exit__:128 - Completed: Training epoch 44 (took 33.68s)
2025-10-07 16:34:51 - trainer.trainer - INFO - _train_epoch:417 - Computing training ranking metrics from 1668 user-basket pairs
2025-10-07 16:34:55 - evaluator.evaluator - INFO - __enter__:121 - Starting: Computing train metrics
2025-10-07 16:34:55 - evaluator.evaluator - INFO - compute_ranking_metrics:559 - === TRAIN METRICS SUMMARY ===
2025-10-07 16:34:55 - evaluator.evaluator - INFO - compute_ranking_metrics:561 - recall@10: 0.2015
2025-10-07 16:34:55 - evaluator.evaluator - INFO - compute_ranking_metrics:561 - recall@20: 0.3221
2025-10-07 16:34:55 - evaluator.evaluator - INFO - compute_ranking_metrics:561 - ndcg@10: 0.1500
2025-10-07 16:34:55 - evaluator.evaluator - INFO - compute_ranking_metrics:561 - ndcg@20: 0.1894
2025-10-07 16:34:55 - evaluator.evaluator - INFO - compute_ranking_metrics:561 - hit_ratio@10: 0.6295
2025-10-07 16:34:55 - evaluator.evaluator - INFO - compute_ranking_metrics:561 - hit_ratio@20: 0.8321
2025-10-07 16:34:55 - evaluator.evaluator - INFO - compute_ranking_metrics:561 - precision@10: 0.0797
2025-10-07 16:34:55 - evaluator.evaluator - INFO - compute_ranking_metrics:561 - precision@20: 0.0638
2025-10-07 16:34:55 - evaluator.evaluator - INFO - compute_ranking_metrics:562 - ===================================
2025-10-07 16:34:55 - evaluator.evaluator - INFO - __exit__:128 - Completed: Computing train metrics (took 0.08s)
2025-10-07 16:34:55 - trainer.trainer - INFO - _train_epoch:424 - Training metrics computed: ['recall@10', 'recall@20', 'ndcg@10', 'ndcg@20', 'hit_ratio@10', 'hit_ratio@20', 'precision@10', 'precision@20']
2025-10-07 16:34:55 - trainer.trainer - INFO - __enter__:121 - Starting: Evaluation (val)
2025-10-07 16:34:56 - trainer.trainer - INFO - _evaluate_with_full_ranking:546 - Built training item mapping for 1668 users
2025-10-07 16:35:21 - trainer.trainer - INFO - _evaluate_with_full_ranking:578 - Found 1757 unique user-basket pairs for evaluation
2025-10-07 16:35:23 - evaluator.prediction_analyzer - INFO - analyze_predictions:161 - Analyzing predictions for 1757 examples (val mode)
2025-10-07 16:35:23 - evaluator.prediction_analyzer - INFO - __enter__:121 - Starting: Prediction analysis (val)
2025-10-07 16:35:23 - evaluator.prediction_analyzer - INFO - __exit__:128 - Completed: Prediction analysis (val) (took 0.00s)
2025-10-07 16:35:23 - evaluator.prediction_analyzer - INFO - _log_analysis_summary:267 - === PREDICTION ANALYSIS SUMMARY (VAL) ===
2025-10-07 16:35:23 - evaluator.prediction_analyzer - INFO - _log_analysis_summary:276 - Ground truth items per example: avg=2.2, min=1, max=3
2025-10-07 16:35:23 - evaluator.prediction_analyzer - INFO - _log_analysis_summary:282 - Epoch range: 0 - 44
2025-10-07 16:35:23 - evaluator.prediction_analyzer - INFO - _log_analysis_summary:300 - Top-5: avg_hits=0.4, avg_recall=0.187, examples_with_hits=801/2250
2025-10-07 16:35:23 - evaluator.prediction_analyzer - INFO - _log_analysis_summary:300 - Top-10: avg_hits=0.6, avg_recall=0.286, examples_with_hits=1119/2250
2025-10-07 16:35:23 - evaluator.prediction_analyzer - INFO - _log_analysis_summary:300 - Top-20: avg_hits=0.9, avg_recall=0.432, examples_with_hits=1494/2250
2025-10-07 16:35:23 - evaluator.prediction_analyzer - INFO - _save_analysis_to_file:382 - Saved prediction analysis to: pytorch_pipeline/outputs/prediction_analysis/predictions_val_grnn_20251007_124143.json
2025-10-07 16:35:23 - evaluator.prediction_analyzer - INFO - _save_summary_statistics:429 - Saved summary statistics to: pytorch_pipeline/outputs/prediction_analysis/summary_val_grnn_20251007_124143.csv
2025-10-07 16:35:23 - evaluator.evaluator - INFO - __enter__:121 - Starting: Computing val metrics
2025-10-07 16:35:23 - evaluator.evaluator - INFO - compute_ranking_metrics:559 - === VAL METRICS SUMMARY ===
2025-10-07 16:35:23 - evaluator.evaluator - INFO - compute_ranking_metrics:561 - recall@10: 0.3140
2025-10-07 16:35:23 - evaluator.evaluator - INFO - compute_ranking_metrics:561 - recall@20: 0.4601
2025-10-07 16:35:23 - evaluator.evaluator - INFO - compute_ranking_metrics:561 - ndcg@10: 0.2061
2025-10-07 16:35:23 - evaluator.evaluator - INFO - compute_ranking_metrics:561 - ndcg@20: 0.2456
2025-10-07 16:35:23 - evaluator.evaluator - INFO - compute_ranking_metrics:561 - hit_ratio@10: 0.5481
2025-10-07 16:35:23 - evaluator.evaluator - INFO - compute_ranking_metrics:561 - hit_ratio@20: 0.7075
2025-10-07 16:35:23 - evaluator.evaluator - INFO - compute_ranking_metrics:561 - precision@10: 0.0677
2025-10-07 16:35:23 - evaluator.evaluator - INFO - compute_ranking_metrics:561 - precision@20: 0.0501
2025-10-07 16:35:23 - evaluator.evaluator - INFO - compute_ranking_metrics:562 - ===================================
2025-10-07 16:35:23 - evaluator.evaluator - INFO - __exit__:128 - Completed: Computing val metrics (took 0.08s)
2025-10-07 16:35:23 - trainer.trainer - INFO - _evaluate_with_full_ranking:663 - VAL Loss: 0.5341
2025-10-07 16:35:23 - trainer.trainer - INFO - __exit__:128 - Completed: Evaluation (val) (took 27.66s)
2025-10-07 16:35:23 - trainer.trainer - INFO - log_training_metrics:163 - Epoch  44 [combined] - train_loss: 0.5751 | train_recall@10: 0.2015 | train_recall@20: 0.3221 | train_ndcg@10: 0.1500 | train_ndcg@20: 0.1894 | train_hit_ratio@10: 0.6295 | train_hit_ratio@20: 0.8321 | train_precision@10: 0.0797 | train_precision@20: 0.0638 | recall@10: 0.3140 | recall@20: 0.4601 | ndcg@10: 0.2061 | ndcg@20: 0.2456 | hit_ratio@10: 0.5481 | hit_ratio@20: 0.7075 | precision@10: 0.0677 | precision@20: 0.0501 | val_loss: 0.5341
2025-10-07 16:35:23 - trainer.trainer - INFO - __enter__:121 - Starting: Evaluation (test)
2025-10-07 16:35:23 - trainer.trainer - INFO - _evaluate_with_full_ranking:546 - Built training item mapping for 1668 users
2025-10-07 16:35:48 - trainer.trainer - INFO - _evaluate_with_full_ranking:578 - Found 1757 unique user-basket pairs for evaluation
2025-10-07 16:35:51 - evaluator.prediction_analyzer - INFO - analyze_predictions:161 - Analyzing predictions for 1757 examples (test mode)
2025-10-07 16:35:51 - evaluator.prediction_analyzer - INFO - __enter__:121 - Starting: Prediction analysis (test)
2025-10-07 16:35:51 - evaluator.prediction_analyzer - INFO - __exit__:128 - Completed: Prediction analysis (test) (took 0.00s)
2025-10-07 16:35:51 - evaluator.prediction_analyzer - INFO - _log_analysis_summary:267 - === PREDICTION ANALYSIS SUMMARY (TEST) ===
2025-10-07 16:35:51 - evaluator.prediction_analyzer - INFO - _log_analysis_summary:276 - Ground truth items per example: avg=2.2, min=1, max=3
2025-10-07 16:35:51 - evaluator.prediction_analyzer - INFO - _log_analysis_summary:282 - Epoch range: 10 - 44
2025-10-07 16:35:51 - evaluator.prediction_analyzer - INFO - _log_analysis_summary:300 - Top-5: avg_hits=0.5, avg_recall=0.225, examples_with_hits=748/1750
2025-10-07 16:35:51 - evaluator.prediction_analyzer - INFO - _log_analysis_summary:300 - Top-10: avg_hits=0.7, avg_recall=0.329, examples_with_hits=990/1750
2025-10-07 16:35:51 - evaluator.prediction_analyzer - INFO - _log_analysis_summary:300 - Top-20: avg_hits=1.0, avg_recall=0.476, examples_with_hits=1255/1750
2025-10-07 16:35:51 - evaluator.prediction_analyzer - INFO - _save_analysis_to_file:382 - Saved prediction analysis to: pytorch_pipeline/outputs/prediction_analysis/predictions_test_grnn_20251007_124143.json
2025-10-07 16:35:51 - evaluator.prediction_analyzer - INFO - _save_summary_statistics:429 - Saved summary statistics to: pytorch_pipeline/outputs/prediction_analysis/summary_test_grnn_20251007_124143.csv
2025-10-07 16:35:51 - evaluator.prediction_analyzer - INFO - show_detailed_examples:321 - === DETAILED PREDICTION EXAMPLES (TEST) ===
2025-10-07 16:35:51 - evaluator.prediction_analyzer - INFO - _show_single_example:333 - 
--- Example 1 (next-basket prediction) ---
2025-10-07 16:35:51 - evaluator.prediction_analyzer - INFO - _show_single_example:334 - User ID: 0, Basket ID: 3
2025-10-07 16:35:51 - evaluator.prediction_analyzer - INFO - _show_single_example:338 - Ground Truth (3 items): ['0', '64', '4']
2025-10-07 16:35:51 - evaluator.prediction_analyzer - INFO - _show_single_example:352 - 
Top-5 Predictions:
2025-10-07 16:35:51 - evaluator.prediction_analyzer - INFO - _show_single_example:354 -   Predicted: ['37', '17', '4', '23', '49']
2025-10-07 16:35:51 - evaluator.prediction_analyzer - INFO - _show_single_example:360 -   ✓ Hits (1): ['4']
2025-10-07 16:35:51 - evaluator.prediction_analyzer - INFO - _show_single_example:363 -   Metrics: Recall=0.333, Precision=0.200
2025-10-07 16:35:51 - evaluator.prediction_analyzer - INFO - _show_single_example:352 - 
Top-10 Predictions:
2025-10-07 16:35:51 - evaluator.prediction_analyzer - INFO - _show_single_example:354 -   Predicted: ['37', '17', '4', '23', '49', '22', '3', '10', '70', '2']
2025-10-07 16:35:51 - evaluator.prediction_analyzer - INFO - _show_single_example:360 -   ✓ Hits (1): ['4']
2025-10-07 16:35:51 - evaluator.prediction_analyzer - INFO - _show_single_example:363 -   Metrics: Recall=0.333, Precision=0.100
2025-10-07 16:35:51 - evaluator.prediction_analyzer - INFO - _show_single_example:352 - 
Top-20 Predictions:
2025-10-07 16:35:51 - evaluator.prediction_analyzer - INFO - _show_single_example:354 -   Predicted: ['37', '17', '4', '23', '49', '22', '3', '10', '70', '2', '114', '11', '0', '65', '74', '68', '113', '59', '16', '21']
2025-10-07 16:35:51 - evaluator.prediction_analyzer - INFO - _show_single_example:360 -   ✓ Hits (2): ['4', '0']
2025-10-07 16:35:51 - evaluator.prediction_analyzer - INFO - _show_single_example:363 -   Metrics: Recall=0.667, Precision=0.100
2025-10-07 16:35:51 - evaluator.prediction_analyzer - INFO - _show_single_example:333 - 
--- Example 2 (next-basket prediction) ---
2025-10-07 16:35:51 - evaluator.prediction_analyzer - INFO - _show_single_example:334 - User ID: 2, Basket ID: 12
2025-10-07 16:35:51 - evaluator.prediction_analyzer - INFO - _show_single_example:338 - Ground Truth (3 items): ['33', '2', '3']
2025-10-07 16:35:51 - evaluator.prediction_analyzer - INFO - _show_single_example:352 - 
Top-5 Predictions:
2025-10-07 16:35:51 - evaluator.prediction_analyzer - INFO - _show_single_example:354 -   Predicted: ['37', '17', '4', '23', '1']
2025-10-07 16:35:51 - evaluator.prediction_analyzer - INFO - _show_single_example:365 -   ✗ No hits in top-5
2025-10-07 16:35:51 - evaluator.prediction_analyzer - INFO - _show_single_example:352 - 
Top-10 Predictions:
2025-10-07 16:35:51 - evaluator.prediction_analyzer - INFO - _show_single_example:354 -   Predicted: ['37', '17', '4', '23', '1', '49', '3', '10', '70', '2']
2025-10-07 16:35:51 - evaluator.prediction_analyzer - INFO - _show_single_example:360 -   ✓ Hits (2): ['3', '2']
2025-10-07 16:35:51 - evaluator.prediction_analyzer - INFO - _show_single_example:363 -   Metrics: Recall=0.667, Precision=0.200
2025-10-07 16:35:51 - evaluator.prediction_analyzer - INFO - _show_single_example:352 - 
Top-20 Predictions:
2025-10-07 16:35:51 - evaluator.prediction_analyzer - INFO - _show_single_example:354 -   Predicted: ['37', '17', '4', '23', '1', '49', '3', '10', '70', '2', '114', '0', '65', '74', '68', '113', '59', '16', '21', '19']
2025-10-07 16:35:51 - evaluator.prediction_analyzer - INFO - _show_single_example:360 -   ✓ Hits (2): ['3', '2']
2025-10-07 16:35:51 - evaluator.prediction_analyzer - INFO - _show_single_example:363 -   Metrics: Recall=0.667, Precision=0.100
2025-10-07 16:35:51 - evaluator.prediction_analyzer - INFO - _show_single_example:333 - 
--- Example 3 (next-basket prediction) ---
2025-10-07 16:35:51 - evaluator.prediction_analyzer - INFO - _show_single_example:334 - User ID: 3, Basket ID: 15
2025-10-07 16:35:51 - evaluator.prediction_analyzer - INFO - _show_single_example:338 - Ground Truth (3 items): ['65', '3', '70']
2025-10-07 16:35:51 - evaluator.prediction_analyzer - INFO - _show_single_example:352 - 
Top-5 Predictions:
2025-10-07 16:35:51 - evaluator.prediction_analyzer - INFO - _show_single_example:354 -   Predicted: ['17', '4', '23', '1', '49']
2025-10-07 16:35:51 - evaluator.prediction_analyzer - INFO - _show_single_example:365 -   ✗ No hits in top-5
2025-10-07 16:35:51 - evaluator.prediction_analyzer - INFO - _show_single_example:352 - 
Top-10 Predictions:
2025-10-07 16:35:51 - evaluator.prediction_analyzer - INFO - _show_single_example:354 -   Predicted: ['17', '4', '23', '1', '49', '22', '3', '10', '70', '2']
2025-10-07 16:35:51 - evaluator.prediction_analyzer - INFO - _show_single_example:360 -   ✓ Hits (2): ['3', '70']
2025-10-07 16:35:51 - evaluator.prediction_analyzer - INFO - _show_single_example:363 -   Metrics: Recall=0.667, Precision=0.200
2025-10-07 16:35:51 - evaluator.prediction_analyzer - INFO - _show_single_example:352 - 
Top-20 Predictions:
2025-10-07 16:35:51 - evaluator.prediction_analyzer - INFO - _show_single_example:354 -   Predicted: ['17', '4', '23', '1', '49', '22', '3', '10', '70', '2', '114', '11', '0', '65', '74', '68', '113', '59', '16', '21']
2025-10-07 16:35:51 - evaluator.prediction_analyzer - INFO - _show_single_example:360 -   ✓ Hits (3): ['3', '70', '65']
2025-10-07 16:35:51 - evaluator.prediction_analyzer - INFO - _show_single_example:363 -   Metrics: Recall=1.000, Precision=0.150
2025-10-07 16:35:51 - evaluator.prediction_analyzer - INFO - show_detailed_examples:327 - ============================================================
2025-10-07 16:35:51 - evaluator.evaluator - INFO - __enter__:121 - Starting: Computing test metrics
2025-10-07 16:35:51 - evaluator.evaluator - INFO - compute_ranking_metrics:559 - === TEST METRICS SUMMARY ===
2025-10-07 16:35:51 - evaluator.evaluator - INFO - compute_ranking_metrics:561 - recall@10: 0.3161
2025-10-07 16:35:51 - evaluator.evaluator - INFO - compute_ranking_metrics:561 - recall@20: 0.4596
2025-10-07 16:35:51 - evaluator.evaluator - INFO - compute_ranking_metrics:561 - ndcg@10: 0.2059
2025-10-07 16:35:51 - evaluator.evaluator - INFO - compute_ranking_metrics:561 - ndcg@20: 0.2447
2025-10-07 16:35:51 - evaluator.evaluator - INFO - compute_ranking_metrics:561 - hit_ratio@10: 0.5521
2025-10-07 16:35:51 - evaluator.evaluator - INFO - compute_ranking_metrics:561 - hit_ratio@20: 0.7120
2025-10-07 16:35:51 - evaluator.evaluator - INFO - compute_ranking_metrics:561 - precision@10: 0.0682
2025-10-07 16:35:51 - evaluator.evaluator - INFO - compute_ranking_metrics:561 - precision@20: 0.0500
2025-10-07 16:35:51 - evaluator.evaluator - INFO - compute_ranking_metrics:562 - ===================================
2025-10-07 16:35:51 - evaluator.evaluator - INFO - __exit__:128 - Completed: Computing test metrics (took 0.08s)
2025-10-07 16:35:51 - trainer.trainer - INFO - _evaluate_with_full_ranking:663 - TEST Loss: 0.5374
2025-10-07 16:35:51 - trainer.trainer - INFO - __exit__:128 - Completed: Evaluation (test) (took 27.60s)
2025-10-07 16:35:51 - trainer.trainer - INFO - _train_epoch:353 - Training metrics computation disabled
2025-10-07 16:35:51 - trainer.trainer - INFO - __enter__:121 - Starting: Training epoch 45
2025-10-07 16:36:26 - trainer.trainer - INFO - __exit__:128 - Completed: Training epoch 45 (took 34.88s)
2025-10-07 16:36:26 - trainer.trainer - INFO - _train_epoch:417 - Computing training ranking metrics from 1668 user-basket pairs
2025-10-07 16:36:30 - evaluator.evaluator - INFO - __enter__:121 - Starting: Computing train metrics
2025-10-07 16:36:30 - evaluator.evaluator - INFO - compute_ranking_metrics:559 - === TRAIN METRICS SUMMARY ===
2025-10-07 16:36:30 - evaluator.evaluator - INFO - compute_ranking_metrics:561 - recall@10: 0.2003
2025-10-07 16:36:30 - evaluator.evaluator - INFO - compute_ranking_metrics:561 - recall@20: 0.3233
2025-10-07 16:36:30 - evaluator.evaluator - INFO - compute_ranking_metrics:561 - ndcg@10: 0.1496
2025-10-07 16:36:30 - evaluator.evaluator - INFO - compute_ranking_metrics:561 - ndcg@20: 0.1898
2025-10-07 16:36:30 - evaluator.evaluator - INFO - compute_ranking_metrics:561 - hit_ratio@10: 0.6289
2025-10-07 16:36:30 - evaluator.evaluator - INFO - compute_ranking_metrics:561 - hit_ratio@20: 0.8351
2025-10-07 16:36:30 - evaluator.evaluator - INFO - compute_ranking_metrics:561 - precision@10: 0.0793
2025-10-07 16:36:30 - evaluator.evaluator - INFO - compute_ranking_metrics:561 - precision@20: 0.0641
2025-10-07 16:36:30 - evaluator.evaluator - INFO - compute_ranking_metrics:562 - ===================================
2025-10-07 16:36:30 - evaluator.evaluator - INFO - __exit__:128 - Completed: Computing train metrics (took 0.08s)
2025-10-07 16:36:30 - trainer.trainer - INFO - _train_epoch:424 - Training metrics computed: ['recall@10', 'recall@20', 'ndcg@10', 'ndcg@20', 'hit_ratio@10', 'hit_ratio@20', 'precision@10', 'precision@20']
2025-10-07 16:36:30 - trainer.trainer - INFO - __enter__:121 - Starting: Evaluation (val)
2025-10-07 16:36:30 - trainer.trainer - INFO - _evaluate_with_full_ranking:546 - Built training item mapping for 1668 users
2025-10-07 16:36:56 - trainer.trainer - INFO - _evaluate_with_full_ranking:578 - Found 1757 unique user-basket pairs for evaluation
2025-10-07 16:36:58 - evaluator.prediction_analyzer - INFO - analyze_predictions:161 - Analyzing predictions for 1757 examples (val mode)
2025-10-07 16:36:58 - evaluator.prediction_analyzer - INFO - __enter__:121 - Starting: Prediction analysis (val)
2025-10-07 16:36:58 - evaluator.prediction_analyzer - INFO - __exit__:128 - Completed: Prediction analysis (val) (took 0.00s)
2025-10-07 16:36:58 - evaluator.prediction_analyzer - INFO - _log_analysis_summary:267 - === PREDICTION ANALYSIS SUMMARY (VAL) ===
2025-10-07 16:36:58 - evaluator.prediction_analyzer - INFO - _log_analysis_summary:276 - Ground truth items per example: avg=2.2, min=1, max=3
2025-10-07 16:36:58 - evaluator.prediction_analyzer - INFO - _log_analysis_summary:282 - Epoch range: 0 - 45
2025-10-07 16:36:58 - evaluator.prediction_analyzer - INFO - _log_analysis_summary:300 - Top-5: avg_hits=0.4, avg_recall=0.187, examples_with_hits=819/2300
2025-10-07 16:36:58 - evaluator.prediction_analyzer - INFO - _log_analysis_summary:300 - Top-10: avg_hits=0.6, avg_recall=0.286, examples_with_hits=1143/2300
2025-10-07 16:36:58 - evaluator.prediction_analyzer - INFO - _log_analysis_summary:300 - Top-20: avg_hits=0.9, avg_recall=0.431, examples_with_hits=1525/2300
2025-10-07 16:36:58 - evaluator.prediction_analyzer - INFO - _save_analysis_to_file:382 - Saved prediction analysis to: pytorch_pipeline/outputs/prediction_analysis/predictions_val_grnn_20251007_124143.json
2025-10-07 16:36:58 - evaluator.prediction_analyzer - INFO - _save_summary_statistics:429 - Saved summary statistics to: pytorch_pipeline/outputs/prediction_analysis/summary_val_grnn_20251007_124143.csv
2025-10-07 16:36:58 - evaluator.evaluator - INFO - __enter__:121 - Starting: Computing val metrics
2025-10-07 16:36:58 - evaluator.evaluator - INFO - compute_ranking_metrics:559 - === VAL METRICS SUMMARY ===
2025-10-07 16:36:58 - evaluator.evaluator - INFO - compute_ranking_metrics:561 - recall@10: 0.3163
2025-10-07 16:36:58 - evaluator.evaluator - INFO - compute_ranking_metrics:561 - recall@20: 0.4592
2025-10-07 16:36:58 - evaluator.evaluator - INFO - compute_ranking_metrics:561 - ndcg@10: 0.2068
2025-10-07 16:36:58 - evaluator.evaluator - INFO - compute_ranking_metrics:561 - ndcg@20: 0.2454
2025-10-07 16:36:58 - evaluator.evaluator - INFO - compute_ranking_metrics:561 - hit_ratio@10: 0.5498
2025-10-07 16:36:58 - evaluator.evaluator - INFO - compute_ranking_metrics:561 - hit_ratio@20: 0.7092
2025-10-07 16:36:58 - evaluator.evaluator - INFO - compute_ranking_metrics:561 - precision@10: 0.0684
2025-10-07 16:36:58 - evaluator.evaluator - INFO - compute_ranking_metrics:561 - precision@20: 0.0500
2025-10-07 16:36:58 - evaluator.evaluator - INFO - compute_ranking_metrics:562 - ===================================
2025-10-07 16:36:58 - evaluator.evaluator - INFO - __exit__:128 - Completed: Computing val metrics (took 0.08s)
2025-10-07 16:36:58 - trainer.trainer - INFO - _evaluate_with_full_ranking:663 - VAL Loss: 0.5389
2025-10-07 16:36:58 - trainer.trainer - INFO - __exit__:128 - Completed: Evaluation (val) (took 27.83s)
2025-10-07 16:36:58 - trainer.trainer - INFO - log_training_metrics:163 - Epoch  45 [combined] - train_loss: 0.5810 | train_recall@10: 0.2003 | train_recall@20: 0.3233 | train_ndcg@10: 0.1496 | train_ndcg@20: 0.1898 | train_hit_ratio@10: 0.6289 | train_hit_ratio@20: 0.8351 | train_precision@10: 0.0793 | train_precision@20: 0.0641 | recall@10: 0.3163 | recall@20: 0.4592 | ndcg@10: 0.2068 | ndcg@20: 0.2454 | hit_ratio@10: 0.5498 | hit_ratio@20: 0.7092 | precision@10: 0.0684 | precision@20: 0.0500 | val_loss: 0.5389
2025-10-07 16:36:58 - trainer.trainer - INFO - __enter__:121 - Starting: Evaluation (test)
2025-10-07 16:36:58 - trainer.trainer - INFO - _evaluate_with_full_ranking:546 - Built training item mapping for 1668 users
2025-10-07 16:37:23 - trainer.trainer - INFO - _evaluate_with_full_ranking:578 - Found 1757 unique user-basket pairs for evaluation
2025-10-07 16:37:25 - evaluator.prediction_analyzer - INFO - analyze_predictions:161 - Analyzing predictions for 1757 examples (test mode)
2025-10-07 16:37:25 - evaluator.prediction_analyzer - INFO - __enter__:121 - Starting: Prediction analysis (test)
2025-10-07 16:37:25 - evaluator.prediction_analyzer - INFO - __exit__:128 - Completed: Prediction analysis (test) (took 0.00s)
2025-10-07 16:37:25 - evaluator.prediction_analyzer - INFO - _log_analysis_summary:267 - === PREDICTION ANALYSIS SUMMARY (TEST) ===
2025-10-07 16:37:25 - evaluator.prediction_analyzer - INFO - _log_analysis_summary:276 - Ground truth items per example: avg=2.2, min=1, max=3
2025-10-07 16:37:25 - evaluator.prediction_analyzer - INFO - _log_analysis_summary:282 - Epoch range: 10 - 45
2025-10-07 16:37:25 - evaluator.prediction_analyzer - INFO - _log_analysis_summary:300 - Top-5: avg_hits=0.5, avg_recall=0.224, examples_with_hits=766/1800
2025-10-07 16:37:25 - evaluator.prediction_analyzer - INFO - _log_analysis_summary:300 - Top-10: avg_hits=0.7, avg_recall=0.328, examples_with_hits=1014/1800
2025-10-07 16:37:25 - evaluator.prediction_analyzer - INFO - _log_analysis_summary:300 - Top-20: avg_hits=1.0, avg_recall=0.474, examples_with_hits=1286/1800
2025-10-07 16:37:25 - evaluator.prediction_analyzer - INFO - _save_analysis_to_file:382 - Saved prediction analysis to: pytorch_pipeline/outputs/prediction_analysis/predictions_test_grnn_20251007_124143.json
2025-10-07 16:37:25 - evaluator.prediction_analyzer - INFO - _save_summary_statistics:429 - Saved summary statistics to: pytorch_pipeline/outputs/prediction_analysis/summary_test_grnn_20251007_124143.csv
2025-10-07 16:37:25 - evaluator.prediction_analyzer - INFO - show_detailed_examples:321 - === DETAILED PREDICTION EXAMPLES (TEST) ===
2025-10-07 16:37:25 - evaluator.prediction_analyzer - INFO - _show_single_example:333 - 
--- Example 1 (next-basket prediction) ---
2025-10-07 16:37:25 - evaluator.prediction_analyzer - INFO - _show_single_example:334 - User ID: 0, Basket ID: 3
2025-10-07 16:37:25 - evaluator.prediction_analyzer - INFO - _show_single_example:338 - Ground Truth (3 items): ['0', '64', '4']
2025-10-07 16:37:25 - evaluator.prediction_analyzer - INFO - _show_single_example:352 - 
Top-5 Predictions:
2025-10-07 16:37:25 - evaluator.prediction_analyzer - INFO - _show_single_example:354 -   Predicted: ['37', '17', '4', '23', '49']
2025-10-07 16:37:25 - evaluator.prediction_analyzer - INFO - _show_single_example:360 -   ✓ Hits (1): ['4']
2025-10-07 16:37:25 - evaluator.prediction_analyzer - INFO - _show_single_example:363 -   Metrics: Recall=0.333, Precision=0.200
2025-10-07 16:37:25 - evaluator.prediction_analyzer - INFO - _show_single_example:352 - 
Top-10 Predictions:
2025-10-07 16:37:25 - evaluator.prediction_analyzer - INFO - _show_single_example:354 -   Predicted: ['37', '17', '4', '23', '49', '22', '3', '10', '70', '2']
2025-10-07 16:37:25 - evaluator.prediction_analyzer - INFO - _show_single_example:360 -   ✓ Hits (1): ['4']
2025-10-07 16:37:25 - evaluator.prediction_analyzer - INFO - _show_single_example:363 -   Metrics: Recall=0.333, Precision=0.100
2025-10-07 16:37:25 - evaluator.prediction_analyzer - INFO - _show_single_example:352 - 
Top-20 Predictions:
2025-10-07 16:37:25 - evaluator.prediction_analyzer - INFO - _show_single_example:354 -   Predicted: ['37', '17', '4', '23', '49', '22', '3', '10', '70', '2', '114', '11', '0', '65', '74', '68', '113', '59', '16', '21']
2025-10-07 16:37:25 - evaluator.prediction_analyzer - INFO - _show_single_example:360 -   ✓ Hits (2): ['4', '0']
2025-10-07 16:37:25 - evaluator.prediction_analyzer - INFO - _show_single_example:363 -   Metrics: Recall=0.667, Precision=0.100
2025-10-07 16:37:25 - evaluator.prediction_analyzer - INFO - _show_single_example:333 - 
--- Example 2 (next-basket prediction) ---
2025-10-07 16:37:25 - evaluator.prediction_analyzer - INFO - _show_single_example:334 - User ID: 2, Basket ID: 12
2025-10-07 16:37:25 - evaluator.prediction_analyzer - INFO - _show_single_example:338 - Ground Truth (3 items): ['33', '2', '3']
2025-10-07 16:37:25 - evaluator.prediction_analyzer - INFO - _show_single_example:352 - 
Top-5 Predictions:
2025-10-07 16:37:25 - evaluator.prediction_analyzer - INFO - _show_single_example:354 -   Predicted: ['37', '17', '4', '23', '1']
2025-10-07 16:37:25 - evaluator.prediction_analyzer - INFO - _show_single_example:365 -   ✗ No hits in top-5
2025-10-07 16:37:25 - evaluator.prediction_analyzer - INFO - _show_single_example:352 - 
Top-10 Predictions:
2025-10-07 16:37:25 - evaluator.prediction_analyzer - INFO - _show_single_example:354 -   Predicted: ['37', '17', '4', '23', '1', '49', '3', '10', '70', '2']
2025-10-07 16:37:25 - evaluator.prediction_analyzer - INFO - _show_single_example:360 -   ✓ Hits (2): ['3', '2']
2025-10-07 16:37:25 - evaluator.prediction_analyzer - INFO - _show_single_example:363 -   Metrics: Recall=0.667, Precision=0.200
2025-10-07 16:37:25 - evaluator.prediction_analyzer - INFO - _show_single_example:352 - 
Top-20 Predictions:
2025-10-07 16:37:25 - evaluator.prediction_analyzer - INFO - _show_single_example:354 -   Predicted: ['37', '17', '4', '23', '1', '49', '3', '10', '70', '2', '114', '0', '65', '74', '68', '113', '59', '16', '21', '19']
2025-10-07 16:37:25 - evaluator.prediction_analyzer - INFO - _show_single_example:360 -   ✓ Hits (2): ['3', '2']
2025-10-07 16:37:25 - evaluator.prediction_analyzer - INFO - _show_single_example:363 -   Metrics: Recall=0.667, Precision=0.100
2025-10-07 16:37:25 - evaluator.prediction_analyzer - INFO - _show_single_example:333 - 
--- Example 3 (next-basket prediction) ---
2025-10-07 16:37:25 - evaluator.prediction_analyzer - INFO - _show_single_example:334 - User ID: 3, Basket ID: 15
2025-10-07 16:37:25 - evaluator.prediction_analyzer - INFO - _show_single_example:338 - Ground Truth (3 items): ['65', '3', '70']
2025-10-07 16:37:25 - evaluator.prediction_analyzer - INFO - _show_single_example:352 - 
Top-5 Predictions:
2025-10-07 16:37:25 - evaluator.prediction_analyzer - INFO - _show_single_example:354 -   Predicted: ['17', '4', '23', '1', '49']
2025-10-07 16:37:25 - evaluator.prediction_analyzer - INFO - _show_single_example:365 -   ✗ No hits in top-5
2025-10-07 16:37:25 - evaluator.prediction_analyzer - INFO - _show_single_example:352 - 
Top-10 Predictions:
2025-10-07 16:37:25 - evaluator.prediction_analyzer - INFO - _show_single_example:354 -   Predicted: ['17', '4', '23', '1', '49', '22', '3', '10', '70', '2']
2025-10-07 16:37:25 - evaluator.prediction_analyzer - INFO - _show_single_example:360 -   ✓ Hits (2): ['3', '70']
2025-10-07 16:37:25 - evaluator.prediction_analyzer - INFO - _show_single_example:363 -   Metrics: Recall=0.667, Precision=0.200
2025-10-07 16:37:25 - evaluator.prediction_analyzer - INFO - _show_single_example:352 - 
Top-20 Predictions:
2025-10-07 16:37:25 - evaluator.prediction_analyzer - INFO - _show_single_example:354 -   Predicted: ['17', '4', '23', '1', '49', '22', '3', '10', '70', '2', '114', '11', '0', '65', '74', '68', '113', '59', '16', '21']
2025-10-07 16:37:25 - evaluator.prediction_analyzer - INFO - _show_single_example:360 -   ✓ Hits (3): ['3', '70', '65']
2025-10-07 16:37:25 - evaluator.prediction_analyzer - INFO - _show_single_example:363 -   Metrics: Recall=1.000, Precision=0.150
2025-10-07 16:37:25 - evaluator.prediction_analyzer - INFO - show_detailed_examples:327 - ============================================================
2025-10-07 16:37:25 - evaluator.evaluator - INFO - __enter__:121 - Starting: Computing test metrics
2025-10-07 16:37:26 - evaluator.evaluator - INFO - compute_ranking_metrics:559 - === TEST METRICS SUMMARY ===
2025-10-07 16:37:26 - evaluator.evaluator - INFO - compute_ranking_metrics:561 - recall@10: 0.3176
2025-10-07 16:37:26 - evaluator.evaluator - INFO - compute_ranking_metrics:561 - recall@20: 0.4632
2025-10-07 16:37:26 - evaluator.evaluator - INFO - compute_ranking_metrics:561 - ndcg@10: 0.2074
2025-10-07 16:37:26 - evaluator.evaluator - INFO - compute_ranking_metrics:561 - ndcg@20: 0.2467
2025-10-07 16:37:26 - evaluator.evaluator - INFO - compute_ranking_metrics:561 - hit_ratio@10: 0.5521
2025-10-07 16:37:26 - evaluator.evaluator - INFO - compute_ranking_metrics:561 - hit_ratio@20: 0.7126
2025-10-07 16:37:26 - evaluator.evaluator - INFO - compute_ranking_metrics:561 - precision@10: 0.0687
2025-10-07 16:37:26 - evaluator.evaluator - INFO - compute_ranking_metrics:561 - precision@20: 0.0505
2025-10-07 16:37:26 - evaluator.evaluator - INFO - compute_ranking_metrics:562 - ===================================
2025-10-07 16:37:26 - evaluator.evaluator - INFO - __exit__:128 - Completed: Computing test metrics (took 0.08s)
2025-10-07 16:37:26 - trainer.trainer - INFO - _evaluate_with_full_ranking:663 - TEST Loss: 0.5302
2025-10-07 16:37:26 - trainer.trainer - INFO - __exit__:128 - Completed: Evaluation (test) (took 27.31s)
2025-10-07 16:37:26 - trainer.trainer - INFO - _train_epoch:353 - Training metrics computation disabled
2025-10-07 16:37:26 - trainer.trainer - INFO - __enter__:121 - Starting: Training epoch 46
2025-10-07 16:37:59 - trainer.trainer - INFO - __exit__:128 - Completed: Training epoch 46 (took 33.93s)
2025-10-07 16:37:59 - trainer.trainer - INFO - _train_epoch:417 - Computing training ranking metrics from 1668 user-basket pairs
2025-10-07 16:38:04 - evaluator.evaluator - INFO - __enter__:121 - Starting: Computing train metrics
2025-10-07 16:38:04 - evaluator.evaluator - INFO - compute_ranking_metrics:559 - === TRAIN METRICS SUMMARY ===
2025-10-07 16:38:04 - evaluator.evaluator - INFO - compute_ranking_metrics:561 - recall@10: 0.2005
2025-10-07 16:38:04 - evaluator.evaluator - INFO - compute_ranking_metrics:561 - recall@20: 0.3227
2025-10-07 16:38:04 - evaluator.evaluator - INFO - compute_ranking_metrics:561 - ndcg@10: 0.1497
2025-10-07 16:38:04 - evaluator.evaluator - INFO - compute_ranking_metrics:561 - ndcg@20: 0.1897
2025-10-07 16:38:04 - evaluator.evaluator - INFO - compute_ranking_metrics:561 - hit_ratio@10: 0.6307
2025-10-07 16:38:04 - evaluator.evaluator - INFO - compute_ranking_metrics:561 - hit_ratio@20: 0.8345
2025-10-07 16:38:04 - evaluator.evaluator - INFO - compute_ranking_metrics:561 - precision@10: 0.0794
2025-10-07 16:38:04 - evaluator.evaluator - INFO - compute_ranking_metrics:561 - precision@20: 0.0640
2025-10-07 16:38:04 - evaluator.evaluator - INFO - compute_ranking_metrics:562 - ===================================
2025-10-07 16:38:04 - evaluator.evaluator - INFO - __exit__:128 - Completed: Computing train metrics (took 0.08s)
2025-10-07 16:38:04 - trainer.trainer - INFO - _train_epoch:424 - Training metrics computed: ['recall@10', 'recall@20', 'ndcg@10', 'ndcg@20', 'hit_ratio@10', 'hit_ratio@20', 'precision@10', 'precision@20']
2025-10-07 16:38:04 - trainer.trainer - INFO - __enter__:121 - Starting: Evaluation (val)
2025-10-07 16:38:04 - trainer.trainer - INFO - _evaluate_with_full_ranking:546 - Built training item mapping for 1668 users
2025-10-07 16:38:29 - trainer.trainer - INFO - _evaluate_with_full_ranking:578 - Found 1757 unique user-basket pairs for evaluation
2025-10-07 16:38:32 - evaluator.prediction_analyzer - INFO - analyze_predictions:161 - Analyzing predictions for 1757 examples (val mode)
2025-10-07 16:38:32 - evaluator.prediction_analyzer - INFO - __enter__:121 - Starting: Prediction analysis (val)
2025-10-07 16:38:32 - evaluator.prediction_analyzer - INFO - __exit__:128 - Completed: Prediction analysis (val) (took 0.00s)
2025-10-07 16:38:32 - evaluator.prediction_analyzer - INFO - _log_analysis_summary:267 - === PREDICTION ANALYSIS SUMMARY (VAL) ===
2025-10-07 16:38:32 - evaluator.prediction_analyzer - INFO - _log_analysis_summary:276 - Ground truth items per example: avg=2.2, min=1, max=3
2025-10-07 16:38:32 - evaluator.prediction_analyzer - INFO - _log_analysis_summary:282 - Epoch range: 0 - 46
2025-10-07 16:38:32 - evaluator.prediction_analyzer - INFO - _log_analysis_summary:300 - Top-5: avg_hits=0.4, avg_recall=0.188, examples_with_hits=838/2350
2025-10-07 16:38:32 - evaluator.prediction_analyzer - INFO - _log_analysis_summary:300 - Top-10: avg_hits=0.6, avg_recall=0.287, examples_with_hits=1169/2350
2025-10-07 16:38:32 - evaluator.prediction_analyzer - INFO - _log_analysis_summary:300 - Top-20: avg_hits=0.9, avg_recall=0.431, examples_with_hits=1557/2350
2025-10-07 16:38:32 - evaluator.prediction_analyzer - INFO - _save_analysis_to_file:382 - Saved prediction analysis to: pytorch_pipeline/outputs/prediction_analysis/predictions_val_grnn_20251007_124143.json
2025-10-07 16:38:32 - evaluator.prediction_analyzer - INFO - _save_summary_statistics:429 - Saved summary statistics to: pytorch_pipeline/outputs/prediction_analysis/summary_val_grnn_20251007_124143.csv
2025-10-07 16:38:32 - evaluator.evaluator - INFO - __enter__:121 - Starting: Computing val metrics
2025-10-07 16:38:32 - evaluator.evaluator - INFO - compute_ranking_metrics:559 - === VAL METRICS SUMMARY ===
2025-10-07 16:38:32 - evaluator.evaluator - INFO - compute_ranking_metrics:561 - recall@10: 0.3152
2025-10-07 16:38:32 - evaluator.evaluator - INFO - compute_ranking_metrics:561 - recall@20: 0.4644
2025-10-07 16:38:32 - evaluator.evaluator - INFO - compute_ranking_metrics:561 - ndcg@10: 0.2068
2025-10-07 16:38:32 - evaluator.evaluator - INFO - compute_ranking_metrics:561 - ndcg@20: 0.2469
2025-10-07 16:38:32 - evaluator.evaluator - INFO - compute_ranking_metrics:561 - hit_ratio@10: 0.5498
2025-10-07 16:38:32 - evaluator.evaluator - INFO - compute_ranking_metrics:561 - hit_ratio@20: 0.7131
2025-10-07 16:38:32 - evaluator.evaluator - INFO - compute_ranking_metrics:561 - precision@10: 0.0683
2025-10-07 16:38:32 - evaluator.evaluator - INFO - compute_ranking_metrics:561 - precision@20: 0.0506
2025-10-07 16:38:32 - evaluator.evaluator - INFO - compute_ranking_metrics:562 - ===================================
2025-10-07 16:38:32 - evaluator.evaluator - INFO - __exit__:128 - Completed: Computing val metrics (took 0.08s)
2025-10-07 16:38:32 - trainer.trainer - INFO - _evaluate_with_full_ranking:663 - VAL Loss: 0.5387
2025-10-07 16:38:32 - trainer.trainer - INFO - __exit__:128 - Completed: Evaluation (val) (took 27.72s)
2025-10-07 16:38:32 - trainer.trainer - INFO - log_training_metrics:163 - Epoch  46 [combined] - train_loss: 0.5736 | train_recall@10: 0.2005 | train_recall@20: 0.3227 | train_ndcg@10: 0.1497 | train_ndcg@20: 0.1897 | train_hit_ratio@10: 0.6307 | train_hit_ratio@20: 0.8345 | train_precision@10: 0.0794 | train_precision@20: 0.0640 | recall@10: 0.3152 | recall@20: 0.4644 | ndcg@10: 0.2068 | ndcg@20: 0.2469 | hit_ratio@10: 0.5498 | hit_ratio@20: 0.7131 | precision@10: 0.0683 | precision@20: 0.0506 | val_loss: 0.5387
2025-10-07 16:38:32 - trainer.trainer - INFO - __enter__:121 - Starting: Evaluation (test)
2025-10-07 16:38:32 - trainer.trainer - INFO - _evaluate_with_full_ranking:546 - Built training item mapping for 1668 users
2025-10-07 16:38:57 - trainer.trainer - INFO - _evaluate_with_full_ranking:578 - Found 1757 unique user-basket pairs for evaluation
2025-10-07 16:38:59 - evaluator.prediction_analyzer - INFO - analyze_predictions:161 - Analyzing predictions for 1757 examples (test mode)
2025-10-07 16:38:59 - evaluator.prediction_analyzer - INFO - __enter__:121 - Starting: Prediction analysis (test)
2025-10-07 16:38:59 - evaluator.prediction_analyzer - INFO - __exit__:128 - Completed: Prediction analysis (test) (took 0.00s)
2025-10-07 16:38:59 - evaluator.prediction_analyzer - INFO - _log_analysis_summary:267 - === PREDICTION ANALYSIS SUMMARY (TEST) ===
2025-10-07 16:38:59 - evaluator.prediction_analyzer - INFO - _log_analysis_summary:276 - Ground truth items per example: avg=2.2, min=1, max=3
2025-10-07 16:38:59 - evaluator.prediction_analyzer - INFO - _log_analysis_summary:282 - Epoch range: 10 - 46
2025-10-07 16:38:59 - evaluator.prediction_analyzer - INFO - _log_analysis_summary:300 - Top-5: avg_hits=0.5, avg_recall=0.223, examples_with_hits=785/1850
2025-10-07 16:38:59 - evaluator.prediction_analyzer - INFO - _log_analysis_summary:300 - Top-10: avg_hits=0.7, avg_recall=0.327, examples_with_hits=1040/1850
2025-10-07 16:38:59 - evaluator.prediction_analyzer - INFO - _log_analysis_summary:300 - Top-20: avg_hits=1.0, avg_recall=0.473, examples_with_hits=1318/1850
2025-10-07 16:38:59 - evaluator.prediction_analyzer - INFO - _save_analysis_to_file:382 - Saved prediction analysis to: pytorch_pipeline/outputs/prediction_analysis/predictions_test_grnn_20251007_124143.json
2025-10-07 16:38:59 - evaluator.prediction_analyzer - INFO - _save_summary_statistics:429 - Saved summary statistics to: pytorch_pipeline/outputs/prediction_analysis/summary_test_grnn_20251007_124143.csv
2025-10-07 16:38:59 - evaluator.prediction_analyzer - INFO - show_detailed_examples:321 - === DETAILED PREDICTION EXAMPLES (TEST) ===
2025-10-07 16:38:59 - evaluator.prediction_analyzer - INFO - _show_single_example:333 - 
--- Example 1 (next-basket prediction) ---
2025-10-07 16:38:59 - evaluator.prediction_analyzer - INFO - _show_single_example:334 - User ID: 0, Basket ID: 3
2025-10-07 16:38:59 - evaluator.prediction_analyzer - INFO - _show_single_example:338 - Ground Truth (3 items): ['0', '64', '4']
2025-10-07 16:38:59 - evaluator.prediction_analyzer - INFO - _show_single_example:352 - 
Top-5 Predictions:
2025-10-07 16:38:59 - evaluator.prediction_analyzer - INFO - _show_single_example:354 -   Predicted: ['37', '17', '4', '23', '49']
2025-10-07 16:38:59 - evaluator.prediction_analyzer - INFO - _show_single_example:360 -   ✓ Hits (1): ['4']
2025-10-07 16:38:59 - evaluator.prediction_analyzer - INFO - _show_single_example:363 -   Metrics: Recall=0.333, Precision=0.200
2025-10-07 16:38:59 - evaluator.prediction_analyzer - INFO - _show_single_example:352 - 
Top-10 Predictions:
2025-10-07 16:38:59 - evaluator.prediction_analyzer - INFO - _show_single_example:354 -   Predicted: ['37', '17', '4', '23', '49', '22', '3', '10', '70', '2']
2025-10-07 16:38:59 - evaluator.prediction_analyzer - INFO - _show_single_example:360 -   ✓ Hits (1): ['4']
2025-10-07 16:38:59 - evaluator.prediction_analyzer - INFO - _show_single_example:363 -   Metrics: Recall=0.333, Precision=0.100
2025-10-07 16:38:59 - evaluator.prediction_analyzer - INFO - _show_single_example:352 - 
Top-20 Predictions:
2025-10-07 16:38:59 - evaluator.prediction_analyzer - INFO - _show_single_example:354 -   Predicted: ['37', '17', '4', '23', '49', '22', '3', '10', '70', '2', '114', '11', '0', '65', '74', '68', '113', '59', '16', '21']
2025-10-07 16:38:59 - evaluator.prediction_analyzer - INFO - _show_single_example:360 -   ✓ Hits (2): ['4', '0']
2025-10-07 16:38:59 - evaluator.prediction_analyzer - INFO - _show_single_example:363 -   Metrics: Recall=0.667, Precision=0.100
2025-10-07 16:38:59 - evaluator.prediction_analyzer - INFO - _show_single_example:333 - 
--- Example 2 (next-basket prediction) ---
2025-10-07 16:38:59 - evaluator.prediction_analyzer - INFO - _show_single_example:334 - User ID: 2, Basket ID: 12
2025-10-07 16:38:59 - evaluator.prediction_analyzer - INFO - _show_single_example:338 - Ground Truth (3 items): ['33', '2', '3']
2025-10-07 16:38:59 - evaluator.prediction_analyzer - INFO - _show_single_example:352 - 
Top-5 Predictions:
2025-10-07 16:38:59 - evaluator.prediction_analyzer - INFO - _show_single_example:354 -   Predicted: ['37', '17', '4', '23', '1']
2025-10-07 16:38:59 - evaluator.prediction_analyzer - INFO - _show_single_example:365 -   ✗ No hits in top-5
2025-10-07 16:38:59 - evaluator.prediction_analyzer - INFO - _show_single_example:352 - 
Top-10 Predictions:
2025-10-07 16:38:59 - evaluator.prediction_analyzer - INFO - _show_single_example:354 -   Predicted: ['37', '17', '4', '23', '1', '49', '3', '10', '70', '2']
2025-10-07 16:38:59 - evaluator.prediction_analyzer - INFO - _show_single_example:360 -   ✓ Hits (2): ['3', '2']
2025-10-07 16:38:59 - evaluator.prediction_analyzer - INFO - _show_single_example:363 -   Metrics: Recall=0.667, Precision=0.200
2025-10-07 16:38:59 - evaluator.prediction_analyzer - INFO - _show_single_example:352 - 
Top-20 Predictions:
2025-10-07 16:38:59 - evaluator.prediction_analyzer - INFO - _show_single_example:354 -   Predicted: ['37', '17', '4', '23', '1', '49', '3', '10', '70', '2', '114', '0', '65', '74', '68', '113', '59', '16', '21', '19']
2025-10-07 16:38:59 - evaluator.prediction_analyzer - INFO - _show_single_example:360 -   ✓ Hits (2): ['3', '2']
2025-10-07 16:38:59 - evaluator.prediction_analyzer - INFO - _show_single_example:363 -   Metrics: Recall=0.667, Precision=0.100
2025-10-07 16:38:59 - evaluator.prediction_analyzer - INFO - _show_single_example:333 - 
--- Example 3 (next-basket prediction) ---
2025-10-07 16:38:59 - evaluator.prediction_analyzer - INFO - _show_single_example:334 - User ID: 3, Basket ID: 15
2025-10-07 16:38:59 - evaluator.prediction_analyzer - INFO - _show_single_example:338 - Ground Truth (3 items): ['65', '3', '70']
2025-10-07 16:38:59 - evaluator.prediction_analyzer - INFO - _show_single_example:352 - 
Top-5 Predictions:
2025-10-07 16:38:59 - evaluator.prediction_analyzer - INFO - _show_single_example:354 -   Predicted: ['17', '4', '23', '1', '49']
2025-10-07 16:38:59 - evaluator.prediction_analyzer - INFO - _show_single_example:365 -   ✗ No hits in top-5
2025-10-07 16:38:59 - evaluator.prediction_analyzer - INFO - _show_single_example:352 - 
Top-10 Predictions:
2025-10-07 16:38:59 - evaluator.prediction_analyzer - INFO - _show_single_example:354 -   Predicted: ['17', '4', '23', '1', '49', '22', '3', '10', '70', '2']
2025-10-07 16:38:59 - evaluator.prediction_analyzer - INFO - _show_single_example:360 -   ✓ Hits (2): ['3', '70']
2025-10-07 16:38:59 - evaluator.prediction_analyzer - INFO - _show_single_example:363 -   Metrics: Recall=0.667, Precision=0.200
2025-10-07 16:38:59 - evaluator.prediction_analyzer - INFO - _show_single_example:352 - 
Top-20 Predictions:
2025-10-07 16:38:59 - evaluator.prediction_analyzer - INFO - _show_single_example:354 -   Predicted: ['17', '4', '23', '1', '49', '22', '3', '10', '70', '2', '114', '11', '0', '65', '74', '68', '113', '59', '16', '21']
2025-10-07 16:38:59 - evaluator.prediction_analyzer - INFO - _show_single_example:360 -   ✓ Hits (3): ['3', '70', '65']
2025-10-07 16:38:59 - evaluator.prediction_analyzer - INFO - _show_single_example:363 -   Metrics: Recall=1.000, Precision=0.150
2025-10-07 16:38:59 - evaluator.prediction_analyzer - INFO - show_detailed_examples:327 - ============================================================
2025-10-07 16:38:59 - evaluator.evaluator - INFO - __enter__:121 - Starting: Computing test metrics
2025-10-07 16:38:59 - evaluator.evaluator - INFO - compute_ranking_metrics:559 - === TEST METRICS SUMMARY ===
2025-10-07 16:38:59 - evaluator.evaluator - INFO - compute_ranking_metrics:561 - recall@10: 0.3147
2025-10-07 16:38:59 - evaluator.evaluator - INFO - compute_ranking_metrics:561 - recall@20: 0.4646
2025-10-07 16:38:59 - evaluator.evaluator - INFO - compute_ranking_metrics:561 - ndcg@10: 0.2068
2025-10-07 16:38:59 - evaluator.evaluator - INFO - compute_ranking_metrics:561 - ndcg@20: 0.2470
2025-10-07 16:38:59 - evaluator.evaluator - INFO - compute_ranking_metrics:561 - hit_ratio@10: 0.5498
2025-10-07 16:38:59 - evaluator.evaluator - INFO - compute_ranking_metrics:561 - hit_ratio@20: 0.7171
2025-10-07 16:38:59 - evaluator.evaluator - INFO - compute_ranking_metrics:561 - precision@10: 0.0681
2025-10-07 16:38:59 - evaluator.evaluator - INFO - compute_ranking_metrics:561 - precision@20: 0.0506
2025-10-07 16:38:59 - evaluator.evaluator - INFO - compute_ranking_metrics:562 - ===================================
2025-10-07 16:38:59 - evaluator.evaluator - INFO - __exit__:128 - Completed: Computing test metrics (took 0.08s)
2025-10-07 16:38:59 - trainer.trainer - INFO - _evaluate_with_full_ranking:663 - TEST Loss: 0.5344
2025-10-07 16:38:59 - trainer.trainer - INFO - __exit__:128 - Completed: Evaluation (test) (took 27.48s)
2025-10-07 16:38:59 - trainer.trainer - INFO - _train_epoch:353 - Training metrics computation disabled
2025-10-07 16:38:59 - trainer.trainer - INFO - __enter__:121 - Starting: Training epoch 47
2025-10-07 16:39:34 - trainer.trainer - INFO - __exit__:128 - Completed: Training epoch 47 (took 34.17s)
2025-10-07 16:39:34 - trainer.trainer - INFO - _train_epoch:417 - Computing training ranking metrics from 1668 user-basket pairs
2025-10-07 16:39:38 - evaluator.evaluator - INFO - __enter__:121 - Starting: Computing train metrics
2025-10-07 16:39:38 - evaluator.evaluator - INFO - compute_ranking_metrics:559 - === TRAIN METRICS SUMMARY ===
2025-10-07 16:39:38 - evaluator.evaluator - INFO - compute_ranking_metrics:561 - recall@10: 0.2018
2025-10-07 16:39:38 - evaluator.evaluator - INFO - compute_ranking_metrics:561 - recall@20: 0.3235
2025-10-07 16:39:38 - evaluator.evaluator - INFO - compute_ranking_metrics:561 - ndcg@10: 0.1503
2025-10-07 16:39:38 - evaluator.evaluator - INFO - compute_ranking_metrics:561 - ndcg@20: 0.1901
2025-10-07 16:39:38 - evaluator.evaluator - INFO - compute_ranking_metrics:561 - hit_ratio@10: 0.6355
2025-10-07 16:39:38 - evaluator.evaluator - INFO - compute_ranking_metrics:561 - hit_ratio@20: 0.8363
2025-10-07 16:39:38 - evaluator.evaluator - INFO - compute_ranking_metrics:561 - precision@10: 0.0799
2025-10-07 16:39:38 - evaluator.evaluator - INFO - compute_ranking_metrics:561 - precision@20: 0.0641
2025-10-07 16:39:38 - evaluator.evaluator - INFO - compute_ranking_metrics:562 - ===================================
2025-10-07 16:39:38 - evaluator.evaluator - INFO - __exit__:128 - Completed: Computing train metrics (took 0.08s)
2025-10-07 16:39:38 - trainer.trainer - INFO - _train_epoch:424 - Training metrics computed: ['recall@10', 'recall@20', 'ndcg@10', 'ndcg@20', 'hit_ratio@10', 'hit_ratio@20', 'precision@10', 'precision@20']
2025-10-07 16:39:38 - trainer.trainer - INFO - __enter__:121 - Starting: Evaluation (val)
2025-10-07 16:39:38 - trainer.trainer - INFO - _evaluate_with_full_ranking:546 - Built training item mapping for 1668 users
2025-10-07 16:40:04 - trainer.trainer - INFO - _evaluate_with_full_ranking:578 - Found 1757 unique user-basket pairs for evaluation
2025-10-07 16:40:06 - evaluator.prediction_analyzer - INFO - analyze_predictions:161 - Analyzing predictions for 1757 examples (val mode)
2025-10-07 16:40:06 - evaluator.prediction_analyzer - INFO - __enter__:121 - Starting: Prediction analysis (val)
2025-10-07 16:40:06 - evaluator.prediction_analyzer - INFO - __exit__:128 - Completed: Prediction analysis (val) (took 0.00s)
2025-10-07 16:40:06 - evaluator.prediction_analyzer - INFO - _log_analysis_summary:267 - === PREDICTION ANALYSIS SUMMARY (VAL) ===
2025-10-07 16:40:06 - evaluator.prediction_analyzer - INFO - _log_analysis_summary:276 - Ground truth items per example: avg=2.2, min=1, max=3
2025-10-07 16:40:06 - evaluator.prediction_analyzer - INFO - _log_analysis_summary:282 - Epoch range: 0 - 47
2025-10-07 16:40:06 - evaluator.prediction_analyzer - INFO - _log_analysis_summary:300 - Top-5: avg_hits=0.4, avg_recall=0.188, examples_with_hits=857/2400
2025-10-07 16:40:06 - evaluator.prediction_analyzer - INFO - _log_analysis_summary:300 - Top-10: avg_hits=0.6, avg_recall=0.287, examples_with_hits=1195/2400
2025-10-07 16:40:06 - evaluator.prediction_analyzer - INFO - _log_analysis_summary:300 - Top-20: avg_hits=0.9, avg_recall=0.431, examples_with_hits=1589/2400
2025-10-07 16:40:06 - evaluator.prediction_analyzer - INFO - _save_analysis_to_file:382 - Saved prediction analysis to: pytorch_pipeline/outputs/prediction_analysis/predictions_val_grnn_20251007_124143.json
2025-10-07 16:40:06 - evaluator.prediction_analyzer - INFO - _save_summary_statistics:429 - Saved summary statistics to: pytorch_pipeline/outputs/prediction_analysis/summary_val_grnn_20251007_124143.csv
2025-10-07 16:40:06 - evaluator.evaluator - INFO - __enter__:121 - Starting: Computing val metrics
2025-10-07 16:40:06 - evaluator.evaluator - INFO - compute_ranking_metrics:559 - === VAL METRICS SUMMARY ===
2025-10-07 16:40:06 - evaluator.evaluator - INFO - compute_ranking_metrics:561 - recall@10: 0.3158
2025-10-07 16:40:06 - evaluator.evaluator - INFO - compute_ranking_metrics:561 - recall@20: 0.4658
2025-10-07 16:40:06 - evaluator.evaluator - INFO - compute_ranking_metrics:561 - ndcg@10: 0.2085
2025-10-07 16:40:06 - evaluator.evaluator - INFO - compute_ranking_metrics:561 - ndcg@20: 0.2489
2025-10-07 16:40:06 - evaluator.evaluator - INFO - compute_ranking_metrics:561 - hit_ratio@10: 0.5504
2025-10-07 16:40:06 - evaluator.evaluator - INFO - compute_ranking_metrics:561 - hit_ratio@20: 0.7171
2025-10-07 16:40:06 - evaluator.evaluator - INFO - compute_ranking_metrics:561 - precision@10: 0.0684
2025-10-07 16:40:06 - evaluator.evaluator - INFO - compute_ranking_metrics:561 - precision@20: 0.0507
2025-10-07 16:40:06 - evaluator.evaluator - INFO - compute_ranking_metrics:562 - ===================================
2025-10-07 16:40:06 - evaluator.evaluator - INFO - __exit__:128 - Completed: Computing val metrics (took 0.08s)
2025-10-07 16:40:06 - trainer.trainer - INFO - _evaluate_with_full_ranking:663 - VAL Loss: 0.5373
2025-10-07 16:40:06 - trainer.trainer - INFO - __exit__:128 - Completed: Evaluation (val) (took 27.94s)
2025-10-07 16:40:06 - trainer.trainer - INFO - log_training_metrics:163 - Epoch  47 [combined] - train_loss: 0.5722 | train_recall@10: 0.2018 | train_recall@20: 0.3235 | train_ndcg@10: 0.1503 | train_ndcg@20: 0.1901 | train_hit_ratio@10: 0.6355 | train_hit_ratio@20: 0.8363 | train_precision@10: 0.0799 | train_precision@20: 0.0641 | recall@10: 0.3158 | recall@20: 0.4658 | ndcg@10: 0.2085 | ndcg@20: 0.2489 | hit_ratio@10: 0.5504 | hit_ratio@20: 0.7171 | precision@10: 0.0684 | precision@20: 0.0507 | val_loss: 0.5373
2025-10-07 16:40:06 - trainer.trainer - INFO - __enter__:121 - Starting: Evaluation (test)
2025-10-07 16:40:06 - trainer.trainer - INFO - _evaluate_with_full_ranking:546 - Built training item mapping for 1668 users
2025-10-07 16:40:31 - trainer.trainer - INFO - _evaluate_with_full_ranking:578 - Found 1757 unique user-basket pairs for evaluation
2025-10-07 16:40:34 - evaluator.prediction_analyzer - INFO - analyze_predictions:161 - Analyzing predictions for 1757 examples (test mode)
2025-10-07 16:40:34 - evaluator.prediction_analyzer - INFO - __enter__:121 - Starting: Prediction analysis (test)
2025-10-07 16:40:34 - evaluator.prediction_analyzer - INFO - __exit__:128 - Completed: Prediction analysis (test) (took 0.00s)
2025-10-07 16:40:34 - evaluator.prediction_analyzer - INFO - _log_analysis_summary:267 - === PREDICTION ANALYSIS SUMMARY (TEST) ===
2025-10-07 16:40:34 - evaluator.prediction_analyzer - INFO - _log_analysis_summary:276 - Ground truth items per example: avg=2.2, min=1, max=3
2025-10-07 16:40:34 - evaluator.prediction_analyzer - INFO - _log_analysis_summary:282 - Epoch range: 10 - 47
2025-10-07 16:40:34 - evaluator.prediction_analyzer - INFO - _log_analysis_summary:300 - Top-5: avg_hits=0.5, avg_recall=0.223, examples_with_hits=804/1900
2025-10-07 16:40:34 - evaluator.prediction_analyzer - INFO - _log_analysis_summary:300 - Top-10: avg_hits=0.7, avg_recall=0.327, examples_with_hits=1066/1900
2025-10-07 16:40:34 - evaluator.prediction_analyzer - INFO - _log_analysis_summary:300 - Top-20: avg_hits=1.0, avg_recall=0.472, examples_with_hits=1350/1900
2025-10-07 16:40:34 - evaluator.prediction_analyzer - INFO - _save_analysis_to_file:382 - Saved prediction analysis to: pytorch_pipeline/outputs/prediction_analysis/predictions_test_grnn_20251007_124143.json
2025-10-07 16:40:34 - evaluator.prediction_analyzer - INFO - _save_summary_statistics:429 - Saved summary statistics to: pytorch_pipeline/outputs/prediction_analysis/summary_test_grnn_20251007_124143.csv
2025-10-07 16:40:34 - evaluator.prediction_analyzer - INFO - show_detailed_examples:321 - === DETAILED PREDICTION EXAMPLES (TEST) ===
2025-10-07 16:40:34 - evaluator.prediction_analyzer - INFO - _show_single_example:333 - 
--- Example 1 (next-basket prediction) ---
2025-10-07 16:40:34 - evaluator.prediction_analyzer - INFO - _show_single_example:334 - User ID: 0, Basket ID: 3
2025-10-07 16:40:34 - evaluator.prediction_analyzer - INFO - _show_single_example:338 - Ground Truth (3 items): ['0', '64', '4']
2025-10-07 16:40:34 - evaluator.prediction_analyzer - INFO - _show_single_example:352 - 
Top-5 Predictions:
2025-10-07 16:40:34 - evaluator.prediction_analyzer - INFO - _show_single_example:354 -   Predicted: ['37', '17', '4', '23', '49']
2025-10-07 16:40:34 - evaluator.prediction_analyzer - INFO - _show_single_example:360 -   ✓ Hits (1): ['4']
2025-10-07 16:40:34 - evaluator.prediction_analyzer - INFO - _show_single_example:363 -   Metrics: Recall=0.333, Precision=0.200
2025-10-07 16:40:34 - evaluator.prediction_analyzer - INFO - _show_single_example:352 - 
Top-10 Predictions:
2025-10-07 16:40:34 - evaluator.prediction_analyzer - INFO - _show_single_example:354 -   Predicted: ['37', '17', '4', '23', '49', '22', '3', '10', '70', '2']
2025-10-07 16:40:34 - evaluator.prediction_analyzer - INFO - _show_single_example:360 -   ✓ Hits (1): ['4']
2025-10-07 16:40:34 - evaluator.prediction_analyzer - INFO - _show_single_example:363 -   Metrics: Recall=0.333, Precision=0.100
2025-10-07 16:40:34 - evaluator.prediction_analyzer - INFO - _show_single_example:352 - 
Top-20 Predictions:
2025-10-07 16:40:34 - evaluator.prediction_analyzer - INFO - _show_single_example:354 -   Predicted: ['37', '17', '4', '23', '49', '22', '3', '10', '70', '2', '114', '11', '0', '65', '74', '68', '113', '59', '16', '21']
2025-10-07 16:40:34 - evaluator.prediction_analyzer - INFO - _show_single_example:360 -   ✓ Hits (2): ['4', '0']
2025-10-07 16:40:34 - evaluator.prediction_analyzer - INFO - _show_single_example:363 -   Metrics: Recall=0.667, Precision=0.100
2025-10-07 16:40:34 - evaluator.prediction_analyzer - INFO - _show_single_example:333 - 
--- Example 2 (next-basket prediction) ---
2025-10-07 16:40:34 - evaluator.prediction_analyzer - INFO - _show_single_example:334 - User ID: 2, Basket ID: 12
2025-10-07 16:40:34 - evaluator.prediction_analyzer - INFO - _show_single_example:338 - Ground Truth (3 items): ['33', '2', '3']
2025-10-07 16:40:34 - evaluator.prediction_analyzer - INFO - _show_single_example:352 - 
Top-5 Predictions:
2025-10-07 16:40:34 - evaluator.prediction_analyzer - INFO - _show_single_example:354 -   Predicted: ['37', '17', '4', '23', '1']
2025-10-07 16:40:34 - evaluator.prediction_analyzer - INFO - _show_single_example:365 -   ✗ No hits in top-5
2025-10-07 16:40:34 - evaluator.prediction_analyzer - INFO - _show_single_example:352 - 
Top-10 Predictions:
2025-10-07 16:40:34 - evaluator.prediction_analyzer - INFO - _show_single_example:354 -   Predicted: ['37', '17', '4', '23', '1', '49', '3', '10', '70', '2']
2025-10-07 16:40:34 - evaluator.prediction_analyzer - INFO - _show_single_example:360 -   ✓ Hits (2): ['3', '2']
2025-10-07 16:40:34 - evaluator.prediction_analyzer - INFO - _show_single_example:363 -   Metrics: Recall=0.667, Precision=0.200
2025-10-07 16:40:34 - evaluator.prediction_analyzer - INFO - _show_single_example:352 - 
Top-20 Predictions:
2025-10-07 16:40:34 - evaluator.prediction_analyzer - INFO - _show_single_example:354 -   Predicted: ['37', '17', '4', '23', '1', '49', '3', '10', '70', '2', '114', '0', '65', '74', '68', '113', '59', '16', '21', '19']
2025-10-07 16:40:34 - evaluator.prediction_analyzer - INFO - _show_single_example:360 -   ✓ Hits (2): ['3', '2']
2025-10-07 16:40:34 - evaluator.prediction_analyzer - INFO - _show_single_example:363 -   Metrics: Recall=0.667, Precision=0.100
2025-10-07 16:40:34 - evaluator.prediction_analyzer - INFO - _show_single_example:333 - 
--- Example 3 (next-basket prediction) ---
2025-10-07 16:40:34 - evaluator.prediction_analyzer - INFO - _show_single_example:334 - User ID: 3, Basket ID: 15
2025-10-07 16:40:34 - evaluator.prediction_analyzer - INFO - _show_single_example:338 - Ground Truth (3 items): ['65', '3', '70']
2025-10-07 16:40:34 - evaluator.prediction_analyzer - INFO - _show_single_example:352 - 
Top-5 Predictions:
2025-10-07 16:40:34 - evaluator.prediction_analyzer - INFO - _show_single_example:354 -   Predicted: ['17', '4', '23', '1', '49']
2025-10-07 16:40:34 - evaluator.prediction_analyzer - INFO - _show_single_example:365 -   ✗ No hits in top-5
2025-10-07 16:40:34 - evaluator.prediction_analyzer - INFO - _show_single_example:352 - 
Top-10 Predictions:
2025-10-07 16:40:34 - evaluator.prediction_analyzer - INFO - _show_single_example:354 -   Predicted: ['17', '4', '23', '1', '49', '22', '3', '10', '70', '2']
2025-10-07 16:40:34 - evaluator.prediction_analyzer - INFO - _show_single_example:360 -   ✓ Hits (2): ['3', '70']
2025-10-07 16:40:34 - evaluator.prediction_analyzer - INFO - _show_single_example:363 -   Metrics: Recall=0.667, Precision=0.200
2025-10-07 16:40:34 - evaluator.prediction_analyzer - INFO - _show_single_example:352 - 
Top-20 Predictions:
2025-10-07 16:40:34 - evaluator.prediction_analyzer - INFO - _show_single_example:354 -   Predicted: ['17', '4', '23', '1', '49', '22', '3', '10', '70', '2', '114', '11', '0', '65', '74', '68', '113', '59', '16', '21']
2025-10-07 16:40:34 - evaluator.prediction_analyzer - INFO - _show_single_example:360 -   ✓ Hits (3): ['3', '70', '65']
2025-10-07 16:40:34 - evaluator.prediction_analyzer - INFO - _show_single_example:363 -   Metrics: Recall=1.000, Precision=0.150
2025-10-07 16:40:34 - evaluator.prediction_analyzer - INFO - show_detailed_examples:327 - ============================================================
2025-10-07 16:40:34 - evaluator.evaluator - INFO - __enter__:121 - Starting: Computing test metrics
2025-10-07 16:40:34 - evaluator.evaluator - INFO - compute_ranking_metrics:559 - === TEST METRICS SUMMARY ===
2025-10-07 16:40:34 - evaluator.evaluator - INFO - compute_ranking_metrics:561 - recall@10: 0.3146
2025-10-07 16:40:34 - evaluator.evaluator - INFO - compute_ranking_metrics:561 - recall@20: 0.4617
2025-10-07 16:40:34 - evaluator.evaluator - INFO - compute_ranking_metrics:561 - ndcg@10: 0.2079
2025-10-07 16:40:34 - evaluator.evaluator - INFO - compute_ranking_metrics:561 - ndcg@20: 0.2476
2025-10-07 16:40:34 - evaluator.evaluator - INFO - compute_ranking_metrics:561 - hit_ratio@10: 0.5481
2025-10-07 16:40:34 - evaluator.evaluator - INFO - compute_ranking_metrics:561 - hit_ratio@20: 0.7103
2025-10-07 16:40:34 - evaluator.evaluator - INFO - compute_ranking_metrics:561 - precision@10: 0.0681
2025-10-07 16:40:34 - evaluator.evaluator - INFO - compute_ranking_metrics:561 - precision@20: 0.0503
2025-10-07 16:40:34 - evaluator.evaluator - INFO - compute_ranking_metrics:562 - ===================================
2025-10-07 16:40:34 - evaluator.evaluator - INFO - __exit__:128 - Completed: Computing test metrics (took 0.08s)
2025-10-07 16:40:34 - trainer.trainer - INFO - _evaluate_with_full_ranking:663 - TEST Loss: 0.5243
2025-10-07 16:40:34 - trainer.trainer - INFO - __exit__:128 - Completed: Evaluation (test) (took 27.50s)
2025-10-07 16:40:34 - trainer.trainer - INFO - _train_epoch:353 - Training metrics computation disabled
2025-10-07 16:40:34 - trainer.trainer - INFO - __enter__:121 - Starting: Training epoch 48
2025-10-07 16:41:08 - trainer.trainer - INFO - __exit__:128 - Completed: Training epoch 48 (took 33.94s)
2025-10-07 16:41:08 - trainer.trainer - INFO - _train_epoch:417 - Computing training ranking metrics from 1668 user-basket pairs
2025-10-07 16:41:12 - evaluator.evaluator - INFO - __enter__:121 - Starting: Computing train metrics
2025-10-07 16:41:12 - evaluator.evaluator - INFO - compute_ranking_metrics:559 - === TRAIN METRICS SUMMARY ===
2025-10-07 16:41:12 - evaluator.evaluator - INFO - compute_ranking_metrics:561 - recall@10: 0.2030
2025-10-07 16:41:12 - evaluator.evaluator - INFO - compute_ranking_metrics:561 - recall@20: 0.3228
2025-10-07 16:41:12 - evaluator.evaluator - INFO - compute_ranking_metrics:561 - ndcg@10: 0.1511
2025-10-07 16:41:12 - evaluator.evaluator - INFO - compute_ranking_metrics:561 - ndcg@20: 0.1903
2025-10-07 16:41:12 - evaluator.evaluator - INFO - compute_ranking_metrics:561 - hit_ratio@10: 0.6475
2025-10-07 16:41:12 - evaluator.evaluator - INFO - compute_ranking_metrics:561 - hit_ratio@20: 0.8363
2025-10-07 16:41:12 - evaluator.evaluator - INFO - compute_ranking_metrics:561 - precision@10: 0.0803
2025-10-07 16:41:12 - evaluator.evaluator - INFO - compute_ranking_metrics:561 - precision@20: 0.0639
2025-10-07 16:41:12 - evaluator.evaluator - INFO - compute_ranking_metrics:562 - ===================================
2025-10-07 16:41:12 - evaluator.evaluator - INFO - __exit__:128 - Completed: Computing train metrics (took 0.08s)
2025-10-07 16:41:12 - trainer.trainer - INFO - _train_epoch:424 - Training metrics computed: ['recall@10', 'recall@20', 'ndcg@10', 'ndcg@20', 'hit_ratio@10', 'hit_ratio@20', 'precision@10', 'precision@20']
2025-10-07 16:41:12 - trainer.trainer - INFO - __enter__:121 - Starting: Evaluation (val)
2025-10-07 16:41:12 - trainer.trainer - INFO - _evaluate_with_full_ranking:546 - Built training item mapping for 1668 users
2025-10-07 16:41:37 - trainer.trainer - INFO - _evaluate_with_full_ranking:578 - Found 1757 unique user-basket pairs for evaluation
2025-10-07 16:41:40 - evaluator.prediction_analyzer - INFO - analyze_predictions:161 - Analyzing predictions for 1757 examples (val mode)
2025-10-07 16:41:40 - evaluator.prediction_analyzer - INFO - __enter__:121 - Starting: Prediction analysis (val)
2025-10-07 16:41:40 - evaluator.prediction_analyzer - INFO - __exit__:128 - Completed: Prediction analysis (val) (took 0.00s)
2025-10-07 16:41:40 - evaluator.prediction_analyzer - INFO - _log_analysis_summary:267 - === PREDICTION ANALYSIS SUMMARY (VAL) ===
2025-10-07 16:41:40 - evaluator.prediction_analyzer - INFO - _log_analysis_summary:276 - Ground truth items per example: avg=2.2, min=1, max=3
2025-10-07 16:41:40 - evaluator.prediction_analyzer - INFO - _log_analysis_summary:282 - Epoch range: 0 - 48
2025-10-07 16:41:40 - evaluator.prediction_analyzer - INFO - _log_analysis_summary:300 - Top-5: avg_hits=0.4, avg_recall=0.188, examples_with_hits=877/2450
2025-10-07 16:41:40 - evaluator.prediction_analyzer - INFO - _log_analysis_summary:300 - Top-10: avg_hits=0.6, avg_recall=0.287, examples_with_hits=1221/2450
2025-10-07 16:41:40 - evaluator.prediction_analyzer - INFO - _log_analysis_summary:300 - Top-20: avg_hits=0.9, avg_recall=0.431, examples_with_hits=1621/2450
2025-10-07 16:41:40 - evaluator.prediction_analyzer - INFO - _save_analysis_to_file:382 - Saved prediction analysis to: pytorch_pipeline/outputs/prediction_analysis/predictions_val_grnn_20251007_124143.json
2025-10-07 16:41:40 - evaluator.prediction_analyzer - INFO - _save_summary_statistics:429 - Saved summary statistics to: pytorch_pipeline/outputs/prediction_analysis/summary_val_grnn_20251007_124143.csv
2025-10-07 16:41:40 - evaluator.evaluator - INFO - __enter__:121 - Starting: Computing val metrics
2025-10-07 16:41:40 - evaluator.evaluator - INFO - compute_ranking_metrics:559 - === VAL METRICS SUMMARY ===
2025-10-07 16:41:40 - evaluator.evaluator - INFO - compute_ranking_metrics:561 - recall@10: 0.3144
2025-10-07 16:41:40 - evaluator.evaluator - INFO - compute_ranking_metrics:561 - recall@20: 0.4575
2025-10-07 16:41:40 - evaluator.evaluator - INFO - compute_ranking_metrics:561 - ndcg@10: 0.2071
2025-10-07 16:41:40 - evaluator.evaluator - INFO - compute_ranking_metrics:561 - ndcg@20: 0.2458
2025-10-07 16:41:40 - evaluator.evaluator - INFO - compute_ranking_metrics:561 - hit_ratio@10: 0.5441
2025-10-07 16:41:40 - evaluator.evaluator - INFO - compute_ranking_metrics:561 - hit_ratio@20: 0.7052
2025-10-07 16:41:40 - evaluator.evaluator - INFO - compute_ranking_metrics:561 - precision@10: 0.0681
2025-10-07 16:41:40 - evaluator.evaluator - INFO - compute_ranking_metrics:561 - precision@20: 0.0498
2025-10-07 16:41:40 - evaluator.evaluator - INFO - compute_ranking_metrics:562 - ===================================
2025-10-07 16:41:40 - evaluator.evaluator - INFO - __exit__:128 - Completed: Computing val metrics (took 0.08s)
2025-10-07 16:41:40 - trainer.trainer - INFO - _evaluate_with_full_ranking:663 - VAL Loss: 0.5287
2025-10-07 16:41:40 - trainer.trainer - INFO - __exit__:128 - Completed: Evaluation (val) (took 27.57s)
2025-10-07 16:41:40 - trainer.trainer - INFO - log_training_metrics:163 - Epoch  48 [combined] - train_loss: 0.5729 | train_recall@10: 0.2030 | train_recall@20: 0.3228 | train_ndcg@10: 0.1511 | train_ndcg@20: 0.1903 | train_hit_ratio@10: 0.6475 | train_hit_ratio@20: 0.8363 | train_precision@10: 0.0803 | train_precision@20: 0.0639 | recall@10: 0.3144 | recall@20: 0.4575 | ndcg@10: 0.2071 | ndcg@20: 0.2458 | hit_ratio@10: 0.5441 | hit_ratio@20: 0.7052 | precision@10: 0.0681 | precision@20: 0.0498 | val_loss: 0.5287
2025-10-07 16:41:40 - trainer.trainer - INFO - __enter__:121 - Starting: Evaluation (test)
2025-10-07 16:41:40 - trainer.trainer - INFO - _evaluate_with_full_ranking:546 - Built training item mapping for 1668 users
2025-10-07 16:42:05 - trainer.trainer - INFO - _evaluate_with_full_ranking:578 - Found 1757 unique user-basket pairs for evaluation
2025-10-07 16:42:07 - evaluator.prediction_analyzer - INFO - analyze_predictions:161 - Analyzing predictions for 1757 examples (test mode)
2025-10-07 16:42:07 - evaluator.prediction_analyzer - INFO - __enter__:121 - Starting: Prediction analysis (test)
2025-10-07 16:42:07 - evaluator.prediction_analyzer - INFO - __exit__:128 - Completed: Prediction analysis (test) (took 0.00s)
2025-10-07 16:42:07 - evaluator.prediction_analyzer - INFO - _log_analysis_summary:267 - === PREDICTION ANALYSIS SUMMARY (TEST) ===
2025-10-07 16:42:07 - evaluator.prediction_analyzer - INFO - _log_analysis_summary:276 - Ground truth items per example: avg=2.2, min=1, max=3
2025-10-07 16:42:07 - evaluator.prediction_analyzer - INFO - _log_analysis_summary:282 - Epoch range: 10 - 48
2025-10-07 16:42:07 - evaluator.prediction_analyzer - INFO - _log_analysis_summary:300 - Top-5: avg_hits=0.5, avg_recall=0.222, examples_with_hits=823/1950
2025-10-07 16:42:07 - evaluator.prediction_analyzer - INFO - _log_analysis_summary:300 - Top-10: avg_hits=0.7, avg_recall=0.326, examples_with_hits=1091/1950
2025-10-07 16:42:07 - evaluator.prediction_analyzer - INFO - _log_analysis_summary:300 - Top-20: avg_hits=1.0, avg_recall=0.470, examples_with_hits=1381/1950
2025-10-07 16:42:07 - evaluator.prediction_analyzer - INFO - _save_analysis_to_file:382 - Saved prediction analysis to: pytorch_pipeline/outputs/prediction_analysis/predictions_test_grnn_20251007_124143.json
2025-10-07 16:42:07 - evaluator.prediction_analyzer - INFO - _save_summary_statistics:429 - Saved summary statistics to: pytorch_pipeline/outputs/prediction_analysis/summary_test_grnn_20251007_124143.csv
2025-10-07 16:42:07 - evaluator.prediction_analyzer - INFO - show_detailed_examples:321 - === DETAILED PREDICTION EXAMPLES (TEST) ===
2025-10-07 16:42:07 - evaluator.prediction_analyzer - INFO - _show_single_example:333 - 
--- Example 1 (next-basket prediction) ---
2025-10-07 16:42:07 - evaluator.prediction_analyzer - INFO - _show_single_example:334 - User ID: 0, Basket ID: 3
2025-10-07 16:42:07 - evaluator.prediction_analyzer - INFO - _show_single_example:338 - Ground Truth (3 items): ['0', '64', '4']
2025-10-07 16:42:07 - evaluator.prediction_analyzer - INFO - _show_single_example:352 - 
Top-5 Predictions:
2025-10-07 16:42:07 - evaluator.prediction_analyzer - INFO - _show_single_example:354 -   Predicted: ['37', '17', '4', '23', '49']
2025-10-07 16:42:07 - evaluator.prediction_analyzer - INFO - _show_single_example:360 -   ✓ Hits (1): ['4']
2025-10-07 16:42:07 - evaluator.prediction_analyzer - INFO - _show_single_example:363 -   Metrics: Recall=0.333, Precision=0.200
2025-10-07 16:42:07 - evaluator.prediction_analyzer - INFO - _show_single_example:352 - 
Top-10 Predictions:
2025-10-07 16:42:07 - evaluator.prediction_analyzer - INFO - _show_single_example:354 -   Predicted: ['37', '17', '4', '23', '49', '22', '3', '10', '70', '2']
2025-10-07 16:42:07 - evaluator.prediction_analyzer - INFO - _show_single_example:360 -   ✓ Hits (1): ['4']
2025-10-07 16:42:07 - evaluator.prediction_analyzer - INFO - _show_single_example:363 -   Metrics: Recall=0.333, Precision=0.100
2025-10-07 16:42:07 - evaluator.prediction_analyzer - INFO - _show_single_example:352 - 
Top-20 Predictions:
2025-10-07 16:42:07 - evaluator.prediction_analyzer - INFO - _show_single_example:354 -   Predicted: ['37', '17', '4', '23', '49', '22', '3', '10', '70', '2', '114', '11', '0', '65', '74', '68', '113', '59', '16', '21']
2025-10-07 16:42:07 - evaluator.prediction_analyzer - INFO - _show_single_example:360 -   ✓ Hits (2): ['4', '0']
2025-10-07 16:42:07 - evaluator.prediction_analyzer - INFO - _show_single_example:363 -   Metrics: Recall=0.667, Precision=0.100
2025-10-07 16:42:07 - evaluator.prediction_analyzer - INFO - _show_single_example:333 - 
--- Example 2 (next-basket prediction) ---
2025-10-07 16:42:07 - evaluator.prediction_analyzer - INFO - _show_single_example:334 - User ID: 2, Basket ID: 12
2025-10-07 16:42:07 - evaluator.prediction_analyzer - INFO - _show_single_example:338 - Ground Truth (3 items): ['33', '2', '3']
2025-10-07 16:42:07 - evaluator.prediction_analyzer - INFO - _show_single_example:352 - 
Top-5 Predictions:
2025-10-07 16:42:07 - evaluator.prediction_analyzer - INFO - _show_single_example:354 -   Predicted: ['37', '17', '4', '23', '1']
2025-10-07 16:42:07 - evaluator.prediction_analyzer - INFO - _show_single_example:365 -   ✗ No hits in top-5
2025-10-07 16:42:07 - evaluator.prediction_analyzer - INFO - _show_single_example:352 - 
Top-10 Predictions:
2025-10-07 16:42:07 - evaluator.prediction_analyzer - INFO - _show_single_example:354 -   Predicted: ['37', '17', '4', '23', '1', '49', '3', '10', '70', '2']
2025-10-07 16:42:07 - evaluator.prediction_analyzer - INFO - _show_single_example:360 -   ✓ Hits (2): ['3', '2']
2025-10-07 16:42:07 - evaluator.prediction_analyzer - INFO - _show_single_example:363 -   Metrics: Recall=0.667, Precision=0.200
2025-10-07 16:42:07 - evaluator.prediction_analyzer - INFO - _show_single_example:352 - 
Top-20 Predictions:
2025-10-07 16:42:07 - evaluator.prediction_analyzer - INFO - _show_single_example:354 -   Predicted: ['37', '17', '4', '23', '1', '49', '3', '10', '70', '2', '114', '0', '65', '74', '68', '113', '59', '16', '21', '19']
2025-10-07 16:42:07 - evaluator.prediction_analyzer - INFO - _show_single_example:360 -   ✓ Hits (2): ['3', '2']
2025-10-07 16:42:07 - evaluator.prediction_analyzer - INFO - _show_single_example:363 -   Metrics: Recall=0.667, Precision=0.100
2025-10-07 16:42:07 - evaluator.prediction_analyzer - INFO - _show_single_example:333 - 
--- Example 3 (next-basket prediction) ---
2025-10-07 16:42:07 - evaluator.prediction_analyzer - INFO - _show_single_example:334 - User ID: 3, Basket ID: 15
2025-10-07 16:42:07 - evaluator.prediction_analyzer - INFO - _show_single_example:338 - Ground Truth (3 items): ['65', '3', '70']
2025-10-07 16:42:07 - evaluator.prediction_analyzer - INFO - _show_single_example:352 - 
Top-5 Predictions:
2025-10-07 16:42:07 - evaluator.prediction_analyzer - INFO - _show_single_example:354 -   Predicted: ['17', '4', '23', '1', '49']
2025-10-07 16:42:07 - evaluator.prediction_analyzer - INFO - _show_single_example:365 -   ✗ No hits in top-5
2025-10-07 16:42:07 - evaluator.prediction_analyzer - INFO - _show_single_example:352 - 
Top-10 Predictions:
2025-10-07 16:42:07 - evaluator.prediction_analyzer - INFO - _show_single_example:354 -   Predicted: ['17', '4', '23', '1', '49', '22', '3', '10', '70', '2']
2025-10-07 16:42:07 - evaluator.prediction_analyzer - INFO - _show_single_example:360 -   ✓ Hits (2): ['3', '70']
2025-10-07 16:42:07 - evaluator.prediction_analyzer - INFO - _show_single_example:363 -   Metrics: Recall=0.667, Precision=0.200
2025-10-07 16:42:07 - evaluator.prediction_analyzer - INFO - _show_single_example:352 - 
Top-20 Predictions:
2025-10-07 16:42:07 - evaluator.prediction_analyzer - INFO - _show_single_example:354 -   Predicted: ['17', '4', '23', '1', '49', '22', '3', '10', '70', '2', '114', '11', '0', '65', '74', '68', '113', '59', '16', '21']
2025-10-07 16:42:07 - evaluator.prediction_analyzer - INFO - _show_single_example:360 -   ✓ Hits (3): ['3', '70', '65']
2025-10-07 16:42:07 - evaluator.prediction_analyzer - INFO - _show_single_example:363 -   Metrics: Recall=1.000, Precision=0.150
2025-10-07 16:42:07 - evaluator.prediction_analyzer - INFO - show_detailed_examples:327 - ============================================================
2025-10-07 16:42:07 - evaluator.evaluator - INFO - __enter__:121 - Starting: Computing test metrics
2025-10-07 16:42:07 - evaluator.evaluator - INFO - compute_ranking_metrics:559 - === TEST METRICS SUMMARY ===
2025-10-07 16:42:07 - evaluator.evaluator - INFO - compute_ranking_metrics:561 - recall@10: 0.3152
2025-10-07 16:42:07 - evaluator.evaluator - INFO - compute_ranking_metrics:561 - recall@20: 0.4596
2025-10-07 16:42:07 - evaluator.evaluator - INFO - compute_ranking_metrics:561 - ndcg@10: 0.2080
2025-10-07 16:42:07 - evaluator.evaluator - INFO - compute_ranking_metrics:561 - ndcg@20: 0.2471
2025-10-07 16:42:07 - evaluator.evaluator - INFO - compute_ranking_metrics:561 - hit_ratio@10: 0.5470
2025-10-07 16:42:07 - evaluator.evaluator - INFO - compute_ranking_metrics:561 - hit_ratio@20: 0.7092
2025-10-07 16:42:07 - evaluator.evaluator - INFO - compute_ranking_metrics:561 - precision@10: 0.0682
2025-10-07 16:42:07 - evaluator.evaluator - INFO - compute_ranking_metrics:561 - precision@20: 0.0500
2025-10-07 16:42:07 - evaluator.evaluator - INFO - compute_ranking_metrics:562 - ===================================
2025-10-07 16:42:07 - evaluator.evaluator - INFO - __exit__:128 - Completed: Computing test metrics (took 0.08s)
2025-10-07 16:42:07 - trainer.trainer - INFO - _evaluate_with_full_ranking:663 - TEST Loss: 0.5365
2025-10-07 16:42:07 - trainer.trainer - INFO - __exit__:128 - Completed: Evaluation (test) (took 27.21s)
2025-10-07 16:42:07 - trainer.trainer - INFO - _train_epoch:353 - Training metrics computation disabled
2025-10-07 16:42:07 - trainer.trainer - INFO - __enter__:121 - Starting: Training epoch 49
2025-10-07 16:42:41 - trainer.trainer - INFO - __exit__:128 - Completed: Training epoch 49 (took 34.26s)
2025-10-07 16:42:41 - trainer.trainer - INFO - _train_epoch:417 - Computing training ranking metrics from 1668 user-basket pairs
2025-10-07 16:42:46 - evaluator.evaluator - INFO - __enter__:121 - Starting: Computing train metrics
2025-10-07 16:42:46 - evaluator.evaluator - INFO - compute_ranking_metrics:559 - === TRAIN METRICS SUMMARY ===
2025-10-07 16:42:46 - evaluator.evaluator - INFO - compute_ranking_metrics:561 - recall@10: 0.2028
2025-10-07 16:42:46 - evaluator.evaluator - INFO - compute_ranking_metrics:561 - recall@20: 0.3227
2025-10-07 16:42:46 - evaluator.evaluator - INFO - compute_ranking_metrics:561 - ndcg@10: 0.1507
2025-10-07 16:42:46 - evaluator.evaluator - INFO - compute_ranking_metrics:561 - ndcg@20: 0.1899
2025-10-07 16:42:46 - evaluator.evaluator - INFO - compute_ranking_metrics:561 - hit_ratio@10: 0.6475
2025-10-07 16:42:46 - evaluator.evaluator - INFO - compute_ranking_metrics:561 - hit_ratio@20: 0.8339
2025-10-07 16:42:46 - evaluator.evaluator - INFO - compute_ranking_metrics:561 - precision@10: 0.0803
2025-10-07 16:42:46 - evaluator.evaluator - INFO - compute_ranking_metrics:561 - precision@20: 0.0639
2025-10-07 16:42:46 - evaluator.evaluator - INFO - compute_ranking_metrics:562 - ===================================
2025-10-07 16:42:46 - evaluator.evaluator - INFO - __exit__:128 - Completed: Computing train metrics (took 0.08s)
2025-10-07 16:42:46 - trainer.trainer - INFO - _train_epoch:424 - Training metrics computed: ['recall@10', 'recall@20', 'ndcg@10', 'ndcg@20', 'hit_ratio@10', 'hit_ratio@20', 'precision@10', 'precision@20']
2025-10-07 16:42:46 - trainer.trainer - INFO - __enter__:121 - Starting: Evaluation (val)
2025-10-07 16:42:46 - trainer.trainer - INFO - _evaluate_with_full_ranking:546 - Built training item mapping for 1668 users
2025-10-07 16:43:11 - trainer.trainer - INFO - _evaluate_with_full_ranking:578 - Found 1757 unique user-basket pairs for evaluation
2025-10-07 16:43:14 - evaluator.prediction_analyzer - INFO - analyze_predictions:161 - Analyzing predictions for 1757 examples (val mode)
2025-10-07 16:43:14 - evaluator.prediction_analyzer - INFO - __enter__:121 - Starting: Prediction analysis (val)
2025-10-07 16:43:14 - evaluator.prediction_analyzer - INFO - __exit__:128 - Completed: Prediction analysis (val) (took 0.00s)
2025-10-07 16:43:14 - evaluator.prediction_analyzer - INFO - _log_analysis_summary:267 - === PREDICTION ANALYSIS SUMMARY (VAL) ===
2025-10-07 16:43:14 - evaluator.prediction_analyzer - INFO - _log_analysis_summary:276 - Ground truth items per example: avg=2.2, min=1, max=3
2025-10-07 16:43:14 - evaluator.prediction_analyzer - INFO - _log_analysis_summary:282 - Epoch range: 0 - 49
2025-10-07 16:43:14 - evaluator.prediction_analyzer - INFO - _log_analysis_summary:300 - Top-5: avg_hits=0.4, avg_recall=0.188, examples_with_hits=895/2500
2025-10-07 16:43:14 - evaluator.prediction_analyzer - INFO - _log_analysis_summary:300 - Top-10: avg_hits=0.6, avg_recall=0.287, examples_with_hits=1245/2500
2025-10-07 16:43:14 - evaluator.prediction_analyzer - INFO - _log_analysis_summary:300 - Top-20: avg_hits=0.9, avg_recall=0.431, examples_with_hits=1652/2500
2025-10-07 16:43:14 - evaluator.prediction_analyzer - INFO - _save_analysis_to_file:382 - Saved prediction analysis to: pytorch_pipeline/outputs/prediction_analysis/predictions_val_grnn_20251007_124143.json
2025-10-07 16:43:14 - evaluator.prediction_analyzer - INFO - _save_summary_statistics:429 - Saved summary statistics to: pytorch_pipeline/outputs/prediction_analysis/summary_val_grnn_20251007_124143.csv
2025-10-07 16:43:14 - evaluator.evaluator - INFO - __enter__:121 - Starting: Computing val metrics
2025-10-07 16:43:14 - evaluator.evaluator - INFO - compute_ranking_metrics:559 - === VAL METRICS SUMMARY ===
2025-10-07 16:43:14 - evaluator.evaluator - INFO - compute_ranking_metrics:561 - recall@10: 0.3097
2025-10-07 16:43:14 - evaluator.evaluator - INFO - compute_ranking_metrics:561 - recall@20: 0.4557
2025-10-07 16:43:14 - evaluator.evaluator - INFO - compute_ranking_metrics:561 - ndcg@10: 0.2040
2025-10-07 16:43:14 - evaluator.evaluator - INFO - compute_ranking_metrics:561 - ndcg@20: 0.2435
2025-10-07 16:43:14 - evaluator.evaluator - INFO - compute_ranking_metrics:561 - hit_ratio@10: 0.5373
2025-10-07 16:43:14 - evaluator.evaluator - INFO - compute_ranking_metrics:561 - hit_ratio@20: 0.7046
2025-10-07 16:43:14 - evaluator.evaluator - INFO - compute_ranking_metrics:561 - precision@10: 0.0672
2025-10-07 16:43:14 - evaluator.evaluator - INFO - compute_ranking_metrics:561 - precision@20: 0.0497
2025-10-07 16:43:14 - evaluator.evaluator - INFO - compute_ranking_metrics:562 - ===================================
2025-10-07 16:43:14 - evaluator.evaluator - INFO - __exit__:128 - Completed: Computing val metrics (took 0.09s)
2025-10-07 16:43:14 - trainer.trainer - INFO - _evaluate_with_full_ranking:663 - VAL Loss: 0.5351
2025-10-07 16:43:14 - trainer.trainer - INFO - __exit__:128 - Completed: Evaluation (val) (took 27.76s)
2025-10-07 16:43:14 - trainer.trainer - INFO - log_training_metrics:163 - Epoch  49 [combined] - train_loss: 0.5690 | train_recall@10: 0.2028 | train_recall@20: 0.3227 | train_ndcg@10: 0.1507 | train_ndcg@20: 0.1899 | train_hit_ratio@10: 0.6475 | train_hit_ratio@20: 0.8339 | train_precision@10: 0.0803 | train_precision@20: 0.0639 | recall@10: 0.3097 | recall@20: 0.4557 | ndcg@10: 0.2040 | ndcg@20: 0.2435 | hit_ratio@10: 0.5373 | hit_ratio@20: 0.7046 | precision@10: 0.0672 | precision@20: 0.0497 | val_loss: 0.5351
2025-10-07 16:43:14 - trainer.trainer - INFO - __enter__:121 - Starting: Evaluation (test)
2025-10-07 16:43:14 - trainer.trainer - INFO - _evaluate_with_full_ranking:546 - Built training item mapping for 1668 users
2025-10-07 16:43:39 - trainer.trainer - INFO - _evaluate_with_full_ranking:578 - Found 1757 unique user-basket pairs for evaluation
2025-10-07 16:43:42 - evaluator.prediction_analyzer - INFO - analyze_predictions:161 - Analyzing predictions for 1757 examples (test mode)
2025-10-07 16:43:42 - evaluator.prediction_analyzer - INFO - __enter__:121 - Starting: Prediction analysis (test)
2025-10-07 16:43:42 - evaluator.prediction_analyzer - INFO - __exit__:128 - Completed: Prediction analysis (test) (took 0.00s)
2025-10-07 16:43:42 - evaluator.prediction_analyzer - INFO - _log_analysis_summary:267 - === PREDICTION ANALYSIS SUMMARY (TEST) ===
2025-10-07 16:43:42 - evaluator.prediction_analyzer - INFO - _log_analysis_summary:276 - Ground truth items per example: avg=2.2, min=1, max=3
2025-10-07 16:43:42 - evaluator.prediction_analyzer - INFO - _log_analysis_summary:282 - Epoch range: 10 - 49
2025-10-07 16:43:42 - evaluator.prediction_analyzer - INFO - _log_analysis_summary:300 - Top-5: avg_hits=0.5, avg_recall=0.221, examples_with_hits=842/2000
2025-10-07 16:43:42 - evaluator.prediction_analyzer - INFO - _log_analysis_summary:300 - Top-10: avg_hits=0.7, avg_recall=0.324, examples_with_hits=1116/2000
2025-10-07 16:43:42 - evaluator.prediction_analyzer - INFO - _log_analysis_summary:300 - Top-20: avg_hits=1.0, avg_recall=0.469, examples_with_hits=1413/2000
2025-10-07 16:43:42 - evaluator.prediction_analyzer - INFO - _save_analysis_to_file:382 - Saved prediction analysis to: pytorch_pipeline/outputs/prediction_analysis/predictions_test_grnn_20251007_124143.json
2025-10-07 16:43:42 - evaluator.prediction_analyzer - INFO - _save_summary_statistics:429 - Saved summary statistics to: pytorch_pipeline/outputs/prediction_analysis/summary_test_grnn_20251007_124143.csv
2025-10-07 16:43:42 - evaluator.prediction_analyzer - INFO - show_detailed_examples:321 - === DETAILED PREDICTION EXAMPLES (TEST) ===
2025-10-07 16:43:42 - evaluator.prediction_analyzer - INFO - _show_single_example:333 - 
--- Example 1 (next-basket prediction) ---
2025-10-07 16:43:42 - evaluator.prediction_analyzer - INFO - _show_single_example:334 - User ID: 0, Basket ID: 3
2025-10-07 16:43:42 - evaluator.prediction_analyzer - INFO - _show_single_example:338 - Ground Truth (3 items): ['0', '64', '4']
2025-10-07 16:43:42 - evaluator.prediction_analyzer - INFO - _show_single_example:352 - 
Top-5 Predictions:
2025-10-07 16:43:42 - evaluator.prediction_analyzer - INFO - _show_single_example:354 -   Predicted: ['37', '17', '4', '23', '49']
2025-10-07 16:43:42 - evaluator.prediction_analyzer - INFO - _show_single_example:360 -   ✓ Hits (1): ['4']
2025-10-07 16:43:42 - evaluator.prediction_analyzer - INFO - _show_single_example:363 -   Metrics: Recall=0.333, Precision=0.200
2025-10-07 16:43:42 - evaluator.prediction_analyzer - INFO - _show_single_example:352 - 
Top-10 Predictions:
2025-10-07 16:43:42 - evaluator.prediction_analyzer - INFO - _show_single_example:354 -   Predicted: ['37', '17', '4', '23', '49', '22', '3', '10', '70', '2']
2025-10-07 16:43:42 - evaluator.prediction_analyzer - INFO - _show_single_example:360 -   ✓ Hits (1): ['4']
2025-10-07 16:43:42 - evaluator.prediction_analyzer - INFO - _show_single_example:363 -   Metrics: Recall=0.333, Precision=0.100
2025-10-07 16:43:42 - evaluator.prediction_analyzer - INFO - _show_single_example:352 - 
Top-20 Predictions:
2025-10-07 16:43:42 - evaluator.prediction_analyzer - INFO - _show_single_example:354 -   Predicted: ['37', '17', '4', '23', '49', '22', '3', '10', '70', '2', '114', '11', '0', '65', '74', '68', '113', '59', '16', '21']
2025-10-07 16:43:42 - evaluator.prediction_analyzer - INFO - _show_single_example:360 -   ✓ Hits (2): ['4', '0']
2025-10-07 16:43:42 - evaluator.prediction_analyzer - INFO - _show_single_example:363 -   Metrics: Recall=0.667, Precision=0.100
2025-10-07 16:43:42 - evaluator.prediction_analyzer - INFO - _show_single_example:333 - 
--- Example 2 (next-basket prediction) ---
2025-10-07 16:43:42 - evaluator.prediction_analyzer - INFO - _show_single_example:334 - User ID: 2, Basket ID: 12
2025-10-07 16:43:42 - evaluator.prediction_analyzer - INFO - _show_single_example:338 - Ground Truth (3 items): ['33', '2', '3']
2025-10-07 16:43:42 - evaluator.prediction_analyzer - INFO - _show_single_example:352 - 
Top-5 Predictions:
2025-10-07 16:43:42 - evaluator.prediction_analyzer - INFO - _show_single_example:354 -   Predicted: ['37', '17', '4', '23', '1']
2025-10-07 16:43:42 - evaluator.prediction_analyzer - INFO - _show_single_example:365 -   ✗ No hits in top-5
2025-10-07 16:43:42 - evaluator.prediction_analyzer - INFO - _show_single_example:352 - 
Top-10 Predictions:
2025-10-07 16:43:42 - evaluator.prediction_analyzer - INFO - _show_single_example:354 -   Predicted: ['37', '17', '4', '23', '1', '49', '3', '10', '70', '2']
2025-10-07 16:43:42 - evaluator.prediction_analyzer - INFO - _show_single_example:360 -   ✓ Hits (2): ['3', '2']
2025-10-07 16:43:42 - evaluator.prediction_analyzer - INFO - _show_single_example:363 -   Metrics: Recall=0.667, Precision=0.200
2025-10-07 16:43:42 - evaluator.prediction_analyzer - INFO - _show_single_example:352 - 
Top-20 Predictions:
2025-10-07 16:43:42 - evaluator.prediction_analyzer - INFO - _show_single_example:354 -   Predicted: ['37', '17', '4', '23', '1', '49', '3', '10', '70', '2', '114', '0', '65', '74', '68', '113', '59', '16', '21', '19']
2025-10-07 16:43:42 - evaluator.prediction_analyzer - INFO - _show_single_example:360 -   ✓ Hits (2): ['3', '2']
2025-10-07 16:43:42 - evaluator.prediction_analyzer - INFO - _show_single_example:363 -   Metrics: Recall=0.667, Precision=0.100
2025-10-07 16:43:42 - evaluator.prediction_analyzer - INFO - _show_single_example:333 - 
--- Example 3 (next-basket prediction) ---
2025-10-07 16:43:42 - evaluator.prediction_analyzer - INFO - _show_single_example:334 - User ID: 3, Basket ID: 15
2025-10-07 16:43:42 - evaluator.prediction_analyzer - INFO - _show_single_example:338 - Ground Truth (3 items): ['65', '3', '70']
2025-10-07 16:43:42 - evaluator.prediction_analyzer - INFO - _show_single_example:352 - 
Top-5 Predictions:
2025-10-07 16:43:42 - evaluator.prediction_analyzer - INFO - _show_single_example:354 -   Predicted: ['17', '4', '23', '1', '49']
2025-10-07 16:43:42 - evaluator.prediction_analyzer - INFO - _show_single_example:365 -   ✗ No hits in top-5
2025-10-07 16:43:42 - evaluator.prediction_analyzer - INFO - _show_single_example:352 - 
Top-10 Predictions:
2025-10-07 16:43:42 - evaluator.prediction_analyzer - INFO - _show_single_example:354 -   Predicted: ['17', '4', '23', '1', '49', '22', '3', '10', '70', '2']
2025-10-07 16:43:42 - evaluator.prediction_analyzer - INFO - _show_single_example:360 -   ✓ Hits (2): ['3', '70']
2025-10-07 16:43:42 - evaluator.prediction_analyzer - INFO - _show_single_example:363 -   Metrics: Recall=0.667, Precision=0.200
2025-10-07 16:43:42 - evaluator.prediction_analyzer - INFO - _show_single_example:352 - 
Top-20 Predictions:
2025-10-07 16:43:42 - evaluator.prediction_analyzer - INFO - _show_single_example:354 -   Predicted: ['17', '4', '23', '1', '49', '22', '3', '10', '70', '2', '114', '11', '0', '65', '74', '68', '113', '59', '16', '21']
2025-10-07 16:43:42 - evaluator.prediction_analyzer - INFO - _show_single_example:360 -   ✓ Hits (3): ['3', '70', '65']
2025-10-07 16:43:42 - evaluator.prediction_analyzer - INFO - _show_single_example:363 -   Metrics: Recall=1.000, Precision=0.150
2025-10-07 16:43:42 - evaluator.prediction_analyzer - INFO - show_detailed_examples:327 - ============================================================
2025-10-07 16:43:42 - evaluator.evaluator - INFO - __enter__:121 - Starting: Computing test metrics
2025-10-07 16:43:42 - evaluator.evaluator - INFO - compute_ranking_metrics:559 - === TEST METRICS SUMMARY ===
2025-10-07 16:43:42 - evaluator.evaluator - INFO - compute_ranking_metrics:561 - recall@10: 0.3095
2025-10-07 16:43:42 - evaluator.evaluator - INFO - compute_ranking_metrics:561 - recall@20: 0.4556
2025-10-07 16:43:42 - evaluator.evaluator - INFO - compute_ranking_metrics:561 - ndcg@10: 0.2036
2025-10-07 16:43:42 - evaluator.evaluator - INFO - compute_ranking_metrics:561 - ndcg@20: 0.2433
2025-10-07 16:43:42 - evaluator.evaluator - INFO - compute_ranking_metrics:561 - hit_ratio@10: 0.5378
2025-10-07 16:43:42 - evaluator.evaluator - INFO - compute_ranking_metrics:561 - hit_ratio@20: 0.7046
2025-10-07 16:43:42 - evaluator.evaluator - INFO - compute_ranking_metrics:561 - precision@10: 0.0670
2025-10-07 16:43:42 - evaluator.evaluator - INFO - compute_ranking_metrics:561 - precision@20: 0.0496
2025-10-07 16:43:42 - evaluator.evaluator - INFO - compute_ranking_metrics:562 - ===================================
2025-10-07 16:43:42 - evaluator.evaluator - INFO - __exit__:128 - Completed: Computing test metrics (took 0.08s)
2025-10-07 16:43:42 - trainer.trainer - INFO - _evaluate_with_full_ranking:663 - TEST Loss: 0.5388
2025-10-07 16:43:42 - trainer.trainer - INFO - __exit__:128 - Completed: Evaluation (test) (took 27.93s)
2025-10-07 16:43:42 - trainer.trainer - INFO - _train_epoch:353 - Training metrics computation disabled
2025-10-07 16:43:42 - trainer.trainer - INFO - __enter__:121 - Starting: Training epoch 50
2025-10-07 16:44:16 - trainer.trainer - INFO - __exit__:128 - Completed: Training epoch 50 (took 34.36s)
2025-10-07 16:44:16 - trainer.trainer - INFO - _train_epoch:417 - Computing training ranking metrics from 1668 user-basket pairs
2025-10-07 16:44:20 - evaluator.evaluator - INFO - __enter__:121 - Starting: Computing train metrics
2025-10-07 16:44:21 - evaluator.evaluator - INFO - compute_ranking_metrics:559 - === TRAIN METRICS SUMMARY ===
2025-10-07 16:44:21 - evaluator.evaluator - INFO - compute_ranking_metrics:561 - recall@10: 0.2029
2025-10-07 16:44:21 - evaluator.evaluator - INFO - compute_ranking_metrics:561 - recall@20: 0.3239
2025-10-07 16:44:21 - evaluator.evaluator - INFO - compute_ranking_metrics:561 - ndcg@10: 0.1512
2025-10-07 16:44:21 - evaluator.evaluator - INFO - compute_ranking_metrics:561 - ndcg@20: 0.1907
2025-10-07 16:44:21 - evaluator.evaluator - INFO - compute_ranking_metrics:561 - hit_ratio@10: 0.6481
2025-10-07 16:44:21 - evaluator.evaluator - INFO - compute_ranking_metrics:561 - hit_ratio@20: 0.8375
2025-10-07 16:44:21 - evaluator.evaluator - INFO - compute_ranking_metrics:561 - precision@10: 0.0803
2025-10-07 16:44:21 - evaluator.evaluator - INFO - compute_ranking_metrics:561 - precision@20: 0.0641
2025-10-07 16:44:21 - evaluator.evaluator - INFO - compute_ranking_metrics:562 - ===================================
2025-10-07 16:44:21 - evaluator.evaluator - INFO - __exit__:128 - Completed: Computing train metrics (took 0.08s)
2025-10-07 16:44:21 - trainer.trainer - INFO - _train_epoch:424 - Training metrics computed: ['recall@10', 'recall@20', 'ndcg@10', 'ndcg@20', 'hit_ratio@10', 'hit_ratio@20', 'precision@10', 'precision@20']
2025-10-07 16:44:21 - trainer.trainer - INFO - __enter__:121 - Starting: Evaluation (val)
2025-10-07 16:44:21 - trainer.trainer - INFO - _evaluate_with_full_ranking:546 - Built training item mapping for 1668 users
2025-10-07 16:44:46 - trainer.trainer - INFO - _evaluate_with_full_ranking:578 - Found 1757 unique user-basket pairs for evaluation
2025-10-07 16:44:48 - evaluator.prediction_analyzer - INFO - analyze_predictions:161 - Analyzing predictions for 1757 examples (val mode)
2025-10-07 16:44:48 - evaluator.prediction_analyzer - INFO - __enter__:121 - Starting: Prediction analysis (val)
2025-10-07 16:44:48 - evaluator.prediction_analyzer - INFO - __exit__:128 - Completed: Prediction analysis (val) (took 0.00s)
2025-10-07 16:44:48 - evaluator.prediction_analyzer - INFO - _log_analysis_summary:267 - === PREDICTION ANALYSIS SUMMARY (VAL) ===
2025-10-07 16:44:48 - evaluator.prediction_analyzer - INFO - _log_analysis_summary:276 - Ground truth items per example: avg=2.2, min=1, max=3
2025-10-07 16:44:48 - evaluator.prediction_analyzer - INFO - _log_analysis_summary:282 - Epoch range: 0 - 50
2025-10-07 16:44:48 - evaluator.prediction_analyzer - INFO - _log_analysis_summary:300 - Top-5: avg_hits=0.4, avg_recall=0.188, examples_with_hits=914/2550
2025-10-07 16:44:48 - evaluator.prediction_analyzer - INFO - _log_analysis_summary:300 - Top-10: avg_hits=0.6, avg_recall=0.287, examples_with_hits=1270/2550
2025-10-07 16:44:48 - evaluator.prediction_analyzer - INFO - _log_analysis_summary:300 - Top-20: avg_hits=0.9, avg_recall=0.431, examples_with_hits=1684/2550
2025-10-07 16:44:48 - evaluator.prediction_analyzer - INFO - _save_analysis_to_file:382 - Saved prediction analysis to: pytorch_pipeline/outputs/prediction_analysis/predictions_val_grnn_20251007_124143.json
2025-10-07 16:44:48 - evaluator.prediction_analyzer - INFO - _save_summary_statistics:429 - Saved summary statistics to: pytorch_pipeline/outputs/prediction_analysis/summary_val_grnn_20251007_124143.csv
2025-10-07 16:44:48 - evaluator.evaluator - INFO - __enter__:121 - Starting: Computing val metrics
2025-10-07 16:44:48 - evaluator.evaluator - INFO - compute_ranking_metrics:559 - === VAL METRICS SUMMARY ===
2025-10-07 16:44:48 - evaluator.evaluator - INFO - compute_ranking_metrics:561 - recall@10: 0.3055
2025-10-07 16:44:48 - evaluator.evaluator - INFO - compute_ranking_metrics:561 - recall@20: 0.4524
2025-10-07 16:44:48 - evaluator.evaluator - INFO - compute_ranking_metrics:561 - ndcg@10: 0.2016
2025-10-07 16:44:48 - evaluator.evaluator - INFO - compute_ranking_metrics:561 - ndcg@20: 0.2415
2025-10-07 16:44:48 - evaluator.evaluator - INFO - compute_ranking_metrics:561 - hit_ratio@10: 0.5276
2025-10-07 16:44:48 - evaluator.evaluator - INFO - compute_ranking_metrics:561 - hit_ratio@20: 0.6983
2025-10-07 16:44:48 - evaluator.evaluator - INFO - compute_ranking_metrics:561 - precision@10: 0.0662
2025-10-07 16:44:48 - evaluator.evaluator - INFO - compute_ranking_metrics:561 - precision@20: 0.0492
2025-10-07 16:44:48 - evaluator.evaluator - INFO - compute_ranking_metrics:562 - ===================================
2025-10-07 16:44:48 - evaluator.evaluator - INFO - __exit__:128 - Completed: Computing val metrics (took 0.08s)
2025-10-07 16:44:48 - trainer.trainer - INFO - _evaluate_with_full_ranking:663 - VAL Loss: 0.5426
2025-10-07 16:44:48 - trainer.trainer - INFO - __exit__:128 - Completed: Evaluation (val) (took 27.70s)
2025-10-07 16:44:48 - trainer.trainer - INFO - log_training_metrics:163 - Epoch  50 [combined] - train_loss: 0.5736 | train_recall@10: 0.2029 | train_recall@20: 0.3239 | train_ndcg@10: 0.1512 | train_ndcg@20: 0.1907 | train_hit_ratio@10: 0.6481 | train_hit_ratio@20: 0.8375 | train_precision@10: 0.0803 | train_precision@20: 0.0641 | recall@10: 0.3055 | recall@20: 0.4524 | ndcg@10: 0.2016 | ndcg@20: 0.2415 | hit_ratio@10: 0.5276 | hit_ratio@20: 0.6983 | precision@10: 0.0662 | precision@20: 0.0492 | val_loss: 0.5426
2025-10-07 16:44:48 - trainer.trainer - INFO - __enter__:121 - Starting: Evaluation (test)
2025-10-07 16:44:48 - trainer.trainer - INFO - _evaluate_with_full_ranking:546 - Built training item mapping for 1668 users
2025-10-07 16:45:13 - trainer.trainer - INFO - _evaluate_with_full_ranking:578 - Found 1757 unique user-basket pairs for evaluation
2025-10-07 16:45:16 - evaluator.prediction_analyzer - INFO - analyze_predictions:161 - Analyzing predictions for 1757 examples (test mode)
2025-10-07 16:45:16 - evaluator.prediction_analyzer - INFO - __enter__:121 - Starting: Prediction analysis (test)
2025-10-07 16:45:16 - evaluator.prediction_analyzer - INFO - __exit__:128 - Completed: Prediction analysis (test) (took 0.00s)
2025-10-07 16:45:16 - evaluator.prediction_analyzer - INFO - _log_analysis_summary:267 - === PREDICTION ANALYSIS SUMMARY (TEST) ===
2025-10-07 16:45:16 - evaluator.prediction_analyzer - INFO - _log_analysis_summary:276 - Ground truth items per example: avg=2.2, min=1, max=3
2025-10-07 16:45:16 - evaluator.prediction_analyzer - INFO - _log_analysis_summary:282 - Epoch range: 10 - 50
2025-10-07 16:45:16 - evaluator.prediction_analyzer - INFO - _log_analysis_summary:300 - Top-5: avg_hits=0.5, avg_recall=0.221, examples_with_hits=861/2050
2025-10-07 16:45:16 - evaluator.prediction_analyzer - INFO - _log_analysis_summary:300 - Top-10: avg_hits=0.7, avg_recall=0.323, examples_with_hits=1141/2050
2025-10-07 16:45:16 - evaluator.prediction_analyzer - INFO - _log_analysis_summary:300 - Top-20: avg_hits=1.0, avg_recall=0.468, examples_with_hits=1445/2050
2025-10-07 16:45:16 - evaluator.prediction_analyzer - INFO - _save_analysis_to_file:382 - Saved prediction analysis to: pytorch_pipeline/outputs/prediction_analysis/predictions_test_grnn_20251007_124143.json
2025-10-07 16:45:16 - evaluator.prediction_analyzer - INFO - _save_summary_statistics:429 - Saved summary statistics to: pytorch_pipeline/outputs/prediction_analysis/summary_test_grnn_20251007_124143.csv
2025-10-07 16:45:16 - evaluator.prediction_analyzer - INFO - show_detailed_examples:321 - === DETAILED PREDICTION EXAMPLES (TEST) ===
2025-10-07 16:45:16 - evaluator.prediction_analyzer - INFO - _show_single_example:333 - 
--- Example 1 (next-basket prediction) ---
2025-10-07 16:45:16 - evaluator.prediction_analyzer - INFO - _show_single_example:334 - User ID: 0, Basket ID: 3
2025-10-07 16:45:16 - evaluator.prediction_analyzer - INFO - _show_single_example:338 - Ground Truth (3 items): ['0', '64', '4']
2025-10-07 16:45:16 - evaluator.prediction_analyzer - INFO - _show_single_example:352 - 
Top-5 Predictions:
2025-10-07 16:45:16 - evaluator.prediction_analyzer - INFO - _show_single_example:354 -   Predicted: ['37', '17', '4', '23', '49']
2025-10-07 16:45:16 - evaluator.prediction_analyzer - INFO - _show_single_example:360 -   ✓ Hits (1): ['4']
2025-10-07 16:45:16 - evaluator.prediction_analyzer - INFO - _show_single_example:363 -   Metrics: Recall=0.333, Precision=0.200
2025-10-07 16:45:16 - evaluator.prediction_analyzer - INFO - _show_single_example:352 - 
Top-10 Predictions:
2025-10-07 16:45:16 - evaluator.prediction_analyzer - INFO - _show_single_example:354 -   Predicted: ['37', '17', '4', '23', '49', '22', '3', '10', '70', '2']
2025-10-07 16:45:16 - evaluator.prediction_analyzer - INFO - _show_single_example:360 -   ✓ Hits (1): ['4']
2025-10-07 16:45:16 - evaluator.prediction_analyzer - INFO - _show_single_example:363 -   Metrics: Recall=0.333, Precision=0.100
2025-10-07 16:45:16 - evaluator.prediction_analyzer - INFO - _show_single_example:352 - 
Top-20 Predictions:
2025-10-07 16:45:16 - evaluator.prediction_analyzer - INFO - _show_single_example:354 -   Predicted: ['37', '17', '4', '23', '49', '22', '3', '10', '70', '2', '114', '11', '0', '65', '74', '68', '113', '59', '16', '21']
2025-10-07 16:45:16 - evaluator.prediction_analyzer - INFO - _show_single_example:360 -   ✓ Hits (2): ['4', '0']
2025-10-07 16:45:16 - evaluator.prediction_analyzer - INFO - _show_single_example:363 -   Metrics: Recall=0.667, Precision=0.100
2025-10-07 16:45:16 - evaluator.prediction_analyzer - INFO - _show_single_example:333 - 
--- Example 2 (next-basket prediction) ---
2025-10-07 16:45:16 - evaluator.prediction_analyzer - INFO - _show_single_example:334 - User ID: 2, Basket ID: 12
2025-10-07 16:45:16 - evaluator.prediction_analyzer - INFO - _show_single_example:338 - Ground Truth (3 items): ['33', '2', '3']
2025-10-07 16:45:16 - evaluator.prediction_analyzer - INFO - _show_single_example:352 - 
Top-5 Predictions:
2025-10-07 16:45:16 - evaluator.prediction_analyzer - INFO - _show_single_example:354 -   Predicted: ['37', '17', '4', '23', '1']
2025-10-07 16:45:16 - evaluator.prediction_analyzer - INFO - _show_single_example:365 -   ✗ No hits in top-5
2025-10-07 16:45:16 - evaluator.prediction_analyzer - INFO - _show_single_example:352 - 
Top-10 Predictions:
2025-10-07 16:45:16 - evaluator.prediction_analyzer - INFO - _show_single_example:354 -   Predicted: ['37', '17', '4', '23', '1', '49', '3', '10', '70', '2']
2025-10-07 16:45:16 - evaluator.prediction_analyzer - INFO - _show_single_example:360 -   ✓ Hits (2): ['3', '2']
2025-10-07 16:45:16 - evaluator.prediction_analyzer - INFO - _show_single_example:363 -   Metrics: Recall=0.667, Precision=0.200
2025-10-07 16:45:16 - evaluator.prediction_analyzer - INFO - _show_single_example:352 - 
Top-20 Predictions:
2025-10-07 16:45:16 - evaluator.prediction_analyzer - INFO - _show_single_example:354 -   Predicted: ['37', '17', '4', '23', '1', '49', '3', '10', '70', '2', '114', '0', '65', '74', '68', '113', '59', '16', '21', '19']
2025-10-07 16:45:16 - evaluator.prediction_analyzer - INFO - _show_single_example:360 -   ✓ Hits (2): ['3', '2']
2025-10-07 16:45:16 - evaluator.prediction_analyzer - INFO - _show_single_example:363 -   Metrics: Recall=0.667, Precision=0.100
2025-10-07 16:45:16 - evaluator.prediction_analyzer - INFO - _show_single_example:333 - 
--- Example 3 (next-basket prediction) ---
2025-10-07 16:45:16 - evaluator.prediction_analyzer - INFO - _show_single_example:334 - User ID: 3, Basket ID: 15
2025-10-07 16:45:16 - evaluator.prediction_analyzer - INFO - _show_single_example:338 - Ground Truth (3 items): ['65', '3', '70']
2025-10-07 16:45:16 - evaluator.prediction_analyzer - INFO - _show_single_example:352 - 
Top-5 Predictions:
2025-10-07 16:45:16 - evaluator.prediction_analyzer - INFO - _show_single_example:354 -   Predicted: ['17', '4', '23', '1', '49']
2025-10-07 16:45:16 - evaluator.prediction_analyzer - INFO - _show_single_example:365 -   ✗ No hits in top-5
2025-10-07 16:45:16 - evaluator.prediction_analyzer - INFO - _show_single_example:352 - 
Top-10 Predictions:
2025-10-07 16:45:16 - evaluator.prediction_analyzer - INFO - _show_single_example:354 -   Predicted: ['17', '4', '23', '1', '49', '22', '3', '10', '70', '2']
2025-10-07 16:45:16 - evaluator.prediction_analyzer - INFO - _show_single_example:360 -   ✓ Hits (2): ['3', '70']
2025-10-07 16:45:16 - evaluator.prediction_analyzer - INFO - _show_single_example:363 -   Metrics: Recall=0.667, Precision=0.200
2025-10-07 16:45:16 - evaluator.prediction_analyzer - INFO - _show_single_example:352 - 
Top-20 Predictions:
2025-10-07 16:45:16 - evaluator.prediction_analyzer - INFO - _show_single_example:354 -   Predicted: ['17', '4', '23', '1', '49', '22', '3', '10', '70', '2', '114', '11', '0', '65', '74', '68', '113', '59', '16', '21']
2025-10-07 16:45:16 - evaluator.prediction_analyzer - INFO - _show_single_example:360 -   ✓ Hits (3): ['3', '70', '65']
2025-10-07 16:45:16 - evaluator.prediction_analyzer - INFO - _show_single_example:363 -   Metrics: Recall=1.000, Precision=0.150
2025-10-07 16:45:16 - evaluator.prediction_analyzer - INFO - show_detailed_examples:327 - ============================================================
2025-10-07 16:45:16 - evaluator.evaluator - INFO - __enter__:121 - Starting: Computing test metrics
2025-10-07 16:45:16 - evaluator.evaluator - INFO - compute_ranking_metrics:559 - === TEST METRICS SUMMARY ===
2025-10-07 16:45:16 - evaluator.evaluator - INFO - compute_ranking_metrics:561 - recall@10: 0.3045
2025-10-07 16:45:16 - evaluator.evaluator - INFO - compute_ranking_metrics:561 - recall@20: 0.4519
2025-10-07 16:45:16 - evaluator.evaluator - INFO - compute_ranking_metrics:561 - ndcg@10: 0.2013
2025-10-07 16:45:16 - evaluator.evaluator - INFO - compute_ranking_metrics:561 - ndcg@20: 0.2415
2025-10-07 16:45:16 - evaluator.evaluator - INFO - compute_ranking_metrics:561 - hit_ratio@10: 0.5270
2025-10-07 16:45:16 - evaluator.evaluator - INFO - compute_ranking_metrics:561 - hit_ratio@20: 0.6983
2025-10-07 16:45:16 - evaluator.evaluator - INFO - compute_ranking_metrics:561 - precision@10: 0.0660
2025-10-07 16:45:16 - evaluator.evaluator - INFO - compute_ranking_metrics:561 - precision@20: 0.0492
2025-10-07 16:45:16 - evaluator.evaluator - INFO - compute_ranking_metrics:562 - ===================================
2025-10-07 16:45:16 - evaluator.evaluator - INFO - __exit__:128 - Completed: Computing test metrics (took 0.08s)
2025-10-07 16:45:16 - trainer.trainer - INFO - _evaluate_with_full_ranking:663 - TEST Loss: 0.5430
2025-10-07 16:45:16 - trainer.trainer - INFO - __exit__:128 - Completed: Evaluation (test) (took 27.49s)
2025-10-07 16:45:16 - trainer.trainer - INFO - _save_checkpoint:859 - Saved checkpoint: pytorch_pipeline/outputs/checkpoints/checkpoint_epoch_50.pth
2025-10-07 16:45:16 - trainer.trainer - INFO - _train_epoch:353 - Training metrics computation disabled
2025-10-07 16:45:16 - trainer.trainer - INFO - __enter__:121 - Starting: Training epoch 51
2025-10-07 16:45:51 - trainer.trainer - INFO - __exit__:128 - Completed: Training epoch 51 (took 34.87s)
2025-10-07 16:45:51 - trainer.trainer - INFO - _train_epoch:417 - Computing training ranking metrics from 1668 user-basket pairs
2025-10-07 16:45:56 - evaluator.evaluator - INFO - __enter__:121 - Starting: Computing train metrics
2025-10-07 16:45:56 - evaluator.evaluator - INFO - compute_ranking_metrics:559 - === TRAIN METRICS SUMMARY ===
2025-10-07 16:45:56 - evaluator.evaluator - INFO - compute_ranking_metrics:561 - recall@10: 0.2029
2025-10-07 16:45:56 - evaluator.evaluator - INFO - compute_ranking_metrics:561 - recall@20: 0.3243
2025-10-07 16:45:56 - evaluator.evaluator - INFO - compute_ranking_metrics:561 - ndcg@10: 0.1515
2025-10-07 16:45:56 - evaluator.evaluator - INFO - compute_ranking_metrics:561 - ndcg@20: 0.1911
2025-10-07 16:45:56 - evaluator.evaluator - INFO - compute_ranking_metrics:561 - hit_ratio@10: 0.6463
2025-10-07 16:45:56 - evaluator.evaluator - INFO - compute_ranking_metrics:561 - hit_ratio@20: 0.8363
2025-10-07 16:45:56 - evaluator.evaluator - INFO - compute_ranking_metrics:561 - precision@10: 0.0803
2025-10-07 16:45:56 - evaluator.evaluator - INFO - compute_ranking_metrics:561 - precision@20: 0.0642
2025-10-07 16:45:56 - evaluator.evaluator - INFO - compute_ranking_metrics:562 - ===================================
2025-10-07 16:45:56 - evaluator.evaluator - INFO - __exit__:128 - Completed: Computing train metrics (took 0.08s)
2025-10-07 16:45:56 - trainer.trainer - INFO - _train_epoch:424 - Training metrics computed: ['recall@10', 'recall@20', 'ndcg@10', 'ndcg@20', 'hit_ratio@10', 'hit_ratio@20', 'precision@10', 'precision@20']
2025-10-07 16:45:56 - trainer.trainer - INFO - __enter__:121 - Starting: Evaluation (val)
2025-10-07 16:45:56 - trainer.trainer - INFO - _evaluate_with_full_ranking:546 - Built training item mapping for 1668 users
2025-10-07 16:46:21 - trainer.trainer - INFO - _evaluate_with_full_ranking:578 - Found 1757 unique user-basket pairs for evaluation
2025-10-07 16:46:23 - evaluator.prediction_analyzer - INFO - analyze_predictions:161 - Analyzing predictions for 1757 examples (val mode)
2025-10-07 16:46:23 - evaluator.prediction_analyzer - INFO - __enter__:121 - Starting: Prediction analysis (val)
2025-10-07 16:46:23 - evaluator.prediction_analyzer - INFO - __exit__:128 - Completed: Prediction analysis (val) (took 0.00s)
2025-10-07 16:46:23 - evaluator.prediction_analyzer - INFO - _log_analysis_summary:267 - === PREDICTION ANALYSIS SUMMARY (VAL) ===
2025-10-07 16:46:23 - evaluator.prediction_analyzer - INFO - _log_analysis_summary:276 - Ground truth items per example: avg=2.2, min=1, max=3
2025-10-07 16:46:23 - evaluator.prediction_analyzer - INFO - _log_analysis_summary:282 - Epoch range: 0 - 51
2025-10-07 16:46:23 - evaluator.prediction_analyzer - INFO - _log_analysis_summary:300 - Top-5: avg_hits=0.4, avg_recall=0.188, examples_with_hits=931/2600
2025-10-07 16:46:23 - evaluator.prediction_analyzer - INFO - _log_analysis_summary:300 - Top-10: avg_hits=0.6, avg_recall=0.286, examples_with_hits=1293/2600
2025-10-07 16:46:23 - evaluator.prediction_analyzer - INFO - _log_analysis_summary:300 - Top-20: avg_hits=0.9, avg_recall=0.430, examples_with_hits=1714/2600
2025-10-07 16:46:23 - evaluator.prediction_analyzer - INFO - _save_analysis_to_file:382 - Saved prediction analysis to: pytorch_pipeline/outputs/prediction_analysis/predictions_val_grnn_20251007_124143.json
2025-10-07 16:46:23 - evaluator.prediction_analyzer - INFO - _save_summary_statistics:429 - Saved summary statistics to: pytorch_pipeline/outputs/prediction_analysis/summary_val_grnn_20251007_124143.csv
2025-10-07 16:46:23 - evaluator.evaluator - INFO - __enter__:121 - Starting: Computing val metrics
2025-10-07 16:46:23 - evaluator.evaluator - INFO - compute_ranking_metrics:559 - === VAL METRICS SUMMARY ===
2025-10-07 16:46:23 - evaluator.evaluator - INFO - compute_ranking_metrics:561 - recall@10: 0.2988
2025-10-07 16:46:23 - evaluator.evaluator - INFO - compute_ranking_metrics:561 - recall@20: 0.4405
2025-10-07 16:46:23 - evaluator.evaluator - INFO - compute_ranking_metrics:561 - ndcg@10: 0.1978
2025-10-07 16:46:23 - evaluator.evaluator - INFO - compute_ranking_metrics:561 - ndcg@20: 0.2366
2025-10-07 16:46:23 - evaluator.evaluator - INFO - compute_ranking_metrics:561 - hit_ratio@10: 0.5168
2025-10-07 16:46:23 - evaluator.evaluator - INFO - compute_ranking_metrics:561 - hit_ratio@20: 0.6818
2025-10-07 16:46:23 - evaluator.evaluator - INFO - compute_ranking_metrics:561 - precision@10: 0.0649
2025-10-07 16:46:23 - evaluator.evaluator - INFO - compute_ranking_metrics:561 - precision@20: 0.0481
2025-10-07 16:46:23 - evaluator.evaluator - INFO - compute_ranking_metrics:562 - ===================================
2025-10-07 16:46:23 - evaluator.evaluator - INFO - __exit__:128 - Completed: Computing val metrics (took 0.08s)
2025-10-07 16:46:23 - trainer.trainer - INFO - _evaluate_with_full_ranking:663 - VAL Loss: 0.5466
2025-10-07 16:46:23 - trainer.trainer - INFO - __exit__:128 - Completed: Evaluation (val) (took 27.79s)
2025-10-07 16:46:23 - trainer.trainer - INFO - log_training_metrics:163 - Epoch  51 [combined] - train_loss: 0.5690 | train_recall@10: 0.2029 | train_recall@20: 0.3243 | train_ndcg@10: 0.1515 | train_ndcg@20: 0.1911 | train_hit_ratio@10: 0.6463 | train_hit_ratio@20: 0.8363 | train_precision@10: 0.0803 | train_precision@20: 0.0642 | recall@10: 0.2988 | recall@20: 0.4405 | ndcg@10: 0.1978 | ndcg@20: 0.2366 | hit_ratio@10: 0.5168 | hit_ratio@20: 0.6818 | precision@10: 0.0649 | precision@20: 0.0481 | val_loss: 0.5466
2025-10-07 16:46:23 - trainer.trainer - INFO - __enter__:121 - Starting: Evaluation (test)
2025-10-07 16:46:23 - trainer.trainer - INFO - _evaluate_with_full_ranking:546 - Built training item mapping for 1668 users
2025-10-07 16:46:48 - trainer.trainer - INFO - _evaluate_with_full_ranking:578 - Found 1757 unique user-basket pairs for evaluation
2025-10-07 16:46:51 - evaluator.prediction_analyzer - INFO - analyze_predictions:161 - Analyzing predictions for 1757 examples (test mode)
2025-10-07 16:46:51 - evaluator.prediction_analyzer - INFO - __enter__:121 - Starting: Prediction analysis (test)
2025-10-07 16:46:51 - evaluator.prediction_analyzer - INFO - __exit__:128 - Completed: Prediction analysis (test) (took 0.00s)
2025-10-07 16:46:51 - evaluator.prediction_analyzer - INFO - _log_analysis_summary:267 - === PREDICTION ANALYSIS SUMMARY (TEST) ===
2025-10-07 16:46:51 - evaluator.prediction_analyzer - INFO - _log_analysis_summary:276 - Ground truth items per example: avg=2.2, min=1, max=3
2025-10-07 16:46:51 - evaluator.prediction_analyzer - INFO - _log_analysis_summary:282 - Epoch range: 10 - 51
2025-10-07 16:46:51 - evaluator.prediction_analyzer - INFO - _log_analysis_summary:300 - Top-5: avg_hits=0.5, avg_recall=0.219, examples_with_hits=878/2100
2025-10-07 16:46:51 - evaluator.prediction_analyzer - INFO - _log_analysis_summary:300 - Top-10: avg_hits=0.7, avg_recall=0.321, examples_with_hits=1164/2100
2025-10-07 16:46:51 - evaluator.prediction_analyzer - INFO - _log_analysis_summary:300 - Top-20: avg_hits=1.0, avg_recall=0.466, examples_with_hits=1475/2100
2025-10-07 16:46:51 - evaluator.prediction_analyzer - INFO - _save_analysis_to_file:382 - Saved prediction analysis to: pytorch_pipeline/outputs/prediction_analysis/predictions_test_grnn_20251007_124143.json
2025-10-07 16:46:51 - evaluator.prediction_analyzer - INFO - _save_summary_statistics:429 - Saved summary statistics to: pytorch_pipeline/outputs/prediction_analysis/summary_test_grnn_20251007_124143.csv
2025-10-07 16:46:51 - evaluator.prediction_analyzer - INFO - show_detailed_examples:321 - === DETAILED PREDICTION EXAMPLES (TEST) ===
2025-10-07 16:46:51 - evaluator.prediction_analyzer - INFO - _show_single_example:333 - 
--- Example 1 (next-basket prediction) ---
2025-10-07 16:46:51 - evaluator.prediction_analyzer - INFO - _show_single_example:334 - User ID: 0, Basket ID: 3
2025-10-07 16:46:51 - evaluator.prediction_analyzer - INFO - _show_single_example:338 - Ground Truth (3 items): ['0', '64', '4']
2025-10-07 16:46:51 - evaluator.prediction_analyzer - INFO - _show_single_example:352 - 
Top-5 Predictions:
2025-10-07 16:46:51 - evaluator.prediction_analyzer - INFO - _show_single_example:354 -   Predicted: ['37', '17', '4', '23', '49']
2025-10-07 16:46:51 - evaluator.prediction_analyzer - INFO - _show_single_example:360 -   ✓ Hits (1): ['4']
2025-10-07 16:46:51 - evaluator.prediction_analyzer - INFO - _show_single_example:363 -   Metrics: Recall=0.333, Precision=0.200
2025-10-07 16:46:51 - evaluator.prediction_analyzer - INFO - _show_single_example:352 - 
Top-10 Predictions:
2025-10-07 16:46:51 - evaluator.prediction_analyzer - INFO - _show_single_example:354 -   Predicted: ['37', '17', '4', '23', '49', '22', '3', '10', '70', '2']
2025-10-07 16:46:51 - evaluator.prediction_analyzer - INFO - _show_single_example:360 -   ✓ Hits (1): ['4']
2025-10-07 16:46:51 - evaluator.prediction_analyzer - INFO - _show_single_example:363 -   Metrics: Recall=0.333, Precision=0.100
2025-10-07 16:46:51 - evaluator.prediction_analyzer - INFO - _show_single_example:352 - 
Top-20 Predictions:
2025-10-07 16:46:51 - evaluator.prediction_analyzer - INFO - _show_single_example:354 -   Predicted: ['37', '17', '4', '23', '49', '22', '3', '10', '70', '2', '114', '11', '0', '65', '74', '68', '113', '59', '16', '21']
2025-10-07 16:46:51 - evaluator.prediction_analyzer - INFO - _show_single_example:360 -   ✓ Hits (2): ['4', '0']
2025-10-07 16:46:51 - evaluator.prediction_analyzer - INFO - _show_single_example:363 -   Metrics: Recall=0.667, Precision=0.100
2025-10-07 16:46:51 - evaluator.prediction_analyzer - INFO - _show_single_example:333 - 
--- Example 2 (next-basket prediction) ---
2025-10-07 16:46:51 - evaluator.prediction_analyzer - INFO - _show_single_example:334 - User ID: 2, Basket ID: 12
2025-10-07 16:46:51 - evaluator.prediction_analyzer - INFO - _show_single_example:338 - Ground Truth (3 items): ['33', '2', '3']
2025-10-07 16:46:51 - evaluator.prediction_analyzer - INFO - _show_single_example:352 - 
Top-5 Predictions:
2025-10-07 16:46:51 - evaluator.prediction_analyzer - INFO - _show_single_example:354 -   Predicted: ['37', '17', '4', '23', '1']
2025-10-07 16:46:51 - evaluator.prediction_analyzer - INFO - _show_single_example:365 -   ✗ No hits in top-5
2025-10-07 16:46:51 - evaluator.prediction_analyzer - INFO - _show_single_example:352 - 
Top-10 Predictions:
2025-10-07 16:46:51 - evaluator.prediction_analyzer - INFO - _show_single_example:354 -   Predicted: ['37', '17', '4', '23', '1', '49', '3', '10', '70', '2']
2025-10-07 16:46:51 - evaluator.prediction_analyzer - INFO - _show_single_example:360 -   ✓ Hits (2): ['3', '2']
2025-10-07 16:46:51 - evaluator.prediction_analyzer - INFO - _show_single_example:363 -   Metrics: Recall=0.667, Precision=0.200
2025-10-07 16:46:51 - evaluator.prediction_analyzer - INFO - _show_single_example:352 - 
Top-20 Predictions:
2025-10-07 16:46:51 - evaluator.prediction_analyzer - INFO - _show_single_example:354 -   Predicted: ['37', '17', '4', '23', '1', '49', '3', '10', '70', '2', '114', '0', '65', '74', '68', '113', '59', '16', '21', '19']
2025-10-07 16:46:51 - evaluator.prediction_analyzer - INFO - _show_single_example:360 -   ✓ Hits (2): ['3', '2']
2025-10-07 16:46:51 - evaluator.prediction_analyzer - INFO - _show_single_example:363 -   Metrics: Recall=0.667, Precision=0.100
2025-10-07 16:46:51 - evaluator.prediction_analyzer - INFO - _show_single_example:333 - 
--- Example 3 (next-basket prediction) ---
2025-10-07 16:46:51 - evaluator.prediction_analyzer - INFO - _show_single_example:334 - User ID: 3, Basket ID: 15
2025-10-07 16:46:51 - evaluator.prediction_analyzer - INFO - _show_single_example:338 - Ground Truth (3 items): ['65', '3', '70']
2025-10-07 16:46:51 - evaluator.prediction_analyzer - INFO - _show_single_example:352 - 
Top-5 Predictions:
2025-10-07 16:46:51 - evaluator.prediction_analyzer - INFO - _show_single_example:354 -   Predicted: ['17', '4', '23', '1', '49']
2025-10-07 16:46:51 - evaluator.prediction_analyzer - INFO - _show_single_example:365 -   ✗ No hits in top-5
2025-10-07 16:46:51 - evaluator.prediction_analyzer - INFO - _show_single_example:352 - 
Top-10 Predictions:
2025-10-07 16:46:51 - evaluator.prediction_analyzer - INFO - _show_single_example:354 -   Predicted: ['17', '4', '23', '1', '49', '22', '3', '10', '70', '2']
2025-10-07 16:46:51 - evaluator.prediction_analyzer - INFO - _show_single_example:360 -   ✓ Hits (2): ['3', '70']
2025-10-07 16:46:51 - evaluator.prediction_analyzer - INFO - _show_single_example:363 -   Metrics: Recall=0.667, Precision=0.200
2025-10-07 16:46:51 - evaluator.prediction_analyzer - INFO - _show_single_example:352 - 
Top-20 Predictions:
2025-10-07 16:46:51 - evaluator.prediction_analyzer - INFO - _show_single_example:354 -   Predicted: ['17', '4', '23', '1', '49', '22', '3', '10', '70', '2', '114', '11', '0', '65', '74', '68', '113', '59', '16', '21']
2025-10-07 16:46:51 - evaluator.prediction_analyzer - INFO - _show_single_example:360 -   ✓ Hits (3): ['3', '70', '65']
2025-10-07 16:46:51 - evaluator.prediction_analyzer - INFO - _show_single_example:363 -   Metrics: Recall=1.000, Precision=0.150
2025-10-07 16:46:51 - evaluator.prediction_analyzer - INFO - show_detailed_examples:327 - ============================================================
2025-10-07 16:46:51 - evaluator.evaluator - INFO - __enter__:121 - Starting: Computing test metrics
2025-10-07 16:46:51 - evaluator.evaluator - INFO - compute_ranking_metrics:559 - === TEST METRICS SUMMARY ===
2025-10-07 16:46:51 - evaluator.evaluator - INFO - compute_ranking_metrics:561 - recall@10: 0.3005
2025-10-07 16:46:51 - evaluator.evaluator - INFO - compute_ranking_metrics:561 - recall@20: 0.4427
2025-10-07 16:46:51 - evaluator.evaluator - INFO - compute_ranking_metrics:561 - ndcg@10: 0.1997
2025-10-07 16:46:51 - evaluator.evaluator - INFO - compute_ranking_metrics:561 - ndcg@20: 0.2385
2025-10-07 16:46:51 - evaluator.evaluator - INFO - compute_ranking_metrics:561 - hit_ratio@10: 0.5179
2025-10-07 16:46:51 - evaluator.evaluator - INFO - compute_ranking_metrics:561 - hit_ratio@20: 0.6858
2025-10-07 16:46:51 - evaluator.evaluator - INFO - compute_ranking_metrics:561 - precision@10: 0.0652
2025-10-07 16:46:51 - evaluator.evaluator - INFO - compute_ranking_metrics:561 - precision@20: 0.0483
2025-10-07 16:46:51 - evaluator.evaluator - INFO - compute_ranking_metrics:562 - ===================================
2025-10-07 16:46:51 - evaluator.evaluator - INFO - __exit__:128 - Completed: Computing test metrics (took 0.09s)
2025-10-07 16:46:51 - trainer.trainer - INFO - _evaluate_with_full_ranking:663 - TEST Loss: 0.5437
2025-10-07 16:46:51 - trainer.trainer - INFO - __exit__:128 - Completed: Evaluation (test) (took 27.58s)
2025-10-07 16:46:51 - trainer.trainer - INFO - _train_epoch:353 - Training metrics computation disabled
2025-10-07 16:46:51 - trainer.trainer - INFO - __enter__:121 - Starting: Training epoch 52
2025-10-07 16:47:26 - trainer.trainer - INFO - __exit__:128 - Completed: Training epoch 52 (took 35.35s)
2025-10-07 16:47:26 - trainer.trainer - INFO - _train_epoch:417 - Computing training ranking metrics from 1668 user-basket pairs
2025-10-07 16:47:31 - evaluator.evaluator - INFO - __enter__:121 - Starting: Computing train metrics
2025-10-07 16:47:31 - evaluator.evaluator - INFO - compute_ranking_metrics:559 - === TRAIN METRICS SUMMARY ===
2025-10-07 16:47:31 - evaluator.evaluator - INFO - compute_ranking_metrics:561 - recall@10: 0.2026
2025-10-07 16:47:31 - evaluator.evaluator - INFO - compute_ranking_metrics:561 - recall@20: 0.3227
2025-10-07 16:47:31 - evaluator.evaluator - INFO - compute_ranking_metrics:561 - ndcg@10: 0.1514
2025-10-07 16:47:31 - evaluator.evaluator - INFO - compute_ranking_metrics:561 - ndcg@20: 0.1906
2025-10-07 16:47:31 - evaluator.evaluator - INFO - compute_ranking_metrics:561 - hit_ratio@10: 0.6469
2025-10-07 16:47:31 - evaluator.evaluator - INFO - compute_ranking_metrics:561 - hit_ratio@20: 0.8327
2025-10-07 16:47:31 - evaluator.evaluator - INFO - compute_ranking_metrics:561 - precision@10: 0.0802
2025-10-07 16:47:31 - evaluator.evaluator - INFO - compute_ranking_metrics:561 - precision@20: 0.0639
2025-10-07 16:47:31 - evaluator.evaluator - INFO - compute_ranking_metrics:562 - ===================================
2025-10-07 16:47:31 - evaluator.evaluator - INFO - __exit__:128 - Completed: Computing train metrics (took 0.08s)
2025-10-07 16:47:31 - trainer.trainer - INFO - _train_epoch:424 - Training metrics computed: ['recall@10', 'recall@20', 'ndcg@10', 'ndcg@20', 'hit_ratio@10', 'hit_ratio@20', 'precision@10', 'precision@20']
2025-10-07 16:47:31 - trainer.trainer - INFO - __enter__:121 - Starting: Evaluation (val)
2025-10-07 16:47:31 - trainer.trainer - INFO - _evaluate_with_full_ranking:546 - Built training item mapping for 1668 users
2025-10-07 16:47:56 - trainer.trainer - INFO - _evaluate_with_full_ranking:578 - Found 1757 unique user-basket pairs for evaluation
2025-10-07 16:47:59 - evaluator.prediction_analyzer - INFO - analyze_predictions:161 - Analyzing predictions for 1757 examples (val mode)
2025-10-07 16:47:59 - evaluator.prediction_analyzer - INFO - __enter__:121 - Starting: Prediction analysis (val)
2025-10-07 16:47:59 - evaluator.prediction_analyzer - INFO - __exit__:128 - Completed: Prediction analysis (val) (took 0.00s)
2025-10-07 16:47:59 - evaluator.prediction_analyzer - INFO - _log_analysis_summary:267 - === PREDICTION ANALYSIS SUMMARY (VAL) ===
2025-10-07 16:47:59 - evaluator.prediction_analyzer - INFO - _log_analysis_summary:276 - Ground truth items per example: avg=2.2, min=1, max=3
2025-10-07 16:47:59 - evaluator.prediction_analyzer - INFO - _log_analysis_summary:282 - Epoch range: 0 - 52
2025-10-07 16:47:59 - evaluator.prediction_analyzer - INFO - _log_analysis_summary:300 - Top-5: avg_hits=0.4, avg_recall=0.187, examples_with_hits=948/2650
2025-10-07 16:47:59 - evaluator.prediction_analyzer - INFO - _log_analysis_summary:300 - Top-10: avg_hits=0.6, avg_recall=0.285, examples_with_hits=1316/2650
2025-10-07 16:47:59 - evaluator.prediction_analyzer - INFO - _log_analysis_summary:300 - Top-20: avg_hits=0.9, avg_recall=0.429, examples_with_hits=1744/2650
2025-10-07 16:47:59 - evaluator.prediction_analyzer - INFO - _save_analysis_to_file:382 - Saved prediction analysis to: pytorch_pipeline/outputs/prediction_analysis/predictions_val_grnn_20251007_124143.json
2025-10-07 16:47:59 - evaluator.prediction_analyzer - INFO - _save_summary_statistics:429 - Saved summary statistics to: pytorch_pipeline/outputs/prediction_analysis/summary_val_grnn_20251007_124143.csv
2025-10-07 16:47:59 - evaluator.evaluator - INFO - __enter__:121 - Starting: Computing val metrics
2025-10-07 16:47:59 - evaluator.evaluator - INFO - compute_ranking_metrics:559 - === VAL METRICS SUMMARY ===
2025-10-07 16:47:59 - evaluator.evaluator - INFO - compute_ranking_metrics:561 - recall@10: 0.3000
2025-10-07 16:47:59 - evaluator.evaluator - INFO - compute_ranking_metrics:561 - recall@20: 0.4461
2025-10-07 16:47:59 - evaluator.evaluator - INFO - compute_ranking_metrics:561 - ndcg@10: 0.1995
2025-10-07 16:47:59 - evaluator.evaluator - INFO - compute_ranking_metrics:561 - ndcg@20: 0.2392
2025-10-07 16:47:59 - evaluator.evaluator - INFO - compute_ranking_metrics:561 - hit_ratio@10: 0.5196
2025-10-07 16:47:59 - evaluator.evaluator - INFO - compute_ranking_metrics:561 - hit_ratio@20: 0.6898
2025-10-07 16:47:59 - evaluator.evaluator - INFO - compute_ranking_metrics:561 - precision@10: 0.0651
2025-10-07 16:47:59 - evaluator.evaluator - INFO - compute_ranking_metrics:561 - precision@20: 0.0485
2025-10-07 16:47:59 - evaluator.evaluator - INFO - compute_ranking_metrics:562 - ===================================
2025-10-07 16:47:59 - evaluator.evaluator - INFO - __exit__:128 - Completed: Computing val metrics (took 0.08s)
2025-10-07 16:47:59 - trainer.trainer - INFO - _evaluate_with_full_ranking:663 - VAL Loss: 0.5372
2025-10-07 16:47:59 - trainer.trainer - INFO - __exit__:128 - Completed: Evaluation (val) (took 28.04s)
2025-10-07 16:47:59 - trainer.trainer - INFO - log_training_metrics:163 - Epoch  52 [combined] - train_loss: 0.5620 | train_recall@10: 0.2026 | train_recall@20: 0.3227 | train_ndcg@10: 0.1514 | train_ndcg@20: 0.1906 | train_hit_ratio@10: 0.6469 | train_hit_ratio@20: 0.8327 | train_precision@10: 0.0802 | train_precision@20: 0.0639 | recall@10: 0.3000 | recall@20: 0.4461 | ndcg@10: 0.1995 | ndcg@20: 0.2392 | hit_ratio@10: 0.5196 | hit_ratio@20: 0.6898 | precision@10: 0.0651 | precision@20: 0.0485 | val_loss: 0.5372
2025-10-07 16:47:59 - trainer.trainer - INFO - __enter__:121 - Starting: Evaluation (test)
2025-10-07 16:47:59 - trainer.trainer - INFO - _evaluate_with_full_ranking:546 - Built training item mapping for 1668 users
2025-10-07 16:48:24 - trainer.trainer - INFO - _evaluate_with_full_ranking:578 - Found 1757 unique user-basket pairs for evaluation
2025-10-07 16:48:27 - evaluator.prediction_analyzer - INFO - analyze_predictions:161 - Analyzing predictions for 1757 examples (test mode)
2025-10-07 16:48:27 - evaluator.prediction_analyzer - INFO - __enter__:121 - Starting: Prediction analysis (test)
2025-10-07 16:48:27 - evaluator.prediction_analyzer - INFO - __exit__:128 - Completed: Prediction analysis (test) (took 0.00s)
2025-10-07 16:48:27 - evaluator.prediction_analyzer - INFO - _log_analysis_summary:267 - === PREDICTION ANALYSIS SUMMARY (TEST) ===
2025-10-07 16:48:27 - evaluator.prediction_analyzer - INFO - _log_analysis_summary:276 - Ground truth items per example: avg=2.2, min=1, max=3
2025-10-07 16:48:27 - evaluator.prediction_analyzer - INFO - _log_analysis_summary:282 - Epoch range: 10 - 52
2025-10-07 16:48:27 - evaluator.prediction_analyzer - INFO - _log_analysis_summary:300 - Top-5: avg_hits=0.5, avg_recall=0.218, examples_with_hits=895/2150
2025-10-07 16:48:27 - evaluator.prediction_analyzer - INFO - _log_analysis_summary:300 - Top-10: avg_hits=0.7, avg_recall=0.320, examples_with_hits=1187/2150
2025-10-07 16:48:27 - evaluator.prediction_analyzer - INFO - _log_analysis_summary:300 - Top-20: avg_hits=1.0, avg_recall=0.465, examples_with_hits=1505/2150
2025-10-07 16:48:27 - evaluator.prediction_analyzer - INFO - _save_analysis_to_file:382 - Saved prediction analysis to: pytorch_pipeline/outputs/prediction_analysis/predictions_test_grnn_20251007_124143.json
2025-10-07 16:48:27 - evaluator.prediction_analyzer - INFO - _save_summary_statistics:429 - Saved summary statistics to: pytorch_pipeline/outputs/prediction_analysis/summary_test_grnn_20251007_124143.csv
2025-10-07 16:48:27 - evaluator.prediction_analyzer - INFO - show_detailed_examples:321 - === DETAILED PREDICTION EXAMPLES (TEST) ===
2025-10-07 16:48:27 - evaluator.prediction_analyzer - INFO - _show_single_example:333 - 
--- Example 1 (next-basket prediction) ---
2025-10-07 16:48:27 - evaluator.prediction_analyzer - INFO - _show_single_example:334 - User ID: 0, Basket ID: 3
2025-10-07 16:48:27 - evaluator.prediction_analyzer - INFO - _show_single_example:338 - Ground Truth (3 items): ['0', '64', '4']
2025-10-07 16:48:27 - evaluator.prediction_analyzer - INFO - _show_single_example:352 - 
Top-5 Predictions:
2025-10-07 16:48:27 - evaluator.prediction_analyzer - INFO - _show_single_example:354 -   Predicted: ['37', '17', '4', '23', '49']
2025-10-07 16:48:27 - evaluator.prediction_analyzer - INFO - _show_single_example:360 -   ✓ Hits (1): ['4']
2025-10-07 16:48:27 - evaluator.prediction_analyzer - INFO - _show_single_example:363 -   Metrics: Recall=0.333, Precision=0.200
2025-10-07 16:48:27 - evaluator.prediction_analyzer - INFO - _show_single_example:352 - 
Top-10 Predictions:
2025-10-07 16:48:27 - evaluator.prediction_analyzer - INFO - _show_single_example:354 -   Predicted: ['37', '17', '4', '23', '49', '22', '3', '10', '70', '2']
2025-10-07 16:48:27 - evaluator.prediction_analyzer - INFO - _show_single_example:360 -   ✓ Hits (1): ['4']
2025-10-07 16:48:27 - evaluator.prediction_analyzer - INFO - _show_single_example:363 -   Metrics: Recall=0.333, Precision=0.100
2025-10-07 16:48:27 - evaluator.prediction_analyzer - INFO - _show_single_example:352 - 
Top-20 Predictions:
2025-10-07 16:48:27 - evaluator.prediction_analyzer - INFO - _show_single_example:354 -   Predicted: ['37', '17', '4', '23', '49', '22', '3', '10', '70', '2', '114', '11', '0', '65', '74', '68', '113', '59', '16', '21']
2025-10-07 16:48:27 - evaluator.prediction_analyzer - INFO - _show_single_example:360 -   ✓ Hits (2): ['4', '0']
2025-10-07 16:48:27 - evaluator.prediction_analyzer - INFO - _show_single_example:363 -   Metrics: Recall=0.667, Precision=0.100
2025-10-07 16:48:27 - evaluator.prediction_analyzer - INFO - _show_single_example:333 - 
--- Example 2 (next-basket prediction) ---
2025-10-07 16:48:27 - evaluator.prediction_analyzer - INFO - _show_single_example:334 - User ID: 2, Basket ID: 12
2025-10-07 16:48:27 - evaluator.prediction_analyzer - INFO - _show_single_example:338 - Ground Truth (3 items): ['33', '2', '3']
2025-10-07 16:48:27 - evaluator.prediction_analyzer - INFO - _show_single_example:352 - 
Top-5 Predictions:
2025-10-07 16:48:27 - evaluator.prediction_analyzer - INFO - _show_single_example:354 -   Predicted: ['37', '17', '4', '23', '1']
2025-10-07 16:48:27 - evaluator.prediction_analyzer - INFO - _show_single_example:365 -   ✗ No hits in top-5
2025-10-07 16:48:27 - evaluator.prediction_analyzer - INFO - _show_single_example:352 - 
Top-10 Predictions:
2025-10-07 16:48:27 - evaluator.prediction_analyzer - INFO - _show_single_example:354 -   Predicted: ['37', '17', '4', '23', '1', '49', '3', '10', '70', '2']
2025-10-07 16:48:27 - evaluator.prediction_analyzer - INFO - _show_single_example:360 -   ✓ Hits (2): ['3', '2']
2025-10-07 16:48:27 - evaluator.prediction_analyzer - INFO - _show_single_example:363 -   Metrics: Recall=0.667, Precision=0.200
2025-10-07 16:48:27 - evaluator.prediction_analyzer - INFO - _show_single_example:352 - 
Top-20 Predictions:
2025-10-07 16:48:27 - evaluator.prediction_analyzer - INFO - _show_single_example:354 -   Predicted: ['37', '17', '4', '23', '1', '49', '3', '10', '70', '2', '114', '0', '65', '74', '68', '113', '59', '16', '21', '19']
2025-10-07 16:48:27 - evaluator.prediction_analyzer - INFO - _show_single_example:360 -   ✓ Hits (2): ['3', '2']
2025-10-07 16:48:27 - evaluator.prediction_analyzer - INFO - _show_single_example:363 -   Metrics: Recall=0.667, Precision=0.100
2025-10-07 16:48:27 - evaluator.prediction_analyzer - INFO - _show_single_example:333 - 
--- Example 3 (next-basket prediction) ---
2025-10-07 16:48:27 - evaluator.prediction_analyzer - INFO - _show_single_example:334 - User ID: 3, Basket ID: 15
2025-10-07 16:48:27 - evaluator.prediction_analyzer - INFO - _show_single_example:338 - Ground Truth (3 items): ['65', '3', '70']
2025-10-07 16:48:27 - evaluator.prediction_analyzer - INFO - _show_single_example:352 - 
Top-5 Predictions:
2025-10-07 16:48:27 - evaluator.prediction_analyzer - INFO - _show_single_example:354 -   Predicted: ['17', '4', '23', '1', '49']
2025-10-07 16:48:27 - evaluator.prediction_analyzer - INFO - _show_single_example:365 -   ✗ No hits in top-5
2025-10-07 16:48:27 - evaluator.prediction_analyzer - INFO - _show_single_example:352 - 
Top-10 Predictions:
2025-10-07 16:48:27 - evaluator.prediction_analyzer - INFO - _show_single_example:354 -   Predicted: ['17', '4', '23', '1', '49', '22', '3', '10', '70', '2']
2025-10-07 16:48:27 - evaluator.prediction_analyzer - INFO - _show_single_example:360 -   ✓ Hits (2): ['3', '70']
2025-10-07 16:48:27 - evaluator.prediction_analyzer - INFO - _show_single_example:363 -   Metrics: Recall=0.667, Precision=0.200
2025-10-07 16:48:27 - evaluator.prediction_analyzer - INFO - _show_single_example:352 - 
Top-20 Predictions:
2025-10-07 16:48:27 - evaluator.prediction_analyzer - INFO - _show_single_example:354 -   Predicted: ['17', '4', '23', '1', '49', '22', '3', '10', '70', '2', '114', '11', '0', '65', '74', '68', '113', '59', '16', '21']
2025-10-07 16:48:27 - evaluator.prediction_analyzer - INFO - _show_single_example:360 -   ✓ Hits (3): ['3', '70', '65']
2025-10-07 16:48:27 - evaluator.prediction_analyzer - INFO - _show_single_example:363 -   Metrics: Recall=1.000, Precision=0.150
2025-10-07 16:48:27 - evaluator.prediction_analyzer - INFO - show_detailed_examples:327 - ============================================================
2025-10-07 16:48:27 - evaluator.evaluator - INFO - __enter__:121 - Starting: Computing test metrics
2025-10-07 16:48:27 - evaluator.evaluator - INFO - compute_ranking_metrics:559 - === TEST METRICS SUMMARY ===
2025-10-07 16:48:27 - evaluator.evaluator - INFO - compute_ranking_metrics:561 - recall@10: 0.3036
2025-10-07 16:48:27 - evaluator.evaluator - INFO - compute_ranking_metrics:561 - recall@20: 0.4493
2025-10-07 16:48:27 - evaluator.evaluator - INFO - compute_ranking_metrics:561 - ndcg@10: 0.2016
2025-10-07 16:48:27 - evaluator.evaluator - INFO - compute_ranking_metrics:561 - ndcg@20: 0.2413
2025-10-07 16:48:27 - evaluator.evaluator - INFO - compute_ranking_metrics:561 - hit_ratio@10: 0.5242
2025-10-07 16:48:27 - evaluator.evaluator - INFO - compute_ranking_metrics:561 - hit_ratio@20: 0.6932
2025-10-07 16:48:27 - evaluator.evaluator - INFO - compute_ranking_metrics:561 - precision@10: 0.0657
2025-10-07 16:48:27 - evaluator.evaluator - INFO - compute_ranking_metrics:561 - precision@20: 0.0488
2025-10-07 16:48:27 - evaluator.evaluator - INFO - compute_ranking_metrics:562 - ===================================
2025-10-07 16:48:27 - evaluator.evaluator - INFO - __exit__:128 - Completed: Computing test metrics (took 0.08s)
2025-10-07 16:48:27 - trainer.trainer - INFO - _evaluate_with_full_ranking:663 - TEST Loss: 0.5372
2025-10-07 16:48:27 - trainer.trainer - INFO - __exit__:128 - Completed: Evaluation (test) (took 28.03s)
2025-10-07 16:48:27 - trainer.trainer - INFO - _train_epoch:353 - Training metrics computation disabled
2025-10-07 16:48:27 - trainer.trainer - INFO - __enter__:121 - Starting: Training epoch 53
2025-10-07 16:49:01 - trainer.trainer - INFO - __exit__:128 - Completed: Training epoch 53 (took 34.23s)
2025-10-07 16:49:01 - trainer.trainer - INFO - _train_epoch:417 - Computing training ranking metrics from 1668 user-basket pairs
2025-10-07 16:49:06 - evaluator.evaluator - INFO - __enter__:121 - Starting: Computing train metrics
2025-10-07 16:49:06 - evaluator.evaluator - INFO - compute_ranking_metrics:559 - === TRAIN METRICS SUMMARY ===
2025-10-07 16:49:06 - evaluator.evaluator - INFO - compute_ranking_metrics:561 - recall@10: 0.2041
2025-10-07 16:49:06 - evaluator.evaluator - INFO - compute_ranking_metrics:561 - recall@20: 0.3244
2025-10-07 16:49:06 - evaluator.evaluator - INFO - compute_ranking_metrics:561 - ndcg@10: 0.1519
2025-10-07 16:49:06 - evaluator.evaluator - INFO - compute_ranking_metrics:561 - ndcg@20: 0.1911
2025-10-07 16:49:06 - evaluator.evaluator - INFO - compute_ranking_metrics:561 - hit_ratio@10: 0.6427
2025-10-07 16:49:06 - evaluator.evaluator - INFO - compute_ranking_metrics:561 - hit_ratio@20: 0.8375
2025-10-07 16:49:06 - evaluator.evaluator - INFO - compute_ranking_metrics:561 - precision@10: 0.0809
2025-10-07 16:49:06 - evaluator.evaluator - INFO - compute_ranking_metrics:561 - precision@20: 0.0643
2025-10-07 16:49:06 - evaluator.evaluator - INFO - compute_ranking_metrics:562 - ===================================
2025-10-07 16:49:06 - evaluator.evaluator - INFO - __exit__:128 - Completed: Computing train metrics (took 0.08s)
2025-10-07 16:49:06 - trainer.trainer - INFO - _train_epoch:424 - Training metrics computed: ['recall@10', 'recall@20', 'ndcg@10', 'ndcg@20', 'hit_ratio@10', 'hit_ratio@20', 'precision@10', 'precision@20']
2025-10-07 16:49:06 - trainer.trainer - INFO - __enter__:121 - Starting: Evaluation (val)
2025-10-07 16:49:06 - trainer.trainer - INFO - _evaluate_with_full_ranking:546 - Built training item mapping for 1668 users
2025-10-07 16:49:31 - trainer.trainer - INFO - _evaluate_with_full_ranking:578 - Found 1757 unique user-basket pairs for evaluation
2025-10-07 16:49:34 - evaluator.prediction_analyzer - INFO - analyze_predictions:161 - Analyzing predictions for 1757 examples (val mode)
2025-10-07 16:49:34 - evaluator.prediction_analyzer - INFO - __enter__:121 - Starting: Prediction analysis (val)
2025-10-07 16:49:34 - evaluator.prediction_analyzer - INFO - __exit__:128 - Completed: Prediction analysis (val) (took 0.00s)
2025-10-07 16:49:34 - evaluator.prediction_analyzer - INFO - _log_analysis_summary:267 - === PREDICTION ANALYSIS SUMMARY (VAL) ===
2025-10-07 16:49:34 - evaluator.prediction_analyzer - INFO - _log_analysis_summary:276 - Ground truth items per example: avg=2.2, min=1, max=3
2025-10-07 16:49:34 - evaluator.prediction_analyzer - INFO - _log_analysis_summary:282 - Epoch range: 0 - 53
2025-10-07 16:49:34 - evaluator.prediction_analyzer - INFO - _log_analysis_summary:300 - Top-5: avg_hits=0.4, avg_recall=0.187, examples_with_hits=965/2700
2025-10-07 16:49:34 - evaluator.prediction_analyzer - INFO - _log_analysis_summary:300 - Top-10: avg_hits=0.6, avg_recall=0.285, examples_with_hits=1339/2700
2025-10-07 16:49:34 - evaluator.prediction_analyzer - INFO - _log_analysis_summary:300 - Top-20: avg_hits=0.9, avg_recall=0.429, examples_with_hits=1774/2700
2025-10-07 16:49:34 - evaluator.prediction_analyzer - INFO - _save_analysis_to_file:382 - Saved prediction analysis to: pytorch_pipeline/outputs/prediction_analysis/predictions_val_grnn_20251007_124143.json
2025-10-07 16:49:34 - evaluator.prediction_analyzer - INFO - _save_summary_statistics:429 - Saved summary statistics to: pytorch_pipeline/outputs/prediction_analysis/summary_val_grnn_20251007_124143.csv
2025-10-07 16:49:34 - evaluator.evaluator - INFO - __enter__:121 - Starting: Computing val metrics
2025-10-07 16:49:34 - evaluator.evaluator - INFO - compute_ranking_metrics:559 - === VAL METRICS SUMMARY ===
2025-10-07 16:49:34 - evaluator.evaluator - INFO - compute_ranking_metrics:561 - recall@10: 0.3035
2025-10-07 16:49:34 - evaluator.evaluator - INFO - compute_ranking_metrics:561 - recall@20: 0.4530
2025-10-07 16:49:34 - evaluator.evaluator - INFO - compute_ranking_metrics:561 - ndcg@10: 0.2021
2025-10-07 16:49:34 - evaluator.evaluator - INFO - compute_ranking_metrics:561 - ndcg@20: 0.2426
2025-10-07 16:49:34 - evaluator.evaluator - INFO - compute_ranking_metrics:561 - hit_ratio@10: 0.5282
2025-10-07 16:49:34 - evaluator.evaluator - INFO - compute_ranking_metrics:561 - hit_ratio@20: 0.6995
2025-10-07 16:49:34 - evaluator.evaluator - INFO - compute_ranking_metrics:561 - precision@10: 0.0657
2025-10-07 16:49:34 - evaluator.evaluator - INFO - compute_ranking_metrics:561 - precision@20: 0.0492
2025-10-07 16:49:34 - evaluator.evaluator - INFO - compute_ranking_metrics:562 - ===================================
2025-10-07 16:49:34 - evaluator.evaluator - INFO - __exit__:128 - Completed: Computing val metrics (took 0.08s)
2025-10-07 16:49:34 - trainer.trainer - INFO - _evaluate_with_full_ranking:663 - VAL Loss: 0.5397
2025-10-07 16:49:34 - trainer.trainer - INFO - __exit__:128 - Completed: Evaluation (val) (took 27.59s)
2025-10-07 16:49:34 - trainer.trainer - INFO - log_training_metrics:163 - Epoch  53 [combined] - train_loss: 0.5701 | train_recall@10: 0.2041 | train_recall@20: 0.3244 | train_ndcg@10: 0.1519 | train_ndcg@20: 0.1911 | train_hit_ratio@10: 0.6427 | train_hit_ratio@20: 0.8375 | train_precision@10: 0.0809 | train_precision@20: 0.0643 | recall@10: 0.3035 | recall@20: 0.4530 | ndcg@10: 0.2021 | ndcg@20: 0.2426 | hit_ratio@10: 0.5282 | hit_ratio@20: 0.6995 | precision@10: 0.0657 | precision@20: 0.0492 | val_loss: 0.5397
2025-10-07 16:49:34 - trainer.trainer - INFO - __enter__:121 - Starting: Evaluation (test)
2025-10-07 16:49:34 - trainer.trainer - INFO - _evaluate_with_full_ranking:546 - Built training item mapping for 1668 users
2025-10-07 16:49:59 - trainer.trainer - INFO - _evaluate_with_full_ranking:578 - Found 1757 unique user-basket pairs for evaluation
2025-10-07 16:50:01 - evaluator.prediction_analyzer - INFO - analyze_predictions:161 - Analyzing predictions for 1757 examples (test mode)
2025-10-07 16:50:01 - evaluator.prediction_analyzer - INFO - __enter__:121 - Starting: Prediction analysis (test)
2025-10-07 16:50:01 - evaluator.prediction_analyzer - INFO - __exit__:128 - Completed: Prediction analysis (test) (took 0.00s)
2025-10-07 16:50:01 - evaluator.prediction_analyzer - INFO - _log_analysis_summary:267 - === PREDICTION ANALYSIS SUMMARY (TEST) ===
2025-10-07 16:50:01 - evaluator.prediction_analyzer - INFO - _log_analysis_summary:276 - Ground truth items per example: avg=2.2, min=1, max=3
2025-10-07 16:50:01 - evaluator.prediction_analyzer - INFO - _log_analysis_summary:282 - Epoch range: 10 - 53
2025-10-07 16:50:01 - evaluator.prediction_analyzer - INFO - _log_analysis_summary:300 - Top-5: avg_hits=0.5, avg_recall=0.217, examples_with_hits=913/2200
2025-10-07 16:50:01 - evaluator.prediction_analyzer - INFO - _log_analysis_summary:300 - Top-10: avg_hits=0.7, avg_recall=0.318, examples_with_hits=1211/2200
2025-10-07 16:50:01 - evaluator.prediction_analyzer - INFO - _log_analysis_summary:300 - Top-20: avg_hits=1.0, avg_recall=0.463, examples_with_hits=1536/2200
2025-10-07 16:50:01 - evaluator.prediction_analyzer - INFO - _save_analysis_to_file:382 - Saved prediction analysis to: pytorch_pipeline/outputs/prediction_analysis/predictions_test_grnn_20251007_124143.json
2025-10-07 16:50:01 - evaluator.prediction_analyzer - INFO - _save_summary_statistics:429 - Saved summary statistics to: pytorch_pipeline/outputs/prediction_analysis/summary_test_grnn_20251007_124143.csv
2025-10-07 16:50:01 - evaluator.prediction_analyzer - INFO - show_detailed_examples:321 - === DETAILED PREDICTION EXAMPLES (TEST) ===
2025-10-07 16:50:01 - evaluator.prediction_analyzer - INFO - _show_single_example:333 - 
--- Example 1 (next-basket prediction) ---
2025-10-07 16:50:01 - evaluator.prediction_analyzer - INFO - _show_single_example:334 - User ID: 0, Basket ID: 3
2025-10-07 16:50:01 - evaluator.prediction_analyzer - INFO - _show_single_example:338 - Ground Truth (3 items): ['0', '64', '4']
2025-10-07 16:50:01 - evaluator.prediction_analyzer - INFO - _show_single_example:352 - 
Top-5 Predictions:
2025-10-07 16:50:01 - evaluator.prediction_analyzer - INFO - _show_single_example:354 -   Predicted: ['37', '17', '4', '23', '49']
2025-10-07 16:50:01 - evaluator.prediction_analyzer - INFO - _show_single_example:360 -   ✓ Hits (1): ['4']
2025-10-07 16:50:01 - evaluator.prediction_analyzer - INFO - _show_single_example:363 -   Metrics: Recall=0.333, Precision=0.200
2025-10-07 16:50:01 - evaluator.prediction_analyzer - INFO - _show_single_example:352 - 
Top-10 Predictions:
2025-10-07 16:50:01 - evaluator.prediction_analyzer - INFO - _show_single_example:354 -   Predicted: ['37', '17', '4', '23', '49', '22', '3', '10', '70', '2']
2025-10-07 16:50:01 - evaluator.prediction_analyzer - INFO - _show_single_example:360 -   ✓ Hits (1): ['4']
2025-10-07 16:50:01 - evaluator.prediction_analyzer - INFO - _show_single_example:363 -   Metrics: Recall=0.333, Precision=0.100
2025-10-07 16:50:01 - evaluator.prediction_analyzer - INFO - _show_single_example:352 - 
Top-20 Predictions:
2025-10-07 16:50:01 - evaluator.prediction_analyzer - INFO - _show_single_example:354 -   Predicted: ['37', '17', '4', '23', '49', '22', '3', '10', '70', '2', '114', '11', '0', '65', '74', '68', '113', '59', '16', '21']
2025-10-07 16:50:01 - evaluator.prediction_analyzer - INFO - _show_single_example:360 -   ✓ Hits (2): ['4', '0']
2025-10-07 16:50:01 - evaluator.prediction_analyzer - INFO - _show_single_example:363 -   Metrics: Recall=0.667, Precision=0.100
2025-10-07 16:50:01 - evaluator.prediction_analyzer - INFO - _show_single_example:333 - 
--- Example 2 (next-basket prediction) ---
2025-10-07 16:50:01 - evaluator.prediction_analyzer - INFO - _show_single_example:334 - User ID: 2, Basket ID: 12
2025-10-07 16:50:01 - evaluator.prediction_analyzer - INFO - _show_single_example:338 - Ground Truth (3 items): ['33', '2', '3']
2025-10-07 16:50:01 - evaluator.prediction_analyzer - INFO - _show_single_example:352 - 
Top-5 Predictions:
2025-10-07 16:50:01 - evaluator.prediction_analyzer - INFO - _show_single_example:354 -   Predicted: ['37', '17', '4', '23', '1']
2025-10-07 16:50:01 - evaluator.prediction_analyzer - INFO - _show_single_example:365 -   ✗ No hits in top-5
2025-10-07 16:50:01 - evaluator.prediction_analyzer - INFO - _show_single_example:352 - 
Top-10 Predictions:
2025-10-07 16:50:01 - evaluator.prediction_analyzer - INFO - _show_single_example:354 -   Predicted: ['37', '17', '4', '23', '1', '49', '3', '10', '70', '2']
2025-10-07 16:50:01 - evaluator.prediction_analyzer - INFO - _show_single_example:360 -   ✓ Hits (2): ['3', '2']
2025-10-07 16:50:01 - evaluator.prediction_analyzer - INFO - _show_single_example:363 -   Metrics: Recall=0.667, Precision=0.200
2025-10-07 16:50:01 - evaluator.prediction_analyzer - INFO - _show_single_example:352 - 
Top-20 Predictions:
2025-10-07 16:50:01 - evaluator.prediction_analyzer - INFO - _show_single_example:354 -   Predicted: ['37', '17', '4', '23', '1', '49', '3', '10', '70', '2', '114', '0', '65', '74', '68', '113', '59', '16', '21', '19']
2025-10-07 16:50:01 - evaluator.prediction_analyzer - INFO - _show_single_example:360 -   ✓ Hits (2): ['3', '2']
2025-10-07 16:50:01 - evaluator.prediction_analyzer - INFO - _show_single_example:363 -   Metrics: Recall=0.667, Precision=0.100
2025-10-07 16:50:01 - evaluator.prediction_analyzer - INFO - _show_single_example:333 - 
--- Example 3 (next-basket prediction) ---
2025-10-07 16:50:01 - evaluator.prediction_analyzer - INFO - _show_single_example:334 - User ID: 3, Basket ID: 15
2025-10-07 16:50:01 - evaluator.prediction_analyzer - INFO - _show_single_example:338 - Ground Truth (3 items): ['65', '3', '70']
2025-10-07 16:50:01 - evaluator.prediction_analyzer - INFO - _show_single_example:352 - 
Top-5 Predictions:
2025-10-07 16:50:01 - evaluator.prediction_analyzer - INFO - _show_single_example:354 -   Predicted: ['17', '4', '23', '1', '49']
2025-10-07 16:50:01 - evaluator.prediction_analyzer - INFO - _show_single_example:365 -   ✗ No hits in top-5
2025-10-07 16:50:01 - evaluator.prediction_analyzer - INFO - _show_single_example:352 - 
Top-10 Predictions:
2025-10-07 16:50:01 - evaluator.prediction_analyzer - INFO - _show_single_example:354 -   Predicted: ['17', '4', '23', '1', '49', '22', '3', '10', '70', '2']
2025-10-07 16:50:01 - evaluator.prediction_analyzer - INFO - _show_single_example:360 -   ✓ Hits (2): ['3', '70']
2025-10-07 16:50:01 - evaluator.prediction_analyzer - INFO - _show_single_example:363 -   Metrics: Recall=0.667, Precision=0.200
2025-10-07 16:50:01 - evaluator.prediction_analyzer - INFO - _show_single_example:352 - 
Top-20 Predictions:
2025-10-07 16:50:01 - evaluator.prediction_analyzer - INFO - _show_single_example:354 -   Predicted: ['17', '4', '23', '1', '49', '22', '3', '10', '70', '2', '114', '11', '0', '65', '74', '68', '113', '59', '16', '21']
2025-10-07 16:50:01 - evaluator.prediction_analyzer - INFO - _show_single_example:360 -   ✓ Hits (3): ['3', '70', '65']
2025-10-07 16:50:01 - evaluator.prediction_analyzer - INFO - _show_single_example:363 -   Metrics: Recall=1.000, Precision=0.150
2025-10-07 16:50:01 - evaluator.prediction_analyzer - INFO - show_detailed_examples:327 - ============================================================
2025-10-07 16:50:01 - evaluator.evaluator - INFO - __enter__:121 - Starting: Computing test metrics
2025-10-07 16:50:01 - evaluator.evaluator - INFO - compute_ranking_metrics:559 - === TEST METRICS SUMMARY ===
2025-10-07 16:50:01 - evaluator.evaluator - INFO - compute_ranking_metrics:561 - recall@10: 0.3029
2025-10-07 16:50:01 - evaluator.evaluator - INFO - compute_ranking_metrics:561 - recall@20: 0.4513
2025-10-07 16:50:01 - evaluator.evaluator - INFO - compute_ranking_metrics:561 - ndcg@10: 0.2014
2025-10-07 16:50:01 - evaluator.evaluator - INFO - compute_ranking_metrics:561 - ndcg@20: 0.2417
2025-10-07 16:50:01 - evaluator.evaluator - INFO - compute_ranking_metrics:561 - hit_ratio@10: 0.5248
2025-10-07 16:50:01 - evaluator.evaluator - INFO - compute_ranking_metrics:561 - hit_ratio@20: 0.6949
2025-10-07 16:50:01 - evaluator.evaluator - INFO - compute_ranking_metrics:561 - precision@10: 0.0656
2025-10-07 16:50:01 - evaluator.evaluator - INFO - compute_ranking_metrics:561 - precision@20: 0.0491
2025-10-07 16:50:01 - evaluator.evaluator - INFO - compute_ranking_metrics:562 - ===================================
2025-10-07 16:50:01 - evaluator.evaluator - INFO - __exit__:128 - Completed: Computing test metrics (took 0.11s)
2025-10-07 16:50:01 - trainer.trainer - INFO - _evaluate_with_full_ranking:663 - TEST Loss: 0.5431
2025-10-07 16:50:01 - trainer.trainer - INFO - __exit__:128 - Completed: Evaluation (test) (took 27.49s)
2025-10-07 16:50:01 - trainer.trainer - INFO - _train_epoch:353 - Training metrics computation disabled
2025-10-07 16:50:01 - trainer.trainer - INFO - __enter__:121 - Starting: Training epoch 54
2025-10-07 16:50:36 - trainer.trainer - INFO - __exit__:128 - Completed: Training epoch 54 (took 34.43s)
2025-10-07 16:50:36 - trainer.trainer - INFO - _train_epoch:417 - Computing training ranking metrics from 1668 user-basket pairs
2025-10-07 16:50:41 - evaluator.evaluator - INFO - __enter__:121 - Starting: Computing train metrics
2025-10-07 16:50:41 - evaluator.evaluator - INFO - compute_ranking_metrics:559 - === TRAIN METRICS SUMMARY ===
2025-10-07 16:50:41 - evaluator.evaluator - INFO - compute_ranking_metrics:561 - recall@10: 0.2007
2025-10-07 16:50:41 - evaluator.evaluator - INFO - compute_ranking_metrics:561 - recall@20: 0.3236
2025-10-07 16:50:41 - evaluator.evaluator - INFO - compute_ranking_metrics:561 - ndcg@10: 0.1506
2025-10-07 16:50:41 - evaluator.evaluator - INFO - compute_ranking_metrics:561 - ndcg@20: 0.1908
2025-10-07 16:50:41 - evaluator.evaluator - INFO - compute_ranking_metrics:561 - hit_ratio@10: 0.6301
2025-10-07 16:50:41 - evaluator.evaluator - INFO - compute_ranking_metrics:561 - hit_ratio@20: 0.8357
2025-10-07 16:50:41 - evaluator.evaluator - INFO - compute_ranking_metrics:561 - precision@10: 0.0795
2025-10-07 16:50:41 - evaluator.evaluator - INFO - compute_ranking_metrics:561 - precision@20: 0.0641
2025-10-07 16:50:41 - evaluator.evaluator - INFO - compute_ranking_metrics:562 - ===================================
2025-10-07 16:50:41 - evaluator.evaluator - INFO - __exit__:128 - Completed: Computing train metrics (took 0.08s)
2025-10-07 16:50:41 - trainer.trainer - INFO - _train_epoch:424 - Training metrics computed: ['recall@10', 'recall@20', 'ndcg@10', 'ndcg@20', 'hit_ratio@10', 'hit_ratio@20', 'precision@10', 'precision@20']
2025-10-07 16:50:41 - trainer.trainer - INFO - __enter__:121 - Starting: Evaluation (val)
2025-10-07 16:50:41 - trainer.trainer - INFO - _evaluate_with_full_ranking:546 - Built training item mapping for 1668 users
2025-10-07 16:51:06 - trainer.trainer - INFO - _evaluate_with_full_ranking:578 - Found 1757 unique user-basket pairs for evaluation
2025-10-07 16:51:08 - evaluator.prediction_analyzer - INFO - analyze_predictions:161 - Analyzing predictions for 1757 examples (val mode)
2025-10-07 16:51:08 - evaluator.prediction_analyzer - INFO - __enter__:121 - Starting: Prediction analysis (val)
2025-10-07 16:51:08 - evaluator.prediction_analyzer - INFO - __exit__:128 - Completed: Prediction analysis (val) (took 0.00s)
2025-10-07 16:51:08 - evaluator.prediction_analyzer - INFO - _log_analysis_summary:267 - === PREDICTION ANALYSIS SUMMARY (VAL) ===
2025-10-07 16:51:08 - evaluator.prediction_analyzer - INFO - _log_analysis_summary:276 - Ground truth items per example: avg=2.2, min=1, max=3
2025-10-07 16:51:08 - evaluator.prediction_analyzer - INFO - _log_analysis_summary:282 - Epoch range: 0 - 54
2025-10-07 16:51:08 - evaluator.prediction_analyzer - INFO - _log_analysis_summary:300 - Top-5: avg_hits=0.4, avg_recall=0.186, examples_with_hits=982/2750
2025-10-07 16:51:08 - evaluator.prediction_analyzer - INFO - _log_analysis_summary:300 - Top-10: avg_hits=0.6, avg_recall=0.284, examples_with_hits=1363/2750
2025-10-07 16:51:08 - evaluator.prediction_analyzer - INFO - _log_analysis_summary:300 - Top-20: avg_hits=0.9, avg_recall=0.428, examples_with_hits=1805/2750
2025-10-07 16:51:09 - evaluator.prediction_analyzer - INFO - _save_analysis_to_file:382 - Saved prediction analysis to: pytorch_pipeline/outputs/prediction_analysis/predictions_val_grnn_20251007_124143.json
2025-10-07 16:51:09 - evaluator.prediction_analyzer - INFO - _save_summary_statistics:429 - Saved summary statistics to: pytorch_pipeline/outputs/prediction_analysis/summary_val_grnn_20251007_124143.csv
2025-10-07 16:51:09 - evaluator.evaluator - INFO - __enter__:121 - Starting: Computing val metrics
2025-10-07 16:51:09 - evaluator.evaluator - INFO - compute_ranking_metrics:559 - === VAL METRICS SUMMARY ===
2025-10-07 16:51:09 - evaluator.evaluator - INFO - compute_ranking_metrics:561 - recall@10: 0.3086
2025-10-07 16:51:09 - evaluator.evaluator - INFO - compute_ranking_metrics:561 - recall@20: 0.4504
2025-10-07 16:51:09 - evaluator.evaluator - INFO - compute_ranking_metrics:561 - ndcg@10: 0.2036
2025-10-07 16:51:09 - evaluator.evaluator - INFO - compute_ranking_metrics:561 - ndcg@20: 0.2419
2025-10-07 16:51:09 - evaluator.evaluator - INFO - compute_ranking_metrics:561 - hit_ratio@10: 0.5344
2025-10-07 16:51:09 - evaluator.evaluator - INFO - compute_ranking_metrics:561 - hit_ratio@20: 0.6944
2025-10-07 16:51:09 - evaluator.evaluator - INFO - compute_ranking_metrics:561 - precision@10: 0.0666
2025-10-07 16:51:09 - evaluator.evaluator - INFO - compute_ranking_metrics:561 - precision@20: 0.0489
2025-10-07 16:51:09 - evaluator.evaluator - INFO - compute_ranking_metrics:562 - ===================================
2025-10-07 16:51:09 - evaluator.evaluator - INFO - __exit__:128 - Completed: Computing val metrics (took 0.08s)
2025-10-07 16:51:09 - trainer.trainer - INFO - _evaluate_with_full_ranking:663 - VAL Loss: 0.5360
2025-10-07 16:51:09 - trainer.trainer - INFO - __exit__:128 - Completed: Evaluation (val) (took 27.93s)
2025-10-07 16:51:09 - trainer.trainer - INFO - log_training_metrics:163 - Epoch  54 [combined] - train_loss: 0.5697 | train_recall@10: 0.2007 | train_recall@20: 0.3236 | train_ndcg@10: 0.1506 | train_ndcg@20: 0.1908 | train_hit_ratio@10: 0.6301 | train_hit_ratio@20: 0.8357 | train_precision@10: 0.0795 | train_precision@20: 0.0641 | recall@10: 0.3086 | recall@20: 0.4504 | ndcg@10: 0.2036 | ndcg@20: 0.2419 | hit_ratio@10: 0.5344 | hit_ratio@20: 0.6944 | precision@10: 0.0666 | precision@20: 0.0489 | val_loss: 0.5360
2025-10-07 16:51:09 - trainer.trainer - INFO - __enter__:121 - Starting: Evaluation (test)
2025-10-07 16:51:09 - trainer.trainer - INFO - _evaluate_with_full_ranking:546 - Built training item mapping for 1668 users
2025-10-07 16:51:34 - trainer.trainer - INFO - _evaluate_with_full_ranking:578 - Found 1757 unique user-basket pairs for evaluation
2025-10-07 16:51:36 - evaluator.prediction_analyzer - INFO - analyze_predictions:161 - Analyzing predictions for 1757 examples (test mode)
2025-10-07 16:51:36 - evaluator.prediction_analyzer - INFO - __enter__:121 - Starting: Prediction analysis (test)
2025-10-07 16:51:36 - evaluator.prediction_analyzer - INFO - __exit__:128 - Completed: Prediction analysis (test) (took 0.00s)
2025-10-07 16:51:36 - evaluator.prediction_analyzer - INFO - _log_analysis_summary:267 - === PREDICTION ANALYSIS SUMMARY (TEST) ===
2025-10-07 16:51:36 - evaluator.prediction_analyzer - INFO - _log_analysis_summary:276 - Ground truth items per example: avg=2.2, min=1, max=3
2025-10-07 16:51:36 - evaluator.prediction_analyzer - INFO - _log_analysis_summary:282 - Epoch range: 10 - 54
2025-10-07 16:51:36 - evaluator.prediction_analyzer - INFO - _log_analysis_summary:300 - Top-5: avg_hits=0.5, avg_recall=0.217, examples_with_hits=931/2250
2025-10-07 16:51:36 - evaluator.prediction_analyzer - INFO - _log_analysis_summary:300 - Top-10: avg_hits=0.7, avg_recall=0.317, examples_with_hits=1235/2250
2025-10-07 16:51:36 - evaluator.prediction_analyzer - INFO - _log_analysis_summary:300 - Top-20: avg_hits=1.0, avg_recall=0.462, examples_with_hits=1567/2250
2025-10-07 16:51:36 - evaluator.prediction_analyzer - INFO - _save_analysis_to_file:382 - Saved prediction analysis to: pytorch_pipeline/outputs/prediction_analysis/predictions_test_grnn_20251007_124143.json
2025-10-07 16:51:36 - evaluator.prediction_analyzer - INFO - _save_summary_statistics:429 - Saved summary statistics to: pytorch_pipeline/outputs/prediction_analysis/summary_test_grnn_20251007_124143.csv
2025-10-07 16:51:36 - evaluator.prediction_analyzer - INFO - show_detailed_examples:321 - === DETAILED PREDICTION EXAMPLES (TEST) ===
2025-10-07 16:51:36 - evaluator.prediction_analyzer - INFO - _show_single_example:333 - 
--- Example 1 (next-basket prediction) ---
2025-10-07 16:51:36 - evaluator.prediction_analyzer - INFO - _show_single_example:334 - User ID: 0, Basket ID: 3
2025-10-07 16:51:36 - evaluator.prediction_analyzer - INFO - _show_single_example:338 - Ground Truth (3 items): ['0', '64', '4']
2025-10-07 16:51:36 - evaluator.prediction_analyzer - INFO - _show_single_example:352 - 
Top-5 Predictions:
2025-10-07 16:51:36 - evaluator.prediction_analyzer - INFO - _show_single_example:354 -   Predicted: ['37', '17', '4', '23', '49']
2025-10-07 16:51:36 - evaluator.prediction_analyzer - INFO - _show_single_example:360 -   ✓ Hits (1): ['4']
2025-10-07 16:51:36 - evaluator.prediction_analyzer - INFO - _show_single_example:363 -   Metrics: Recall=0.333, Precision=0.200
2025-10-07 16:51:36 - evaluator.prediction_analyzer - INFO - _show_single_example:352 - 
Top-10 Predictions:
2025-10-07 16:51:36 - evaluator.prediction_analyzer - INFO - _show_single_example:354 -   Predicted: ['37', '17', '4', '23', '49', '22', '3', '10', '70', '2']
2025-10-07 16:51:36 - evaluator.prediction_analyzer - INFO - _show_single_example:360 -   ✓ Hits (1): ['4']
2025-10-07 16:51:36 - evaluator.prediction_analyzer - INFO - _show_single_example:363 -   Metrics: Recall=0.333, Precision=0.100
2025-10-07 16:51:36 - evaluator.prediction_analyzer - INFO - _show_single_example:352 - 
Top-20 Predictions:
2025-10-07 16:51:36 - evaluator.prediction_analyzer - INFO - _show_single_example:354 -   Predicted: ['37', '17', '4', '23', '49', '22', '3', '10', '70', '2', '114', '11', '0', '65', '74', '68', '113', '59', '16', '21']
2025-10-07 16:51:36 - evaluator.prediction_analyzer - INFO - _show_single_example:360 -   ✓ Hits (2): ['4', '0']
2025-10-07 16:51:36 - evaluator.prediction_analyzer - INFO - _show_single_example:363 -   Metrics: Recall=0.667, Precision=0.100
2025-10-07 16:51:36 - evaluator.prediction_analyzer - INFO - _show_single_example:333 - 
--- Example 2 (next-basket prediction) ---
2025-10-07 16:51:36 - evaluator.prediction_analyzer - INFO - _show_single_example:334 - User ID: 2, Basket ID: 12
2025-10-07 16:51:36 - evaluator.prediction_analyzer - INFO - _show_single_example:338 - Ground Truth (3 items): ['33', '2', '3']
2025-10-07 16:51:36 - evaluator.prediction_analyzer - INFO - _show_single_example:352 - 
Top-5 Predictions:
2025-10-07 16:51:36 - evaluator.prediction_analyzer - INFO - _show_single_example:354 -   Predicted: ['37', '17', '4', '23', '1']
2025-10-07 16:51:36 - evaluator.prediction_analyzer - INFO - _show_single_example:365 -   ✗ No hits in top-5
2025-10-07 16:51:36 - evaluator.prediction_analyzer - INFO - _show_single_example:352 - 
Top-10 Predictions:
2025-10-07 16:51:36 - evaluator.prediction_analyzer - INFO - _show_single_example:354 -   Predicted: ['37', '17', '4', '23', '1', '49', '3', '10', '70', '2']
2025-10-07 16:51:36 - evaluator.prediction_analyzer - INFO - _show_single_example:360 -   ✓ Hits (2): ['3', '2']
2025-10-07 16:51:36 - evaluator.prediction_analyzer - INFO - _show_single_example:363 -   Metrics: Recall=0.667, Precision=0.200
2025-10-07 16:51:36 - evaluator.prediction_analyzer - INFO - _show_single_example:352 - 
Top-20 Predictions:
2025-10-07 16:51:36 - evaluator.prediction_analyzer - INFO - _show_single_example:354 -   Predicted: ['37', '17', '4', '23', '1', '49', '3', '10', '70', '2', '114', '0', '65', '74', '68', '113', '59', '16', '21', '19']
2025-10-07 16:51:36 - evaluator.prediction_analyzer - INFO - _show_single_example:360 -   ✓ Hits (2): ['3', '2']
2025-10-07 16:51:36 - evaluator.prediction_analyzer - INFO - _show_single_example:363 -   Metrics: Recall=0.667, Precision=0.100
2025-10-07 16:51:36 - evaluator.prediction_analyzer - INFO - _show_single_example:333 - 
--- Example 3 (next-basket prediction) ---
2025-10-07 16:51:36 - evaluator.prediction_analyzer - INFO - _show_single_example:334 - User ID: 3, Basket ID: 15
2025-10-07 16:51:36 - evaluator.prediction_analyzer - INFO - _show_single_example:338 - Ground Truth (3 items): ['65', '3', '70']
2025-10-07 16:51:36 - evaluator.prediction_analyzer - INFO - _show_single_example:352 - 
Top-5 Predictions:
2025-10-07 16:51:36 - evaluator.prediction_analyzer - INFO - _show_single_example:354 -   Predicted: ['17', '4', '23', '1', '49']
2025-10-07 16:51:36 - evaluator.prediction_analyzer - INFO - _show_single_example:365 -   ✗ No hits in top-5
2025-10-07 16:51:36 - evaluator.prediction_analyzer - INFO - _show_single_example:352 - 
Top-10 Predictions:
2025-10-07 16:51:36 - evaluator.prediction_analyzer - INFO - _show_single_example:354 -   Predicted: ['17', '4', '23', '1', '49', '22', '3', '10', '70', '2']
2025-10-07 16:51:36 - evaluator.prediction_analyzer - INFO - _show_single_example:360 -   ✓ Hits (2): ['3', '70']
2025-10-07 16:51:36 - evaluator.prediction_analyzer - INFO - _show_single_example:363 -   Metrics: Recall=0.667, Precision=0.200
2025-10-07 16:51:36 - evaluator.prediction_analyzer - INFO - _show_single_example:352 - 
Top-20 Predictions:
2025-10-07 16:51:36 - evaluator.prediction_analyzer - INFO - _show_single_example:354 -   Predicted: ['17', '4', '23', '1', '49', '22', '3', '10', '70', '2', '114', '11', '0', '65', '74', '68', '113', '59', '16', '21']
2025-10-07 16:51:36 - evaluator.prediction_analyzer - INFO - _show_single_example:360 -   ✓ Hits (3): ['3', '70', '65']
2025-10-07 16:51:36 - evaluator.prediction_analyzer - INFO - _show_single_example:363 -   Metrics: Recall=1.000, Precision=0.150
2025-10-07 16:51:36 - evaluator.prediction_analyzer - INFO - show_detailed_examples:327 - ============================================================
2025-10-07 16:51:36 - evaluator.evaluator - INFO - __enter__:121 - Starting: Computing test metrics
2025-10-07 16:51:37 - evaluator.evaluator - INFO - compute_ranking_metrics:559 - === TEST METRICS SUMMARY ===
2025-10-07 16:51:37 - evaluator.evaluator - INFO - compute_ranking_metrics:561 - recall@10: 0.3093
2025-10-07 16:51:37 - evaluator.evaluator - INFO - compute_ranking_metrics:561 - recall@20: 0.4505
2025-10-07 16:51:37 - evaluator.evaluator - INFO - compute_ranking_metrics:561 - ndcg@10: 0.2036
2025-10-07 16:51:37 - evaluator.evaluator - INFO - compute_ranking_metrics:561 - ndcg@20: 0.2418
2025-10-07 16:51:37 - evaluator.evaluator - INFO - compute_ranking_metrics:561 - hit_ratio@10: 0.5344
2025-10-07 16:51:37 - evaluator.evaluator - INFO - compute_ranking_metrics:561 - hit_ratio@20: 0.6927
2025-10-07 16:51:37 - evaluator.evaluator - INFO - compute_ranking_metrics:561 - precision@10: 0.0669
2025-10-07 16:51:37 - evaluator.evaluator - INFO - compute_ranking_metrics:561 - precision@20: 0.0490
2025-10-07 16:51:37 - evaluator.evaluator - INFO - compute_ranking_metrics:562 - ===================================
2025-10-07 16:51:37 - evaluator.evaluator - INFO - __exit__:128 - Completed: Computing test metrics (took 0.08s)
2025-10-07 16:51:37 - trainer.trainer - INFO - _evaluate_with_full_ranking:663 - TEST Loss: 0.5378
2025-10-07 16:51:37 - trainer.trainer - INFO - __exit__:128 - Completed: Evaluation (test) (took 27.80s)
2025-10-07 16:51:37 - trainer.trainer - INFO - _train_epoch:353 - Training metrics computation disabled
2025-10-07 16:51:37 - trainer.trainer - INFO - __enter__:121 - Starting: Training epoch 55
2025-10-07 16:52:12 - trainer.trainer - INFO - __exit__:128 - Completed: Training epoch 55 (took 34.99s)
2025-10-07 16:52:12 - trainer.trainer - INFO - _train_epoch:417 - Computing training ranking metrics from 1668 user-basket pairs
2025-10-07 16:52:16 - evaluator.evaluator - INFO - __enter__:121 - Starting: Computing train metrics
2025-10-07 16:52:17 - evaluator.evaluator - INFO - compute_ranking_metrics:559 - === TRAIN METRICS SUMMARY ===
2025-10-07 16:52:17 - evaluator.evaluator - INFO - compute_ranking_metrics:561 - recall@10: 0.2014
2025-10-07 16:52:17 - evaluator.evaluator - INFO - compute_ranking_metrics:561 - recall@20: 0.3233
2025-10-07 16:52:17 - evaluator.evaluator - INFO - compute_ranking_metrics:561 - ndcg@10: 0.1507
2025-10-07 16:52:17 - evaluator.evaluator - INFO - compute_ranking_metrics:561 - ndcg@20: 0.1906
2025-10-07 16:52:17 - evaluator.evaluator - INFO - compute_ranking_metrics:561 - hit_ratio@10: 0.6325
2025-10-07 16:52:17 - evaluator.evaluator - INFO - compute_ranking_metrics:561 - hit_ratio@20: 0.8345
2025-10-07 16:52:17 - evaluator.evaluator - INFO - compute_ranking_metrics:561 - precision@10: 0.0797
2025-10-07 16:52:17 - evaluator.evaluator - INFO - compute_ranking_metrics:561 - precision@20: 0.0641
2025-10-07 16:52:17 - evaluator.evaluator - INFO - compute_ranking_metrics:562 - ===================================
2025-10-07 16:52:17 - evaluator.evaluator - INFO - __exit__:128 - Completed: Computing train metrics (took 0.08s)
2025-10-07 16:52:17 - trainer.trainer - INFO - _train_epoch:424 - Training metrics computed: ['recall@10', 'recall@20', 'ndcg@10', 'ndcg@20', 'hit_ratio@10', 'hit_ratio@20', 'precision@10', 'precision@20']
2025-10-07 16:52:17 - trainer.trainer - INFO - __enter__:121 - Starting: Evaluation (val)
2025-10-07 16:52:17 - trainer.trainer - INFO - _evaluate_with_full_ranking:546 - Built training item mapping for 1668 users
2025-10-07 16:52:42 - trainer.trainer - INFO - _evaluate_with_full_ranking:578 - Found 1757 unique user-basket pairs for evaluation
2025-10-07 16:52:44 - evaluator.prediction_analyzer - INFO - analyze_predictions:161 - Analyzing predictions for 1757 examples (val mode)
2025-10-07 16:52:44 - evaluator.prediction_analyzer - INFO - __enter__:121 - Starting: Prediction analysis (val)
2025-10-07 16:52:44 - evaluator.prediction_analyzer - INFO - __exit__:128 - Completed: Prediction analysis (val) (took 0.00s)
2025-10-07 16:52:44 - evaluator.prediction_analyzer - INFO - _log_analysis_summary:267 - === PREDICTION ANALYSIS SUMMARY (VAL) ===
2025-10-07 16:52:44 - evaluator.prediction_analyzer - INFO - _log_analysis_summary:276 - Ground truth items per example: avg=2.2, min=1, max=3
2025-10-07 16:52:44 - evaluator.prediction_analyzer - INFO - _log_analysis_summary:282 - Epoch range: 0 - 55
2025-10-07 16:52:44 - evaluator.prediction_analyzer - INFO - _log_analysis_summary:300 - Top-5: avg_hits=0.4, avg_recall=0.186, examples_with_hits=999/2800
2025-10-07 16:52:44 - evaluator.prediction_analyzer - INFO - _log_analysis_summary:300 - Top-10: avg_hits=0.6, avg_recall=0.283, examples_with_hits=1386/2800
2025-10-07 16:52:44 - evaluator.prediction_analyzer - INFO - _log_analysis_summary:300 - Top-20: avg_hits=0.9, avg_recall=0.428, examples_with_hits=1835/2800
2025-10-07 16:52:44 - evaluator.prediction_analyzer - INFO - _save_analysis_to_file:382 - Saved prediction analysis to: pytorch_pipeline/outputs/prediction_analysis/predictions_val_grnn_20251007_124143.json
2025-10-07 16:52:44 - evaluator.prediction_analyzer - INFO - _save_summary_statistics:429 - Saved summary statistics to: pytorch_pipeline/outputs/prediction_analysis/summary_val_grnn_20251007_124143.csv
2025-10-07 16:52:44 - evaluator.evaluator - INFO - __enter__:121 - Starting: Computing val metrics
2025-10-07 16:52:44 - evaluator.evaluator - INFO - compute_ranking_metrics:559 - === VAL METRICS SUMMARY ===
2025-10-07 16:52:44 - evaluator.evaluator - INFO - compute_ranking_metrics:561 - recall@10: 0.3010
2025-10-07 16:52:44 - evaluator.evaluator - INFO - compute_ranking_metrics:561 - recall@20: 0.4489
2025-10-07 16:52:44 - evaluator.evaluator - INFO - compute_ranking_metrics:561 - ndcg@10: 0.1990
2025-10-07 16:52:44 - evaluator.evaluator - INFO - compute_ranking_metrics:561 - ndcg@20: 0.2389
2025-10-07 16:52:44 - evaluator.evaluator - INFO - compute_ranking_metrics:561 - hit_ratio@10: 0.5202
2025-10-07 16:52:44 - evaluator.evaluator - INFO - compute_ranking_metrics:561 - hit_ratio@20: 0.6904
2025-10-07 16:52:44 - evaluator.evaluator - INFO - compute_ranking_metrics:561 - precision@10: 0.0653
2025-10-07 16:52:44 - evaluator.evaluator - INFO - compute_ranking_metrics:561 - precision@20: 0.0488
2025-10-07 16:52:44 - evaluator.evaluator - INFO - compute_ranking_metrics:562 - ===================================
2025-10-07 16:52:44 - evaluator.evaluator - INFO - __exit__:128 - Completed: Computing val metrics (took 0.08s)
2025-10-07 16:52:44 - trainer.trainer - INFO - _evaluate_with_full_ranking:663 - VAL Loss: 0.5477
2025-10-07 16:52:44 - trainer.trainer - INFO - __exit__:128 - Completed: Evaluation (val) (took 27.75s)
2025-10-07 16:52:44 - trainer.trainer - INFO - log_training_metrics:163 - Epoch  55 [combined] - train_loss: 0.5715 | train_recall@10: 0.2014 | train_recall@20: 0.3233 | train_ndcg@10: 0.1507 | train_ndcg@20: 0.1906 | train_hit_ratio@10: 0.6325 | train_hit_ratio@20: 0.8345 | train_precision@10: 0.0797 | train_precision@20: 0.0641 | recall@10: 0.3010 | recall@20: 0.4489 | ndcg@10: 0.1990 | ndcg@20: 0.2389 | hit_ratio@10: 0.5202 | hit_ratio@20: 0.6904 | precision@10: 0.0653 | precision@20: 0.0488 | val_loss: 0.5477
2025-10-07 16:52:44 - trainer.trainer - INFO - __enter__:121 - Starting: Evaluation (test)
2025-10-07 16:52:44 - trainer.trainer - INFO - _evaluate_with_full_ranking:546 - Built training item mapping for 1668 users
2025-10-07 16:53:09 - trainer.trainer - INFO - _evaluate_with_full_ranking:578 - Found 1757 unique user-basket pairs for evaluation
2025-10-07 16:53:12 - evaluator.prediction_analyzer - INFO - analyze_predictions:161 - Analyzing predictions for 1757 examples (test mode)
2025-10-07 16:53:12 - evaluator.prediction_analyzer - INFO - __enter__:121 - Starting: Prediction analysis (test)
2025-10-07 16:53:12 - evaluator.prediction_analyzer - INFO - __exit__:128 - Completed: Prediction analysis (test) (took 0.00s)
2025-10-07 16:53:12 - evaluator.prediction_analyzer - INFO - _log_analysis_summary:267 - === PREDICTION ANALYSIS SUMMARY (TEST) ===
2025-10-07 16:53:12 - evaluator.prediction_analyzer - INFO - _log_analysis_summary:276 - Ground truth items per example: avg=2.2, min=1, max=3
2025-10-07 16:53:12 - evaluator.prediction_analyzer - INFO - _log_analysis_summary:282 - Epoch range: 10 - 55
2025-10-07 16:53:12 - evaluator.prediction_analyzer - INFO - _log_analysis_summary:300 - Top-5: avg_hits=0.5, avg_recall=0.215, examples_with_hits=948/2300
2025-10-07 16:53:12 - evaluator.prediction_analyzer - INFO - _log_analysis_summary:300 - Top-10: avg_hits=0.7, avg_recall=0.316, examples_with_hits=1258/2300
2025-10-07 16:53:12 - evaluator.prediction_analyzer - INFO - _log_analysis_summary:300 - Top-20: avg_hits=1.0, avg_recall=0.461, examples_with_hits=1597/2300
2025-10-07 16:53:12 - evaluator.prediction_analyzer - INFO - _save_analysis_to_file:382 - Saved prediction analysis to: pytorch_pipeline/outputs/prediction_analysis/predictions_test_grnn_20251007_124143.json
2025-10-07 16:53:12 - evaluator.prediction_analyzer - INFO - _save_summary_statistics:429 - Saved summary statistics to: pytorch_pipeline/outputs/prediction_analysis/summary_test_grnn_20251007_124143.csv
2025-10-07 16:53:12 - evaluator.prediction_analyzer - INFO - show_detailed_examples:321 - === DETAILED PREDICTION EXAMPLES (TEST) ===
2025-10-07 16:53:12 - evaluator.prediction_analyzer - INFO - _show_single_example:333 - 
--- Example 1 (next-basket prediction) ---
2025-10-07 16:53:12 - evaluator.prediction_analyzer - INFO - _show_single_example:334 - User ID: 0, Basket ID: 3
2025-10-07 16:53:12 - evaluator.prediction_analyzer - INFO - _show_single_example:338 - Ground Truth (3 items): ['0', '64', '4']
2025-10-07 16:53:12 - evaluator.prediction_analyzer - INFO - _show_single_example:352 - 
Top-5 Predictions:
2025-10-07 16:53:12 - evaluator.prediction_analyzer - INFO - _show_single_example:354 -   Predicted: ['37', '17', '4', '23', '49']
2025-10-07 16:53:12 - evaluator.prediction_analyzer - INFO - _show_single_example:360 -   ✓ Hits (1): ['4']
2025-10-07 16:53:12 - evaluator.prediction_analyzer - INFO - _show_single_example:363 -   Metrics: Recall=0.333, Precision=0.200
2025-10-07 16:53:12 - evaluator.prediction_analyzer - INFO - _show_single_example:352 - 
Top-10 Predictions:
2025-10-07 16:53:12 - evaluator.prediction_analyzer - INFO - _show_single_example:354 -   Predicted: ['37', '17', '4', '23', '49', '22', '3', '10', '70', '2']
2025-10-07 16:53:12 - evaluator.prediction_analyzer - INFO - _show_single_example:360 -   ✓ Hits (1): ['4']
2025-10-07 16:53:12 - evaluator.prediction_analyzer - INFO - _show_single_example:363 -   Metrics: Recall=0.333, Precision=0.100
2025-10-07 16:53:12 - evaluator.prediction_analyzer - INFO - _show_single_example:352 - 
Top-20 Predictions:
2025-10-07 16:53:12 - evaluator.prediction_analyzer - INFO - _show_single_example:354 -   Predicted: ['37', '17', '4', '23', '49', '22', '3', '10', '70', '2', '114', '11', '0', '65', '74', '68', '113', '59', '16', '21']
2025-10-07 16:53:12 - evaluator.prediction_analyzer - INFO - _show_single_example:360 -   ✓ Hits (2): ['4', '0']
2025-10-07 16:53:12 - evaluator.prediction_analyzer - INFO - _show_single_example:363 -   Metrics: Recall=0.667, Precision=0.100
2025-10-07 16:53:12 - evaluator.prediction_analyzer - INFO - _show_single_example:333 - 
--- Example 2 (next-basket prediction) ---
2025-10-07 16:53:12 - evaluator.prediction_analyzer - INFO - _show_single_example:334 - User ID: 2, Basket ID: 12
2025-10-07 16:53:12 - evaluator.prediction_analyzer - INFO - _show_single_example:338 - Ground Truth (3 items): ['33', '2', '3']
2025-10-07 16:53:12 - evaluator.prediction_analyzer - INFO - _show_single_example:352 - 
Top-5 Predictions:
2025-10-07 16:53:12 - evaluator.prediction_analyzer - INFO - _show_single_example:354 -   Predicted: ['37', '17', '4', '23', '1']
2025-10-07 16:53:12 - evaluator.prediction_analyzer - INFO - _show_single_example:365 -   ✗ No hits in top-5
2025-10-07 16:53:12 - evaluator.prediction_analyzer - INFO - _show_single_example:352 - 
Top-10 Predictions:
2025-10-07 16:53:12 - evaluator.prediction_analyzer - INFO - _show_single_example:354 -   Predicted: ['37', '17', '4', '23', '1', '49', '3', '10', '70', '2']
2025-10-07 16:53:12 - evaluator.prediction_analyzer - INFO - _show_single_example:360 -   ✓ Hits (2): ['3', '2']
2025-10-07 16:53:12 - evaluator.prediction_analyzer - INFO - _show_single_example:363 -   Metrics: Recall=0.667, Precision=0.200
2025-10-07 16:53:12 - evaluator.prediction_analyzer - INFO - _show_single_example:352 - 
Top-20 Predictions:
2025-10-07 16:53:12 - evaluator.prediction_analyzer - INFO - _show_single_example:354 -   Predicted: ['37', '17', '4', '23', '1', '49', '3', '10', '70', '2', '114', '0', '65', '74', '68', '113', '59', '16', '21', '19']
2025-10-07 16:53:12 - evaluator.prediction_analyzer - INFO - _show_single_example:360 -   ✓ Hits (2): ['3', '2']
2025-10-07 16:53:12 - evaluator.prediction_analyzer - INFO - _show_single_example:363 -   Metrics: Recall=0.667, Precision=0.100
2025-10-07 16:53:12 - evaluator.prediction_analyzer - INFO - _show_single_example:333 - 
--- Example 3 (next-basket prediction) ---
2025-10-07 16:53:12 - evaluator.prediction_analyzer - INFO - _show_single_example:334 - User ID: 3, Basket ID: 15
2025-10-07 16:53:12 - evaluator.prediction_analyzer - INFO - _show_single_example:338 - Ground Truth (3 items): ['65', '3', '70']
2025-10-07 16:53:12 - evaluator.prediction_analyzer - INFO - _show_single_example:352 - 
Top-5 Predictions:
2025-10-07 16:53:12 - evaluator.prediction_analyzer - INFO - _show_single_example:354 -   Predicted: ['17', '4', '23', '1', '49']
2025-10-07 16:53:12 - evaluator.prediction_analyzer - INFO - _show_single_example:365 -   ✗ No hits in top-5
2025-10-07 16:53:12 - evaluator.prediction_analyzer - INFO - _show_single_example:352 - 
Top-10 Predictions:
2025-10-07 16:53:12 - evaluator.prediction_analyzer - INFO - _show_single_example:354 -   Predicted: ['17', '4', '23', '1', '49', '22', '3', '10', '70', '2']
2025-10-07 16:53:12 - evaluator.prediction_analyzer - INFO - _show_single_example:360 -   ✓ Hits (2): ['3', '70']
2025-10-07 16:53:12 - evaluator.prediction_analyzer - INFO - _show_single_example:363 -   Metrics: Recall=0.667, Precision=0.200
2025-10-07 16:53:12 - evaluator.prediction_analyzer - INFO - _show_single_example:352 - 
Top-20 Predictions:
2025-10-07 16:53:12 - evaluator.prediction_analyzer - INFO - _show_single_example:354 -   Predicted: ['17', '4', '23', '1', '49', '22', '3', '10', '70', '2', '114', '11', '0', '65', '74', '68', '113', '59', '16', '21']
2025-10-07 16:53:12 - evaluator.prediction_analyzer - INFO - _show_single_example:360 -   ✓ Hits (3): ['3', '70', '65']
2025-10-07 16:53:12 - evaluator.prediction_analyzer - INFO - _show_single_example:363 -   Metrics: Recall=1.000, Precision=0.150
2025-10-07 16:53:12 - evaluator.prediction_analyzer - INFO - show_detailed_examples:327 - ============================================================
2025-10-07 16:53:12 - evaluator.evaluator - INFO - __enter__:121 - Starting: Computing test metrics
2025-10-07 16:53:12 - evaluator.evaluator - INFO - compute_ranking_metrics:559 - === TEST METRICS SUMMARY ===
2025-10-07 16:53:12 - evaluator.evaluator - INFO - compute_ranking_metrics:561 - recall@10: 0.3024
2025-10-07 16:53:12 - evaluator.evaluator - INFO - compute_ranking_metrics:561 - recall@20: 0.4519
2025-10-07 16:53:12 - evaluator.evaluator - INFO - compute_ranking_metrics:561 - ndcg@10: 0.2006
2025-10-07 16:53:12 - evaluator.evaluator - INFO - compute_ranking_metrics:561 - ndcg@20: 0.2409
2025-10-07 16:53:12 - evaluator.evaluator - INFO - compute_ranking_metrics:561 - hit_ratio@10: 0.5253
2025-10-07 16:53:12 - evaluator.evaluator - INFO - compute_ranking_metrics:561 - hit_ratio@20: 0.6938
2025-10-07 16:53:12 - evaluator.evaluator - INFO - compute_ranking_metrics:561 - precision@10: 0.0656
2025-10-07 16:53:12 - evaluator.evaluator - INFO - compute_ranking_metrics:561 - precision@20: 0.0491
2025-10-07 16:53:12 - evaluator.evaluator - INFO - compute_ranking_metrics:562 - ===================================
2025-10-07 16:53:12 - evaluator.evaluator - INFO - __exit__:128 - Completed: Computing test metrics (took 0.08s)
2025-10-07 16:53:12 - trainer.trainer - INFO - _evaluate_with_full_ranking:663 - TEST Loss: 0.5417
2025-10-07 16:53:12 - trainer.trainer - INFO - __exit__:128 - Completed: Evaluation (test) (took 27.50s)
2025-10-07 16:53:12 - trainer.trainer - INFO - _train_epoch:353 - Training metrics computation disabled
2025-10-07 16:53:12 - trainer.trainer - INFO - __enter__:121 - Starting: Training epoch 56
2025-10-07 16:53:47 - trainer.trainer - INFO - __exit__:128 - Completed: Training epoch 56 (took 34.80s)
2025-10-07 16:53:47 - trainer.trainer - INFO - _train_epoch:417 - Computing training ranking metrics from 1668 user-basket pairs
2025-10-07 16:53:51 - evaluator.evaluator - INFO - __enter__:121 - Starting: Computing train metrics
2025-10-07 16:53:51 - evaluator.evaluator - INFO - compute_ranking_metrics:559 - === TRAIN METRICS SUMMARY ===
2025-10-07 16:53:51 - evaluator.evaluator - INFO - compute_ranking_metrics:561 - recall@10: 0.2019
2025-10-07 16:53:51 - evaluator.evaluator - INFO - compute_ranking_metrics:561 - recall@20: 0.3228
2025-10-07 16:53:51 - evaluator.evaluator - INFO - compute_ranking_metrics:561 - ndcg@10: 0.1509
2025-10-07 16:53:51 - evaluator.evaluator - INFO - compute_ranking_metrics:561 - ndcg@20: 0.1904
2025-10-07 16:53:51 - evaluator.evaluator - INFO - compute_ranking_metrics:561 - hit_ratio@10: 0.6331
2025-10-07 16:53:51 - evaluator.evaluator - INFO - compute_ranking_metrics:561 - hit_ratio@20: 0.8333
2025-10-07 16:53:51 - evaluator.evaluator - INFO - compute_ranking_metrics:561 - precision@10: 0.0800
2025-10-07 16:53:51 - evaluator.evaluator - INFO - compute_ranking_metrics:561 - precision@20: 0.0640
2025-10-07 16:53:51 - evaluator.evaluator - INFO - compute_ranking_metrics:562 - ===================================
2025-10-07 16:53:51 - evaluator.evaluator - INFO - __exit__:128 - Completed: Computing train metrics (took 0.07s)
2025-10-07 16:53:51 - trainer.trainer - INFO - _train_epoch:424 - Training metrics computed: ['recall@10', 'recall@20', 'ndcg@10', 'ndcg@20', 'hit_ratio@10', 'hit_ratio@20', 'precision@10', 'precision@20']
2025-10-07 16:53:51 - trainer.trainer - INFO - __enter__:121 - Starting: Evaluation (val)
2025-10-07 16:53:51 - trainer.trainer - INFO - _evaluate_with_full_ranking:546 - Built training item mapping for 1668 users
2025-10-07 16:54:16 - trainer.trainer - INFO - _evaluate_with_full_ranking:578 - Found 1757 unique user-basket pairs for evaluation
2025-10-07 16:54:19 - evaluator.prediction_analyzer - INFO - analyze_predictions:161 - Analyzing predictions for 1757 examples (val mode)
2025-10-07 16:54:19 - evaluator.prediction_analyzer - INFO - __enter__:121 - Starting: Prediction analysis (val)
2025-10-07 16:54:19 - evaluator.prediction_analyzer - INFO - __exit__:128 - Completed: Prediction analysis (val) (took 0.00s)
2025-10-07 16:54:19 - evaluator.prediction_analyzer - INFO - _log_analysis_summary:267 - === PREDICTION ANALYSIS SUMMARY (VAL) ===
2025-10-07 16:54:19 - evaluator.prediction_analyzer - INFO - _log_analysis_summary:276 - Ground truth items per example: avg=2.2, min=1, max=3
2025-10-07 16:54:19 - evaluator.prediction_analyzer - INFO - _log_analysis_summary:282 - Epoch range: 0 - 56
2025-10-07 16:54:19 - evaluator.prediction_analyzer - INFO - _log_analysis_summary:300 - Top-5: avg_hits=0.4, avg_recall=0.186, examples_with_hits=1016/2850
2025-10-07 16:54:19 - evaluator.prediction_analyzer - INFO - _log_analysis_summary:300 - Top-10: avg_hits=0.6, avg_recall=0.283, examples_with_hits=1409/2850
2025-10-07 16:54:19 - evaluator.prediction_analyzer - INFO - _log_analysis_summary:300 - Top-20: avg_hits=0.9, avg_recall=0.427, examples_with_hits=1865/2850
2025-10-07 16:54:19 - evaluator.prediction_analyzer - INFO - _save_analysis_to_file:382 - Saved prediction analysis to: pytorch_pipeline/outputs/prediction_analysis/predictions_val_grnn_20251007_124143.json
2025-10-07 16:54:19 - evaluator.prediction_analyzer - INFO - _save_summary_statistics:429 - Saved summary statistics to: pytorch_pipeline/outputs/prediction_analysis/summary_val_grnn_20251007_124143.csv
2025-10-07 16:54:19 - evaluator.evaluator - INFO - __enter__:121 - Starting: Computing val metrics
2025-10-07 16:54:19 - evaluator.evaluator - INFO - compute_ranking_metrics:559 - === VAL METRICS SUMMARY ===
2025-10-07 16:54:19 - evaluator.evaluator - INFO - compute_ranking_metrics:561 - recall@10: 0.3023
2025-10-07 16:54:19 - evaluator.evaluator - INFO - compute_ranking_metrics:561 - recall@20: 0.4546
2025-10-07 16:54:19 - evaluator.evaluator - INFO - compute_ranking_metrics:561 - ndcg@10: 0.2012
2025-10-07 16:54:19 - evaluator.evaluator - INFO - compute_ranking_metrics:561 - ndcg@20: 0.2424
2025-10-07 16:54:19 - evaluator.evaluator - INFO - compute_ranking_metrics:561 - hit_ratio@10: 0.5242
2025-10-07 16:54:19 - evaluator.evaluator - INFO - compute_ranking_metrics:561 - hit_ratio@20: 0.6995
2025-10-07 16:54:19 - evaluator.evaluator - INFO - compute_ranking_metrics:561 - precision@10: 0.0655
2025-10-07 16:54:19 - evaluator.evaluator - INFO - compute_ranking_metrics:561 - precision@20: 0.0494
2025-10-07 16:54:19 - evaluator.evaluator - INFO - compute_ranking_metrics:562 - ===================================
2025-10-07 16:54:19 - evaluator.evaluator - INFO - __exit__:128 - Completed: Computing val metrics (took 0.08s)
2025-10-07 16:54:19 - trainer.trainer - INFO - _evaluate_with_full_ranking:663 - VAL Loss: 0.5364
2025-10-07 16:54:19 - trainer.trainer - INFO - __exit__:128 - Completed: Evaluation (val) (took 27.59s)
2025-10-07 16:54:19 - trainer.trainer - INFO - log_training_metrics:163 - Epoch  56 [combined] - train_loss: 0.5644 | train_recall@10: 0.2019 | train_recall@20: 0.3228 | train_ndcg@10: 0.1509 | train_ndcg@20: 0.1904 | train_hit_ratio@10: 0.6331 | train_hit_ratio@20: 0.8333 | train_precision@10: 0.0800 | train_precision@20: 0.0640 | recall@10: 0.3023 | recall@20: 0.4546 | ndcg@10: 0.2012 | ndcg@20: 0.2424 | hit_ratio@10: 0.5242 | hit_ratio@20: 0.6995 | precision@10: 0.0655 | precision@20: 0.0494 | val_loss: 0.5364
2025-10-07 16:54:19 - trainer.trainer - INFO - __enter__:121 - Starting: Evaluation (test)
2025-10-07 16:54:19 - trainer.trainer - INFO - _evaluate_with_full_ranking:546 - Built training item mapping for 1668 users
2025-10-07 16:54:44 - trainer.trainer - INFO - _evaluate_with_full_ranking:578 - Found 1757 unique user-basket pairs for evaluation
2025-10-07 16:54:47 - evaluator.prediction_analyzer - INFO - analyze_predictions:161 - Analyzing predictions for 1757 examples (test mode)
2025-10-07 16:54:47 - evaluator.prediction_analyzer - INFO - __enter__:121 - Starting: Prediction analysis (test)
2025-10-07 16:54:47 - evaluator.prediction_analyzer - INFO - __exit__:128 - Completed: Prediction analysis (test) (took 0.00s)
2025-10-07 16:54:47 - evaluator.prediction_analyzer - INFO - _log_analysis_summary:267 - === PREDICTION ANALYSIS SUMMARY (TEST) ===
2025-10-07 16:54:47 - evaluator.prediction_analyzer - INFO - _log_analysis_summary:276 - Ground truth items per example: avg=2.2, min=1, max=3
2025-10-07 16:54:47 - evaluator.prediction_analyzer - INFO - _log_analysis_summary:282 - Epoch range: 10 - 56
2025-10-07 16:54:47 - evaluator.prediction_analyzer - INFO - _log_analysis_summary:300 - Top-5: avg_hits=0.5, avg_recall=0.215, examples_with_hits=966/2350
2025-10-07 16:54:47 - evaluator.prediction_analyzer - INFO - _log_analysis_summary:300 - Top-10: avg_hits=0.7, avg_recall=0.315, examples_with_hits=1282/2350
2025-10-07 16:54:47 - evaluator.prediction_analyzer - INFO - _log_analysis_summary:300 - Top-20: avg_hits=1.0, avg_recall=0.460, examples_with_hits=1628/2350
2025-10-07 16:54:47 - evaluator.prediction_analyzer - INFO - _save_analysis_to_file:382 - Saved prediction analysis to: pytorch_pipeline/outputs/prediction_analysis/predictions_test_grnn_20251007_124143.json
2025-10-07 16:54:47 - evaluator.prediction_analyzer - INFO - _save_summary_statistics:429 - Saved summary statistics to: pytorch_pipeline/outputs/prediction_analysis/summary_test_grnn_20251007_124143.csv
2025-10-07 16:54:47 - evaluator.prediction_analyzer - INFO - show_detailed_examples:321 - === DETAILED PREDICTION EXAMPLES (TEST) ===
2025-10-07 16:54:47 - evaluator.prediction_analyzer - INFO - _show_single_example:333 - 
--- Example 1 (next-basket prediction) ---
2025-10-07 16:54:47 - evaluator.prediction_analyzer - INFO - _show_single_example:334 - User ID: 0, Basket ID: 3
2025-10-07 16:54:47 - evaluator.prediction_analyzer - INFO - _show_single_example:338 - Ground Truth (3 items): ['0', '64', '4']
2025-10-07 16:54:47 - evaluator.prediction_analyzer - INFO - _show_single_example:352 - 
Top-5 Predictions:
2025-10-07 16:54:47 - evaluator.prediction_analyzer - INFO - _show_single_example:354 -   Predicted: ['37', '17', '4', '23', '49']
2025-10-07 16:54:47 - evaluator.prediction_analyzer - INFO - _show_single_example:360 -   ✓ Hits (1): ['4']
2025-10-07 16:54:47 - evaluator.prediction_analyzer - INFO - _show_single_example:363 -   Metrics: Recall=0.333, Precision=0.200
2025-10-07 16:54:47 - evaluator.prediction_analyzer - INFO - _show_single_example:352 - 
Top-10 Predictions:
2025-10-07 16:54:47 - evaluator.prediction_analyzer - INFO - _show_single_example:354 -   Predicted: ['37', '17', '4', '23', '49', '22', '3', '10', '70', '2']
2025-10-07 16:54:47 - evaluator.prediction_analyzer - INFO - _show_single_example:360 -   ✓ Hits (1): ['4']
2025-10-07 16:54:47 - evaluator.prediction_analyzer - INFO - _show_single_example:363 -   Metrics: Recall=0.333, Precision=0.100
2025-10-07 16:54:47 - evaluator.prediction_analyzer - INFO - _show_single_example:352 - 
Top-20 Predictions:
2025-10-07 16:54:47 - evaluator.prediction_analyzer - INFO - _show_single_example:354 -   Predicted: ['37', '17', '4', '23', '49', '22', '3', '10', '70', '2', '114', '11', '0', '65', '74', '68', '113', '59', '16', '21']
2025-10-07 16:54:47 - evaluator.prediction_analyzer - INFO - _show_single_example:360 -   ✓ Hits (2): ['4', '0']
2025-10-07 16:54:47 - evaluator.prediction_analyzer - INFO - _show_single_example:363 -   Metrics: Recall=0.667, Precision=0.100
2025-10-07 16:54:47 - evaluator.prediction_analyzer - INFO - _show_single_example:333 - 
--- Example 2 (next-basket prediction) ---
2025-10-07 16:54:47 - evaluator.prediction_analyzer - INFO - _show_single_example:334 - User ID: 2, Basket ID: 12
2025-10-07 16:54:47 - evaluator.prediction_analyzer - INFO - _show_single_example:338 - Ground Truth (3 items): ['33', '2', '3']
2025-10-07 16:54:47 - evaluator.prediction_analyzer - INFO - _show_single_example:352 - 
Top-5 Predictions:
2025-10-07 16:54:47 - evaluator.prediction_analyzer - INFO - _show_single_example:354 -   Predicted: ['37', '17', '4', '23', '1']
2025-10-07 16:54:47 - evaluator.prediction_analyzer - INFO - _show_single_example:365 -   ✗ No hits in top-5
2025-10-07 16:54:47 - evaluator.prediction_analyzer - INFO - _show_single_example:352 - 
Top-10 Predictions:
2025-10-07 16:54:47 - evaluator.prediction_analyzer - INFO - _show_single_example:354 -   Predicted: ['37', '17', '4', '23', '1', '49', '3', '10', '70', '2']
2025-10-07 16:54:47 - evaluator.prediction_analyzer - INFO - _show_single_example:360 -   ✓ Hits (2): ['3', '2']
2025-10-07 16:54:47 - evaluator.prediction_analyzer - INFO - _show_single_example:363 -   Metrics: Recall=0.667, Precision=0.200
2025-10-07 16:54:47 - evaluator.prediction_analyzer - INFO - _show_single_example:352 - 
Top-20 Predictions:
2025-10-07 16:54:47 - evaluator.prediction_analyzer - INFO - _show_single_example:354 -   Predicted: ['37', '17', '4', '23', '1', '49', '3', '10', '70', '2', '114', '0', '65', '74', '68', '113', '59', '16', '21', '19']
2025-10-07 16:54:47 - evaluator.prediction_analyzer - INFO - _show_single_example:360 -   ✓ Hits (2): ['3', '2']
2025-10-07 16:54:47 - evaluator.prediction_analyzer - INFO - _show_single_example:363 -   Metrics: Recall=0.667, Precision=0.100
2025-10-07 16:54:47 - evaluator.prediction_analyzer - INFO - _show_single_example:333 - 
--- Example 3 (next-basket prediction) ---
2025-10-07 16:54:47 - evaluator.prediction_analyzer - INFO - _show_single_example:334 - User ID: 3, Basket ID: 15
2025-10-07 16:54:47 - evaluator.prediction_analyzer - INFO - _show_single_example:338 - Ground Truth (3 items): ['65', '3', '70']
2025-10-07 16:54:47 - evaluator.prediction_analyzer - INFO - _show_single_example:352 - 
Top-5 Predictions:
2025-10-07 16:54:47 - evaluator.prediction_analyzer - INFO - _show_single_example:354 -   Predicted: ['17', '4', '23', '1', '49']
2025-10-07 16:54:47 - evaluator.prediction_analyzer - INFO - _show_single_example:365 -   ✗ No hits in top-5
2025-10-07 16:54:47 - evaluator.prediction_analyzer - INFO - _show_single_example:352 - 
Top-10 Predictions:
2025-10-07 16:54:47 - evaluator.prediction_analyzer - INFO - _show_single_example:354 -   Predicted: ['17', '4', '23', '1', '49', '22', '3', '10', '70', '2']
2025-10-07 16:54:47 - evaluator.prediction_analyzer - INFO - _show_single_example:360 -   ✓ Hits (2): ['3', '70']
2025-10-07 16:54:47 - evaluator.prediction_analyzer - INFO - _show_single_example:363 -   Metrics: Recall=0.667, Precision=0.200
2025-10-07 16:54:47 - evaluator.prediction_analyzer - INFO - _show_single_example:352 - 
Top-20 Predictions:
2025-10-07 16:54:47 - evaluator.prediction_analyzer - INFO - _show_single_example:354 -   Predicted: ['17', '4', '23', '1', '49', '22', '3', '10', '70', '2', '114', '11', '0', '65', '74', '68', '113', '59', '16', '21']
2025-10-07 16:54:47 - evaluator.prediction_analyzer - INFO - _show_single_example:360 -   ✓ Hits (3): ['3', '70', '65']
2025-10-07 16:54:47 - evaluator.prediction_analyzer - INFO - _show_single_example:363 -   Metrics: Recall=1.000, Precision=0.150
2025-10-07 16:54:47 - evaluator.prediction_analyzer - INFO - show_detailed_examples:327 - ============================================================
2025-10-07 16:54:47 - evaluator.evaluator - INFO - __enter__:121 - Starting: Computing test metrics
2025-10-07 16:54:47 - evaluator.evaluator - INFO - compute_ranking_metrics:559 - === TEST METRICS SUMMARY ===
2025-10-07 16:54:47 - evaluator.evaluator - INFO - compute_ranking_metrics:561 - recall@10: 0.3054
2025-10-07 16:54:47 - evaluator.evaluator - INFO - compute_ranking_metrics:561 - recall@20: 0.4554
2025-10-07 16:54:47 - evaluator.evaluator - INFO - compute_ranking_metrics:561 - ndcg@10: 0.2032
2025-10-07 16:54:47 - evaluator.evaluator - INFO - compute_ranking_metrics:561 - ndcg@20: 0.2437
2025-10-07 16:54:47 - evaluator.evaluator - INFO - compute_ranking_metrics:561 - hit_ratio@10: 0.5304
2025-10-07 16:54:47 - evaluator.evaluator - INFO - compute_ranking_metrics:561 - hit_ratio@20: 0.7006
2025-10-07 16:54:47 - evaluator.evaluator - INFO - compute_ranking_metrics:561 - precision@10: 0.0663
2025-10-07 16:54:47 - evaluator.evaluator - INFO - compute_ranking_metrics:561 - precision@20: 0.0495
2025-10-07 16:54:47 - evaluator.evaluator - INFO - compute_ranking_metrics:562 - ===================================
2025-10-07 16:54:47 - evaluator.evaluator - INFO - __exit__:128 - Completed: Computing test metrics (took 0.08s)
2025-10-07 16:54:47 - trainer.trainer - INFO - _evaluate_with_full_ranking:663 - TEST Loss: 0.5446
2025-10-07 16:54:47 - trainer.trainer - INFO - __exit__:128 - Completed: Evaluation (test) (took 27.89s)
2025-10-07 16:54:47 - trainer.trainer - INFO - _train_epoch:353 - Training metrics computation disabled
2025-10-07 16:54:47 - trainer.trainer - INFO - __enter__:121 - Starting: Training epoch 57
2025-10-07 16:55:22 - trainer.trainer - INFO - __exit__:128 - Completed: Training epoch 57 (took 34.92s)
2025-10-07 16:55:22 - trainer.trainer - INFO - _train_epoch:417 - Computing training ranking metrics from 1668 user-basket pairs
2025-10-07 16:55:26 - evaluator.evaluator - INFO - __enter__:121 - Starting: Computing train metrics
2025-10-07 16:55:26 - evaluator.evaluator - INFO - compute_ranking_metrics:559 - === TRAIN METRICS SUMMARY ===
2025-10-07 16:55:26 - evaluator.evaluator - INFO - compute_ranking_metrics:561 - recall@10: 0.2039
2025-10-07 16:55:26 - evaluator.evaluator - INFO - compute_ranking_metrics:561 - recall@20: 0.3245
2025-10-07 16:55:26 - evaluator.evaluator - INFO - compute_ranking_metrics:561 - ndcg@10: 0.1517
2025-10-07 16:55:26 - evaluator.evaluator - INFO - compute_ranking_metrics:561 - ndcg@20: 0.1911
2025-10-07 16:55:26 - evaluator.evaluator - INFO - compute_ranking_metrics:561 - hit_ratio@10: 0.6463
2025-10-07 16:55:26 - evaluator.evaluator - INFO - compute_ranking_metrics:561 - hit_ratio@20: 0.8381
2025-10-07 16:55:26 - evaluator.evaluator - INFO - compute_ranking_metrics:561 - precision@10: 0.0806
2025-10-07 16:55:26 - evaluator.evaluator - INFO - compute_ranking_metrics:561 - precision@20: 0.0643
2025-10-07 16:55:26 - evaluator.evaluator - INFO - compute_ranking_metrics:562 - ===================================
2025-10-07 16:55:26 - evaluator.evaluator - INFO - __exit__:128 - Completed: Computing train metrics (took 0.08s)
2025-10-07 16:55:26 - trainer.trainer - INFO - _train_epoch:424 - Training metrics computed: ['recall@10', 'recall@20', 'ndcg@10', 'ndcg@20', 'hit_ratio@10', 'hit_ratio@20', 'precision@10', 'precision@20']
2025-10-07 16:55:26 - trainer.trainer - INFO - __enter__:121 - Starting: Evaluation (val)
2025-10-07 16:55:26 - trainer.trainer - INFO - _evaluate_with_full_ranking:546 - Built training item mapping for 1668 users
2025-10-07 16:55:51 - trainer.trainer - INFO - _evaluate_with_full_ranking:578 - Found 1757 unique user-basket pairs for evaluation
2025-10-07 16:55:54 - evaluator.prediction_analyzer - INFO - analyze_predictions:161 - Analyzing predictions for 1757 examples (val mode)
2025-10-07 16:55:54 - evaluator.prediction_analyzer - INFO - __enter__:121 - Starting: Prediction analysis (val)
2025-10-07 16:55:54 - evaluator.prediction_analyzer - INFO - __exit__:128 - Completed: Prediction analysis (val) (took 0.00s)
2025-10-07 16:55:54 - evaluator.prediction_analyzer - INFO - _log_analysis_summary:267 - === PREDICTION ANALYSIS SUMMARY (VAL) ===
2025-10-07 16:55:54 - evaluator.prediction_analyzer - INFO - _log_analysis_summary:276 - Ground truth items per example: avg=2.2, min=1, max=3
2025-10-07 16:55:54 - evaluator.prediction_analyzer - INFO - _log_analysis_summary:282 - Epoch range: 0 - 57
2025-10-07 16:55:54 - evaluator.prediction_analyzer - INFO - _log_analysis_summary:300 - Top-5: avg_hits=0.4, avg_recall=0.185, examples_with_hits=1033/2900
2025-10-07 16:55:54 - evaluator.prediction_analyzer - INFO - _log_analysis_summary:300 - Top-10: avg_hits=0.6, avg_recall=0.282, examples_with_hits=1432/2900
2025-10-07 16:55:54 - evaluator.prediction_analyzer - INFO - _log_analysis_summary:300 - Top-20: avg_hits=0.9, avg_recall=0.427, examples_with_hits=1895/2900
2025-10-07 16:55:54 - evaluator.prediction_analyzer - INFO - _save_analysis_to_file:382 - Saved prediction analysis to: pytorch_pipeline/outputs/prediction_analysis/predictions_val_grnn_20251007_124143.json
2025-10-07 16:55:54 - evaluator.prediction_analyzer - INFO - _save_summary_statistics:429 - Saved summary statistics to: pytorch_pipeline/outputs/prediction_analysis/summary_val_grnn_20251007_124143.csv
2025-10-07 16:55:54 - evaluator.evaluator - INFO - __enter__:121 - Starting: Computing val metrics
2025-10-07 16:55:54 - evaluator.evaluator - INFO - compute_ranking_metrics:559 - === VAL METRICS SUMMARY ===
2025-10-07 16:55:54 - evaluator.evaluator - INFO - compute_ranking_metrics:561 - recall@10: 0.3019
2025-10-07 16:55:54 - evaluator.evaluator - INFO - compute_ranking_metrics:561 - recall@20: 0.4539
2025-10-07 16:55:54 - evaluator.evaluator - INFO - compute_ranking_metrics:561 - ndcg@10: 0.1988
2025-10-07 16:55:54 - evaluator.evaluator - INFO - compute_ranking_metrics:561 - ndcg@20: 0.2399
2025-10-07 16:55:54 - evaluator.evaluator - INFO - compute_ranking_metrics:561 - hit_ratio@10: 0.5225
2025-10-07 16:55:54 - evaluator.evaluator - INFO - compute_ranking_metrics:561 - hit_ratio@20: 0.6972
2025-10-07 16:55:54 - evaluator.evaluator - INFO - compute_ranking_metrics:561 - precision@10: 0.0655
2025-10-07 16:55:54 - evaluator.evaluator - INFO - compute_ranking_metrics:561 - precision@20: 0.0494
2025-10-07 16:55:54 - evaluator.evaluator - INFO - compute_ranking_metrics:562 - ===================================
2025-10-07 16:55:54 - evaluator.evaluator - INFO - __exit__:128 - Completed: Computing val metrics (took 0.08s)
2025-10-07 16:55:54 - trainer.trainer - INFO - _evaluate_with_full_ranking:663 - VAL Loss: 0.5386
2025-10-07 16:55:54 - trainer.trainer - INFO - __exit__:128 - Completed: Evaluation (val) (took 27.62s)
2025-10-07 16:55:54 - trainer.trainer - INFO - log_training_metrics:163 - Epoch  57 [combined] - train_loss: 0.5702 | train_recall@10: 0.2039 | train_recall@20: 0.3245 | train_ndcg@10: 0.1517 | train_ndcg@20: 0.1911 | train_hit_ratio@10: 0.6463 | train_hit_ratio@20: 0.8381 | train_precision@10: 0.0806 | train_precision@20: 0.0643 | recall@10: 0.3019 | recall@20: 0.4539 | ndcg@10: 0.1988 | ndcg@20: 0.2399 | hit_ratio@10: 0.5225 | hit_ratio@20: 0.6972 | precision@10: 0.0655 | precision@20: 0.0494 | val_loss: 0.5386
2025-10-07 16:55:54 - trainer.trainer - INFO - __enter__:121 - Starting: Evaluation (test)
2025-10-07 16:55:54 - trainer.trainer - INFO - _evaluate_with_full_ranking:546 - Built training item mapping for 1668 users
2025-10-07 16:56:19 - trainer.trainer - INFO - _evaluate_with_full_ranking:578 - Found 1757 unique user-basket pairs for evaluation
2025-10-07 16:56:21 - evaluator.prediction_analyzer - INFO - analyze_predictions:161 - Analyzing predictions for 1757 examples (test mode)
2025-10-07 16:56:21 - evaluator.prediction_analyzer - INFO - __enter__:121 - Starting: Prediction analysis (test)
2025-10-07 16:56:21 - evaluator.prediction_analyzer - INFO - __exit__:128 - Completed: Prediction analysis (test) (took 0.00s)
2025-10-07 16:56:21 - evaluator.prediction_analyzer - INFO - _log_analysis_summary:267 - === PREDICTION ANALYSIS SUMMARY (TEST) ===
2025-10-07 16:56:21 - evaluator.prediction_analyzer - INFO - _log_analysis_summary:276 - Ground truth items per example: avg=2.2, min=1, max=3
2025-10-07 16:56:21 - evaluator.prediction_analyzer - INFO - _log_analysis_summary:282 - Epoch range: 10 - 57
2025-10-07 16:56:21 - evaluator.prediction_analyzer - INFO - _log_analysis_summary:300 - Top-5: avg_hits=0.5, avg_recall=0.214, examples_with_hits=983/2400
2025-10-07 16:56:21 - evaluator.prediction_analyzer - INFO - _log_analysis_summary:300 - Top-10: avg_hits=0.7, avg_recall=0.313, examples_with_hits=1305/2400
2025-10-07 16:56:21 - evaluator.prediction_analyzer - INFO - _log_analysis_summary:300 - Top-20: avg_hits=1.0, avg_recall=0.459, examples_with_hits=1658/2400
2025-10-07 16:56:21 - evaluator.prediction_analyzer - INFO - _save_analysis_to_file:382 - Saved prediction analysis to: pytorch_pipeline/outputs/prediction_analysis/predictions_test_grnn_20251007_124143.json
2025-10-07 16:56:21 - evaluator.prediction_analyzer - INFO - _save_summary_statistics:429 - Saved summary statistics to: pytorch_pipeline/outputs/prediction_analysis/summary_test_grnn_20251007_124143.csv
2025-10-07 16:56:21 - evaluator.prediction_analyzer - INFO - show_detailed_examples:321 - === DETAILED PREDICTION EXAMPLES (TEST) ===
2025-10-07 16:56:21 - evaluator.prediction_analyzer - INFO - _show_single_example:333 - 
--- Example 1 (next-basket prediction) ---
2025-10-07 16:56:21 - evaluator.prediction_analyzer - INFO - _show_single_example:334 - User ID: 0, Basket ID: 3
2025-10-07 16:56:21 - evaluator.prediction_analyzer - INFO - _show_single_example:338 - Ground Truth (3 items): ['0', '64', '4']
2025-10-07 16:56:21 - evaluator.prediction_analyzer - INFO - _show_single_example:352 - 
Top-5 Predictions:
2025-10-07 16:56:21 - evaluator.prediction_analyzer - INFO - _show_single_example:354 -   Predicted: ['37', '17', '4', '23', '49']
2025-10-07 16:56:21 - evaluator.prediction_analyzer - INFO - _show_single_example:360 -   ✓ Hits (1): ['4']
2025-10-07 16:56:21 - evaluator.prediction_analyzer - INFO - _show_single_example:363 -   Metrics: Recall=0.333, Precision=0.200
2025-10-07 16:56:21 - evaluator.prediction_analyzer - INFO - _show_single_example:352 - 
Top-10 Predictions:
2025-10-07 16:56:21 - evaluator.prediction_analyzer - INFO - _show_single_example:354 -   Predicted: ['37', '17', '4', '23', '49', '22', '3', '10', '70', '2']
2025-10-07 16:56:21 - evaluator.prediction_analyzer - INFO - _show_single_example:360 -   ✓ Hits (1): ['4']
2025-10-07 16:56:21 - evaluator.prediction_analyzer - INFO - _show_single_example:363 -   Metrics: Recall=0.333, Precision=0.100
2025-10-07 16:56:21 - evaluator.prediction_analyzer - INFO - _show_single_example:352 - 
Top-20 Predictions:
2025-10-07 16:56:21 - evaluator.prediction_analyzer - INFO - _show_single_example:354 -   Predicted: ['37', '17', '4', '23', '49', '22', '3', '10', '70', '2', '114', '11', '0', '65', '74', '68', '113', '59', '16', '21']
2025-10-07 16:56:21 - evaluator.prediction_analyzer - INFO - _show_single_example:360 -   ✓ Hits (2): ['4', '0']
2025-10-07 16:56:21 - evaluator.prediction_analyzer - INFO - _show_single_example:363 -   Metrics: Recall=0.667, Precision=0.100
2025-10-07 16:56:21 - evaluator.prediction_analyzer - INFO - _show_single_example:333 - 
--- Example 2 (next-basket prediction) ---
2025-10-07 16:56:21 - evaluator.prediction_analyzer - INFO - _show_single_example:334 - User ID: 2, Basket ID: 12
2025-10-07 16:56:21 - evaluator.prediction_analyzer - INFO - _show_single_example:338 - Ground Truth (3 items): ['33', '2', '3']
2025-10-07 16:56:21 - evaluator.prediction_analyzer - INFO - _show_single_example:352 - 
Top-5 Predictions:
2025-10-07 16:56:21 - evaluator.prediction_analyzer - INFO - _show_single_example:354 -   Predicted: ['37', '17', '4', '23', '1']
2025-10-07 16:56:21 - evaluator.prediction_analyzer - INFO - _show_single_example:365 -   ✗ No hits in top-5
2025-10-07 16:56:21 - evaluator.prediction_analyzer - INFO - _show_single_example:352 - 
Top-10 Predictions:
2025-10-07 16:56:21 - evaluator.prediction_analyzer - INFO - _show_single_example:354 -   Predicted: ['37', '17', '4', '23', '1', '49', '3', '10', '70', '2']
2025-10-07 16:56:21 - evaluator.prediction_analyzer - INFO - _show_single_example:360 -   ✓ Hits (2): ['3', '2']
2025-10-07 16:56:21 - evaluator.prediction_analyzer - INFO - _show_single_example:363 -   Metrics: Recall=0.667, Precision=0.200
2025-10-07 16:56:21 - evaluator.prediction_analyzer - INFO - _show_single_example:352 - 
Top-20 Predictions:
2025-10-07 16:56:21 - evaluator.prediction_analyzer - INFO - _show_single_example:354 -   Predicted: ['37', '17', '4', '23', '1', '49', '3', '10', '70', '2', '114', '0', '65', '74', '68', '113', '59', '16', '21', '19']
2025-10-07 16:56:21 - evaluator.prediction_analyzer - INFO - _show_single_example:360 -   ✓ Hits (2): ['3', '2']
2025-10-07 16:56:21 - evaluator.prediction_analyzer - INFO - _show_single_example:363 -   Metrics: Recall=0.667, Precision=0.100
2025-10-07 16:56:21 - evaluator.prediction_analyzer - INFO - _show_single_example:333 - 
--- Example 3 (next-basket prediction) ---
2025-10-07 16:56:21 - evaluator.prediction_analyzer - INFO - _show_single_example:334 - User ID: 3, Basket ID: 15
2025-10-07 16:56:21 - evaluator.prediction_analyzer - INFO - _show_single_example:338 - Ground Truth (3 items): ['65', '3', '70']
2025-10-07 16:56:21 - evaluator.prediction_analyzer - INFO - _show_single_example:352 - 
Top-5 Predictions:
2025-10-07 16:56:21 - evaluator.prediction_analyzer - INFO - _show_single_example:354 -   Predicted: ['17', '4', '23', '1', '49']
2025-10-07 16:56:21 - evaluator.prediction_analyzer - INFO - _show_single_example:365 -   ✗ No hits in top-5
2025-10-07 16:56:21 - evaluator.prediction_analyzer - INFO - _show_single_example:352 - 
Top-10 Predictions:
2025-10-07 16:56:21 - evaluator.prediction_analyzer - INFO - _show_single_example:354 -   Predicted: ['17', '4', '23', '1', '49', '22', '3', '10', '70', '2']
2025-10-07 16:56:21 - evaluator.prediction_analyzer - INFO - _show_single_example:360 -   ✓ Hits (2): ['3', '70']
2025-10-07 16:56:21 - evaluator.prediction_analyzer - INFO - _show_single_example:363 -   Metrics: Recall=0.667, Precision=0.200
2025-10-07 16:56:21 - evaluator.prediction_analyzer - INFO - _show_single_example:352 - 
Top-20 Predictions:
2025-10-07 16:56:21 - evaluator.prediction_analyzer - INFO - _show_single_example:354 -   Predicted: ['17', '4', '23', '1', '49', '22', '3', '10', '70', '2', '114', '11', '0', '65', '74', '68', '113', '59', '16', '21']
2025-10-07 16:56:21 - evaluator.prediction_analyzer - INFO - _show_single_example:360 -   ✓ Hits (3): ['3', '70', '65']
2025-10-07 16:56:21 - evaluator.prediction_analyzer - INFO - _show_single_example:363 -   Metrics: Recall=1.000, Precision=0.150
2025-10-07 16:56:21 - evaluator.prediction_analyzer - INFO - show_detailed_examples:327 - ============================================================
2025-10-07 16:56:21 - evaluator.evaluator - INFO - __enter__:121 - Starting: Computing test metrics
2025-10-07 16:56:21 - evaluator.evaluator - INFO - compute_ranking_metrics:559 - === TEST METRICS SUMMARY ===
2025-10-07 16:56:21 - evaluator.evaluator - INFO - compute_ranking_metrics:561 - recall@10: 0.3023
2025-10-07 16:56:21 - evaluator.evaluator - INFO - compute_ranking_metrics:561 - recall@20: 0.4554
2025-10-07 16:56:21 - evaluator.evaluator - INFO - compute_ranking_metrics:561 - ndcg@10: 0.1998
2025-10-07 16:56:21 - evaluator.evaluator - INFO - compute_ranking_metrics:561 - ndcg@20: 0.2412
2025-10-07 16:56:21 - evaluator.evaluator - INFO - compute_ranking_metrics:561 - hit_ratio@10: 0.5248
2025-10-07 16:56:21 - evaluator.evaluator - INFO - compute_ranking_metrics:561 - hit_ratio@20: 0.6983
2025-10-07 16:56:21 - evaluator.evaluator - INFO - compute_ranking_metrics:561 - precision@10: 0.0655
2025-10-07 16:56:21 - evaluator.evaluator - INFO - compute_ranking_metrics:561 - precision@20: 0.0495
2025-10-07 16:56:21 - evaluator.evaluator - INFO - compute_ranking_metrics:562 - ===================================
2025-10-07 16:56:21 - evaluator.evaluator - INFO - __exit__:128 - Completed: Computing test metrics (took 0.08s)
2025-10-07 16:56:21 - trainer.trainer - INFO - _evaluate_with_full_ranking:663 - TEST Loss: 0.5395
2025-10-07 16:56:21 - trainer.trainer - INFO - __exit__:128 - Completed: Evaluation (test) (took 27.43s)
2025-10-07 16:56:21 - trainer.trainer - INFO - _train_epoch:353 - Training metrics computation disabled
2025-10-07 16:56:21 - trainer.trainer - INFO - __enter__:121 - Starting: Training epoch 58
2025-10-07 16:56:56 - trainer.trainer - INFO - __exit__:128 - Completed: Training epoch 58 (took 34.42s)
2025-10-07 16:56:56 - trainer.trainer - INFO - _train_epoch:417 - Computing training ranking metrics from 1668 user-basket pairs
2025-10-07 16:57:00 - evaluator.evaluator - INFO - __enter__:121 - Starting: Computing train metrics
2025-10-07 16:57:00 - evaluator.evaluator - INFO - compute_ranking_metrics:559 - === TRAIN METRICS SUMMARY ===
2025-10-07 16:57:00 - evaluator.evaluator - INFO - compute_ranking_metrics:561 - recall@10: 0.2030
2025-10-07 16:57:00 - evaluator.evaluator - INFO - compute_ranking_metrics:561 - recall@20: 0.3242
2025-10-07 16:57:00 - evaluator.evaluator - INFO - compute_ranking_metrics:561 - ndcg@10: 0.1519
2025-10-07 16:57:00 - evaluator.evaluator - INFO - compute_ranking_metrics:561 - ndcg@20: 0.1915
2025-10-07 16:57:00 - evaluator.evaluator - INFO - compute_ranking_metrics:561 - hit_ratio@10: 0.6493
2025-10-07 16:57:00 - evaluator.evaluator - INFO - compute_ranking_metrics:561 - hit_ratio@20: 0.8387
2025-10-07 16:57:00 - evaluator.evaluator - INFO - compute_ranking_metrics:561 - precision@10: 0.0803
2025-10-07 16:57:00 - evaluator.evaluator - INFO - compute_ranking_metrics:561 - precision@20: 0.0642
2025-10-07 16:57:00 - evaluator.evaluator - INFO - compute_ranking_metrics:562 - ===================================
2025-10-07 16:57:00 - evaluator.evaluator - INFO - __exit__:128 - Completed: Computing train metrics (took 0.08s)
2025-10-07 16:57:00 - trainer.trainer - INFO - _train_epoch:424 - Training metrics computed: ['recall@10', 'recall@20', 'ndcg@10', 'ndcg@20', 'hit_ratio@10', 'hit_ratio@20', 'precision@10', 'precision@20']
2025-10-07 16:57:00 - trainer.trainer - INFO - __enter__:121 - Starting: Evaluation (val)
2025-10-07 16:57:00 - trainer.trainer - INFO - _evaluate_with_full_ranking:546 - Built training item mapping for 1668 users
2025-10-07 16:57:26 - trainer.trainer - INFO - _evaluate_with_full_ranking:578 - Found 1757 unique user-basket pairs for evaluation
2025-10-07 16:57:28 - evaluator.prediction_analyzer - INFO - analyze_predictions:161 - Analyzing predictions for 1757 examples (val mode)
2025-10-07 16:57:28 - evaluator.prediction_analyzer - INFO - __enter__:121 - Starting: Prediction analysis (val)
2025-10-07 16:57:28 - evaluator.prediction_analyzer - INFO - __exit__:128 - Completed: Prediction analysis (val) (took 0.00s)
2025-10-07 16:57:28 - evaluator.prediction_analyzer - INFO - _log_analysis_summary:267 - === PREDICTION ANALYSIS SUMMARY (VAL) ===
2025-10-07 16:57:28 - evaluator.prediction_analyzer - INFO - _log_analysis_summary:276 - Ground truth items per example: avg=2.2, min=1, max=3
2025-10-07 16:57:28 - evaluator.prediction_analyzer - INFO - _log_analysis_summary:282 - Epoch range: 0 - 58
2025-10-07 16:57:28 - evaluator.prediction_analyzer - INFO - _log_analysis_summary:300 - Top-5: avg_hits=0.4, avg_recall=0.185, examples_with_hits=1051/2950
2025-10-07 16:57:28 - evaluator.prediction_analyzer - INFO - _log_analysis_summary:300 - Top-10: avg_hits=0.6, avg_recall=0.282, examples_with_hits=1456/2950
2025-10-07 16:57:28 - evaluator.prediction_analyzer - INFO - _log_analysis_summary:300 - Top-20: avg_hits=0.9, avg_recall=0.427, examples_with_hits=1926/2950
2025-10-07 16:57:28 - evaluator.prediction_analyzer - INFO - _save_analysis_to_file:382 - Saved prediction analysis to: pytorch_pipeline/outputs/prediction_analysis/predictions_val_grnn_20251007_124143.json
2025-10-07 16:57:28 - evaluator.prediction_analyzer - INFO - _save_summary_statistics:429 - Saved summary statistics to: pytorch_pipeline/outputs/prediction_analysis/summary_val_grnn_20251007_124143.csv
2025-10-07 16:57:28 - evaluator.evaluator - INFO - __enter__:121 - Starting: Computing val metrics
2025-10-07 16:57:28 - evaluator.evaluator - INFO - compute_ranking_metrics:559 - === VAL METRICS SUMMARY ===
2025-10-07 16:57:28 - evaluator.evaluator - INFO - compute_ranking_metrics:561 - recall@10: 0.3057
2025-10-07 16:57:28 - evaluator.evaluator - INFO - compute_ranking_metrics:561 - recall@20: 0.4566
2025-10-07 16:57:28 - evaluator.evaluator - INFO - compute_ranking_metrics:561 - ndcg@10: 0.2015
2025-10-07 16:57:28 - evaluator.evaluator - INFO - compute_ranking_metrics:561 - ndcg@20: 0.2422
2025-10-07 16:57:28 - evaluator.evaluator - INFO - compute_ranking_metrics:561 - hit_ratio@10: 0.5282
2025-10-07 16:57:28 - evaluator.evaluator - INFO - compute_ranking_metrics:561 - hit_ratio@20: 0.7018
2025-10-07 16:57:28 - evaluator.evaluator - INFO - compute_ranking_metrics:561 - precision@10: 0.0664
2025-10-07 16:57:28 - evaluator.evaluator - INFO - compute_ranking_metrics:561 - precision@20: 0.0496
2025-10-07 16:57:28 - evaluator.evaluator - INFO - compute_ranking_metrics:562 - ===================================
2025-10-07 16:57:28 - evaluator.evaluator - INFO - __exit__:128 - Completed: Computing val metrics (took 0.08s)
2025-10-07 16:57:28 - trainer.trainer - INFO - _evaluate_with_full_ranking:663 - VAL Loss: 0.5378
2025-10-07 16:57:28 - trainer.trainer - INFO - __exit__:128 - Completed: Evaluation (val) (took 27.72s)
2025-10-07 16:57:28 - trainer.trainer - INFO - log_training_metrics:163 - Epoch  58 [combined] - train_loss: 0.5683 | train_recall@10: 0.2030 | train_recall@20: 0.3242 | train_ndcg@10: 0.1519 | train_ndcg@20: 0.1915 | train_hit_ratio@10: 0.6493 | train_hit_ratio@20: 0.8387 | train_precision@10: 0.0803 | train_precision@20: 0.0642 | recall@10: 0.3057 | recall@20: 0.4566 | ndcg@10: 0.2015 | ndcg@20: 0.2422 | hit_ratio@10: 0.5282 | hit_ratio@20: 0.7018 | precision@10: 0.0664 | precision@20: 0.0496 | val_loss: 0.5378
2025-10-07 16:57:28 - trainer.trainer - INFO - __enter__:121 - Starting: Evaluation (test)
2025-10-07 16:57:28 - trainer.trainer - INFO - _evaluate_with_full_ranking:546 - Built training item mapping for 1668 users
2025-10-07 16:57:53 - trainer.trainer - INFO - _evaluate_with_full_ranking:578 - Found 1757 unique user-basket pairs for evaluation
2025-10-07 16:57:55 - evaluator.prediction_analyzer - INFO - analyze_predictions:161 - Analyzing predictions for 1757 examples (test mode)
2025-10-07 16:57:55 - evaluator.prediction_analyzer - INFO - __enter__:121 - Starting: Prediction analysis (test)
2025-10-07 16:57:55 - evaluator.prediction_analyzer - INFO - __exit__:128 - Completed: Prediction analysis (test) (took 0.00s)
2025-10-07 16:57:55 - evaluator.prediction_analyzer - INFO - _log_analysis_summary:267 - === PREDICTION ANALYSIS SUMMARY (TEST) ===
2025-10-07 16:57:55 - evaluator.prediction_analyzer - INFO - _log_analysis_summary:276 - Ground truth items per example: avg=2.2, min=1, max=3
2025-10-07 16:57:55 - evaluator.prediction_analyzer - INFO - _log_analysis_summary:282 - Epoch range: 10 - 58
2025-10-07 16:57:55 - evaluator.prediction_analyzer - INFO - _log_analysis_summary:300 - Top-5: avg_hits=0.5, avg_recall=0.213, examples_with_hits=1000/2450
2025-10-07 16:57:55 - evaluator.prediction_analyzer - INFO - _log_analysis_summary:300 - Top-10: avg_hits=0.6, avg_recall=0.312, examples_with_hits=1329/2450
2025-10-07 16:57:55 - evaluator.prediction_analyzer - INFO - _log_analysis_summary:300 - Top-20: avg_hits=1.0, avg_recall=0.458, examples_with_hits=1689/2450
2025-10-07 16:57:55 - evaluator.prediction_analyzer - INFO - _save_analysis_to_file:382 - Saved prediction analysis to: pytorch_pipeline/outputs/prediction_analysis/predictions_test_grnn_20251007_124143.json
2025-10-07 16:57:55 - evaluator.prediction_analyzer - INFO - _save_summary_statistics:429 - Saved summary statistics to: pytorch_pipeline/outputs/prediction_analysis/summary_test_grnn_20251007_124143.csv
2025-10-07 16:57:55 - evaluator.prediction_analyzer - INFO - show_detailed_examples:321 - === DETAILED PREDICTION EXAMPLES (TEST) ===
2025-10-07 16:57:55 - evaluator.prediction_analyzer - INFO - _show_single_example:333 - 
--- Example 1 (next-basket prediction) ---
2025-10-07 16:57:55 - evaluator.prediction_analyzer - INFO - _show_single_example:334 - User ID: 0, Basket ID: 3
2025-10-07 16:57:55 - evaluator.prediction_analyzer - INFO - _show_single_example:338 - Ground Truth (3 items): ['0', '64', '4']
2025-10-07 16:57:55 - evaluator.prediction_analyzer - INFO - _show_single_example:352 - 
Top-5 Predictions:
2025-10-07 16:57:55 - evaluator.prediction_analyzer - INFO - _show_single_example:354 -   Predicted: ['37', '17', '4', '23', '49']
2025-10-07 16:57:55 - evaluator.prediction_analyzer - INFO - _show_single_example:360 -   ✓ Hits (1): ['4']
2025-10-07 16:57:55 - evaluator.prediction_analyzer - INFO - _show_single_example:363 -   Metrics: Recall=0.333, Precision=0.200
2025-10-07 16:57:55 - evaluator.prediction_analyzer - INFO - _show_single_example:352 - 
Top-10 Predictions:
2025-10-07 16:57:55 - evaluator.prediction_analyzer - INFO - _show_single_example:354 -   Predicted: ['37', '17', '4', '23', '49', '22', '3', '10', '70', '2']
2025-10-07 16:57:55 - evaluator.prediction_analyzer - INFO - _show_single_example:360 -   ✓ Hits (1): ['4']
2025-10-07 16:57:55 - evaluator.prediction_analyzer - INFO - _show_single_example:363 -   Metrics: Recall=0.333, Precision=0.100
2025-10-07 16:57:55 - evaluator.prediction_analyzer - INFO - _show_single_example:352 - 
Top-20 Predictions:
2025-10-07 16:57:55 - evaluator.prediction_analyzer - INFO - _show_single_example:354 -   Predicted: ['37', '17', '4', '23', '49', '22', '3', '10', '70', '2', '114', '11', '0', '65', '74', '68', '113', '59', '16', '21']
2025-10-07 16:57:55 - evaluator.prediction_analyzer - INFO - _show_single_example:360 -   ✓ Hits (2): ['4', '0']
2025-10-07 16:57:55 - evaluator.prediction_analyzer - INFO - _show_single_example:363 -   Metrics: Recall=0.667, Precision=0.100
2025-10-07 16:57:55 - evaluator.prediction_analyzer - INFO - _show_single_example:333 - 
--- Example 2 (next-basket prediction) ---
2025-10-07 16:57:55 - evaluator.prediction_analyzer - INFO - _show_single_example:334 - User ID: 2, Basket ID: 12
2025-10-07 16:57:55 - evaluator.prediction_analyzer - INFO - _show_single_example:338 - Ground Truth (3 items): ['33', '2', '3']
2025-10-07 16:57:55 - evaluator.prediction_analyzer - INFO - _show_single_example:352 - 
Top-5 Predictions:
2025-10-07 16:57:55 - evaluator.prediction_analyzer - INFO - _show_single_example:354 -   Predicted: ['37', '17', '4', '23', '1']
2025-10-07 16:57:55 - evaluator.prediction_analyzer - INFO - _show_single_example:365 -   ✗ No hits in top-5
2025-10-07 16:57:55 - evaluator.prediction_analyzer - INFO - _show_single_example:352 - 
Top-10 Predictions:
2025-10-07 16:57:55 - evaluator.prediction_analyzer - INFO - _show_single_example:354 -   Predicted: ['37', '17', '4', '23', '1', '49', '3', '10', '70', '2']
2025-10-07 16:57:55 - evaluator.prediction_analyzer - INFO - _show_single_example:360 -   ✓ Hits (2): ['3', '2']
2025-10-07 16:57:55 - evaluator.prediction_analyzer - INFO - _show_single_example:363 -   Metrics: Recall=0.667, Precision=0.200
2025-10-07 16:57:55 - evaluator.prediction_analyzer - INFO - _show_single_example:352 - 
Top-20 Predictions:
2025-10-07 16:57:55 - evaluator.prediction_analyzer - INFO - _show_single_example:354 -   Predicted: ['37', '17', '4', '23', '1', '49', '3', '10', '70', '2', '114', '0', '65', '74', '68', '113', '59', '16', '21', '19']
2025-10-07 16:57:55 - evaluator.prediction_analyzer - INFO - _show_single_example:360 -   ✓ Hits (2): ['3', '2']
2025-10-07 16:57:55 - evaluator.prediction_analyzer - INFO - _show_single_example:363 -   Metrics: Recall=0.667, Precision=0.100
2025-10-07 16:57:55 - evaluator.prediction_analyzer - INFO - _show_single_example:333 - 
--- Example 3 (next-basket prediction) ---
2025-10-07 16:57:55 - evaluator.prediction_analyzer - INFO - _show_single_example:334 - User ID: 3, Basket ID: 15
2025-10-07 16:57:55 - evaluator.prediction_analyzer - INFO - _show_single_example:338 - Ground Truth (3 items): ['65', '3', '70']
2025-10-07 16:57:55 - evaluator.prediction_analyzer - INFO - _show_single_example:352 - 
Top-5 Predictions:
2025-10-07 16:57:55 - evaluator.prediction_analyzer - INFO - _show_single_example:354 -   Predicted: ['17', '4', '23', '1', '49']
2025-10-07 16:57:55 - evaluator.prediction_analyzer - INFO - _show_single_example:365 -   ✗ No hits in top-5
2025-10-07 16:57:55 - evaluator.prediction_analyzer - INFO - _show_single_example:352 - 
Top-10 Predictions:
2025-10-07 16:57:55 - evaluator.prediction_analyzer - INFO - _show_single_example:354 -   Predicted: ['17', '4', '23', '1', '49', '22', '3', '10', '70', '2']
2025-10-07 16:57:55 - evaluator.prediction_analyzer - INFO - _show_single_example:360 -   ✓ Hits (2): ['3', '70']
2025-10-07 16:57:55 - evaluator.prediction_analyzer - INFO - _show_single_example:363 -   Metrics: Recall=0.667, Precision=0.200
2025-10-07 16:57:55 - evaluator.prediction_analyzer - INFO - _show_single_example:352 - 
Top-20 Predictions:
2025-10-07 16:57:55 - evaluator.prediction_analyzer - INFO - _show_single_example:354 -   Predicted: ['17', '4', '23', '1', '49', '22', '3', '10', '70', '2', '114', '11', '0', '65', '74', '68', '113', '59', '16', '21']
2025-10-07 16:57:55 - evaluator.prediction_analyzer - INFO - _show_single_example:360 -   ✓ Hits (3): ['3', '70', '65']
2025-10-07 16:57:55 - evaluator.prediction_analyzer - INFO - _show_single_example:363 -   Metrics: Recall=1.000, Precision=0.150
2025-10-07 16:57:55 - evaluator.prediction_analyzer - INFO - show_detailed_examples:327 - ============================================================
2025-10-07 16:57:55 - evaluator.evaluator - INFO - __enter__:121 - Starting: Computing test metrics
2025-10-07 16:57:56 - evaluator.evaluator - INFO - compute_ranking_metrics:559 - === TEST METRICS SUMMARY ===
2025-10-07 16:57:56 - evaluator.evaluator - INFO - compute_ranking_metrics:561 - recall@10: 0.3028
2025-10-07 16:57:56 - evaluator.evaluator - INFO - compute_ranking_metrics:561 - recall@20: 0.4546
2025-10-07 16:57:56 - evaluator.evaluator - INFO - compute_ranking_metrics:561 - ndcg@10: 0.2010
2025-10-07 16:57:56 - evaluator.evaluator - INFO - compute_ranking_metrics:561 - ndcg@20: 0.2419
2025-10-07 16:57:56 - evaluator.evaluator - INFO - compute_ranking_metrics:561 - hit_ratio@10: 0.5242
2025-10-07 16:57:56 - evaluator.evaluator - INFO - compute_ranking_metrics:561 - hit_ratio@20: 0.6972
2025-10-07 16:57:56 - evaluator.evaluator - INFO - compute_ranking_metrics:561 - precision@10: 0.0657
2025-10-07 16:57:56 - evaluator.evaluator - INFO - compute_ranking_metrics:561 - precision@20: 0.0494
2025-10-07 16:57:56 - evaluator.evaluator - INFO - compute_ranking_metrics:562 - ===================================
2025-10-07 16:57:56 - evaluator.evaluator - INFO - __exit__:128 - Completed: Computing test metrics (took 0.09s)
2025-10-07 16:57:56 - trainer.trainer - INFO - _evaluate_with_full_ranking:663 - TEST Loss: 0.5365
2025-10-07 16:57:56 - trainer.trainer - INFO - __exit__:128 - Completed: Evaluation (test) (took 27.37s)
2025-10-07 16:57:56 - trainer.trainer - INFO - _train_epoch:353 - Training metrics computation disabled
2025-10-07 16:57:56 - trainer.trainer - INFO - __enter__:121 - Starting: Training epoch 59
2025-10-07 16:58:30 - trainer.trainer - INFO - __exit__:128 - Completed: Training epoch 59 (took 34.69s)
2025-10-07 16:58:30 - trainer.trainer - INFO - _train_epoch:417 - Computing training ranking metrics from 1668 user-basket pairs
2025-10-07 16:58:35 - evaluator.evaluator - INFO - __enter__:121 - Starting: Computing train metrics
2025-10-07 16:58:35 - evaluator.evaluator - INFO - compute_ranking_metrics:559 - === TRAIN METRICS SUMMARY ===
2025-10-07 16:58:35 - evaluator.evaluator - INFO - compute_ranking_metrics:561 - recall@10: 0.2044
2025-10-07 16:58:35 - evaluator.evaluator - INFO - compute_ranking_metrics:561 - recall@20: 0.3236
2025-10-07 16:58:35 - evaluator.evaluator - INFO - compute_ranking_metrics:561 - ndcg@10: 0.1512
2025-10-07 16:58:35 - evaluator.evaluator - INFO - compute_ranking_metrics:561 - ndcg@20: 0.1901
2025-10-07 16:58:35 - evaluator.evaluator - INFO - compute_ranking_metrics:561 - hit_ratio@10: 0.6445
2025-10-07 16:58:35 - evaluator.evaluator - INFO - compute_ranking_metrics:561 - hit_ratio@20: 0.8387
2025-10-07 16:58:35 - evaluator.evaluator - INFO - compute_ranking_metrics:561 - precision@10: 0.0809
2025-10-07 16:58:35 - evaluator.evaluator - INFO - compute_ranking_metrics:561 - precision@20: 0.0641
2025-10-07 16:58:35 - evaluator.evaluator - INFO - compute_ranking_metrics:562 - ===================================
2025-10-07 16:58:35 - evaluator.evaluator - INFO - __exit__:128 - Completed: Computing train metrics (took 0.09s)
2025-10-07 16:58:35 - trainer.trainer - INFO - _train_epoch:424 - Training metrics computed: ['recall@10', 'recall@20', 'ndcg@10', 'ndcg@20', 'hit_ratio@10', 'hit_ratio@20', 'precision@10', 'precision@20']
2025-10-07 16:58:35 - trainer.trainer - INFO - __enter__:121 - Starting: Evaluation (val)
2025-10-07 16:58:35 - trainer.trainer - INFO - _evaluate_with_full_ranking:546 - Built training item mapping for 1668 users
2025-10-07 16:59:00 - trainer.trainer - INFO - _evaluate_with_full_ranking:578 - Found 1757 unique user-basket pairs for evaluation
2025-10-07 16:59:03 - evaluator.prediction_analyzer - INFO - analyze_predictions:161 - Analyzing predictions for 1757 examples (val mode)
2025-10-07 16:59:03 - evaluator.prediction_analyzer - INFO - __enter__:121 - Starting: Prediction analysis (val)
2025-10-07 16:59:03 - evaluator.prediction_analyzer - INFO - __exit__:128 - Completed: Prediction analysis (val) (took 0.00s)
2025-10-07 16:59:03 - evaluator.prediction_analyzer - INFO - _log_analysis_summary:267 - === PREDICTION ANALYSIS SUMMARY (VAL) ===
2025-10-07 16:59:03 - evaluator.prediction_analyzer - INFO - _log_analysis_summary:276 - Ground truth items per example: avg=2.2, min=1, max=3
2025-10-07 16:59:03 - evaluator.prediction_analyzer - INFO - _log_analysis_summary:282 - Epoch range: 0 - 59
2025-10-07 16:59:03 - evaluator.prediction_analyzer - INFO - _log_analysis_summary:300 - Top-5: avg_hits=0.4, avg_recall=0.185, examples_with_hits=1068/3000
2025-10-07 16:59:03 - evaluator.prediction_analyzer - INFO - _log_analysis_summary:300 - Top-10: avg_hits=0.6, avg_recall=0.281, examples_with_hits=1479/3000
2025-10-07 16:59:03 - evaluator.prediction_analyzer - INFO - _log_analysis_summary:300 - Top-20: avg_hits=0.9, avg_recall=0.426, examples_with_hits=1956/3000
2025-10-07 16:59:03 - evaluator.prediction_analyzer - INFO - _save_analysis_to_file:382 - Saved prediction analysis to: pytorch_pipeline/outputs/prediction_analysis/predictions_val_grnn_20251007_124143.json
2025-10-07 16:59:03 - evaluator.prediction_analyzer - INFO - _save_summary_statistics:429 - Saved summary statistics to: pytorch_pipeline/outputs/prediction_analysis/summary_val_grnn_20251007_124143.csv
2025-10-07 16:59:03 - evaluator.evaluator - INFO - __enter__:121 - Starting: Computing val metrics
2025-10-07 16:59:03 - evaluator.evaluator - INFO - compute_ranking_metrics:559 - === VAL METRICS SUMMARY ===
2025-10-07 16:59:03 - evaluator.evaluator - INFO - compute_ranking_metrics:561 - recall@10: 0.3017
2025-10-07 16:59:03 - evaluator.evaluator - INFO - compute_ranking_metrics:561 - recall@20: 0.4512
2025-10-07 16:59:03 - evaluator.evaluator - INFO - compute_ranking_metrics:561 - ndcg@10: 0.1974
2025-10-07 16:59:03 - evaluator.evaluator - INFO - compute_ranking_metrics:561 - ndcg@20: 0.2379
2025-10-07 16:59:03 - evaluator.evaluator - INFO - compute_ranking_metrics:561 - hit_ratio@10: 0.5225
2025-10-07 16:59:03 - evaluator.evaluator - INFO - compute_ranking_metrics:561 - hit_ratio@20: 0.6932
2025-10-07 16:59:03 - evaluator.evaluator - INFO - compute_ranking_metrics:561 - precision@10: 0.0655
2025-10-07 16:59:03 - evaluator.evaluator - INFO - compute_ranking_metrics:561 - precision@20: 0.0491
2025-10-07 16:59:03 - evaluator.evaluator - INFO - compute_ranking_metrics:562 - ===================================
2025-10-07 16:59:03 - evaluator.evaluator - INFO - __exit__:128 - Completed: Computing val metrics (took 0.08s)
2025-10-07 16:59:03 - trainer.trainer - INFO - _evaluate_with_full_ranking:663 - VAL Loss: 0.5415
2025-10-07 16:59:03 - trainer.trainer - INFO - __exit__:128 - Completed: Evaluation (val) (took 28.12s)
2025-10-07 16:59:03 - trainer.trainer - INFO - log_training_metrics:163 - Epoch  59 [combined] - train_loss: 0.5661 | train_recall@10: 0.2044 | train_recall@20: 0.3236 | train_ndcg@10: 0.1512 | train_ndcg@20: 0.1901 | train_hit_ratio@10: 0.6445 | train_hit_ratio@20: 0.8387 | train_precision@10: 0.0809 | train_precision@20: 0.0641 | recall@10: 0.3017 | recall@20: 0.4512 | ndcg@10: 0.1974 | ndcg@20: 0.2379 | hit_ratio@10: 0.5225 | hit_ratio@20: 0.6932 | precision@10: 0.0655 | precision@20: 0.0491 | val_loss: 0.5415
2025-10-07 16:59:03 - trainer.trainer - INFO - __enter__:121 - Starting: Evaluation (test)
2025-10-07 16:59:03 - trainer.trainer - INFO - _evaluate_with_full_ranking:546 - Built training item mapping for 1668 users
2025-10-07 16:59:28 - trainer.trainer - INFO - _evaluate_with_full_ranking:578 - Found 1757 unique user-basket pairs for evaluation
2025-10-07 16:59:30 - evaluator.prediction_analyzer - INFO - analyze_predictions:161 - Analyzing predictions for 1757 examples (test mode)
2025-10-07 16:59:30 - evaluator.prediction_analyzer - INFO - __enter__:121 - Starting: Prediction analysis (test)
2025-10-07 16:59:30 - evaluator.prediction_analyzer - INFO - __exit__:128 - Completed: Prediction analysis (test) (took 0.00s)
2025-10-07 16:59:30 - evaluator.prediction_analyzer - INFO - _log_analysis_summary:267 - === PREDICTION ANALYSIS SUMMARY (TEST) ===
2025-10-07 16:59:30 - evaluator.prediction_analyzer - INFO - _log_analysis_summary:276 - Ground truth items per example: avg=2.2, min=1, max=3
2025-10-07 16:59:30 - evaluator.prediction_analyzer - INFO - _log_analysis_summary:282 - Epoch range: 10 - 59
2025-10-07 16:59:30 - evaluator.prediction_analyzer - INFO - _log_analysis_summary:300 - Top-5: avg_hits=0.4, avg_recall=0.212, examples_with_hits=1017/2500
2025-10-07 16:59:30 - evaluator.prediction_analyzer - INFO - _log_analysis_summary:300 - Top-10: avg_hits=0.6, avg_recall=0.311, examples_with_hits=1352/2500
2025-10-07 16:59:30 - evaluator.prediction_analyzer - INFO - _log_analysis_summary:300 - Top-20: avg_hits=1.0, avg_recall=0.456, examples_with_hits=1719/2500
2025-10-07 16:59:30 - evaluator.prediction_analyzer - INFO - _save_analysis_to_file:382 - Saved prediction analysis to: pytorch_pipeline/outputs/prediction_analysis/predictions_test_grnn_20251007_124143.json
2025-10-07 16:59:30 - evaluator.prediction_analyzer - INFO - _save_summary_statistics:429 - Saved summary statistics to: pytorch_pipeline/outputs/prediction_analysis/summary_test_grnn_20251007_124143.csv
2025-10-07 16:59:30 - evaluator.prediction_analyzer - INFO - show_detailed_examples:321 - === DETAILED PREDICTION EXAMPLES (TEST) ===
2025-10-07 16:59:30 - evaluator.prediction_analyzer - INFO - _show_single_example:333 - 
--- Example 1 (next-basket prediction) ---
2025-10-07 16:59:30 - evaluator.prediction_analyzer - INFO - _show_single_example:334 - User ID: 0, Basket ID: 3
2025-10-07 16:59:30 - evaluator.prediction_analyzer - INFO - _show_single_example:338 - Ground Truth (3 items): ['0', '64', '4']
2025-10-07 16:59:30 - evaluator.prediction_analyzer - INFO - _show_single_example:352 - 
Top-5 Predictions:
2025-10-07 16:59:30 - evaluator.prediction_analyzer - INFO - _show_single_example:354 -   Predicted: ['37', '17', '4', '23', '49']
2025-10-07 16:59:30 - evaluator.prediction_analyzer - INFO - _show_single_example:360 -   ✓ Hits (1): ['4']
2025-10-07 16:59:30 - evaluator.prediction_analyzer - INFO - _show_single_example:363 -   Metrics: Recall=0.333, Precision=0.200
2025-10-07 16:59:30 - evaluator.prediction_analyzer - INFO - _show_single_example:352 - 
Top-10 Predictions:
2025-10-07 16:59:30 - evaluator.prediction_analyzer - INFO - _show_single_example:354 -   Predicted: ['37', '17', '4', '23', '49', '22', '3', '10', '70', '2']
2025-10-07 16:59:30 - evaluator.prediction_analyzer - INFO - _show_single_example:360 -   ✓ Hits (1): ['4']
2025-10-07 16:59:30 - evaluator.prediction_analyzer - INFO - _show_single_example:363 -   Metrics: Recall=0.333, Precision=0.100
2025-10-07 16:59:30 - evaluator.prediction_analyzer - INFO - _show_single_example:352 - 
Top-20 Predictions:
2025-10-07 16:59:30 - evaluator.prediction_analyzer - INFO - _show_single_example:354 -   Predicted: ['37', '17', '4', '23', '49', '22', '3', '10', '70', '2', '114', '11', '0', '65', '74', '68', '113', '59', '16', '21']
2025-10-07 16:59:30 - evaluator.prediction_analyzer - INFO - _show_single_example:360 -   ✓ Hits (2): ['4', '0']
2025-10-07 16:59:30 - evaluator.prediction_analyzer - INFO - _show_single_example:363 -   Metrics: Recall=0.667, Precision=0.100
2025-10-07 16:59:30 - evaluator.prediction_analyzer - INFO - _show_single_example:333 - 
--- Example 2 (next-basket prediction) ---
2025-10-07 16:59:30 - evaluator.prediction_analyzer - INFO - _show_single_example:334 - User ID: 2, Basket ID: 12
2025-10-07 16:59:30 - evaluator.prediction_analyzer - INFO - _show_single_example:338 - Ground Truth (3 items): ['33', '2', '3']
2025-10-07 16:59:30 - evaluator.prediction_analyzer - INFO - _show_single_example:352 - 
Top-5 Predictions:
2025-10-07 16:59:30 - evaluator.prediction_analyzer - INFO - _show_single_example:354 -   Predicted: ['37', '17', '4', '23', '1']
2025-10-07 16:59:30 - evaluator.prediction_analyzer - INFO - _show_single_example:365 -   ✗ No hits in top-5
2025-10-07 16:59:30 - evaluator.prediction_analyzer - INFO - _show_single_example:352 - 
Top-10 Predictions:
2025-10-07 16:59:30 - evaluator.prediction_analyzer - INFO - _show_single_example:354 -   Predicted: ['37', '17', '4', '23', '1', '49', '3', '10', '70', '2']
2025-10-07 16:59:30 - evaluator.prediction_analyzer - INFO - _show_single_example:360 -   ✓ Hits (2): ['3', '2']
2025-10-07 16:59:30 - evaluator.prediction_analyzer - INFO - _show_single_example:363 -   Metrics: Recall=0.667, Precision=0.200
2025-10-07 16:59:30 - evaluator.prediction_analyzer - INFO - _show_single_example:352 - 
Top-20 Predictions:
2025-10-07 16:59:30 - evaluator.prediction_analyzer - INFO - _show_single_example:354 -   Predicted: ['37', '17', '4', '23', '1', '49', '3', '10', '70', '2', '114', '0', '65', '74', '68', '113', '59', '16', '21', '19']
2025-10-07 16:59:30 - evaluator.prediction_analyzer - INFO - _show_single_example:360 -   ✓ Hits (2): ['3', '2']
2025-10-07 16:59:30 - evaluator.prediction_analyzer - INFO - _show_single_example:363 -   Metrics: Recall=0.667, Precision=0.100
2025-10-07 16:59:30 - evaluator.prediction_analyzer - INFO - _show_single_example:333 - 
--- Example 3 (next-basket prediction) ---
2025-10-07 16:59:30 - evaluator.prediction_analyzer - INFO - _show_single_example:334 - User ID: 3, Basket ID: 15
2025-10-07 16:59:30 - evaluator.prediction_analyzer - INFO - _show_single_example:338 - Ground Truth (3 items): ['65', '3', '70']
2025-10-07 16:59:30 - evaluator.prediction_analyzer - INFO - _show_single_example:352 - 
Top-5 Predictions:
2025-10-07 16:59:30 - evaluator.prediction_analyzer - INFO - _show_single_example:354 -   Predicted: ['17', '4', '23', '1', '49']
2025-10-07 16:59:30 - evaluator.prediction_analyzer - INFO - _show_single_example:365 -   ✗ No hits in top-5
2025-10-07 16:59:30 - evaluator.prediction_analyzer - INFO - _show_single_example:352 - 
Top-10 Predictions:
2025-10-07 16:59:30 - evaluator.prediction_analyzer - INFO - _show_single_example:354 -   Predicted: ['17', '4', '23', '1', '49', '22', '3', '10', '70', '2']
2025-10-07 16:59:30 - evaluator.prediction_analyzer - INFO - _show_single_example:360 -   ✓ Hits (2): ['3', '70']
2025-10-07 16:59:30 - evaluator.prediction_analyzer - INFO - _show_single_example:363 -   Metrics: Recall=0.667, Precision=0.200
2025-10-07 16:59:30 - evaluator.prediction_analyzer - INFO - _show_single_example:352 - 
Top-20 Predictions:
2025-10-07 16:59:30 - evaluator.prediction_analyzer - INFO - _show_single_example:354 -   Predicted: ['17', '4', '23', '1', '49', '22', '3', '10', '70', '2', '114', '11', '0', '65', '74', '68', '113', '59', '16', '21']
2025-10-07 16:59:30 - evaluator.prediction_analyzer - INFO - _show_single_example:360 -   ✓ Hits (3): ['3', '70', '65']
2025-10-07 16:59:30 - evaluator.prediction_analyzer - INFO - _show_single_example:363 -   Metrics: Recall=1.000, Precision=0.150
2025-10-07 16:59:30 - evaluator.prediction_analyzer - INFO - show_detailed_examples:327 - ============================================================
2025-10-07 16:59:30 - evaluator.evaluator - INFO - __enter__:121 - Starting: Computing test metrics
2025-10-07 16:59:31 - evaluator.evaluator - INFO - compute_ranking_metrics:559 - === TEST METRICS SUMMARY ===
2025-10-07 16:59:31 - evaluator.evaluator - INFO - compute_ranking_metrics:561 - recall@10: 0.2999
2025-10-07 16:59:31 - evaluator.evaluator - INFO - compute_ranking_metrics:561 - recall@20: 0.4489
2025-10-07 16:59:31 - evaluator.evaluator - INFO - compute_ranking_metrics:561 - ndcg@10: 0.1968
2025-10-07 16:59:31 - evaluator.evaluator - INFO - compute_ranking_metrics:561 - ndcg@20: 0.2371
2025-10-07 16:59:31 - evaluator.evaluator - INFO - compute_ranking_metrics:561 - hit_ratio@10: 0.5202
2025-10-07 16:59:31 - evaluator.evaluator - INFO - compute_ranking_metrics:561 - hit_ratio@20: 0.6887
2025-10-07 16:59:31 - evaluator.evaluator - INFO - compute_ranking_metrics:561 - precision@10: 0.0650
2025-10-07 16:59:31 - evaluator.evaluator - INFO - compute_ranking_metrics:561 - precision@20: 0.0487
2025-10-07 16:59:31 - evaluator.evaluator - INFO - compute_ranking_metrics:562 - ===================================
2025-10-07 16:59:31 - evaluator.evaluator - INFO - __exit__:128 - Completed: Computing test metrics (took 0.08s)
2025-10-07 16:59:31 - trainer.trainer - INFO - _evaluate_with_full_ranking:663 - TEST Loss: 0.5420
2025-10-07 16:59:31 - trainer.trainer - INFO - __exit__:128 - Completed: Evaluation (test) (took 27.63s)
2025-10-07 16:59:31 - trainer.trainer - INFO - _train_epoch:353 - Training metrics computation disabled
2025-10-07 16:59:31 - trainer.trainer - INFO - __enter__:121 - Starting: Training epoch 60
2025-10-07 17:00:05 - trainer.trainer - INFO - __exit__:128 - Completed: Training epoch 60 (took 34.53s)
2025-10-07 17:00:05 - trainer.trainer - INFO - _train_epoch:417 - Computing training ranking metrics from 1668 user-basket pairs
2025-10-07 17:00:10 - evaluator.evaluator - INFO - __enter__:121 - Starting: Computing train metrics
2025-10-07 17:00:10 - evaluator.evaluator - INFO - compute_ranking_metrics:559 - === TRAIN METRICS SUMMARY ===
2025-10-07 17:00:10 - evaluator.evaluator - INFO - compute_ranking_metrics:561 - recall@10: 0.2049
2025-10-07 17:00:10 - evaluator.evaluator - INFO - compute_ranking_metrics:561 - recall@20: 0.3241
2025-10-07 17:00:10 - evaluator.evaluator - INFO - compute_ranking_metrics:561 - ndcg@10: 0.1520
2025-10-07 17:00:10 - evaluator.evaluator - INFO - compute_ranking_metrics:561 - ndcg@20: 0.1908
2025-10-07 17:00:10 - evaluator.evaluator - INFO - compute_ranking_metrics:561 - hit_ratio@10: 0.6439
2025-10-07 17:00:10 - evaluator.evaluator - INFO - compute_ranking_metrics:561 - hit_ratio@20: 0.8375
2025-10-07 17:00:10 - evaluator.evaluator - INFO - compute_ranking_metrics:561 - precision@10: 0.0812
2025-10-07 17:00:10 - evaluator.evaluator - INFO - compute_ranking_metrics:561 - precision@20: 0.0642
2025-10-07 17:00:10 - evaluator.evaluator - INFO - compute_ranking_metrics:562 - ===================================
2025-10-07 17:00:10 - evaluator.evaluator - INFO - __exit__:128 - Completed: Computing train metrics (took 0.08s)
2025-10-07 17:00:10 - trainer.trainer - INFO - _train_epoch:424 - Training metrics computed: ['recall@10', 'recall@20', 'ndcg@10', 'ndcg@20', 'hit_ratio@10', 'hit_ratio@20', 'precision@10', 'precision@20']
2025-10-07 17:00:10 - trainer.trainer - INFO - __enter__:121 - Starting: Evaluation (val)
2025-10-07 17:00:10 - trainer.trainer - INFO - _evaluate_with_full_ranking:546 - Built training item mapping for 1668 users
2025-10-07 17:00:35 - trainer.trainer - INFO - _evaluate_with_full_ranking:578 - Found 1757 unique user-basket pairs for evaluation
2025-10-07 17:00:38 - evaluator.prediction_analyzer - INFO - analyze_predictions:161 - Analyzing predictions for 1757 examples (val mode)
2025-10-07 17:00:38 - evaluator.prediction_analyzer - INFO - __enter__:121 - Starting: Prediction analysis (val)
2025-10-07 17:00:38 - evaluator.prediction_analyzer - INFO - __exit__:128 - Completed: Prediction analysis (val) (took 0.00s)
2025-10-07 17:00:38 - evaluator.prediction_analyzer - INFO - _log_analysis_summary:267 - === PREDICTION ANALYSIS SUMMARY (VAL) ===
2025-10-07 17:00:38 - evaluator.prediction_analyzer - INFO - _log_analysis_summary:276 - Ground truth items per example: avg=2.2, min=1, max=3
2025-10-07 17:00:38 - evaluator.prediction_analyzer - INFO - _log_analysis_summary:282 - Epoch range: 0 - 60
2025-10-07 17:00:38 - evaluator.prediction_analyzer - INFO - _log_analysis_summary:300 - Top-5: avg_hits=0.4, avg_recall=0.184, examples_with_hits=1085/3050
2025-10-07 17:00:38 - evaluator.prediction_analyzer - INFO - _log_analysis_summary:300 - Top-10: avg_hits=0.6, avg_recall=0.281, examples_with_hits=1502/3050
2025-10-07 17:00:38 - evaluator.prediction_analyzer - INFO - _log_analysis_summary:300 - Top-20: avg_hits=0.9, avg_recall=0.425, examples_with_hits=1986/3050
2025-10-07 17:00:38 - evaluator.prediction_analyzer - INFO - _save_analysis_to_file:382 - Saved prediction analysis to: pytorch_pipeline/outputs/prediction_analysis/predictions_val_grnn_20251007_124143.json
2025-10-07 17:00:38 - evaluator.prediction_analyzer - INFO - _save_summary_statistics:429 - Saved summary statistics to: pytorch_pipeline/outputs/prediction_analysis/summary_val_grnn_20251007_124143.csv
2025-10-07 17:00:38 - evaluator.evaluator - INFO - __enter__:121 - Starting: Computing val metrics
2025-10-07 17:00:38 - evaluator.evaluator - INFO - compute_ranking_metrics:559 - === VAL METRICS SUMMARY ===
2025-10-07 17:00:38 - evaluator.evaluator - INFO - compute_ranking_metrics:561 - recall@10: 0.2957
2025-10-07 17:00:38 - evaluator.evaluator - INFO - compute_ranking_metrics:561 - recall@20: 0.4411
2025-10-07 17:00:38 - evaluator.evaluator - INFO - compute_ranking_metrics:561 - ndcg@10: 0.1940
2025-10-07 17:00:38 - evaluator.evaluator - INFO - compute_ranking_metrics:561 - ndcg@20: 0.2333
2025-10-07 17:00:38 - evaluator.evaluator - INFO - compute_ranking_metrics:561 - hit_ratio@10: 0.5117
2025-10-07 17:00:38 - evaluator.evaluator - INFO - compute_ranking_metrics:561 - hit_ratio@20: 0.6790
2025-10-07 17:00:38 - evaluator.evaluator - INFO - compute_ranking_metrics:561 - precision@10: 0.0641
2025-10-07 17:00:38 - evaluator.evaluator - INFO - compute_ranking_metrics:561 - precision@20: 0.0480
2025-10-07 17:00:38 - evaluator.evaluator - INFO - compute_ranking_metrics:562 - ===================================
2025-10-07 17:00:38 - evaluator.evaluator - INFO - __exit__:128 - Completed: Computing val metrics (took 0.08s)
2025-10-07 17:00:38 - trainer.trainer - INFO - _evaluate_with_full_ranking:663 - VAL Loss: 0.5569
2025-10-07 17:00:38 - trainer.trainer - INFO - __exit__:128 - Completed: Evaluation (val) (took 27.98s)
2025-10-07 17:00:38 - trainer.trainer - INFO - log_training_metrics:163 - Epoch  60 [combined] - train_loss: 0.5689 | train_recall@10: 0.2049 | train_recall@20: 0.3241 | train_ndcg@10: 0.1520 | train_ndcg@20: 0.1908 | train_hit_ratio@10: 0.6439 | train_hit_ratio@20: 0.8375 | train_precision@10: 0.0812 | train_precision@20: 0.0642 | recall@10: 0.2957 | recall@20: 0.4411 | ndcg@10: 0.1940 | ndcg@20: 0.2333 | hit_ratio@10: 0.5117 | hit_ratio@20: 0.6790 | precision@10: 0.0641 | precision@20: 0.0480 | val_loss: 0.5569
2025-10-07 17:00:38 - trainer.trainer - INFO - __enter__:121 - Starting: Evaluation (test)
2025-10-07 17:00:38 - trainer.trainer - INFO - _evaluate_with_full_ranking:546 - Built training item mapping for 1668 users
2025-10-07 17:01:03 - trainer.trainer - INFO - _evaluate_with_full_ranking:578 - Found 1757 unique user-basket pairs for evaluation
2025-10-07 17:01:05 - evaluator.prediction_analyzer - INFO - analyze_predictions:161 - Analyzing predictions for 1757 examples (test mode)
2025-10-07 17:01:05 - evaluator.prediction_analyzer - INFO - __enter__:121 - Starting: Prediction analysis (test)
2025-10-07 17:01:05 - evaluator.prediction_analyzer - INFO - __exit__:128 - Completed: Prediction analysis (test) (took 0.00s)
2025-10-07 17:01:05 - evaluator.prediction_analyzer - INFO - _log_analysis_summary:267 - === PREDICTION ANALYSIS SUMMARY (TEST) ===
2025-10-07 17:01:05 - evaluator.prediction_analyzer - INFO - _log_analysis_summary:276 - Ground truth items per example: avg=2.2, min=1, max=3
2025-10-07 17:01:05 - evaluator.prediction_analyzer - INFO - _log_analysis_summary:282 - Epoch range: 10 - 60
2025-10-07 17:01:05 - evaluator.prediction_analyzer - INFO - _log_analysis_summary:300 - Top-5: avg_hits=0.4, avg_recall=0.211, examples_with_hits=1034/2550
2025-10-07 17:01:05 - evaluator.prediction_analyzer - INFO - _log_analysis_summary:300 - Top-10: avg_hits=0.6, avg_recall=0.310, examples_with_hits=1375/2550
2025-10-07 17:01:05 - evaluator.prediction_analyzer - INFO - _log_analysis_summary:300 - Top-20: avg_hits=1.0, avg_recall=0.455, examples_with_hits=1749/2550
2025-10-07 17:01:06 - evaluator.prediction_analyzer - INFO - _save_analysis_to_file:382 - Saved prediction analysis to: pytorch_pipeline/outputs/prediction_analysis/predictions_test_grnn_20251007_124143.json
2025-10-07 17:01:06 - evaluator.prediction_analyzer - INFO - _save_summary_statistics:429 - Saved summary statistics to: pytorch_pipeline/outputs/prediction_analysis/summary_test_grnn_20251007_124143.csv
2025-10-07 17:01:06 - evaluator.prediction_analyzer - INFO - show_detailed_examples:321 - === DETAILED PREDICTION EXAMPLES (TEST) ===
2025-10-07 17:01:06 - evaluator.prediction_analyzer - INFO - _show_single_example:333 - 
--- Example 1 (next-basket prediction) ---
2025-10-07 17:01:06 - evaluator.prediction_analyzer - INFO - _show_single_example:334 - User ID: 0, Basket ID: 3
2025-10-07 17:01:06 - evaluator.prediction_analyzer - INFO - _show_single_example:338 - Ground Truth (3 items): ['0', '64', '4']
2025-10-07 17:01:06 - evaluator.prediction_analyzer - INFO - _show_single_example:352 - 
Top-5 Predictions:
2025-10-07 17:01:06 - evaluator.prediction_analyzer - INFO - _show_single_example:354 -   Predicted: ['37', '17', '4', '23', '49']
2025-10-07 17:01:06 - evaluator.prediction_analyzer - INFO - _show_single_example:360 -   ✓ Hits (1): ['4']
2025-10-07 17:01:06 - evaluator.prediction_analyzer - INFO - _show_single_example:363 -   Metrics: Recall=0.333, Precision=0.200
2025-10-07 17:01:06 - evaluator.prediction_analyzer - INFO - _show_single_example:352 - 
Top-10 Predictions:
2025-10-07 17:01:06 - evaluator.prediction_analyzer - INFO - _show_single_example:354 -   Predicted: ['37', '17', '4', '23', '49', '22', '3', '10', '70', '2']
2025-10-07 17:01:06 - evaluator.prediction_analyzer - INFO - _show_single_example:360 -   ✓ Hits (1): ['4']
2025-10-07 17:01:06 - evaluator.prediction_analyzer - INFO - _show_single_example:363 -   Metrics: Recall=0.333, Precision=0.100
2025-10-07 17:01:06 - evaluator.prediction_analyzer - INFO - _show_single_example:352 - 
Top-20 Predictions:
2025-10-07 17:01:06 - evaluator.prediction_analyzer - INFO - _show_single_example:354 -   Predicted: ['37', '17', '4', '23', '49', '22', '3', '10', '70', '2', '114', '11', '0', '65', '74', '68', '113', '59', '16', '21']
2025-10-07 17:01:06 - evaluator.prediction_analyzer - INFO - _show_single_example:360 -   ✓ Hits (2): ['4', '0']
2025-10-07 17:01:06 - evaluator.prediction_analyzer - INFO - _show_single_example:363 -   Metrics: Recall=0.667, Precision=0.100
2025-10-07 17:01:06 - evaluator.prediction_analyzer - INFO - _show_single_example:333 - 
--- Example 2 (next-basket prediction) ---
2025-10-07 17:01:06 - evaluator.prediction_analyzer - INFO - _show_single_example:334 - User ID: 2, Basket ID: 12
2025-10-07 17:01:06 - evaluator.prediction_analyzer - INFO - _show_single_example:338 - Ground Truth (3 items): ['33', '2', '3']
2025-10-07 17:01:06 - evaluator.prediction_analyzer - INFO - _show_single_example:352 - 
Top-5 Predictions:
2025-10-07 17:01:06 - evaluator.prediction_analyzer - INFO - _show_single_example:354 -   Predicted: ['37', '17', '4', '23', '1']
2025-10-07 17:01:06 - evaluator.prediction_analyzer - INFO - _show_single_example:365 -   ✗ No hits in top-5
2025-10-07 17:01:06 - evaluator.prediction_analyzer - INFO - _show_single_example:352 - 
Top-10 Predictions:
2025-10-07 17:01:06 - evaluator.prediction_analyzer - INFO - _show_single_example:354 -   Predicted: ['37', '17', '4', '23', '1', '49', '3', '10', '70', '2']
2025-10-07 17:01:06 - evaluator.prediction_analyzer - INFO - _show_single_example:360 -   ✓ Hits (2): ['3', '2']
2025-10-07 17:01:06 - evaluator.prediction_analyzer - INFO - _show_single_example:363 -   Metrics: Recall=0.667, Precision=0.200
2025-10-07 17:01:06 - evaluator.prediction_analyzer - INFO - _show_single_example:352 - 
Top-20 Predictions:
2025-10-07 17:01:06 - evaluator.prediction_analyzer - INFO - _show_single_example:354 -   Predicted: ['37', '17', '4', '23', '1', '49', '3', '10', '70', '2', '114', '0', '65', '74', '68', '113', '59', '16', '21', '19']
2025-10-07 17:01:06 - evaluator.prediction_analyzer - INFO - _show_single_example:360 -   ✓ Hits (2): ['3', '2']
2025-10-07 17:01:06 - evaluator.prediction_analyzer - INFO - _show_single_example:363 -   Metrics: Recall=0.667, Precision=0.100
2025-10-07 17:01:06 - evaluator.prediction_analyzer - INFO - _show_single_example:333 - 
--- Example 3 (next-basket prediction) ---
2025-10-07 17:01:06 - evaluator.prediction_analyzer - INFO - _show_single_example:334 - User ID: 3, Basket ID: 15
2025-10-07 17:01:06 - evaluator.prediction_analyzer - INFO - _show_single_example:338 - Ground Truth (3 items): ['65', '3', '70']
2025-10-07 17:01:06 - evaluator.prediction_analyzer - INFO - _show_single_example:352 - 
Top-5 Predictions:
2025-10-07 17:01:06 - evaluator.prediction_analyzer - INFO - _show_single_example:354 -   Predicted: ['17', '4', '23', '1', '49']
2025-10-07 17:01:06 - evaluator.prediction_analyzer - INFO - _show_single_example:365 -   ✗ No hits in top-5
2025-10-07 17:01:06 - evaluator.prediction_analyzer - INFO - _show_single_example:352 - 
Top-10 Predictions:
2025-10-07 17:01:06 - evaluator.prediction_analyzer - INFO - _show_single_example:354 -   Predicted: ['17', '4', '23', '1', '49', '22', '3', '10', '70', '2']
2025-10-07 17:01:06 - evaluator.prediction_analyzer - INFO - _show_single_example:360 -   ✓ Hits (2): ['3', '70']
2025-10-07 17:01:06 - evaluator.prediction_analyzer - INFO - _show_single_example:363 -   Metrics: Recall=0.667, Precision=0.200
2025-10-07 17:01:06 - evaluator.prediction_analyzer - INFO - _show_single_example:352 - 
Top-20 Predictions:
2025-10-07 17:01:06 - evaluator.prediction_analyzer - INFO - _show_single_example:354 -   Predicted: ['17', '4', '23', '1', '49', '22', '3', '10', '70', '2', '114', '11', '0', '65', '74', '68', '113', '59', '16', '21']
2025-10-07 17:01:06 - evaluator.prediction_analyzer - INFO - _show_single_example:360 -   ✓ Hits (3): ['3', '70', '65']
2025-10-07 17:01:06 - evaluator.prediction_analyzer - INFO - _show_single_example:363 -   Metrics: Recall=1.000, Precision=0.150
2025-10-07 17:01:06 - evaluator.prediction_analyzer - INFO - show_detailed_examples:327 - ============================================================
2025-10-07 17:01:06 - evaluator.evaluator - INFO - __enter__:121 - Starting: Computing test metrics
2025-10-07 17:01:06 - evaluator.evaluator - INFO - compute_ranking_metrics:559 - === TEST METRICS SUMMARY ===
2025-10-07 17:01:06 - evaluator.evaluator - INFO - compute_ranking_metrics:561 - recall@10: 0.2962
2025-10-07 17:01:06 - evaluator.evaluator - INFO - compute_ranking_metrics:561 - recall@20: 0.4421
2025-10-07 17:01:06 - evaluator.evaluator - INFO - compute_ranking_metrics:561 - ndcg@10: 0.1946
2025-10-07 17:01:06 - evaluator.evaluator - INFO - compute_ranking_metrics:561 - ndcg@20: 0.2340
2025-10-07 17:01:06 - evaluator.evaluator - INFO - compute_ranking_metrics:561 - hit_ratio@10: 0.5117
2025-10-07 17:01:06 - evaluator.evaluator - INFO - compute_ranking_metrics:561 - hit_ratio@20: 0.6807
2025-10-07 17:01:06 - evaluator.evaluator - INFO - compute_ranking_metrics:561 - precision@10: 0.0644
2025-10-07 17:01:06 - evaluator.evaluator - INFO - compute_ranking_metrics:561 - precision@20: 0.0481
2025-10-07 17:01:06 - evaluator.evaluator - INFO - compute_ranking_metrics:562 - ===================================
2025-10-07 17:01:06 - evaluator.evaluator - INFO - __exit__:128 - Completed: Computing test metrics (took 0.09s)
2025-10-07 17:01:06 - trainer.trainer - INFO - _evaluate_with_full_ranking:663 - TEST Loss: 0.5555
2025-10-07 17:01:06 - trainer.trainer - INFO - __exit__:128 - Completed: Evaluation (test) (took 27.93s)
2025-10-07 17:01:06 - trainer.trainer - INFO - _train_epoch:353 - Training metrics computation disabled
2025-10-07 17:01:06 - trainer.trainer - INFO - __enter__:121 - Starting: Training epoch 61
2025-10-07 17:01:40 - trainer.trainer - INFO - __exit__:128 - Completed: Training epoch 61 (took 34.74s)
2025-10-07 17:01:40 - trainer.trainer - INFO - _train_epoch:417 - Computing training ranking metrics from 1668 user-basket pairs
2025-10-07 17:01:45 - evaluator.evaluator - INFO - __enter__:121 - Starting: Computing train metrics
2025-10-07 17:01:45 - evaluator.evaluator - INFO - compute_ranking_metrics:559 - === TRAIN METRICS SUMMARY ===
2025-10-07 17:01:45 - evaluator.evaluator - INFO - compute_ranking_metrics:561 - recall@10: 0.2029
2025-10-07 17:01:45 - evaluator.evaluator - INFO - compute_ranking_metrics:561 - recall@20: 0.3229
2025-10-07 17:01:45 - evaluator.evaluator - INFO - compute_ranking_metrics:561 - ndcg@10: 0.1506
2025-10-07 17:01:45 - evaluator.evaluator - INFO - compute_ranking_metrics:561 - ndcg@20: 0.1898
2025-10-07 17:01:45 - evaluator.evaluator - INFO - compute_ranking_metrics:561 - hit_ratio@10: 0.6349
2025-10-07 17:01:45 - evaluator.evaluator - INFO - compute_ranking_metrics:561 - hit_ratio@20: 0.8339
2025-10-07 17:01:45 - evaluator.evaluator - INFO - compute_ranking_metrics:561 - precision@10: 0.0802
2025-10-07 17:01:45 - evaluator.evaluator - INFO - compute_ranking_metrics:561 - precision@20: 0.0640
2025-10-07 17:01:45 - evaluator.evaluator - INFO - compute_ranking_metrics:562 - ===================================
2025-10-07 17:01:45 - evaluator.evaluator - INFO - __exit__:128 - Completed: Computing train metrics (took 0.08s)
2025-10-07 17:01:45 - trainer.trainer - INFO - _train_epoch:424 - Training metrics computed: ['recall@10', 'recall@20', 'ndcg@10', 'ndcg@20', 'hit_ratio@10', 'hit_ratio@20', 'precision@10', 'precision@20']
2025-10-07 17:01:45 - trainer.trainer - INFO - __enter__:121 - Starting: Evaluation (val)
2025-10-07 17:01:45 - trainer.trainer - INFO - _evaluate_with_full_ranking:546 - Built training item mapping for 1668 users
2025-10-07 17:02:10 - trainer.trainer - INFO - _evaluate_with_full_ranking:578 - Found 1757 unique user-basket pairs for evaluation
2025-10-07 17:02:12 - evaluator.prediction_analyzer - INFO - analyze_predictions:161 - Analyzing predictions for 1757 examples (val mode)
2025-10-07 17:02:12 - evaluator.prediction_analyzer - INFO - __enter__:121 - Starting: Prediction analysis (val)
2025-10-07 17:02:12 - evaluator.prediction_analyzer - INFO - __exit__:128 - Completed: Prediction analysis (val) (took 0.00s)
2025-10-07 17:02:12 - evaluator.prediction_analyzer - INFO - _log_analysis_summary:267 - === PREDICTION ANALYSIS SUMMARY (VAL) ===
2025-10-07 17:02:12 - evaluator.prediction_analyzer - INFO - _log_analysis_summary:276 - Ground truth items per example: avg=2.2, min=1, max=3
2025-10-07 17:02:12 - evaluator.prediction_analyzer - INFO - _log_analysis_summary:282 - Epoch range: 0 - 61
2025-10-07 17:02:12 - evaluator.prediction_analyzer - INFO - _log_analysis_summary:300 - Top-5: avg_hits=0.4, avg_recall=0.184, examples_with_hits=1102/3100
2025-10-07 17:02:12 - evaluator.prediction_analyzer - INFO - _log_analysis_summary:300 - Top-10: avg_hits=0.6, avg_recall=0.280, examples_with_hits=1526/3100
2025-10-07 17:02:12 - evaluator.prediction_analyzer - INFO - _log_analysis_summary:300 - Top-20: avg_hits=0.9, avg_recall=0.425, examples_with_hits=2016/3100
2025-10-07 17:02:12 - evaluator.prediction_analyzer - INFO - _save_analysis_to_file:382 - Saved prediction analysis to: pytorch_pipeline/outputs/prediction_analysis/predictions_val_grnn_20251007_124143.json
2025-10-07 17:02:12 - evaluator.prediction_analyzer - INFO - _save_summary_statistics:429 - Saved summary statistics to: pytorch_pipeline/outputs/prediction_analysis/summary_val_grnn_20251007_124143.csv
2025-10-07 17:02:12 - evaluator.evaluator - INFO - __enter__:121 - Starting: Computing val metrics
2025-10-07 17:02:12 - evaluator.evaluator - INFO - compute_ranking_metrics:559 - === VAL METRICS SUMMARY ===
2025-10-07 17:02:12 - evaluator.evaluator - INFO - compute_ranking_metrics:561 - recall@10: 0.2916
2025-10-07 17:02:12 - evaluator.evaluator - INFO - compute_ranking_metrics:561 - recall@20: 0.4316
2025-10-07 17:02:12 - evaluator.evaluator - INFO - compute_ranking_metrics:561 - ndcg@10: 0.1913
2025-10-07 17:02:12 - evaluator.evaluator - INFO - compute_ranking_metrics:561 - ndcg@20: 0.2294
2025-10-07 17:02:12 - evaluator.evaluator - INFO - compute_ranking_metrics:561 - hit_ratio@10: 0.5065
2025-10-07 17:02:12 - evaluator.evaluator - INFO - compute_ranking_metrics:561 - hit_ratio@20: 0.6682
2025-10-07 17:02:12 - evaluator.evaluator - INFO - compute_ranking_metrics:561 - precision@10: 0.0634
2025-10-07 17:02:12 - evaluator.evaluator - INFO - compute_ranking_metrics:561 - precision@20: 0.0471
2025-10-07 17:02:12 - evaluator.evaluator - INFO - compute_ranking_metrics:562 - ===================================
2025-10-07 17:02:12 - evaluator.evaluator - INFO - __exit__:128 - Completed: Computing val metrics (took 0.08s)
2025-10-07 17:02:12 - trainer.trainer - INFO - _evaluate_with_full_ranking:663 - VAL Loss: 0.5552
2025-10-07 17:02:12 - trainer.trainer - INFO - __exit__:128 - Completed: Evaluation (val) (took 27.69s)
2025-10-07 17:02:12 - trainer.trainer - INFO - log_training_metrics:163 - Epoch  61 [combined] - train_loss: 0.5718 | train_recall@10: 0.2029 | train_recall@20: 0.3229 | train_ndcg@10: 0.1506 | train_ndcg@20: 0.1898 | train_hit_ratio@10: 0.6349 | train_hit_ratio@20: 0.8339 | train_precision@10: 0.0802 | train_precision@20: 0.0640 | recall@10: 0.2916 | recall@20: 0.4316 | ndcg@10: 0.1913 | ndcg@20: 0.2294 | hit_ratio@10: 0.5065 | hit_ratio@20: 0.6682 | precision@10: 0.0634 | precision@20: 0.0471 | val_loss: 0.5552
2025-10-07 17:02:12 - trainer.trainer - INFO - __enter__:121 - Starting: Evaluation (test)
2025-10-07 17:02:13 - trainer.trainer - INFO - _evaluate_with_full_ranking:546 - Built training item mapping for 1668 users
2025-10-07 17:02:38 - trainer.trainer - INFO - _evaluate_with_full_ranking:578 - Found 1757 unique user-basket pairs for evaluation
2025-10-07 17:02:40 - evaluator.prediction_analyzer - INFO - analyze_predictions:161 - Analyzing predictions for 1757 examples (test mode)
2025-10-07 17:02:40 - evaluator.prediction_analyzer - INFO - __enter__:121 - Starting: Prediction analysis (test)
2025-10-07 17:02:40 - evaluator.prediction_analyzer - INFO - __exit__:128 - Completed: Prediction analysis (test) (took 0.00s)
2025-10-07 17:02:40 - evaluator.prediction_analyzer - INFO - _log_analysis_summary:267 - === PREDICTION ANALYSIS SUMMARY (TEST) ===
2025-10-07 17:02:40 - evaluator.prediction_analyzer - INFO - _log_analysis_summary:276 - Ground truth items per example: avg=2.2, min=1, max=3
2025-10-07 17:02:40 - evaluator.prediction_analyzer - INFO - _log_analysis_summary:282 - Epoch range: 10 - 61
2025-10-07 17:02:40 - evaluator.prediction_analyzer - INFO - _log_analysis_summary:300 - Top-5: avg_hits=0.4, avg_recall=0.210, examples_with_hits=1051/2600
2025-10-07 17:02:40 - evaluator.prediction_analyzer - INFO - _log_analysis_summary:300 - Top-10: avg_hits=0.6, avg_recall=0.309, examples_with_hits=1398/2600
2025-10-07 17:02:40 - evaluator.prediction_analyzer - INFO - _log_analysis_summary:300 - Top-20: avg_hits=1.0, avg_recall=0.454, examples_with_hits=1779/2600
2025-10-07 17:02:40 - evaluator.prediction_analyzer - INFO - _save_analysis_to_file:382 - Saved prediction analysis to: pytorch_pipeline/outputs/prediction_analysis/predictions_test_grnn_20251007_124143.json
2025-10-07 17:02:40 - evaluator.prediction_analyzer - INFO - _save_summary_statistics:429 - Saved summary statistics to: pytorch_pipeline/outputs/prediction_analysis/summary_test_grnn_20251007_124143.csv
2025-10-07 17:02:40 - evaluator.prediction_analyzer - INFO - show_detailed_examples:321 - === DETAILED PREDICTION EXAMPLES (TEST) ===
2025-10-07 17:02:40 - evaluator.prediction_analyzer - INFO - _show_single_example:333 - 
--- Example 1 (next-basket prediction) ---
2025-10-07 17:02:40 - evaluator.prediction_analyzer - INFO - _show_single_example:334 - User ID: 0, Basket ID: 3
2025-10-07 17:02:40 - evaluator.prediction_analyzer - INFO - _show_single_example:338 - Ground Truth (3 items): ['0', '64', '4']
2025-10-07 17:02:40 - evaluator.prediction_analyzer - INFO - _show_single_example:352 - 
Top-5 Predictions:
2025-10-07 17:02:40 - evaluator.prediction_analyzer - INFO - _show_single_example:354 -   Predicted: ['37', '17', '4', '23', '49']
2025-10-07 17:02:40 - evaluator.prediction_analyzer - INFO - _show_single_example:360 -   ✓ Hits (1): ['4']
2025-10-07 17:02:40 - evaluator.prediction_analyzer - INFO - _show_single_example:363 -   Metrics: Recall=0.333, Precision=0.200
2025-10-07 17:02:40 - evaluator.prediction_analyzer - INFO - _show_single_example:352 - 
Top-10 Predictions:
2025-10-07 17:02:40 - evaluator.prediction_analyzer - INFO - _show_single_example:354 -   Predicted: ['37', '17', '4', '23', '49', '22', '3', '10', '70', '2']
2025-10-07 17:02:40 - evaluator.prediction_analyzer - INFO - _show_single_example:360 -   ✓ Hits (1): ['4']
2025-10-07 17:02:40 - evaluator.prediction_analyzer - INFO - _show_single_example:363 -   Metrics: Recall=0.333, Precision=0.100
2025-10-07 17:02:40 - evaluator.prediction_analyzer - INFO - _show_single_example:352 - 
Top-20 Predictions:
2025-10-07 17:02:40 - evaluator.prediction_analyzer - INFO - _show_single_example:354 -   Predicted: ['37', '17', '4', '23', '49', '22', '3', '10', '70', '2', '114', '11', '0', '65', '74', '68', '113', '59', '16', '21']
2025-10-07 17:02:40 - evaluator.prediction_analyzer - INFO - _show_single_example:360 -   ✓ Hits (2): ['4', '0']
2025-10-07 17:02:40 - evaluator.prediction_analyzer - INFO - _show_single_example:363 -   Metrics: Recall=0.667, Precision=0.100
2025-10-07 17:02:40 - evaluator.prediction_analyzer - INFO - _show_single_example:333 - 
--- Example 2 (next-basket prediction) ---
2025-10-07 17:02:40 - evaluator.prediction_analyzer - INFO - _show_single_example:334 - User ID: 2, Basket ID: 12
2025-10-07 17:02:40 - evaluator.prediction_analyzer - INFO - _show_single_example:338 - Ground Truth (3 items): ['33', '2', '3']
2025-10-07 17:02:40 - evaluator.prediction_analyzer - INFO - _show_single_example:352 - 
Top-5 Predictions:
2025-10-07 17:02:40 - evaluator.prediction_analyzer - INFO - _show_single_example:354 -   Predicted: ['37', '17', '4', '23', '1']
2025-10-07 17:02:40 - evaluator.prediction_analyzer - INFO - _show_single_example:365 -   ✗ No hits in top-5
2025-10-07 17:02:40 - evaluator.prediction_analyzer - INFO - _show_single_example:352 - 
Top-10 Predictions:
2025-10-07 17:02:40 - evaluator.prediction_analyzer - INFO - _show_single_example:354 -   Predicted: ['37', '17', '4', '23', '1', '49', '3', '10', '70', '2']
2025-10-07 17:02:40 - evaluator.prediction_analyzer - INFO - _show_single_example:360 -   ✓ Hits (2): ['3', '2']
2025-10-07 17:02:40 - evaluator.prediction_analyzer - INFO - _show_single_example:363 -   Metrics: Recall=0.667, Precision=0.200
2025-10-07 17:02:40 - evaluator.prediction_analyzer - INFO - _show_single_example:352 - 
Top-20 Predictions:
2025-10-07 17:02:40 - evaluator.prediction_analyzer - INFO - _show_single_example:354 -   Predicted: ['37', '17', '4', '23', '1', '49', '3', '10', '70', '2', '114', '0', '65', '74', '68', '113', '59', '16', '21', '19']
2025-10-07 17:02:40 - evaluator.prediction_analyzer - INFO - _show_single_example:360 -   ✓ Hits (2): ['3', '2']
2025-10-07 17:02:40 - evaluator.prediction_analyzer - INFO - _show_single_example:363 -   Metrics: Recall=0.667, Precision=0.100
2025-10-07 17:02:40 - evaluator.prediction_analyzer - INFO - _show_single_example:333 - 
--- Example 3 (next-basket prediction) ---
2025-10-07 17:02:40 - evaluator.prediction_analyzer - INFO - _show_single_example:334 - User ID: 3, Basket ID: 15
2025-10-07 17:02:40 - evaluator.prediction_analyzer - INFO - _show_single_example:338 - Ground Truth (3 items): ['65', '3', '70']
2025-10-07 17:02:40 - evaluator.prediction_analyzer - INFO - _show_single_example:352 - 
Top-5 Predictions:
2025-10-07 17:02:40 - evaluator.prediction_analyzer - INFO - _show_single_example:354 -   Predicted: ['17', '4', '23', '1', '49']
2025-10-07 17:02:40 - evaluator.prediction_analyzer - INFO - _show_single_example:365 -   ✗ No hits in top-5
2025-10-07 17:02:40 - evaluator.prediction_analyzer - INFO - _show_single_example:352 - 
Top-10 Predictions:
2025-10-07 17:02:40 - evaluator.prediction_analyzer - INFO - _show_single_example:354 -   Predicted: ['17', '4', '23', '1', '49', '22', '3', '10', '70', '2']
2025-10-07 17:02:40 - evaluator.prediction_analyzer - INFO - _show_single_example:360 -   ✓ Hits (2): ['3', '70']
2025-10-07 17:02:40 - evaluator.prediction_analyzer - INFO - _show_single_example:363 -   Metrics: Recall=0.667, Precision=0.200
2025-10-07 17:02:40 - evaluator.prediction_analyzer - INFO - _show_single_example:352 - 
Top-20 Predictions:
2025-10-07 17:02:40 - evaluator.prediction_analyzer - INFO - _show_single_example:354 -   Predicted: ['17', '4', '23', '1', '49', '22', '3', '10', '70', '2', '114', '11', '0', '65', '74', '68', '113', '59', '16', '21']
2025-10-07 17:02:40 - evaluator.prediction_analyzer - INFO - _show_single_example:360 -   ✓ Hits (3): ['3', '70', '65']
2025-10-07 17:02:40 - evaluator.prediction_analyzer - INFO - _show_single_example:363 -   Metrics: Recall=1.000, Precision=0.150
2025-10-07 17:02:40 - evaluator.prediction_analyzer - INFO - show_detailed_examples:327 - ============================================================
2025-10-07 17:02:40 - evaluator.evaluator - INFO - __enter__:121 - Starting: Computing test metrics
2025-10-07 17:02:40 - evaluator.evaluator - INFO - compute_ranking_metrics:559 - === TEST METRICS SUMMARY ===
2025-10-07 17:02:40 - evaluator.evaluator - INFO - compute_ranking_metrics:561 - recall@10: 0.2956
2025-10-07 17:02:40 - evaluator.evaluator - INFO - compute_ranking_metrics:561 - recall@20: 0.4372
2025-10-07 17:02:40 - evaluator.evaluator - INFO - compute_ranking_metrics:561 - ndcg@10: 0.1933
2025-10-07 17:02:40 - evaluator.evaluator - INFO - compute_ranking_metrics:561 - ndcg@20: 0.2318
2025-10-07 17:02:40 - evaluator.evaluator - INFO - compute_ranking_metrics:561 - hit_ratio@10: 0.5128
2025-10-07 17:02:40 - evaluator.evaluator - INFO - compute_ranking_metrics:561 - hit_ratio@20: 0.6762
2025-10-07 17:02:40 - evaluator.evaluator - INFO - compute_ranking_metrics:561 - precision@10: 0.0641
2025-10-07 17:02:40 - evaluator.evaluator - INFO - compute_ranking_metrics:561 - precision@20: 0.0476
2025-10-07 17:02:40 - evaluator.evaluator - INFO - compute_ranking_metrics:562 - ===================================
2025-10-07 17:02:40 - evaluator.evaluator - INFO - __exit__:128 - Completed: Computing test metrics (took 0.09s)
2025-10-07 17:02:40 - trainer.trainer - INFO - _evaluate_with_full_ranking:663 - TEST Loss: 0.5544
2025-10-07 17:02:40 - trainer.trainer - INFO - __exit__:128 - Completed: Evaluation (test) (took 27.72s)
2025-10-07 17:02:40 - trainer.trainer - INFO - _train_epoch:353 - Training metrics computation disabled
2025-10-07 17:02:40 - trainer.trainer - INFO - __enter__:121 - Starting: Training epoch 62
2025-10-07 17:03:15 - trainer.trainer - INFO - __exit__:128 - Completed: Training epoch 62 (took 34.63s)
2025-10-07 17:03:15 - trainer.trainer - INFO - _train_epoch:417 - Computing training ranking metrics from 1668 user-basket pairs
2025-10-07 17:03:20 - evaluator.evaluator - INFO - __enter__:121 - Starting: Computing train metrics
2025-10-07 17:03:20 - evaluator.evaluator - INFO - compute_ranking_metrics:559 - === TRAIN METRICS SUMMARY ===
2025-10-07 17:03:20 - evaluator.evaluator - INFO - compute_ranking_metrics:561 - recall@10: 0.2024
2025-10-07 17:03:20 - evaluator.evaluator - INFO - compute_ranking_metrics:561 - recall@20: 0.3225
2025-10-07 17:03:20 - evaluator.evaluator - INFO - compute_ranking_metrics:561 - ndcg@10: 0.1507
2025-10-07 17:03:20 - evaluator.evaluator - INFO - compute_ranking_metrics:561 - ndcg@20: 0.1899
2025-10-07 17:03:20 - evaluator.evaluator - INFO - compute_ranking_metrics:561 - hit_ratio@10: 0.6367
2025-10-07 17:03:20 - evaluator.evaluator - INFO - compute_ranking_metrics:561 - hit_ratio@20: 0.8351
2025-10-07 17:03:20 - evaluator.evaluator - INFO - compute_ranking_metrics:561 - precision@10: 0.0802
2025-10-07 17:03:20 - evaluator.evaluator - INFO - compute_ranking_metrics:561 - precision@20: 0.0639
2025-10-07 17:03:20 - evaluator.evaluator - INFO - compute_ranking_metrics:562 - ===================================
2025-10-07 17:03:20 - evaluator.evaluator - INFO - __exit__:128 - Completed: Computing train metrics (took 0.08s)
2025-10-07 17:03:20 - trainer.trainer - INFO - _train_epoch:424 - Training metrics computed: ['recall@10', 'recall@20', 'ndcg@10', 'ndcg@20', 'hit_ratio@10', 'hit_ratio@20', 'precision@10', 'precision@20']
2025-10-07 17:03:20 - trainer.trainer - INFO - __enter__:121 - Starting: Evaluation (val)
2025-10-07 17:03:20 - trainer.trainer - INFO - _evaluate_with_full_ranking:546 - Built training item mapping for 1668 users
2025-10-07 17:03:45 - trainer.trainer - INFO - _evaluate_with_full_ranking:578 - Found 1757 unique user-basket pairs for evaluation
2025-10-07 17:03:47 - evaluator.prediction_analyzer - INFO - analyze_predictions:161 - Analyzing predictions for 1757 examples (val mode)
2025-10-07 17:03:47 - evaluator.prediction_analyzer - INFO - __enter__:121 - Starting: Prediction analysis (val)
2025-10-07 17:03:47 - evaluator.prediction_analyzer - INFO - __exit__:128 - Completed: Prediction analysis (val) (took 0.00s)
2025-10-07 17:03:47 - evaluator.prediction_analyzer - INFO - _log_analysis_summary:267 - === PREDICTION ANALYSIS SUMMARY (VAL) ===
2025-10-07 17:03:47 - evaluator.prediction_analyzer - INFO - _log_analysis_summary:276 - Ground truth items per example: avg=2.2, min=1, max=3
2025-10-07 17:03:47 - evaluator.prediction_analyzer - INFO - _log_analysis_summary:282 - Epoch range: 0 - 62
2025-10-07 17:03:47 - evaluator.prediction_analyzer - INFO - _log_analysis_summary:300 - Top-5: avg_hits=0.4, avg_recall=0.184, examples_with_hits=1119/3150
2025-10-07 17:03:47 - evaluator.prediction_analyzer - INFO - _log_analysis_summary:300 - Top-10: avg_hits=0.6, avg_recall=0.280, examples_with_hits=1549/3150
2025-10-07 17:03:47 - evaluator.prediction_analyzer - INFO - _log_analysis_summary:300 - Top-20: avg_hits=0.9, avg_recall=0.424, examples_with_hits=2045/3150
2025-10-07 17:03:47 - evaluator.prediction_analyzer - INFO - _save_analysis_to_file:382 - Saved prediction analysis to: pytorch_pipeline/outputs/prediction_analysis/predictions_val_grnn_20251007_124143.json
2025-10-07 17:03:47 - evaluator.prediction_analyzer - INFO - _save_summary_statistics:429 - Saved summary statistics to: pytorch_pipeline/outputs/prediction_analysis/summary_val_grnn_20251007_124143.csv
2025-10-07 17:03:47 - evaluator.evaluator - INFO - __enter__:121 - Starting: Computing val metrics
2025-10-07 17:03:48 - evaluator.evaluator - INFO - compute_ranking_metrics:559 - === VAL METRICS SUMMARY ===
2025-10-07 17:03:48 - evaluator.evaluator - INFO - compute_ranking_metrics:561 - recall@10: 0.2924
2025-10-07 17:03:48 - evaluator.evaluator - INFO - compute_ranking_metrics:561 - recall@20: 0.4308
2025-10-07 17:03:48 - evaluator.evaluator - INFO - compute_ranking_metrics:561 - ndcg@10: 0.1921
2025-10-07 17:03:48 - evaluator.evaluator - INFO - compute_ranking_metrics:561 - ndcg@20: 0.2298
2025-10-07 17:03:48 - evaluator.evaluator - INFO - compute_ranking_metrics:561 - hit_ratio@10: 0.5043
2025-10-07 17:03:48 - evaluator.evaluator - INFO - compute_ranking_metrics:561 - hit_ratio@20: 0.6642
2025-10-07 17:03:48 - evaluator.evaluator - INFO - compute_ranking_metrics:561 - precision@10: 0.0634
2025-10-07 17:03:48 - evaluator.evaluator - INFO - compute_ranking_metrics:561 - precision@20: 0.0469
2025-10-07 17:03:48 - evaluator.evaluator - INFO - compute_ranking_metrics:562 - ===================================
2025-10-07 17:03:48 - evaluator.evaluator - INFO - __exit__:128 - Completed: Computing val metrics (took 0.08s)
2025-10-07 17:03:48 - trainer.trainer - INFO - _evaluate_with_full_ranking:663 - VAL Loss: 0.5569
2025-10-07 17:03:48 - trainer.trainer - INFO - __exit__:128 - Completed: Evaluation (val) (took 27.95s)
2025-10-07 17:03:48 - trainer.trainer - INFO - log_training_metrics:163 - Epoch  62 [combined] - train_loss: 0.5681 | train_recall@10: 0.2024 | train_recall@20: 0.3225 | train_ndcg@10: 0.1507 | train_ndcg@20: 0.1899 | train_hit_ratio@10: 0.6367 | train_hit_ratio@20: 0.8351 | train_precision@10: 0.0802 | train_precision@20: 0.0639 | recall@10: 0.2924 | recall@20: 0.4308 | ndcg@10: 0.1921 | ndcg@20: 0.2298 | hit_ratio@10: 0.5043 | hit_ratio@20: 0.6642 | precision@10: 0.0634 | precision@20: 0.0469 | val_loss: 0.5569
2025-10-07 17:03:48 - trainer.trainer - INFO - __enter__:121 - Starting: Evaluation (test)
2025-10-07 17:03:48 - trainer.trainer - INFO - _evaluate_with_full_ranking:546 - Built training item mapping for 1668 users
2025-10-07 17:04:13 - trainer.trainer - INFO - _evaluate_with_full_ranking:578 - Found 1757 unique user-basket pairs for evaluation
2025-10-07 17:04:15 - evaluator.prediction_analyzer - INFO - analyze_predictions:161 - Analyzing predictions for 1757 examples (test mode)
2025-10-07 17:04:15 - evaluator.prediction_analyzer - INFO - __enter__:121 - Starting: Prediction analysis (test)
2025-10-07 17:04:15 - evaluator.prediction_analyzer - INFO - __exit__:128 - Completed: Prediction analysis (test) (took 0.00s)
2025-10-07 17:04:15 - evaluator.prediction_analyzer - INFO - _log_analysis_summary:267 - === PREDICTION ANALYSIS SUMMARY (TEST) ===
2025-10-07 17:04:15 - evaluator.prediction_analyzer - INFO - _log_analysis_summary:276 - Ground truth items per example: avg=2.2, min=1, max=3
2025-10-07 17:04:15 - evaluator.prediction_analyzer - INFO - _log_analysis_summary:282 - Epoch range: 10 - 62
2025-10-07 17:04:15 - evaluator.prediction_analyzer - INFO - _log_analysis_summary:300 - Top-5: avg_hits=0.4, avg_recall=0.209, examples_with_hits=1068/2650
2025-10-07 17:04:15 - evaluator.prediction_analyzer - INFO - _log_analysis_summary:300 - Top-10: avg_hits=0.6, avg_recall=0.308, examples_with_hits=1422/2650
2025-10-07 17:04:15 - evaluator.prediction_analyzer - INFO - _log_analysis_summary:300 - Top-20: avg_hits=1.0, avg_recall=0.452, examples_with_hits=1808/2650
2025-10-07 17:04:15 - evaluator.prediction_analyzer - INFO - _save_analysis_to_file:382 - Saved prediction analysis to: pytorch_pipeline/outputs/prediction_analysis/predictions_test_grnn_20251007_124143.json
2025-10-07 17:04:15 - evaluator.prediction_analyzer - INFO - _save_summary_statistics:429 - Saved summary statistics to: pytorch_pipeline/outputs/prediction_analysis/summary_test_grnn_20251007_124143.csv
2025-10-07 17:04:15 - evaluator.prediction_analyzer - INFO - show_detailed_examples:321 - === DETAILED PREDICTION EXAMPLES (TEST) ===
2025-10-07 17:04:15 - evaluator.prediction_analyzer - INFO - _show_single_example:333 - 
--- Example 1 (next-basket prediction) ---
2025-10-07 17:04:15 - evaluator.prediction_analyzer - INFO - _show_single_example:334 - User ID: 0, Basket ID: 3
2025-10-07 17:04:15 - evaluator.prediction_analyzer - INFO - _show_single_example:338 - Ground Truth (3 items): ['0', '64', '4']
2025-10-07 17:04:15 - evaluator.prediction_analyzer - INFO - _show_single_example:352 - 
Top-5 Predictions:
2025-10-07 17:04:15 - evaluator.prediction_analyzer - INFO - _show_single_example:354 -   Predicted: ['37', '17', '4', '23', '49']
2025-10-07 17:04:15 - evaluator.prediction_analyzer - INFO - _show_single_example:360 -   ✓ Hits (1): ['4']
2025-10-07 17:04:15 - evaluator.prediction_analyzer - INFO - _show_single_example:363 -   Metrics: Recall=0.333, Precision=0.200
2025-10-07 17:04:15 - evaluator.prediction_analyzer - INFO - _show_single_example:352 - 
Top-10 Predictions:
2025-10-07 17:04:15 - evaluator.prediction_analyzer - INFO - _show_single_example:354 -   Predicted: ['37', '17', '4', '23', '49', '22', '3', '10', '70', '2']
2025-10-07 17:04:15 - evaluator.prediction_analyzer - INFO - _show_single_example:360 -   ✓ Hits (1): ['4']
2025-10-07 17:04:15 - evaluator.prediction_analyzer - INFO - _show_single_example:363 -   Metrics: Recall=0.333, Precision=0.100
2025-10-07 17:04:15 - evaluator.prediction_analyzer - INFO - _show_single_example:352 - 
Top-20 Predictions:
2025-10-07 17:04:15 - evaluator.prediction_analyzer - INFO - _show_single_example:354 -   Predicted: ['37', '17', '4', '23', '49', '22', '3', '10', '70', '2', '114', '11', '0', '65', '74', '68', '113', '59', '16', '21']
2025-10-07 17:04:15 - evaluator.prediction_analyzer - INFO - _show_single_example:360 -   ✓ Hits (2): ['4', '0']
2025-10-07 17:04:15 - evaluator.prediction_analyzer - INFO - _show_single_example:363 -   Metrics: Recall=0.667, Precision=0.100
2025-10-07 17:04:15 - evaluator.prediction_analyzer - INFO - _show_single_example:333 - 
--- Example 2 (next-basket prediction) ---
2025-10-07 17:04:15 - evaluator.prediction_analyzer - INFO - _show_single_example:334 - User ID: 2, Basket ID: 12
2025-10-07 17:04:15 - evaluator.prediction_analyzer - INFO - _show_single_example:338 - Ground Truth (3 items): ['33', '2', '3']
2025-10-07 17:04:15 - evaluator.prediction_analyzer - INFO - _show_single_example:352 - 
Top-5 Predictions:
2025-10-07 17:04:15 - evaluator.prediction_analyzer - INFO - _show_single_example:354 -   Predicted: ['37', '17', '4', '23', '1']
2025-10-07 17:04:15 - evaluator.prediction_analyzer - INFO - _show_single_example:365 -   ✗ No hits in top-5
2025-10-07 17:04:15 - evaluator.prediction_analyzer - INFO - _show_single_example:352 - 
Top-10 Predictions:
2025-10-07 17:04:15 - evaluator.prediction_analyzer - INFO - _show_single_example:354 -   Predicted: ['37', '17', '4', '23', '1', '49', '3', '10', '70', '2']
2025-10-07 17:04:15 - evaluator.prediction_analyzer - INFO - _show_single_example:360 -   ✓ Hits (2): ['3', '2']
2025-10-07 17:04:15 - evaluator.prediction_analyzer - INFO - _show_single_example:363 -   Metrics: Recall=0.667, Precision=0.200
2025-10-07 17:04:15 - evaluator.prediction_analyzer - INFO - _show_single_example:352 - 
Top-20 Predictions:
2025-10-07 17:04:15 - evaluator.prediction_analyzer - INFO - _show_single_example:354 -   Predicted: ['37', '17', '4', '23', '1', '49', '3', '10', '70', '2', '114', '0', '65', '74', '68', '113', '59', '16', '21', '19']
2025-10-07 17:04:15 - evaluator.prediction_analyzer - INFO - _show_single_example:360 -   ✓ Hits (2): ['3', '2']
2025-10-07 17:04:15 - evaluator.prediction_analyzer - INFO - _show_single_example:363 -   Metrics: Recall=0.667, Precision=0.100
2025-10-07 17:04:15 - evaluator.prediction_analyzer - INFO - _show_single_example:333 - 
--- Example 3 (next-basket prediction) ---
2025-10-07 17:04:15 - evaluator.prediction_analyzer - INFO - _show_single_example:334 - User ID: 3, Basket ID: 15
2025-10-07 17:04:15 - evaluator.prediction_analyzer - INFO - _show_single_example:338 - Ground Truth (3 items): ['65', '3', '70']
2025-10-07 17:04:15 - evaluator.prediction_analyzer - INFO - _show_single_example:352 - 
Top-5 Predictions:
2025-10-07 17:04:15 - evaluator.prediction_analyzer - INFO - _show_single_example:354 -   Predicted: ['17', '4', '23', '1', '49']
2025-10-07 17:04:15 - evaluator.prediction_analyzer - INFO - _show_single_example:365 -   ✗ No hits in top-5
2025-10-07 17:04:15 - evaluator.prediction_analyzer - INFO - _show_single_example:352 - 
Top-10 Predictions:
2025-10-07 17:04:15 - evaluator.prediction_analyzer - INFO - _show_single_example:354 -   Predicted: ['17', '4', '23', '1', '49', '22', '3', '10', '70', '2']
2025-10-07 17:04:15 - evaluator.prediction_analyzer - INFO - _show_single_example:360 -   ✓ Hits (2): ['3', '70']
2025-10-07 17:04:15 - evaluator.prediction_analyzer - INFO - _show_single_example:363 -   Metrics: Recall=0.667, Precision=0.200
2025-10-07 17:04:15 - evaluator.prediction_analyzer - INFO - _show_single_example:352 - 
Top-20 Predictions:
2025-10-07 17:04:15 - evaluator.prediction_analyzer - INFO - _show_single_example:354 -   Predicted: ['17', '4', '23', '1', '49', '22', '3', '10', '70', '2', '114', '11', '0', '65', '74', '68', '113', '59', '16', '21']
2025-10-07 17:04:15 - evaluator.prediction_analyzer - INFO - _show_single_example:360 -   ✓ Hits (3): ['3', '70', '65']
2025-10-07 17:04:15 - evaluator.prediction_analyzer - INFO - _show_single_example:363 -   Metrics: Recall=1.000, Precision=0.150
2025-10-07 17:04:15 - evaluator.prediction_analyzer - INFO - show_detailed_examples:327 - ============================================================
2025-10-07 17:04:15 - evaluator.evaluator - INFO - __enter__:121 - Starting: Computing test metrics
2025-10-07 17:04:15 - evaluator.evaluator - INFO - compute_ranking_metrics:559 - === TEST METRICS SUMMARY ===
2025-10-07 17:04:15 - evaluator.evaluator - INFO - compute_ranking_metrics:561 - recall@10: 0.2922
2025-10-07 17:04:15 - evaluator.evaluator - INFO - compute_ranking_metrics:561 - recall@20: 0.4323
2025-10-07 17:04:15 - evaluator.evaluator - INFO - compute_ranking_metrics:561 - ndcg@10: 0.1913
2025-10-07 17:04:15 - evaluator.evaluator - INFO - compute_ranking_metrics:561 - ndcg@20: 0.2294
2025-10-07 17:04:15 - evaluator.evaluator - INFO - compute_ranking_metrics:561 - hit_ratio@10: 0.5071
2025-10-07 17:04:15 - evaluator.evaluator - INFO - compute_ranking_metrics:561 - hit_ratio@20: 0.6705
2025-10-07 17:04:15 - evaluator.evaluator - INFO - compute_ranking_metrics:561 - precision@10: 0.0635
2025-10-07 17:04:15 - evaluator.evaluator - INFO - compute_ranking_metrics:561 - precision@20: 0.0471
2025-10-07 17:04:15 - evaluator.evaluator - INFO - compute_ranking_metrics:562 - ===================================
2025-10-07 17:04:15 - evaluator.evaluator - INFO - __exit__:128 - Completed: Computing test metrics (took 0.08s)
2025-10-07 17:04:15 - trainer.trainer - INFO - _evaluate_with_full_ranking:663 - TEST Loss: 0.5563
2025-10-07 17:04:15 - trainer.trainer - INFO - __exit__:128 - Completed: Evaluation (test) (took 27.90s)
2025-10-07 17:04:15 - trainer.trainer - INFO - _train_epoch:353 - Training metrics computation disabled
2025-10-07 17:04:15 - trainer.trainer - INFO - __enter__:121 - Starting: Training epoch 63
2025-10-07 17:04:50 - trainer.trainer - INFO - __exit__:128 - Completed: Training epoch 63 (took 34.59s)
2025-10-07 17:04:50 - trainer.trainer - INFO - _train_epoch:417 - Computing training ranking metrics from 1668 user-basket pairs
2025-10-07 17:04:55 - evaluator.evaluator - INFO - __enter__:121 - Starting: Computing train metrics
2025-10-07 17:04:55 - evaluator.evaluator - INFO - compute_ranking_metrics:559 - === TRAIN METRICS SUMMARY ===
2025-10-07 17:04:55 - evaluator.evaluator - INFO - compute_ranking_metrics:561 - recall@10: 0.2022
2025-10-07 17:04:55 - evaluator.evaluator - INFO - compute_ranking_metrics:561 - recall@20: 0.3210
2025-10-07 17:04:55 - evaluator.evaluator - INFO - compute_ranking_metrics:561 - ndcg@10: 0.1504
2025-10-07 17:04:55 - evaluator.evaluator - INFO - compute_ranking_metrics:561 - ndcg@20: 0.1893
2025-10-07 17:04:55 - evaluator.evaluator - INFO - compute_ranking_metrics:561 - hit_ratio@10: 0.6343
2025-10-07 17:04:55 - evaluator.evaluator - INFO - compute_ranking_metrics:561 - hit_ratio@20: 0.8279
2025-10-07 17:04:55 - evaluator.evaluator - INFO - compute_ranking_metrics:561 - precision@10: 0.0801
2025-10-07 17:04:55 - evaluator.evaluator - INFO - compute_ranking_metrics:561 - precision@20: 0.0636
2025-10-07 17:04:55 - evaluator.evaluator - INFO - compute_ranking_metrics:562 - ===================================
2025-10-07 17:04:55 - evaluator.evaluator - INFO - __exit__:128 - Completed: Computing train metrics (took 0.08s)
2025-10-07 17:04:55 - trainer.trainer - INFO - _train_epoch:424 - Training metrics computed: ['recall@10', 'recall@20', 'ndcg@10', 'ndcg@20', 'hit_ratio@10', 'hit_ratio@20', 'precision@10', 'precision@20']
2025-10-07 17:04:55 - trainer.trainer - INFO - __enter__:121 - Starting: Evaluation (val)
2025-10-07 17:04:55 - trainer.trainer - INFO - _evaluate_with_full_ranking:546 - Built training item mapping for 1668 users
2025-10-07 17:05:21 - trainer.trainer - INFO - _evaluate_with_full_ranking:578 - Found 1757 unique user-basket pairs for evaluation
2025-10-07 17:05:24 - evaluator.prediction_analyzer - INFO - analyze_predictions:161 - Analyzing predictions for 1757 examples (val mode)
2025-10-07 17:05:24 - evaluator.prediction_analyzer - INFO - __enter__:121 - Starting: Prediction analysis (val)
2025-10-07 17:05:24 - evaluator.prediction_analyzer - INFO - __exit__:128 - Completed: Prediction analysis (val) (took 0.00s)
2025-10-07 17:05:24 - evaluator.prediction_analyzer - INFO - _log_analysis_summary:267 - === PREDICTION ANALYSIS SUMMARY (VAL) ===
2025-10-07 17:05:24 - evaluator.prediction_analyzer - INFO - _log_analysis_summary:276 - Ground truth items per example: avg=2.2, min=1, max=3
2025-10-07 17:05:24 - evaluator.prediction_analyzer - INFO - _log_analysis_summary:282 - Epoch range: 0 - 63
2025-10-07 17:05:24 - evaluator.prediction_analyzer - INFO - _log_analysis_summary:300 - Top-5: avg_hits=0.4, avg_recall=0.183, examples_with_hits=1136/3200
2025-10-07 17:05:24 - evaluator.prediction_analyzer - INFO - _log_analysis_summary:300 - Top-10: avg_hits=0.6, avg_recall=0.279, examples_with_hits=1572/3200
2025-10-07 17:05:24 - evaluator.prediction_analyzer - INFO - _log_analysis_summary:300 - Top-20: avg_hits=0.9, avg_recall=0.423, examples_with_hits=2075/3200
2025-10-07 17:05:24 - evaluator.prediction_analyzer - INFO - _save_analysis_to_file:382 - Saved prediction analysis to: pytorch_pipeline/outputs/prediction_analysis/predictions_val_grnn_20251007_124143.json
2025-10-07 17:05:24 - evaluator.prediction_analyzer - INFO - _save_summary_statistics:429 - Saved summary statistics to: pytorch_pipeline/outputs/prediction_analysis/summary_val_grnn_20251007_124143.csv
2025-10-07 17:05:24 - evaluator.evaluator - INFO - __enter__:121 - Starting: Computing val metrics
2025-10-07 17:05:24 - evaluator.evaluator - INFO - compute_ranking_metrics:559 - === VAL METRICS SUMMARY ===
2025-10-07 17:05:24 - evaluator.evaluator - INFO - compute_ranking_metrics:561 - recall@10: 0.2952
2025-10-07 17:05:24 - evaluator.evaluator - INFO - compute_ranking_metrics:561 - recall@20: 0.4350
2025-10-07 17:05:24 - evaluator.evaluator - INFO - compute_ranking_metrics:561 - ndcg@10: 0.1929
2025-10-07 17:05:24 - evaluator.evaluator - INFO - compute_ranking_metrics:561 - ndcg@20: 0.2310
2025-10-07 17:05:24 - evaluator.evaluator - INFO - compute_ranking_metrics:561 - hit_ratio@10: 0.5083
2025-10-07 17:05:24 - evaluator.evaluator - INFO - compute_ranking_metrics:561 - hit_ratio@20: 0.6710
2025-10-07 17:05:24 - evaluator.evaluator - INFO - compute_ranking_metrics:561 - precision@10: 0.0641
2025-10-07 17:05:24 - evaluator.evaluator - INFO - compute_ranking_metrics:561 - precision@20: 0.0474
2025-10-07 17:05:24 - evaluator.evaluator - INFO - compute_ranking_metrics:562 - ===================================
2025-10-07 17:05:24 - evaluator.evaluator - INFO - __exit__:128 - Completed: Computing val metrics (took 0.08s)
2025-10-07 17:05:24 - trainer.trainer - INFO - _evaluate_with_full_ranking:663 - VAL Loss: 0.5500
2025-10-07 17:05:24 - trainer.trainer - INFO - __exit__:128 - Completed: Evaluation (val) (took 28.79s)
2025-10-07 17:05:24 - trainer.trainer - INFO - log_training_metrics:163 - Epoch  63 [combined] - train_loss: 0.5720 | train_recall@10: 0.2022 | train_recall@20: 0.3210 | train_ndcg@10: 0.1504 | train_ndcg@20: 0.1893 | train_hit_ratio@10: 0.6343 | train_hit_ratio@20: 0.8279 | train_precision@10: 0.0801 | train_precision@20: 0.0636 | recall@10: 0.2952 | recall@20: 0.4350 | ndcg@10: 0.1929 | ndcg@20: 0.2310 | hit_ratio@10: 0.5083 | hit_ratio@20: 0.6710 | precision@10: 0.0641 | precision@20: 0.0474 | val_loss: 0.5500
2025-10-07 17:05:24 - trainer.trainer - INFO - __enter__:121 - Starting: Evaluation (test)
2025-10-07 17:05:24 - trainer.trainer - INFO - _evaluate_with_full_ranking:546 - Built training item mapping for 1668 users
2025-10-07 17:05:49 - trainer.trainer - INFO - _evaluate_with_full_ranking:578 - Found 1757 unique user-basket pairs for evaluation
2025-10-07 17:05:52 - evaluator.prediction_analyzer - INFO - analyze_predictions:161 - Analyzing predictions for 1757 examples (test mode)
2025-10-07 17:05:52 - evaluator.prediction_analyzer - INFO - __enter__:121 - Starting: Prediction analysis (test)
2025-10-07 17:05:52 - evaluator.prediction_analyzer - INFO - __exit__:128 - Completed: Prediction analysis (test) (took 0.00s)
2025-10-07 17:05:52 - evaluator.prediction_analyzer - INFO - _log_analysis_summary:267 - === PREDICTION ANALYSIS SUMMARY (TEST) ===
2025-10-07 17:05:52 - evaluator.prediction_analyzer - INFO - _log_analysis_summary:276 - Ground truth items per example: avg=2.2, min=1, max=3
2025-10-07 17:05:52 - evaluator.prediction_analyzer - INFO - _log_analysis_summary:282 - Epoch range: 10 - 63
2025-10-07 17:05:52 - evaluator.prediction_analyzer - INFO - _log_analysis_summary:300 - Top-5: avg_hits=0.4, avg_recall=0.208, examples_with_hits=1085/2700
2025-10-07 17:05:52 - evaluator.prediction_analyzer - INFO - _log_analysis_summary:300 - Top-10: avg_hits=0.6, avg_recall=0.307, examples_with_hits=1446/2700
2025-10-07 17:05:52 - evaluator.prediction_analyzer - INFO - _log_analysis_summary:300 - Top-20: avg_hits=1.0, avg_recall=0.450, examples_with_hits=1838/2700
2025-10-07 17:05:52 - evaluator.prediction_analyzer - INFO - _save_analysis_to_file:382 - Saved prediction analysis to: pytorch_pipeline/outputs/prediction_analysis/predictions_test_grnn_20251007_124143.json
2025-10-07 17:05:52 - evaluator.prediction_analyzer - INFO - _save_summary_statistics:429 - Saved summary statistics to: pytorch_pipeline/outputs/prediction_analysis/summary_test_grnn_20251007_124143.csv
2025-10-07 17:05:52 - evaluator.prediction_analyzer - INFO - show_detailed_examples:321 - === DETAILED PREDICTION EXAMPLES (TEST) ===
2025-10-07 17:05:52 - evaluator.prediction_analyzer - INFO - _show_single_example:333 - 
--- Example 1 (next-basket prediction) ---
2025-10-07 17:05:52 - evaluator.prediction_analyzer - INFO - _show_single_example:334 - User ID: 0, Basket ID: 3
2025-10-07 17:05:52 - evaluator.prediction_analyzer - INFO - _show_single_example:338 - Ground Truth (3 items): ['0', '64', '4']
2025-10-07 17:05:52 - evaluator.prediction_analyzer - INFO - _show_single_example:352 - 
Top-5 Predictions:
2025-10-07 17:05:52 - evaluator.prediction_analyzer - INFO - _show_single_example:354 -   Predicted: ['37', '17', '4', '23', '49']
2025-10-07 17:05:52 - evaluator.prediction_analyzer - INFO - _show_single_example:360 -   ✓ Hits (1): ['4']
2025-10-07 17:05:52 - evaluator.prediction_analyzer - INFO - _show_single_example:363 -   Metrics: Recall=0.333, Precision=0.200
2025-10-07 17:05:52 - evaluator.prediction_analyzer - INFO - _show_single_example:352 - 
Top-10 Predictions:
2025-10-07 17:05:52 - evaluator.prediction_analyzer - INFO - _show_single_example:354 -   Predicted: ['37', '17', '4', '23', '49', '22', '3', '10', '70', '2']
2025-10-07 17:05:52 - evaluator.prediction_analyzer - INFO - _show_single_example:360 -   ✓ Hits (1): ['4']
2025-10-07 17:05:52 - evaluator.prediction_analyzer - INFO - _show_single_example:363 -   Metrics: Recall=0.333, Precision=0.100
2025-10-07 17:05:52 - evaluator.prediction_analyzer - INFO - _show_single_example:352 - 
Top-20 Predictions:
2025-10-07 17:05:52 - evaluator.prediction_analyzer - INFO - _show_single_example:354 -   Predicted: ['37', '17', '4', '23', '49', '22', '3', '10', '70', '2', '114', '11', '0', '65', '74', '68', '113', '59', '16', '21']
2025-10-07 17:05:52 - evaluator.prediction_analyzer - INFO - _show_single_example:360 -   ✓ Hits (2): ['4', '0']
2025-10-07 17:05:52 - evaluator.prediction_analyzer - INFO - _show_single_example:363 -   Metrics: Recall=0.667, Precision=0.100
2025-10-07 17:05:52 - evaluator.prediction_analyzer - INFO - _show_single_example:333 - 
--- Example 2 (next-basket prediction) ---
2025-10-07 17:05:52 - evaluator.prediction_analyzer - INFO - _show_single_example:334 - User ID: 2, Basket ID: 12
2025-10-07 17:05:52 - evaluator.prediction_analyzer - INFO - _show_single_example:338 - Ground Truth (3 items): ['33', '2', '3']
2025-10-07 17:05:52 - evaluator.prediction_analyzer - INFO - _show_single_example:352 - 
Top-5 Predictions:
2025-10-07 17:05:52 - evaluator.prediction_analyzer - INFO - _show_single_example:354 -   Predicted: ['37', '17', '4', '23', '1']
2025-10-07 17:05:52 - evaluator.prediction_analyzer - INFO - _show_single_example:365 -   ✗ No hits in top-5
2025-10-07 17:05:52 - evaluator.prediction_analyzer - INFO - _show_single_example:352 - 
Top-10 Predictions:
2025-10-07 17:05:52 - evaluator.prediction_analyzer - INFO - _show_single_example:354 -   Predicted: ['37', '17', '4', '23', '1', '49', '3', '10', '70', '2']
2025-10-07 17:05:52 - evaluator.prediction_analyzer - INFO - _show_single_example:360 -   ✓ Hits (2): ['3', '2']
2025-10-07 17:05:52 - evaluator.prediction_analyzer - INFO - _show_single_example:363 -   Metrics: Recall=0.667, Precision=0.200
2025-10-07 17:05:52 - evaluator.prediction_analyzer - INFO - _show_single_example:352 - 
Top-20 Predictions:
2025-10-07 17:05:52 - evaluator.prediction_analyzer - INFO - _show_single_example:354 -   Predicted: ['37', '17', '4', '23', '1', '49', '3', '10', '70', '2', '114', '0', '65', '74', '68', '113', '59', '16', '21', '19']
2025-10-07 17:05:52 - evaluator.prediction_analyzer - INFO - _show_single_example:360 -   ✓ Hits (2): ['3', '2']
2025-10-07 17:05:52 - evaluator.prediction_analyzer - INFO - _show_single_example:363 -   Metrics: Recall=0.667, Precision=0.100
2025-10-07 17:05:52 - evaluator.prediction_analyzer - INFO - _show_single_example:333 - 
--- Example 3 (next-basket prediction) ---
2025-10-07 17:05:52 - evaluator.prediction_analyzer - INFO - _show_single_example:334 - User ID: 3, Basket ID: 15
2025-10-07 17:05:52 - evaluator.prediction_analyzer - INFO - _show_single_example:338 - Ground Truth (3 items): ['65', '3', '70']
2025-10-07 17:05:52 - evaluator.prediction_analyzer - INFO - _show_single_example:352 - 
Top-5 Predictions:
2025-10-07 17:05:52 - evaluator.prediction_analyzer - INFO - _show_single_example:354 -   Predicted: ['17', '4', '23', '1', '49']
2025-10-07 17:05:52 - evaluator.prediction_analyzer - INFO - _show_single_example:365 -   ✗ No hits in top-5
2025-10-07 17:05:52 - evaluator.prediction_analyzer - INFO - _show_single_example:352 - 
Top-10 Predictions:
2025-10-07 17:05:52 - evaluator.prediction_analyzer - INFO - _show_single_example:354 -   Predicted: ['17', '4', '23', '1', '49', '22', '3', '10', '70', '2']
2025-10-07 17:05:52 - evaluator.prediction_analyzer - INFO - _show_single_example:360 -   ✓ Hits (2): ['3', '70']
2025-10-07 17:05:52 - evaluator.prediction_analyzer - INFO - _show_single_example:363 -   Metrics: Recall=0.667, Precision=0.200
2025-10-07 17:05:52 - evaluator.prediction_analyzer - INFO - _show_single_example:352 - 
Top-20 Predictions:
2025-10-07 17:05:52 - evaluator.prediction_analyzer - INFO - _show_single_example:354 -   Predicted: ['17', '4', '23', '1', '49', '22', '3', '10', '70', '2', '114', '11', '0', '65', '74', '68', '113', '59', '16', '21']
2025-10-07 17:05:52 - evaluator.prediction_analyzer - INFO - _show_single_example:360 -   ✓ Hits (3): ['3', '70', '65']
2025-10-07 17:05:52 - evaluator.prediction_analyzer - INFO - _show_single_example:363 -   Metrics: Recall=1.000, Precision=0.150
2025-10-07 17:05:52 - evaluator.prediction_analyzer - INFO - show_detailed_examples:327 - ============================================================
2025-10-07 17:05:52 - evaluator.evaluator - INFO - __enter__:121 - Starting: Computing test metrics
2025-10-07 17:05:52 - evaluator.evaluator - INFO - compute_ranking_metrics:559 - === TEST METRICS SUMMARY ===
2025-10-07 17:05:52 - evaluator.evaluator - INFO - compute_ranking_metrics:561 - recall@10: 0.2943
2025-10-07 17:05:52 - evaluator.evaluator - INFO - compute_ranking_metrics:561 - recall@20: 0.4338
2025-10-07 17:05:52 - evaluator.evaluator - INFO - compute_ranking_metrics:561 - ndcg@10: 0.1932
2025-10-07 17:05:52 - evaluator.evaluator - INFO - compute_ranking_metrics:561 - ndcg@20: 0.2311
2025-10-07 17:05:52 - evaluator.evaluator - INFO - compute_ranking_metrics:561 - hit_ratio@10: 0.5105
2025-10-07 17:05:52 - evaluator.evaluator - INFO - compute_ranking_metrics:561 - hit_ratio@20: 0.6682
2025-10-07 17:05:52 - evaluator.evaluator - INFO - compute_ranking_metrics:561 - precision@10: 0.0640
2025-10-07 17:05:52 - evaluator.evaluator - INFO - compute_ranking_metrics:561 - precision@20: 0.0473
2025-10-07 17:05:52 - evaluator.evaluator - INFO - compute_ranking_metrics:562 - ===================================
2025-10-07 17:05:52 - evaluator.evaluator - INFO - __exit__:128 - Completed: Computing test metrics (took 0.08s)
2025-10-07 17:05:52 - trainer.trainer - INFO - _evaluate_with_full_ranking:663 - TEST Loss: 0.5458
2025-10-07 17:05:52 - trainer.trainer - INFO - __exit__:128 - Completed: Evaluation (test) (took 28.04s)
2025-10-07 17:05:52 - trainer.trainer - INFO - _train_epoch:353 - Training metrics computation disabled
2025-10-07 17:05:52 - trainer.trainer - INFO - __enter__:121 - Starting: Training epoch 64
2025-10-07 17:06:27 - trainer.trainer - INFO - __exit__:128 - Completed: Training epoch 64 (took 34.85s)
2025-10-07 17:06:27 - trainer.trainer - INFO - _train_epoch:417 - Computing training ranking metrics from 1668 user-basket pairs
2025-10-07 17:06:32 - evaluator.evaluator - INFO - __enter__:121 - Starting: Computing train metrics
2025-10-07 17:06:32 - evaluator.evaluator - INFO - compute_ranking_metrics:559 - === TRAIN METRICS SUMMARY ===
2025-10-07 17:06:32 - evaluator.evaluator - INFO - compute_ranking_metrics:561 - recall@10: 0.2001
2025-10-07 17:06:32 - evaluator.evaluator - INFO - compute_ranking_metrics:561 - recall@20: 0.3211
2025-10-07 17:06:32 - evaluator.evaluator - INFO - compute_ranking_metrics:561 - ndcg@10: 0.1500
2025-10-07 17:06:32 - evaluator.evaluator - INFO - compute_ranking_metrics:561 - ndcg@20: 0.1896
2025-10-07 17:06:32 - evaluator.evaluator - INFO - compute_ranking_metrics:561 - hit_ratio@10: 0.6277
2025-10-07 17:06:32 - evaluator.evaluator - INFO - compute_ranking_metrics:561 - hit_ratio@20: 0.8279
2025-10-07 17:06:32 - evaluator.evaluator - INFO - compute_ranking_metrics:561 - precision@10: 0.0793
2025-10-07 17:06:32 - evaluator.evaluator - INFO - compute_ranking_metrics:561 - precision@20: 0.0636
2025-10-07 17:06:32 - evaluator.evaluator - INFO - compute_ranking_metrics:562 - ===================================
2025-10-07 17:06:32 - evaluator.evaluator - INFO - __exit__:128 - Completed: Computing train metrics (took 0.08s)
2025-10-07 17:06:32 - trainer.trainer - INFO - _train_epoch:424 - Training metrics computed: ['recall@10', 'recall@20', 'ndcg@10', 'ndcg@20', 'hit_ratio@10', 'hit_ratio@20', 'precision@10', 'precision@20']
2025-10-07 17:06:32 - trainer.trainer - INFO - __enter__:121 - Starting: Evaluation (val)
2025-10-07 17:06:32 - trainer.trainer - INFO - _evaluate_with_full_ranking:546 - Built training item mapping for 1668 users
2025-10-07 17:06:57 - trainer.trainer - INFO - _evaluate_with_full_ranking:578 - Found 1757 unique user-basket pairs for evaluation
2025-10-07 17:06:59 - evaluator.prediction_analyzer - INFO - analyze_predictions:161 - Analyzing predictions for 1757 examples (val mode)
2025-10-07 17:06:59 - evaluator.prediction_analyzer - INFO - __enter__:121 - Starting: Prediction analysis (val)
2025-10-07 17:06:59 - evaluator.prediction_analyzer - INFO - __exit__:128 - Completed: Prediction analysis (val) (took 0.00s)
2025-10-07 17:06:59 - evaluator.prediction_analyzer - INFO - _log_analysis_summary:267 - === PREDICTION ANALYSIS SUMMARY (VAL) ===
2025-10-07 17:06:59 - evaluator.prediction_analyzer - INFO - _log_analysis_summary:276 - Ground truth items per example: avg=2.2, min=1, max=3
2025-10-07 17:06:59 - evaluator.prediction_analyzer - INFO - _log_analysis_summary:282 - Epoch range: 0 - 64
2025-10-07 17:06:59 - evaluator.prediction_analyzer - INFO - _log_analysis_summary:300 - Top-5: avg_hits=0.4, avg_recall=0.183, examples_with_hits=1153/3250
2025-10-07 17:06:59 - evaluator.prediction_analyzer - INFO - _log_analysis_summary:300 - Top-10: avg_hits=0.6, avg_recall=0.279, examples_with_hits=1595/3250
2025-10-07 17:06:59 - evaluator.prediction_analyzer - INFO - _log_analysis_summary:300 - Top-20: avg_hits=0.9, avg_recall=0.422, examples_with_hits=2105/3250
2025-10-07 17:07:00 - evaluator.prediction_analyzer - INFO - _save_analysis_to_file:382 - Saved prediction analysis to: pytorch_pipeline/outputs/prediction_analysis/predictions_val_grnn_20251007_124143.json
2025-10-07 17:07:00 - evaluator.prediction_analyzer - INFO - _save_summary_statistics:429 - Saved summary statistics to: pytorch_pipeline/outputs/prediction_analysis/summary_val_grnn_20251007_124143.csv
2025-10-07 17:07:00 - evaluator.evaluator - INFO - __enter__:121 - Starting: Computing val metrics
2025-10-07 17:07:00 - evaluator.evaluator - INFO - compute_ranking_metrics:559 - === VAL METRICS SUMMARY ===
2025-10-07 17:07:00 - evaluator.evaluator - INFO - compute_ranking_metrics:561 - recall@10: 0.2978
2025-10-07 17:07:00 - evaluator.evaluator - INFO - compute_ranking_metrics:561 - recall@20: 0.4351
2025-10-07 17:07:00 - evaluator.evaluator - INFO - compute_ranking_metrics:561 - ndcg@10: 0.1940
2025-10-07 17:07:00 - evaluator.evaluator - INFO - compute_ranking_metrics:561 - ndcg@20: 0.2313
2025-10-07 17:07:00 - evaluator.evaluator - INFO - compute_ranking_metrics:561 - hit_ratio@10: 0.5128
2025-10-07 17:07:00 - evaluator.evaluator - INFO - compute_ranking_metrics:561 - hit_ratio@20: 0.6699
2025-10-07 17:07:00 - evaluator.evaluator - INFO - compute_ranking_metrics:561 - precision@10: 0.0644
2025-10-07 17:07:00 - evaluator.evaluator - INFO - compute_ranking_metrics:561 - precision@20: 0.0474
2025-10-07 17:07:00 - evaluator.evaluator - INFO - compute_ranking_metrics:562 - ===================================
2025-10-07 17:07:00 - evaluator.evaluator - INFO - __exit__:128 - Completed: Computing val metrics (took 0.08s)
2025-10-07 17:07:00 - trainer.trainer - INFO - _evaluate_with_full_ranking:663 - VAL Loss: 0.5486
2025-10-07 17:07:00 - trainer.trainer - INFO - __exit__:128 - Completed: Evaluation (val) (took 27.87s)
2025-10-07 17:07:00 - trainer.trainer - INFO - log_training_metrics:163 - Epoch  64 [combined] - train_loss: 0.5695 | train_recall@10: 0.2001 | train_recall@20: 0.3211 | train_ndcg@10: 0.1500 | train_ndcg@20: 0.1896 | train_hit_ratio@10: 0.6277 | train_hit_ratio@20: 0.8279 | train_precision@10: 0.0793 | train_precision@20: 0.0636 | recall@10: 0.2978 | recall@20: 0.4351 | ndcg@10: 0.1940 | ndcg@20: 0.2313 | hit_ratio@10: 0.5128 | hit_ratio@20: 0.6699 | precision@10: 0.0644 | precision@20: 0.0474 | val_loss: 0.5486
2025-10-07 17:07:00 - trainer.trainer - INFO - __enter__:121 - Starting: Evaluation (test)
2025-10-07 17:07:00 - trainer.trainer - INFO - _evaluate_with_full_ranking:546 - Built training item mapping for 1668 users
2025-10-07 17:07:25 - trainer.trainer - INFO - _evaluate_with_full_ranking:578 - Found 1757 unique user-basket pairs for evaluation
2025-10-07 17:07:27 - evaluator.prediction_analyzer - INFO - analyze_predictions:161 - Analyzing predictions for 1757 examples (test mode)
2025-10-07 17:07:27 - evaluator.prediction_analyzer - INFO - __enter__:121 - Starting: Prediction analysis (test)
2025-10-07 17:07:27 - evaluator.prediction_analyzer - INFO - __exit__:128 - Completed: Prediction analysis (test) (took 0.00s)
2025-10-07 17:07:27 - evaluator.prediction_analyzer - INFO - _log_analysis_summary:267 - === PREDICTION ANALYSIS SUMMARY (TEST) ===
2025-10-07 17:07:27 - evaluator.prediction_analyzer - INFO - _log_analysis_summary:276 - Ground truth items per example: avg=2.2, min=1, max=3
2025-10-07 17:07:27 - evaluator.prediction_analyzer - INFO - _log_analysis_summary:282 - Epoch range: 10 - 64
2025-10-07 17:07:27 - evaluator.prediction_analyzer - INFO - _log_analysis_summary:300 - Top-5: avg_hits=0.4, avg_recall=0.207, examples_with_hits=1102/2750
2025-10-07 17:07:27 - evaluator.prediction_analyzer - INFO - _log_analysis_summary:300 - Top-10: avg_hits=0.6, avg_recall=0.306, examples_with_hits=1469/2750
2025-10-07 17:07:27 - evaluator.prediction_analyzer - INFO - _log_analysis_summary:300 - Top-20: avg_hits=1.0, avg_recall=0.449, examples_with_hits=1867/2750
2025-10-07 17:07:27 - evaluator.prediction_analyzer - INFO - _save_analysis_to_file:382 - Saved prediction analysis to: pytorch_pipeline/outputs/prediction_analysis/predictions_test_grnn_20251007_124143.json
2025-10-07 17:07:27 - evaluator.prediction_analyzer - INFO - _save_summary_statistics:429 - Saved summary statistics to: pytorch_pipeline/outputs/prediction_analysis/summary_test_grnn_20251007_124143.csv
2025-10-07 17:07:27 - evaluator.prediction_analyzer - INFO - show_detailed_examples:321 - === DETAILED PREDICTION EXAMPLES (TEST) ===
2025-10-07 17:07:27 - evaluator.prediction_analyzer - INFO - _show_single_example:333 - 
--- Example 1 (next-basket prediction) ---
2025-10-07 17:07:27 - evaluator.prediction_analyzer - INFO - _show_single_example:334 - User ID: 0, Basket ID: 3
2025-10-07 17:07:27 - evaluator.prediction_analyzer - INFO - _show_single_example:338 - Ground Truth (3 items): ['0', '64', '4']
2025-10-07 17:07:27 - evaluator.prediction_analyzer - INFO - _show_single_example:352 - 
Top-5 Predictions:
2025-10-07 17:07:27 - evaluator.prediction_analyzer - INFO - _show_single_example:354 -   Predicted: ['37', '17', '4', '23', '49']
2025-10-07 17:07:27 - evaluator.prediction_analyzer - INFO - _show_single_example:360 -   ✓ Hits (1): ['4']
2025-10-07 17:07:27 - evaluator.prediction_analyzer - INFO - _show_single_example:363 -   Metrics: Recall=0.333, Precision=0.200
2025-10-07 17:07:27 - evaluator.prediction_analyzer - INFO - _show_single_example:352 - 
Top-10 Predictions:
2025-10-07 17:07:27 - evaluator.prediction_analyzer - INFO - _show_single_example:354 -   Predicted: ['37', '17', '4', '23', '49', '22', '3', '10', '70', '2']
2025-10-07 17:07:27 - evaluator.prediction_analyzer - INFO - _show_single_example:360 -   ✓ Hits (1): ['4']
2025-10-07 17:07:27 - evaluator.prediction_analyzer - INFO - _show_single_example:363 -   Metrics: Recall=0.333, Precision=0.100
2025-10-07 17:07:27 - evaluator.prediction_analyzer - INFO - _show_single_example:352 - 
Top-20 Predictions:
2025-10-07 17:07:27 - evaluator.prediction_analyzer - INFO - _show_single_example:354 -   Predicted: ['37', '17', '4', '23', '49', '22', '3', '10', '70', '2', '114', '11', '0', '65', '74', '68', '113', '59', '16', '21']
2025-10-07 17:07:27 - evaluator.prediction_analyzer - INFO - _show_single_example:360 -   ✓ Hits (2): ['4', '0']
2025-10-07 17:07:27 - evaluator.prediction_analyzer - INFO - _show_single_example:363 -   Metrics: Recall=0.667, Precision=0.100
2025-10-07 17:07:27 - evaluator.prediction_analyzer - INFO - _show_single_example:333 - 
--- Example 2 (next-basket prediction) ---
2025-10-07 17:07:27 - evaluator.prediction_analyzer - INFO - _show_single_example:334 - User ID: 2, Basket ID: 12
2025-10-07 17:07:27 - evaluator.prediction_analyzer - INFO - _show_single_example:338 - Ground Truth (3 items): ['33', '2', '3']
2025-10-07 17:07:27 - evaluator.prediction_analyzer - INFO - _show_single_example:352 - 
Top-5 Predictions:
2025-10-07 17:07:27 - evaluator.prediction_analyzer - INFO - _show_single_example:354 -   Predicted: ['37', '17', '4', '23', '1']
2025-10-07 17:07:27 - evaluator.prediction_analyzer - INFO - _show_single_example:365 -   ✗ No hits in top-5
2025-10-07 17:07:27 - evaluator.prediction_analyzer - INFO - _show_single_example:352 - 
Top-10 Predictions:
2025-10-07 17:07:27 - evaluator.prediction_analyzer - INFO - _show_single_example:354 -   Predicted: ['37', '17', '4', '23', '1', '49', '3', '10', '70', '2']
2025-10-07 17:07:27 - evaluator.prediction_analyzer - INFO - _show_single_example:360 -   ✓ Hits (2): ['3', '2']
2025-10-07 17:07:27 - evaluator.prediction_analyzer - INFO - _show_single_example:363 -   Metrics: Recall=0.667, Precision=0.200
2025-10-07 17:07:27 - evaluator.prediction_analyzer - INFO - _show_single_example:352 - 
Top-20 Predictions:
2025-10-07 17:07:27 - evaluator.prediction_analyzer - INFO - _show_single_example:354 -   Predicted: ['37', '17', '4', '23', '1', '49', '3', '10', '70', '2', '114', '0', '65', '74', '68', '113', '59', '16', '21', '19']
2025-10-07 17:07:27 - evaluator.prediction_analyzer - INFO - _show_single_example:360 -   ✓ Hits (2): ['3', '2']
2025-10-07 17:07:27 - evaluator.prediction_analyzer - INFO - _show_single_example:363 -   Metrics: Recall=0.667, Precision=0.100
2025-10-07 17:07:27 - evaluator.prediction_analyzer - INFO - _show_single_example:333 - 
--- Example 3 (next-basket prediction) ---
2025-10-07 17:07:27 - evaluator.prediction_analyzer - INFO - _show_single_example:334 - User ID: 3, Basket ID: 15
2025-10-07 17:07:27 - evaluator.prediction_analyzer - INFO - _show_single_example:338 - Ground Truth (3 items): ['65', '3', '70']
2025-10-07 17:07:27 - evaluator.prediction_analyzer - INFO - _show_single_example:352 - 
Top-5 Predictions:
2025-10-07 17:07:27 - evaluator.prediction_analyzer - INFO - _show_single_example:354 -   Predicted: ['17', '4', '23', '1', '49']
2025-10-07 17:07:27 - evaluator.prediction_analyzer - INFO - _show_single_example:365 -   ✗ No hits in top-5
2025-10-07 17:07:27 - evaluator.prediction_analyzer - INFO - _show_single_example:352 - 
Top-10 Predictions:
2025-10-07 17:07:27 - evaluator.prediction_analyzer - INFO - _show_single_example:354 -   Predicted: ['17', '4', '23', '1', '49', '22', '3', '10', '70', '2']
2025-10-07 17:07:27 - evaluator.prediction_analyzer - INFO - _show_single_example:360 -   ✓ Hits (2): ['3', '70']
2025-10-07 17:07:27 - evaluator.prediction_analyzer - INFO - _show_single_example:363 -   Metrics: Recall=0.667, Precision=0.200
2025-10-07 17:07:27 - evaluator.prediction_analyzer - INFO - _show_single_example:352 - 
Top-20 Predictions:
2025-10-07 17:07:27 - evaluator.prediction_analyzer - INFO - _show_single_example:354 -   Predicted: ['17', '4', '23', '1', '49', '22', '3', '10', '70', '2', '114', '11', '0', '65', '74', '68', '113', '59', '16', '21']
2025-10-07 17:07:27 - evaluator.prediction_analyzer - INFO - _show_single_example:360 -   ✓ Hits (3): ['3', '70', '65']
2025-10-07 17:07:27 - evaluator.prediction_analyzer - INFO - _show_single_example:363 -   Metrics: Recall=1.000, Precision=0.150
2025-10-07 17:07:27 - evaluator.prediction_analyzer - INFO - show_detailed_examples:327 - ============================================================
2025-10-07 17:07:27 - evaluator.evaluator - INFO - __enter__:121 - Starting: Computing test metrics
2025-10-07 17:07:27 - evaluator.evaluator - INFO - compute_ranking_metrics:559 - === TEST METRICS SUMMARY ===
2025-10-07 17:07:27 - evaluator.evaluator - INFO - compute_ranking_metrics:561 - recall@10: 0.2943
2025-10-07 17:07:27 - evaluator.evaluator - INFO - compute_ranking_metrics:561 - recall@20: 0.4317
2025-10-07 17:07:27 - evaluator.evaluator - INFO - compute_ranking_metrics:561 - ndcg@10: 0.1925
2025-10-07 17:07:27 - evaluator.evaluator - INFO - compute_ranking_metrics:561 - ndcg@20: 0.2299
2025-10-07 17:07:27 - evaluator.evaluator - INFO - compute_ranking_metrics:561 - hit_ratio@10: 0.5111
2025-10-07 17:07:27 - evaluator.evaluator - INFO - compute_ranking_metrics:561 - hit_ratio@20: 0.6653
2025-10-07 17:07:27 - evaluator.evaluator - INFO - compute_ranking_metrics:561 - precision@10: 0.0639
2025-10-07 17:07:27 - evaluator.evaluator - INFO - compute_ranking_metrics:561 - precision@20: 0.0470
2025-10-07 17:07:27 - evaluator.evaluator - INFO - compute_ranking_metrics:562 - ===================================
2025-10-07 17:07:27 - evaluator.evaluator - INFO - __exit__:128 - Completed: Computing test metrics (took 0.08s)
2025-10-07 17:07:27 - trainer.trainer - INFO - _evaluate_with_full_ranking:663 - TEST Loss: 0.5475
2025-10-07 17:07:27 - trainer.trainer - INFO - __exit__:128 - Completed: Evaluation (test) (took 27.62s)
2025-10-07 17:07:27 - trainer.trainer - INFO - _train_epoch:353 - Training metrics computation disabled
2025-10-07 17:07:27 - trainer.trainer - INFO - __enter__:121 - Starting: Training epoch 65
2025-10-07 17:08:02 - trainer.trainer - INFO - __exit__:128 - Completed: Training epoch 65 (took 34.38s)
2025-10-07 17:08:02 - trainer.trainer - INFO - _train_epoch:417 - Computing training ranking metrics from 1668 user-basket pairs
2025-10-07 17:08:06 - evaluator.evaluator - INFO - __enter__:121 - Starting: Computing train metrics
2025-10-07 17:08:06 - evaluator.evaluator - INFO - compute_ranking_metrics:559 - === TRAIN METRICS SUMMARY ===
2025-10-07 17:08:06 - evaluator.evaluator - INFO - compute_ranking_metrics:561 - recall@10: 0.2025
2025-10-07 17:08:06 - evaluator.evaluator - INFO - compute_ranking_metrics:561 - recall@20: 0.3217
2025-10-07 17:08:06 - evaluator.evaluator - INFO - compute_ranking_metrics:561 - ndcg@10: 0.1509
2025-10-07 17:08:06 - evaluator.evaluator - INFO - compute_ranking_metrics:561 - ndcg@20: 0.1898
2025-10-07 17:08:06 - evaluator.evaluator - INFO - compute_ranking_metrics:561 - hit_ratio@10: 0.6343
2025-10-07 17:08:06 - evaluator.evaluator - INFO - compute_ranking_metrics:561 - hit_ratio@20: 0.8333
2025-10-07 17:08:06 - evaluator.evaluator - INFO - compute_ranking_metrics:561 - precision@10: 0.0802
2025-10-07 17:08:06 - evaluator.evaluator - INFO - compute_ranking_metrics:561 - precision@20: 0.0638
2025-10-07 17:08:06 - evaluator.evaluator - INFO - compute_ranking_metrics:562 - ===================================
2025-10-07 17:08:06 - evaluator.evaluator - INFO - __exit__:128 - Completed: Computing train metrics (took 0.08s)
2025-10-07 17:08:06 - trainer.trainer - INFO - _train_epoch:424 - Training metrics computed: ['recall@10', 'recall@20', 'ndcg@10', 'ndcg@20', 'hit_ratio@10', 'hit_ratio@20', 'precision@10', 'precision@20']
2025-10-07 17:08:06 - trainer.trainer - INFO - __enter__:121 - Starting: Evaluation (val)
2025-10-07 17:08:06 - trainer.trainer - INFO - _evaluate_with_full_ranking:546 - Built training item mapping for 1668 users
2025-10-07 17:08:31 - trainer.trainer - INFO - _evaluate_with_full_ranking:578 - Found 1757 unique user-basket pairs for evaluation
2025-10-07 17:08:34 - evaluator.prediction_analyzer - INFO - analyze_predictions:161 - Analyzing predictions for 1757 examples (val mode)
2025-10-07 17:08:34 - evaluator.prediction_analyzer - INFO - __enter__:121 - Starting: Prediction analysis (val)
2025-10-07 17:08:34 - evaluator.prediction_analyzer - INFO - __exit__:128 - Completed: Prediction analysis (val) (took 0.00s)
2025-10-07 17:08:34 - evaluator.prediction_analyzer - INFO - _log_analysis_summary:267 - === PREDICTION ANALYSIS SUMMARY (VAL) ===
2025-10-07 17:08:34 - evaluator.prediction_analyzer - INFO - _log_analysis_summary:276 - Ground truth items per example: avg=2.2, min=1, max=3
2025-10-07 17:08:34 - evaluator.prediction_analyzer - INFO - _log_analysis_summary:282 - Epoch range: 0 - 65
2025-10-07 17:08:34 - evaluator.prediction_analyzer - INFO - _log_analysis_summary:300 - Top-5: avg_hits=0.4, avg_recall=0.183, examples_with_hits=1170/3300
2025-10-07 17:08:34 - evaluator.prediction_analyzer - INFO - _log_analysis_summary:300 - Top-10: avg_hits=0.6, avg_recall=0.278, examples_with_hits=1619/3300
2025-10-07 17:08:34 - evaluator.prediction_analyzer - INFO - _log_analysis_summary:300 - Top-20: avg_hits=0.9, avg_recall=0.421, examples_with_hits=2133/3300
2025-10-07 17:08:34 - evaluator.prediction_analyzer - INFO - _save_analysis_to_file:382 - Saved prediction analysis to: pytorch_pipeline/outputs/prediction_analysis/predictions_val_grnn_20251007_124143.json
2025-10-07 17:08:34 - evaluator.prediction_analyzer - INFO - _save_summary_statistics:429 - Saved summary statistics to: pytorch_pipeline/outputs/prediction_analysis/summary_val_grnn_20251007_124143.csv
2025-10-07 17:08:34 - evaluator.evaluator - INFO - __enter__:121 - Starting: Computing val metrics
2025-10-07 17:08:34 - evaluator.evaluator - INFO - compute_ranking_metrics:559 - === VAL METRICS SUMMARY ===
2025-10-07 17:08:34 - evaluator.evaluator - INFO - compute_ranking_metrics:561 - recall@10: 0.2922
2025-10-07 17:08:34 - evaluator.evaluator - INFO - compute_ranking_metrics:561 - recall@20: 0.4291
2025-10-07 17:08:34 - evaluator.evaluator - INFO - compute_ranking_metrics:561 - ndcg@10: 0.1914
2025-10-07 17:08:34 - evaluator.evaluator - INFO - compute_ranking_metrics:561 - ndcg@20: 0.2286
2025-10-07 17:08:34 - evaluator.evaluator - INFO - compute_ranking_metrics:561 - hit_ratio@10: 0.5065
2025-10-07 17:08:34 - evaluator.evaluator - INFO - compute_ranking_metrics:561 - hit_ratio@20: 0.6625
2025-10-07 17:08:34 - evaluator.evaluator - INFO - compute_ranking_metrics:561 - precision@10: 0.0635
2025-10-07 17:08:34 - evaluator.evaluator - INFO - compute_ranking_metrics:561 - precision@20: 0.0468
2025-10-07 17:08:34 - evaluator.evaluator - INFO - compute_ranking_metrics:562 - ===================================
2025-10-07 17:08:34 - evaluator.evaluator - INFO - __exit__:128 - Completed: Computing val metrics (took 0.08s)
2025-10-07 17:08:34 - trainer.trainer - INFO - _evaluate_with_full_ranking:663 - VAL Loss: 0.5631
2025-10-07 17:08:34 - trainer.trainer - INFO - __exit__:128 - Completed: Evaluation (val) (took 28.21s)
2025-10-07 17:08:34 - trainer.trainer - INFO - log_training_metrics:163 - Epoch  65 [combined] - train_loss: 0.5692 | train_recall@10: 0.2025 | train_recall@20: 0.3217 | train_ndcg@10: 0.1509 | train_ndcg@20: 0.1898 | train_hit_ratio@10: 0.6343 | train_hit_ratio@20: 0.8333 | train_precision@10: 0.0802 | train_precision@20: 0.0638 | recall@10: 0.2922 | recall@20: 0.4291 | ndcg@10: 0.1914 | ndcg@20: 0.2286 | hit_ratio@10: 0.5065 | hit_ratio@20: 0.6625 | precision@10: 0.0635 | precision@20: 0.0468 | val_loss: 0.5631
2025-10-07 17:08:34 - trainer.trainer - INFO - __enter__:121 - Starting: Evaluation (test)
2025-10-07 17:08:34 - trainer.trainer - INFO - _evaluate_with_full_ranking:546 - Built training item mapping for 1668 users
2025-10-07 17:08:59 - trainer.trainer - INFO - _evaluate_with_full_ranking:578 - Found 1757 unique user-basket pairs for evaluation
2025-10-07 17:09:02 - evaluator.prediction_analyzer - INFO - analyze_predictions:161 - Analyzing predictions for 1757 examples (test mode)
2025-10-07 17:09:02 - evaluator.prediction_analyzer - INFO - __enter__:121 - Starting: Prediction analysis (test)
2025-10-07 17:09:02 - evaluator.prediction_analyzer - INFO - __exit__:128 - Completed: Prediction analysis (test) (took 0.00s)
2025-10-07 17:09:02 - evaluator.prediction_analyzer - INFO - _log_analysis_summary:267 - === PREDICTION ANALYSIS SUMMARY (TEST) ===
2025-10-07 17:09:02 - evaluator.prediction_analyzer - INFO - _log_analysis_summary:276 - Ground truth items per example: avg=2.2, min=1, max=3
2025-10-07 17:09:02 - evaluator.prediction_analyzer - INFO - _log_analysis_summary:282 - Epoch range: 10 - 65
2025-10-07 17:09:02 - evaluator.prediction_analyzer - INFO - _log_analysis_summary:300 - Top-5: avg_hits=0.4, avg_recall=0.206, examples_with_hits=1119/2800
2025-10-07 17:09:02 - evaluator.prediction_analyzer - INFO - _log_analysis_summary:300 - Top-10: avg_hits=0.6, avg_recall=0.304, examples_with_hits=1492/2800
2025-10-07 17:09:02 - evaluator.prediction_analyzer - INFO - _log_analysis_summary:300 - Top-20: avg_hits=1.0, avg_recall=0.447, examples_with_hits=1895/2800
2025-10-07 17:09:02 - evaluator.prediction_analyzer - INFO - _save_analysis_to_file:382 - Saved prediction analysis to: pytorch_pipeline/outputs/prediction_analysis/predictions_test_grnn_20251007_124143.json
2025-10-07 17:09:02 - evaluator.prediction_analyzer - INFO - _save_summary_statistics:429 - Saved summary statistics to: pytorch_pipeline/outputs/prediction_analysis/summary_test_grnn_20251007_124143.csv
2025-10-07 17:09:02 - evaluator.prediction_analyzer - INFO - show_detailed_examples:321 - === DETAILED PREDICTION EXAMPLES (TEST) ===
2025-10-07 17:09:02 - evaluator.prediction_analyzer - INFO - _show_single_example:333 - 
--- Example 1 (next-basket prediction) ---
2025-10-07 17:09:02 - evaluator.prediction_analyzer - INFO - _show_single_example:334 - User ID: 0, Basket ID: 3
2025-10-07 17:09:02 - evaluator.prediction_analyzer - INFO - _show_single_example:338 - Ground Truth (3 items): ['0', '64', '4']
2025-10-07 17:09:02 - evaluator.prediction_analyzer - INFO - _show_single_example:352 - 
Top-5 Predictions:
2025-10-07 17:09:02 - evaluator.prediction_analyzer - INFO - _show_single_example:354 -   Predicted: ['37', '17', '4', '23', '49']
2025-10-07 17:09:02 - evaluator.prediction_analyzer - INFO - _show_single_example:360 -   ✓ Hits (1): ['4']
2025-10-07 17:09:02 - evaluator.prediction_analyzer - INFO - _show_single_example:363 -   Metrics: Recall=0.333, Precision=0.200
2025-10-07 17:09:02 - evaluator.prediction_analyzer - INFO - _show_single_example:352 - 
Top-10 Predictions:
2025-10-07 17:09:02 - evaluator.prediction_analyzer - INFO - _show_single_example:354 -   Predicted: ['37', '17', '4', '23', '49', '22', '3', '10', '70', '2']
2025-10-07 17:09:02 - evaluator.prediction_analyzer - INFO - _show_single_example:360 -   ✓ Hits (1): ['4']
2025-10-07 17:09:02 - evaluator.prediction_analyzer - INFO - _show_single_example:363 -   Metrics: Recall=0.333, Precision=0.100
2025-10-07 17:09:02 - evaluator.prediction_analyzer - INFO - _show_single_example:352 - 
Top-20 Predictions:
2025-10-07 17:09:02 - evaluator.prediction_analyzer - INFO - _show_single_example:354 -   Predicted: ['37', '17', '4', '23', '49', '22', '3', '10', '70', '2', '114', '11', '0', '65', '74', '68', '113', '59', '16', '21']
2025-10-07 17:09:02 - evaluator.prediction_analyzer - INFO - _show_single_example:360 -   ✓ Hits (2): ['4', '0']
2025-10-07 17:09:02 - evaluator.prediction_analyzer - INFO - _show_single_example:363 -   Metrics: Recall=0.667, Precision=0.100
2025-10-07 17:09:02 - evaluator.prediction_analyzer - INFO - _show_single_example:333 - 
--- Example 2 (next-basket prediction) ---
2025-10-07 17:09:02 - evaluator.prediction_analyzer - INFO - _show_single_example:334 - User ID: 2, Basket ID: 12
2025-10-07 17:09:02 - evaluator.prediction_analyzer - INFO - _show_single_example:338 - Ground Truth (3 items): ['33', '2', '3']
2025-10-07 17:09:02 - evaluator.prediction_analyzer - INFO - _show_single_example:352 - 
Top-5 Predictions:
2025-10-07 17:09:02 - evaluator.prediction_analyzer - INFO - _show_single_example:354 -   Predicted: ['37', '17', '4', '23', '1']
2025-10-07 17:09:02 - evaluator.prediction_analyzer - INFO - _show_single_example:365 -   ✗ No hits in top-5
2025-10-07 17:09:02 - evaluator.prediction_analyzer - INFO - _show_single_example:352 - 
Top-10 Predictions:
2025-10-07 17:09:02 - evaluator.prediction_analyzer - INFO - _show_single_example:354 -   Predicted: ['37', '17', '4', '23', '1', '49', '3', '10', '70', '2']
2025-10-07 17:09:02 - evaluator.prediction_analyzer - INFO - _show_single_example:360 -   ✓ Hits (2): ['3', '2']
2025-10-07 17:09:02 - evaluator.prediction_analyzer - INFO - _show_single_example:363 -   Metrics: Recall=0.667, Precision=0.200
2025-10-07 17:09:02 - evaluator.prediction_analyzer - INFO - _show_single_example:352 - 
Top-20 Predictions:
2025-10-07 17:09:02 - evaluator.prediction_analyzer - INFO - _show_single_example:354 -   Predicted: ['37', '17', '4', '23', '1', '49', '3', '10', '70', '2', '114', '0', '65', '74', '68', '113', '59', '16', '21', '19']
2025-10-07 17:09:02 - evaluator.prediction_analyzer - INFO - _show_single_example:360 -   ✓ Hits (2): ['3', '2']
2025-10-07 17:09:02 - evaluator.prediction_analyzer - INFO - _show_single_example:363 -   Metrics: Recall=0.667, Precision=0.100
2025-10-07 17:09:02 - evaluator.prediction_analyzer - INFO - _show_single_example:333 - 
--- Example 3 (next-basket prediction) ---
2025-10-07 17:09:02 - evaluator.prediction_analyzer - INFO - _show_single_example:334 - User ID: 3, Basket ID: 15
2025-10-07 17:09:02 - evaluator.prediction_analyzer - INFO - _show_single_example:338 - Ground Truth (3 items): ['65', '3', '70']
2025-10-07 17:09:02 - evaluator.prediction_analyzer - INFO - _show_single_example:352 - 
Top-5 Predictions:
2025-10-07 17:09:02 - evaluator.prediction_analyzer - INFO - _show_single_example:354 -   Predicted: ['17', '4', '23', '1', '49']
2025-10-07 17:09:02 - evaluator.prediction_analyzer - INFO - _show_single_example:365 -   ✗ No hits in top-5
2025-10-07 17:09:02 - evaluator.prediction_analyzer - INFO - _show_single_example:352 - 
Top-10 Predictions:
2025-10-07 17:09:02 - evaluator.prediction_analyzer - INFO - _show_single_example:354 -   Predicted: ['17', '4', '23', '1', '49', '22', '3', '10', '70', '2']
2025-10-07 17:09:02 - evaluator.prediction_analyzer - INFO - _show_single_example:360 -   ✓ Hits (2): ['3', '70']
2025-10-07 17:09:02 - evaluator.prediction_analyzer - INFO - _show_single_example:363 -   Metrics: Recall=0.667, Precision=0.200
2025-10-07 17:09:02 - evaluator.prediction_analyzer - INFO - _show_single_example:352 - 
Top-20 Predictions:
2025-10-07 17:09:02 - evaluator.prediction_analyzer - INFO - _show_single_example:354 -   Predicted: ['17', '4', '23', '1', '49', '22', '3', '10', '70', '2', '114', '11', '0', '65', '74', '68', '113', '59', '16', '21']
2025-10-07 17:09:02 - evaluator.prediction_analyzer - INFO - _show_single_example:360 -   ✓ Hits (3): ['3', '70', '65']
2025-10-07 17:09:02 - evaluator.prediction_analyzer - INFO - _show_single_example:363 -   Metrics: Recall=1.000, Precision=0.150
2025-10-07 17:09:02 - evaluator.prediction_analyzer - INFO - show_detailed_examples:327 - ============================================================
2025-10-07 17:09:02 - evaluator.evaluator - INFO - __enter__:121 - Starting: Computing test metrics
2025-10-07 17:09:02 - evaluator.evaluator - INFO - compute_ranking_metrics:559 - === TEST METRICS SUMMARY ===
2025-10-07 17:09:02 - evaluator.evaluator - INFO - compute_ranking_metrics:561 - recall@10: 0.2926
2025-10-07 17:09:02 - evaluator.evaluator - INFO - compute_ranking_metrics:561 - recall@20: 0.4327
2025-10-07 17:09:02 - evaluator.evaluator - INFO - compute_ranking_metrics:561 - ndcg@10: 0.1920
2025-10-07 17:09:02 - evaluator.evaluator - INFO - compute_ranking_metrics:561 - ndcg@20: 0.2301
2025-10-07 17:09:02 - evaluator.evaluator - INFO - compute_ranking_metrics:561 - hit_ratio@10: 0.5054
2025-10-07 17:09:02 - evaluator.evaluator - INFO - compute_ranking_metrics:561 - hit_ratio@20: 0.6676
2025-10-07 17:09:02 - evaluator.evaluator - INFO - compute_ranking_metrics:561 - precision@10: 0.0635
2025-10-07 17:09:02 - evaluator.evaluator - INFO - compute_ranking_metrics:561 - precision@20: 0.0471
2025-10-07 17:09:02 - evaluator.evaluator - INFO - compute_ranking_metrics:562 - ===================================
2025-10-07 17:09:02 - evaluator.evaluator - INFO - __exit__:128 - Completed: Computing test metrics (took 0.08s)
2025-10-07 17:09:02 - trainer.trainer - INFO - _evaluate_with_full_ranking:663 - TEST Loss: 0.5561
2025-10-07 17:09:02 - trainer.trainer - INFO - __exit__:128 - Completed: Evaluation (test) (took 27.88s)
2025-10-07 17:09:02 - trainer.trainer - INFO - _train_epoch:353 - Training metrics computation disabled
2025-10-07 17:09:02 - trainer.trainer - INFO - __enter__:121 - Starting: Training epoch 66
2025-10-07 17:09:37 - trainer.trainer - INFO - __exit__:128 - Completed: Training epoch 66 (took 34.64s)
2025-10-07 17:09:37 - trainer.trainer - INFO - _train_epoch:417 - Computing training ranking metrics from 1668 user-basket pairs
2025-10-07 17:09:42 - evaluator.evaluator - INFO - __enter__:121 - Starting: Computing train metrics
2025-10-07 17:09:42 - evaluator.evaluator - INFO - compute_ranking_metrics:559 - === TRAIN METRICS SUMMARY ===
2025-10-07 17:09:42 - evaluator.evaluator - INFO - compute_ranking_metrics:561 - recall@10: 0.2005
2025-10-07 17:09:42 - evaluator.evaluator - INFO - compute_ranking_metrics:561 - recall@20: 0.3223
2025-10-07 17:09:42 - evaluator.evaluator - INFO - compute_ranking_metrics:561 - ndcg@10: 0.1497
2025-10-07 17:09:42 - evaluator.evaluator - INFO - compute_ranking_metrics:561 - ndcg@20: 0.1896
2025-10-07 17:09:42 - evaluator.evaluator - INFO - compute_ranking_metrics:561 - hit_ratio@10: 0.6271
2025-10-07 17:09:42 - evaluator.evaluator - INFO - compute_ranking_metrics:561 - hit_ratio@20: 0.8339
2025-10-07 17:09:42 - evaluator.evaluator - INFO - compute_ranking_metrics:561 - precision@10: 0.0793
2025-10-07 17:09:42 - evaluator.evaluator - INFO - compute_ranking_metrics:561 - precision@20: 0.0639
2025-10-07 17:09:42 - evaluator.evaluator - INFO - compute_ranking_metrics:562 - ===================================
2025-10-07 17:09:42 - evaluator.evaluator - INFO - __exit__:128 - Completed: Computing train metrics (took 0.08s)
2025-10-07 17:09:42 - trainer.trainer - INFO - _train_epoch:424 - Training metrics computed: ['recall@10', 'recall@20', 'ndcg@10', 'ndcg@20', 'hit_ratio@10', 'hit_ratio@20', 'precision@10', 'precision@20']
2025-10-07 17:09:42 - trainer.trainer - INFO - __enter__:121 - Starting: Evaluation (val)
2025-10-07 17:09:42 - trainer.trainer - INFO - _evaluate_with_full_ranking:546 - Built training item mapping for 1668 users
2025-10-07 17:10:07 - trainer.trainer - INFO - _evaluate_with_full_ranking:578 - Found 1757 unique user-basket pairs for evaluation
2025-10-07 17:10:10 - evaluator.prediction_analyzer - INFO - analyze_predictions:161 - Analyzing predictions for 1757 examples (val mode)
2025-10-07 17:10:10 - evaluator.prediction_analyzer - INFO - __enter__:121 - Starting: Prediction analysis (val)
2025-10-07 17:10:10 - evaluator.prediction_analyzer - INFO - __exit__:128 - Completed: Prediction analysis (val) (took 0.00s)
2025-10-07 17:10:10 - evaluator.prediction_analyzer - INFO - _log_analysis_summary:267 - === PREDICTION ANALYSIS SUMMARY (VAL) ===
2025-10-07 17:10:10 - evaluator.prediction_analyzer - INFO - _log_analysis_summary:276 - Ground truth items per example: avg=2.2, min=1, max=3
2025-10-07 17:10:10 - evaluator.prediction_analyzer - INFO - _log_analysis_summary:282 - Epoch range: 0 - 66
2025-10-07 17:10:10 - evaluator.prediction_analyzer - INFO - _log_analysis_summary:300 - Top-5: avg_hits=0.4, avg_recall=0.182, examples_with_hits=1187/3350
2025-10-07 17:10:10 - evaluator.prediction_analyzer - INFO - _log_analysis_summary:300 - Top-10: avg_hits=0.6, avg_recall=0.278, examples_with_hits=1642/3350
2025-10-07 17:10:10 - evaluator.prediction_analyzer - INFO - _log_analysis_summary:300 - Top-20: avg_hits=0.9, avg_recall=0.420, examples_with_hits=2162/3350
2025-10-07 17:10:10 - evaluator.prediction_analyzer - INFO - _save_analysis_to_file:382 - Saved prediction analysis to: pytorch_pipeline/outputs/prediction_analysis/predictions_val_grnn_20251007_124143.json
2025-10-07 17:10:10 - evaluator.prediction_analyzer - INFO - _save_summary_statistics:429 - Saved summary statistics to: pytorch_pipeline/outputs/prediction_analysis/summary_val_grnn_20251007_124143.csv
2025-10-07 17:10:10 - evaluator.evaluator - INFO - __enter__:121 - Starting: Computing val metrics
2025-10-07 17:10:10 - evaluator.evaluator - INFO - compute_ranking_metrics:559 - === VAL METRICS SUMMARY ===
2025-10-07 17:10:10 - evaluator.evaluator - INFO - compute_ranking_metrics:561 - recall@10: 0.2929
2025-10-07 17:10:10 - evaluator.evaluator - INFO - compute_ranking_metrics:561 - recall@20: 0.4257
2025-10-07 17:10:10 - evaluator.evaluator - INFO - compute_ranking_metrics:561 - ndcg@10: 0.1906
2025-10-07 17:10:10 - evaluator.evaluator - INFO - compute_ranking_metrics:561 - ndcg@20: 0.2267
2025-10-07 17:10:10 - evaluator.evaluator - INFO - compute_ranking_metrics:561 - hit_ratio@10: 0.5083
2025-10-07 17:10:10 - evaluator.evaluator - INFO - compute_ranking_metrics:561 - hit_ratio@20: 0.6608
2025-10-07 17:10:10 - evaluator.evaluator - INFO - compute_ranking_metrics:561 - precision@10: 0.0636
2025-10-07 17:10:10 - evaluator.evaluator - INFO - compute_ranking_metrics:561 - precision@20: 0.0464
2025-10-07 17:10:10 - evaluator.evaluator - INFO - compute_ranking_metrics:562 - ===================================
2025-10-07 17:10:10 - evaluator.evaluator - INFO - __exit__:128 - Completed: Computing val metrics (took 0.08s)
2025-10-07 17:10:10 - trainer.trainer - INFO - _evaluate_with_full_ranking:663 - VAL Loss: 0.5568
2025-10-07 17:10:10 - trainer.trainer - INFO - __exit__:128 - Completed: Evaluation (val) (took 27.94s)
2025-10-07 17:10:10 - trainer.trainer - INFO - log_training_metrics:163 - Epoch  66 [combined] - train_loss: 0.5738 | train_recall@10: 0.2005 | train_recall@20: 0.3223 | train_ndcg@10: 0.1497 | train_ndcg@20: 0.1896 | train_hit_ratio@10: 0.6271 | train_hit_ratio@20: 0.8339 | train_precision@10: 0.0793 | train_precision@20: 0.0639 | recall@10: 0.2929 | recall@20: 0.4257 | ndcg@10: 0.1906 | ndcg@20: 0.2267 | hit_ratio@10: 0.5083 | hit_ratio@20: 0.6608 | precision@10: 0.0636 | precision@20: 0.0464 | val_loss: 0.5568
2025-10-07 17:10:10 - trainer.trainer - INFO - __enter__:121 - Starting: Evaluation (test)
2025-10-07 17:10:10 - trainer.trainer - INFO - _evaluate_with_full_ranking:546 - Built training item mapping for 1668 users
2025-10-07 17:10:35 - trainer.trainer - INFO - _evaluate_with_full_ranking:578 - Found 1757 unique user-basket pairs for evaluation
2025-10-07 17:10:37 - evaluator.prediction_analyzer - INFO - analyze_predictions:161 - Analyzing predictions for 1757 examples (test mode)
2025-10-07 17:10:37 - evaluator.prediction_analyzer - INFO - __enter__:121 - Starting: Prediction analysis (test)
2025-10-07 17:10:37 - evaluator.prediction_analyzer - INFO - __exit__:128 - Completed: Prediction analysis (test) (took 0.00s)
2025-10-07 17:10:37 - evaluator.prediction_analyzer - INFO - _log_analysis_summary:267 - === PREDICTION ANALYSIS SUMMARY (TEST) ===
2025-10-07 17:10:37 - evaluator.prediction_analyzer - INFO - _log_analysis_summary:276 - Ground truth items per example: avg=2.2, min=1, max=3
2025-10-07 17:10:37 - evaluator.prediction_analyzer - INFO - _log_analysis_summary:282 - Epoch range: 10 - 66
2025-10-07 17:10:37 - evaluator.prediction_analyzer - INFO - _log_analysis_summary:300 - Top-5: avg_hits=0.4, avg_recall=0.206, examples_with_hits=1136/2850
2025-10-07 17:10:37 - evaluator.prediction_analyzer - INFO - _log_analysis_summary:300 - Top-10: avg_hits=0.6, avg_recall=0.303, examples_with_hits=1515/2850
2025-10-07 17:10:37 - evaluator.prediction_analyzer - INFO - _log_analysis_summary:300 - Top-20: avg_hits=0.9, avg_recall=0.446, examples_with_hits=1924/2850
2025-10-07 17:10:37 - evaluator.prediction_analyzer - INFO - _save_analysis_to_file:382 - Saved prediction analysis to: pytorch_pipeline/outputs/prediction_analysis/predictions_test_grnn_20251007_124143.json
2025-10-07 17:10:37 - evaluator.prediction_analyzer - INFO - _save_summary_statistics:429 - Saved summary statistics to: pytorch_pipeline/outputs/prediction_analysis/summary_test_grnn_20251007_124143.csv
2025-10-07 17:10:37 - evaluator.prediction_analyzer - INFO - show_detailed_examples:321 - === DETAILED PREDICTION EXAMPLES (TEST) ===
2025-10-07 17:10:37 - evaluator.prediction_analyzer - INFO - _show_single_example:333 - 
--- Example 1 (next-basket prediction) ---
2025-10-07 17:10:37 - evaluator.prediction_analyzer - INFO - _show_single_example:334 - User ID: 0, Basket ID: 3
2025-10-07 17:10:37 - evaluator.prediction_analyzer - INFO - _show_single_example:338 - Ground Truth (3 items): ['0', '64', '4']
2025-10-07 17:10:37 - evaluator.prediction_analyzer - INFO - _show_single_example:352 - 
Top-5 Predictions:
2025-10-07 17:10:37 - evaluator.prediction_analyzer - INFO - _show_single_example:354 -   Predicted: ['37', '17', '4', '23', '49']
2025-10-07 17:10:37 - evaluator.prediction_analyzer - INFO - _show_single_example:360 -   ✓ Hits (1): ['4']
2025-10-07 17:10:37 - evaluator.prediction_analyzer - INFO - _show_single_example:363 -   Metrics: Recall=0.333, Precision=0.200
2025-10-07 17:10:37 - evaluator.prediction_analyzer - INFO - _show_single_example:352 - 
Top-10 Predictions:
2025-10-07 17:10:37 - evaluator.prediction_analyzer - INFO - _show_single_example:354 -   Predicted: ['37', '17', '4', '23', '49', '22', '3', '10', '70', '2']
2025-10-07 17:10:37 - evaluator.prediction_analyzer - INFO - _show_single_example:360 -   ✓ Hits (1): ['4']
2025-10-07 17:10:37 - evaluator.prediction_analyzer - INFO - _show_single_example:363 -   Metrics: Recall=0.333, Precision=0.100
2025-10-07 17:10:37 - evaluator.prediction_analyzer - INFO - _show_single_example:352 - 
Top-20 Predictions:
2025-10-07 17:10:37 - evaluator.prediction_analyzer - INFO - _show_single_example:354 -   Predicted: ['37', '17', '4', '23', '49', '22', '3', '10', '70', '2', '114', '11', '0', '65', '74', '68', '113', '59', '16', '21']
2025-10-07 17:10:37 - evaluator.prediction_analyzer - INFO - _show_single_example:360 -   ✓ Hits (2): ['4', '0']
2025-10-07 17:10:37 - evaluator.prediction_analyzer - INFO - _show_single_example:363 -   Metrics: Recall=0.667, Precision=0.100
2025-10-07 17:10:37 - evaluator.prediction_analyzer - INFO - _show_single_example:333 - 
--- Example 2 (next-basket prediction) ---
2025-10-07 17:10:37 - evaluator.prediction_analyzer - INFO - _show_single_example:334 - User ID: 2, Basket ID: 12
2025-10-07 17:10:37 - evaluator.prediction_analyzer - INFO - _show_single_example:338 - Ground Truth (3 items): ['33', '2', '3']
2025-10-07 17:10:37 - evaluator.prediction_analyzer - INFO - _show_single_example:352 - 
Top-5 Predictions:
2025-10-07 17:10:37 - evaluator.prediction_analyzer - INFO - _show_single_example:354 -   Predicted: ['37', '17', '4', '23', '1']
2025-10-07 17:10:37 - evaluator.prediction_analyzer - INFO - _show_single_example:365 -   ✗ No hits in top-5
2025-10-07 17:10:37 - evaluator.prediction_analyzer - INFO - _show_single_example:352 - 
Top-10 Predictions:
2025-10-07 17:10:37 - evaluator.prediction_analyzer - INFO - _show_single_example:354 -   Predicted: ['37', '17', '4', '23', '1', '49', '3', '10', '70', '2']
2025-10-07 17:10:37 - evaluator.prediction_analyzer - INFO - _show_single_example:360 -   ✓ Hits (2): ['3', '2']
2025-10-07 17:10:37 - evaluator.prediction_analyzer - INFO - _show_single_example:363 -   Metrics: Recall=0.667, Precision=0.200
2025-10-07 17:10:37 - evaluator.prediction_analyzer - INFO - _show_single_example:352 - 
Top-20 Predictions:
2025-10-07 17:10:37 - evaluator.prediction_analyzer - INFO - _show_single_example:354 -   Predicted: ['37', '17', '4', '23', '1', '49', '3', '10', '70', '2', '114', '0', '65', '74', '68', '113', '59', '16', '21', '19']
2025-10-07 17:10:37 - evaluator.prediction_analyzer - INFO - _show_single_example:360 -   ✓ Hits (2): ['3', '2']
2025-10-07 17:10:37 - evaluator.prediction_analyzer - INFO - _show_single_example:363 -   Metrics: Recall=0.667, Precision=0.100
2025-10-07 17:10:37 - evaluator.prediction_analyzer - INFO - _show_single_example:333 - 
--- Example 3 (next-basket prediction) ---
2025-10-07 17:10:37 - evaluator.prediction_analyzer - INFO - _show_single_example:334 - User ID: 3, Basket ID: 15
2025-10-07 17:10:37 - evaluator.prediction_analyzer - INFO - _show_single_example:338 - Ground Truth (3 items): ['65', '3', '70']
2025-10-07 17:10:37 - evaluator.prediction_analyzer - INFO - _show_single_example:352 - 
Top-5 Predictions:
2025-10-07 17:10:37 - evaluator.prediction_analyzer - INFO - _show_single_example:354 -   Predicted: ['17', '4', '23', '1', '49']
2025-10-07 17:10:37 - evaluator.prediction_analyzer - INFO - _show_single_example:365 -   ✗ No hits in top-5
2025-10-07 17:10:37 - evaluator.prediction_analyzer - INFO - _show_single_example:352 - 
Top-10 Predictions:
2025-10-07 17:10:37 - evaluator.prediction_analyzer - INFO - _show_single_example:354 -   Predicted: ['17', '4', '23', '1', '49', '22', '3', '10', '70', '2']
2025-10-07 17:10:37 - evaluator.prediction_analyzer - INFO - _show_single_example:360 -   ✓ Hits (2): ['3', '70']
2025-10-07 17:10:37 - evaluator.prediction_analyzer - INFO - _show_single_example:363 -   Metrics: Recall=0.667, Precision=0.200
2025-10-07 17:10:37 - evaluator.prediction_analyzer - INFO - _show_single_example:352 - 
Top-20 Predictions:
2025-10-07 17:10:37 - evaluator.prediction_analyzer - INFO - _show_single_example:354 -   Predicted: ['17', '4', '23', '1', '49', '22', '3', '10', '70', '2', '114', '11', '0', '65', '74', '68', '113', '59', '16', '21']
2025-10-07 17:10:37 - evaluator.prediction_analyzer - INFO - _show_single_example:360 -   ✓ Hits (3): ['3', '70', '65']
2025-10-07 17:10:37 - evaluator.prediction_analyzer - INFO - _show_single_example:363 -   Metrics: Recall=1.000, Precision=0.150
2025-10-07 17:10:37 - evaluator.prediction_analyzer - INFO - show_detailed_examples:327 - ============================================================
2025-10-07 17:10:37 - evaluator.evaluator - INFO - __enter__:121 - Starting: Computing test metrics
2025-10-07 17:10:38 - evaluator.evaluator - INFO - compute_ranking_metrics:559 - === TEST METRICS SUMMARY ===
2025-10-07 17:10:38 - evaluator.evaluator - INFO - compute_ranking_metrics:561 - recall@10: 0.2919
2025-10-07 17:10:38 - evaluator.evaluator - INFO - compute_ranking_metrics:561 - recall@20: 0.4245
2025-10-07 17:10:38 - evaluator.evaluator - INFO - compute_ranking_metrics:561 - ndcg@10: 0.1900
2025-10-07 17:10:38 - evaluator.evaluator - INFO - compute_ranking_metrics:561 - ndcg@20: 0.2262
2025-10-07 17:10:38 - evaluator.evaluator - INFO - compute_ranking_metrics:561 - hit_ratio@10: 0.5048
2025-10-07 17:10:38 - evaluator.evaluator - INFO - compute_ranking_metrics:561 - hit_ratio@20: 0.6579
2025-10-07 17:10:38 - evaluator.evaluator - INFO - compute_ranking_metrics:561 - precision@10: 0.0636
2025-10-07 17:10:38 - evaluator.evaluator - INFO - compute_ranking_metrics:561 - precision@20: 0.0464
2025-10-07 17:10:38 - evaluator.evaluator - INFO - compute_ranking_metrics:562 - ===================================
2025-10-07 17:10:38 - evaluator.evaluator - INFO - __exit__:128 - Completed: Computing test metrics (took 0.08s)
2025-10-07 17:10:38 - trainer.trainer - INFO - _evaluate_with_full_ranking:663 - TEST Loss: 0.5676
2025-10-07 17:10:38 - trainer.trainer - INFO - __exit__:128 - Completed: Evaluation (test) (took 27.75s)
2025-10-07 17:10:38 - trainer.trainer - INFO - _train_epoch:353 - Training metrics computation disabled
2025-10-07 17:10:38 - trainer.trainer - INFO - __enter__:121 - Starting: Training epoch 67
2025-10-07 17:11:12 - trainer.trainer - INFO - __exit__:128 - Completed: Training epoch 67 (took 34.64s)
2025-10-07 17:11:12 - trainer.trainer - INFO - _train_epoch:417 - Computing training ranking metrics from 1668 user-basket pairs
2025-10-07 17:11:17 - evaluator.evaluator - INFO - __enter__:121 - Starting: Computing train metrics
2025-10-07 17:11:17 - evaluator.evaluator - INFO - compute_ranking_metrics:559 - === TRAIN METRICS SUMMARY ===
2025-10-07 17:11:17 - evaluator.evaluator - INFO - compute_ranking_metrics:561 - recall@10: 0.2008
2025-10-07 17:11:17 - evaluator.evaluator - INFO - compute_ranking_metrics:561 - recall@20: 0.3230
2025-10-07 17:11:17 - evaluator.evaluator - INFO - compute_ranking_metrics:561 - ndcg@10: 0.1500
2025-10-07 17:11:17 - evaluator.evaluator - INFO - compute_ranking_metrics:561 - ndcg@20: 0.1900
2025-10-07 17:11:17 - evaluator.evaluator - INFO - compute_ranking_metrics:561 - hit_ratio@10: 0.6307
2025-10-07 17:11:17 - evaluator.evaluator - INFO - compute_ranking_metrics:561 - hit_ratio@20: 0.8363
2025-10-07 17:11:17 - evaluator.evaluator - INFO - compute_ranking_metrics:561 - precision@10: 0.0795
2025-10-07 17:11:17 - evaluator.evaluator - INFO - compute_ranking_metrics:561 - precision@20: 0.0640
2025-10-07 17:11:17 - evaluator.evaluator - INFO - compute_ranking_metrics:562 - ===================================
2025-10-07 17:11:17 - evaluator.evaluator - INFO - __exit__:128 - Completed: Computing train metrics (took 0.08s)
2025-10-07 17:11:17 - trainer.trainer - INFO - _train_epoch:424 - Training metrics computed: ['recall@10', 'recall@20', 'ndcg@10', 'ndcg@20', 'hit_ratio@10', 'hit_ratio@20', 'precision@10', 'precision@20']
2025-10-07 17:11:17 - trainer.trainer - INFO - __enter__:121 - Starting: Evaluation (val)
2025-10-07 17:11:17 - trainer.trainer - INFO - _evaluate_with_full_ranking:546 - Built training item mapping for 1668 users
2025-10-07 17:11:42 - trainer.trainer - INFO - _evaluate_with_full_ranking:578 - Found 1757 unique user-basket pairs for evaluation
2025-10-07 17:11:45 - evaluator.prediction_analyzer - INFO - analyze_predictions:161 - Analyzing predictions for 1757 examples (val mode)
2025-10-07 17:11:45 - evaluator.prediction_analyzer - INFO - __enter__:121 - Starting: Prediction analysis (val)
2025-10-07 17:11:45 - evaluator.prediction_analyzer - INFO - __exit__:128 - Completed: Prediction analysis (val) (took 0.00s)
2025-10-07 17:11:45 - evaluator.prediction_analyzer - INFO - _log_analysis_summary:267 - === PREDICTION ANALYSIS SUMMARY (VAL) ===
2025-10-07 17:11:45 - evaluator.prediction_analyzer - INFO - _log_analysis_summary:276 - Ground truth items per example: avg=2.2, min=1, max=3
2025-10-07 17:11:45 - evaluator.prediction_analyzer - INFO - _log_analysis_summary:282 - Epoch range: 0 - 67
2025-10-07 17:11:45 - evaluator.prediction_analyzer - INFO - _log_analysis_summary:300 - Top-5: avg_hits=0.4, avg_recall=0.182, examples_with_hits=1204/3400
2025-10-07 17:11:45 - evaluator.prediction_analyzer - INFO - _log_analysis_summary:300 - Top-10: avg_hits=0.6, avg_recall=0.277, examples_with_hits=1666/3400
2025-10-07 17:11:45 - evaluator.prediction_analyzer - INFO - _log_analysis_summary:300 - Top-20: avg_hits=0.9, avg_recall=0.420, examples_with_hits=2191/3400
2025-10-07 17:11:45 - evaluator.prediction_analyzer - INFO - _save_analysis_to_file:382 - Saved prediction analysis to: pytorch_pipeline/outputs/prediction_analysis/predictions_val_grnn_20251007_124143.json
2025-10-07 17:11:45 - evaluator.prediction_analyzer - INFO - _save_summary_statistics:429 - Saved summary statistics to: pytorch_pipeline/outputs/prediction_analysis/summary_val_grnn_20251007_124143.csv
2025-10-07 17:11:45 - evaluator.evaluator - INFO - __enter__:121 - Starting: Computing val metrics
2025-10-07 17:11:45 - evaluator.evaluator - INFO - compute_ranking_metrics:559 - === VAL METRICS SUMMARY ===
2025-10-07 17:11:45 - evaluator.evaluator - INFO - compute_ranking_metrics:561 - recall@10: 0.3003
2025-10-07 17:11:45 - evaluator.evaluator - INFO - compute_ranking_metrics:561 - recall@20: 0.4312
2025-10-07 17:11:45 - evaluator.evaluator - INFO - compute_ranking_metrics:561 - ndcg@10: 0.1947
2025-10-07 17:11:45 - evaluator.evaluator - INFO - compute_ranking_metrics:561 - ndcg@20: 0.2301
2025-10-07 17:11:45 - evaluator.evaluator - INFO - compute_ranking_metrics:561 - hit_ratio@10: 0.5202
2025-10-07 17:11:45 - evaluator.evaluator - INFO - compute_ranking_metrics:561 - hit_ratio@20: 0.6665
2025-10-07 17:11:45 - evaluator.evaluator - INFO - compute_ranking_metrics:561 - precision@10: 0.0651
2025-10-07 17:11:45 - evaluator.evaluator - INFO - compute_ranking_metrics:561 - precision@20: 0.0470
2025-10-07 17:11:45 - evaluator.evaluator - INFO - compute_ranking_metrics:562 - ===================================
2025-10-07 17:11:45 - evaluator.evaluator - INFO - __exit__:128 - Completed: Computing val metrics (took 0.08s)
2025-10-07 17:11:45 - trainer.trainer - INFO - _evaluate_with_full_ranking:663 - VAL Loss: 0.5631
2025-10-07 17:11:45 - trainer.trainer - INFO - __exit__:128 - Completed: Evaluation (val) (took 27.66s)
2025-10-07 17:11:45 - trainer.trainer - INFO - log_training_metrics:163 - Epoch  67 [combined] - train_loss: 0.5649 | train_recall@10: 0.2008 | train_recall@20: 0.3230 | train_ndcg@10: 0.1500 | train_ndcg@20: 0.1900 | train_hit_ratio@10: 0.6307 | train_hit_ratio@20: 0.8363 | train_precision@10: 0.0795 | train_precision@20: 0.0640 | recall@10: 0.3003 | recall@20: 0.4312 | ndcg@10: 0.1947 | ndcg@20: 0.2301 | hit_ratio@10: 0.5202 | hit_ratio@20: 0.6665 | precision@10: 0.0651 | precision@20: 0.0470 | val_loss: 0.5631
2025-10-07 17:11:45 - trainer.trainer - INFO - __enter__:121 - Starting: Evaluation (test)
2025-10-07 17:11:45 - trainer.trainer - INFO - _evaluate_with_full_ranking:546 - Built training item mapping for 1668 users
2025-10-07 17:12:10 - trainer.trainer - INFO - _evaluate_with_full_ranking:578 - Found 1757 unique user-basket pairs for evaluation
2025-10-07 17:12:12 - evaluator.prediction_analyzer - INFO - analyze_predictions:161 - Analyzing predictions for 1757 examples (test mode)
2025-10-07 17:12:12 - evaluator.prediction_analyzer - INFO - __enter__:121 - Starting: Prediction analysis (test)
2025-10-07 17:12:12 - evaluator.prediction_analyzer - INFO - __exit__:128 - Completed: Prediction analysis (test) (took 0.00s)
2025-10-07 17:12:12 - evaluator.prediction_analyzer - INFO - _log_analysis_summary:267 - === PREDICTION ANALYSIS SUMMARY (TEST) ===
2025-10-07 17:12:12 - evaluator.prediction_analyzer - INFO - _log_analysis_summary:276 - Ground truth items per example: avg=2.2, min=1, max=3
2025-10-07 17:12:12 - evaluator.prediction_analyzer - INFO - _log_analysis_summary:282 - Epoch range: 10 - 67
2025-10-07 17:12:12 - evaluator.prediction_analyzer - INFO - _log_analysis_summary:300 - Top-5: avg_hits=0.4, avg_recall=0.205, examples_with_hits=1153/2900
2025-10-07 17:12:12 - evaluator.prediction_analyzer - INFO - _log_analysis_summary:300 - Top-10: avg_hits=0.6, avg_recall=0.302, examples_with_hits=1538/2900
2025-10-07 17:12:12 - evaluator.prediction_analyzer - INFO - _log_analysis_summary:300 - Top-20: avg_hits=0.9, avg_recall=0.444, examples_with_hits=1953/2900
2025-10-07 17:12:12 - evaluator.prediction_analyzer - INFO - _save_analysis_to_file:382 - Saved prediction analysis to: pytorch_pipeline/outputs/prediction_analysis/predictions_test_grnn_20251007_124143.json
2025-10-07 17:12:12 - evaluator.prediction_analyzer - INFO - _save_summary_statistics:429 - Saved summary statistics to: pytorch_pipeline/outputs/prediction_analysis/summary_test_grnn_20251007_124143.csv
2025-10-07 17:12:12 - evaluator.prediction_analyzer - INFO - show_detailed_examples:321 - === DETAILED PREDICTION EXAMPLES (TEST) ===
2025-10-07 17:12:12 - evaluator.prediction_analyzer - INFO - _show_single_example:333 - 
--- Example 1 (next-basket prediction) ---
2025-10-07 17:12:12 - evaluator.prediction_analyzer - INFO - _show_single_example:334 - User ID: 0, Basket ID: 3
2025-10-07 17:12:12 - evaluator.prediction_analyzer - INFO - _show_single_example:338 - Ground Truth (3 items): ['0', '64', '4']
2025-10-07 17:12:12 - evaluator.prediction_analyzer - INFO - _show_single_example:352 - 
Top-5 Predictions:
2025-10-07 17:12:12 - evaluator.prediction_analyzer - INFO - _show_single_example:354 -   Predicted: ['37', '17', '4', '23', '49']
2025-10-07 17:12:12 - evaluator.prediction_analyzer - INFO - _show_single_example:360 -   ✓ Hits (1): ['4']
2025-10-07 17:12:12 - evaluator.prediction_analyzer - INFO - _show_single_example:363 -   Metrics: Recall=0.333, Precision=0.200
2025-10-07 17:12:12 - evaluator.prediction_analyzer - INFO - _show_single_example:352 - 
Top-10 Predictions:
2025-10-07 17:12:12 - evaluator.prediction_analyzer - INFO - _show_single_example:354 -   Predicted: ['37', '17', '4', '23', '49', '22', '3', '10', '70', '2']
2025-10-07 17:12:12 - evaluator.prediction_analyzer - INFO - _show_single_example:360 -   ✓ Hits (1): ['4']
2025-10-07 17:12:12 - evaluator.prediction_analyzer - INFO - _show_single_example:363 -   Metrics: Recall=0.333, Precision=0.100
2025-10-07 17:12:12 - evaluator.prediction_analyzer - INFO - _show_single_example:352 - 
Top-20 Predictions:
2025-10-07 17:12:12 - evaluator.prediction_analyzer - INFO - _show_single_example:354 -   Predicted: ['37', '17', '4', '23', '49', '22', '3', '10', '70', '2', '114', '11', '0', '65', '74', '68', '113', '59', '16', '21']
2025-10-07 17:12:12 - evaluator.prediction_analyzer - INFO - _show_single_example:360 -   ✓ Hits (2): ['4', '0']
2025-10-07 17:12:12 - evaluator.prediction_analyzer - INFO - _show_single_example:363 -   Metrics: Recall=0.667, Precision=0.100
2025-10-07 17:12:12 - evaluator.prediction_analyzer - INFO - _show_single_example:333 - 
--- Example 2 (next-basket prediction) ---
2025-10-07 17:12:12 - evaluator.prediction_analyzer - INFO - _show_single_example:334 - User ID: 2, Basket ID: 12
2025-10-07 17:12:12 - evaluator.prediction_analyzer - INFO - _show_single_example:338 - Ground Truth (3 items): ['33', '2', '3']
2025-10-07 17:12:12 - evaluator.prediction_analyzer - INFO - _show_single_example:352 - 
Top-5 Predictions:
2025-10-07 17:12:12 - evaluator.prediction_analyzer - INFO - _show_single_example:354 -   Predicted: ['37', '17', '4', '23', '1']
2025-10-07 17:12:12 - evaluator.prediction_analyzer - INFO - _show_single_example:365 -   ✗ No hits in top-5
2025-10-07 17:12:12 - evaluator.prediction_analyzer - INFO - _show_single_example:352 - 
Top-10 Predictions:
2025-10-07 17:12:12 - evaluator.prediction_analyzer - INFO - _show_single_example:354 -   Predicted: ['37', '17', '4', '23', '1', '49', '3', '10', '70', '2']
2025-10-07 17:12:12 - evaluator.prediction_analyzer - INFO - _show_single_example:360 -   ✓ Hits (2): ['3', '2']
2025-10-07 17:12:12 - evaluator.prediction_analyzer - INFO - _show_single_example:363 -   Metrics: Recall=0.667, Precision=0.200
2025-10-07 17:12:12 - evaluator.prediction_analyzer - INFO - _show_single_example:352 - 
Top-20 Predictions:
2025-10-07 17:12:12 - evaluator.prediction_analyzer - INFO - _show_single_example:354 -   Predicted: ['37', '17', '4', '23', '1', '49', '3', '10', '70', '2', '114', '0', '65', '74', '68', '113', '59', '16', '21', '19']
2025-10-07 17:12:12 - evaluator.prediction_analyzer - INFO - _show_single_example:360 -   ✓ Hits (2): ['3', '2']
2025-10-07 17:12:12 - evaluator.prediction_analyzer - INFO - _show_single_example:363 -   Metrics: Recall=0.667, Precision=0.100
2025-10-07 17:12:12 - evaluator.prediction_analyzer - INFO - _show_single_example:333 - 
--- Example 3 (next-basket prediction) ---
2025-10-07 17:12:12 - evaluator.prediction_analyzer - INFO - _show_single_example:334 - User ID: 3, Basket ID: 15
2025-10-07 17:12:12 - evaluator.prediction_analyzer - INFO - _show_single_example:338 - Ground Truth (3 items): ['65', '3', '70']
2025-10-07 17:12:12 - evaluator.prediction_analyzer - INFO - _show_single_example:352 - 
Top-5 Predictions:
2025-10-07 17:12:12 - evaluator.prediction_analyzer - INFO - _show_single_example:354 -   Predicted: ['17', '4', '23', '1', '49']
2025-10-07 17:12:12 - evaluator.prediction_analyzer - INFO - _show_single_example:365 -   ✗ No hits in top-5
2025-10-07 17:12:12 - evaluator.prediction_analyzer - INFO - _show_single_example:352 - 
Top-10 Predictions:
2025-10-07 17:12:12 - evaluator.prediction_analyzer - INFO - _show_single_example:354 -   Predicted: ['17', '4', '23', '1', '49', '22', '3', '10', '70', '2']
2025-10-07 17:12:12 - evaluator.prediction_analyzer - INFO - _show_single_example:360 -   ✓ Hits (2): ['3', '70']
2025-10-07 17:12:12 - evaluator.prediction_analyzer - INFO - _show_single_example:363 -   Metrics: Recall=0.667, Precision=0.200
2025-10-07 17:12:12 - evaluator.prediction_analyzer - INFO - _show_single_example:352 - 
Top-20 Predictions:
2025-10-07 17:12:12 - evaluator.prediction_analyzer - INFO - _show_single_example:354 -   Predicted: ['17', '4', '23', '1', '49', '22', '3', '10', '70', '2', '114', '11', '0', '65', '74', '68', '113', '59', '16', '21']
2025-10-07 17:12:12 - evaluator.prediction_analyzer - INFO - _show_single_example:360 -   ✓ Hits (3): ['3', '70', '65']
2025-10-07 17:12:12 - evaluator.prediction_analyzer - INFO - _show_single_example:363 -   Metrics: Recall=1.000, Precision=0.150
2025-10-07 17:12:12 - evaluator.prediction_analyzer - INFO - show_detailed_examples:327 - ============================================================
2025-10-07 17:12:12 - evaluator.evaluator - INFO - __enter__:121 - Starting: Computing test metrics
2025-10-07 17:12:12 - evaluator.evaluator - INFO - compute_ranking_metrics:559 - === TEST METRICS SUMMARY ===
2025-10-07 17:12:12 - evaluator.evaluator - INFO - compute_ranking_metrics:561 - recall@10: 0.2961
2025-10-07 17:12:12 - evaluator.evaluator - INFO - compute_ranking_metrics:561 - recall@20: 0.4271
2025-10-07 17:12:12 - evaluator.evaluator - INFO - compute_ranking_metrics:561 - ndcg@10: 0.1925
2025-10-07 17:12:12 - evaluator.evaluator - INFO - compute_ranking_metrics:561 - ndcg@20: 0.2278
2025-10-07 17:12:12 - evaluator.evaluator - INFO - compute_ranking_metrics:561 - hit_ratio@10: 0.5111
2025-10-07 17:12:12 - evaluator.evaluator - INFO - compute_ranking_metrics:561 - hit_ratio@20: 0.6636
2025-10-07 17:12:12 - evaluator.evaluator - INFO - compute_ranking_metrics:561 - precision@10: 0.0641
2025-10-07 17:12:12 - evaluator.evaluator - INFO - compute_ranking_metrics:561 - precision@20: 0.0465
2025-10-07 17:12:12 - evaluator.evaluator - INFO - compute_ranking_metrics:562 - ===================================
2025-10-07 17:12:12 - evaluator.evaluator - INFO - __exit__:128 - Completed: Computing test metrics (took 0.08s)
2025-10-07 17:12:12 - trainer.trainer - INFO - _evaluate_with_full_ranking:663 - TEST Loss: 0.5670
2025-10-07 17:12:12 - trainer.trainer - INFO - __exit__:128 - Completed: Evaluation (test) (took 27.58s)
2025-10-07 17:12:12 - trainer.trainer - INFO - _train_epoch:353 - Training metrics computation disabled
2025-10-07 17:12:12 - trainer.trainer - INFO - __enter__:121 - Starting: Training epoch 68
2025-10-07 17:12:47 - trainer.trainer - INFO - __exit__:128 - Completed: Training epoch 68 (took 34.46s)
2025-10-07 17:12:47 - trainer.trainer - INFO - _train_epoch:417 - Computing training ranking metrics from 1668 user-basket pairs
2025-10-07 17:12:52 - evaluator.evaluator - INFO - __enter__:121 - Starting: Computing train metrics
2025-10-07 17:12:52 - evaluator.evaluator - INFO - compute_ranking_metrics:559 - === TRAIN METRICS SUMMARY ===
2025-10-07 17:12:52 - evaluator.evaluator - INFO - compute_ranking_metrics:561 - recall@10: 0.2007
2025-10-07 17:12:52 - evaluator.evaluator - INFO - compute_ranking_metrics:561 - recall@20: 0.3227
2025-10-07 17:12:52 - evaluator.evaluator - INFO - compute_ranking_metrics:561 - ndcg@10: 0.1504
2025-10-07 17:12:52 - evaluator.evaluator - INFO - compute_ranking_metrics:561 - ndcg@20: 0.1903
2025-10-07 17:12:52 - evaluator.evaluator - INFO - compute_ranking_metrics:561 - hit_ratio@10: 0.6307
2025-10-07 17:12:52 - evaluator.evaluator - INFO - compute_ranking_metrics:561 - hit_ratio@20: 0.8351
2025-10-07 17:12:52 - evaluator.evaluator - INFO - compute_ranking_metrics:561 - precision@10: 0.0795
2025-10-07 17:12:52 - evaluator.evaluator - INFO - compute_ranking_metrics:561 - precision@20: 0.0640
2025-10-07 17:12:52 - evaluator.evaluator - INFO - compute_ranking_metrics:562 - ===================================
2025-10-07 17:12:52 - evaluator.evaluator - INFO - __exit__:128 - Completed: Computing train metrics (took 0.08s)
2025-10-07 17:12:52 - trainer.trainer - INFO - _train_epoch:424 - Training metrics computed: ['recall@10', 'recall@20', 'ndcg@10', 'ndcg@20', 'hit_ratio@10', 'hit_ratio@20', 'precision@10', 'precision@20']
2025-10-07 17:12:52 - trainer.trainer - INFO - __enter__:121 - Starting: Evaluation (val)
2025-10-07 17:12:52 - trainer.trainer - INFO - _evaluate_with_full_ranking:546 - Built training item mapping for 1668 users
2025-10-07 17:13:17 - trainer.trainer - INFO - _evaluate_with_full_ranking:578 - Found 1757 unique user-basket pairs for evaluation
2025-10-07 17:13:19 - evaluator.prediction_analyzer - INFO - analyze_predictions:161 - Analyzing predictions for 1757 examples (val mode)
2025-10-07 17:13:19 - evaluator.prediction_analyzer - INFO - __enter__:121 - Starting: Prediction analysis (val)
2025-10-07 17:13:19 - evaluator.prediction_analyzer - INFO - __exit__:128 - Completed: Prediction analysis (val) (took 0.00s)
2025-10-07 17:13:19 - evaluator.prediction_analyzer - INFO - _log_analysis_summary:267 - === PREDICTION ANALYSIS SUMMARY (VAL) ===
2025-10-07 17:13:19 - evaluator.prediction_analyzer - INFO - _log_analysis_summary:276 - Ground truth items per example: avg=2.2, min=1, max=3
2025-10-07 17:13:19 - evaluator.prediction_analyzer - INFO - _log_analysis_summary:282 - Epoch range: 0 - 68
2025-10-07 17:13:19 - evaluator.prediction_analyzer - INFO - _log_analysis_summary:300 - Top-5: avg_hits=0.4, avg_recall=0.182, examples_with_hits=1221/3450
2025-10-07 17:13:19 - evaluator.prediction_analyzer - INFO - _log_analysis_summary:300 - Top-10: avg_hits=0.6, avg_recall=0.277, examples_with_hits=1690/3450
2025-10-07 17:13:19 - evaluator.prediction_analyzer - INFO - _log_analysis_summary:300 - Top-20: avg_hits=0.9, avg_recall=0.419, examples_with_hits=2220/3450
2025-10-07 17:13:20 - evaluator.prediction_analyzer - INFO - _save_analysis_to_file:382 - Saved prediction analysis to: pytorch_pipeline/outputs/prediction_analysis/predictions_val_grnn_20251007_124143.json
2025-10-07 17:13:20 - evaluator.prediction_analyzer - INFO - _save_summary_statistics:429 - Saved summary statistics to: pytorch_pipeline/outputs/prediction_analysis/summary_val_grnn_20251007_124143.csv
2025-10-07 17:13:20 - evaluator.evaluator - INFO - __enter__:121 - Starting: Computing val metrics
2025-10-07 17:13:20 - evaluator.evaluator - INFO - compute_ranking_metrics:559 - === VAL METRICS SUMMARY ===
2025-10-07 17:13:20 - evaluator.evaluator - INFO - compute_ranking_metrics:561 - recall@10: 0.2967
2025-10-07 17:13:20 - evaluator.evaluator - INFO - compute_ranking_metrics:561 - recall@20: 0.4341
2025-10-07 17:13:20 - evaluator.evaluator - INFO - compute_ranking_metrics:561 - ndcg@10: 0.1943
2025-10-07 17:13:20 - evaluator.evaluator - INFO - compute_ranking_metrics:561 - ndcg@20: 0.2315
2025-10-07 17:13:20 - evaluator.evaluator - INFO - compute_ranking_metrics:561 - hit_ratio@10: 0.5145
2025-10-07 17:13:20 - evaluator.evaluator - INFO - compute_ranking_metrics:561 - hit_ratio@20: 0.6693
2025-10-07 17:13:20 - evaluator.evaluator - INFO - compute_ranking_metrics:561 - precision@10: 0.0644
2025-10-07 17:13:20 - evaluator.evaluator - INFO - compute_ranking_metrics:561 - precision@20: 0.0473
2025-10-07 17:13:20 - evaluator.evaluator - INFO - compute_ranking_metrics:562 - ===================================
2025-10-07 17:13:20 - evaluator.evaluator - INFO - __exit__:128 - Completed: Computing val metrics (took 0.08s)
2025-10-07 17:13:20 - trainer.trainer - INFO - _evaluate_with_full_ranking:663 - VAL Loss: 0.5537
2025-10-07 17:13:20 - trainer.trainer - INFO - __exit__:128 - Completed: Evaluation (val) (took 27.81s)
2025-10-07 17:13:20 - trainer.trainer - INFO - log_training_metrics:163 - Epoch  68 [combined] - train_loss: 0.5653 | train_recall@10: 0.2007 | train_recall@20: 0.3227 | train_ndcg@10: 0.1504 | train_ndcg@20: 0.1903 | train_hit_ratio@10: 0.6307 | train_hit_ratio@20: 0.8351 | train_precision@10: 0.0795 | train_precision@20: 0.0640 | recall@10: 0.2967 | recall@20: 0.4341 | ndcg@10: 0.1943 | ndcg@20: 0.2315 | hit_ratio@10: 0.5145 | hit_ratio@20: 0.6693 | precision@10: 0.0644 | precision@20: 0.0473 | val_loss: 0.5537
2025-10-07 17:13:20 - trainer.trainer - INFO - __enter__:121 - Starting: Evaluation (test)
2025-10-07 17:13:20 - trainer.trainer - INFO - _evaluate_with_full_ranking:546 - Built training item mapping for 1668 users
2025-10-07 17:13:45 - trainer.trainer - INFO - _evaluate_with_full_ranking:578 - Found 1757 unique user-basket pairs for evaluation
2025-10-07 17:13:47 - evaluator.prediction_analyzer - INFO - analyze_predictions:161 - Analyzing predictions for 1757 examples (test mode)
2025-10-07 17:13:47 - evaluator.prediction_analyzer - INFO - __enter__:121 - Starting: Prediction analysis (test)
2025-10-07 17:13:47 - evaluator.prediction_analyzer - INFO - __exit__:128 - Completed: Prediction analysis (test) (took 0.00s)
2025-10-07 17:13:47 - evaluator.prediction_analyzer - INFO - _log_analysis_summary:267 - === PREDICTION ANALYSIS SUMMARY (TEST) ===
2025-10-07 17:13:47 - evaluator.prediction_analyzer - INFO - _log_analysis_summary:276 - Ground truth items per example: avg=2.2, min=1, max=3
2025-10-07 17:13:47 - evaluator.prediction_analyzer - INFO - _log_analysis_summary:282 - Epoch range: 10 - 68
2025-10-07 17:13:47 - evaluator.prediction_analyzer - INFO - _log_analysis_summary:300 - Top-5: avg_hits=0.4, avg_recall=0.204, examples_with_hits=1170/2950
2025-10-07 17:13:47 - evaluator.prediction_analyzer - INFO - _log_analysis_summary:300 - Top-10: avg_hits=0.6, avg_recall=0.302, examples_with_hits=1561/2950
2025-10-07 17:13:47 - evaluator.prediction_analyzer - INFO - _log_analysis_summary:300 - Top-20: avg_hits=0.9, avg_recall=0.443, examples_with_hits=1981/2950
2025-10-07 17:13:47 - evaluator.prediction_analyzer - INFO - _save_analysis_to_file:382 - Saved prediction analysis to: pytorch_pipeline/outputs/prediction_analysis/predictions_test_grnn_20251007_124143.json
2025-10-07 17:13:47 - evaluator.prediction_analyzer - INFO - _save_summary_statistics:429 - Saved summary statistics to: pytorch_pipeline/outputs/prediction_analysis/summary_test_grnn_20251007_124143.csv
2025-10-07 17:13:47 - evaluator.prediction_analyzer - INFO - show_detailed_examples:321 - === DETAILED PREDICTION EXAMPLES (TEST) ===
2025-10-07 17:13:47 - evaluator.prediction_analyzer - INFO - _show_single_example:333 - 
--- Example 1 (next-basket prediction) ---
2025-10-07 17:13:47 - evaluator.prediction_analyzer - INFO - _show_single_example:334 - User ID: 0, Basket ID: 3
2025-10-07 17:13:47 - evaluator.prediction_analyzer - INFO - _show_single_example:338 - Ground Truth (3 items): ['0', '64', '4']
2025-10-07 17:13:47 - evaluator.prediction_analyzer - INFO - _show_single_example:352 - 
Top-5 Predictions:
2025-10-07 17:13:47 - evaluator.prediction_analyzer - INFO - _show_single_example:354 -   Predicted: ['37', '17', '4', '23', '49']
2025-10-07 17:13:47 - evaluator.prediction_analyzer - INFO - _show_single_example:360 -   ✓ Hits (1): ['4']
2025-10-07 17:13:47 - evaluator.prediction_analyzer - INFO - _show_single_example:363 -   Metrics: Recall=0.333, Precision=0.200
2025-10-07 17:13:47 - evaluator.prediction_analyzer - INFO - _show_single_example:352 - 
Top-10 Predictions:
2025-10-07 17:13:47 - evaluator.prediction_analyzer - INFO - _show_single_example:354 -   Predicted: ['37', '17', '4', '23', '49', '22', '3', '10', '70', '2']
2025-10-07 17:13:47 - evaluator.prediction_analyzer - INFO - _show_single_example:360 -   ✓ Hits (1): ['4']
2025-10-07 17:13:47 - evaluator.prediction_analyzer - INFO - _show_single_example:363 -   Metrics: Recall=0.333, Precision=0.100
2025-10-07 17:13:47 - evaluator.prediction_analyzer - INFO - _show_single_example:352 - 
Top-20 Predictions:
2025-10-07 17:13:47 - evaluator.prediction_analyzer - INFO - _show_single_example:354 -   Predicted: ['37', '17', '4', '23', '49', '22', '3', '10', '70', '2', '114', '11', '0', '65', '74', '68', '113', '59', '16', '21']
2025-10-07 17:13:47 - evaluator.prediction_analyzer - INFO - _show_single_example:360 -   ✓ Hits (2): ['4', '0']
2025-10-07 17:13:47 - evaluator.prediction_analyzer - INFO - _show_single_example:363 -   Metrics: Recall=0.667, Precision=0.100
2025-10-07 17:13:47 - evaluator.prediction_analyzer - INFO - _show_single_example:333 - 
--- Example 2 (next-basket prediction) ---
2025-10-07 17:13:47 - evaluator.prediction_analyzer - INFO - _show_single_example:334 - User ID: 2, Basket ID: 12
2025-10-07 17:13:47 - evaluator.prediction_analyzer - INFO - _show_single_example:338 - Ground Truth (3 items): ['33', '2', '3']
2025-10-07 17:13:47 - evaluator.prediction_analyzer - INFO - _show_single_example:352 - 
Top-5 Predictions:
2025-10-07 17:13:47 - evaluator.prediction_analyzer - INFO - _show_single_example:354 -   Predicted: ['37', '17', '4', '23', '1']
2025-10-07 17:13:47 - evaluator.prediction_analyzer - INFO - _show_single_example:365 -   ✗ No hits in top-5
2025-10-07 17:13:47 - evaluator.prediction_analyzer - INFO - _show_single_example:352 - 
Top-10 Predictions:
2025-10-07 17:13:47 - evaluator.prediction_analyzer - INFO - _show_single_example:354 -   Predicted: ['37', '17', '4', '23', '1', '49', '3', '10', '70', '2']
2025-10-07 17:13:47 - evaluator.prediction_analyzer - INFO - _show_single_example:360 -   ✓ Hits (2): ['3', '2']
2025-10-07 17:13:47 - evaluator.prediction_analyzer - INFO - _show_single_example:363 -   Metrics: Recall=0.667, Precision=0.200
2025-10-07 17:13:47 - evaluator.prediction_analyzer - INFO - _show_single_example:352 - 
Top-20 Predictions:
2025-10-07 17:13:47 - evaluator.prediction_analyzer - INFO - _show_single_example:354 -   Predicted: ['37', '17', '4', '23', '1', '49', '3', '10', '70', '2', '114', '0', '65', '74', '68', '113', '59', '16', '21', '19']
2025-10-07 17:13:47 - evaluator.prediction_analyzer - INFO - _show_single_example:360 -   ✓ Hits (2): ['3', '2']
2025-10-07 17:13:47 - evaluator.prediction_analyzer - INFO - _show_single_example:363 -   Metrics: Recall=0.667, Precision=0.100
2025-10-07 17:13:47 - evaluator.prediction_analyzer - INFO - _show_single_example:333 - 
--- Example 3 (next-basket prediction) ---
2025-10-07 17:13:47 - evaluator.prediction_analyzer - INFO - _show_single_example:334 - User ID: 3, Basket ID: 15
2025-10-07 17:13:47 - evaluator.prediction_analyzer - INFO - _show_single_example:338 - Ground Truth (3 items): ['65', '3', '70']
2025-10-07 17:13:47 - evaluator.prediction_analyzer - INFO - _show_single_example:352 - 
Top-5 Predictions:
2025-10-07 17:13:47 - evaluator.prediction_analyzer - INFO - _show_single_example:354 -   Predicted: ['17', '4', '23', '1', '49']
2025-10-07 17:13:47 - evaluator.prediction_analyzer - INFO - _show_single_example:365 -   ✗ No hits in top-5
2025-10-07 17:13:47 - evaluator.prediction_analyzer - INFO - _show_single_example:352 - 
Top-10 Predictions:
2025-10-07 17:13:47 - evaluator.prediction_analyzer - INFO - _show_single_example:354 -   Predicted: ['17', '4', '23', '1', '49', '22', '3', '10', '70', '2']
2025-10-07 17:13:47 - evaluator.prediction_analyzer - INFO - _show_single_example:360 -   ✓ Hits (2): ['3', '70']
2025-10-07 17:13:47 - evaluator.prediction_analyzer - INFO - _show_single_example:363 -   Metrics: Recall=0.667, Precision=0.200
2025-10-07 17:13:47 - evaluator.prediction_analyzer - INFO - _show_single_example:352 - 
Top-20 Predictions:
2025-10-07 17:13:47 - evaluator.prediction_analyzer - INFO - _show_single_example:354 -   Predicted: ['17', '4', '23', '1', '49', '22', '3', '10', '70', '2', '114', '11', '0', '65', '74', '68', '113', '59', '16', '21']
2025-10-07 17:13:47 - evaluator.prediction_analyzer - INFO - _show_single_example:360 -   ✓ Hits (3): ['3', '70', '65']
2025-10-07 17:13:47 - evaluator.prediction_analyzer - INFO - _show_single_example:363 -   Metrics: Recall=1.000, Precision=0.150
2025-10-07 17:13:47 - evaluator.prediction_analyzer - INFO - show_detailed_examples:327 - ============================================================
2025-10-07 17:13:47 - evaluator.evaluator - INFO - __enter__:121 - Starting: Computing test metrics
2025-10-07 17:13:47 - evaluator.evaluator - INFO - compute_ranking_metrics:559 - === TEST METRICS SUMMARY ===
2025-10-07 17:13:47 - evaluator.evaluator - INFO - compute_ranking_metrics:561 - recall@10: 0.2973
2025-10-07 17:13:47 - evaluator.evaluator - INFO - compute_ranking_metrics:561 - recall@20: 0.4329
2025-10-07 17:13:47 - evaluator.evaluator - INFO - compute_ranking_metrics:561 - ndcg@10: 0.1948
2025-10-07 17:13:47 - evaluator.evaluator - INFO - compute_ranking_metrics:561 - ndcg@20: 0.2314
2025-10-07 17:13:47 - evaluator.evaluator - INFO - compute_ranking_metrics:561 - hit_ratio@10: 0.5145
2025-10-07 17:13:47 - evaluator.evaluator - INFO - compute_ranking_metrics:561 - hit_ratio@20: 0.6705
2025-10-07 17:13:47 - evaluator.evaluator - INFO - compute_ranking_metrics:561 - precision@10: 0.0646
2025-10-07 17:13:47 - evaluator.evaluator - INFO - compute_ranking_metrics:561 - precision@20: 0.0472
2025-10-07 17:13:47 - evaluator.evaluator - INFO - compute_ranking_metrics:562 - ===================================
2025-10-07 17:13:47 - evaluator.evaluator - INFO - __exit__:128 - Completed: Computing test metrics (took 0.08s)
2025-10-07 17:13:47 - trainer.trainer - INFO - _evaluate_with_full_ranking:663 - TEST Loss: 0.5517
2025-10-07 17:13:47 - trainer.trainer - INFO - __exit__:128 - Completed: Evaluation (test) (took 27.82s)
2025-10-07 17:13:47 - trainer.trainer - INFO - _train_epoch:353 - Training metrics computation disabled
2025-10-07 17:13:47 - trainer.trainer - INFO - __enter__:121 - Starting: Training epoch 69
2025-10-07 17:14:22 - trainer.trainer - INFO - __exit__:128 - Completed: Training epoch 69 (took 34.75s)
2025-10-07 17:14:22 - trainer.trainer - INFO - _train_epoch:417 - Computing training ranking metrics from 1668 user-basket pairs
2025-10-07 17:14:27 - evaluator.evaluator - INFO - __enter__:121 - Starting: Computing train metrics
2025-10-07 17:14:27 - evaluator.evaluator - INFO - compute_ranking_metrics:559 - === TRAIN METRICS SUMMARY ===
2025-10-07 17:14:27 - evaluator.evaluator - INFO - compute_ranking_metrics:561 - recall@10: 0.2047
2025-10-07 17:14:27 - evaluator.evaluator - INFO - compute_ranking_metrics:561 - recall@20: 0.3235
2025-10-07 17:14:27 - evaluator.evaluator - INFO - compute_ranking_metrics:561 - ndcg@10: 0.1517
2025-10-07 17:14:27 - evaluator.evaluator - INFO - compute_ranking_metrics:561 - ndcg@20: 0.1905
2025-10-07 17:14:27 - evaluator.evaluator - INFO - compute_ranking_metrics:561 - hit_ratio@10: 0.6451
2025-10-07 17:14:27 - evaluator.evaluator - INFO - compute_ranking_metrics:561 - hit_ratio@20: 0.8351
2025-10-07 17:14:27 - evaluator.evaluator - INFO - compute_ranking_metrics:561 - precision@10: 0.0811
2025-10-07 17:14:27 - evaluator.evaluator - INFO - compute_ranking_metrics:561 - precision@20: 0.0641
2025-10-07 17:14:27 - evaluator.evaluator - INFO - compute_ranking_metrics:562 - ===================================
2025-10-07 17:14:27 - evaluator.evaluator - INFO - __exit__:128 - Completed: Computing train metrics (took 0.08s)
2025-10-07 17:14:27 - trainer.trainer - INFO - _train_epoch:424 - Training metrics computed: ['recall@10', 'recall@20', 'ndcg@10', 'ndcg@20', 'hit_ratio@10', 'hit_ratio@20', 'precision@10', 'precision@20']
2025-10-07 17:14:27 - trainer.trainer - INFO - __enter__:121 - Starting: Evaluation (val)
2025-10-07 17:14:27 - trainer.trainer - INFO - _evaluate_with_full_ranking:546 - Built training item mapping for 1668 users
2025-10-07 17:14:52 - trainer.trainer - INFO - _evaluate_with_full_ranking:578 - Found 1757 unique user-basket pairs for evaluation
2025-10-07 17:14:55 - evaluator.prediction_analyzer - INFO - analyze_predictions:161 - Analyzing predictions for 1757 examples (val mode)
2025-10-07 17:14:55 - evaluator.prediction_analyzer - INFO - __enter__:121 - Starting: Prediction analysis (val)
2025-10-07 17:14:55 - evaluator.prediction_analyzer - INFO - __exit__:128 - Completed: Prediction analysis (val) (took 0.00s)
2025-10-07 17:14:55 - evaluator.prediction_analyzer - INFO - _log_analysis_summary:267 - === PREDICTION ANALYSIS SUMMARY (VAL) ===
2025-10-07 17:14:55 - evaluator.prediction_analyzer - INFO - _log_analysis_summary:276 - Ground truth items per example: avg=2.2, min=1, max=3
2025-10-07 17:14:55 - evaluator.prediction_analyzer - INFO - _log_analysis_summary:282 - Epoch range: 0 - 69
2025-10-07 17:14:55 - evaluator.prediction_analyzer - INFO - _log_analysis_summary:300 - Top-5: avg_hits=0.4, avg_recall=0.182, examples_with_hits=1238/3500
2025-10-07 17:14:55 - evaluator.prediction_analyzer - INFO - _log_analysis_summary:300 - Top-10: avg_hits=0.6, avg_recall=0.277, examples_with_hits=1713/3500
2025-10-07 17:14:55 - evaluator.prediction_analyzer - INFO - _log_analysis_summary:300 - Top-20: avg_hits=0.9, avg_recall=0.418, examples_with_hits=2248/3500
2025-10-07 17:14:55 - evaluator.prediction_analyzer - INFO - _save_analysis_to_file:382 - Saved prediction analysis to: pytorch_pipeline/outputs/prediction_analysis/predictions_val_grnn_20251007_124143.json
2025-10-07 17:14:55 - evaluator.prediction_analyzer - INFO - _save_summary_statistics:429 - Saved summary statistics to: pytorch_pipeline/outputs/prediction_analysis/summary_val_grnn_20251007_124143.csv
2025-10-07 17:14:55 - evaluator.evaluator - INFO - __enter__:121 - Starting: Computing val metrics
2025-10-07 17:14:55 - evaluator.evaluator - INFO - compute_ranking_metrics:559 - === VAL METRICS SUMMARY ===
2025-10-07 17:14:55 - evaluator.evaluator - INFO - compute_ranking_metrics:561 - recall@10: 0.2954
2025-10-07 17:14:55 - evaluator.evaluator - INFO - compute_ranking_metrics:561 - recall@20: 0.4341
2025-10-07 17:14:55 - evaluator.evaluator - INFO - compute_ranking_metrics:561 - ndcg@10: 0.1929
2025-10-07 17:14:55 - evaluator.evaluator - INFO - compute_ranking_metrics:561 - ndcg@20: 0.2306
2025-10-07 17:14:55 - evaluator.evaluator - INFO - compute_ranking_metrics:561 - hit_ratio@10: 0.5117
2025-10-07 17:14:55 - evaluator.evaluator - INFO - compute_ranking_metrics:561 - hit_ratio@20: 0.6676
2025-10-07 17:14:55 - evaluator.evaluator - INFO - compute_ranking_metrics:561 - precision@10: 0.0640
2025-10-07 17:14:55 - evaluator.evaluator - INFO - compute_ranking_metrics:561 - precision@20: 0.0473
2025-10-07 17:14:55 - evaluator.evaluator - INFO - compute_ranking_metrics:562 - ===================================
2025-10-07 17:14:55 - evaluator.evaluator - INFO - __exit__:128 - Completed: Computing val metrics (took 0.10s)
2025-10-07 17:14:55 - trainer.trainer - INFO - _evaluate_with_full_ranking:663 - VAL Loss: 0.5577
2025-10-07 17:14:55 - trainer.trainer - INFO - __exit__:128 - Completed: Evaluation (val) (took 28.33s)
2025-10-07 17:14:55 - trainer.trainer - INFO - log_training_metrics:163 - Epoch  69 [combined] - train_loss: 0.5674 | train_recall@10: 0.2047 | train_recall@20: 0.3235 | train_ndcg@10: 0.1517 | train_ndcg@20: 0.1905 | train_hit_ratio@10: 0.6451 | train_hit_ratio@20: 0.8351 | train_precision@10: 0.0811 | train_precision@20: 0.0641 | recall@10: 0.2954 | recall@20: 0.4341 | ndcg@10: 0.1929 | ndcg@20: 0.2306 | hit_ratio@10: 0.5117 | hit_ratio@20: 0.6676 | precision@10: 0.0640 | precision@20: 0.0473 | val_loss: 0.5577
2025-10-07 17:14:55 - trainer.trainer - INFO - __enter__:121 - Starting: Evaluation (test)
2025-10-07 17:14:55 - trainer.trainer - INFO - _evaluate_with_full_ranking:546 - Built training item mapping for 1668 users
2025-10-07 17:15:21 - trainer.trainer - INFO - _evaluate_with_full_ranking:578 - Found 1757 unique user-basket pairs for evaluation
2025-10-07 17:15:23 - evaluator.prediction_analyzer - INFO - analyze_predictions:161 - Analyzing predictions for 1757 examples (test mode)
2025-10-07 17:15:23 - evaluator.prediction_analyzer - INFO - __enter__:121 - Starting: Prediction analysis (test)
2025-10-07 17:15:23 - evaluator.prediction_analyzer - INFO - __exit__:128 - Completed: Prediction analysis (test) (took 0.00s)
2025-10-07 17:15:23 - evaluator.prediction_analyzer - INFO - _log_analysis_summary:267 - === PREDICTION ANALYSIS SUMMARY (TEST) ===
2025-10-07 17:15:23 - evaluator.prediction_analyzer - INFO - _log_analysis_summary:276 - Ground truth items per example: avg=2.2, min=1, max=3
2025-10-07 17:15:23 - evaluator.prediction_analyzer - INFO - _log_analysis_summary:282 - Epoch range: 10 - 69
2025-10-07 17:15:23 - evaluator.prediction_analyzer - INFO - _log_analysis_summary:300 - Top-5: avg_hits=0.4, avg_recall=0.204, examples_with_hits=1187/3000
2025-10-07 17:15:23 - evaluator.prediction_analyzer - INFO - _log_analysis_summary:300 - Top-10: avg_hits=0.6, avg_recall=0.301, examples_with_hits=1584/3000
2025-10-07 17:15:23 - evaluator.prediction_analyzer - INFO - _log_analysis_summary:300 - Top-20: avg_hits=0.9, avg_recall=0.442, examples_with_hits=2010/3000
2025-10-07 17:15:23 - evaluator.prediction_analyzer - INFO - _save_analysis_to_file:382 - Saved prediction analysis to: pytorch_pipeline/outputs/prediction_analysis/predictions_test_grnn_20251007_124143.json
2025-10-07 17:15:23 - evaluator.prediction_analyzer - INFO - _save_summary_statistics:429 - Saved summary statistics to: pytorch_pipeline/outputs/prediction_analysis/summary_test_grnn_20251007_124143.csv
2025-10-07 17:15:23 - evaluator.prediction_analyzer - INFO - show_detailed_examples:321 - === DETAILED PREDICTION EXAMPLES (TEST) ===
2025-10-07 17:15:23 - evaluator.prediction_analyzer - INFO - _show_single_example:333 - 
--- Example 1 (next-basket prediction) ---
2025-10-07 17:15:23 - evaluator.prediction_analyzer - INFO - _show_single_example:334 - User ID: 0, Basket ID: 3
2025-10-07 17:15:23 - evaluator.prediction_analyzer - INFO - _show_single_example:338 - Ground Truth (3 items): ['0', '64', '4']
2025-10-07 17:15:23 - evaluator.prediction_analyzer - INFO - _show_single_example:352 - 
Top-5 Predictions:
2025-10-07 17:15:23 - evaluator.prediction_analyzer - INFO - _show_single_example:354 -   Predicted: ['37', '17', '4', '23', '49']
2025-10-07 17:15:23 - evaluator.prediction_analyzer - INFO - _show_single_example:360 -   ✓ Hits (1): ['4']
2025-10-07 17:15:23 - evaluator.prediction_analyzer - INFO - _show_single_example:363 -   Metrics: Recall=0.333, Precision=0.200
2025-10-07 17:15:23 - evaluator.prediction_analyzer - INFO - _show_single_example:352 - 
Top-10 Predictions:
2025-10-07 17:15:23 - evaluator.prediction_analyzer - INFO - _show_single_example:354 -   Predicted: ['37', '17', '4', '23', '49', '22', '3', '10', '70', '2']
2025-10-07 17:15:23 - evaluator.prediction_analyzer - INFO - _show_single_example:360 -   ✓ Hits (1): ['4']
2025-10-07 17:15:23 - evaluator.prediction_analyzer - INFO - _show_single_example:363 -   Metrics: Recall=0.333, Precision=0.100
2025-10-07 17:15:23 - evaluator.prediction_analyzer - INFO - _show_single_example:352 - 
Top-20 Predictions:
2025-10-07 17:15:23 - evaluator.prediction_analyzer - INFO - _show_single_example:354 -   Predicted: ['37', '17', '4', '23', '49', '22', '3', '10', '70', '2', '114', '11', '0', '65', '74', '68', '113', '59', '16', '21']
2025-10-07 17:15:23 - evaluator.prediction_analyzer - INFO - _show_single_example:360 -   ✓ Hits (2): ['4', '0']
2025-10-07 17:15:23 - evaluator.prediction_analyzer - INFO - _show_single_example:363 -   Metrics: Recall=0.667, Precision=0.100
2025-10-07 17:15:23 - evaluator.prediction_analyzer - INFO - _show_single_example:333 - 
--- Example 2 (next-basket prediction) ---
2025-10-07 17:15:23 - evaluator.prediction_analyzer - INFO - _show_single_example:334 - User ID: 2, Basket ID: 12
2025-10-07 17:15:23 - evaluator.prediction_analyzer - INFO - _show_single_example:338 - Ground Truth (3 items): ['33', '2', '3']
2025-10-07 17:15:23 - evaluator.prediction_analyzer - INFO - _show_single_example:352 - 
Top-5 Predictions:
2025-10-07 17:15:23 - evaluator.prediction_analyzer - INFO - _show_single_example:354 -   Predicted: ['37', '17', '4', '23', '1']
2025-10-07 17:15:23 - evaluator.prediction_analyzer - INFO - _show_single_example:365 -   ✗ No hits in top-5
2025-10-07 17:15:23 - evaluator.prediction_analyzer - INFO - _show_single_example:352 - 
Top-10 Predictions:
2025-10-07 17:15:23 - evaluator.prediction_analyzer - INFO - _show_single_example:354 -   Predicted: ['37', '17', '4', '23', '1', '49', '3', '10', '70', '2']
2025-10-07 17:15:23 - evaluator.prediction_analyzer - INFO - _show_single_example:360 -   ✓ Hits (2): ['3', '2']
2025-10-07 17:15:23 - evaluator.prediction_analyzer - INFO - _show_single_example:363 -   Metrics: Recall=0.667, Precision=0.200
2025-10-07 17:15:23 - evaluator.prediction_analyzer - INFO - _show_single_example:352 - 
Top-20 Predictions:
2025-10-07 17:15:23 - evaluator.prediction_analyzer - INFO - _show_single_example:354 -   Predicted: ['37', '17', '4', '23', '1', '49', '3', '10', '70', '2', '114', '0', '65', '74', '68', '113', '59', '16', '21', '19']
2025-10-07 17:15:23 - evaluator.prediction_analyzer - INFO - _show_single_example:360 -   ✓ Hits (2): ['3', '2']
2025-10-07 17:15:23 - evaluator.prediction_analyzer - INFO - _show_single_example:363 -   Metrics: Recall=0.667, Precision=0.100
2025-10-07 17:15:23 - evaluator.prediction_analyzer - INFO - _show_single_example:333 - 
--- Example 3 (next-basket prediction) ---
2025-10-07 17:15:23 - evaluator.prediction_analyzer - INFO - _show_single_example:334 - User ID: 3, Basket ID: 15
2025-10-07 17:15:23 - evaluator.prediction_analyzer - INFO - _show_single_example:338 - Ground Truth (3 items): ['65', '3', '70']
2025-10-07 17:15:23 - evaluator.prediction_analyzer - INFO - _show_single_example:352 - 
Top-5 Predictions:
2025-10-07 17:15:23 - evaluator.prediction_analyzer - INFO - _show_single_example:354 -   Predicted: ['17', '4', '23', '1', '49']
2025-10-07 17:15:23 - evaluator.prediction_analyzer - INFO - _show_single_example:365 -   ✗ No hits in top-5
2025-10-07 17:15:23 - evaluator.prediction_analyzer - INFO - _show_single_example:352 - 
Top-10 Predictions:
2025-10-07 17:15:23 - evaluator.prediction_analyzer - INFO - _show_single_example:354 -   Predicted: ['17', '4', '23', '1', '49', '22', '3', '10', '70', '2']
2025-10-07 17:15:23 - evaluator.prediction_analyzer - INFO - _show_single_example:360 -   ✓ Hits (2): ['3', '70']
2025-10-07 17:15:23 - evaluator.prediction_analyzer - INFO - _show_single_example:363 -   Metrics: Recall=0.667, Precision=0.200
2025-10-07 17:15:23 - evaluator.prediction_analyzer - INFO - _show_single_example:352 - 
Top-20 Predictions:
2025-10-07 17:15:23 - evaluator.prediction_analyzer - INFO - _show_single_example:354 -   Predicted: ['17', '4', '23', '1', '49', '22', '3', '10', '70', '2', '114', '11', '0', '65', '74', '68', '113', '59', '16', '21']
2025-10-07 17:15:23 - evaluator.prediction_analyzer - INFO - _show_single_example:360 -   ✓ Hits (3): ['3', '70', '65']
2025-10-07 17:15:23 - evaluator.prediction_analyzer - INFO - _show_single_example:363 -   Metrics: Recall=1.000, Precision=0.150
2025-10-07 17:15:23 - evaluator.prediction_analyzer - INFO - show_detailed_examples:327 - ============================================================
2025-10-07 17:15:23 - evaluator.evaluator - INFO - __enter__:121 - Starting: Computing test metrics
2025-10-07 17:15:23 - evaluator.evaluator - INFO - compute_ranking_metrics:559 - === TEST METRICS SUMMARY ===
2025-10-07 17:15:23 - evaluator.evaluator - INFO - compute_ranking_metrics:561 - recall@10: 0.2956
2025-10-07 17:15:23 - evaluator.evaluator - INFO - compute_ranking_metrics:561 - recall@20: 0.4327
2025-10-07 17:15:23 - evaluator.evaluator - INFO - compute_ranking_metrics:561 - ndcg@10: 0.1935
2025-10-07 17:15:23 - evaluator.evaluator - INFO - compute_ranking_metrics:561 - ndcg@20: 0.2307
2025-10-07 17:15:23 - evaluator.evaluator - INFO - compute_ranking_metrics:561 - hit_ratio@10: 0.5117
2025-10-07 17:15:23 - evaluator.evaluator - INFO - compute_ranking_metrics:561 - hit_ratio@20: 0.6670
2025-10-07 17:15:23 - evaluator.evaluator - INFO - compute_ranking_metrics:561 - precision@10: 0.0641
2025-10-07 17:15:23 - evaluator.evaluator - INFO - compute_ranking_metrics:561 - precision@20: 0.0472
2025-10-07 17:15:23 - evaluator.evaluator - INFO - compute_ranking_metrics:562 - ===================================
2025-10-07 17:15:23 - evaluator.evaluator - INFO - __exit__:128 - Completed: Computing test metrics (took 0.08s)
2025-10-07 17:15:23 - trainer.trainer - INFO - _evaluate_with_full_ranking:663 - TEST Loss: 0.5573
2025-10-07 17:15:23 - trainer.trainer - INFO - __exit__:128 - Completed: Evaluation (test) (took 28.09s)
2025-10-07 17:15:23 - trainer.trainer - INFO - train:293 - Early stopping triggered at epoch 69
2025-10-07 17:15:23 - trainer.trainer - INFO - _final_evaluation:891 - Performing final test evaluation
2025-10-07 17:15:23 - trainer.trainer - INFO - __enter__:121 - Starting: Evaluation (test)
2025-10-07 17:15:23 - trainer.trainer - INFO - _evaluate_with_full_ranking:546 - Built training item mapping for 1668 users
2025-10-07 17:15:49 - trainer.trainer - INFO - _evaluate_with_full_ranking:578 - Found 1757 unique user-basket pairs for evaluation
2025-10-07 17:15:51 - evaluator.prediction_analyzer - INFO - analyze_predictions:161 - Analyzing predictions for 1757 examples (test mode)
2025-10-07 17:15:51 - evaluator.prediction_analyzer - INFO - __enter__:121 - Starting: Prediction analysis (test)
2025-10-07 17:15:51 - evaluator.prediction_analyzer - INFO - __exit__:128 - Completed: Prediction analysis (test) (took 0.00s)
2025-10-07 17:15:51 - evaluator.prediction_analyzer - INFO - _log_analysis_summary:267 - === PREDICTION ANALYSIS SUMMARY (TEST) ===
2025-10-07 17:15:51 - evaluator.prediction_analyzer - INFO - _log_analysis_summary:276 - Ground truth items per example: avg=2.2, min=1, max=3
2025-10-07 17:15:51 - evaluator.prediction_analyzer - INFO - _log_analysis_summary:282 - Epoch range: 10 - 69
2025-10-07 17:15:51 - evaluator.prediction_analyzer - INFO - _log_analysis_summary:300 - Top-5: avg_hits=0.4, avg_recall=0.203, examples_with_hits=1204/3050
2025-10-07 17:15:51 - evaluator.prediction_analyzer - INFO - _log_analysis_summary:300 - Top-10: avg_hits=0.6, avg_recall=0.300, examples_with_hits=1607/3050
2025-10-07 17:15:51 - evaluator.prediction_analyzer - INFO - _log_analysis_summary:300 - Top-20: avg_hits=0.9, avg_recall=0.440, examples_with_hits=2038/3050
2025-10-07 17:15:51 - evaluator.prediction_analyzer - INFO - _save_analysis_to_file:382 - Saved prediction analysis to: pytorch_pipeline/outputs/prediction_analysis/predictions_test_grnn_20251007_124143.json
2025-10-07 17:15:51 - evaluator.prediction_analyzer - INFO - _save_summary_statistics:429 - Saved summary statistics to: pytorch_pipeline/outputs/prediction_analysis/summary_test_grnn_20251007_124143.csv
2025-10-07 17:15:51 - evaluator.prediction_analyzer - INFO - show_detailed_examples:321 - === DETAILED PREDICTION EXAMPLES (TEST) ===
2025-10-07 17:15:51 - evaluator.prediction_analyzer - INFO - _show_single_example:333 - 
--- Example 1 (next-basket prediction) ---
2025-10-07 17:15:51 - evaluator.prediction_analyzer - INFO - _show_single_example:334 - User ID: 0, Basket ID: 3
2025-10-07 17:15:51 - evaluator.prediction_analyzer - INFO - _show_single_example:338 - Ground Truth (3 items): ['0', '64', '4']
2025-10-07 17:15:51 - evaluator.prediction_analyzer - INFO - _show_single_example:352 - 
Top-5 Predictions:
2025-10-07 17:15:51 - evaluator.prediction_analyzer - INFO - _show_single_example:354 -   Predicted: ['37', '17', '4', '23', '49']
2025-10-07 17:15:51 - evaluator.prediction_analyzer - INFO - _show_single_example:360 -   ✓ Hits (1): ['4']
2025-10-07 17:15:51 - evaluator.prediction_analyzer - INFO - _show_single_example:363 -   Metrics: Recall=0.333, Precision=0.200
2025-10-07 17:15:51 - evaluator.prediction_analyzer - INFO - _show_single_example:352 - 
Top-10 Predictions:
2025-10-07 17:15:51 - evaluator.prediction_analyzer - INFO - _show_single_example:354 -   Predicted: ['37', '17', '4', '23', '49', '22', '3', '10', '70', '2']
2025-10-07 17:15:51 - evaluator.prediction_analyzer - INFO - _show_single_example:360 -   ✓ Hits (1): ['4']
2025-10-07 17:15:51 - evaluator.prediction_analyzer - INFO - _show_single_example:363 -   Metrics: Recall=0.333, Precision=0.100
2025-10-07 17:15:51 - evaluator.prediction_analyzer - INFO - _show_single_example:352 - 
Top-20 Predictions:
2025-10-07 17:15:51 - evaluator.prediction_analyzer - INFO - _show_single_example:354 -   Predicted: ['37', '17', '4', '23', '49', '22', '3', '10', '70', '2', '114', '11', '0', '65', '74', '68', '113', '59', '16', '21']
2025-10-07 17:15:51 - evaluator.prediction_analyzer - INFO - _show_single_example:360 -   ✓ Hits (2): ['4', '0']
2025-10-07 17:15:51 - evaluator.prediction_analyzer - INFO - _show_single_example:363 -   Metrics: Recall=0.667, Precision=0.100
2025-10-07 17:15:51 - evaluator.prediction_analyzer - INFO - _show_single_example:333 - 
--- Example 2 (next-basket prediction) ---
2025-10-07 17:15:51 - evaluator.prediction_analyzer - INFO - _show_single_example:334 - User ID: 2, Basket ID: 12
2025-10-07 17:15:51 - evaluator.prediction_analyzer - INFO - _show_single_example:338 - Ground Truth (3 items): ['33', '2', '3']
2025-10-07 17:15:51 - evaluator.prediction_analyzer - INFO - _show_single_example:352 - 
Top-5 Predictions:
2025-10-07 17:15:51 - evaluator.prediction_analyzer - INFO - _show_single_example:354 -   Predicted: ['37', '17', '4', '23', '1']
2025-10-07 17:15:51 - evaluator.prediction_analyzer - INFO - _show_single_example:365 -   ✗ No hits in top-5
2025-10-07 17:15:51 - evaluator.prediction_analyzer - INFO - _show_single_example:352 - 
Top-10 Predictions:
2025-10-07 17:15:51 - evaluator.prediction_analyzer - INFO - _show_single_example:354 -   Predicted: ['37', '17', '4', '23', '1', '49', '3', '10', '70', '2']
2025-10-07 17:15:51 - evaluator.prediction_analyzer - INFO - _show_single_example:360 -   ✓ Hits (2): ['3', '2']
2025-10-07 17:15:51 - evaluator.prediction_analyzer - INFO - _show_single_example:363 -   Metrics: Recall=0.667, Precision=0.200
2025-10-07 17:15:51 - evaluator.prediction_analyzer - INFO - _show_single_example:352 - 
Top-20 Predictions:
2025-10-07 17:15:51 - evaluator.prediction_analyzer - INFO - _show_single_example:354 -   Predicted: ['37', '17', '4', '23', '1', '49', '3', '10', '70', '2', '114', '0', '65', '74', '68', '113', '59', '16', '21', '19']
2025-10-07 17:15:51 - evaluator.prediction_analyzer - INFO - _show_single_example:360 -   ✓ Hits (2): ['3', '2']
2025-10-07 17:15:51 - evaluator.prediction_analyzer - INFO - _show_single_example:363 -   Metrics: Recall=0.667, Precision=0.100
2025-10-07 17:15:51 - evaluator.prediction_analyzer - INFO - _show_single_example:333 - 
--- Example 3 (next-basket prediction) ---
2025-10-07 17:15:51 - evaluator.prediction_analyzer - INFO - _show_single_example:334 - User ID: 3, Basket ID: 15
2025-10-07 17:15:51 - evaluator.prediction_analyzer - INFO - _show_single_example:338 - Ground Truth (3 items): ['65', '3', '70']
2025-10-07 17:15:51 - evaluator.prediction_analyzer - INFO - _show_single_example:352 - 
Top-5 Predictions:
2025-10-07 17:15:51 - evaluator.prediction_analyzer - INFO - _show_single_example:354 -   Predicted: ['17', '4', '23', '1', '49']
2025-10-07 17:15:51 - evaluator.prediction_analyzer - INFO - _show_single_example:365 -   ✗ No hits in top-5
2025-10-07 17:15:51 - evaluator.prediction_analyzer - INFO - _show_single_example:352 - 
Top-10 Predictions:
2025-10-07 17:15:51 - evaluator.prediction_analyzer - INFO - _show_single_example:354 -   Predicted: ['17', '4', '23', '1', '49', '22', '3', '10', '70', '2']
2025-10-07 17:15:51 - evaluator.prediction_analyzer - INFO - _show_single_example:360 -   ✓ Hits (2): ['3', '70']
2025-10-07 17:15:51 - evaluator.prediction_analyzer - INFO - _show_single_example:363 -   Metrics: Recall=0.667, Precision=0.200
2025-10-07 17:15:51 - evaluator.prediction_analyzer - INFO - _show_single_example:352 - 
Top-20 Predictions:
2025-10-07 17:15:51 - evaluator.prediction_analyzer - INFO - _show_single_example:354 -   Predicted: ['17', '4', '23', '1', '49', '22', '3', '10', '70', '2', '114', '11', '0', '65', '74', '68', '113', '59', '16', '21']
2025-10-07 17:15:51 - evaluator.prediction_analyzer - INFO - _show_single_example:360 -   ✓ Hits (3): ['3', '70', '65']
2025-10-07 17:15:51 - evaluator.prediction_analyzer - INFO - _show_single_example:363 -   Metrics: Recall=1.000, Precision=0.150
2025-10-07 17:15:51 - evaluator.prediction_analyzer - INFO - show_detailed_examples:327 - ============================================================
2025-10-07 17:15:51 - evaluator.evaluator - INFO - __enter__:121 - Starting: Computing test metrics
2025-10-07 17:15:51 - evaluator.evaluator - INFO - compute_ranking_metrics:559 - === TEST METRICS SUMMARY ===
2025-10-07 17:15:51 - evaluator.evaluator - INFO - compute_ranking_metrics:561 - recall@10: 0.2937
2025-10-07 17:15:51 - evaluator.evaluator - INFO - compute_ranking_metrics:561 - recall@20: 0.4330
2025-10-07 17:15:51 - evaluator.evaluator - INFO - compute_ranking_metrics:561 - ndcg@10: 0.1927
2025-10-07 17:15:51 - evaluator.evaluator - INFO - compute_ranking_metrics:561 - ndcg@20: 0.2304
2025-10-07 17:15:51 - evaluator.evaluator - INFO - compute_ranking_metrics:561 - hit_ratio@10: 0.5105
2025-10-07 17:15:51 - evaluator.evaluator - INFO - compute_ranking_metrics:561 - hit_ratio@20: 0.6676
2025-10-07 17:15:51 - evaluator.evaluator - INFO - compute_ranking_metrics:561 - precision@10: 0.0639
2025-10-07 17:15:51 - evaluator.evaluator - INFO - compute_ranking_metrics:561 - precision@20: 0.0472
2025-10-07 17:15:51 - evaluator.evaluator - INFO - compute_ranking_metrics:562 - ===================================
2025-10-07 17:15:51 - evaluator.evaluator - INFO - __exit__:128 - Completed: Computing test metrics (took 0.08s)
2025-10-07 17:15:51 - trainer.trainer - INFO - _evaluate_with_full_ranking:663 - TEST Loss: 0.5551
2025-10-07 17:15:51 - trainer.trainer - INFO - __exit__:128 - Completed: Evaluation (test) (took 28.11s)
2025-10-07 17:15:51 - trainer.trainer - INFO - log_evaluation_metrics:173 - === TEST EVALUATION RESULTS ===
2025-10-07 17:15:51 - trainer.trainer - INFO - log_evaluation_metrics:180 - recall@10: 0.2937
2025-10-07 17:15:51 - trainer.trainer - INFO - log_evaluation_metrics:180 - recall@20: 0.4330
2025-10-07 17:15:51 - trainer.trainer - INFO - log_evaluation_metrics:180 - ndcg@10: 0.1927
2025-10-07 17:15:51 - trainer.trainer - INFO - log_evaluation_metrics:180 - ndcg@20: 0.2304
2025-10-07 17:15:51 - trainer.trainer - INFO - log_evaluation_metrics:180 - hit_ratio@10: 0.5105
2025-10-07 17:15:51 - trainer.trainer - INFO - log_evaluation_metrics:180 - hit_ratio@20: 0.6676
2025-10-07 17:15:51 - trainer.trainer - INFO - log_evaluation_metrics:180 - precision@10: 0.0639
2025-10-07 17:15:51 - trainer.trainer - INFO - log_evaluation_metrics:180 - precision@20: 0.0472
2025-10-07 17:15:51 - trainer.trainer - INFO - log_evaluation_metrics:180 - test_loss: 0.5551
2025-10-07 17:15:51 - trainer.trainer - INFO - log_evaluation_metrics:181 - ========================================
2025-10-07 17:15:52 - trainer.trainer - INFO - _save_checkpoint:859 - Saved checkpoint: pytorch_pipeline/outputs/checkpoints/final_model.pth
2025-10-07 17:15:52 - __main__ - INFO - run_training:205 - Training completed successfully
2025-10-07 17:15:52 - __main__ - INFO - main:325 - Pipeline completed successfully
