0	1 23 79
1	18 1 102 17
2	37 61
3	24 27
5	18 1 4
6	1 37
7	8 37 73
8	7 82
10	74 3
11	10 1
12	0 34
14	35 129
15	4 4
16	21 38
18	2 1 0
19	76 84
20	4 31 13
21	24 94
22	3 70
23	21 1 23
24	1 13 12 4
26	4 4
28	1 158
29	16 151 4
30	70 147
32	0 37 17 21 17 68 55 67
34	100 150
35	0 17
36	23 145
38	2 26 63
39	131 75
40	16 14
41	8 16
43	6 64 16 4
44	30 23
46	74 19
47	40 1
48	8 17
50	58 113 16
51	1 64
52	0 74
53	122 73
54	3 122
55	21 128
56	35 1
58	20 15
59	1 4
60	24 101
62	11 4 13
63	79 7
65	127 2
66	9 31
67	4 8 72 2 128
69	3 21
70	17 7
71	19 81
72	3 4
74	48 68
75	25 153
76	44 118
78	20 31
79	35 10 43 17
80	24 70
82	75 10
83	60 44 17 0
85	7 113
86	1 73
88	9 35
89	136 44
90	68 37
91	18 73 14
92	73 21 4 12
94	41 21 0 3
95	26 70
96	28 59
98	18 50 4 61
99	21 118
100	6 17
101	11 79 64 129 10
103	151 71 1
104	4 16
105	4 31
107	4 34
108	4 77 65 16
109	37 10
110	65 24 157
112	50 28
113	57 5
114	48 59
116	73 43
117	82 1 23 70
118	25 37 10 3 82 59
119	57 73
121	8 23
122	11 50
123	18 125 4
124	0 37 4
126	2 84 17 103
127	16 68 35
129	1 74
130	2 55 82 71
131	1 17 17 4
132	18 74
134	11 91
135	0 82 4
136	6 70 99 153
138	69 113
139	18 22 10 1 11
140	1 2 73
141	3 52
142	2 36 35
144	79 4
145	17 4
146	1 45 4
147	21 82
149	9 74 64
150	0 19 1
151	105 50
153	7 50
154	6 16
156	0 75
157	113 1 117
159	0 3
161	21 17 10 17
162	11 52 80
164	1 23
166	2 37
167	44 37
169	4 53 1 37
171	14 69
172	10 1
173	82 64
175	114 48
176	87 17
177	45 17 103
178	73 95
179	63 3 135
181	20 49
182	22 26 74
183	70 70
184	3 37 4 135
185	0 3 20 46 83
187	7 70
188	21 39
189	9 48 26
190	10 51
191	37 1
192	16 99
193	37 20
194	8 73
195	15 17 17 69
197	37 37
198	114 4
199	1 34
200	9 74
201	3 1
203	37 11
204	49 72
205	8 6 69
207	22 55
209	28 1
210	2 3
212	37 68 75 37
213	79 61
215	9 3
216	17 21
217	18 16
219	50 88
221	37 11 49
222	7 13
223	73 58
224	48 50
226	1 115
227	82 109
228	28 73 145
229	0 1 3 118
231	1 6
233	59 4
234	21 1
236	0 1 118 116
237	20 37
238	0 4
239	31 94
240	7 50
242	21 49
243	1 3
245	1 0
246	20 22
248	37 17
250	22 4
251	19 11
252	71 68
254	6 31
256	17 130 11
257	28 3
259	19 71
260	17 16 68
261	2 44 2 105
263	38 64
264	102 145
265	72 70
266	27 124
268	63 100
269	2 4
270	8 35 135
272	18 19
273	8 9 10 16
274	18 10 16
276	23 45
277	24 4 96 37
278	82 19
279	3 10
280	4 21
282	9 37
284	31 16 120
286	24 37
288	48 17
289	0 1
290	3 8 43 1 23
291	26 15
293	16 95
295	52 37 104
296	20 1
298	2 3
299	3 70 37
300	17 43
302	4 37
303	24 36 69
304	57 73
305	3 7 37 44 10
307	18 48
308	1 1
309	52 82
310	3 1
311	28 82
312	26 25
313	37 157 155
314	18 2 13
316	17 25
317	1 58
319	17 115
320	18 138 52 135 17 113 38 23
321	7 17
323	17 43
324	21 37 14 3 74
325	67 70
326	4 39 49 18 79 80 68 16
328	50 68
329	1 19
330	45 1 114
331	43 79
332	117 3
333	20 38 33
334	18 0 27 21
335	0 37
337	17 70
338	61 33
340	2 11
341	18 1 153
342	70 21
343	73 44 70
344	58 1
345	8 73 16
347	6 50
348	0 64
349	4 70 103
350	24 113 4
351	0 6 17 8 52 58 1 24
352	21 74 16 103
354	2 19
355	21 124
357	20 45
358	1 17
360	1 40
361	19 42
363	21 74
364	64 55
365	17 48 19
367	9 23 137
368	57 36
369	114 95 159
371	17 21
372	17 3 4 36
373	68 17
375	3 82
377	7 123 43
378	65 43
379	4 102
380	1 23
381	70 4
382	106 9 4 88 70
383	6 27
385	23 24 73 39
386	32 78
387	79 23 72
389	13 1
390	44 34
391	2 69
392	2 79 23
394	69 17
395	61 60
396	16 13
397	37 79
398	28 17
399	23 77 10 69 44 135
401	1 74 37 63
402	3 73
403	16 33 34
405	76 57 155 43
406	1 17 43
407	44 24
408	22 162 68
410	13 19 79
411	21 70
412	21 6
413	51 18 50 70
414	9 70
416	29 21
417	3 10
418	73 17
420	3 113
421	19 15 98 37
422	3 107
423	19 37
424	3 59 60 21 43 58
425	9 16
426	43 82 4 48
428	56 1 73
429	49 74 75
430	2 40 24
431	25 53
432	87 4 61 44
433	28 17
435	39 1
436	0 34
437	37 63 43 82
438	56 3
439	3 14
440	6 19
442	26 70
443	9 135
444	21 74
446	4 72 17
447	2 1
448	74 4 84
450	49 95
452	21 69 4
453	4 69
454	53 70
455	18 23
457	4 73
458	27 1 118
460	37 130
461	6 37
462	8 4 70 69
464	14 37 74 74
465	60 68
466	8 82
468	1 77
469	157 55
470	39 35 157
471	159 17 70 19
473	17 151
474	69 37
475	0 59 59
477	49 1
478	3 102 3 4 70 79
480	26 70 70
481	17 23
482	18 4 158
483	22 1 113
485	59 43
486	23 19 17
488	58 10
489	1 3
491	6 157
492	124 70
493	4 11
494	21 15
495	0 3
496	0 15 19
497	36 6
498	3 7
500	149 24
502	6 113
503	4 15
505	0 127
506	4 19 24
507	22 61
509	67 8 3 44 114
511	0 17
512	103 4
513	4 1 37
515	43 121
516	3 113
517	4 37
519	63 37
520	22 37
521	72 61
522	27 88
524	21 26
525	22 68
526	9 68 82
527	37 73
528	56 1
529	24 41
531	19 3
532	49 37
534	44 127
535	74 2 21 133
536	3 25 64 75
537	17 37 17
538	16 70 114
539	1 49
541	35 38
542	37 1
544	21 37 118
545	37 3
546	22 17
547	17 18 1 70 82 51 77 75
548	22 0
550	37 49 9 17
552	2 25
553	118 4 63 16
554	24 34
556	44 127
558	30 37
559	1 4
560	37 35
562	0 4 24 76
563	99 1 49 163
564	9 153
565	10 57
566	8 127 122
568	83 4
569	21 3 74
571	1 18 81 17
572	1 87
574	25 3
575	7 44 35
577	1 16
578	17 6
579	1 59
581	6 97
582	74 68
584	17 1
585	1 21
586	70 35
587	68 7 26 49
588	10 99
590	7 43 49
592	82 17
593	24 25 136 11
594	27 26
595	31 79
597	18 16
598	82 74
600	3 75
602	7 87
603	74 1
604	22 12 13
606	21 19
608	4 3
610	120 36 118
611	49 1 63 13
613	60 16
614	3 4
615	114 1 3 82
616	113 113
617	37 69
618	47 43 73
619	113 54
620	37 38
622	1 24
623	13 70
624	2 73
625	1 42
626	6 73
627	1 29 22 51 4 37 16 16
629	37 73
630	3 37
631	19 45
632	52 48
634	4 69
635	14 43
636	49 11 4
638	6 144
639	77 61
640	21 84
641	2 73
643	20 3
644	6 19 52
645	45 72
646	1 6 70 55 37 17
648	0 3
649	58 34 16
650	37 1
651	32 68 30
652	1 0
654	4 24 19 50
655	0 70
656	72 26
657	3 57 22 71
659	133 37
661	32 1
663	49 72 1 135
664	82 128
666	10 122
667	4 31
668	64 77 100
669	7 15
670	57 20 70 1 127
672	18 68
673	18 49 50 10 59 3 24 19
675	7 1 43
677	7 1 35
678	8 24
679	57 99
681	37 10
682	82 68
683	37 38
685	37 37
686	6 68
688	15 54 16
689	3 49
691	0 50
693	20 49
694	2 4 37
695	16 37
696	73 52
697	24 21
698	3 134
699	21 21
701	25 82
703	19 23
705	37 70
707	1 16 154
708	2 113
710	10 70
711	1 127
713	2 70
714	68 43
716	2 114
717	1 19
718	7 73
719	18 13
720	6 17
722	6 113
723	94 52
725	39 4
726	48 18
727	4 1 82 46
729	19 38
730	6 21
732	137 1
734	26 72
735	17 130
736	17 4
738	151 13
739	37 48
740	21 17
741	1 114
742	4 23
743	39 9 49 21
745	1 72
746	82 16 163 44
748	0 95 137
749	18 103
751	28 61 70
752	1 17 102
754	127 16
755	22 7 17
756	4 35
757	70 27
759	17 70
760	28 19
761	18 50
763	10 69
764	47 68
765	14 1
766	8 10 14 17
767	63 3
769	7 68
770	0 71
771	0 103
773	68 11
774	9 7 22 7 43 50 69 19 43
776	144 114
778	115 17
779	39 21 70
781	6 118
782	29 65
783	24 19
785	1 34
786	6 39 16
788	6 6
789	56 84 44
790	22 35
791	3 11
792	1 18 17 1 10
793	0 4 94
795	31 124
797	18 45
798	24 69 13
799	4 52 113 65 158 4 15 129
800	23 114
802	34 16
803	24 26
805	6 10 63
806	12 33
807	6 102 17
809	63 140
811	1 44
812	23 4
813	82 155
814	15 37 141
815	70 1 1 1 38 33
816	50 75 49 3
818	58 23
820	17 73
821	67 48 49
822	122 19
823	7 82 32
825	24 75
826	37 24
827	37 15 37
828	1 3
829	28 68
831	17 69
832	58 37
833	57 65
834	55 67 73
835	39 38
836	18 21
838	45 24
839	4 49
841	63 44
842	73 70
843	3 4
844	4 73 114 4 69 37 79 37 24
845	9 1
847	21 69 16
848	17 70 26
849	44 23
851	10 130
852	24 49
853	3 44 143
854	53 3
855	16 37
856	51 40
857	18 18 49 88
859	43 2 135
861	15 58
862	54 27
863	6 3
864	22 3 59
865	48 34
866	4 58
868	8 69
869	56 37
870	130 114
871	53 1
872	18 40
873	73 17
874	47 17 49 16
876	65 58
877	37 70
879	72 69
880	1 78
881	52 45 37 118
883	10 13
884	6 3
885	18 35
886	18 51 49 16
887	48 48 34 45 68
889	37 84
890	63 127
891	64 37
893	65 127
894	26 82
895	50 53 4 70
896	37 37 108 40 37 70
897	39 3
898	0 4
900	73 17
901	17 24
902	0 25
904	10 64
906	9 10
907	69 69
908	6 147
909	21 74
910	50 12
911	0 2
912	7 44
914	6 26
916	3 99
917	24 50 11
918	39 3
919	9 23
921	23 142
923	28 113
925	37 31
926	159 26
927	34 3
928	25 68
929	18 26
931	90 59
933	17 26
935	1 70
936	20 26
937	11 25
938	57 1
939	18 39 75 113
941	18 44
943	1 68 98 157
945	126 35 34
947	6 3
949	0 82 10
950	18 3 0 128
951	14 0
952	16 23
953	34 44
955	3 1 37
956	63 100 21 114
957	20 3 68
958	59 2 6 9 3 44 52 23
959	22 17
960	70 0 31
962	3 75
963	10 1
964	3 69 19
965	1 27
966	55 115
968	4 141
969	0 21
970	31 35 108
971	3 60 1 15
973	153 132
974	6 133
976	14 54
977	22 23
979	139 59
980	50 4
982	32 68 70 15
983	6 23
984	57 10
985	4 129
986	18 65 122
987	71 6
988	21 10 50
989	44 95
990	3 1
992	50 87
993	58 17
994	18 1 4 49
995	1 59 102
997	10 19
998	8 70
999	67 1 17 1 82 5 50
1000	73 3
1002	21 43
1003	6 20 67
1004	56 21
1006	72 10
1007	23 75
1008	9 37
1009	21 28
1010	0 17 18 4
1012	47 4
1013	15 112
1014	112 57
1016	4 20
1017	0 26 43
1019	82 70
1020	3 70
1021	37 16
1022	3 125
1024	10 16
1025	22 16
1026	113 73
1027	1 65 59
1028	16 43 14 16
1029	21 9
1031	69 4
1033	10 4
1034	0 117 113 16
1035	6 57 10 70
1036	23 37
1038	22 68 61
1039	118 21
1040	49 95
1041	21 99
1042	36 50 17
1043	56 26
1045	9 3 35
1046	108 73
1047	127 157
1048	8 2
1050	1 12 143 113
1052	4 113
1053	21 88
1054	36 17 105
1056	158 69
1057	3 8 1 18 27 69 17 35 103
1059	65 34 122 4
1060	0 6 68 4
1061	1 4
1063	72 1
1065	24 70
1066	1 97
1067	50 0 2 58 123
1069	55 135
1070	95 102
1071	21 37 3
1072	114 15 68
1074	3 37
1075	18 16
1077	61 63 118
1078	127 157
1079	158 49
1080	0 56 58 155
1081	2 21 21 48
1083	17 31
1084	36 68
1085	18 87
1087	23 4
1088	9 37 135
1090	4 17
1091	24 82
1093	9 17
1094	73 130
1095	18 37 74
1097	21 16
1098	70 58 17
1099	6 10 4
1101	2 38
1102	0 23
1103	24 1 49
1104	1 23
1106	20 3
1107	4 73 135
1109	88 21
1110	18 55 64
1112	17 74
1113	1 22 4 17
1115	1 34
1116	23 24
1117	3 4
1118	20 19
1120	113 23
1121	55 114
1122	19 1
1124	18 73
1125	23 61 69
1126	44 73
1127	50 10
1129	58 79
1131	3 4
1132	64 25 122
1134	2 147
1135	0 4
1136	118 114 98 127
1137	20 10
1138	118 3
1140	3 73
1141	24 57
1142	0 95
1143	12 4
1145	4 73
1146	49 44
1148	18 4
1149	78 65
1151	122 17
1153	27 158 37
1154	22 35 24
1156	128 40
1157	127 49
1158	21 26
1160	6 6 37
1162	6 114 83
1163	9 56 99 49 77 70
1164	114 44
1166	1 1
1167	121 1 7 49
1169	14 53
1170	17 40
1171	52 1
1172	6 16 55 4
1174	4 37 13
1175	113 37
1177	133 74
1178	12 99 28 53 37
1180	23 70
1181	3 1
1182	130 98
1183	2 34
1184	39 4
1185	49 124
1186	18 9 49 1
1188	3 49
1189	0 23 59
1191	24 73 27
1192	50 43 68
1193	28 18 38 73 17 135
1194	18 74
1196	1 40 44
1197	9 25 37
1198	43 40
1200	0 11
1201	18 73 27
1202	53 68
1204	53 3
1205	21 58
1206	40 4 100
1207	23 1
1209	44 10
1210	63 16
1211	6 11
1212	1 3
1213	35 18 24 19 74 13
1215	80 49 10
1217	114 135 68 72
1218	8 26
1219	65 114
1221	4 68 113
1222	81 33 26 113
1224	84 113
1226	56 44
1228	3 69
1229	39 74 91
1230	18 1
1231	0 3
1233	1 5
1234	122 33
1235	1 1
1236	6 4 23
1237	21 1 4
1239	154 17 112 13
1240	16 21 49 23
1241	3 11
1243	113 82
1244	3 4 16 37
1245	50 69
1246	0 74 158
1248	9 70 3 1
1249	31 51
1250	11 82
1252	75 37 72 144
1254	37 4 70
1255	1 6
1257	55 4
1258	3 0 120
1260	25 102
1261	7 2
1262	1 3
1264	21 99 13 49
1266	44 103
1267	16 1 68 68
1268	24 70
1270	36 37 74
1272	0 38 4 26
1274	0 16
1275	3 21
1276	4 77
1277	73 16
1278	140 99
1279	56 15 0 14 43 4
1281	31 59
1282	49 58
1283	37 68
1284	24 57 43 23 49
1286	44 37 57
1287	23 34
1288	17 0 16 17
1289	4 37
1291	113 15 103 70
1292	65 25
1293	127 102
1295	37 19
1296	28 19
1298	73 80
1299	73 43
1300	1 73 1 17 73
1302	0 94 37 43
1303	8 145
1304	44 40
1305	21 39 82 135
1306	22 0
1308	4 79
1309	1 23
1310	1 58
1311	65 37 4
1312	3 60
1313	18 71
1315	0 122
1317	1 13
1318	49 58
1319	1 23 10 1
1320	76 1
1322	6 90
1323	3 16
1324	21 57
1326	74 14
1327	4 1
1328	18 109
1329	3 15
1330	3 3
1332	24 19
1333	3 120
1334	0 7 44 4 73 1 137 153 33
1335	1 114
1336	18 3 8 26 23 16 37 1
1338	1 49
1340	7 127
1341	3 100 82 114
1342	88 1
1344	11 17 23
1345	82 1 82 1 43 4 24 1
1347	21 27
1348	74 73
1350	20 59
1351	37 82 11
1353	159 37
1354	19 18 17 15 24 74 44 153
1356	34 16 59
1357	64 99
1358	1 79 2 1
1360	3 43
1361	50 5
1362	2 117
1364	17 159
1365	56 1 16 128
1367	63 127
1369	67 11
1370	1 69
1371	56 72 137 83
1372	1 21
1373	16 4
1374	9 65 82
1375	23 59
1376	22 135
1377	3 2 13
1378	3 36
1380	4 98 103
1381	4 118
1382	64 153
1383	2 17
1385	44 37
1386	26 4 3
1387	23 23
1388	3 37 63 79
1390	6 4
1391	44 2
1393	65 73
1394	3 4
1396	24 68
1397	37 27
1398	114 124
1399	16 84
1400	37 3 49
1401	2 52
1403	7 36
1404	26 25
1405	73 44
1406	2 29 17 21 3 13 11
1408	37 25
1409	22 34
1411	14 64 69
1413	4 57
1414	95 43
1416	3 159
1417	21 61
1419	4 70 59
1420	10 35
1422	49 43
1423	55 40
1424	4 17
1425	18 4 61
1426	17 13
1428	113 10
1429	3 44
1431	13 50 33
1432	17 17
1434	1 16
1436	118 70
1437	18 10 1
1438	58 56 48 44 11
1439	59 3
1440	19 37
1441	24 0 21 3
1442	22 79
1444	18 19
1446	63 73
1447	52 34 68
1449	3 3
1450	53 3 151
1451	48 158
1453	4 11
1454	24 37
1456	4 19 4 75
1457	84 11
1458	79 102 75
1459	8 73 3
1461	1 54
1462	4 67
1463	118 120
1464	57 24 102
1466	3 1 49
1468	18 9 73 42
1470	74 45
1471	82 68
1472	1 10
1473	21 8 8 11 16 4 38 49 136
1474	7 6 23
1476	20 57
1477	21 37
1479	1 1
1480	70 125
1482	18 135 116
1483	3 122 121
1484	16 16
1485	17 53
1486	73 70
1487	52 37 81
1488	131 49
1489	3 114 4 13
1490	6 60 82
1492	48 70
1494	4 43 123 68
1495	164 70
1496	21 69
1498	28 24
1499	6 16 23
1501	1 3
1502	18 11
1504	24 118
1505	59 11
1506	75 65
1507	18 17 23
1508	3 3
1510	17 35
1511	63 3
1512	73 59
1513	2 5
1515	37 44
1516	6 16
1518	10 99 26 79
1519	33 23
1520	103 136
1521	17 27 19 113
1523	68 103
1524	3 79 144 43 72
1525	24 95
1527	2 37
1528	48 70
1529	8 6 43
1531	7 4
1532	11 64
1533	0 29 79
1534	24 17 4 1
1535	53 40 4
1536	3 44
1538	6 70 70
1540	39 118
1541	25 3
1543	6 21
1544	112 70 37 43
1545	28 19
1547	69 17
1548	16 17
1549	21 78
1550	7 52
1552	1 31
1553	64 100
1554	19 4 75
1555	65 10
1556	9 37 35
1558	3 37
1559	69 37 63
1560	70 113
1561	25 118
1563	12 17 49
1565	37 24 127 114
1566	24 20 153
1567	6 17 71
1568	7 55
1569	4 17
1571	73 4
1572	3 1
1573	17 68
1575	25 103 2 14
1576	74 49
1577	10 118 61
1579	79 113 17 19
1580	27 114
1581	68 69 24 137
1583	52 77 37
1584	50 73
1585	7 79
1586	22 24 105 11
1588	48 117
1589	23 68
1591	1 17 70
1592	10 26
1593	65 8 59 72
1594	18 7 73
1595	0 1
1597	8 1 1
1598	3 17
1599	0 11
1600	1 13
1601	4 4
1602	70 70
1604	2 69
1605	6 17
1606	14 137
1607	43 10 118
1608	23 65
1610	20 50
1611	0 16 50
1612	8 21
1614	1 70 43
1615	2 17
1616	10 144 61 1
1617	20 1 21 95 95 19
1618	4 3
1620	2 4
1621	8 16
1623	45 70
1624	19 16 23 44
1626	0 3 11
1627	79 74
1629	1 3
1630	47 68 69
1631	1 37
1633	61 84
1634	24 24
1635	21 3
1636	14 27
1637	20 49 26 124 17
1639	0 16 131 40
1641	69 128
1642	106 74 37 44
1643	28 4
1644	70 1
1645	9 99
1647	6 11
1649	19 4
1650	9 11
1651	56 0 4
1653	28 14
1654	73 151
1655	60 95
1656	12 70
1657	1 1 68
1658	21 4 1 74 1 52 141
1660	118 58
1661	21 82
1662	114 162
1663	39 58
1664	1 103
1666	2 4
1667	57 39
1669	6 1 44 117
1670	114 17
1671	28 3 113
1673	3 7
1674	49 49
1676	79 34
1678	3 3
1679	0 14
1681	18 23 37
1683	28 19
1684	1 43
1685	23 17
1686	113 12 70
1687	18 0
1688	56 18 3 70
1690	6 99 19
1691	4 114
1692	21 46
1693	13 48
1694	21 21
1695	20 64
1696	57 82 1 16
1697	7 21
1699	18 0
1701	65 70 141
1702	107 79
1703	28 17 16
1704	21 79
1705	1 90
1707	26 79
1708	0 11
1709	17 10
1711	22 44 30 27
1712	14 75
1713	17 95
1714	49 17 3
1715	21 1
1717	37 45 30
1718	20 4
1719	1 73 118
1721	8 13
1722	56 1 43
1723	69 59 27
1724	82 21
1726	23 131
1727	17 32
1728	45 20 35 68
1730	17 26
1731	69 16
1732	60 63
1733	1 74 43
1734	0 63
1736	12 48
1737	56 74 3
1738	60 4 59
1739	49 25
1740	27 18 21 62 26
1742	73 58
1743	9 23
1744	127 59
1746	2 1 37
1747	0 62
1748	25 3 18 2 4 19 115
1750	0 65
1751	70 38
1752	7 39
1753	2 16
1754	25 12 139
1756	17 2
1758	128 70
1759	4 19
1760	2 153
1761	49 1 37 1 127 37 70 34
1762	49 18 59 74
1764	23 50
1765	56 2
1766	11 38 17 125
1767	17 17
1768	0 18
1769	19 37
1770	21 24 78 4
1772	21 1
1773	18 49
1775	7 12
1777	37 127 72
1778	37 137
1779	2 17
1780	23 76
1781	9 7
1783	4 46 11
1785	56 63
1786	21 82
1787	7 39
1789	91 43 19
1790	18 88
1791	74 50
1792	22 1
1794	38 127
1796	20 127 61
1797	95 3
1798	8 6
1799	21 3
1801	1 4 17
1802	10 73
1803	8 17
1804	103 3
1806	21 21
1807	126 40 72
1808	60 63
1809	48 1 113
1810	73 17 95
1812	16 4
1813	7 58 127 17
1814	2 103
1815	18 70
1816	94 1
1818	56 3
1819	73 27
1821	21 95
1822	12 159
1823	18 62 26
1824	70 15
1826	118 4
1827	6 77
1828	8 50
1830	88 37
1831	21 75
1832	4 74
1833	1 1
1835	49 11
1836	95 13 121
1837	14 70 45
1838	4 8 37 100
1839	18 45
1841	9 77
1842	44 10
1843	1 38
1845	15 18 63 17 24
1847	22 73 135
1848	9 47 56 11
1850	18 55
1851	17 1
1852	21 54
1853	0 44 13
1855	70 7 6 103
1857	118 11
1859	20 77 50
1860	17 68 74 11
1861	16 66 40
1862	1 157 154
1864	19 5
1865	4 17
1866	2 49
1868	69 16
1869	6 68
1870	15 17
1871	13 60
1872	9 17 63 21 17 58 102 32
1874	3 1
1875	14 35 131 1
1876	7 24 11
1877	68 64
1878	18 57 4
1879	3 1
1881	16 44
1883	49 11
1884	38 4 17
1885	1 79 70
1887	73 42 49
1888	14 17 113 3 13
1890	16 70
1891	21 114
1892	4 1
1893	73 6
1895	21 37
1896	8 3
1897	23 103
1898	49 64
1899	20 37 58
1901	52 70
1903	18 21 79 26
1904	57 95
1905	8 49
1907	0 17
1908	23 3
1910	10 72
1911	3 25
1912	7 3
1914	1 79 69
1916	1 114 70
1917	1 69
1918	18 145
1919	0 68 13
1920	43 17
1921	43 118 113
1923	49 72
1924	68 3 19
1926	73 19
1927	0 37
1928	63 59 59 114
1930	18 49 75
1932	68 3
1933	34 103
1934	17 4
1935	17 70
1937	3 68
1938	112 37
1939	6 4 113 37
1940	63 74 35
1942	74 0
1943	1 59
1944	18 44
1946	166 121
1947	3 69 16
1949	23 75 11
1951	56 21
1953	62 4 17
1955	123 31
1956	59 70
1958	3 23
1959	22 16 23
1960	70 50 3 16 69
1962	113 1
1963	22 3
1964	70 37
1966	21 0
1967	8 24 23 17
1969	3 17 37
1971	18 50
1972	18 20
1974	8 69
1976	17 23
1977	28 25
1978	1 7 48 17
1980	18 20 43
1981	17 46
1982	20 46
1983	44 17
1984	0 1
1986	0 103
1987	21 19
1988	3 102 70
1990	19 66
1991	6 55
1993	82 100
1994	26 34
1996	1 118
1997	65 1 84
1999	53 23
2000	3 49
2002	68 26 23
2003	106 16 16
2005	22 133
2006	68 19 52
2008	128 124
2009	37 94 4
2010	65 116
2011	0 17
2012	50 44
2014	4 111
2015	2 63 37
2016	6 37 26
2017	17 3
2018	77 68
2019	94 122
2021	95 91
2022	7 44
2023	2 37
2024	56 100 19
2026	4 62
2027	36 127
2028	68 13
2030	47 3
2031	18 3
2033	82 79
2034	65 59
2035	17 11
2036	82 82
2037	34 26
2038	135 65 24
2039	76 1 157 33 99 51
2041	125 37
2042	74 7
2044	6 69 75
2046	0 105
2047	21 2
2048	0 17
2050	99 4
2051	72 13
2052	22 1 3 139 26
2053	24 70 1
2054	56 68
2056	6 71
2057	0 114 49
2058	6 50 43
2059	3 44
2060	25 35
2061	1 37
2062	39 145
2063	17 1 70
2065	65 13
2066	73 8 4 6 64 49 17 1
2067	99 5
2069	64 68
2071	4 23
2072	3 49 82 11
2074	8 17 114
2076	27 49 135 65
2078	49 90 4 25 158 82
2079	9 69 118
2080	4 64
2081	47 74
2082	8 3 14
2083	52 73
2085	0 10
2086	23 3
2088	1 33
2089	94 49
2090	10 103 130
2091	82 43
2092	20 103 69
2093	37 65 23
2094	1 3
2095	8 19
2096	3 73
2098	4 43
2099	50 1
2100	82 141
2101	27 70
2103	7 59
2104	1 48
2105	113 6
2106	74 43
2108	14 24
2109	27 68
2110	0 122 75
2111	6 99
2112	79 24
2113	6 1
2114	3 2 68
2116	43 113
2117	56 10
2119	70 42
2120	18 69
2122	75 103
2123	6 50 16
2124	75 60 95
2125	16 23 11
2126	8 18 23 43 43 154
2128	63 23
2129	4 37 44 50
2130	81 1
2131	8 59 118
2133	37 1
2134	0 4
2135	11 69
2137	6 37 10 58
2139	4 74
2140	95 147
2141	17 70
2142	44 69
2144	21 40
2145	22 48 135
2147	50 10
2149	6 43
2150	11 2
2152	35 49
2153	21 82
2154	12 1 67 72
2156	3 4
2157	24 65
2158	56 3
2160	34 16
2161	14 17
2163	3 17
2164	7 43
2165	49 4 1
2166	49 149
2167	2 37
2168	47 1
2170	1 3 5
2171	5 3
2172	50 63 69
2174	35 153
2175	63 1
2176	3 72
2178	59 4
2179	57 37
2181	18 4
2182	59 64
2183	102 1
2184	0 0 5 25 3 70
2186	10 74
2187	7 37
2189	17 2
2190	2 11
2191	57 7
2192	21 10
2193	3 73
2194	18 1
2196	33 34
2197	24 1
2198	24 82
2199	1 8 68 33
2201	4 14
2202	18 69
2203	2 116
2205	37 11
2206	55 4
2207	3 24 1
2208	17 6
2210	51 24
2211	10 31
2212	28 49
2214	3 65
2216	11 57
2217	113 23 1
2218	8 20
2219	1 31 70 59 24
2220	0 74 1 125
2222	1 11
2223	127 113
2224	61 10
2225	3 34
2226	3 113 55
2228	49 23 59
2230	18 17
2231	106 35 17 68 157 26
2233	10 37 72
2234	18 1
2235	35 98
2236	17 6 57 121
2237	24 4 151
2239	0 23
2240	1 10
2241	3 71
2242	29 73
2243	55 98 33
2244	37 59
2246	49 1
2248	36 82 30
2249	82 16
2250	18 48
2252	8 105
2253	69 1 25
2254	1 23
2255	1 35
2256	28 26
2258	115 35
2259	34 76
2260	4 50
2262	108 1
2263	20 64 113
2264	21 73
2265	49 34 46
2266	1 113
2267	59 122
2269	50 113 118
2270	21 114 73
2271	7 155 157
2273	16 42
2274	1 17
2275	35 59
2276	0 90 113
2278	7 114 38 70
2279	3 37
2280	49 17 15
2281	34 15 67
2283	27 70
2284	1 79
2285	24 0 69
2287	37 37
2288	100 4
2289	35 28 52 130
2290	6 23
2292	3 48
2293	4 1 113 11 122
2295	5 16 17
2296	18 10
2297	56 15
2298	107 158
2299	35 155
2300	3 12
2302	23 99
2303	4 95 11
2304	21 2 3 24
2306	1 69 37 151
2307	11 59
2308	23 1
2309	20 82
2310	9 17
2312	17 1
2313	6 28
2315	1 4
2317	68 128 26
2319	19 70 37
2320	21 43
2321	27 82
2322	87 1
2323	9 113 37
2325	163 70
2327	11 36
2328	9 37
2329	19 17
2330	1 3 17 43 16 81
2331	4 16 1
2333	13 82
2334	1 70
2336	21 113
2337	82 95
2338	3 62
2339	3 1
2340	4 49
2342	105 99
2344	118 13
2345	28 83
2347	15 72
2349	59 23
2350	49 95
2351	3 64
2352	2 24 22 82
2354	16 17
2355	1 37
2357	6 78
2359	95 23
2361	10 43
2362	82 74
2363	70 95
2364	48 42
2365	99 28
2366	15 75 4
2368	3 73 79
2369	52 33
2371	43 31
2372	39 1
2373	18 4 4 4
2375	22 53
2376	4 17 43
2377	22 4 3
2378	2 79 17
2379	0 55 49
2380	16 25
2382	26 38 4 45
2384	95 159
2385	74 135 37 68
2386	103 98
2387	20 16
2388	0 3
2389	7 9
2391	21 23
2392	43 17 102
2393	7 44
2394	49 24 11
2396	20 23 33
2397	1 118 69
2398	9 36 35
2399	6 4 100
2400	43 59 118
2402	1 90
2403	1 3
2404	59 83
2405	1 10
2406	2 3
2407	138 70 116
2408	76 4 32 74
2409	59 4
2411	16 4
2412	19 94
2413	2 55 13
2415	28 4
2416	0 50 82 16
2417	58 49 1 62
2419	32 4
2420	35 35
2422	6 33
2423	22 26 69
2424	43 37 83
2425	7 10
2427	52 74
2428	135 17
2429	19 90
2430	17 0
2431	99 3 14
2432	8 16
2434	12 3
2435	27 75 68
2437	2 139
2438	21 79 73
2439	50 122 82
2440	0 109
2441	12 21 75 2
2443	4 34 11
2445	17 127 36 4
2446	4 65 10 1 4
2447	22 17
2449	4 27 37
2450	22 34
2452	30 24
2453	1 63
2455	2 157
2457	7 65
2458	29 16
2459	36 44
2460	9 4 2 23 35
2462	37 18 21 22 1 91 3 68 70
2463	57 6 37
2464	9 22 43
2466	18 82
2467	2 110
2469	6 39
2470	38 0 37 69
2471	9 57 16
2472	107 70 131
2474	21 37
2475	3 27
2476	3 0
2478	20 4
2479	6 65
2480	17 141
2481	106 52
2483	28 65
2484	16 1
2485	22 90
2487	4 19 73
2488	4 153
2489	3 74 4
2491	81 51
2492	11 48
2494	10 37
2496	3 43
2497	60 11
2498	6 50
2499	3 43
2500	17 25
2501	2 2 73 70 68 37 153 35
2503	21 29 16
2505	55 44
2506	24 82
2508	37 16
2509	1 114
2510	48 61
2512	1 1 137
2513	22 21
2515	18 44
2516	68 63
2517	14 3 27
2518	9 87
2520	47 21
2521	7 23 1
2523	6 17
2524	8 37
2525	43 73 16 30
2526	19 4
2527	18 18 74 23
2529	3 34 72
2530	99 153
2531	50 11 113
2532	24 163
2533	6 9
2535	63 3 59 4
2536	59 24 114
2537	88 52 34
2539	4 10
2541	56 4
2542	59 17
2543	68 21
2544	1 26
2545	43 1 99
2546	21 4
2548	18 10
2549	2 3
2550	0 3
2551	27 4 74 48 53
2552	21 131
2554	17 17
2555	3 6 22 70
2557	62 95
2558	6 2
2559	98 9 4
2561	2 70
2563	24 67
2564	17 2 17
2565	3 114
2566	23 73 89
2567	22 17 69
2569	1 43 74
2570	27 16 122
2572	4 115
2573	82 59
2574	94 1
2576	17 37
2577	21 39 37
2578	26 16 13
2580	49 19
2582	3 1
2583	72 65
2584	103 1 29 88 24 25 118
2586	82 26
2588	52 4
2589	9 19
2591	43 52
2592	72 36
2593	17 17
2594	9 1
2595	49 6 70
2596	37 37
2597	8 1 20 82
2599	59 158
2601	122 107
2603	88 52
2604	43 68
2605	69 16
2606	9 1 44 35 48
2607	10 52 35
2609	1 13
2610	56 11 118 16
2612	4 2
2613	2 16
2615	68 4
2616	20 31 79
2618	37 44 75
2619	19 81
2620	1 16
2621	26 1
2623	36 91 70
2625	16 37
2627	1 37 37
2628	0 1
2629	10 50
2630	24 43
2631	0 1
2633	6 43 70
2634	6 120
2635	17 75 73
2637	11 3
2638	9 79 26
2639	1 24
2641	44 9
2642	50 43
2644	49 3
2645	21 1
2646	23 38
2647	3 2 50 31
2649	19 1 100 19
2651	4 116
2652	21 40
2654	3 73
2655	43 23
2656	8 4 43 114
2657	8 1
2658	56 1 163
2660	34 113
2661	18 1
2662	3 4
2664	3 40
2665	3 118
2666	18 71
2667	1 1
2668	49 0
2670	6 24 33
2671	6 17
2673	122 4 82 43
2674	107 10
2675	1 26 79 21 17 72 127
2677	3 48
2678	113 17
2679	13 73 77 74
2680	7 116 19
2681	18 0 22 4
2683	44 4 64
2685	10 37
2686	10 37
2687	0 118
2688	1 21
2690	18 38
2691	17 33
2692	6 1 4 60 0
2693	23 20 43 3 21 124 17 68
2694	0 6
2696	19 37
2697	1 62
2698	50 23
2700	23 67
2702	21 37 50
2703	14 37
2704	24 17
2705	73 4
2706	0 82
2707	68 1 113
2709	106 3
2710	69 49
2711	4 12
2712	52 137
2713	11 12
2715	8 122
2716	113 67
2717	3 21
2719	8 73
2720	21 73 14
2721	75 50 59
2723	24 37
2725	0 17
2726	21 69
2727	0 59
2728	80 2
2729	2 16
2731	8 69 74
2732	21 3
2733	130 4
2734	44 73
2736	37 21
2737	73 17 40 4
2738	156 16 4 45 16
2739	49 10
2741	25 21
2742	28 65 77
2744	7 70
2745	1 77 43
2746	70 4
2747	21 51
2749	1 64
2750	17 43
2751	73 36 33 72
2753	2 10
2754	24 3
2755	43 153
2756	3 59
2758	25 100
2759	59 11
2760	95 23
2761	3 1 75
2762	1 4
2763	18 3 3 15
2765	73 59
2766	23 16
2767	21 61
2768	24 44 26 33
2770	1 37
2772	1 37
2773	63 147
2774	22 3
2776	17 1
2777	22 79
2778	8 47 24 20 12 73 44 120 82
2780	4 69 73
2781	71 1 61
2783	16 33
2784	81 43 51
2786	59 69 76
2787	37 11
2789	1 76 94 43
2790	70 70
2791	0 63
2792	1 95
2793	162 122
2794	4 113 59 70
2796	6 3
2798	26 58 68
2799	8 74
2801	154 79
2802	63 26
2803	17 145 10
2804	1 3
2806	56 45 77
2807	11 4
2809	50 24 52
2811	8 63
2812	1 21
2813	42 37
2814	16 70
2815	56 4
2817	132 15
2818	69 11
2819	15 118
2820	9 47 4 10 4 36 82
2821	50 3 118
2822	48 61
2824	49 98
2826	3 1
2827	14 61
2828	10 128
2829	4 114
2831	37 59
2832	3 14
2834	34 31
2835	4 164
2836	17 24
2838	18 73
2839	16 98
2840	8 2
2842	10 43
2843	3 133 54
2844	43 144
2845	17 82 79
2847	0 103
2848	69 10
2849	24 69
2850	57 63
2851	1 39 23 17
2852	41 17
2854	69 34
2855	7 0
2856	0 1
2857	47 15 11 19 5
2858	1 23 11
2859	18 44 19
2861	0 67
2862	16 16
2864	6 43
2865	118 4
2867	34 1
2868	2 44 14 48 18 127 4 17 3 44 43
2869	50 18 1 72
2870	18 17
2872	0 70
2873	14 17
2875	74 65
2876	4 3 43
2877	26 113
2878	37 17
2879	0 17
2881	27 17 27
2882	16 52
2883	4 64 82
2884	3 2
2885	0 10 20 4 37 70
2887	28 4
2888	2 3
2890	3 126 84
2891	44 3
2892	29 39 37
2893	18 11 1 44
2894	10 24 19 24
2895	28 25
2897	14 27
2898	17 74
2900	22 60 118
2901	73 35
2903	118 17
2904	19 19
2905	24 3
2906	18 24
2907	18 22
2908	63 6 74
2910	20 137
2911	1 43
2912	2 136
2913	7 90
2915	22 3
2917	0 49 153 17
2918	22 59
2920	22 16
2921	74 117
2923	7 58
2924	2 13
2925	19 3
2926	74 74
2927	24 136 55 57
2928	7 9 43 152 13
2929	118 4
2930	57 4
2931	3 35
2933	6 17 37
2935	68 50
2937	18 2 112
2938	13 26
2939	59 16 4
2940	1 4
2941	18 3
2943	3 117
2944	18 38 49
2945	58 40
2946	55 34
2948	2 23
2949	48 16
2950	124 68
2951	1 136
2952	17 3
2953	49 20
2954	23 94
2956	0 53 23
2957	24 100
2958	24 3
2960	1 55
2961	9 16 19 95
2962	1 21 4 73
2964	82 19
2965	3 37
2966	23 4
2967	24 34
2969	65 124
2970	127 37
2971	6 13
2973	1 59
2974	7 25 21
2976	0 6 43
2977	37 122
2979	73 70
2981	47 46
2982	20 69
2984	56 1
2985	34 6 113
2986	118 102
2988	21 58 114
2990	10 68 16 44
2991	22 16 77
2992	22 3
2994	3 95
2995	24 3 50 23
2996	118 49
2997	0 57 15 68
2998	6 55
2999	48 16
3001	20 127 17 69
3002	56 13 19
3003	8 42
3004	20 3
3005	3 16
3006	11 1
3007	21 2
3009	65 10
3010	17 3
3011	102 60 23
3012	18 16
3014	37 1
3015	155 153
3016	31 62 115 26
3018	23 38 135
3019	69 73
3020	1 49
3021	7 1 98
3023	15 74
3024	3 16 48
3025	18 10
3027	26 11
3028	2 37 39
3029	21 0
3030	23 9 12 0 12 45 67 34
3032	6 15
3033	21 15
3034	56 71
3035	23 19
3037	26 15
3038	21 74 27
3040	50 102
3041	65 49
3042	64 6 45 37
3044	1 4 84
3045	8 23 95
3047	13 10
3048	18 24
3049	43 37
3051	118 63 1
3052	107 79
3053	9 49 37 68 3
3055	18 37
3056	37 23
3057	53 44
3058	65 21 16
3059	3 2
3060	1 26
3061	56 1
3062	8 73 103
3063	18 88 14 37
3065	36 88 4
3066	24 50
3068	19 4
3069	2 17
3070	48 122
3072	6 16
3074	1 115 58
3075	3 13
3077	1 26 49
3078	88 52
3079	73 0 52 33
3080	25 115
3081	22 137
3083	3 69
3084	73 0
3085	37 17 1 26
3087	25 77
3088	8 70 74
3090	23 38 158
3091	0 13
3092	21 2
3094	1 34
3095	52 69
3097	2 118
3098	56 21
3099	49 68
3101	3 57
3102	2 79
3103	24 13
3105	43 107
3106	25 49
3107	23 114 113
3108	56 36
3110	0 19
3112	127 34
3114	91 43
3115	21 15
3117	37 68 159
3118	18 102
3119	49 21
3121	6 17
3122	2 23
3123	3 23
3124	21 39
3125	63 2 52 99 108
3127	1 69
3128	65 4
3130	18 27
3131	22 49
3132	4 72
3133	8 21
3135	24 4
3136	21 43 10
3137	126 102
3139	1 37
3140	8 11
3141	115 74
3143	4 14 88
3144	1 10 70
3146	53 69
3147	0 20
3148	17 37
3150	44 21
3151	33 163
3152	25 1 3
3154	0 13
3155	1 1 24 80
3156	37 11
3158	6 11
3159	95 16 64
3160	9 15
3162	16 94
3163	43 127
3165	3 147 68
3166	20 79
3167	9 24 74 73
3169	43 4
3170	13 1
3171	8 44
3173	2 118
3175	23 15 95
3177	37 99
3178	21 37
3179	0 15 151
3180	24 7
3182	18 4
3184	2 3 16
3186	141 72 62 101
3187	37 118
3188	68 45
3189	7 3
3191	49 43 141 16
3192	63 158 43
3193	0 48
3195	72 10
3196	68 151
3197	2 17
3199	65 72
3200	57 113
3201	49 19
3202	3 2 82
3203	28 50 17
3205	130 52
3206	10 3
3207	13 1 17
3208	18 52 16 77
3209	1 16
3210	9 23
3212	10 120 75
3213	3 74
3214	59 17 43 38
3216	3 43
3217	28 11 13
3219	21 0
3220	0 94
3221	72 27
3223	11 113
3224	114 3
3225	62 17 52 4
3226	6 4
3227	1 77
3228	19 70
3229	65 57 37 75
3231	0 59
3232	27 1 65 17
3233	0 1 11 1
3235	17 23
3236	8 31
3238	8 3
3239	122 34 77
3240	6 23
3242	16 25 72
3244	0 35
3245	73 153
3246	16 10 114
3247	37 33 19
3249	21 50
3250	9 60
3251	4 24
3252	70 37 121
3253	44 63
3254	18 37 64
3255	19 17
3256	18 65 27
3258	1 34
3259	1 3
3260	13 50
3262	3 31
3264	21 16 90
3265	73 77
3266	37 72
3267	21 68
3269	3 39
3270	9 21
3272	8 1
3273	135 27
3274	22 10
3275	8 15
3277	21 32 65 63
3279	3 16
3280	15 114
3281	96 16 15 10 37
3283	44 117
3285	17 1 114
3286	11 1 74 4
3287	72 49
3288	22 17 113
3289	16 25
3290	0 53 6 73
3292	17 1
3293	17 114
3294	9 23
3295	28 1
3296	8 73
3298	145 4
3299	36 24
3300	7 120
3301	1 121
3302	21 21
3303	7 118 25 137
3304	65 63
3306	22 33
3307	130 158
3308	25 44
3310	95 82
3312	10 23
3313	6 114
3314	3 14
3315	1 70 17 24
3316	69 6 72
3318	71 69
3319	17 11
3320	7 21
3322	21 114 59
3323	44 37
3324	20 32 1 6 102 113
3326	65 73
3327	121 78
3328	3 24
3329	8 16 65
3330	15 58
3332	37 43
3333	19 34 7 6 17
3334	2 68
3336	59 4
3337	137 3
3338	18 19
3340	116 34
3341	37 11
3342	3 19
3343	50 99
3344	118 15 80
3346	2 49
3347	60 91 70 118
3348	3 37
3350	6 0
3351	6 10 13
3353	70 73
3354	22 57 17
3356	120 69
3357	1 76
3358	16 9 3 145
3360	113 37
3361	43 3
3363	141 121
3364	67 59
3365	103 10
3366	99 17
3367	11 18 18 68 141
3368	34 3
3369	3 0 141 10 70
3370	28 1 64
3372	20 4
3374	115 70
3375	2 11
3376	27 107
3377	1 122
3378	2 37
3379	49 16
3380	72 24
3381	74 127
3382	7 83
3384	18 75 79
3386	69 13
3387	4 3
3388	75 34
3389	0 69
3391	0 23 43
3393	5 62
3394	27 50
3396	103 102
3397	9 136
3398	22 13 85
3399	4 63
3401	133 50
3402	0 3
3404	19 26
3406	6 1
3407	44 17 68
3409	18 30
3410	8 31
3411	23 44
3412	22 17 1
3414	7 56
3416	127 55
3418	1 6
3420	75 113
3421	21 13
3422	0 95
3423	71 113
3424	13 4
3425	2 16
3427	0 3
3428	17 73
3429	13 30
3430	1 73
3431	16 34
3432	23 21
3433	18 2
3434	12 3
3436	56 2
3437	68 0
3438	59 68
3439	48 1
3440	24 3
3442	55 59
3443	3 82
3444	21 70
3445	110 50
3446	18 102
3448	19 118
3449	8 21
3450	17 19
3452	4 128 33
3454	49 43 113
3455	6 6 16 23
3457	45 43
3458	44 37
3459	4 17
3460	25 23
3461	10 64
3462	9 37
3464	16 37
3465	47 63
3466	28 14
3467	0 37
3468	22 128
3470	2 16 71
3471	9 13
3472	3 19
3473	1 127 23
3474	13 75 16 72
3476	52 65
3477	11 16
3478	0 49 3 72
3479	6 103
3480	99 63
3481	18 1
3482	13 0
3483	17 107
3485	0 82
3486	2 21
3487	0 48
3488	37 113
3489	17 49 4 17 34
3491	3 120 17
3492	128 74 40
3493	43 69
3495	3 135 43
3497	3 88
3498	1 14
3499	34 46 77
3500	6 2
3502	0 14 1
3503	0 23
3504	37 16 10
3506	4 73
3507	74 17 70
3508	26 0
3509	0 1 118
3511	17 127
3512	95 13
3513	99 7 68
3514	1 4
3516	1 4
3518	2 74
3520	63 63
3521	20 24 3 108
3522	8 9 150 65 1 63 100 49
3523	16 60
3525	22 153
3527	17 73
3528	72 11
3529	44 16 0 3
3530	24 73
3532	1 65
3533	140 70
3534	56 73
3535	50 70
3536	59 1
3538	1 25 52 82
3539	24 3 69
3541	3 3
3542	6 17 63
3543	1 1 36
3544	16 20 23
3545	77 81 17 74
3547	103 64
3548	102 113
3549	28 25
3550	1 0
3551	37 4 113 71
3553	3 50
3554	4 34
3555	3 75
3556	18 74
3558	94 44
3559	113 49
3561	0 24 95
3563	7 1 81 6
3564	40 135
3565	20 26
3567	70 113
3568	37 133
3569	4 17
3571	149 10
3572	21 25
3574	3 1 96
3576	2 4
3577	21 151
3578	6 3
3579	11 20 127 52 16
3580	0 102
3581	23 21
3583	9 4 17 23
3584	34 74
3585	0 17
3586	74 3
3587	6 4
3588	3 76
3590	22 37
3591	3 18 0 35 95 4
3593	17 6
3594	2 95 68 58
3595	0 3
3596	70 61
3598	99 17
3600	91 39 74
3601	3 134 78
3602	24 17
3603	59 82
3604	4 58
3605	1 16
3607	3 37
3608	11 129
3609	3 1 19 58 114
3610	1 141
3611	8 65
3613	107 0
3614	1 35
3615	58 69 4
3617	3 155 103 11
3618	22 4
3619	3 49
3620	6 3 74 114
3622	6 73
3623	37 44
3624	19 1 82
3626	55 50
3627	18 11
3629	49 73
3631	7 52
3632	12 41 35 52 19
3633	4 121
3635	3 21 16
3636	1 7 24
3637	17 101
3638	29 17
3640	19 19
3641	82 16
3642	7 1 38
3643	21 1
3644	79 15
3645	22 74
3646	17 35
3648	6 25
3649	79 117
3650	68 74
3651	82 33
3653	1 11
3655	142 13
3656	0 10 109
3658	20 1
3659	2 4
3660	1 1
3661	69 104
3662	37 55 40
3663	25 20
3665	18 1 50
3666	15 16
3668	4 17 11
3669	13 118
3671	73 44
3673	37 122
3674	4 1
3675	17 157
3677	0 26
3678	37 43 118
3679	18 17
3680	55 10 94
3681	49 85
3682	10 33 11 11
3683	22 14 37
3684	9 92
3686	7 7
3687	4 141 3 82
3689	9 4
3690	21 44 114
3692	37 49
3693	1 1 1 2 114 1 26 13
3695	3 17
3696	35 90
3697	81 19
3698	3 11 82
3700	68 73
3701	4 17
3702	4 37
3704	70 37
3705	8 25 16 40 61
3706	8 37 24 82 19
3707	28 43 49
3708	6 2 48
3710	74 5
3711	137 99
3712	27 73 23
3713	73 114
3714	6 115
3715	57 22
3716	21 73
3717	21 6 1 99
3719	19 55
3720	127 74 59
3721	0 10 51
3723	76 49 11
3725	21 17 13 70
3726	15 10
3727	7 113
3728	7 40 3 112
3729	6 6 3 1
3730	4 133
3732	22 56 4 65 74 21 48
3733	60 77
3735	0 10
3736	39 59
3737	2 48 23
3738	7 3
3740	122 17 103 49
3741	19 4
3742	22 17 37
3744	5 32
3746	50 67
3748	21 37
3749	68 128
3751	22 23
3752	4 105
3754	3 17
3755	70 37
3756	37 1 37 14 16
3758	73 11
3759	128 70
3760	60 37
3761	17 37
3762	48 17
3763	8 2 4 65
3764	37 3
3766	16 15
3768	17 65
3769	63 3
3771	17 26
3772	50 19
3773	1 153
3774	3 82 127
3775	50 74
3776	17 16
3777	2 17 144
3779	0 37
3781	2 73
3783	1 73
3784	51 26 141
3785	0 114
3786	21 49 16
3787	2 13
3788	92 55
3790	0 4
3791	32 49
3792	35 4 24 26 37
3793	9 44
3795	6 64
3796	0 35 11
3797	8 33
3798	6 114
3799	18 3
3800	18 79 19 82 137
3802	7 11
3803	20 4
3805	56 1
3806	103 17 64
3807	30 43 63
3808	8 11 58 1 4
3809	36 22 34 58 118
3810	4 3 127
3812	88 3
3813	0 58
3815	69 24
3817	20 23 153 19
3818	103 1
3820	3 69
3822	35 68 68
3824	50 157
3825	28 71
3826	24 14
3827	56 70
3828	26 74
3830	17 16
3831	3 153
3832	34 1
3833	7 57 76
3835	85 25
3836	70 43
3838	4 38
3839	28 16
3840	3 1
3842	73 37
3844	17 120 24 5
3845	25 36
3846	40 20 1
3848	70 63
3849	56 4
3851	158 155
3852	82 74
3854	1 37
3855	73 37
3857	7 68
3858	6 44 113
3860	23 37
3861	2 23
3862	115 4
3863	7 4
3865	49 72
3867	43 58
3868	4 12
3869	24 82
3870	9 72 13 64
3871	28 0 46
3873	53 4
3874	37 4 37
3875	69 118
3876	21 17
3877	50 107
3878	38 62
3880	0 70 59 45
3881	95 19
3882	2 3
3883	44 43
3884	17 21
3886	114 19
3887	3 44
3888	70 11
3889	16 4
3891	17 10 1
3892	2 23
3893	68 70
3895	37 110
3896	0 3 127
3897	1 61
3898	17 1
3899	74 1
3900	22 120
3902	22 16 159
3904	0 103
3905	114 102
3906	18 43
3907	56 24 37
3909	102 2
3910	20 74
3911	21 11
3912	1 25
3913	4 3
3915	3 3 1
3916	28 50
3917	22 39
3919	63 4
3921	56 4
3922	33 59
3923	4 3 43
3924	67 68 150
3925	1 22 19 3
3926	3 48 11 105 3 57 37 21
3927	8 8 118 43 2 73 95
3929	4 37
3930	133 59 3
3932	82 62 70
3933	17 99 70
3935	17 4 37
3936	19 68
3937	18 37 43
3938	43 9 2
3939	18 48
3940	67 3
3942	40 98
3943	21 1 93
3944	58 132 53 44
3945	6 37
3946	7 16 37
3948	0 63
3950	4 3
3951	74 2 95
3952	17 3 31 68
3954	0 118
3955	18 44 17
3956	28 68
3958	79 121 19
3960	7 157
3961	27 1
3962	18 42
3964	68 1 65 27
3965	22 49
3967	65 3
3968	110 23
3969	18 59
3970	43 121
3971	8 75 34
3973	22 72
3974	160 58
3976	37 3
3977	18 82
3978	14 23
3979	37 34
3980	114 73 37
3982	74 33 61
3983	52 17 58 23
3984	1 17 45
3986	48 16 17
3987	24 19
3988	155 21
3990	17 161
3991	83 54 26 115
3992	1 4
3993	18 4
3995	21 113
3996	100 43
3997	22 52
3998	6 34
4000	2 64
4001	147 72
4002	21 68 153 113
4003	5 90
4004	6 17 6 3
4005	18 88 16
4006	8 72 37
4007	57 2
4009	6 14 80 155
4010	2 10
4011	1 24
4013	43 79
4014	21 99 69
4015	40 13 13 17
4016	2 21
4018	18 1
4019	4 100 13
4020	0 36
4022	3 64
4023	72 9
4024	6 24 114 13 76
4026	6 4
4027	18 37
4029	151 79
4030	95 4
4031	49 1
4033	136 58
4034	7 1
4035	16 130 10 26 116
4037	37 70 59
4039	75 48 3 113
4040	29 68
4041	0 37
4042	37 1 70
4044	24 161 118
4046	20 141
4047	20 1
4049	11 10 4
4050	8 3
4051	63 23 16
4053	19 26
4054	110 1 1 16
4055	18 3
4057	48 103
4059	37 68
4060	7 2
4061	2 68
4063	21 10
4064	37 1
4065	42 60 38
4066	16 21
4067	8 9 56 49 3 23 27 21 71
4069	1 51
4070	141 61
4071	3 6
4073	21 43 135
4075	23 69
4076	49 45
4077	37 3
4078	24 39 63 19
4079	1 59
4080	39 44
4082	67 91
4083	6 65
4084	57 64 24
4086	79 79 100
4087	79 16
4088	18 116
4089	18 2 0 45 4 48 19
4091	73 114
4092	0 72
4093	113 98
4094	1 3
4095	73 14
4097	1 1
4098	16 26
4100	2 35 1 4
4102	18 37
4103	55 43 51
4104	4 40
4106	0 4 11 24
4108	13 10
4109	53 17
4110	50 3
4111	8 57 78 26
4112	135 0
4114	21 68 13
4115	6 65
4116	63 6
4118	10 17
4119	21 81
4120	11 7
4121	4 21
4123	35 50
4124	23 68 16
4125	1 25
4126	25 64
4128	44 4
4130	23 11
4131	3 1
4132	16 3
4133	1 59
4135	1 26
4136	3 79
4137	4 24
4138	2 43
4139	26 8 8 49 10 69 34 19 37
4141	48 73
4142	0 17
4144	72 73
4145	49 16
4146	17 136 34 71
4148	1 43
4149	26 68
4151	3 49
4152	70 68
4153	0 31
4155	37 75
4157	17 58
4158	63 22
4160	50 16
4161	8 121
4163	24 73
4164	25 4
4166	11 3
4168	35 16
4169	45 19 7 118 6 73 78 74
4171	15 74
4173	65 103
4174	36 12
4176	37 113
4177	21 31
4178	10 93
4179	17 17
4180	49 1
4181	7 1
4183	37 157
4185	25 37 72
4186	20 81 23
4187	4 68
4189	59 118 23
4190	17 99 37 72
4192	3 110
4193	1 11
4194	23 69
4195	2 69 78
4196	22 61
4198	1 117
4199	4 35
4200	28 6
4201	9 19 37
4203	25 26
4204	72 16
4205	0 53
4206	49 18 64 17
4207	1 2 2 11
4209	6 37
4210	17 3
4211	39 4
4212	42 16
4213	7 17
4215	1 114 13
4216	34 64
4217	21 4
4218	9 23
4220	0 3
4221	3 103 16
4222	22 40
4223	0 11
4224	18 44
4225	22 19
4227	37 16
4228	23 1
4230	124 43 58 79
4232	49 1
4233	63 58
4235	2 118
4236	141 82
4237	44 1 24
4238	16 138
4239	37 17 19
4240	13 4
4242	3 69
4243	3 15
4244	69 37
4245	99 124
4247	1 49
4248	65 21
4250	17 17
4251	17 93
4252	4 34 10
4254	16 141
4255	114 80
4256	0 74
4257	17 22 63 14
4259	17 74
4260	37 65
4262	7 45
4263	22 14
4264	22 120
4265	17 44
4267	65 37
4269	18 16
4270	1 152
4272	0 46
4273	37 13
4274	98 19 79
4276	37 24
4277	37 59
4278	0 68
4279	6 1
4281	3 15 118
4282	1 104
4283	20 34
4285	0 70
4286	25 2
4287	7 3
4288	4 69 37
4290	3 3 114
4291	73 33
4292	1 16 37
4293	10 11
4295	37 70
4297	95 23 49
4298	1 65
4299	37 13
4300	37 17
4302	2 37
4303	137 1
4304	79 53
4306	37 13
4307	4 68
4308	43 1
4310	39 117 135
4311	7 24
4312	56 48 43 64
4314	5 43 19
4316	0 5 70 34
4317	4 83
4319	69 4
4320	48 15
4321	10 52
4322	70 69
4323	1 82
4325	37 70
4327	73 59
4328	1 51
4330	2 30
4331	1 57
4332	63 59
4333	22 34
4334	0 112
4335	1 49
4336	4 102 11
4337	27 16 3 26
4339	49 49
4340	21 72
4341	37 3
4342	9 26
4343	37 23
4345	21 3
4346	0 31
4347	100 59
4348	16 19
4349	115 4 37 73
4351	6 37
4352	22 52
4353	0 128 60
4355	39 68
4356	11 10
4358	6 118
4359	0 61 49
4360	56 116
4361	6 1
4363	41 21
4364	49 6 32 11 34 115
4366	4 4
4367	7 57
4368	8 56 130 2
4369	6 10
4370	18 44
4372	25 17
4374	3 23
4376	19 16 68
4377	3 74
4379	4 127
4380	23 94
4381	136 37
4382	29 73 10
4383	9 70
4385	2 10 16
4386	4 58
4387	23 8 118 73
4388	1 19
4390	17 79
4391	121 26
4393	7 71
4394	9 21
4395	7 136
4396	18 7 79
4398	50 26 1 59
4399	3 114 10
4401	16 37
4402	8 63
4404	3 91
4405	8 68 90
4407	70 1
4408	65 37
4409	8 37 3 4 4
4410	22 44
4411	28 27
4412	46 22 69 7 10
4413	72 49 17
4415	4 33
4416	6 3
4417	3 59
4419	0 37 73
4420	16 1
4421	18 37
4422	18 24
4423	3 6 1 8 107 3 68 19 34
4425	48 43
4426	14 68
4428	1 50
4429	20 2 4 135
4430	11 79
4432	0 4 21
4434	50 31
4435	7 21
4436	2 1 15 17
4438	69 4 141
4440	1 49
4441	7 50
4442	2 84
4443	65 114
4444	14 23
4445	21 13 64
4446	23 62 75
4447	21 59
4448	7 49 52 17 1
4449	20 37
4451	7 1 74 37
4452	70 95
4453	37 63 50 113
4454	3 2
4456	24 75
4457	27 69
4458	3 70
4460	1 44 17 64
4461	1 33
4462	7 75
4463	37 0 3 16
4465	118 65
4466	9 146
4467	26 4
4469	9 6 34
4470	25 39 65
4472	3 6
4473	1 57
4474	52 15
4476	26 115
4477	22 44
4478	0 4
4479	8 21
4480	29 43 55
4482	105 65
4483	3 49
4484	9 75
4485	118 19 46
4486	22 38 49
4488	20 0 37
4490	74 24
4491	6 36 162
4493	51 23
4494	4 2
4495	65 26
4497	22 21 20 8 26 44 153 37
4498	113 67
4499	21 1
4500	49 4 3
4501	103 0 65 139
4503	44 7 113
4504	8 14 1 158 135
4505	22 20 1 1 11
4506	18 4
4508	10 23
4509	24 24 50 12 33 134
4510	1 24 40
4512	10 37
4513	6 23 71
4514	20 50 43
4515	44 3
4517	17 82
4518	37 31 21 15
4519	44 113
4520	49 1
4521	4 157
4522	20 43
4523	1 82
4524	79 74
4526	0 3
4527	73 44
4528	64 118
4530	18 21
4531	19 24
4532	2 37
4533	64 5
4534	1 19
4536	21 21
4537	69 73
4539	0 23
4541	7 17
4542	3 70
4544	39 99 30
4545	84 98
4546	22 4
4547	34 141
4548	17 129
4549	25 3 10 43
4551	4 114
4552	16 58
4553	25 1
4555	18 16
4556	75 1
4557	20 17
4558	3 75 98
4559	44 22
4561	3 36
4563	17 95
4565	11 23
4566	2 4
4567	81 118
4568	73 73
4569	59 4
4570	13 21
4571	3 37 21 132 56 70 37 40
4573	56 16 37
4574	18 37 140 130
4575	40 124
4577	0 25
4578	23 141 10 49
4579	6 153
4580	25 69
4581	8 37 113
4583	68 50
4584	16 1
4585	7 33
4586	21 52 138
4588	0 3 68
4589	94 23
4590	1 49
4592	43 23
4593	18 21
4594	6 48
4595	24 18 22 73 69 61 23
4596	22 1 114 1 34
4598	76 39 145
4599	74 24
4600	6 40
4601	56 1
4602	2 21
4604	49 37 64
4605	70 70
4606	6 4 110 64
4608	16 80
4609	157 75 121
4610	26 69
4612	44 1 23
4613	44 27
4614	59 18 1 2
4616	68 3 37
4617	44 17
4619	23 70 34
4620	6 24
4621	18 74
4622	2 13 19
4624	10 19
4625	21 74 4
4626	81 67
4628	9 70
4629	17 113 4 62
4630	74 10
4632	56 0 17 137
4633	56 32
4634	36 37
4636	47 100
4637	26 27
4638	7 4
4639	6 1
4640	37 17 75
4642	41 24
4643	29 70
4644	24 17
4646	49 37 43
4648	11 13 103 26
4649	71 68
4651	4 43
4652	0 16
4654	9 6 3 69 58 127
4656	6 3
4657	22 1
4658	49 12
4659	20 1
4661	72 19 72 141
4662	59 24 99
4663	17 98 141
4664	49 68
4665	37 112 70
4667	21 15
4668	16 4
4670	97 74 122 113
4671	73 43
4672	10 1
4673	12 87
4675	50 5
4676	44 23
4677	8 12
4678	0 101 1 72
4680	7 74
4681	23 10
4682	83 44
4684	20 45
4685	36 1
4686	22 2
4688	141 10 57
4689	17 35
4691	64 37 64
4692	40 130
4694	8 37
4695	16 13
4697	0 72
4698	6 19
4699	8 21
4700	1 65
4701	18 12
4703	1 114
4704	68 43
4705	0 3 95 110
4707	8 0
4708	49 24 76
4709	3 26 4
4711	8 9 82 73 123 127
4712	3 99
4714	3 19 73
4716	3 124 124 95
4717	1 118
4718	7 74
4719	8 72 3
4720	56 72
4722	20 75
4723	75 16
4725	0 68
4726	0 76 16
4727	1 23 141 25 118 17 26
4728	18 1 27 14 37
4729	1 95
4731	21 40 17
4732	18 43
4733	9 26
4734	21 61
4735	127 26
4736	90 17
4737	4 128
4738	51 82
4739	8 1 124 16
4740	3 1 4 3 16 1 17 3
4742	1 113
4743	8 1
4744	17 79
4745	27 114 49
4746	4 1
4748	0 73
4749	16 4
4750	1 37
4751	99 127
4752	0 3
4753	18 49
4755	22 23 4
4756	7 3
4757	70 17
4758	9 44
4760	22 70
4762	73 73 11
4763	0 17
4765	3 34
4766	44 31
4768	73 95
4769	37 4
4771	118 44 5 37
4772	40 79
4774	137 37
4776	7 124
4777	6 69 55
4778	6 82 23
4780	0 11
4781	16 32
4782	8 57
4784	23 63
4786	24 113
4787	28 1
4789	33 63
4790	35 13
4791	17 4
4793	3 11
4794	90 36 19
4795	1 75
4797	25 70 31
4798	63 48
4799	9 4
4800	37 1
4801	8 1
4802	19 57 11
4804	19 69 13 11
4805	1 20 43
4806	123 53
4808	56 68 12
4809	2 24
4810	1 3
4811	39 100
4813	69 21
4814	3 64 113
4815	18 123
4816	22 70
4817	133 16
4818	70 79 87
4819	4 9
4820	4 118 21
4822	34 49
4823	1 73
4824	2 99
4825	1 123
4826	4 2 4 4
4827	28 0
4828	13 6 49 16 31
4829	21 57
4831	4 128
4832	4 92 23 11
4833	4 21
4835	68 3
4836	19 70
4837	68 130 72
4838	37 69
4839	21 17
4840	21 10 14 68
4841	58 80
4842	6 113
4843	21 11
4845	9 68
4846	17 70 153 17
4848	22 11
4849	18 55 95
4850	8 118
4852	17 23 114
4853	17 68
4854	1 17
4856	3 1
4857	89 39
4858	7 66
4860	16 1
4861	0 70
4862	24 59
4864	0 70
4865	59 70 70
4866	16 11
4867	1 82 43
4869	11 127
4870	1 39 21 70
4871	8 95 49
4873	17 17
4875	1 17 68 43
4876	9 74
4877	6 17
4879	122 70 70
4880	1 17
4881	21 124 21
4883	23 24
4884	6 5 5
4885	37 23
4886	16 3 97
4887	13 72 68 11 74 4
4889	2 23
4890	3 24
4891	8 31 3
4893	3 135
4895	1 64
4896	73 1
4897	6 17
4898	72 3
4900	149 49
4901	20 43
4902	159 48
4903	65 3
4904	4 70
4905	9 130
4907	49 2
4908	70 158
4910	94 73
4912	7 77
4914	59 1
4915	43 135
4916	17 39
4917	0 33
4919	2 13
4920	73 3
4921	18 1
4923	120 43
4925	75 113
4927	27 37
4928	8 12
4930	1 118
4931	11 23
4932	65 52 108
4933	4 69
4934	23 13 33
4936	6 1 63
4937	22 73
4939	8 49 73 69
4940	9 2
4941	22 16
4943	49 39 64
4945	27 43
4947	1 34
4949	0 34
4950	95 70
4951	4 16
4952	18 17
4953	6 60
4955	4 127
4956	6 3
4957	141 157
4958	37 71
4959	104 48
4961	17 4
4963	1 3 57
4965	126 52
4966	3 70 79
4967	99 3
4969	21 26
4970	24 34 116
4971	0 1
4972	73 37
4973	6 114
4975	43 55
4976	3 24
4978	16 13
4979	1 11
4980	19 135
4982	56 17 37 31
4983	1 4
4984	3 17
4985	18 25 37 17
4986	94 7
4987	2 1
4989	21 7
4990	130 165
4991	8 63
4992	80 37
4994	3 118
4996	82 79
4997	137 24
4998	1 73 37
5000	4 113 43
5001	49 35 1 21
5002	24 21 37
5003	2 65 94 56 102 21 16 73
5004	28 59 3 72 64
5006	73 64 1
5007	74 33
5008	3 43 4
5010	53 1
5011	106 11
5012	0 78
5013	78 56 103 49 43
5015	18 24
5017	14 70 13
5018	23 17
5019	6 0 21 37
5020	43 74 118
5021	1 30 21 23
5023	60 50 114
5024	17 1
5025	37 31
5026	65 68 70
5027	83 135
5028	18 1
5030	3 100
5032	54 70
5033	124 68
5035	0 27
5036	50 70
5038	37 37 133
5039	3 26
5040	24 16
5042	48 4 121 82
5044	13 17
5045	24 73
5046	4 68 57 5
5047	1 82
5049	9 4
5050	9 4
5051	2 20 10 17
5052	7 24 23 1
5054	49 35
5055	2 74 73 73
5056	0 68
5057	11 44
5058	37 49 77
5059	65 78 100
5061	21 70 74
5062	63 25
5064	1 124
5065	37 70 26
5066	3 13
5067	23 1 3 4
5069	4 113
5070	0 24
5072	97 73
5073	58 14
5074	6 74
5076	65 14
5077	27 3 52
5078	4 50
5079	24 49
5081	82 31
5082	7 35 23 55 73
5083	48 137
5085	2 16 16
5086	4 82
5087	1 21 4 17 65 26 113 63
5089	7 69
5090	4 17 43 69
5091	58 114 27
5092	18 17 137
5094	36 99
5095	3 76
5096	8 2 2 1 64
5098	1 3 31 26 3 16 16 34
5099	7 37
5100	0 41
5101	8 26
5103	99 37
5104	21 49 11
5105	56 57 54
5106	44 63 70
5107	52 23
5108	0 94 99 43
5110	63 3
5111	56 92
5113	18 1
5115	43 99
5116	65 37
5117	24 16
5118	100 4 13 96
5119	8 0
5121	18 103
5122	25 51
5123	1 2
5124	1 22 4
5126	52 37 13
5127	4 73
5129	23 49
5131	73 22 23 37
5132	25 19
5133	20 17
5135	52 23
5136	118 1
5137	18 49
5138	16 3 23 4 68
5139	22 1
5141	2 40 17
5142	1 37 61
5143	12 13
5144	153 118 70
5145	18 63
5146	20 1
5148	22 17
5149	7 53
5150	21 10
5151	132 17 52
5153	102 4 11 0
5155	48 43 43 23
5156	9 90
5157	37 22 44 80
5159	36 19
5160	22 25
5161	0 19
5162	79 99
5164	20 15
5165	16 74 74 63
5166	29 70 1
5167	72 11 68
5168	40 17
5170	3 3
5171	3 3 155
5172	6 37 1 73
5173	4 3
5175	6 73
5176	1 27
5177	2 101 4 1
5178	6 20
5179	18 17
5181	3 18 65 1 13
5183	18 45
5184	59 17 34
5186	73 26
5187	24 102
5188	1 44
5189	10 73 89
5190	18 92
5191	18 44 134
5192	24 43
5193	114 1 53
5194	20 4 48 50 1 68 17 37
5196	0 69
5198	8 50
5199	2 98
5200	100 37
5201	1 0 69
5203	126 2 43 73
5205	50 4
5206	17 26
5208	113 16
5209	6 13
5210	73 23
5211	23 69
5213	113 82
5214	82 2 68
5215	57 1 69 1
5217	3 52
5218	17 3
5219	20 10
5220	1 82
5222	56 17
5223	59 117 88 23
5225	4 17 58
5226	8 13 2 69 10 113
5227	1 99
5229	37 48
5230	7 17
5231	22 159
5232	37 33 150
5234	21 71
5235	10 17
5236	21 117
5237	56 4 23
5238	24 1 3
5239	44 21 76
5241	75 21
5242	44 158 3 100
5244	3 4
5245	48 70
5246	6 19 103
5247	18 44 17
5248	65 6 82 50 70
5249	28 4 0 4
5251	9 21 76
5252	6 58 10 127
5254	24 3
5255	36 121
5257	3 37 37 113
5259	1 103
5260	17 79
5261	1 3
5262	16 4 68
5263	0 3
5265	9 84
5266	64 64
5267	23 16
5268	0 26 151 37
5270	15 11 23 69
5271	17 17 119
5273	88 43
5274	106 40
5275	18 2
5277	37 11
5278	8 70
5280	23 4
5281	3 63
5282	49 70
5283	13 8 17 69 98
5284	64 18 3 74
5285	143 6 1 118
5287	20 18 0 3 82 16 88 34
5289	130 141
5291	44 151
5292	3 37
5294	4 50
5296	16 37
5297	21 113
5298	1 73
5299	20 82
5300	25 11 59 0
5301	14 99
5303	2 3
5304	3 10 73
5306	17 34 69
5307	1 37
5308	3 68 102
5309	73 63 11
5310	58 55
5312	22 2 1 70
5313	23 69 23 23
5314	18 23
5316	40 1 37 68
5317	1 1
5318	72 17
5319	9 70
5321	0 61
5322	110 68
5323	1 19
5324	2 1
5325	26 94
5326	1 53
5328	2 49 69
5329	37 7 7 4 70 13 40 19 50
5330	78 3
5331	37 1
5332	8 48 7 1 3 4 151 91 82
5333	16 65 21 39
5335	38 81
5336	7 23
5338	18 50
5339	6 103
5340	65 65
5341	49 1 3
5343	43 16
5344	10 69
5345	8 107 3 60 16
5347	16 37 149
5348	1 15 148 11
5349	37 37 68
5350	21 82 134
5352	0 4
5354	12 1
5355	108 51
5356	26 49 70
5358	19 68
5359	26 2
5360	155 87
5361	1 1
5362	65 68 118 23
5363	0 49 63 21
5364	18 1 16
5365	22 35
5367	73 64 10
5368	24 70 58
5369	21 149
5370	18 16 1
5371	24 17
5373	3 59
5374	141 1
5375	18 4
5376	2 55 55
5377	23 45
5378	8 21 23 113 118
5379	18 2 37 44 114
5381	0 4
5382	117 17 37
5384	2 23
5385	0 57
5386	25 44
5388	47 69 73
5389	153 1
5390	9 0
5392	1 3
5393	4 74
5394	4 3 37 13
5395	9 39 5 30 26 113
5396	9 17
5397	8 21
5399	37 58
5400	3 0 65 59 21 21 17
5401	10 4
5402	16 4
5403	8 4
5405	43 24
5406	10 44
5407	49 17
5409	71 21
5410	56 6
5412	2 58 16
5413	64 68
5415	8 68
5416	69 26 75
5418	43 4
5419	18 78
5420	21 1
5421	79 113 34
5422	56 35 1 68
5424	31 3
5425	37 17
5426	2 23
5427	28 4
5428	56 56
5429	37 18 63 37 4
5431	4 26
5433	23 11
5434	3 94
5435	3 37
5437	35 21 103
5439	44 73
5440	37 3 16 82 35 65 49 69
5442	16 37
5443	24 39
5444	9 4 43
5446	16 23
5448	22 23 64
5450	25 37
5451	21 37
5453	18 3
5454	25 23
5455	55 4
5457	29 2
5459	7 35
5460	7 3
5461	18 1
5463	65 91
5464	58 60
5465	97 17
5466	13 3
5467	1 92
5469	17 1
5471	81 67
5472	22 22 1 45
5473	3 4 65 1
5475	0 82 31
5476	4 72 48 16
5477	22 4
5479	3 57
5480	56 65 27
5482	3 82
5483	17 1
5484	36 34
5486	1 58 82
5488	74 26
5489	130 135
5490	6 54
5491	4 24
5492	98 41
5493	0 113
5495	2 26
5496	24 2
5497	6 21
5498	15 24
5500	21 37
5501	2 1 4
5503	113 67 50
5505	68 4
5506	35 16
5507	24 19
5508	37 1
5510	6 61
5511	3 79 37
5512	0 17 11
5513	22 1
5515	0 21
5517	2 91 27
5518	36 24
5519	2 14
5520	57 73
5522	73 95
5523	18 73 114
5524	20 165 4
5525	22 68 63 4
5527	65 22
5528	2 50 58
5530	44 50 84
5532	0 24
5534	29 16 3 43
5536	49 4
5537	26 70
5538	1 36 4 153
5540	70 4
5541	82 61
5543	124 137
5544	127 15 70
5545	8 74
5546	7 3
5547	3 21
5548	17 28 3 37 3 43 149 24
5550	1 58 37
5552	2 24 127 127 100 102 43 113
5553	9 69 17
5554	5 12 10 4
5556	4 6 125
5557	3 31
5558	8 43
5560	37 59
5561	107 63
5562	9 70
5564	18 1
5565	73 113 61
5566	3 48 57 70
5567	7 21
5568	21 10 74 10
5570	65 39
5571	24 68 55 114
5573	3 22
5575	49 16 70
5576	9 6 1 25 124
5578	7 1
5579	53 10
5580	1 2
5581	44 114
5582	22 53 72
5584	11 74
5585	17 1
5586	10 73 4
5588	16 13
5589	8 100
5590	37 3
5592	19 23 24
5593	24 16 118
5594	21 22 37 26 23
5596	74 50
5597	56 16
5598	24 102
5600	84 3
5601	17 4
5602	21 28
5604	69 109
5605	13 118
5606	1 34
5608	1 3
5609	1 29 118
5610	2 70
5611	37 96 150 16
5612	34 49 12 16
5613	20 1
5614	3 16
5616	1 16
5617	3 70
5618	10 24 68 52 52 37 21 100
5619	60 59 4
5620	24 28 16 68
5622	9 4
5623	24 26
5624	57 4 49 24
5626	37 1
5627	43 6
5629	20 0
5630	27 70 17
5631	3 157
5632	16 49
5634	2 17 1 17 49 43
5636	73 127
5637	43 33 94 59
5638	6 88
5639	21 18 59 17 38
5640	7 68
5641	113 0 17 34
5642	2 63
5643	3 71 3
5645	107 1 68
5646	72 59 82
5647	22 3
5649	21 121 89
5650	14 68
5651	67 16
5652	18 17 11
5653	9 73
5655	108 43
5656	50 3
5658	21 23
5659	6 1 16 130
5661	45 37
5662	16 23 14 36
5664	2 4 70
5665	17 51 102 113
5666	37 69 37
5667	16 44 17
5669	4 95
5670	13 13
5671	55 63
5672	159 2
5673	44 102 1
5674	68 93
5675	6 7 6 73 135 49 1
5676	8 6
5677	36 18 64 1
5679	29 13
5680	1 37 70
5681	77 7
5682	9 24
5684	3 49
5686	24 56
5688	64 26
5689	18 37 10
5691	88 59 70
5692	16 75
5693	151 17 84
5695	7 99
5697	4 16
5698	50 34
5700	3 74
5701	28 57
5703	7 118
5704	19 24
5705	8 80
5706	16 37 37
5707	81 16 37
5709	18 4
5710	2 55 120
5711	4 4
5712	24 74
5714	14 1 84
5715	67 82
5717	63 49
5718	18 3 72 64
5720	25 23
5721	73 23
5723	49 17
5725	47 16 84
5726	1 113 96
5727	27 59
5728	1 24
5729	27 124 37 0 84
5731	37 14
5732	43 90
5734	75 16
5735	60 17 113
5737	21 73
5738	151 37
5739	2 50 115
5741	124 40
5742	18 37
5743	0 32 91
5745	6 65
5746	36 1
5747	6 1
5748	23 40
5749	3 68
5751	41 64 4
5753	37 0
5754	2 4 52
5755	18 40
5756	8 3
5758	114 33
5759	1 22
5760	11 10 19 129
5762	7 16
5763	3 93 113
5764	28 0 37
5765	50 155
5766	3 62
5767	2 94
5769	10 1
5770	44 2
5771	0 24
5772	64 1
5773	70 31 10
5774	15 125 12
5776	3 44
5777	5 4
5779	3 13
5780	83 1 95
5781	5 70 26
5782	10 21
5784	99 17
5785	24 132
5786	16 4
5787	1 0
5788	3 3 2 14
5790	19 19
5791	8 73
5792	7 122
5793	21 44
5794	49 40
5795	94 0
5797	37 3
5798	7 42 94 99
5799	3 14
5801	16 4
5802	18 82
5804	39 4
5805	3 4
5806	22 113
5808	21 17 14
5809	70 3
5810	18 8 3 16
5811	1 35 4
5812	150 16 120
5814	1 94
5815	6 68 33
5816	21 73
5818	149 118 1 35
5819	72 26
5820	3 134
5822	35 3 49
5823	4 17 9 1
5824	38 28 1 2
5826	4 21 4 118
5827	44 10
5828	90 23
5830	18 75
5831	17 155
5832	0 21 2 15 114 49
5834	1 23 78
5835	39 49
5836	58 114
5837	24 64
5838	73 3 33
5839	22 0
5840	7 34 21 74
5841	2 33 3
5843	14 69
5844	55 48
5846	3 130
5847	32 21
5848	17 16 118
5849	3 130
5851	23 118 75 17
5852	21 0
5854	37 51
5855	107 19
5856	28 80
5857	23 37
5858	118 4
5860	48 155
5861	56 24
5862	29 141
5864	6 7
5866	113 46
5868	21 10
5869	18 6
5870	57 3
5872	94 1
5873	87 4 128
5874	3 70
5875	49 0 16
5876	19 21
5877	24 4
5879	60 104
5880	59 17
5882	73 160
5883	18 9
5884	7 17
5885	0 17
5887	42 14
5888	16 50
5889	24 44
5890	37 24 6 35
5892	9 3 104 9 39 11 11 37
5894	9 0 71
5896	1 80
5897	58 1
5898	1 44 49
5899	9 68
5900	37 44 157
5901	3 16 58
5902	4 1 70
5904	63 37 1 1
5905	74 4
5906	3 1
5908	63 0
5910	157 69
5911	22 154 43
5912	11 145
5913	24 0
5915	1 26
5917	1 1
5918	112 101
5919	1 16 73
5920	39 70 96
5921	1 15
5922	24 18 3 4
5924	0 125
5925	90 37
5926	12 51
5927	1 20
5929	37 48
5931	44 39 44 70
5932	9 17 4
5933	34 11 69
5934	24 65
5935	22 49
5937	43 70
5938	63 17
5940	127 58
5941	21 17
5942	17 23
5944	4 99
5945	44 59 68
5946	0 19
5947	36 116
5949	11 68
5950	59 21
5951	18 1
5952	2 21
5953	22 65
5954	18 113
5956	23 110 37
5957	18 44 79
5958	9 44
5959	52 55 92 59 153 17 74
5961	1 25
5962	23 44 49
5963	17 35 74
5964	22 153
5965	32 83 1 3 11
5966	2 11
5968	37 44
5969	28 21 4 40 1 23 121
5970	7 52
5971	49 3
5972	3 163 77
5974	8 1
5975	59 1
5976	18 105 5
5977	0 59
5978	18 0 69
5980	88 17 37 70
5981	1 15
5982	39 73 135
5983	6 82
5984	21 8 3 128
5986	22 3 17 82
5988	1 137
5989	6 1
5991	69 27
5993	0 59
5994	23 1
5995	17 45
5997	48 75 102
5999	20 49 68
6000	4 70
6002	130 69
6003	99 68 12
6005	0 16
6006	82 14 43
6007	6 23
6008	25 23 37
6009	82 37
6010	2 0
6012	68 17
6013	121 14 37 73
6014	37 17
6015	37 17 82
6016	27 4
6018	1 4
6019	74 16
6021	37 64
6022	21 43
6023	22 1
6025	3 17
6026	99 74
6027	60 4 35
6028	21 17 1
6029	28 4
6030	37 23
6032	157 73 52 16
6033	118 79
6034	37 27
6035	49 0 17 25
6037	70 53
6038	5 17 3
6040	20 73
6041	50 4
6042	57 22
6044	21 83
6046	65 2
6047	2 3 58 18 4 2 39 3
6049	41 24 13
6050	1 19
6052	0 52
6054	1 16
6055	19 17
6056	22 1
6057	22 52
6058	9 1 43
6059	49 9 77 44
6060	6 70 59
6061	69 18 18 22 6 17 35 3
6062	9 4
6064	13 17 3
6066	48 26
6067	62 103
6069	25 64
6070	65 74
6071	1 64
6072	0 1 70
6073	30 1 118 58
6075	21 40
6076	70 55 37
6078	74 21
6079	1 66 114
6081	4 74
6082	7 34
6083	3 1
6084	35 4 10 11
6085	1 18 21 118 74
6086	68 73
6087	22 26
6088	6 35
6090	16 3
6091	118 114
6092	35 32
6093	8 19 1 21
6094	58 4 55
6096	25 73 3 3 43
6097	8 25 0 4
6099	20 69
6101	1 11
6103	21 27
6105	49 100 11
6106	18 3
6108	3 3
6109	19 136
6110	37 10
6111	72 32
6112	35 3
6114	118 17
6115	81 74 112
6117	6 114
6118	88 4
6119	0 1
6120	95 50
6122	18 13 43
6123	27 81
6125	31 68
6126	50 17
6127	72 99
6128	37 16
6129	24 113
6130	95 95 23
6131	144 43 40 4
6133	113 23
6134	37 106
6136	21 12
6137	37 26
6138	6 21
6139	0 21
6141	1 58
6142	16 70 70
6143	77 142
6145	37 130 141
6146	6 0 37 26 68
6147	37 7 3 102 70 55
6149	135 70
6151	28 114 141
6152	17 23 131
6154	23 17
6155	50 51 43
6156	73 3
6157	19 64 13
6159	27 49
6160	3 37 1 120
6161	21 21 6 103
6162	8 44 26
6163	8 1 4
6165	18 23 70
6167	69 43
6168	16 17
6169	5 76
6170	20 54
6172	45 20 50 16
6174	21 4
6176	0 20 159
6177	17 18 68 3 149 70
6178	20 4 19
6179	0 17
6181	16 1
6183	4 113
6184	3 37
6185	1 114
6187	21 37
6188	18 61
6190	24 0 131
6191	3 70 12
6192	16 16
6193	3 114
6194	0 70
6195	103 28 73 24
6196	1 25 17
6197	9 23
6199	6 61
6200	9 68
6202	117 52
6204	74 23
6205	37 69
6206	49 74
6207	1 13
6208	21 63
6209	18 1 50 63
6211	21 68
6213	1 3
6214	82 73
6215	19 4 103 23
6216	8 49 23
6218	19 1
6220	2 1
6221	1 79
6222	2 55
6224	37 33
6225	35 18 23 17
6226	28 62
6227	48 114
6229	26 17
6230	21 37
6231	17 17
6233	21 10
6234	9 39
6236	63 84
6237	69 4
6239	3 64
6240	6 37
6241	106 43 55
6242	4 9 73 24 77
6244	18 63
6246	0 47 1 11 4
6247	13 73
6248	25 4
6250	4 37
6251	17 142
6253	3 35
6254	4 124
6255	18 17
6257	22 59
6258	37 23
6260	3 3
6261	24 1
6262	1 37
6263	18 49
6265	48 137
6266	25 31
6268	6 4 71
6269	6 1
6270	10 11 37
6271	4 141
6272	8 3
6274	37 1
6276	4 38 70
6277	44 112 94
6278	18 18 4 120 124 11 118 70
6280	75 19 130
6281	24 73
6282	1 1 23
6283	18 98
6285	118 19
6286	100 44
6287	49 1
6289	4 39
6290	9 1
6291	3 1
6292	21 3 55
6293	24 60
6294	146 8 37 63
6296	6 2
6297	106 4
6298	8 68
6299	7 0
6301	95 21 37 23
6302	10 34
6304	26 16 142
6305	82 128
6306	8 17
6308	2 58
6309	2 23
6310	4 4
6311	18 49 21
6312	0 2
6314	35 63
6315	1 49
6317	10 4
6318	135 16
6319	1 141
6320	18 44 69
6322	25 135
6324	16 1
6325	1 3
6327	92 37
6328	10 115
6329	75 17
6330	3 1
6332	37 0
6333	20 17
6334	64 78
6336	31 10 37
6337	117 71
6338	28 88
6339	4 79
6341	23 3
6342	16 19
6343	0 16 73
6345	6 123
6346	20 16
6347	24 135
6349	91 1 49
6351	1 70
6352	21 120
6354	6 73 60
6355	72 37 75
6356	1 27
6357	34 14
6358	52 3
6359	8 28 55 38 46
6360	18 1 153
6362	1 38
6363	69 14
6364	56 1 19 70 114
6365	9 1
6366	8 17
6367	16 43
6369	26 26
6371	17 74
6372	1 16
6373	3 16
6375	37 114
6377	28 73 37 97
6378	17 49
6380	3 35
6381	4 17 70
6382	21 39 1
6383	3 37 32
6385	145 52
6386	35 24
6387	118 49
6388	26 113
6390	17 13
6391	43 113
6392	2 4 17
6393	24 38 153
6394	4 136
6395	18 3
6397	4 30
6398	50 129
6399	44 37
6400	17 23 16
6401	18 7
6402	0 4 107
6404	11 11
6405	21 80
6406	52 21 46 121
6407	1 82
6408	12 78 69 69
6409	1 99
6410	10 99
6411	18 9
6413	1 4 95
6414	39 21
6415	3 1
6416	6 37 25 26 34
6418	29 4
6419	17 10
6421	21 120
6423	6 4
6424	8 135
6425	55 0
6427	0 23 4
6429	1 77
6431	59 127
6432	87 15
6433	23 70
6435	20 32
6436	41 11
6437	37 49
6438	8 35
6440	7 21 15
6442	127 112
6443	1 54
6444	22 7
6445	6 31
6446	7 84 16 10 120 64
6447	20 59
6449	4 79
6450	14 68
6451	9 143
6453	1 43
6455	39 25 19
6456	79 50
6457	94 37 91
6459	37 31
6460	1 16
6462	73 70 4
6463	17 3
6464	0 113 74 23
6465	29 102
6466	63 69
6467	1 34 1 65 40 2 1
6468	22 37 37
6469	56 7 44
6471	21 74 68
6473	61 23 19 34
6474	7 5 35
6475	65 57
6476	1 21
6477	24 1 4
6478	3 4
6480	21 147
6482	56 73
6484	63 24
6485	3 3 90 114 37
6486	21 17 98
6488	26 59
6489	3 63
6491	0 32
6492	7 13
6493	7 70
6494	39 23
6495	7 51 17
6496	6 1 74
6498	15 69
6499	4 74
6501	21 50
6502	10 8 21 15 91
6503	3 72
6504	0 4
6505	25 3
6507	20 19
6508	129 44
6509	4 135
6510	35 61
6511	49 82
6512	21 79
6514	21 51
6515	1 49
6516	17 23
6517	28 61
6518	1 10
6520	27 40
6521	23 118
6522	27 65
6524	114 42
6525	68 4
6527	21 75 70 75
6528	4 83
6529	35 129
6530	37 16
6532	18 25
6533	49 16 73 34
6534	1 10
6536	1 57 38 4
6537	37 69
6539	7 11 1
6540	113 3
6541	79 13
6542	1 74 37 13
6543	4 11
6545	31 100
6546	11 4
6547	18 4 27 40
6549	18 82
6550	7 53 52
6552	113 135
6553	35 37
6554	63 33
6555	1 17
6556	2 3
6557	4 59
6558	127 118
6559	3 44
6561	17 4
6562	1 68 4 118
6563	118 73
6564	16 32
6565	49 118 91 5
6566	18 41
6567	3 37
6568	3 43 37
6569	6 3
6571	3 70 74 70
6572	74 158
6573	19 69
6574	22 102
6575	13 73 19
6577	23 31
6578	1 14 43
6579	89 1
6581	4 73
6582	70 24
6583	22 17 17 100
6585	0 17
6586	73 17 64
6587	69 68
6588	48 16
6589	3 44
6591	48 11
6592	36 39 73
6593	7 114 68
6594	10 0
6596	137 26
6597	22 118
6599	21 18 21 3 118
6600	23 77
6602	22 4 130
6603	7 27
6604	16 90 21
6605	42 24
6607	37 2
6609	118 113
6610	26 4 91
6612	81 70
6613	73 103
6614	35 23
6615	37 31
6616	4 14
6617	0 127 70
6619	83 69
6620	3 70
6621	1 68
6623	48 53
6624	0 9
6625	2 39
6627	23 27
6629	13 37
6630	1 1
6631	23 1 37 80
6633	17 2
6634	68 49
6635	37 70
6637	31 73 78 143
6638	57 59
6639	50 113
6640	1 1 1 17 21 82 70 3
6641	1 4
6643	106 36
6645	1 75
6646	43 1
6647	9 73
6648	4 17
6649	49 59 13
6651	34 88
6652	59 0 16 37 14
6654	6 59
6655	1 73 68 87
6656	25 26 69
6657	27 84
6658	8 51
6660	9 13
6661	35 7
6662	102 1
6663	70 1
6665	102 19 37
6666	3 52
6668	13 118
6669	69 34
6670	19 18 4 16
6671	52 6 63 35
6672	4 14
6674	50 68
6675	50 61
6676	4 79
6678	17 49
6679	22 49 10
6680	82 6 34
6681	33 16
6682	79 44
6683	1 41 3 37
6684	23 44 10 44 73
6686	102 25
6687	133 18 0 3
6689	3 67
6690	128 19
6691	23 49
6692	53 8 25 1 106 75 68 4 94
6694	9 1 24
6695	1 44
6696	17 11
6697	28 1
6698	1 52
6699	60 110
6701	21 125
6702	4 24
6703	1 37 37 11
6704	7 103
6706	73 72
6707	3 37
6708	4 84
6709	44 50
6711	4 3 37
6713	4 69
6714	4 16
6715	9 49
6717	100 10 5
6718	3 103
6719	13 61 16
6720	18 17
6721	10 77 19
6722	1 20 38 61
6723	34 11
6725	3 94
6726	50 3
6727	6 115 118
6728	34 19
6730	21 1
6731	1 3
6732	18 69
6734	13 55
6735	1 24
6736	1 53
6738	15 69
6739	70 148
6740	0 24
6741	4 44
6743	11 55
6744	4 19
6745	3 98 24
6747	50 61 103
6748	26 12 16 23
6749	4 24
6751	73 24
6752	43 118
6753	16 31 65 19
6755	36 43 43 4
6756	1 48
6757	63 16
6759	3 82
6760	133 4
6762	49 25
6764	21 35 79
6765	18 35
6766	21 10
6767	15 56 44 37 118
6768	18 6
6770	7 95
6771	15 74
6772	13 35
6773	114 17
6774	72 15 84 23
6776	19 73
6778	0 153 13
6779	3 17
6780	26 139
6781	1 18 1 17 153 83 37
6783	1 10 43
6784	21 4
6785	2 17
6786	57 21
6787	43 20 1 78
6788	25 14
6790	114 17
6791	50 10
6792	7 21
6794	6 99 74 69
6795	6 1
6796	1 23
6797	23 24 122 17
6798	65 39 49
6799	9 21
6800	4 0 141 11
6802	16 16
6803	77 37 48
6805	0 21
6806	16 67
6808	0 37
6809	70 79
6811	23 113
6813	2 94 84
6814	18 1
6816	122 30
6817	67 32
6818	8 1
6819	37 138
6821	8 3
6822	6 1
6824	56 44
6825	22 37
6826	2 137
6828	20 4
6829	18 49
6830	24 79 37
6832	2 37
6833	11 69
6834	37 75 10
6836	52 16
6837	1 43
6838	18 134 68
6839	44 43
6841	6 7 73 3
6842	3 37 17
6843	75 70
6844	43 17 113
6846	68 16
6847	4 1
6848	110 14 13
6849	1 59
6850	21 4
6851	4 70
6853	1 70
6854	0 10
6855	56 21
6856	63 15 113
6858	90 16
6859	50 37
6860	110 85 99
6861	1 17
6863	23 25
6864	106 114
6866	7 31
6867	37 113 52
6869	10 17
6870	67 103
6871	48 44
6872	8 10
6873	3 35 4 24 82
6875	47 68
6876	7 37
6878	4 98
6879	116 4
6880	2 65 68
6882	0 73
6883	75 86
6885	100 70
6886	73 124
6888	121 69
6889	4 40
6890	20 112 13
6891	28 17
6892	73 9
6894	10 16
6896	63 36 43
6897	2 115
6898	18 19
6899	16 113
6901	2 21
6902	126 63
6903	4 4
6905	4 27
6906	3 49
6907	36 52 31 160
6908	49 73
6909	0 65
6910	1 82 24 19 11
6911	10 49 24 99 11
6912	4 3 44 88 137
6914	6 73
6915	3 102
6917	4 113 49
6918	4 70
6919	25 2
6921	17 26
6922	0 63
6923	1 103 40 4
6924	4 95
6925	18 8 36 158
6926	24 152 1 90 27
6927	3 37
6929	124 42
6931	56 114
6932	17 73
6933	7 26
6934	2 43 11
6935	21 0
6937	39 12 38
6938	19 40
6940	0 17 16
6941	3 13
6942	132 114
6943	7 10
6944	18 70 97
6946	1 23
6947	50 1 1 68
6948	1 0
6949	56 0
6951	131 70
6952	16 37
6954	13 73 49
6955	8 49
6957	46 135 1
6958	25 3 11
6959	6 0
6961	21 40
6962	72 22 3 35
6964	44 1
6965	3 79
6966	10 70
6967	29 127 3 24
6968	1 16 9 6 98
6970	23 72 93
6971	37 79
6972	37 3 13
6973	6 61
6974	71 102
6975	22 20
6976	114 2 1 7 17
6978	16 49 19
6979	59 16
6980	1 44 17
6982	22 17
6983	0 1
6984	9 1 14
6985	82 20 23 35
6987	43 130
6988	1 50
6989	21 17
6991	1 68
6992	62 1
6994	37 6 4
6995	4 1 74 43
6996	1 153
6997	1 38 37
6998	67 62
7000	18 95 57
7001	37 8 16 9
7002	18 49 65 3 37
7004	19 36
7005	107 37 44
7007	1 70
7008	18 11 26
7009	18 3
7010	0 99
7012	35 122
7014	4 16
7016	50 36 38 96
7017	66 13 4
7018	8 43
7019	106 73
7021	0 37
7022	22 49 1 69
7024	68 69
7026	75 3
7027	18 99
7028	25 3
7030	20 4
7031	6 10
7032	72 17
7034	16 3
7035	74 113
7036	63 59
7038	1 112 67
7039	10 118
7040	0 1 149 75
7041	6 20 4
7043	44 114
7045	114 14
7047	23 3
7048	33 19
7049	18 37 3
7051	6 17
7052	16 70 37 33
7054	21 106 82 68 59
7055	18 23 26
7057	3 4
7058	39 61
7059	58 55
7060	0 6
7062	10 43
7063	118 20 1
7064	1 13
7065	122 44
7067	4 16
7068	4 37
7070	8 24 37
7071	18 23
7072	18 11 5
7074	9 1
7075	18 49
7076	34 1 70
7078	48 0
7079	68 13
7080	40 3
7082	1 23
7083	0 3
7085	0 3 34
7086	0 3
7088	2 120
7089	23 73 73 72
7090	52 0
7092	114 19
7094	1 10
7095	8 59
7096	26 19
7097	9 19 49
7099	69 11
7100	6 1
7101	55 68
7102	64 68
7103	18 40
7104	21 73 32 34
7106	126 17
7107	2 17 33 4
7109	94 1
7110	10 68
7111	4 52
7112	1 57
7114	34 40
7115	3 100
7116	6 17
7117	29 21 35 37 88
7119	68 10
7121	7 137
7122	63 132 79
7123	1 17
7124	43 26
7126	9 87
7128	17 118
7129	39 3 68
7130	63 4
7132	7 25
7134	1 1 54
7135	61 49
7136	23 74
7138	28 114 40 95
7140	4 114
7141	31 22
7142	28 3 113
7143	18 104
7144	1 28
7145	49 4 57 23
7146	39 16 113
7148	4 44
7150	69 4 21
7151	24 49
7152	48 12
7153	1 58
7155	58 16 123
7156	52 74 3 59
7158	37 67
7159	27 26
7161	6 75 113
7163	75 4
7164	21 75 43 70
7165	3 90
7167	136 72
7168	74 5 68
7169	83 71
7170	6 33
7171	3 17
7172	0 36 13
7174	68 14
7175	72 17
7177	4 95
7178	48 11
7179	12 46
7180	155 87
7182	7 19 94
7183	13 94
7184	22 21
7186	17 104
7188	16 44
7189	3 11 26
7190	37 3
7192	2 68 141
7193	1 0 103
7194	1 4 114
7195	18 21 49 10 1 43 17
7197	37 141
7199	1 11
7200	0 15
7201	21 73 13
7203	4 40
7204	23 16
7205	1 73 74
7207	65 43 43
7209	4 23
7210	18 17 135
7211	22 4
7212	135 70 19 82
7213	67 99
7214	50 1
7216	44 15
7217	1 45 73
7219	0 16
7220	16 39
7222	6 75
7223	24 38 21 21 15
7224	8 4
7226	4 25
7227	1 16
7228	16 48
7229	50 19
7230	3 17
7232	6 59 114
7233	10 68
7235	1 157
7236	20 23
7237	117 24
7239	48 123
7240	51 49
7241	74 43
7243	6 35
7245	65 55
7246	59 73
7247	4 78 68
7248	98 82
7249	6 69
7250	8 113
7251	37 2 45
7253	16 59
7254	28 0 49
7256	1 38
7257	17 70
7258	8 17
7260	16 16
7262	102 37 70 118
7263	60 1
7264	1 69
7265	24 3
7266	8 1
7268	1 74 37
7269	6 17
7271	20 73 34 43
7272	24 95
7273	34 147
7274	6 49 15
7276	12 109 4
7277	11 37
7278	21 4 11
7280	18 75
7281	20 37 23 43
7282	18 23
7283	21 137
7284	24 37 82
7286	4 13
7287	37 3 74
7288	15 17
7289	3 59
7291	11 141
7292	74 69
7293	70 3
7294	16 49
7295	8 49
7296	18 63 137 99 49 96 10
7298	37 64
7299	10 151
7300	16 13
7301	65 0
7303	63 70
7304	35 24
7305	73 11
7306	3 25
7307	27 135
7308	47 23
7309	6 79
7310	25 0 4 23 4 1 74
7312	23 70
7313	65 108
7314	88 26 68
7315	8 32 43 151 143
7316	37 24 82 25
7318	21 19
7319	37 23
7320	16 0 68
7322	61 16
7324	64 44
7325	0 63
7326	72 136
7327	8 58
7329	50 82 79 103
7331	3 1 162 59
7333	24 157
7334	1 72
7336	37 70
7337	8 40
7338	95 100
7339	35 3
7341	3 3 100 99
7343	113 150 70
7344	4 11
7346	8 69
7348	17 102 33
7349	113 114
7350	48 37
7351	68 75
7353	25 73 16
7354	0 74
7355	23 114
7357	21 157
7358	24 3 11
7359	106 45 39 3
7360	24 11
7362	43 3 70
7364	40 114
7365	4 63
7366	3 9 46 69
7368	45 5 60
7369	18 56 48 63 90 34
7370	28 9 53 3 73
7371	1 95
7373	2 1
7374	68 68
7375	18 75 57 118
7377	3 49 54
7378	1 70
7380	11 24
7381	63 1
7382	1 13 61
7384	26 34
7385	4 58
7386	0 69
7387	24 37
7389	0 52
7391	24 23
7392	1 61 37
7393	10 153 57 11
7395	0 9 37 37
7397	22 3
7398	1 37
7399	63 43 16
7400	18 3 9 114 21 49 10 73
7402	27 26
7403	49 17
7404	1 49
7405	6 33
7406	7 2
7408	4 118
7409	29 44 34
7410	59 63
7411	29 131
7412	12 118
7413	1 13 4 19
7414	8 23 24 23
7415	39 134 68
7417	21 37 114
7418	15 1
7419	63 78 70
7420	0 71
7422	2 81 16
7423	17 70
7424	3 15 99 52
7425	99 27
7426	65 68 114
7427	7 113
7429	44 44 4
7431	52 16
7433	26 15
7434	73 87
7435	49 64
7436	68 3
7437	25 63 43
7439	17 16
7440	41 52
7441	24 37
7442	3 37
7444	39 102
7446	69 1 82
7447	7 24
7449	11 103
7450	18 16
7452	95 141
7453	18 39 97
7454	9 1 82 43
7455	0 125
7457	6 40
7458	141 70
7460	68 37
7462	52 26
7463	0 102
7464	48 35
7465	19 43 69
7467	114 19
7468	3 69
7470	4 17
7472	21 2 26
7474	17 102
7475	8 27
7476	24 63
7477	19 33
7478	18 24 74 38
7480	4 21
7481	21 3
7482	21 75
7483	22 70 95
7485	3 4 35
7486	61 74
7487	73 79
7488	34 16
7490	1 1
7491	92 65
7493	1 158
7494	3 68 85 23
7495	63 19
7496	115 57
7498	0 21
7499	73 25 59
7500	18 13 43 23
7501	28 21 69 73
7503	28 16 69
7504	21 3
7505	16 21
7507	73 76
7508	3 23
7510	35 1
7511	20 127
7513	0 12
7514	24 37
7516	135 19
7518	4 49
7519	3 5
7521	21 65
7522	3 37 11
7523	9 121 16
7525	9 4
7526	1 17
7527	7 73
7529	7 60
7530	65 20
7532	63 130 71
7534	20 103
7535	6 18 49 36
7536	27 159
7538	1 64 102 64
7539	99 57
7540	15 102
7541	6 0 37 16
7543	3 74
7544	11 25
7545	73 21 77
7547	82 10
7548	8 1
7549	9 1
7550	113 153
7551	6 17
7553	91 51
7554	3 70
7556	6 23 76
7557	4 12
7558	3 1
7560	1 14
7561	8 49 3 49
7562	0 1 13
7563	7 19
7565	8 68
7567	4 113 57 149
7568	0 58
7570	18 2
7571	7 85
7572	16 23
7573	53 3
7575	27 44
7576	136 77
7577	6 4
7578	23 137
7579	18 23 1
7581	94 18 3 24 17 70 48 99 24
7582	7 1 21 73 73 3
7584	1 3 82
7586	1 3 37 118
7587	5 77
7588	10 82
7589	4 17
7591	47 21
7592	10 24
7593	50 68 137 1
7595	19 35 103 82
7596	23 70
7597	117 73
7598	3 25 152
7599	15 70 77
7601	44 3
7602	4 72
7603	3 113
7604	22 32 30
7605	1 24 16 49
7606	3 1 63 3 35 1 79
7608	7 37
7609	37 45
7610	4 70
7611	37 1 43 26
7612	18 16 19
7613	26 3
7614	23 63
7616	129 3 81
7617	29 3
7618	9 13 99
7620	65 37
7621	44 73
7622	6 74
7623	18 1
7624	18 18 9 99 43 16 23 17
7626	2 37 53
7628	23 134
7629	118 7 139 10
7630	18 49
7631	8 4 26 55
7632	18 82
7634	81 75
7636	50 21
7637	10 114
7638	2 22 18 50 39 37 50 17 1
7639	17 1
7640	9 7 82 102
7641	8 16 61
7642	1 13 130
7643	3 18 75 4
7645	24 79
7646	1 65
7647	35 113
7649	145 58 4
7651	4 3
7652	20 19 99
7654	102 114
7655	1 49
7656	8 18
7657	8 71
7658	55 1 27
7659	0 88 65 128
7661	3 3 3 20 37 127 114
7662	106 11
7664	9 23 37
7666	43 4
7667	20 9 10 4
7669	18 48
7670	79 103 74
7671	56 27
7673	0 11
7674	3 10 31
7676	4 25
7677	18 1
7678	37 68
7680	77 16
7681	70 1
7682	7 2 16 69 95
7684	74 0
7685	21 17
7686	24 33
7687	1 73
7689	74 49
7691	17 17
7692	1 1
7694	3 57
7695	11 118
7696	16 3
7697	14 3
7698	21 21
7700	56 78
7701	32 73
7702	15 12
7703	64 69
7705	48 1 45
7706	20 51
7708	24 135
7710	1 23 14
7711	79 2 67 68 4
7712	26 7 135 19 23
7714	124 43
7715	20 50
7716	16 1 6 6 61 160
7717	16 3 88 17 14
7719	11 23
7721	40 128 70
7723	26 58
7724	152 21
7726	52 37
7728	21 68
7729	23 44
7730	9 1 91 70
7731	21 15
7732	24 29 23 16 10
7734	17 38
7736	122 37
7737	14 9
7738	81 13
7740	17 68
7741	75 50 70
7742	0 37
7743	100 78 17 161
7744	38 21 11 19
7746	1 11
7747	2 98 84
7748	24 68 1
7749	8 19
7750	0 0
7751	37 90 61
7752	24 17 0 1
7753	21 2
7754	44 1 16
7756	0 1
7757	114 11
7758	0 33 52
7760	6 3
7761	21 17
7762	4 55
7763	20 71
7764	9 69
7765	49 1
7767	37 39
7769	4 17
7770	1 17 13
7771	2 22 19 1
7773	6 17
7774	69 17
7776	43 43
7777	24 13
7779	22 4
7780	18 87
7781	15 61 95
7782	6 6
7784	3 99
7785	40 4
7786	43 70
7787	1 69
7788	17 68 45
7789	73 0
7790	1 82
7791	24 21
7793	19 17
7794	50 73
7796	70 17
7797	59 16
7798	1 19 37
7799	37 73
7800	36 82
7801	68 114
7802	18 56
7803	8 49
7805	7 43 98
7806	65 161
7807	21 60 75
7808	4 37
7809	16 14 44
7811	27 17 72
7812	21 121
7814	25 19
7815	6 34
7817	56 10 90
7818	114 34
7819	22 37
7820	6 15 59
7822	63 44 13
7823	69 23
7824	24 21
7825	7 114 79
7827	56 68
7828	11 13
7829	90 43
7830	9 103
7831	9 19
7833	7 44
7834	3 82
7835	70 70
7837	27 3
7839	21 55
7840	74 49 37 4
7841	50 4
7842	6 1
7843	16 17 112 11
7845	10 73
7846	28 23
7847	2 70 55 81
7849	4 1
7850	114 4
7851	16 24
7852	43 17
7853	6 114
7854	56 13
7856	1 68 49 49
7857	3 26 19
7858	18 14
7859	0 24
7861	21 36 133
7863	6 16
7864	72 63
7865	37 39
7866	13 2 4 3 74
7867	43 1
7869	1 72
7870	122 68
7871	1 68
7873	95 84
7874	37 69
7875	59 3
7876	26 68
7878	59 3
7879	74 34
7880	107 16
7881	34 70
7882	113 82
7883	1 94
7885	35 74 44
7886	28 37 61
7887	28 99 74
7888	5 27 77
7890	25 68
7891	103 113 11
7892	22 19 27
7894	3 79
7895	106 6
7897	79 19
7898	0 33
7899	56 1 1 17
7900	18 9
7901	9 14 43 60
7903	7 1 43
7904	7 16
7905	2 73
7906	16 82
7907	18 39
7908	17 25 10 23
7909	56 17
7910	84 3
7911	106 3
7913	26 72 43
7914	3 16 82
7915	21 23
7916	3 95
7917	37 4
7918	48 18 82 16
7919	26 9
7920	6 108 2 50
7922	16 118 4
7923	11 37
7924	12 49
7926	6 1 4
7927	2 43
7929	18 1
7930	20 21 49
7931	22 1 157
7932	22 82
7934	18 10 14 37 73
7935	59 56 4 17 35 73
7936	50 43 16
7938	120 26
7939	26 50
7941	57 17
7942	24 16
7944	118 17
7946	23 49
7947	9 17 114
7948	118 37
7950	73 17
7951	15 69
7952	0 30
7954	0 3
7955	70 158
7956	18 14
7958	37 33
7959	21 34
7960	118 118 73 37
7961	3 4
7962	7 63
7963	1 43
7964	48 26
7965	43 88
7967	3 26
7968	6 44 69
7969	58 4 21 113
7971	6 116
7972	3 27
7973	5 37
7974	9 82
7975	37 103
7976	2 74 143
7978	79 131
7979	79 10
7980	1 45
7981	9 70
7982	6 10
7984	74 3 113
7985	19 145 37
7986	9 149
7987	22 4
7988	21 1
7989	114 79 58
7991	0 1
7992	10 4
7993	37 3 37
7994	3 4
7996	64 4 63
7998	3 23 70
7999	0 2 4
8000	22 81 69
8002	0 1
8003	6 64
8004	7 6
8006	21 3
8008	6 80
8010	28 63 69
8011	70 13
8012	18 17
8014	73 23 113
8015	19 23
8016	1 132
8018	56 69
8019	4 68
8021	4 1 102 40
8022	22 74
8023	65 73
8024	43 27
8025	73 19
8026	24 153 43 23 77 17
8028	16 3
8029	4 70
8030	113 21 75
8031	6 39
8033	56 6
8034	73 37
8035	18 74
8037	18 1
8038	55 80
8040	69 40
8041	49 37 74
8042	20 69
8044	2 113 70
8045	3 1
8047	31 70
8048	13 17
8049	99 17
8050	37 2
8052	1 26 110
8053	18 1
8054	65 90
8056	37 16
8057	17 79
8059	6 26
8060	2 82 4
8061	50 70
8062	56 118 17 113
8063	22 22
8065	2 1
8066	4 0
8067	3 18 1 15 12
8068	8 17 3 36 136
8070	3 1 87
8071	16 14
8072	135 3
8073	2 114 103
8074	1 63
8076	13 73 4
8077	37 52
8079	15 19
8080	19 0 34
8081	3 26
8082	37 33 162
8084	3 2 63 36
8086	82 48
8087	7 130 21 9 114 136 39 19
8089	3 52 13
8090	16 49
8091	1 43
8093	73 21
8094	16 15
8096	4 4
8097	3 40
8098	18 59
8099	8 44
8100	56 3 107
8102	1 23
8103	16 43
8104	21 6
8105	22 31
8106	49 1
8108	2 37
8110	10 64
8111	4 17
8112	8 3
8113	49 34 16
8115	18 4
8116	6 68
8117	17 1 65 34
8118	3 4
8119	1 33 1 69
8120	28 34
8121	1 34
8122	0 107
8123	18 3 69 44 23 43
8124	49 0 68 77
8126	23 49
8127	2 48 107
8128	2 15
8129	68 79 36
8130	25 100
8132	7 80
8133	43 49
8134	10 40 1 44
8135	37 158 120
8137	22 19
8138	37 39
8140	12 102
8141	21 141
8142	1 25
8143	75 68
8144	1 1
8145	21 65
8147	43 43
8148	22 14 118
8149	72 27 64 17
8151	27 118
8152	0 44
8153	58 72
8154	28 4
8156	11 100
8157	1 117
8159	6 21
8160	141 5 1 129
8161	76 11
8162	19 1
8163	4 131
8164	17 21 137
8166	23 44 49
8167	15 131
8168	20 0 48 17 37
8170	35 65 74
8172	1 103
8173	1 17
8174	1 35 4
8176	0 74
8177	0 24 23
8178	106 11
8179	61 37
8180	153 37
8182	24 17
8183	22 4
8185	37 1
8187	18 69 69
8188	6 82
8190	6 25
8191	10 25
8192	17 72
8193	20 3
8195	45 157
8196	59 43
8197	1 16
8198	44 37 34 52 96
8199	1 0
8201	17 43
8202	28 0
8204	37 65 3
8205	23 25
8206	8 43
8207	25 37 157
8209	0 17
8210	59 46 94
8211	0 72
8212	25 44
8214	3 73
8215	99 37 31
8216	22 2
8217	18 38
8219	21 68
8220	118 98
8221	37 124
8222	70 44
8223	85 116
8225	17 42
8226	16 49 100
8227	2 0 32 120 13 113 137 141
8229	118 11
8230	11 1
8231	21 43
8232	21 21 21 23
8234	56 4
8235	3 60
8236	24 43
8237	23 63
8239	22 95
8240	6 84 58
8242	0 4
8244	26 37
8246	73 95
8247	37 117 58
8249	0 73 98
8250	10 15 24 63 19 77 118
8251	49 17
8253	4 16
8254	18 0
8255	8 44 78
8257	3 4
8259	37 49
8260	22 1
8262	23 135 114
8264	70 1
8265	0 114
8267	24 79
8268	2 3
8269	37 3
8270	22 47 6 27
8272	37 16 87
8273	79 13
8274	11 11
8275	127 4 38
8276	37 112
8277	37 3
8278	44 49 20 120
8279	7 25
8281	4 75
8282	1 64
8283	3 35
8285	67 22 60
8286	21 37
8287	20 59
8288	49 106 16 23
8290	55 57
8291	49 73
8292	0 37
8293	3 17 73 113
8294	18 74
8295	7 3 1 37
8297	28 17
8298	134 13
8299	41 11
8301	112 103 141
8302	24 17
8303	49 70 37
8304	9 1 37
8306	0 9 18 126 3 73 3 15
8307	4 26
8308	82 3 73 63 69
8310	3 130
8311	0 16 102
8313	50 37
8314	48 31
8315	23 4
8316	1 73
8317	25 3
8318	1 57
8320	13 114
8321	6 0
8322	1 147
8323	22 118
8325	19 76
8326	50 36 114
8327	47 4
8329	3 17
8330	3 4 120
8331	14 130
8333	14 24 82 43
8335	6 17
8336	24 24
8338	28 1 19
8339	9 21 1 4
8341	63 19
8342	8 8 2 17
8344	1 5
8345	100 21
8346	4 1
8348	7 55 2
8349	20 48 69
8350	37 13
8351	3 20 6 76 26 26 128 43
8353	5 74 26
8354	4 21
8355	17 17
8356	22 11
8357	37 21 1 23
8358	113 50
8359	26 21
8361	158 26
8362	21 23 3 4
8363	2 64
8364	11 74
8365	1 17
8366	63 21 4 4 88 27 34
8368	22 1
8369	20 88
8370	63 40
8371	60 9
8372	3 33
8373	0 3
8374	121 82 3
8375	37 70
8376	9 21
8378	50 48
8380	37 21
8382	1 37
8383	37 70 113
8384	7 4
8385	7 10 13 35 113 69
8386	37 3
8387	71 17 4 1
8389	1 4
8390	23 3
8391	18 122
8392	2 19
8394	1 73
8396	1 3
8397	21 4 70
8398	8 19
8400	49 102
8401	0 63
8402	68 1
8403	22 37 3 57
8404	4 21 68 57
8406	24 17 82
8407	22 75
8408	59 165
8410	23 17 16 37
8412	55 78
8413	0 49
8414	25 85
8415	157 16
8416	44 17
8418	37 135
8419	3 70
8420	24 10
8422	76 114
8423	56 65 1 1
8425	2 35
8426	68 43
8427	1 2 0 37
8429	45 37
8430	13 34 26
8432	19 73
8433	82 88
8434	21 65
8435	18 50
8437	1 23
8439	49 37
8440	19 27
8441	3 69 37 79
8442	63 4
8443	22 102
8444	24 68
8446	3 48
8447	115 36
8448	19 37
8450	6 82
8451	20 76
8452	21 70
8453	100 84
8454	50 69
8455	6 1 78
8457	18 17 139
8459	1 16
8460	123 3 55
8461	37 37
8463	73 24
8465	3 1
8466	69 18 125 10 73
8468	17 32
8469	8 3 34
8471	18 30
8472	9 1 125
8473	1 21 18 74 13
8475	39 17 95
8476	11 7
8478	76 26
8480	8 12
8481	37 70
8483	7 37
8484	7 0
8486	17 113
8487	18 32
8489	17 3
8490	57 13 141
8491	18 69
8492	131 4
8494	1 94
8495	12 17
8496	1 37 128
8498	124 17 3
8499	135 72
8500	1 27 5
8501	100 26
8502	11 43
8503	0 4
8505	0 3 95
8507	96 36
8509	113 23
8510	21 3 50
8511	36 91 13 54
8513	16 86
8514	2 3
8516	3 68
8517	58 34
8518	69 69 82 11
8519	13 4
8520	0 127
8521	52 17 4 27
8522	17 0
8523	8 44 7 73
8524	0 21 64 17 4
8526	18 37
8527	15 43
8529	1 31
8530	135 50
8532	92 91
8533	4 37
8535	23 73 61
8536	21 3
8537	39 26
8538	13 21
8539	50 65
8541	17 24
8542	20 3 117
8544	1 21 38
8545	20 12 77
8546	1 126 14 17
8547	61 3
8549	1 10
8550	0 17
8551	40 11 35 103
8552	18 50
8554	1 69
8555	24 36
8556	130 18 105 13
8558	28 35
8559	7 114
8560	0 42 103
8562	4 68
8563	3 4 37 103
8564	103 43
8566	37 59
8567	24 1
8568	95 113
8570	50 135
8571	21 69
8573	49 82
8574	37 37
8576	37 43
8577	1 70
8579	21 51
8580	24 1
8581	49 17
8582	37 37 24
8583	8 18
8584	88 17 74
8586	18 2
8587	22 3
8588	3 16 77
8590	1 40 23
8591	3 90 99
8592	16 70 19
8593	37 113
8594	159 97
8595	63 10 37
8596	4 37
8597	9 149 1 43 127 17 112 53
8599	82 68
8600	7 19
8601	1 68
8602	79 3 70
8603	21 102
8604	21 27 90
8606	37 99 4 33
8607	24 17
8608	25 39
8610	1 70
8611	27 21 74 4
8613	4 139 69
8614	56 1
8615	68 25
8617	49 58
8618	1 82
8620	118 57
8621	35 1
8622	4 24
8623	1 99 17
8624	24 1 65 26
8626	4 141
8627	17 1 143
8629	50 17 70
8630	37 37
8632	3 103
8634	72 37
8636	20 4
8637	73 49
8639	82 4
8640	94 79
8641	10 75
8642	18 26 17 55
8644	2 37
8645	7 4
8646	63 57 14
8647	49 11 1 49
8648	28 6
8650	23 19
8651	25 11 4
8652	70 18
8654	57 3
8655	51 99 26
8656	23 32
8657	112 10
8659	58 73
8660	63 59
8661	1 70
8662	28 21 43 3
8664	48 1
8666	102 4
8667	32 117
8668	7 3 16
8669	39 16
8670	37 19
8672	28 113 158
8673	1 15 68
8674	57 70 37
8676	59 23
8677	1 17
8678	82 51 93
8679	19 1 74 35
8681	0 88
8683	8 57 37
8685	22 68
8687	17 3
8689	21 55 62
8690	2 91
8691	1 37
8693	11 100 97 118
8694	22 0
8695	6 1
8696	49 17
8697	1 106
8698	7 114 6 114
8700	20 45
8701	37 3
8702	2 141
8704	56 69
8705	22 24 1 4
8707	19 38
8709	13 57
8710	123 110
8711	22 16
8713	25 95
8714	15 70
8715	1 4
8716	27 79
8718	4 17
8719	24 16
8720	0 84
8721	18 69
8723	37 1
8724	7 113
8725	69 35
8727	26 4
8728	37 23
8729	7 57 3
8730	1 23 69 23
8732	3 37 61
8733	3 74
8734	50 19
8735	43 103
8736	36 21
8738	4 60 44 3
8739	0 1
8741	6 77
8743	6 49
8745	18 34 17
8746	8 4
8748	21 17 42
8749	37 17
8750	13 63 75
8751	65 16
8752	18 17 77
8754	42 83
8755	25 48
8756	6 23 3 23
8757	18 79
8758	17 95
8760	22 19
8762	37 74
8763	3 10
8764	63 11
8765	7 24
8766	56 1 40 10
8768	48 118 95
8769	49 43 61 122
8771	59 162
8772	3 58 13
8773	6 51 4 37 1 11 73 17
8774	73 37
8776	70 10
8778	4 20 137
8779	37 15 73
8781	55 49
8782	151 37
8783	59 77
8784	15 95
8785	22 25
8786	0 23
8787	47 157
8788	38 3 72 48 4 14
8790	2 37
8791	21 4 79
8792	4 36
8793	10 38
8794	24 77
8795	43 3
8797	7 36 72
8798	13 3
8799	18 160
8800	17 52 14
8802	56 15
8803	23 37
8804	24 21 1 1 43
8805	16 3
8806	9 103
8808	99 151
8810	18 118
8811	4 59
8812	55 14
8814	14 4
8815	21 17 113
8816	8 10 43
8817	74 7 63 143
8819	21 95 37
8820	3 74
8821	37 35 62 52
8823	22 24
8824	16 19
8826	16 82
8828	73 16 161
8829	22 6
8831	37 3 59
8832	2 57
8833	22 128
8834	100 16 4
8835	4 65
8837	130 15
8839	17 37 94
8840	3 3
8841	36 17 27
8842	22 33
8843	21 45 2 31
8845	10 95
8847	103 17 49 23
8848	64 0 4
8850	37 27
8851	81 16
8853	50 35
8854	34 11
8855	4 141
8856	67 37
8858	63 81
8859	21 74
8860	132 4 17 57 73
8862	11 45
8863	21 37
8864	3 77
8866	44 75 94
8867	70 11
8869	13 17
8870	57 43
8871	16 15
8872	1 7 21 43
8874	43 103
8875	1 70
8876	143 17 35
8877	37 25
8879	8 26
8880	1 98
8881	16 70 16
8882	1 32
8883	5 0 2 1 102
8884	53 65 26 64
8886	17 70
8887	23 39
8889	37 4
8891	59 1
8892	12 17
8893	94 73
8894	22 49 33
8896	49 82
8897	73 64
8899	13 103
8900	95 82
8901	19 4 6 94 13
8903	19 4 37 1
8904	18 3 11
8905	14 3
8907	4 58
8908	16 129
8910	2 99 17
8911	22 53 49 3 64
8913	43 4
8914	82 26
8915	130 37
8916	33 157 16
8917	44 3 70
8918	24 45
8919	35 128 73
8920	44 50
8922	16 77 63
8923	24 19
8925	45 70
8927	1 59
8928	101 3
8929	67 55 3 19 100 69 75
8931	18 75
8932	49 22
8934	16 59 49
8935	65 44
8936	26 84
8938	21 114
8940	39 73
8941	37 19
8942	18 6 31 74 146
8944	70 59
8945	12 23
8946	1 88
8947	17 4
8948	3 26
8949	67 65
8951	3 50
8952	1 69
8953	1 130
8955	24 3 114 72
8956	8 58
8957	48 16
8958	22 68
8959	8 18
8961	16 59
8962	73 1 59 113
8963	60 49 3
8965	3 16
8967	15 49 158 98
8968	9 74
8969	0 24
8970	39 74
8972	4 1
8974	48 68
8976	0 5
8977	65 21 85 59
8979	2 49
8980	69 3
8982	8 50
8983	81 23 31
8984	34 114 37 152
8986	21 23
8987	16 68
8988	16 11
8989	73 13
8991	21 3 1 35
8992	8 21
8994	6 37
8995	23 43
8997	22 2
8998	21 27
8999	58 17
9001	48 52
9002	56 17
9003	4 37 31
9005	3 44
9006	19 15
9008	11 21
9009	70 44 58
9010	3 37 58 26 73 43
9011	8 141 4
9012	103 42
9014	3 5 91
9015	0 135
9016	21 33 83 12 19 4 4 115
9018	100 19
9019	56 48
9021	28 35
9022	25 73
9024	9 10 4 70 37
9025	3 16
9026	26 130
9027	20 45
9028	0 158
9030	9 63
9031	20 70
9032	37 98
9033	15 61
9034	59 74 23 49
9035	7 74
9037	6 4
9038	9 55 69
9039	18 114
9040	60 80
9041	22 50
9043	64 43 83
9044	1 37
9045	74 62
9046	82 19
9048	6 22 2 17 19 136
9049	3 4
9051	4 110
9052	6 21
9053	100 11
9054	7 42 15 27 23
9056	18 68
9057	0 44
9058	9 2
9060	24 144 19 158
9062	18 48
9063	37 0
9065	37 82 74
9066	69 37 100
9067	21 1 107
9069	7 159
9070	18 37
9071	1 82
9073	21 37
9074	48 23
9075	23 2
9076	16 22 79
9077	3 56 79
9078	25 0
9080	37 37
9081	102 17
9082	0 1
9084	56 82
9085	24 4
9086	6 23
9088	63 37
9090	8 3
9091	24 3
9092	3 21 23 69
9094	100 17
9095	151 69 95
9096	37 3
9097	21 1
9099	9 117 95
9101	18 23
9102	4 122
9103	3 50
9104	6 10
9106	23 1
9107	82 40
9108	0 0 1
9110	0 22 1 71
9111	22 21 21 44 98 59 11 149
9112	3 50
9114	37 82 13 34
9116	81 4
9117	2 4 11 45
9118	6 3 50 49
9119	4 16
9120	25 78
9121	37 149
9122	26 37
9123	70 59 59
9125	23 70
9126	18 48
9127	2 16
9129	71 19
9131	53 70 118
9132	100 17 113
9133	11 50
9134	0 73
9135	9 74 137
9136	15 55
9137	26 25 61
9138	18 3
9140	3 4 4 1 43
9142	6 70
9143	7 23 64
9144	23 6
9145	37 7
9146	2 6
9148	10 76
9149	73 17
9150	23 91 79
9152	9 3
9153	1 1
9154	3 19
9155	20 17 30 35 122 37 55 10
9157	157 70
9158	21 107
9160	8 95 4
9161	56 91
9162	23 60
9164	6 1 13
9165	6 20 3 52
9167	0 70
9168	1 1
9170	4 44
9171	11 118
9172	3 3 37 76
9173	43 130
9174	43 25
9175	0 135
9177	1 100
9178	3 17
9179	49 19 1 27
9181	35 4 117
9182	57 23
9183	56 45
9184	82 11
9185	16 38 68 17
9187	0 16 118
9188	24 4
9189	4 23
9190	36 2
9191	29 118
9193	3 16
9194	21 13
9195	33 77
9196	48 55 32
9198	17 3
9199	37 7 49 37
9200	6 22 21 135 44 4 64 17
9202	21 72 37
9203	19 68
9205	6 75
9206	74 9
9207	18 136
9208	25 58 135
9209	2 18 2 70
9211	43 35
9212	2 61
9213	63 4
9214	7 70 61
9215	0 82
9216	14 64
9217	24 4
9218	59 79
9219	18 36
9221	22 113
9222	4 27
9224	1 73
9225	85 64
9226	20 17
9227	24 6
9229	4 141
9230	4 16
9231	1 65
9232	73 74
9233	4 68
9235	44 52
9236	8 49 68
9238	1 90 46
9239	17 69 118 26
9240	0 92
9241	27 0 17 52
9243	24 48
9244	0 103
9245	38 43
9246	21 14
9247	4 1
9248	11 21
9249	28 21
9251	24 24
9252	37 90
9253	7 64
9255	21 50
9256	141 1 37
9258	11 98
9259	23 95
9260	68 64
9261	24 1 22 72
9262	1 21
9263	7 64
9264	62 58 17
9266	0 4 80
9267	27 71 64
9268	69 118
9270	3 37 19 1 17 84 19 23
9271	22 82
9272	19 63 7 31 19 4 61
9273	2 3 1 73
9275	107 10
9276	2 21
9277	26 113
9279	3 131
9280	25 1
9281	24 1 37
9282	31 44
9283	58 24
9284	18 34
9285	17 113
9287	52 3
9288	56 0
9289	19 23
9290	37 37 24 90 0 1 16 14 68
9292	49 73
9294	26 37
9295	3 11
9296	63 70
9297	1 59
9299	24 2
9300	35 2 76 40
9301	2 21 35 20 34 37 88
9302	21 21 55 73 143 37
9304	134 145
9305	64 59 19 37
9306	55 127
9307	26 63
9308	37 3 82
9310	67 21
9311	0 43 52 69
9312	21 63
9313	3 23
9314	3 31
9315	21 35
9317	21 23
9318	6 43 64
9319	21 109 114
9320	141 135 70
9321	90 6
9322	50 44
9324	7 16
9325	114 16
9326	7 6 0 26 11 52
9328	8 1
9329	37 43
9330	1 49
9331	20 6
9332	113 99
9333	52 78
9334	8 16
9336	3 15
9338	65 114 49
9340	37 35
9342	75 84
9343	65 19 98 24
9344	21 23
9345	2 21
9347	50 4
9348	118 73 49
9350	44 19
9351	88 117
9352	10 69
9353	58 68
9354	17 68
9355	14 19
9356	1 58
9358	47 3
9359	1 1 1 68
9360	64 88
9361	18 23 11 50
9362	28 19
9364	20 6 1 14
9365	18 20 3
9367	75 162
9368	1 43
9369	3 24 70
9371	15 3
9372	17 4
9373	37 17
9375	0 60
9377	23 19 138
9378	19 68
9379	16 3
9380	1 13
9381	4 4
9382	43 79 23
9384	6 73
9385	35 69 102
9386	95 50
9387	25 1
9389	0 37
9391	68 78
9392	1 17
9393	18 3
9394	7 26
9396	70 50 40
9397	24 118 76 64
9399	37 62 79
9400	18 4
9402	11 3
9403	23 16
9404	5 23
9405	17 21
9406	44 53 129
9407	2 22
9409	113 4
9410	70 52
9412	64 23 113
9413	36 1
9414	55 88
9415	25 10
9417	1 98
9418	56 2
9420	20 3
9421	6 40
9422	7 17
9424	1 4
9425	37 48 11
9426	7 23 52
9427	2 4 1
9429	1 72 121
9430	26 16
9431	59 59
9432	74 101
9433	6 17
9434	18 102 26
9436	114 17
9437	17 81
9439	67 49
9440	62 37
9441	17 0
9442	55 11
9443	82 73 90 23
9445	71 59
9446	79 16
9448	9 61
9450	1 7
9452	4 40
9453	6 19 23
9454	0 11
9455	24 1
9456	1 4 103 70
9458	90 157
9459	87 43
9460	50 1
9461	1 58
9463	24 44
9464	16 73 25 1
9465	10 25 133
9467	49 49
9468	0 90
9470	4 23 10 40 3 1 13 58 10
9471	0 49 3 56 130
9473	0 17
9474	3 70
9475	50 128
9476	3 73
9477	23 1
9478	1 4 124
9480	17 49
9481	1 124 1
9482	24 3 79
9483	25 34
9484	43 3 17
9485	35 76
9486	19 0 4
9488	1 10 37 11
9489	79 17
9491	21 24
9492	128 0 12 48 133
9494	64 35
9495	10 118
9496	117 17
9497	4 24 0 99 69
9499	2 114
9500	26 3
9502	82 164
9503	96 79
9504	7 56
9506	65 74 44
9507	22 69
9508	44 19
9509	15 73
9511	17 19
9512	8 16 127
9513	56 56 1 84
9515	100 17
9516	6 28 31 4 52
9517	1 127 37 19
9519	4 3 99
9520	1 23 113
9521	37 13
9522	88 140
9524	21 60
9525	97 38
9526	6 7
9527	25 1
9528	127 61
9529	24 49 13
9531	57 157
9532	8 19
9533	6 57
9535	28 55
9536	10 136 43
9537	0 79
9538	107 18 1 37 24 95
9540	21 73
9541	43 64
9542	49 57
9544	19 74
9545	43 39 65 26
9547	13 44 70
9548	3 95
9550	2 149 113
9552	48 37
9553	49 43
9554	50 56
9556	8 16
9557	99 88
9559	7 153 10
9560	37 37
9561	3 72
9563	76 44
9564	23 3
9565	4 95
9566	26 77
9567	9 0 6 17
9569	52 4
9571	17 35
9572	36 13
9573	16 10
9575	63 68
9576	24 69 82
9577	2 75 11
9578	0 68
9579	22 55
9581	10 67
9582	15 37
9583	67 16
9584	117 1 34
9586	5 36
9587	34 11
9588	56 43
9590	72 70
9592	7 10 17
9593	7 118
9594	18 4
9595	93 3
9597	1 10
9599	37 4
9600	35 34
9601	18 1 0 97 17 4 62
9602	0 4
9603	63 135 90
9604	82 77
9606	11 1
9607	4 1
9608	0 50 68
9609	25 113 133
9610	21 1 1 43 16
9612	3 57
9613	21 81
9614	3 80 34
9615	6 73
9616	21 136
9617	18 1
9619	73 127
9620	56 3
9621	94 82
9622	20 37
9623	44 67
9624	56 67
9626	28 35
9628	4 43
9629	1 20 48 16
9631	27 37
9632	3 70
9633	60 34
9634	18 66 24
9636	28 19
9637	6 2 145 130 141 58 51
9638	1 3
9640	3 69
9641	71 11
9642	94 23
9643	3 4
9644	18 0 44
9646	114 1 134
9647	14 49
9648	0 6
9649	18 70 70
9650	9 3
9652	1 6 10 129
9653	8 43
9655	57 21 95
9656	24 59
9657	18 49
9658	3 24 70
9660	151 76
9661	13 16
9662	28 17
9663	6 4
9664	0 3
9665	8 26
9666	24 2 124 17
9667	22 1 3
9668	1 39
9670	52 27
9672	68 24 16 114
9673	3 44
9674	50 59 114
9675	18 49
9676	49 3
9677	3 107
9679	74 4 30
9680	4 26
9681	92 1
9682	58 37
9684	22 1
9685	18 44
9687	3 73
9689	82 54
9690	56 6
9691	29 33
9692	3 48 69
9694	15 61
9695	73 3 70
9696	8 57
9697	2 56 74 16
9698	24 3
9700	18 17
9701	1 56
9702	57 26
9704	10 10 69
9706	3 63 44
9707	82 107
9708	1 19
9710	0 37
9711	2 21
9712	22 3 17
9713	8 21 34 1
9714	94 16
9716	18 4 37
9717	3 73
9718	75 69
9719	87 88
9720	114 52
9721	18 1 105 154 3 114 70 96
9723	14 4
9724	37 11
9725	18 35
9726	56 60
9728	3 17
9730	153 73
9732	33 141
9733	69 70
9734	3 17 3 33
9735	24 19
9736	82 33
9738	21 70
9739	0 16 23 33
9740	1 19 21 130
9742	3 35
9743	3 14
9744	113 112
9745	6 0
9747	9 95
9748	34 1
9749	1 88 46
9751	39 4
9752	37 79
9754	23 49
9755	19 72
9756	19 11
9757	62 64 27
9759	19 33
9761	44 50
9762	0 37
9763	34 113
9764	103 43
9766	37 25
9767	73 37
9768	8 1
9770	28 6 84
9771	3 3
9772	22 16
9773	37 3
9774	25 21
9775	3 16 73
9777	2 133
9778	69 16
9779	37 153
9780	37 88
9782	7 19
9784	21 58
9785	3 1
9786	37 62
9788	35 10 1 110
9789	44 59 149 117 17 83
9790	39 3
9791	31 59
9792	6 13
9793	17 4
9794	8 38 13
9796	59 71
9798	21 74
9799	72 64
9801	37 13
9802	37 70
9803	37 72
9804	4 49 26 23 19 19 113 113
9806	125 128 16
9808	7 45
9809	1 39 49 90
9810	3 4
9811	47 43
9812	7 13 23
9813	0 39 117 17 31 19
9815	37 19 4 75
9816	4 16
9818	18 6 1 15 79 50 52
9819	8 21 17 1
9821	22 39
9823	120 157
9824	0 73 95
9825	21 17
9827	2 55 1
9828	4 68 26
9830	21 127
9831	82 16
9833	0 118 113
9834	22 3
9836	73 49 11 69
9837	21 37
9838	34 131
9839	136 23
9841	49 55 137
9842	17 67
9844	13 17
9845	9 64 34
9846	6 4
9848	4 50 26
9849	43 73
9850	2 29
9852	1 59
9854	56 37 59
9855	2 57
9856	7 17
9857	4 37
9858	4 2
9859	8 37 13
9860	24 39 49 17
9862	49 74
9864	18 103 23
9865	88 19
9866	20 1 81 56 3 4 39 72
9867	27 17
9868	21 15 70 59
9870	32 74
9872	3 69
9873	38 4
9874	118 1 2 22 90
9876	0 57 43
9878	7 15
9880	24 129
9881	7 94 1
9883	10 4
9884	28 52 127
9885	23 83
9886	56 44
9887	1 82
9888	18 37 40
9889	106 68
9891	7 73
9893	6 70
9894	22 24
9895	1 1
9897	4 2
9898	13 23
9899	64 4 26 17
9901	23 144
9902	1 10
9903	2 6 3 55 74
9905	55 16
9906	3 48
9907	1 4
9909	4 74 130
9910	1 21 95
9911	22 69 34
9912	99 59
9913	134 49
9914	1 82
9915	0 94
9917	23 113
9918	74 24 19 37
9920	37 95
9922	24 17 59
9923	1 16
9924	1 114
9925	88 3 1
9927	11 58
9928	37 133 1
9929	64 37
9931	2 49
9932	6 11
9933	2 5
9934	2 1 4
9935	1 110
9937	69 40 137 70
9938	117 16
9939	22 55 69
9941	13 76 68
9942	39 13
9943	15 4
9945	1 1
9946	135 1 72 65
9948	34 63 69
9949	1 21
9951	16 68
9952	3 59
9953	8 15
9955	70 74
9956	17 17 59
9957	48 3 21
9959	23 60
9960	15 128
9961	22 1 46
9962	1 56
9964	73 3 154
9966	128 81
9967	6 0 100
9968	23 4
9969	29 68
9971	44 14
9972	17 43
9974	4 79
9975	3 8 4 3 70
9976	6 5 43
9977	65 19 68
9978	39 39
9980	20 15
9981	70 11
9982	44 37 4
9984	65 73 135
9985	73 123
9986	69 74
9988	0 1
9989	3 69 70 40
9990	6 70
9991	37 1 94 24 163 13
9992	140 72
9994	70 43 44 58
9995	16 139
9996	14 64 21 57
9997	22 35
9999	43 4 43
10000	1 3
10001	113 11
10002	21 10
10003	28 13
10005	0 37
10006	0 0 50 120
10008	1 52
10009	1 1
10010	37 2 26
10012	4 3
10013	1 4 36 48 37
10014	8 55
10015	22 6 117 82 73
10017	158 73
10018	1 0 4 85
10020	118 107
10021	18 23
10022	23 4
10024	88 8 57 6 2 153 3 17 4
10026	25 49
10027	24 25 10 77
10028	17 26 64 137
10029	8 16 70 47 17 43 0 62 51
10031	7 79
10032	90 27
10033	6 49
10034	20 26
10036	21 73
10037	25 49 7 1
10039	1 50 76
10040	4 4
10041	35 6
10042	9 3
10044	74 23
10045	50 69
10046	6 4
10048	6 130 74
10050	18 70
10051	3 50
10052	1 19
10054	17 70
10055	21 1
10056	70 1 68
10057	8 1
10059	16 21
10060	25 8 7 19
10062	3 1 37
10063	76 81
10064	3 0 82 52 5 70
10065	70 118
10067	18 37 44 87
10068	1 68 17
10069	4 13
10071	37 64
10072	3 74 1
10073	21 122
10074	13 55 43
10076	11 36
10077	35 17 4
10078	63 26 17
10080	32 23
10081	22 36
10083	1 59
10084	17 2
10086	22 103
10087	23 144
10088	25 22 114 36 17 78 11 118
10089	8 22 23 98
10091	1 65
10092	1 17
10094	103 68
10096	6 4
10097	136 24
10099	0 21
10100	47 25
10101	6 1
10103	3 68
10105	1 1 16
10106	3 4
10108	22 99 100
10109	12 120
10110	18 153
10112	2 35
10113	0 37
10114	11 17 4 74
10116	137 37
10117	37 16 95
10118	8 52 19 36 4
10119	20 1
10120	24 21 162 40
10122	53 4
10123	1 17 23
10124	17 24
10125	37 48
10126	56 10 54 27
10128	6 48 45
10129	10 69
10131	78 48
10132	52 19
10133	6 114
10134	0 49
10136	18 19
10137	10 102
10139	2 125
10140	120 55
10141	44 18
10143	26 63
10145	2 122 1
10147	4 103 48
10148	6 26
10149	1 113 23 118
10150	6 37
10152	50 3 73
10153	73 82
10154	4 52
10155	14 114
10156	25 57
10158	70 3 43 68
10160	22 23
10161	50 75
10162	9 65
10164	0 98
10165	3 19
10166	130 37 3
10168	57 11
10169	28 1
10170	10 70 43
10171	2 25 55 3
10172	92 21 55 23
10173	25 72 103
10175	82 10
10177	79 4
10179	49 1
10180	4 141 69
10181	25 81
10183	102 62
10184	16 21
10185	3 1 64
10187	124 70
10188	37 22
10189	4 16 82 19
10190	3 49
10191	73 3
10192	1 2
10193	16 25
10194	1 17 5 23 157 162
10195	62 13 37
10196	8 18 12 17 49 70
10198	1 17 74
10199	93 114 43
10200	3 4
10202	31 79
10203	4 4
10205	22 113
10206	9 73
10207	21 23 137
10208	15 28 1 9 68 70 99 70 82
10210	37 70
10212	26 37 67 68
10213	18 10
10214	1 19 68
10215	0 44 19
10216	61 58
10218	16 40
10219	24 27 142
10221	21 59
10222	78 16
10223	153 10
10224	8 61 3
10225	14 37
10227	134 10
10228	9 88
10229	18 1
10230	39 10 43 2
10232	18 71
10234	20 23 19
10235	81 88
10236	24 10 15 6
10238	24 78
10239	126 73
10240	2 114
10242	2 17
10243	21 17
10245	52 81
10246	14 102
10248	76 70
10249	65 3
10250	120 25 1 17 2 21 21 52 151
10251	24 21
10252	1 1 18 43 37 33 16 60
10254	49 3
10256	2 1 69
10258	57 1
10259	21 95
10261	17 24
10262	113 3
10263	18 12
10264	37 16
10266	50 128
10267	1 74
10268	16 74
10269	0 34
10270	1 19
10271	3 16 122 1 21 81
10273	4 68 4
10274	1 68
10275	39 73
10276	1 26 1
10277	22 17
10279	22 1 1
10280	43 70
10281	1 13
10283	3 31 4 74
10284	17 70
10285	18 37
10286	3 37
10288	0 39 34
10289	56 68
10290	127 73
10291	125 62
10292	1 118
10293	7 3
10294	6 48
10296	75 43
10297	71 72
10298	82 67
10299	24 50 35
10301	6 42 16
10302	28 1
10303	0 13
10304	24 26 33
10306	3 74
10307	34 16
10308	32 69
10309	3 17
10310	18 22
10312	0 1 69 49
10313	147 40
10315	22 92 4
10316	6 8 0 113
10318	56 45
10319	120 136
10320	65 17 82
10322	50 17
10323	19 95 70
10324	28 37
10325	7 74
10326	22 44
10327	25 21 16
10329	21 11
10330	4 17 68 82
10331	61 95
10333	18 118 44
10334	16 135
10335	5 70
10336	0 114
10337	1 17
10339	23 77 122
10340	94 69
10342	49 4
10343	57 9 4 1
10344	7 27 7 79
10346	1 37 73 50
10347	18 17
10348	43 101
10349	22 48 19 80 69
10351	70 55
10352	135 99
10353	1 17 63 52
10354	9 35
10355	131 16 6 10 95
10357	114 1
10358	2 52
10359	49 35
10360	37 56
10361	23 0 6 26
10363	1 134
10364	60 15
10365	28 23
10366	8 8 0 25
10367	17 68
10369	4 68
10370	0 69
10371	21 90 48
10373	2 44
10374	6 157 68
10375	134 0 4
10376	1 10 68
10377	68 43
10378	70 21 44
10380	35 82 133 163
10381	31 16
10382	3 24
10383	24 71
10384	38 57 20 37 34
10385	47 59
10387	37 13
10388	21 114 73
10390	11 59
10391	3 67 43
10392	103 68
10394	25 23
10395	128 58 19
10396	57 16
10397	97 23 63 77
10399	2 45
10400	68 82 73
10402	0 37
10403	16 4
10404	5 37 95
10405	69 110 21 70
10407	80 17
10408	19 17
10409	8 1
10410	18 68 120
10411	23 76
10413	13 1
10415	7 1 90 73
10416	1 37
10417	1 3
10418	11 26
10419	108 19
10420	24 23
10421	6 1
10422	28 4 157
10424	6 3
10425	56 16 37
10426	65 62
10428	27 58 36 34
10429	17 2
10431	141 49
10432	114 1
10433	102 1 11
10434	18 146
10435	3 3
10436	21 0 3 40
10438	117 37
10440	20 0
10441	73 13
10443	68 44
10444	68 43
10446	4 74 5 23
10447	71 0 43
10449	52 99
10451	10 147 4
10452	50 0
10453	21 11 25 43 99
10454	18 9 2 3
10455	9 91
10457	8 4
10458	68 24 70
10459	0 3
10461	102 82
10462	48 4
10464	17 0 128 44 127
10466	103 11
10468	44 3
10469	63 3
10470	73 3
10471	3 16
10473	31 1
10474	11 38
10475	49 51 72
10477	17 69 17 127
10479	3 24
10480	50 23
10481	1 37
10482	3 1 17 16
10483	31 18 37 1 4
10484	21 127 17 16
10486	133 43
10487	16 1
10488	37 118
10489	7 25
10490	18 18
10491	1 32
10492	73 37
10494	7 14 4
10496	16 31
10497	16 68
10499	1 69 4
10500	81 153
10501	23 4
10503	80 82 102
10504	21 51
10505	4 12
10507	31 17
10508	9 34 68
10509	16 4 114
10510	43 35
10512	21 1
10513	37 44 37
10514	3 1 0 17
10515	56 34 69 103
10517	22 40 7 55 37 12 75 48
10519	0 17 27
10521	29 53 17
10522	57 55 121 124
10523	0 73
10525	74 24
10526	17 11
10527	21 16 113 70 158
10528	28 6 34 57 1 117 14 64
10530	1 74
10531	21 1
10532	59 70
10533	26 70
10534	21 16
10535	24 117
10536	27 11
10537	22 37
10538	20 18 69 0 61
10540	6 37
10541	1 103
10542	1 16
10544	0 0
10545	61 37 99 17
10547	44 84 64 4
10548	69 68
10549	24 17
10550	18 64
10551	2 57 43 23
10552	21 26
10553	22 57
10554	37 12 15
10556	37 16 73
10557	0 17 64
10558	43 33
10560	1 70 14
10561	0 45 113
10562	53 16 49
10563	4 4
10565	33 117
10567	37 50 135 34
10568	37 141
10569	23 27
10570	11 49
10571	0 0 37 79
10572	1 16
10574	37 10 3 69
10576	43 16 58
10578	1 73
10579	97 140
10581	1 2 45 17
10582	6 58 100
10584	10 10
10585	37 35
10586	16 36
10587	6 155
10589	91 10 43
10590	78 19
10591	69 63 19
10592	28 3
10593	8 17
10595	74 23
10596	5 152
10597	7 16
10599	0 21
10600	27 6 113
10601	18 39
10603	17 104
10604	102 3 37
10605	48 26
10606	5 61 87
10607	22 3
10608	6 44
10610	95 3
10611	61 1
10612	70 157 30 89
10613	56 50
10614	98 129
10616	25 68 26
10617	18 63
10618	24 4
10619	7 64
10621	117 19
10622	21 74
10623	127 99 84
10624	49 10 74 1
10626	1 1
10627	25 34 83 50
10628	25 77
10629	22 70
10631	4 61
10632	84 26
10633	74 27
10635	3 23
10636	3 3
10637	49 13
10639	69 135
10640	3 3 4
10642	11 114 0 68 62 50
10643	1 120 37 37
10644	26 139
10646	26 55
10647	52 91
10648	56 59
10649	3 17 14
10650	0 6 13
10651	22 72
10652	44 68
10654	17 118
10655	65 103 55
10656	3 133
10657	18 118
10658	18 75
10660	134 58 74 10
10661	8 3
10662	37 3
10663	16 0
10665	4 37
10666	51 44
10668	4 68
10670	73 120
10671	2 43 21
10673	124 65 40 129
10674	96 34
10675	18 153
10676	16 79
10677	53 17 10
10679	37 78 113
10680	48 16
10681	6 73
10682	29 90 70
10683	153 31
10685	16 43
10686	3 140
10687	22 37
10688	118 10
10689	3 75
10690	16 34
10692	47 150
10693	65 95
10694	21 49
10695	21 16
10697	23 68 113
10698	9 132
10700	0 6
10702	43 38
10703	24 82 136 13
10705	17 17
10707	1 69
10708	4 79 114
10710	17 53 17
10711	21 70
10712	17 79
10713	18 21
10714	1 74
10715	8 1
10716	52 29 24 37 129
10717	22 19
10718	7 6 1 17
10720	49 11
10721	39 3
10722	68 58
10724	37 62
10725	11 103 107 90
10726	1 4
10727	22 73
10728	0 25 13
10730	27 118
10731	32 4
10732	67 2 10 62 49 120
10733	6 4
10735	44 44
10736	17 1
10737	19 50
10738	0 39
10739	37 14 139
10740	0 37 98
10742	1 3 158
10743	48 114 52
10744	74 74
10745	9 8 3 68
10747	7 23
10748	58 120
10749	50 15
10750	47 1 3 84
10752	63 120
10754	7 4 10
10756	13 141 4
10758	37 18 15 91
10759	37 15 6 3
10761	22 70 16
10762	22 10
10764	0 37 112
10766	43 75
10767	37 32
10768	18 4
10770	9 2
10771	33 50
10772	103 43 11
10773	4 9 70 58
10775	43 161
10777	79 24
10778	37 130
10779	2 4 70
10780	18 43
10782	161 17
10783	11 21 23
10784	47 3
10786	3 50 3 11
10787	103 37 17 69
10789	2 88 27
10790	88 79 37 68
10791	43 135
10793	19 26 24
10794	16 17 141
10795	37 63
10796	20 21
10798	7 43
10799	20 73
10800	28 22 37
10802	37 1
10803	82 19
10804	3 0
10805	4 18 44 1 15 69 82 17
10807	98 45
10808	12 162 70 26
10809	3 44 17 162
10810	18 45
10812	4 1
10814	21 24
10815	4 136 62
10817	21 141
10818	77 11
10819	10 16
10820	4 11
10821	3 95 50 69 11 95
10823	7 43
10824	6 73
10826	11 127
10827	57 134
10828	68 1 49
10829	3 37
10830	4 49
10831	37 21
10833	6 115
10835	3 3
10836	28 73
10838	33 23
10840	21 158
10841	31 17
10842	0 25 128
10843	17 113
10844	14 4 40
10846	81 37
10847	43 10
10848	18 67
10850	128 13
10851	3 69
10852	8 50 81 37 73
10853	78 19 69
10854	18 50
10856	37 17
10857	17 59
10859	24 0 43
10860	3 49 4 70
10861	28 3
10863	4 14
10864	70 4
10866	23 102
10867	3 26
10868	28 104
10869	3 70 3
10870	2 37 68
10871	8 58 49
10872	22 0 2 19
10873	27 49 3 59
10874	1 4 108 65 37
10876	0 65
10877	24 135
10879	18 73 37
10880	39 10
10881	28 3
10882	2 58 38
10884	19 113
10885	79 114 78
10886	4 24
10887	0 99
10888	10 52
10890	24 49
10891	25 23
10892	44 18 69 118
10894	1 26
10895	37 1 110
10896	23 19
10898	58 26
10899	9 27
10900	4 59
10902	37 17
10903	50 13
10904	6 7 4 1
10905	1 39
10907	70 3 98
10908	21 16
10910	20 23
10911	22 101 21 24 1 16 72 1
10913	16 69
10915	65 103
10916	79 31
10917	17 17 3 75
10918	18 70
10919	73 4
10921	73 34 19
10922	0 3 35 23
10924	6 70 68
10925	15 37 28 49 38
10927	102 76
10928	21 21 74
10929	78 17
10931	0 44 19 23
10933	69 74 77
10934	28 23
10935	0 26 98
10936	24 118
10938	26 49
10939	114 70
10941	4 69
10942	14 49
10943	1 73
10945	17 0 14
10946	4 114
10948	3 68
10950	4 37
10951	63 159
10952	55 6
10953	42 10
10955	9 73 98
10956	2 82
10957	3 16 133
10958	6 70
10959	1 22
10960	25 28
10962	2 143
10964	7 102
10966	25 44 78
10967	3 17 80
10968	55 53
10969	37 70
10970	100 4 68
10971	76 1 74 114
10972	20 33 84
10973	53 1 3 121
10975	77 53
10976	65 59 77
10977	2 4
10978	69 133
10980	1 130 158
10981	71 153
10982	43 73
10983	15 25 6 113
10985	67 99
10986	2 43
10987	150 31
10988	4 12
10990	114 70 42
10991	73 165
10992	37 1
10993	49 1
10995	3 16
10996	103 82
10997	113 1
10998	17 9 16 1 33 38
10999	82 0
11001	10 4
11002	3 143
11003	7 37
11005	31 49
11006	37 21
11007	22 25
11009	8 7 94 158 113
11011	18 48 24 1
11013	17 70 114 13
11014	20 13 40
11015	69 100
11016	37 69
11017	68 34 80
11019	98 21 153
11020	0 44 71 16
11021	9 16
11022	79 43
11023	4 16
11024	1 32 11
11026	6 4
11027	44 19
11029	4 124
11030	20 73
11031	42 151
11032	82 46
11033	2 2 75 135
11035	77 32
11036	21 73 4 4
11037	44 73 69
11038	0 21
11039	8 118
11040	8 1 1 14
11042	10 16 16
11043	0 37
11044	18 47
11046	4 10
11047	82 4
11048	22 17 26
11049	0 20 26 75 73
11051	64 68
11052	6 73
11053	18 134
11054	3 3 62 14 137 31
11056	21 23
11058	4 4
11059	17 82
11060	18 68
11062	1 24
11063	21 73 70
11064	21 74
11065	0 1
11067	58 4
11068	3 73
11069	13 37
11070	21 70
11071	10 21
11072	45 17 14
11074	49 74
11076	1 114 51
11078	25 40
11079	117 1 1
11080	49 1
11081	0 18 20 107 78 68
11082	8 4
11084	8 63
11085	77 10
11086	158 99 4
11087	2 58 64
11088	37 95
11090	29 11 68
11091	3 61
11092	21 10
11093	4 44 103
11094	44 26
11096	1 16
11097	8 75
11099	37 60
11101	3 65
11102	0 17
11103	3 4 78
11104	75 45
11105	12 65
11107	19 15 72 35
11109	77 77 122
11111	100 57
11113	2 37
11114	17 6 23
11116	68 50
11118	24 50
11119	56 50
11120	2 48
11121	155 19 17
11122	37 62
11123	18 17
11125	9 15 34
11127	3 127
11129	48 153
11130	16 49
11131	48 24
11132	106 24 64
11134	72 99
11135	56 6
11136	26 16
11137	0 44 1 3
11139	28 17
11140	6 23 4
11141	18 2
11143	163 77
11144	56 21
11146	79 10
11147	131 69
11148	14 50
11150	4 15 11
11151	127 65
11152	3 37 2 19
11153	1 37
11154	7 0
11156	1 44 49
11157	22 36
11158	30 122 16
11160	57 80 118
11161	17 74
11162	21 100 95
11163	3 6
11164	17 58 3 4
11166	1 40 30
11167	17 18 73 65
11168	50 11
11169	50 68
11171	50 37
11172	10 64 64
11174	141 33 68
11175	44 17
11176	22 15
11177	18 55
11178	24 1
11180	106 40 24
11181	70 38
11182	1 21
11184	26 6
11186	4 122 43 91
11187	81 113
11188	18 21 131
11189	24 43 70
11191	71 57 17 24
11192	49 52
11193	0 16 59
11195	3 70
11196	0 100
11197	36 2
11199	74 59
11200	100 1
11201	10 37
11203	17 3
11205	72 3
11206	24 59
11207	102 92 10 57
11209	0 78
11210	24 17
11211	98 46
11213	37 70
11214	17 27
11215	3 2
11217	24 49
11218	4 70
11219	1 23
11220	20 17
11221	44 1
11222	17 3 127 71
11224	26 19 1 120
11226	37 37
11227	22 22
11228	18 17
11230	43 43
11231	17 73 118 58
11232	18 74
11233	14 16 129
11234	37 113
11235	20 1
11237	99 16
11238	48 17
11239	21 116
11240	23 56
11241	36 39
11242	4 69 68
11243	22 75
11245	1 32
11247	43 113
11248	17 3
11250	130 72 63
11251	9 36 37
11253	57 37
11254	82 63
11255	3 10
11256	106 49
11257	17 51
11258	57 39
11260	18 17
11261	3 63
11262	3 118
11264	37 73
11266	0 31
11267	26 73
11268	102 3
11270	37 37
11271	19 65
11272	10 69
11273	9 18 0 19 68 153 11 24
11274	36 141 23 17
11276	8 3 37
11277	21 3
11279	21 74
11281	73 82
11282	127 74
11284	6 14
11285	8 1
11287	34 10
11288	18 18 24 112
11289	17 90
11291	103 73
11292	4 95 68 27
11293	24 154
11294	23 59
11296	7 159 72
11297	57 45
11298	37 90 100
11300	17 24
11301	6 8 79 43 55
11303	1 48
11304	20 95
11305	2 91
11307	17 95
11308	36 69 4 13
11309	18 25
11311	100 82
11312	4 39 17 4 1 4
11314	21 68
11315	0 4
11316	90 24
11317	17 6
11318	56 18 79 55 74 48
11320	8 3
11321	26 3
11322	75 59 102
11323	12 69 113
11325	23 48
11326	7 2 4
11327	0 26 114 73
11329	2 70
11330	6 79 72
11331	56 10
11333	17 70
11335	52 11 11 4
11336	57 69
11338	8 100 48
11339	135 94
11341	63 44 157
11342	7 1
11344	16 114 82
11346	63 161
11348	24 8 9 1 151 91
11349	59 73 113
11351	0 103 37
11352	0 79
11353	4 59 17
11354	37 68
11355	17 9 60 99 37
11356	12 36
11358	1 33 25
11359	78 15
11361	63 16
11362	8 1
11364	3 68 113
11365	0 4
11367	1 24
11368	76 32
11370	17 34
11371	1 18 23 112 37
11373	6 26
11374	8 20
11376	19 23
11377	49 157
11378	102 16
11379	70 24
11380	69 3
11382	20 75
11383	107 6
11384	11 99
11386	1 52
11387	0 53
11389	65 24
11390	8 17
11391	43 0
11393	77 19
11394	61 80
11396	52 127
11397	153 15
11399	70 13
11400	48 3
11401	18 37
11403	9 24
11404	63 25
11405	38 27
11406	25 50 50
11407	73 15
11409	0 1 51
11410	36 17
11411	22 59
11413	1 10
11414	3 69
11415	59 19
11417	0 1
11418	50 3 3
11419	3 1
11420	4 104
11422	26 1
11423	27 72
11424	20 43
11425	16 115
11426	24 17 30 23
11428	28 58
11429	37 69
11430	2 59
11431	25 70
11432	8 52 2
11434	21 44
11435	8 1
11437	6 73
11438	1 64
11439	24 79
11441	2 68
11442	117 43
11444	23 68 76
11445	28 17
11446	25 2
11447	52 110
11449	43 13
11450	7 69
11451	11 12
11452	16 59 44
11453	139 3
11455	16 93 16
11456	10 73
11457	17 75
11459	23 102 135 113
11460	141 21
11461	23 113 23
11462	0 50
11464	22 3
11466	65 72
11467	9 2 44
11468	117 17 38
11470	57 20
11471	50 16
11473	14 70
11474	17 5
11476	12 103 129
11477	3 49
11478	134 75
11479	59 4
11480	18 1
11482	25 21
11483	1 7
11484	65 64
11486	2 82
11488	65 69
11489	17 3 11
11490	24 11
11492	7 28
11493	3 10
11495	28 113
11496	45 69
11497	7 17 11
11499	10 53
11500	37 57
11501	3 1
11502	7 37 26
11503	16 3 91
11505	3 17 16
11506	25 0 1 37
11507	37 2
11509	21 80
11511	1 129
11512	1 73
11514	20 69
11515	4 19
11516	9 4
11518	2 96 95
11519	72 37
11520	41 1
11521	8 90 3 59
11522	28 39
11524	24 77
11525	17 44
11526	1 31 43
11528	55 26
11529	3 16
11530	68 30
11531	50 37
11532	22 3
11533	3 73 1 34
11535	62 65
11536	22 73
11537	0 21
11539	26 16
11540	0 77
11541	23 23
11542	39 17 53
11544	73 37
11545	8 23
11546	0 94 68 122
11548	52 68
11549	73 99
11550	28 64
11551	16 21 4 1 26
11553	69 69
11554	81 1
11555	74 4
11556	25 73
11557	50 3
11559	9 17 95 19
11560	18 31
11561	68 49
11562	92 19 43
11563	37 22 16
11565	0 74
11566	21 55 16 31
11567	73 52
11568	6 44 52 24
11570	3 63
11571	21 26
11572	65 44
11573	63 69
11574	0 49
11576	21 17 16
11577	9 33
11578	24 11
11580	3 17
11581	70 26
11582	11 6 23 0 69
11584	135 23
11585	21 17 43
11587	6 64
11588	62 60
11589	17 1 11
11590	19 49
11591	5 6
11593	56 3
11594	59 74
11595	0 6 37
11596	7 1
11598	17 16
11599	18 130
11600	4 4
11601	9 2
11603	1 16
11604	57 63
11605	6 3
11606	17 73
11607	60 3 65 83
11609	50 149 16
11610	0 4
11611	56 13
11613	16 140
11615	11 37
11616	97 23 68
11617	18 70
11618	102 133
11619	9 4
11620	1 74 55
11622	1 19 64
11623	2 4
11624	23 81
11625	6 17
11627	3 19
11628	26 20
11630	1 122
11631	24 10 69 68
11632	10 46
11634	134 17
11635	114 113
11636	59 21 37
11637	1 23 99 70
11638	9 133
11639	1 65
11641	37 127
11642	21 102 24 43
11643	60 118
11644	25 17
11645	7 73
11647	113 119
11648	65 4
11649	39 21 3
11651	17 70 16
11652	3 69
11653	1 94
11655	24 17 37
11656	21 23
11657	55 1
11658	141 121
11659	6 17
11661	1 26
11662	3 19 16 14
11663	12 2
11664	6 52
11665	56 1
11667	3 112
11669	34 94
11670	21 90
11672	20 68
11673	22 100 107 74
11674	65 23 70
11675	70 44
11676	3 113
11677	79 37 72
11678	11 11
11679	6 20 159 21 34 70
11681	7 40
11682	79 117
11683	22 97 114
11684	44 17 38
11686	6 68 16
11688	44 43
11689	19 114
11691	8 5 19
11692	3 48
11693	23 3
11695	1 49
11696	25 114
11697	47 1
11699	64 70
11700	65 23
11702	50 21
11703	21 49
11704	130 21 128
11705	18 23
11706	1 19
11708	1 113
11709	6 55 49 43 103
11710	24 33 43
11712	68 73
11713	1 63
11714	56 1
11715	18 15 48
11717	0 57 94
11718	2 50
11719	6 3
11721	49 0 31 77
11722	21 59
11723	1 19 23 50
11725	1 1
11726	28 4 4 99
11727	20 53
11728	11 18 1 2
11729	21 82 45 49
11731	18 1 118 63 33 13
11732	21 16
11733	4 79 19 59
11734	3 58 60 19
11735	61 56
11736	87 11
11738	82 122
11739	94 68
11740	7 45
11742	0 3
11743	82 44 16
11744	7 44
11745	79 1 151 80
11746	6 37 36 72
11748	95 93
11749	103 137 1
11750	12 70 15
11752	79 35
11754	21 68
11756	3 135
11757	100 103
11759	49 74
11760	88 78 76
11761	13 37
11762	29 21
11763	6 4
11765	56 0 73
11767	30 31 69
11768	24 19 113
11769	49 1 16
11771	3 43
11772	1 103 49
11773	21 34 43
11774	0 37
11775	52 60
11777	44 44
11778	50 1
11779	23 1 50
11781	0 53
11782	3 19 58 37 130 43
11783	4 3
11784	7 55
11785	2 144
11786	3 5
11787	68 130
11789	3 45 1
11790	16 122
11791	49 17 23 10 70
11793	38 11
11794	23 115
11796	9 69
11798	74 79
11799	4 52 113
11800	1 24
11801	21 26 68 37
11802	8 24
11804	37 4
11805	16 44 68 17 43
11806	18 35 124
11807	9 65
11809	1 1
11810	18 43
11812	80 73
11813	0 39 1 23 82
11815	64 73
11817	6 26
11819	4 50 35 39 3 113 3
11820	3 4 114
11821	1 70
11823	7 11 17
11824	8 1 39 10 102
11826	46 10
11827	37 68
11828	49 82
11829	21 19
11830	8 11 77
11831	69 25 17 26 37 99
11833	20 3
11834	21 39 110 61 23
11836	82 70
11837	49 24
11838	52 19
11839	3 1 102
11840	50 20
11842	57 38 4
11843	106 91 1
11844	1 75
11845	7 14 82
11846	54 3
11847	6 14
11849	3 3
11850	40 51 32
11851	49 57 79
11852	18 11 71
11853	21 79
11855	2 4
11856	23 37 102 82
11858	4 11
11860	73 1 72
11861	24 23
11862	2 65
11863	73 37 82 125
11864	1 78
11865	51 22
11866	18 49
11867	2 75 34
11869	37 70
11870	4 37 125 118
11872	14 16
11873	9 157
11874	68 34
11875	24 70
11876	37 153
11877	6 43
11878	2 6
11879	8 21 11 69
11881	106 69 103
11882	6 82
11883	3 88
11884	3 9
11885	22 118
11887	21 24 1 72
11888	10 141
11889	48 1
11890	99 26 34
11892	145 1
11893	115 70
11894	49 23
11896	21 49
11897	67 1
11898	23 43
11899	74 11
11900	16 59 2 95
11902	25 70
11903	79 3
11905	157 157
11906	3 1
11907	4 43
11908	4 3
11910	26 118
11911	23 38
11912	9 87
11913	10 146
11914	7 18 81 17 43 37
11916	1 4 100
11918	21 78 44
11919	7 69 77
11920	37 137 4
11922	20 79 70
11923	157 49
11924	2 73
11925	44 144
11926	4 99
11927	37 50
11929	83 3
11930	46 118
11931	6 4 118
11932	37 56
11933	17 3
11935	23 82
11936	44 73
11937	88 70
11939	6 73
11941	4 4
11942	4 21
11943	73 68
11944	72 49
11945	13 122 4
11946	74 11
11948	1 64
11949	90 4
11950	4 81
11952	22 4
11953	43 13
11955	0 70
11957	4 38
11958	49 113 1
11959	4 30
11960	73 43
11962	50 10
11963	126 4
11964	17 3 127
11965	9 73
11967	3 141
11968	26 4
11970	17 68
11971	3 51
11972	18 153
11973	18 21
11974	0 99
11976	123 62
11977	17 118 43
11978	22 24 4 17 122 72 46 73
11980	3 19
11981	19 1 97
11982	15 6
11983	6 4
11985	3 127
11986	21 19 68
11987	23 1
11988	135 120
11989	84 44
11990	16 18 17 16
11991	71 37 4
11992	22 60
11993	1 16
11995	37 76
11996	20 51 68
11997	28 25
11999	118 15
12000	6 75
12001	25 3
12003	4 4 127
12004	75 13
12005	0 24 38 16
12006	17 4 4
12008	76 70
12009	16 35
12010	18 81
12012	18 3
12013	0 116 33
12014	43 48 7 13 131
12016	0 35
12017	1 43
12018	106 82 36 23
12019	6 16
12020	21 3
12021	56 37
12023	4 23
12024	39 40
12025	9 19
12026	9 0
12027	19 23
12029	2 49
12031	6 3
12032	10 14
12033	13 50
12035	6 118
12036	73 4
12038	37 48
12039	3 19
12040	1 120 2 16 122
12041	82 70
12043	15 50
12044	18 37 4
12046	23 24
12047	18 21 19
12048	141 55
12050	0 36 118
12052	1 40
12053	21 46 118 68
12054	22 60
12056	9 37 12
12057	21 130 21 1
12058	22 54
12060	3 11 72 38
12061	75 1
12062	25 48 23 113
12063	2 1
12064	1 68 98 77 95 38
12066	19 44
12067	1 141
12068	37 70
12069	4 72 13
12070	6 3
12071	7 16
12073	9 44
12074	113 147
12075	0 24
12077	22 23
12078	8 2 95
12079	23 65
12081	8 113
12083	17 9 37
12084	3 90 70
12085	6 4 1 19
12086	81 26 37
12088	46 103
12090	17 19
12091	16 19
12093	113 34
12094	113 69
12095	3 13 55
12096	5 73
12097	18 38 95
12099	3 49
12100	1 102
12101	72 40
12102	109 5
12104	27 1
12105	4 1
12106	16 0
12108	37 0 52 21
12109	17 4
12111	37 10
12112	4 69
12113	24 70
12114	2 63 70
12115	8 16
12116	24 25
12118	17 81
12120	21 57 4
12121	28 1
12122	1 64 68 55
12123	22 23
12124	25 0 0 70 120 17 17 120 121
12126	16 70 51
12127	28 43
12129	70 68
12130	21 55
12132	8 69
12133	17 19
12134	48 60 70
12135	43 135
12137	40 0
12138	1 72
12140	63 17 113
12141	3 127
12142	18 50
12143	57 36
12144	39 1
12146	17 43
12147	18 35
12148	7 1 11 95
12149	8 13
12151	24 17
12152	17 43
12153	23 57
12154	68 68
12156	37 19
12157	18 21 24 4
12158	74 73
12160	49 2
12161	21 50 138
12162	1 11 4
12163	3 113
12165	68 113
12166	35 31 73
12167	24 24
12168	68 43
12169	1 3 43
12170	127 2 1
12172	43 37
12173	1 15 17
12174	127 112
12176	16 73
12177	46 33
12178	3 15
12179	3 37
12181	43 69 49 26
12182	14 130 80
12183	17 37 74
12184	37 25 21 49
12186	4 43
12187	7 10
12188	28 59
12189	6 1
12190	18 1 73 17
12192	8 15
12193	59 69
12194	22 17
12195	82 92
12197	15 73
12198	47 30
12200	113 19
12201	149 1
12203	73 5
12205	103 1 1
12206	68 37
12207	69 3 16 134
12208	3 69
12209	23 61
12210	37 63 23 68
12211	113 52 3
12212	1 1
12214	4 31
12215	6 1
12216	69 74
12218	7 4
12219	1 2
12220	9 73
12221	37 3
12222	49 1
12224	3 135
12225	24 34 95 1
12226	8 79 129
12227	1 39 13 5
12229	17 10
12230	2 10
12231	19 95 4
12232	50 37 23 1 10 4 70 43
12233	18 21 37
12234	17 39
12236	55 98
12238	25 15
12239	37 69 52
12240	49 37 16 103
12241	68 15 118
12242	35 16
12244	17 58
12245	90 58
12246	4 69 1 62
12247	43 37 24
12249	77 66
12251	64 35
12252	62 26 49
12254	1 24
12255	37 121
12257	21 68
12258	23 122
12259	11 130
12261	56 24 17
12262	19 1 88 10 11
12263	3 6 4
12265	25 45 37 98
12267	6 32
12268	37 24
12269	25 55
12270	56 28 136
12272	61 65
12273	44 62
12275	37 40 124
12276	50 17
12278	1 59
12279	21 16
12280	16 26 34 16
12281	6 6
12282	18 21 37 117
12284	73 5
12285	32 71 26
12286	49 68 19 99
12287	18 16 113
12288	6 6 52 59
12289	8 17
12291	28 128
12292	52 36
12293	3 1 80
12294	21 4 157
12295	26 18 16 59
12296	41 18 3 37 4
12298	68 26
12299	4 57
12300	15 33
12301	3 74 84 16
12302	4 49
12304	18 0 4
12305	28 15
12307	18 13
12308	8 11
12309	0 9 114
12311	1 11 70 70
12312	3 4 19
12313	63 70
12314	69 103
12315	8 1 3
12316	48 17
12317	1 3 44
12319	1 69 50
12320	0 79
12322	3 139 129
12323	6 153
12324	25 59
12325	141 4
12326	6 1 7 70
12328	20 127
12329	6 17
12331	2 36 3
12332	18 20 22 99 1 37 127 17
12333	73 37
12335	58 0
12336	42 13
12337	14 27
12338	0 59
12339	3 113 43
12340	0 124 17 79
12342	34 70 124
12343	1 10
12344	21 14
12345	18 56 0 10
12346	24 52 3 59
12347	3 1 121 70
12348	37 102
12349	9 82
12351	70 82 57
12352	24 2 34
12354	0 157
12355	127 78
12356	1 65
12357	43 37
12358	36 1 3 70
12360	82 113
12361	59 27
12362	68 19 38
12364	17 70
12365	37 1
12366	14 17
12367	37 75
12368	6 6 1 43 38 17 79
12369	9 37 70
12371	114 82
12373	64 16
12374	52 1 31
12376	35 43
12378	1 150
12379	44 21 2 1 69
12380	0 1 70
12381	16 118 37
12383	55 43
12384	34 25 141 49
12385	6 37
12387	69 1
12388	3 114
12389	1 10 43 99
12390	18 72 1
12391	3 16
12392	47 49
12394	4 24
12396	0 64
12397	1 70 4
12398	118 37 37
12399	1 16
12400	6 5
12401	56 38 24
12402	7 127
12404	24 57
12406	23 1
12407	68 123
12409	43 70
12410	0 38
12411	2 10
12412	22 63 94
12413	1 58
12415	1 4
12416	17 64 24 13
12417	3 46 10
12418	24 18 65 24
12420	17 37
12421	39 27
12422	0 13
12423	44 8 82 2 114
12424	18 43
12426	27 16
12427	27 26
12428	19 13
12429	68 17 24
12431	38 150
12432	8 8 39 19
12433	1 7
12434	115 0
12436	9 27
12437	16 38
12438	15 113
12440	57 52
12441	13 26
12442	2 19 72
12444	7 1
12445	37 17
12446	0 120
12447	22 21 4
12449	26 37 74
12451	7 22 79 143 45 70
12452	6 7 0 44
12454	23 16 137
12455	135 15
12457	7 1
12458	7 68
12459	17 3 73
12460	122 11
12461	27 22 68 42 73 102
12463	26 69
12464	26 3
12466	68 49
12468	27 127
12469	49 1
12470	16 68 61 69
12471	11 64 11
12472	8 6 3 53
12474	1 24
12475	11 61
12476	4 69
12477	5 3
12478	18 3 70 113
12479	6 16
12481	43 19
12482	21 13
12483	1 73 43
12484	7 37
12485	48 105
12487	21 26 70 14
12488	18 59
12490	0 162
12491	50 158
12492	102 79 114 90
12493	79 2
12494	2 64
12495	2 59
12496	28 61
12497	1 4 3 82
12498	48 0 28 33
12499	8 65
12501	25 117
12502	134 128
12504	49 13
12505	3 147
12506	127 25
12507	37 1
12508	22 94
12510	3 117
12511	4 3
12513	1 1
12514	2 73
12515	28 1
12516	3 73
12518	23 78 85 4
12520	151 69
12521	18 35 118 37
12523	7 130
12524	6 70
12526	6 69
12528	79 82
12529	6 1
12530	4 73
12531	48 48
12533	4 20
12534	59 61
12535	37 19
12537	114 4
12538	49 1 0 1 87
12539	140 31 54
12541	8 18 17 37 26
12542	22 35 69 50
12543	18 51
12545	0 26
12546	4 21
12547	49 43
12548	49 20
12549	28 98
12551	37 39
12553	1 2
12554	2 81
12555	24 27 118
12557	0 37 15
12558	21 26
12560	1 73
12561	18 9 24 2
12563	0 26
12564	29 99
12566	15 4
12567	6 84 11
12569	13 69
12570	6 68
12572	6 21
12573	3 4
12574	68 16
12576	17 4 68 11
12577	99 44 17
12578	73 141
12579	9 34
12580	28 44
12582	95 26
12583	118 74
12585	29 17
12586	19 17
12587	59 74 34 26
12588	1 4
12589	26 77
12590	50 50 33
12591	9 10
12592	18 61
12594	3 63
12596	37 102
12597	68 74 44
12598	4 70
12599	21 70
12600	70 55
12602	79 1
12603	26 17
12604	8 16
12606	15 31
12607	10 90 1
12608	37 17
12610	3 68 118
12611	17 44 23
12613	77 24 52
12614	74 10
12615	13 68
12617	23 19
12618	1 68 45
12619	1 114 50
12621	149 16
12622	22 87
12624	43 146
12626	10 114
12627	9 68
12628	83 94
12629	0 37 24
12631	3 4
12632	10 4
12633	11 73 95
12634	17 68 17
12635	22 133
12636	51 19 79
12637	3 37 4
12638	1 4 155 31
12639	9 37
12641	1 75 76
12643	91 33
12645	4 79
12647	12 94
12648	60 31
12649	63 127
12651	52 4
12652	65 9
12654	11 112
12656	1 73
12658	3 63
12659	16 73
12660	9 6 29 1 120 59 52 72
12662	56 16 143
12664	6 2
12665	37 74 59
12666	82 30
12667	90 38
12668	73 26
12669	21 77
12670	1 39
12671	24 19
12673	0 63 15
12674	94 4
12675	59 6 115 31
12677	9 11 153
12678	118 19
12679	8 37
12680	55 1
12681	22 153
12682	38 0 70 127
12684	69 48
12686	100 79
12687	134 70
12688	10 6
12689	63 78
12690	22 113
12692	22 3
12693	12 14 73
12694	124 99
12695	3 69 3
12697	1 26
12699	3 25
12700	23 19
12701	22 59 17
12703	28 64
12704	7 27
12706	130 70
12708	21 70
12709	4 50
12710	23 17
12712	52 118
12713	44 79
12714	65 24
12715	72 37
12717	4 70
12718	81 15
12720	49 57
12721	18 49 16
12722	10 95
12724	59 26
12726	10 23 3 3
12727	0 129
12728	0 3
12729	24 17
12731	3 19 157
12732	21 59
12734	37 16 1 3 95
12736	22 59
12737	3 43
12738	24 57
12739	58 50
12740	2 37
12741	34 70
12742	68 1 96
12744	27 62
12745	37 16
12747	2 94
12748	70 27
12749	1 82 59
12751	68 16 131
12753	4 64 65
12754	1 44 49 43
12755	95 50
12757	56 2 48 37
12759	21 113
12760	63 98
12761	74 44 4
12762	52 70
12763	18 74
12765	92 69
12766	49 48
12768	4 7
12769	73 70 16
12771	0 49
12772	2 73
12773	16 3
12775	3 3
12776	1 73
12777	19 43
12778	64 69 10
12779	3 17 23
12780	23 82
12782	28 0 35 42
12783	39 24 90 34 38
12784	9 11
12786	92 118
12787	1 118
12788	28 40
12790	3 6
12791	1 16
12792	26 32
12794	25 16 44 70
12796	2 19
12797	69 36
12798	43 31
12800	15 1
12801	2 23 80
12802	1 57
12803	72 153
12804	26 63
12805	25 2
12806	0 44
12808	29 71
12809	8 81
12810	37 104
12811	0 18 21 88
12813	3 26
12814	18 34
12816	39 4 5
12817	4 2 69
12818	6 59
12819	18 73
12820	49 20 3
12822	79 1
12823	19 4 40
12824	1 37 37
12825	9 1 10 37
12827	21 10
12828	0 79
12829	18 64
12830	1 83
12832	1 39
12833	1 44 95
12834	16 69
12835	18 159
12837	99 26 113 19
12838	68 10 48
12839	7 70
12840	0 13
12841	3 4
12843	21 33
12844	68 43
12845	82 24
12847	3 95
12848	7 52
12849	3 113
12850	73 72
12851	20 21
12852	22 127 4 15 10
12853	23 99
12854	22 58
12855	48 20 3 24
12857	10 0
12858	1 57 29 96
12860	3 43
12861	15 43
12862	73 17
12863	9 21
12864	4 11
12866	10 49
12867	43 11 114
12868	37 44
12869	39 37
12870	12 135
12872	6 77
12873	22 40
12874	23 81 69
12875	25 3 11 1 14
12877	3 1
12878	35 19 135
12880	3 118 23
12881	16 24
12882	35 45 44
12883	18 4 63 65
12885	4 97 118
12886	157 68
12887	17 1
12888	24 33
12889	94 18 13 4
12891	4 10
12892	3 11
12893	6 44
12894	36 39 10
12895	63 1 36
12897	21 19
12898	44 79
12900	7 53
12901	49 4
12903	59 11
12904	23 22
12906	20 4
12907	2 1 113
12908	1 1
12909	4 72
12910	22 19
12911	9 37
12912	18 74 161
12914	72 16 72
12915	21 100
12916	21 37
12917	69 4
12918	6 37
12919	29 1
12920	70 37
12921	17 44
12923	14 37
12924	49 50 84
12925	37 3 135
12926	16 69 65 3 1
12928	22 133
12930	2 88
12932	17 3
12933	1 4
12934	18 20 82
12935	0 37 35
12937	56 75
12938	23 31
12940	0 39
12941	153 82 43
12942	43 82
12944	99 27
12945	8 61
12946	16 17 4 43 90 4
12948	7 33
12949	2 49
12950	89 21
12952	4 26
12953	18 10
12954	72 58
12955	3 37
12956	48 99 4
12957	64 3
12958	23 34
12960	52 32
12962	1 37
12963	17 1 28 6 74 1
12965	82 63
12966	56 37
12967	3 22 43
12969	65 16 75
12970	16 127 135 13
12971	18 77 24 110 82 44 49 24
12973	22 44
12974	21 0
12976	19 60
12977	0 4
12978	24 1 74 59 88
12979	35 3
12981	81 122
12982	1 17 75
12983	1 59
12985	153 80
12986	49 3
12987	14 24
12988	20 0 103 1 96 12
12990	15 11
12991	16 17
12992	23 19
12994	15 1 110
12996	3 43 99 50
12998	130 158
12999	63 1 43 68
13001	4 37
13002	19 114
13003	4 4
13005	8 4 155
13007	35 11
13009	155 59
13010	135 70 58 3
13012	3 1
13014	70 16
13015	73 100
13017	50 23
13018	95 4 31
13019	7 24 69
13021	17 36
13022	24 95 22 127 49 4 117
13023	8 22 4 39
13024	25 4
13025	6 28 24 74 0 3 17 1 65
13027	56 95 58 103
13028	87 103
13029	72 44
13030	88 1
13031	3 44 0 19 49
13032	18 159
13034	48 37
13035	57 44
13037	44 16 3 82
13038	3 74
13040	68 40 1 16
13041	0 16
13042	19 13
13043	90 17
13044	15 4
13046	73 24
13047	3 1
13048	114 69
13050	21 60
13051	7 43
13052	9 34
13053	25 35 76
13054	22 90 43
13055	90 11
13056	57 4
13057	7 35 82
13059	118 2 72
13060	1 20
13061	6 114
13062	8 148 42 3 68 82 17 37
13063	26 75 73 15
13064	3 68
13066	29 16
13067	10 21
13069	67 23
13070	10 35
13071	49 1 59
13072	23 17
13074	37 14
13075	11 98
13076	49 7 74 70
13077	63 0
13078	2 3
13080	127 103
13081	44 17 27 61
13082	4 84
13084	9 50
13085	19 40
13086	15 25
13087	3 16 70
13089	2 34 74
13090	20 4
13091	1 70
13093	17 1
13094	4 2
13095	1 16
13096	23 26
13098	27 3 4 19
13099	141 121
13100	65 37
13101	18 49 95
13103	0 3
13104	3 25
13105	120 37
13106	65 21 68 13
13108	22 16
13109	6 23 64 151
13111	43 1 114
13112	1 4
13113	4 2
13114	0 82
13115	37 64
13117	56 60 136 11
13118	35 4 13 70
13119	22 1
13120	18 16
13121	75 37
13123	6 58
13124	18 4
13125	1 59
13126	3 10
13127	49 57 23 31
13128	0 52
13130	22 59 63
13131	37 158
13133	2 141 13
13134	0 82
13135	21 37 95
13136	8 10 31
13137	3 43
13139	50 127 70
13141	3 31
13142	21 34 16 82
13143	17 0
13144	3 37
13145	8 44
13146	1 7
13147	3 17 17
13149	17 18 17 2 44
13151	16 26
13152	3 17
13154	18 74
13156	1 69
13157	122 19
13159	32 99
13160	3 37
13161	24 3
13163	28 31
13164	43 24
13165	52 68
13166	39 107
13167	8 19
13169	3 31 44
13170	1 57 37 17 112
13171	6 23
13172	88 14
13173	39 10
13174	1 26 11
13175	1 57
13177	7 114
13178	6 49 103
13179	1 49
13180	142 1
13181	1 1 6 97
13183	20 69
13184	34 70
13185	57 75
13186	37 37
13187	63 3 153
13188	3 73
13189	6 24
13190	8 17
13192	19 44
13193	8 68
13194	43 19
13195	6 4 74
13197	101 88
13199	7 3
13200	1 0 37 43
13201	0 3
13203	69 11
13205	48 103 37
13206	23 90
13207	117 33
13208	8 70
13209	24 19 36 23
13210	22 56
13212	2 11
13213	12 3
13215	44 133
13216	21 64
13218	0 3
13220	17 37 17
13221	1 1
13223	6 21
13224	6 59 49 6
13225	0 2
13227	28 19
13228	50 4
13229	18 39
13230	49 4
13231	22 79 75
13233	26 135
13234	37 11
13235	3 58
13237	55 19
13238	8 3 11
13240	7 131 11
13241	74 26
13242	10 54 31
13243	8 48
13245	21 1 113
13246	69 59
13247	4 102
13249	69 120
13250	3 85
13252	23 58
13253	44 118
13255	16 34 64
13256	24 153
13257	26 5
13258	34 1 145
13260	72 69
13261	3 61
13262	7 2
13264	113 43
13266	63 3
13267	75 113
13268	36 65 19
13269	22 17
13270	1 59
13271	36 21
13273	9 118
13274	18 17
13275	38 3 38
13276	24 4 3 51
13277	24 9 3
13279	128 23
13281	22 37 17
13282	3 68 49
13284	3 5 17 79
13286	82 69
13287	1 113
13288	0 6 136
13290	13 19
13291	52 2
13292	6 37
13293	0 2 1 3
13295	17 73
13296	28 3
13297	2 24
13299	0 37
13300	113 26
13301	116 17
13303	3 63
13304	22 129
13306	4 74 74
13307	57 1
13308	1 58
13310	49 3
13312	23 25
13313	4 72 11
13314	1 63
13316	83 37
13318	94 77
13319	21 69
13320	39 42 24 23
13321	22 1
13323	70 73
13324	70 43
13325	20 49 19 17
13326	103 2 82
13327	4 18 1 92
13329	24 24
13330	82 58
13331	0 70
13332	27 31
13333	24 10
13334	8 23
13336	52 3
13337	73 31
13338	16 26
13339	8 1
13340	0 4
13342	20 23 133
13343	3 143 49
13345	24 37 3 98
13347	63 50
13348	16 43
13350	103 130
13351	3 4
13352	63 2
13353	48 1 15 11
13355	3 75
13356	127 75 37
13357	1 5
13358	22 44
13359	8 12
13360	8 1 69
13362	127 17 23 124
13363	141 3 16
13364	128 49 4 123
13365	74 23
13366	49 1
13368	18 122
13369	1 1
13370	4 70
13372	50 113
13373	56 39
13374	21 63 92 8 27 1 59 100
13376	35 121
13377	113 128
13379	21 70
13380	17 21
13381	82 5
13383	1 137 17
13384	1 23
13385	10 114
13386	2 8 1 59
13388	127 26
13390	26 75
13392	52 3
13393	49 103
13394	22 43 21
13396	0 3
13398	3 49
13399	6 1
13400	7 0
13401	9 17
13403	17 23
13404	70 68
13405	3 7 0 19 103
13406	72 73 78 37 48
13408	4 31
13409	4 14
13411	71 141
13412	28 33 73
13413	3 38 128 135
13414	49 0 43 1 0 127 58 55
13415	4 49
13417	22 64 17
13418	0 1
13419	82 74 37
13420	18 55 1 48 102 113
13422	64 37
13423	25 75
13424	23 2 4 17
13426	0 3
13427	36 43
13428	1 13
13429	6 23 43 99
13430	68 20
13432	8 3 59
13433	3 61 58
13434	69 4
13436	1 37 159
13437	3 0
13438	65 100
13439	13 4
13440	1 49 74
13441	73 134
13443	82 79
13445	37 55
13446	48 98
13447	95 50
13448	20 1
13450	57 118
13451	47 73
13453	6 5
13454	21 17 61
13455	48 44
13456	44 19
13458	8 3
13460	69 25
13461	21 77
13463	5 17 59
13464	3 52
13465	18 21
13466	118 145
13467	2 79
13468	22 4
13470	7 74 26
13471	19 103
13472	104 46
13473	1 43 95
13475	52 37
13477	22 10
13478	16 17
13480	118 64
13481	11 71
13482	24 4 1 39
13483	23 49 11
13485	23 14
13486	55 37
13488	59 1 64
13489	1 20 24 11
13490	8 145
13492	7 112
13494	75 64
13495	17 50
13496	2 20 19 59 44
13498	3 140
13500	10 49
13502	11 68
13503	118 10 4 43
13504	12 81
13506	18 43
13507	79 34
13508	21 4
13509	2 10
13511	39 17 32
13513	23 80
13514	1 57
13515	21 58 23
13516	24 20
13517	3 53
13519	43 26 127
13520	17 16 25
13522	19 3
13523	43 11 52
13524	150 75
13525	3 61
13527	0 63 1
13529	21 70
13530	25 49
13532	9 71
13533	19 73
13534	6 16
13535	9 59
13537	43 82
13538	16 74
13539	4 79
13540	79 70
13541	103 70
13542	110 1
13544	74 17 5
13545	37 91 113
13546	0 37 69 113
13547	26 151
13548	11 3
13549	2 73
13551	82 73
13553	24 93
13554	21 23
13556	127 52
13558	107 52
13559	1 113 113
13560	16 26 44
13561	10 15
13562	28 63
13563	79 6 17 25
13565	73 70
13566	34 61 11 17
13567	98 1
13569	39 100
13570	2 37
13571	29 4
13572	21 37
13573	65 1
13574	8 24
13576	65 52
13577	16 28 19 17
13578	0 6 16 4 37 61
13580	6 72 52
13581	2 58
13583	77 21
13584	1 16
13585	17 69
13587	6 1 23 3
13588	37 71
13589	17 115 52
13591	23 113
13592	36 4
13593	9 15
13594	16 134
13596	21 79
13597	21 70
13598	73 67
13600	15 95
13601	4 16 16
13602	68 114 26 70
13604	21 52
13605	16 1
13606	114 133
13607	56 2
13609	43 68
13611	3 16
13612	1 101 19 49
13613	3 26
13614	139 50 103
13615	57 67 33
13617	27 3 19
13619	72 114
13620	99 10
13621	17 77
13622	82 37
13623	3 19
13624	68 1 11
13625	0 20 49 17
13627	1 70
13628	1 135
13629	64 123
13630	63 3
13631	8 20
13633	56 11
13635	65 33 73
13636	19 16
13637	28 124
13639	3 37
13640	24 70
13641	99 59 114
13642	24 11
13644	23 130
13645	4 70
13646	4 4
13647	1 63
13649	4 4 34
13650	55 1
13652	77 16
13653	17 94 13 10
13654	20 3 95 46
13656	11 4
13658	4 74
13659	21 70
13661	7 72
13662	56 6 2 3
13663	1 1
13665	20 3 90 72
13666	4 3
13667	53 103
13668	60 91
13669	44 37
13670	55 103
13671	8 39
13672	65 26
13674	13 69 16 37
13675	40 4 72 33
13676	49 31
13677	18 17
13679	24 24
13680	3 2 74
13682	55 21
13683	39 1
13684	90 37
13686	22 52
13687	37 17
13689	59 37
13690	73 64
13691	1 10
13692	20 3
13693	53 4 152
13694	9 157 65 4
13696	35 16
13697	24 2 4 19 127 70
13698	4 34
13699	23 3 3 15
13701	11 157
13702	26 68
13704	7 4
13705	6 16
13707	37 4
13708	70 153
13709	1 103
13711	74 50
13712	17 3 11
13713	49 16
13714	28 124 69 7 118 1 87 102
13715	73 15 70
13717	24 55 13
13718	37 114
13719	4 11
13720	21 3
13721	18 4
13722	7 3
13723	8 53
13725	9 114
13726	118 43
13728	1 131
13729	0 23
13730	52 68
13731	1 3
13733	122 1
13734	1 21 43
13736	18 157
13737	44 73
13738	3 1
13739	37 100
13740	87 68
13741	20 43
13742	8 124 21 26 124 34 4
13744	59 13
13745	1 3
13747	44 52 33
13748	1 52
13750	141 3
13751	135 79
13753	26 123
13754	17 4
13755	26 6 3 11
13757	69 4
13758	68 3
13760	10 1
13761	38 4
13763	6 85
13764	49 2 53 5 84 37 70
13766	7 93
13767	7 70
13768	2 162
13769	79 55
13770	73 38
13771	22 8 3 93
13773	55 117
13774	39 114 37
13775	21 17
13777	16 16
13778	70 113
13779	101 18 37 112
13781	6 165
13782	26 21
13784	84 68 68
13785	9 52
13786	72 33
13787	5 26 4 58
13788	14 52
13789	30 63
13790	37 31
13791	8 0
13793	6 37 73
13794	72 161
13795	1 70
13797	127 2
13798	20 95
13799	4 81
13800	25 1 34
13801	114 0 58 61
13803	1 4
13804	73 69
13805	18 1
13806	0 3
13807	18 3
13809	56 68
13810	37 40
13811	16 11 103
13813	11 103
13814	9 4
13815	21 18 53 3 24 82 58 74
13816	2 3
13818	37 23
13819	84 63 23
13821	9 10
13822	1 151 75
13823	4 4
13825	1 52
13826	37 70 3 4
13828	44 59 95
13829	39 40
13830	6 21
13832	49 70
13833	49 23
13834	65 21
13835	11 83
13836	24 73
13837	1 49
13839	43 70
13840	0 73 73
13841	65 49 17 4
13842	6 18 19
13843	24 6
13844	4 27
13845	57 1
13847	3 37
13848	22 48 94
13849	4 68
13850	7 10
13851	21 17 37 70 72 70
13852	17 69 43
13853	22 24
13854	81 7
13856	21 4 1
13857	72 163
13859	102 16
13860	15 16 70
13861	3 1
13862	20 1
13864	105 4 52 82
13865	54 44
13867	37 143 141
13868	26 103
13869	115 27
13870	45 18 4 21 157
13871	20 44
13873	1 49
13874	3 77
13875	18 16 1 145 37 99
13876	28 59
13877	1 50
13879	37 37 2 46 37 45 1 129
13880	1 50
13882	37 17
13883	25 3
13884	99 20 64 26
13885	2 1 1
13887	58 128
13888	83 5
13889	4 99
13890	0 74
13892	107 59
13893	35 1
13895	1 11
13897	23 94
13898	18 6 10 14 79
13899	56 3 24
13900	28 40
13902	7 21
13903	6 3
13905	3 79 61
13906	22 68
13907	103 45
13909	17 3
13910	1 68
13911	23 1
13913	1 103
13914	2 43
13915	1 15
13916	22 43
13918	16 90 43
13920	27 16
13922	18 151
13923	123 81
13924	21 69 4
13925	99 43 43
13927	39 113
13929	37 102 26
13930	43 114 79
13931	0 17 19 70
13932	2 0 1
13934	6 95
13935	22 18 8 3 22 44 132 44 69
13937	1 38 17 11
13938	1 26
13939	0 2
13940	8 17
13941	0 14
13942	13 45
13944	13 77
13945	0 16
13946	4 72
13947	63 127
13948	37 44 4
13950	11 0
13951	59 102
13952	23 3
13953	4 4
13954	40 14
13955	18 98 69
13956	18 24 116 112
13958	95 90
13959	20 17
13960	0 147
13961	18 3
13963	21 158
13964	3 4
13966	18 1
13968	3 127
13969	19 70
13970	4 103
13972	4 1
13973	1 62
13974	1 0
13976	3 4 48
13977	4 21 17
13978	16 21
13980	23 37 124
13981	82 2
13982	7 117 69
13984	1 10
13985	70 11
13987	1 21
13989	4 17 113 17 64 75
13990	37 113
13991	7 30
13992	2 70
13993	2 92 49
13995	18 22 17 113
13996	130 1 0 4 4
13998	19 154 81
13999	16 4
14000	75 147
14001	52 20 94
14003	3 44
14004	23 141
14005	7 65
14007	22 21
14008	18 39
14009	49 51
14011	33 17
14013	50 1
14014	4 51
14015	26 3 69 68
14017	65 114
14018	57 10
14019	74 157
14020	18 11 99
14021	9 1 1 99
14022	7 47
14024	28 56
14025	72 6
14026	55 23 58 26 95
14028	37 3
14029	37 113
14030	92 26
14031	18 23 49 63
14033	8 3
14034	3 17 79
14035	20 37
14036	8 1 11 64
14038	127 16
14039	103 37
14040	2 23
14041	127 118
14042	49 4 37
14043	28 4 100 70
14045	69 43
14046	95 16
14047	18 34 102
14048	28 153 1
14049	56 28
14051	2 127
14052	0 23
14053	21 3 49 151
14054	3 59 0 21 52
14056	3 1
14057	22 43 113
14058	9 21 17
14059	4 11
14061	21 50
14062	47 50
14063	0 122
14065	22 73
14066	17 19
14067	17 73
14069	10 64
14070	127 4
14072	56 73
14073	17 63 50 90
14075	21 11 52
14076	56 4 32
14077	1 55
14078	121 34 141 49
14079	1 6 118 79 13
14081	24 4 77
14082	73 44
14083	7 1
14084	11 5
14085	0 26 31
14086	3 73
14088	37 36 24 37 141 135 17 128 157
14089	35 17
14091	4 49 82
14092	2 10
14093	11 112
14095	99 21 74
14097	50 44 1 16
14098	3 135
14099	24 39 1 50
14101	94 145
14102	2 82 69 77
14103	48 3 44
14105	2 1
14106	43 27
14107	4 143
14108	2 65 17
14109	23 43
14111	1 1 23 61
14112	3 49
14114	85 19
14115	0 68 91 73
14117	7 88 27
14118	8 44
14120	8 70 16
14121	37 37 72
14122	21 49 43 69 68 70
14124	20 22 17 33
14125	15 50 40
14126	37 135
14127	113 73
14128	6 56
14130	9 130
14131	10 11
14133	26 161
14134	56 6
14136	1 115
14137	17 44 4 73
14138	87 74
14140	3 122
14141	21 32 129
14142	155 69
14143	29 24 143
14144	44 49
14145	79 3 17 3
14147	18 73
14149	1 17 151
14150	18 10 59
14151	24 49 2 64
14152	6 3 2 22 37 17 36 31
14154	56 20
14155	8 12
14156	37 8 37 79 16 74 17
14157	18 72
14159	21 2
14160	21 53 50
14161	2 23
14162	6 14
14163	52 115
14164	73 3 5
14166	99 43 64
14167	21 71
14168	70 17
14169	8 3
14170	6 19 145
14171	37 18 1 48 70
14173	48 34
14174	18 137
14176	40 4
14177	1 4
14178	69 61
14179	24 25
14181	3 158 123
14182	3 63
14183	18 17
14184	84 73 26
14185	4 99 3
14186	49 44 131
14188	10 127
14190	70 70
14191	13 58
14192	37 19
14193	0 84
14195	23 94
14196	13 141 114
14198	11 137
14199	4 84
14200	18 63
14201	22 103
14202	7 74
14204	3 64
14205	3 73
14206	1 11
14207	67 1 70
14209	7 68
14210	44 69
14211	7 60 78
14212	57 44
14214	64 74
14215	49 21 2 3 50 4 70
14217	18 11
14219	16 16
14221	16 57
14222	22 23
14223	37 52
14224	18 37
14226	21 48
14227	72 19 49
14228	18 4 37 3
14230	18 75
14231	44 37
14232	4 30 80
14233	8 37 1 1 33
14234	9 7
14236	1 127
14237	6 23
14238	55 4
14239	24 113 42
14241	2 37 46
14242	4 59
14244	50 94
14245	120 4
14246	5 88 15
14247	3 95
14248	35 19 3 30
14249	24 75 118 45
14251	118 116
14252	37 38
14253	0 153 37 103
14254	25 10 159
14256	27 135
14258	0 140
14259	21 82
14260	1 61
14262	0 3
14263	35 143
14264	15 49
14265	1 75
14266	22 1 68
14268	1 4
14270	60 69
14271	6 19 64 68
14272	18 0 17
14274	65 49
14275	61 59
14276	44 94
14277	7 63 27
14278	0 114
14280	85 17
14281	56 41 134 143 69
14283	9 69
14284	19 37
14285	63 34
14286	132 1
14287	107 44
14289	49 43
14291	16 43
14292	15 81
14294	0 4
14295	17 3 77 64
14296	18 24
14298	37 4
14299	16 48 23
14301	82 1 95
14302	61 17
14303	39 118
14304	2 49 3
14305	21 37 26
14307	103 26
14308	3 3
14309	63 137 17 79
14310	124 10
14311	69 60
14312	8 1
14314	2 82 75
14315	71 24 130
14317	134 68 34
14318	1 2
14319	23 56
14320	18 37 16
14322	65 118
14323	3 136
14324	23 77
14325	6 13
14326	2 23 4 13 37
14327	1 68 144
14329	48 122 17
14330	4 39 68
14331	4 82
14333	57 17
14334	4 19
14335	1 26
14336	16 1
14337	19 3
14339	63 35
14340	1 64
14341	21 76
14343	146 43
14344	37 6
14345	7 21
14346	28 19 10 16
14347	0 73
14348	2 74
14350	1 44
14351	20 16
14352	4 1
14353	0 33
14354	28 0
14356	1 43
14357	44 40 16 61
14358	21 4
14360	7 69
14361	74 11
14362	107 90 70 59
14363	21 79
14364	1 1
14365	42 1 50 71
14367	0 17 2 17 17
14368	37 57
14369	49 72
14370	6 114
14372	27 4
14373	21 49
14374	4 17 74 55
14375	4 23
14376	1 18 17 3 27
14377	19 35 36 1 58
14379	37 44
14380	29 82
14381	70 49
14382	14 37
14384	1 4
14385	68 1
14387	8 50
14388	48 21 137
14389	70 69
14390	20 74
14391	44 4
14392	2 2
14394	73 59
14395	13 44 79
14396	43 1
14397	22 28 52 1 118 38
14399	3 58
14400	22 16 16
14401	1 103 118
14403	157 154
14404	37 74 19 17
14406	12 120
14407	18 65
14408	23 21
14410	69 87 1 24
14411	65 118
14412	73 11
14414	1 4 76
14415	24 11
14416	9 6
14418	17 63
14419	18 74
14420	2 3 4
14421	68 20 70
14423	114 17
14424	2 136 135 50 158
14426	22 1
14427	10 11
14428	16 99 7 19
14430	1 79 4
14432	37 3
14433	4 70
14434	8 1
14436	22 122
14437	0 4
14439	65 74
14440	70 21 75
14442	31 23
14444	18 88 13
14445	29 12 74
14446	1 39
14447	49 36
14449	16 44
14450	53 114
14451	19 6
14452	99 53
14453	17 88 37 11
14454	1 23
14455	8 97 4 45
14457	27 73
14458	13 159
14459	35 3
14460	17 2 87 74
14462	0 68 64 34
14463	3 17
14465	65 59 135
14466	103 73 1
14467	1 4
14469	0 45 34
14470	48 14
14472	1 27
14474	38 27
14475	3 1
14477	3 44
14478	7 37
14479	22 3
14481	23 11
14482	34 59
14483	4 4 14
14484	16 11
14485	6 37
14487	20 3
14488	19 74
14490	1 157
14491	17 0 73 80
14492	17 37
14493	7 82
14495	36 34
14497	18 78
14498	1 19
14499	56 57
14500	49 1 0 1 95 5 37
14501	18 69
14502	24 4
14503	1 77
14504	2 37
14505	57 72
14507	13 73
14509	6 37
14510	18 3
14512	25 43 94
14513	10 7
14514	25 79
14515	38 1
14517	21 19
14518	5 15 69
14519	3 49
14520	21 11 16 37
14522	4 59 69
14523	9 95
14525	20 49
14526	65 21
14528	13 24 94
14529	70 1
14531	43 49 68
14532	1 151 68 37
14533	17 31 69
14535	3 43
14536	4 58
14538	7 16 16
14540	4 49 27 71
14541	2 13
14542	32 8 19 130 38
14543	6 59
14544	23 31 61
14545	33 39 8 49 6 39 3 103 74
14546	0 50
14548	73 19
14549	17 139
14551	49 98
14552	21 70 79
14553	56 16
14554	18 68
14555	21 18 19 63 75 74 82
14557	28 73
14558	6 1
14560	56 21
14561	50 11
14562	15 49 107
14564	1 94 52
14566	6 10
14567	4 26
14569	73 11
14571	63 1
14572	25 43
14573	3 94
14574	57 70
14576	3 26
14577	1 73
14578	59 2 103 70
14579	50 26
14580	75 75
14582	118 85
14583	37 37
14585	65 115
14587	4 68 16
14588	11 19
14589	1 69 34
14590	4 1 3
14591	28 139
14593	14 51 59
14594	37 10 4
14595	101 59
14596	1 44
14598	3 36
14599	3 6 22 74 103 44 112 37
14601	75 37
14602	44 73
14603	48 71
14605	1 19
14606	135 11
14608	0 14
14609	34 1 23 79
14610	24 133
14612	21 3 73 120
14613	31 34
14615	2 32
14616	135 4
14617	20 3
14619	0 118
14620	49 69
14622	5 4
14623	21 4 80
14624	9 9 71
14626	9 61
14628	23 125
14629	3 35
14631	3 10
14632	79 4
14634	9 11
14636	12 74
14637	25 3
14638	18 110
14639	7 88 16 114
14640	0 15 70
14642	4 73 49
14644	0 33
14645	26 131
14647	20 88
14649	35 113
14650	37 128
14652	60 19 1
14653	3 68
14655	65 73
14656	4 73
14658	21 117
14659	2 4 1 23
14660	8 7
14662	16 75
14663	17 4
14664	18 65
14665	4 40
14666	3 1
14667	50 74
14669	39 1 74
14670	60 24
14671	19 43
14672	22 3
14674	22 2
14675	8 4
14677	17 4 11 112 100
14678	43 9 21 44
14680	1 100
14682	18 3
14683	16 62
14684	69 1
14685	7 57
14687	93 14
14688	36 26 71
14689	82 68
14690	3 4 37
14692	23 133
14693	18 79
14694	7 1 99
14695	10 3 17
14696	1 14
14698	73 19 42
14699	2 97 16 145
14700	4 70
14702	4 79
14703	21 37
14705	7 88 153
14706	7 114
14707	50 74
14708	29 27 49 10 16 69 141
14710	0 3 50
14711	37 26 79
14712	25 21
14713	17 59 11
14714	69 114
14716	1 21
14717	21 23 52
14718	2 37 19
14719	49 11
14720	63 48
14722	58 16
14723	56 3
14724	17 10
14725	55 4 37 82
14726	128 44
14727	1 21
14728	63 68
14729	18 16
14731	21 49
14732	56 3
14733	4 3
14735	49 103 43
14736	37 84
14738	18 21
14740	4 11
14741	44 73
14742	60 58
14743	20 16
14744	9 26 43
14745	1 18
14747	56 70 63
14748	19 50
14749	25 128
14750	2 73
14751	18 0 74 3 70
14753	7 73
14754	11 49
14755	69 19
14756	49 37 95 9 1 1 24 44 37
14758	37 50
14759	60 146 26
14761	17 45
14762	55 37
14763	60 43
14764	1 24
14765	56 15
14766	26 37
14767	82 117
14768	4 24 49 28 20 61 79 68 37
14770	10 74
14771	6 16
14772	18 13 52 150
14774	47 3
14775	19 4
14777	126 79 82
14778	56 135
14779	68 49
14781	3 10
14782	17 35
14783	49 11 11
14784	127 3
14785	18 18 51 17 95 13
14787	135 50
14788	55 32
14789	4 116
14790	99 67 17 118 37 1
14792	3 75
14794	94 4
14795	146 70
14796	3 99 127
14798	43 24
14799	7 23
14800	21 146
14801	3 1
14802	22 0 141
14804	34 44
14805	7 52
14806	73 17
14807	56 1
14808	73 1
14809	18 23 1
14811	90 4
14812	2 1 26 79
14813	9 6
14815	8 21
14816	1 39
14817	48 63
14819	18 100
14820	3 75
14822	31 1 69
14823	128 71 16
14825	27 35
14826	38 10
14828	99 26 69
14829	9 69 114
14830	35 124 52
14831	0 10
14833	4 148 23
14834	4 64
14835	2 4
14836	21 3 52
14838	21 135
14839	20 99
14840	3 79
14842	1 64
14843	95 17
14844	2 113 103
14845	53 13
14846	1 2
14848	49 100
14849	3 95
14850	3 0
14852	8 17
14854	28 1
14856	37 69
14858	4 26
14859	18 13
14860	37 99
14861	2 1
14863	7 7 69
14864	69 98
14866	37 79 15 77
14867	3 70 14
14868	18 3
14869	15 2
14871	65 2 73
14872	25 75
14874	18 95
14875	37 11
14877	37 44
14878	26 60
14879	18 58
14880	0 64 71
14881	6 74
14883	17 19 43
14884	4 141
14886	24 25 16
14887	96 44
14888	3 2
14889	0 17
14891	27 23
14893	1 49 4
14895	22 39
14896	48 43
14897	19 1
14899	56 68
14900	80 52
14902	24 23 10
14903	21 69
14904	3 70
14906	23 68
14907	125 121
14909	70 61
14910	1 50
14911	4 61
14913	137 99
14914	15 50
14915	22 74 35 3 46 72
14917	3 59
14918	4 65
14920	34 10 44
14921	27 74
14922	24 48 14 3 164 52 44
14923	137 4 3 4
14925	4 10
14926	57 2 21 4 118
14928	59 77
14929	18 43 79 37
14931	40 95
14932	17 45
14933	21 70
14934	1 3
14936	69 69
14937	8 2
14938	24 113 14
14940	4 70
14941	65 143
14942	0 38
14943	13 19
14945	18 11
14946	158 76
14948	79 0
14949	50 49
14951	1 24
14953	4 44
14954	102 43
14955	3 38
14956	0 25 3 17 131 113
14957	25 65
14958	15 73
14960	11 65
14961	49 3
