0	1 23 79
1	18 1 102 17
3	24 27
4	18 95
5	18 1 4
6	1 37
7	8 37 73
8	7 82
10	74 3
11	10 1
12	0 34
14	35 129
16	21 38
17	18 4
18	2 1 0
19	76 84
20	4 31 13
21	24 94
22	3 70
23	21 1 23
26	4 4
27	73 69
28	1 158
29	16 151 4
30	70 147
32	0 37 17 21 17 68 55 67
33	20 62 106 50
34	100 150
35	0 17
36	23 145
38	2 26 63
39	131 75
40	16 14
41	8 16
43	6 64 16 4
45	1 8 137 39 36 3 17
47	40 1
48	8 17
49	0 21 4 65 70
50	58 113 16
51	1 64
54	3 122
55	21 128
56	35 1
57	82 56 68 130
58	20 15
59	1 4
60	24 101
62	11 4 13
63	79 7
65	127 2
66	9 31
68	63 49
69	3 21
70	17 7
71	19 81
73	37 50 70
74	48 68
76	44 118
77	15 21
78	20 31
80	24 70
81	24 112 4 94
82	75 10
84	4 77
85	7 113
87	18 11
88	9 35
90	68 37
91	18 73 14
92	73 21 4 12
93	82 49 17 25
94	41 21 0 3
95	26 70
96	28 59
99	21 118
100	6 17
101	11 79 64 129 10
102	21 73 21 24
103	151 71 1
105	4 31
106	22 20
108	4 77 65 16
109	37 10
110	65 24 157
111	52 21
112	50 28
113	57 5
115	3 3 25
116	73 43
117	82 1 23 70
118	25 37 10 3 82 59
119	57 73
121	8 23
122	11 50
123	18 125 4
125	9 114
126	2 84 17 103
128	0 43
129	1 74
131	1 17 17 4
132	18 74
133	1 43
134	11 91
136	6 70 99 153
137	8 17 24
138	69 113
139	18 22 10 1 11
140	1 2 73
141	3 52
142	2 36 35
144	79 4
145	17 4
147	21 82
148	0 9 65 12
149	9 74 64
150	0 19 1
152	20 17
154	6 16
155	1 3
157	113 1 117
158	6 4 1
159	0 3
160	21 44
162	11 52 80
163	9 65
164	1 23
165	22 16
167	44 37
168	120 10
169	4 53 1 37
170	4 0
172	10 1
173	82 64
174	8 36
176	87 17
177	45 17 103
178	73 95
179	63 3 135
180	56 1
181	20 49
182	22 26 74
183	70 70
185	0 3 20 46 83
186	41 0 31 59
187	7 70
189	9 48 26
190	10 51
191	37 1
193	37 20
194	8 73
195	15 17 17 69
196	22 3 17 70 127 38
197	37 37
198	114 4
199	1 34
200	9 74
201	3 1
203	37 11
205	8 6 69
206	67 3
207	22 55
208	16 17 43 37
210	2 3
211	73 134
213	79 61
214	0 63
215	9 3
217	18 16
218	21 3
219	50 88
220	18 79 84
221	37 11 49
223	73 58
224	48 50
225	1 0 21 80 69
226	1 115
228	28 73 145
229	0 1 3 118
230	3 17 1 10 70
231	1 6
232	4 64
234	21 1
235	118 21 3
236	0 1 118 116
237	20 37
239	31 94
240	7 50
241	8 0
242	21 49
243	1 3
245	1 0
246	20 22
248	37 17
249	22 88
250	22 4
251	19 11
253	49 0 75 135
254	6 31
255	59 43
256	17 130 11
257	28 3
258	8 24
259	19 71
260	17 16 68
261	2 44 2 105
263	38 64
264	102 145
265	72 70
266	27 124
268	63 100
269	2 4
270	8 35 135
272	18 19
273	8 9 10 16
274	18 10 16
276	23 45
277	24 4 96 37
278	82 19
279	3 10
281	0 37
282	9 37
283	8 44 82 4 26
284	31 16 120
285	4 65 113
286	24 37
287	21 74 81
288	48 17
289	0 1
291	26 15
292	14 0 17 49 77
293	16 95
294	7 69 3
296	20 1
297	22 75
298	2 3
299	3 70 37
300	17 43
302	4 37
303	24 36 69
305	3 7 37 44 10
306	4 6
308	1 1
309	52 82
310	3 1
311	28 82
312	26 25
313	37 157 155
315	36 5 153
316	17 25
317	1 58
319	17 115
321	7 17
322	57 1
323	17 43
324	21 37 14 3 74
326	4 39 49 18 79 80 68 16
327	8 3 49
328	50 68
329	1 19
330	45 1 114
331	43 79
332	117 3
334	18 0 27 21
336	18 1
337	17 70
338	61 33
340	2 11
341	18 1 153
342	70 21
344	58 1
345	8 73 16
346	0 1 37 44
347	6 50
348	0 64
350	24 113 4
351	0 6 17 8 52 58 1 24
352	21 74 16 103
353	39 3
354	2 19
356	88 22
357	20 45
359	37 95 39 162 15 10
360	1 40
362	4 3 73
363	21 74
365	17 48 19
366	3 82 38
367	9 23 137
369	114 95 159
370	146 17
371	17 21
372	17 3 4 36
373	68 17
375	3 82
376	16 17 0 1
377	7 123 43
378	65 43
381	70 4
382	106 9 4 88 70
383	6 27
384	6 27
385	23 24 73 39
386	32 78
388	19 1 70
389	13 1
390	44 34
391	2 69
392	2 79 23
394	69 17
395	61 60
396	16 13
398	28 17
399	23 77 10 69 44 135
400	1 37
401	1 74 37 63
403	16 33 34
404	7 102
405	76 57 155 43
406	1 17 43
408	22 162 68
409	49 14 77
410	13 19 79
412	21 6
413	51 18 50 70
414	9 70
415	27 63 82
416	29 21
417	3 10
418	73 17
421	19 15 98 37
422	3 107
423	19 37
425	9 16
426	43 82 4 48
427	8 4
428	56 1 73
429	49 74 75
430	2 40 24
431	25 53
432	87 4 61 44
433	28 17
435	39 1
436	0 34
437	37 63 43 82
439	3 14
440	6 19
441	23 53 158 0 117
442	26 70
444	21 74
445	16 6
446	4 72 17
448	74 4 84
449	22 37 98
450	49 95
451	17 37
452	21 69 4
453	4 69
454	53 70
455	18 23
458	27 1 118
459	43 22 21 113
460	37 130
462	8 4 70 69
463	3 10 23 63
464	14 37 74 74
465	60 68
467	56 26
468	1 77
470	39 35 157
471	159 17 70 19
472	59 52
474	69 37
475	0 59 59
476	16 8 50 21
477	49 1
478	3 102 3 4 70 79
480	26 70 70
481	17 23
482	18 4 158
484	44 68
485	59 43
486	23 19 17
488	58 10
489	1 3
492	124 70
493	4 11
494	21 15
495	0 3
496	0 15 19
497	36 6
499	0 1
500	149 24
501	1 3 3 34
502	6 113
503	4 15
505	0 127
506	4 19 24
507	22 61
509	67 8 3 44 114
510	2 3 84
511	0 17
513	4 1 37
514	25 82
515	43 121
516	3 113
518	9 19
519	63 37
520	22 37
521	72 61
522	27 88
524	21 26
525	22 68
527	37 73
528	56 1
529	24 41
530	58 21 82
531	19 3
532	49 37
535	74 2 21 133
536	3 25 64 75
537	17 37 17
538	16 70 114
539	1 49
540	22 69
542	37 1
543	52 100
544	21 37 118
545	37 3
547	17 18 1 70 82 51 77 75
548	22 0
549	37 3
550	37 49 9 17
551	141 74 17
552	2 25
553	118 4 63 16
554	24 34
556	44 127
557	25 2 23
558	30 37
560	37 35
561	22 68
562	0 4 24 76
563	99 1 49 163
564	9 153
566	8 127 122
567	1 39
568	83 4
570	6 18 1 24
572	1 87
573	8 110
574	25 3
575	7 44 35
576	0 63 113 1
577	1 16
578	17 6
580	4 3 10 21 4
581	6 97
583	6 37
585	1 21
586	70 35
587	68 7 26 49
588	10 99
589	2 0 122
590	7 43 49
591	3 17 1 88
592	82 17
594	27 26
595	31 79
596	24 6
597	18 16
599	1 7 6 43 16
600	3 75
601	1 21 98
602	7 87
603	74 1
605	44 112
606	21 19
607	16 0
608	4 3
609	26 68
610	120 36 118
611	49 1 63 13
613	60 16
614	3 4
615	114 1 3 82
616	113 113
617	37 69
619	113 54
620	37 38
623	13 70
624	2 73
625	1 42
626	6 73
627	1 29 22 51 4 37 16 16
628	9 2
629	37 73
630	3 37
631	19 45
632	52 48
635	14 43
636	49 11 4
637	58 4
638	6 144
639	77 61
640	21 84
641	2 73
644	6 19 52
645	45 72
646	1 6 70 55 37 17
647	16 17 7 25 13 10
648	0 3
649	58 34 16
651	32 68 30
652	1 0
653	23 3
654	4 24 19 50
655	0 70
656	72 26
657	3 57 22 71
659	133 37
660	9 35 113
661	32 1
662	6 82
663	49 72 1 135
665	18 21
666	10 122
667	4 31
668	64 77 100
669	7 15
670	57 20 70 1 127
673	18 49 50 10 59 3 24 19
674	21 28 10 19 23 88
675	7 1 43
676	21 120
677	7 1 35
679	57 99
680	2 14 13
681	37 10
682	82 68
684	3 1 108
685	37 37
686	6 68
688	15 54 16
690	1 4 37
691	0 50
692	49 75
694	2 4 37
695	16 37
696	73 52
697	24 21
699	21 21
700	42 114
701	25 82
702	20 6 52 3
703	19 23
704	10 141 11
705	37 70
706	6 21
708	2 113
709	10 26 37 23
710	10 70
711	1 127
714	68 43
715	128 64 4 49
716	2 114
717	1 19
718	7 73
720	6 17
721	21 6 21 27 75 12 17 73
722	6 113
723	94 52
725	39 4
726	48 18
728	34 98 33 16 79
729	19 38
730	6 21
732	137 1
733	27 26
734	26 72
735	17 130
737	37 30 21 102
739	37 48
740	21 17
741	1 114
742	4 23
743	39 9 49 21
744	75 2
745	1 72
746	82 16 163 44
748	0 95 137
749	18 103
752	1 17 102
753	8 1
754	127 16
755	22 7 17
756	4 35
758	0 15
759	17 70
760	28 19
761	18 50
763	10 69
764	47 68
765	14 1
766	8 10 14 17
768	4 0 79 14
769	7 68
771	0 103
772	21 3
773	68 11
774	9 7 22 7 43 50 69 19 43
776	144 114
777	56 9 17 2
778	115 17
779	39 21 70
781	6 118
782	29 65
784	1 37 21 23 123 16 113 0
786	6 39 16
787	1 51 23
788	6 6
790	22 35
791	3 11
792	1 18 17 1 10
793	0 4 94
794	0 56 1 137
795	31 124
796	24 19
797	18 45
799	4 52 113 65 158 4 15 129
800	23 114
801	8 57
802	34 16
803	24 26
804	53 65
806	12 33
807	6 102 17
808	28 116
809	63 140
810	18 52
812	23 4
813	82 155
814	15 37 141
815	70 1 1 1 38 33
816	50 75 49 3
817	67 19
818	58 23
819	7 6 14 82 37 91 118 68
820	17 73
821	67 48 49
822	122 19
824	28 73 43
825	24 75
826	37 24
827	37 15 37
828	1 3
830	8 23 27
831	17 69
832	58 37
834	55 67 73
835	39 38
836	18 21
837	22 75 33
838	45 24
840	10 39 16
842	73 70
843	3 4
844	4 73 114 4 69 37 79 37 24
845	9 1
846	15 3
847	21 69 16
849	44 23
850	79 21
851	10 130
852	24 49
853	3 44 143
855	16 37
856	51 40
857	18 18 49 88
859	43 2 135
860	1 84
861	15 58
862	54 27
864	22 3 59
865	48 34
866	4 58
867	28 1 3 37 82 0 34
868	8 69
869	56 37
870	130 114
871	53 1
872	18 40
873	73 17
874	47 17 49 16
876	65 58
877	37 70
879	72 69
880	1 78
882	56 3 45
883	10 13
884	6 3
885	18 35
887	48 48 34 45 68
888	70 0
889	37 84
890	63 127
892	4 79 16 70
894	26 82
895	50 53 4 70
896	37 37 108 40 37 70
897	39 3
898	0 4
899	29 70
900	73 17
902	0 25
903	3 63
904	10 64
905	74 3
908	6 147
909	21 74
910	50 12
911	0 2
912	7 44
913	8 1
914	6 26
915	37 35 49
916	3 99
917	24 50 11
919	9 23
920	22 29 5 1 37 135
921	23 142
922	18 40 77 78
923	28 113
924	55 14 52
925	37 31
926	159 26
928	25 68
929	18 26
930	63 36 10 72
931	90 59
932	4 17
933	17 26
934	4 11 74 73
935	1 70
936	20 26
937	11 25
938	57 1
939	18 39 75 113
941	18 44
942	2 70
943	1 68 98 157
944	4 58 4 33
945	126 35 34
946	1 65 61
947	6 3
948	35 49
949	0 82 10
950	18 3 0 128
951	14 0
952	16 23
953	34 44
955	3 1 37
956	63 100 21 114
957	20 3 68
958	59 2 6 9 3 44 52 23
960	70 0 31
961	22 19
962	3 75
963	10 1
964	3 69 19
965	1 27
966	55 115
968	4 141
969	0 21
971	3 60 1 15
972	3 1 151
973	153 132
975	22 113
976	14 54
977	22 23
978	96 1
980	50 4
981	26 3 78
982	32 68 70 15
983	6 23
986	18 65 122
987	71 6
988	21 10 50
989	44 95
990	3 1
991	82 52
992	50 87
994	18 1 4 49
995	1 59 102
996	53 58
997	10 19
998	8 70
999	67 1 17 1 82 5 50
1001	18 4
1002	21 43
1003	6 20 67
1004	56 21
1006	72 10
1007	23 75
1008	9 37
1010	0 17 18 4
1011	48 18 1 6 1
1012	47 4
1013	15 112
1015	63 41
1017	0 26 43
1018	47 4 72 74
1019	82 70
1021	37 16
1022	3 125
1023	27 17
1024	10 16
1025	22 16
1027	1 65 59
1028	16 43 14 16
1029	21 9
1030	63 74
1031	69 4
1032	79 121
1033	10 4
1035	6 57 10 70
1036	23 37
1037	17 95
1038	22 68 61
1039	118 21
1040	49 95
1042	36 50 17
1043	56 26
1044	1 37
1045	9 3 35
1046	108 73
1048	8 2
1049	1 6 2 10 39 57 69 73
1050	1 12 143 113
1051	6 1 4
1052	4 113
1053	21 88
1055	3 79 19 24
1057	3 8 1 18 27 69 17 35 103
1058	18 73
1059	65 34 122 4
1060	0 6 68 4
1062	68 11
1063	72 1
1064	48 22
1065	24 70
1066	1 97
1068	1 78
1069	55 135
1071	21 37 3
1072	114 15 68
1073	73 127
1074	3 37
1076	8 9 40 50
1077	61 63 118
1078	127 157
1079	158 49
1080	0 56 58 155
1082	3 17
1083	17 31
1085	18 87
1086	9 59 113
1087	23 4
1089	49 80
1090	4 17
1091	24 82
1093	9 17
1094	73 130
1096	5 2
1098	70 58 17
1099	6 10 4
1100	11 21
1101	2 38
1102	0 23
1103	24 1 49
1105	45 4 69 100 17
1107	4 73 135
1108	8 1
1110	18 55 64
1111	6 0 22 3 1 17 157
1112	17 74
1113	1 22 4 17
1115	1 34
1116	23 24
1118	20 19
1119	56 18 77 23
1121	55 114
1122	19 1
1123	22 21
1125	23 61 69
1126	44 73
1127	50 10
1128	0 150
1129	58 79
1130	43 79
1131	3 4
1132	64 25 122
1134	2 147
1136	118 114 98 127
1137	20 10
1138	118 3
1139	8 72
1140	3 73
1141	24 57
1142	0 95
1143	12 4
1145	4 73
1146	49 44
1148	18 4
1150	6 3
1151	122 17
1152	23 14 33
1153	27 158 37
1154	22 35 24
1156	128 40
1157	127 49
1159	47 2 21 108
1160	6 6 37
1161	49 37
1162	6 114 83
1164	114 44
1165	22 4 14 95
1167	121 1 7 49
1168	144 1
1169	14 53
1170	17 40
1172	6 16 55 4
1173	27 8 71 44
1174	4 37 13
1175	113 37
1177	133 74
1179	57 7 17 24
1180	23 70
1181	3 1
1184	39 4
1185	49 124
1186	18 9 49 1
1187	4 44
1188	3 49
1190	18 28 70 1 10
1192	50 43 68
1193	28 18 38 73 17 135
1194	18 74
1195	20 73
1196	1 40 44
1197	9 25 37
1199	37 37 130
1200	0 11
1202	53 68
1203	3 21
1205	21 58
1206	40 4 100
1207	23 1
1208	21 6 16 80 15 128
1209	44 10
1210	63 16
1211	6 11
1212	1 3
1213	35 18 24 19 74 13
1215	80 49 10
1216	9 65
1218	8 26
1219	65 114
1220	73 39 17 88
1221	4 68 113
1223	6 35
1224	84 113
1225	3 16
1226	56 44
1227	63 1 24
1228	3 69
1230	18 1
1231	0 3
1232	16 1 1 74
1234	122 33
1235	1 1
1236	6 4 23
1237	21 1 4
1238	73 19
1239	154 17 112 13
1241	3 11
1242	8 25
1244	3 4 16 37
1245	50 69
1246	0 74 158
1247	28 23
1248	9 70 3 1
1249	31 51
1251	3 52
1252	75 37 72 144
1253	16 16
1254	37 4 70
1255	1 6
1258	3 0 120
1259	2 68
1261	7 2
1262	1 3
1263	8 7 37 4 23 16 145 23
1264	21 99 13 49
1265	37 7
1266	44 103
1267	16 1 68 68
1268	24 70
1270	36 37 74
1271	1 16 1
1272	0 38 4 26
1273	56 3
1274	0 16
1275	3 21
1276	4 77
1278	140 99
1279	56 15 0 14 43 4
1280	22 7 7 16 79 33 124
1281	31 59
1283	37 68
1284	24 57 43 23 49
1285	1 74
1286	44 37 57
1288	17 0 16 17
1289	4 37
1290	8 40
1291	113 15 103 70
1292	65 25
1294	58 37
1295	37 19
1296	28 19
1298	73 80
1300	1 73 1 17 73
1301	68 91 13
1302	0 94 37 43
1303	8 145
1304	44 40
1306	22 0
1307	29 28 1 6 23 37
1309	1 23
1310	1 58
1311	65 37 4
1312	3 60
1313	18 71
1314	1 7 4 122
1315	0 122
1316	44 1 16
1317	1 13
1318	49 58
1319	1 23 10 1
1320	76 1
1322	6 90
1323	3 16
1324	21 57
1326	74 14
1328	18 109
1329	3 15
1330	3 3
1331	49 74
1332	24 19
1333	3 120
1335	1 114
1336	18 3 8 26 23 16 37 1
1337	1 7
1338	1 49
1339	3 7 17
1340	7 127
1341	3 100 82 114
1343	34 33
1344	11 17 23
1346	0 13
1347	21 27
1349	8 7
1351	37 82 11
1352	94 1 0 10 26
1353	159 37
1354	19 18 17 15 24 74 44 153
1356	34 16 59
1357	64 99
1359	99 4
1360	3 43
1362	2 117
1363	18 37 59
1364	17 159
1365	56 1 16 128
1367	63 127
1368	8 20
1370	1 69
1371	56 72 137 83
1372	1 21
1373	16 4
1374	9 65 82
1375	23 59
1376	22 135
1377	3 2 13
1378	3 36
1380	4 98 103
1382	64 153
1383	2 17
1384	1 37
1385	44 37
1386	26 4 3
1387	23 23
1388	3 37 63 79
1390	6 4
1391	44 2
1393	65 73
1395	2 0
1396	24 68
1397	37 27
1398	114 124
1399	16 84
1400	37 3 49
1402	3 68
1404	26 25
1405	73 44
1406	2 29 17 21 3 13 11
1407	1 74
1408	37 25
1410	22 37
1411	14 64 69
1412	4 37 70
1413	4 57
1415	63 21 153
1416	3 159
1417	21 61
1419	4 70 59
1420	10 35
1423	55 40
1424	4 17
1425	18 4 61
1426	17 13
1427	28 17
1428	113 10
1430	14 59
1432	17 17
1433	23 31
1434	1 16
1435	28 49
1436	118 70
1437	18 10 1
1438	58 56 48 44 11
1439	59 3
1440	19 37
1442	22 79
1444	18 19
1445	0 22 26 24 70 13
1446	63 73
1447	52 34 68
1448	18 18 1 108 153
1449	3 3
1451	48 158
1452	35 98
1453	4 11
1454	24 37
1455	18 37
1456	4 19 4 75
1457	84 11
1458	79 102 75
1460	20 44
1461	1 54
1462	4 67
1463	118 120
1465	16 72 18 49 4 16 114 0 35
1466	3 1 49
1467	28 1 96
1468	18 9 73 42
1469	0 18 49 44 27 114 11 128
1470	74 45
1471	82 68
1472	1 10
1473	21 8 8 11 16 4 38 49 136
1474	7 6 23
1476	20 57
1478	21 1 37
1480	70 125
1481	18 0
1482	18 135 116
1483	3 122 121
1485	17 53
1487	52 37 81
1488	131 49
1489	3 114 4 13
1490	6 60 82
1491	63 37 79
1492	48 70
1493	8 52
1494	4 43 123 68
1496	21 69
1497	37 8 59 10
1499	6 16 23
1500	34 37
1501	1 3
1502	18 11
1503	18 68
1504	24 118
1505	59 11
1507	18 17 23
1508	3 3
1509	3 107 72
1511	63 3
1512	73 59
1513	2 5
1514	63 79
1516	6 16
1517	153 23 10
1518	10 99 26 79
1520	103 136
1521	17 27 19 113
1522	21 95 43
1523	68 103
1524	3 79 144 43 72
1526	44 4
1527	2 37
1528	48 70
1529	8 6 43
1531	7 4
1532	11 64
1534	24 17 4 1
1535	53 40 4
1536	3 44
1537	2 1 19
1538	6 70 70
1539	45 122 144
1540	39 118
1542	6 124
1543	6 21
1544	112 70 37 43
1545	28 19
1547	69 17
1548	16 17
1549	21 78
1550	7 52
1552	1 31
1553	64 100
1554	19 4 75
1555	65 10
1556	9 37 35
1558	3 37
1560	70 113
1561	25 118
1562	4 2 1 17
1563	12 17 49
1564	1 2
1565	37 24 127 114
1567	6 17 71
1568	7 55
1569	4 17
1570	8 3
1571	73 4
1573	17 68
1574	6 16 14
1576	74 49
1577	10 118 61
1578	3 39
1579	79 113 17 19
1581	68 69 24 137
1582	9 53
1583	52 77 37
1584	50 73
1585	7 79
1586	22 24 105 11
1588	48 117
1589	23 68
1590	79 26
1591	1 17 70
1592	10 26
1593	65 8 59 72
1594	18 7 73
1596	8 63 75
1597	8 1 1
1598	3 17
1599	0 11
1601	4 4
1602	70 70
1603	18 0
1604	2 69
1606	14 137
1607	43 10 118
1608	23 65
1609	9 27
1611	0 16 50
1612	8 21
1613	10 4 59 33
1615	2 17
1616	10 144 61 1
1617	20 1 21 95 95 19
1618	4 3
1619	56 3 69
1620	2 4
1622	3 13
1623	45 70
1624	19 16 23 44
1626	0 3 11
1627	79 74
1628	22 60
1629	1 3
1631	1 37
1632	28 0
1633	61 84
1634	24 24
1636	14 27
1637	20 49 26 124 17
1638	119 17 37
1639	0 16 131 40
1640	0 11
1641	69 128
1642	106 74 37 44
1643	28 4
1644	70 1
1645	9 99
1647	6 11
1648	95 69
1650	9 11
1651	56 0 4
1652	82 7 26 33
1653	28 14
1654	73 151
1655	60 95
1656	12 70
1657	1 1 68
1658	21 4 1 74 1 52 141
1660	118 58
1661	21 82
1663	39 58
1664	1 103
1665	17 15
1666	2 4
1668	22 24 14
1669	6 1 44 117
1670	114 17
1672	20 0 16 73 33
1673	3 7
1675	16 37 69 64
1676	79 34
1677	16 73
1679	0 14
1680	18 21
1681	18 23 37
1682	3 50
1683	28 19
1684	1 43
1685	23 17
1687	18 0
1688	56 18 3 70
1689	24 44
1690	6 99 19
1692	21 46
1693	13 48
1694	21 21
1695	20 64
1697	7 21
1698	18 3 128 141
1699	18 0
1700	28 61 43
1701	65 70 141
1703	28 17 16
1704	21 79
1705	1 90
1706	24 3 17
1707	26 79
1708	0 11
1709	17 10
1710	0 1
1711	22 44 30 27
1712	14 75
1713	17 95
1715	21 1
1716	21 16 114
1717	37 45 30
1719	1 73 118
1720	113 122
1721	8 13
1722	56 1 43
1724	82 21
1725	8 80
1726	23 131
1728	45 20 35 68
1729	8 24
1730	17 26
1731	69 16
1732	60 63
1733	1 74 43
1735	17 70
1736	12 48
1737	56 74 3
1738	60 4 59
1740	27 18 21 62 26
1741	18 5
1743	9 23
1744	127 59
1745	22 16
1746	2 1 37
1748	25 3 18 2 4 19 115
1749	18 70
1750	0 65
1751	70 38
1752	7 39
1753	2 16
1755	4 37
1756	17 2
1757	17 2
1758	128 70
1759	4 19
1761	49 1 37 1 127 37 70 34
1762	49 18 59 74
1763	48 100
1764	23 50
1765	56 2
1766	11 38 17 125
1767	17 17
1768	0 18
1771	4 62
1772	21 1
1773	18 49
1775	7 12
1776	37 3
1777	37 127 72
1778	37 137
1779	2 17
1780	23 76
1781	9 7
1783	4 46 11
1784	17 10 84 11
1785	56 63
1786	21 82
1788	65 44
1789	91 43 19
1791	74 50
1792	22 1
1793	4 0 37 50
1794	38 127
1795	1 38
1796	20 127 61
1797	95 3
1799	21 3
1800	9 22
1802	10 73
1803	8 17
1804	103 3
1805	58 59
1806	21 21
1807	126 40 72
1808	60 63
1809	48 1 113
1810	73 17 95
1813	7 58 127 17
1814	2 103
1815	18 70
1816	94 1
1817	1 24 36 49
1819	73 27
1820	21 8 14 12 95
1821	21 95
1822	12 159
1823	18 62 26
1825	15 69
1826	118 4
1828	8 50
1829	74 1
1830	88 37
1832	4 74
1833	1 1
1834	103 37
1835	49 11
1836	95 13 121
1837	14 70 45
1838	4 8 37 100
1839	18 45
1841	9 77
1843	1 38
1844	16 113 11 58
1845	15 18 63 17 24
1846	74 3
1848	9 47 56 11
1849	49 1
1850	18 55
1851	17 1
1852	21 54
1853	0 44 13
1855	70 7 6 103
1856	8 24 3 93
1857	118 11
1858	103 81 72
1859	20 77 50
1860	17 68 74 11
1862	1 157 154
1863	9 94 34
1865	4 17
1866	2 49
1867	18 24
1869	6 68
1870	15 17
1871	13 60
1872	9 17 63 21 17 58 102 32
1873	3 62
1875	14 35 131 1
1876	7 24 11
1877	68 64
1878	18 57 4
1879	3 1
1880	28 37
1881	16 44
1882	57 70
1883	49 11
1884	38 4 17
1886	9 68
1888	14 17 113 3 13
1889	18 49
1890	16 70
1891	21 114
1892	4 1
1893	73 6
1895	21 37
1896	8 3
1898	49 64
1899	20 37 58
1900	114 45
1901	52 70
1902	19 72
1904	57 95
1905	8 49
1906	4 4
1908	23 3
1909	8 22 145
1910	10 72
1911	3 25
1912	7 3
1914	1 79 69
1915	28 141 103
1916	1 114 70
1917	1 69
1918	18 145
1919	0 68 13
1921	43 118 113
1922	69 35 76 17
1923	49 72
1924	68 3 19
1927	0 37
1928	63 59 59 114
1929	21 50
1930	18 49 75
1931	28 16
1933	34 103
1934	17 4
1935	17 70
1936	18 1 17
1937	3 68
1938	112 37
1939	6 4 113 37
1940	63 74 35
1942	74 0
1943	1 59
1945	9 9
1946	166 121
1947	3 69 16
1949	23 75 11
1950	118 53
1951	56 21
1952	18 61
1953	62 4 17
1954	1 6 113
1956	59 70
1957	6 3
1958	3 23
1959	22 16 23
1961	23 4 75 0 60 95 129 113
1962	113 1
1963	22 3
1964	70 37
1966	21 0
1968	1 4
1969	3 17 37
1970	16 17
1972	18 20
1973	0 21
1974	8 69
1975	2 73 4
1976	17 23
1977	28 25
1978	1 7 48 17
1980	18 20 43
1981	17 46
1982	20 46
1983	44 17
1984	0 1
1987	21 19
1988	3 102 70
1989	50 79
1990	19 66
1991	6 55
1993	82 100
1994	26 34
1996	1 118
1997	65 1 84
1999	53 23
2000	3 49
2002	68 26 23
2003	106 16 16
2006	68 19 52
2007	93 72
2008	128 124
2010	65 116
2011	0 17
2012	50 44
2013	8 144
2014	4 111
2015	2 63 37
2016	6 37 26
2017	17 3
2018	77 68
2020	3 75
2021	95 91
2023	2 37
2024	56 100 19
2025	0 18 0 38 10 43
2026	4 62
2027	36 127
2028	68 13
2029	7 20
2030	47 3
2031	18 3
2032	7 6 113 102 19
2033	82 79
2034	65 59
2035	17 11
2037	34 26
2038	135 65 24
2039	76 1 157 33 99 51
2040	1 68 118
2041	125 37
2042	74 7
2044	6 69 75
2045	118 114
2047	21 2
2048	0 17
2049	18 45
2050	99 4
2052	22 1 3 139 26
2053	24 70 1
2054	56 68
2055	53 25 159 74 103
2057	0 114 49
2058	6 50 43
2059	3 44
2060	25 35
2061	1 37
2062	39 145
2064	0 49
2065	65 13
2066	73 8 4 6 64 49 17 1
2067	99 5
2069	64 68
2070	92 26
2071	4 23
2072	3 49 82 11
2074	8 17 114
2075	3 73
2076	27 49 135 65
2077	18 49 1 74
2078	49 90 4 25 158 82
2079	9 69 118
2081	47 74
2082	8 3 14
2083	52 73
2084	37 64
2085	0 10
2086	23 3
2088	1 33
2089	94 49
2090	10 103 130
2092	20 103 69
2093	37 65 23
2095	8 19
2096	3 73
2097	52 22
2098	4 43
2100	82 141
2101	27 70
2102	17 1
2103	7 59
2105	113 6
2106	74 43
2107	12 49
2108	14 24
2109	27 68
2110	0 122 75
2111	6 99
2113	6 1
2114	3 2 68
2115	3 1
2116	43 113
2117	56 10
2120	18 69
2121	44 70
2122	75 103
2123	6 50 16
2124	75 60 95
2125	16 23 11
2126	8 18 23 43 43 154
2129	4 37 44 50
2130	81 1
2131	8 59 118
2132	17 118 65 95 34
2133	37 1
2135	11 69
2136	3 17
2137	6 37 10 58
2138	2 4
2139	4 74
2140	95 147
2141	17 70
2143	3 1 17 58 49
2145	22 48 135
2146	18 107 155
2147	50 10
2148	20 21
2149	6 43
2151	26 1
2153	21 82
2154	12 1 67 72
2155	85 58
2156	3 4
2157	24 65
2158	56 3
2161	14 17
2162	19 17
2163	3 17
2165	49 4 1
2166	49 149
2167	2 37
2168	47 1
2169	106 20 18 1 73 3 82 1 4
2170	1 3 5
2171	5 3
2173	16 48
2174	35 153
2175	63 1
2177	63 1
2178	59 4
2179	57 37
2181	18 4
2182	59 64
2183	102 1
2185	18 37
2186	10 74
2187	7 37
2189	17 2
2190	2 11
2192	21 10
2193	3 73
2194	18 1
2195	6 7
2196	33 34
2197	24 1
2198	24 82
2200	35 9 73 1 49
2201	4 14
2203	2 116
2204	0 11
2205	37 11
2206	55 4
2208	17 6
2209	18 141
2210	51 24
2211	10 31
2212	28 49
2214	3 65
2215	69 70 61 4
2217	113 23 1
2218	8 20
2219	1 31 70 59 24
2220	0 74 1 125
2221	21 6
2222	1 11
2224	61 10
2225	3 34
2226	3 113 55
2227	4 37 13 37
2228	49 23 59
2229	17 21 72
2230	18 17
2231	106 35 17 68 157 26
2233	10 37 72
2235	35 98
2236	17 6 57 121
2237	24 4 151
2238	16 74
2239	0 23
2240	1 10
2241	3 71
2242	29 73
2243	55 98 33
2245	17 101
2246	49 1
2247	78 113
2248	36 82 30
2249	82 16
2251	17 36 23 73 100
2252	8 105
2253	69 1 25
2254	1 23
2255	1 35
2257	1 2
2258	115 35
2259	34 76
2260	4 50
2262	108 1
2263	20 64 113
2264	21 73
2265	49 34 46
2266	1 113
2268	9 1
2269	50 113 118
2270	21 114 73
2272	1 21
2273	16 42
2274	1 17
2275	35 59
2276	0 90 113
2278	7 114 38 70
2279	3 37
2281	34 15 67
2282	28 108
2283	27 70
2285	24 0 69
2286	56 4 37
2288	100 4
2289	35 28 52 130
2290	6 23
2291	8 13
2292	3 48
2293	4 1 113 11 122
2296	18 10
2297	56 15
2298	107 158
2299	35 155
2300	3 12
2301	12 4 21 113 127
2302	23 99
2304	21 2 3 24
2305	4 23
2307	11 59
2308	23 1
2309	20 82
2310	9 17
2311	37 23 16
2312	17 1
2314	90 0
2315	1 4
2316	102 0
2317	68 128 26
2318	0 36
2319	19 70 37
2320	21 43
2321	27 82
2322	87 1
2323	9 113 37
2325	163 70
2326	53 22 1 23
2328	9 37
2329	19 17
2330	1 3 17 43 16 81
2331	4 16 1
2332	16 8 44 15
2334	1 70
2335	10 6
2336	21 113
2338	3 62
2339	3 1
2340	4 49
2341	25 3
2342	105 99
2343	1 58 137 49 70 155
2345	28 83
2346	8 0 122
2347	15 72
2348	21 43
2350	49 95
2351	3 64
2352	2 24 22 82
2353	63 73
2354	16 17
2355	1 37
2356	17 4
2357	6 78
2358	79 19 113
2359	95 23
2360	1 114 114
2361	10 43
2362	82 74
2364	48 42
2365	99 28
2366	15 75 4
2367	37 8 10 1
2369	52 33
2370	17 78
2371	43 31
2373	18 4 4 4
2374	22 23
2375	22 53
2376	4 17 43
2377	22 4 3
2378	2 79 17
2379	0 55 49
2380	16 25
2382	26 38 4 45
2383	59 27
2385	74 135 37 68
2386	103 98
2387	20 16
2388	0 3
2389	7 9
2390	0 1
2391	21 23
2392	43 17 102
2394	49 24 11
2395	3 6
2396	20 23 33
2397	1 118 69
2398	9 36 35
2399	6 4 100
2400	43 59 118
2402	1 90
2403	1 3
2404	59 83
2407	138 70 116
2408	76 4 32 74
2409	59 4
2410	90 7 6 21
2411	16 4
2412	19 94
2413	2 55 13
2416	0 50 82 16
2417	58 49 1 62
2418	78 75
2419	32 4
2421	3 1
2422	6 33
2423	22 26 69
2424	43 37 83
2426	18 76
2427	52 74
2428	135 17
2429	19 90
2431	99 3 14
2432	8 16
2433	26 1
2434	12 3
2435	27 75 68
2437	2 139
2438	21 79 73
2439	50 122 82
2440	0 109
2442	2 55 70
2443	4 34 11
2444	7 16
2446	4 65 10 1 4
2447	22 17
2448	0 0
2450	22 34
2451	1 8 1 44 98
2452	30 24
2454	3 37
2455	2 157
2456	18 118
2457	7 65
2458	29 16
2459	36 44
2461	6 83
2462	37 18 21 22 1 91 3 68 70
2464	9 22 43
2465	41 61 58
2466	18 82
2468	1 17
2469	6 39
2470	38 0 37 69
2472	107 70 131
2473	18 48
2475	3 27
2476	3 0
2477	6 1 11 135
2478	20 4
2480	17 141
2481	106 52
2482	0 2 105
2483	28 65
2484	16 1
2486	6 24
2487	4 19 73
2488	4 153
2490	1 4 79
2491	81 51
2493	14 37
2494	10 37
2495	2 46 4 16
2496	3 43
2498	6 50
2499	3 43
2500	17 25
2501	2 2 73 70 68 37 153 35
2502	24 141
2503	21 29 16
2504	1 2
2505	55 44
2507	1 1 26 72
2508	37 16
2509	1 114
2511	3 1
2512	1 1 137
2513	22 21
2515	18 44
2516	68 63
2517	14 3 27
2518	9 87
2520	47 21
2521	7 23 1
2522	4 153
2523	6 17
2524	8 37
2525	43 73 16 30
2527	18 18 74 23
2528	34 44
2529	3 34 72
2530	99 153
2531	50 11 113
2532	24 163
2533	6 9
2535	63 3 59 4
2536	59 24 114
2538	65 23
2539	4 10
2540	0 50 4 118
2541	56 4
2542	59 17
2544	1 26
2545	43 1 99
2546	21 4
2547	0 122
2548	18 10
2549	2 3
2550	0 3
2551	27 4 74 48 53
2552	21 131
2555	3 6 22 70
2556	3 17 19
2557	62 95
2558	6 2
2560	65 69 120
2561	2 70
2562	3 3
2563	24 67
2564	17 2 17
2565	3 114
2567	22 17 69
2568	1 49
2570	27 16 122
2571	22 114 0 22 24 73 43 59
2572	4 115
2573	82 59
2574	94 1
2576	17 37
2577	21 39 37
2578	26 16 13
2580	49 19
2581	18 73
2582	3 1
2583	72 65
2584	103 1 29 88 24 25 118
2586	82 26
2587	18 21
2588	52 4
2589	9 19
2592	72 36
2593	17 17
2594	9 1
2595	49 6 70
2597	8 1 20 82
2598	8 17
2599	59 158
2600	88 10 95
2601	122 107
2602	73 4 37
2603	88 52
2604	43 68
2605	69 16
2607	10 52 35
2608	28 55 70
2610	56 11 118 16
2611	19 2
2612	4 2
2614	9 4 3 69
2616	20 31 79
2617	8 74
2618	37 44 75
2619	19 81
2621	26 1
2622	92 24 3 70
2623	36 91 70
2624	21 65 1 10
2625	16 37
2626	3 4 1 69
2627	1 37 37
2628	0 1
2630	24 43
2631	0 1
2632	99 23 23
2633	6 43 70
2634	6 120
2635	17 75 73
2638	9 79 26
2639	1 24
2640	20 4 2 25
2642	50 43
2643	0 17
2645	21 1
2646	23 38
2647	3 2 50 31
2648	3 2 113
2649	19 1 100 19
2650	6 7
2651	4 116
2653	37 16 57
2654	3 73
2655	43 23
2656	8 4 43 114
2658	56 1 163
2659	7 81
2661	18 1
2662	3 4
2663	18 102
2664	3 40
2665	3 118
2666	18 71
2668	49 0
2669	9 114
2670	6 24 33
2672	22 118
2674	107 10
2675	1 26 79 21 17 72 127
2676	2 100 126 23
2678	113 17
2679	13 73 77 74
2680	7 116 19
2681	18 0 22 4
2682	4 16
2683	44 4 64
2684	37 113
2685	10 37
2687	0 118
2688	1 21
2689	4 61 13 1
2691	17 33
2692	6 1 4 60 0
2693	23 20 43 3 21 124 17 68
2694	0 6
2695	20 53
2697	1 62
2698	50 23
2699	17 4
2700	23 67
2701	18 37
2702	21 37 50
2704	24 17
2705	73 4
2706	0 82
2707	68 1 113
2708	28 30
2710	69 49
2711	4 12
2712	52 137
2713	11 12
2714	18 113 44
2715	8 122
2717	3 21
2718	18 38 79
2719	8 73
2720	21 73 14
2722	2 35 82 19 11 23
2723	24 37
2724	68 49
2725	0 17
2726	21 69
2727	0 59
2728	80 2
2729	2 16
2732	21 3
2733	130 4
2734	44 73
2735	24 31
2737	73 17 40 4
2738	156 16 4 45 16
2739	49 10
2740	2 130 48 1 100 34
2741	25 21
2743	8 78 127
2745	1 77 43
2746	70 4
2747	21 51
2748	65 23 37
2749	1 64
2750	17 43
2752	18 2
2754	24 3
2755	43 153
2756	3 59
2757	2 15
2758	25 100
2759	59 11
2760	95 23
2761	3 1 75
2762	1 4
2763	18 3 3 15
2766	23 16
2767	21 61
2768	24 44 26 33
2769	6 48 2 3
2770	1 37
2771	114 88
2772	1 37
2774	22 3
2775	57 65 37
2776	17 1
2778	8 47 24 20 12 73 44 120 82
2779	21 3
2780	4 69 73
2782	13 3 13 2 16 17 45 70
2783	16 33
2784	81 43 51
2787	37 11
2788	43 18 34
2789	1 76 94 43
2790	70 70
2791	0 63
2792	1 95
2793	162 122
2794	4 113 59 70
2796	6 3
2797	50 49
2799	8 74
2800	22 102
2801	154 79
2802	63 26
2804	1 3
2805	24 37
2807	11 4
2808	69 7 73
2809	50 24 52
2810	22 24
2811	8 63
2812	1 21
2813	42 37
2814	16 70
2816	23 3
2817	132 15
2818	69 11
2819	15 118
2820	9 47 4 10 4 36 82
2822	48 61
2823	18 21
2824	49 98
2825	4 1 65
2826	3 1
2828	10 128
2829	4 114
2830	102 70
2831	37 59
2833	8 18
2834	34 31
2836	17 24
2837	27 19
2838	18 73
2840	8 2
2841	1 2 38
2842	10 43
2844	43 144
2845	17 82 79
2846	68 3
2847	0 103
2848	69 10
2849	24 69
2851	1 39 23 17
2852	41 17
2853	16 24
2854	69 34
2855	7 0
2856	0 1
2858	1 23 11
2859	18 44 19
2860	17 2 27
2861	0 67
2863	7 1
2864	6 43
2865	118 4
2867	34 1
2868	2 44 14 48 18 127 4 17 3 44 43
2870	18 17
2871	100 100
2873	14 17
2874	52 15
2875	74 65
2876	4 3 43
2877	26 113
2879	0 17
2880	22 4
2881	27 17 27
2882	16 52
2883	4 64 82
2885	0 10 20 4 37 70
2886	18 63
2887	28 4
2889	16 44 102
2890	3 126 84
2892	29 39 37
2893	18 11 1 44
2894	10 24 19 24
2895	28 25
2896	18 16
2897	14 27
2898	17 74
2900	22 60 118
2901	73 35
2903	118 17
2904	19 19
2906	18 24
2907	18 22
2908	63 6 74
2909	50 25 128
2910	20 137
2912	2 136
2913	7 90
2914	6 17
2915	22 3
2916	18 27
2917	0 49 153 17
2918	22 59
2920	22 16
2922	0 43 7 0 68 38 74 39 40
2923	7 58
2925	19 3
2926	74 74
2928	7 9 43 152 13
2929	118 4
2930	57 4
2931	3 35
2932	27 25
2933	6 17 37
2934	120 49
2935	68 50
2936	7 1
2937	18 2 112
2938	13 26
2940	1 4
2941	18 3
2942	10 17
2943	3 117
2944	18 38 49
2945	58 40
2946	55 34
2948	2 23
2949	48 16
2951	1 136
2952	17 3
2953	49 20
2954	23 94
2956	0 53 23
2958	24 3
2959	70 1
2960	1 55
2962	1 21 4 73
2963	91 4
2964	82 19
2965	3 37
2967	24 34
2968	28 43 114
2969	65 124
2970	127 37
2972	4 17 80
2973	1 59
2974	7 25 21
2977	37 122
2978	24 22
2979	73 70
2980	48 48 20 8 37 21 10 59 10
2981	47 46
2983	8 3
2984	56 1
2985	34 6 113
2986	118 102
2988	21 58 114
2989	1 59 37
2991	22 16 77
2992	22 3
2993	4 103 43
2994	3 95
2995	24 3 50 23
2996	118 49
2997	0 57 15 68
2998	6 55
3000	17 55
3001	20 127 17 69
3002	56 13 19
3004	20 3
3005	3 16
3006	11 1
3007	21 2
3008	7 114
3010	17 3
3011	102 60 23
3012	18 16
3013	7 18
3014	37 1
3015	155 153
3017	61 24
3018	23 38 135
3019	69 73
3020	1 49
3021	7 1 98
3023	15 74
3025	18 10
3026	31 14 4
3027	26 11
3029	21 0
3030	23 9 12 0 12 45 67 34
3031	21 25
3032	6 15
3033	21 15
3034	56 71
3035	23 19
3038	21 74 27
3039	0 113 118
3041	65 49
3042	64 6 45 37
3043	2 0 4 2 4
3045	8 23 95
3046	1 25 16 44 113
3047	13 10
3048	18 24
3050	17 49 34
3051	118 63 1
3052	107 79
3053	9 49 37 68 3
3055	18 37
3056	37 23
3057	53 44
3058	65 21 16
3059	3 2
3061	56 1
3063	18 88 14 37
3064	1 37 17
3065	36 88 4
3066	24 50
3068	19 4
3070	48 122
3071	22 22 136
3072	6 16
3073	28 3
3074	1 115 58
3076	22 1
3077	1 26 49
3078	88 52
3080	25 115
3081	22 137
3082	18 23 128
3083	3 69
3084	73 0
3086	86 50
3088	8 70 74
3089	56 100
3090	23 38 158
3091	0 13
3093	4 155 153
3095	52 69
3096	72 36
3097	2 118
3098	56 21
3099	49 68
3101	3 57
3102	2 79
3103	24 13
3106	25 49
3107	23 114 113
3108	56 36
3109	22 73
3110	0 19
3111	27 39 124
3112	127 34
3113	2 69
3114	91 43
3116	21 59
3117	37 68 159
3118	18 102
3119	49 21
3121	6 17
3122	2 23
3123	3 23
3125	63 2 52 99 108
3126	8 79
3128	65 4
3129	3 21 128
3131	22 49
3132	4 72
3133	8 21
3134	18 16 122 49
3135	24 4
3136	21 43 10
3137	126 102
3140	8 11
3141	115 74
3142	20 1
3144	1 10 70
3145	22 37
3146	53 69
3147	0 20
3149	6 39
3150	44 21
3151	33 163
3153	3 128 48
3154	0 13
3155	1 1 24 80
3157	153 70
3158	6 11
3160	9 15
3161	7 57
3162	16 94
3164	3 43
3166	20 79
3167	9 24 74 73
3168	28 20 1 69
3169	43 4
3170	13 1
3172	21 0
3173	2 118
3174	22 2 13
3175	23 15 95
3176	12 17
3177	37 99
3178	21 37
3179	0 15 151
3180	24 7
3182	18 4
3183	37 102
3184	2 3 16
3185	6 130
3186	141 72 62 101
3187	37 118
3188	68 45
3189	7 3
3192	63 158 43
3193	0 48
3194	0 22 59 63 15
3195	72 10
3197	2 17
3198	47 1
3199	65 72
3201	49 19
3202	3 2 82
3203	28 50 17
3204	69 15
3205	130 52
3207	13 1 17
3208	18 52 16 77
3209	1 16
3210	9 23
3211	81 2 64
3212	10 120 75
3213	3 74
3215	21 11
3217	28 11 13
3218	1 17
3219	21 0
3221	72 27
3222	21 18 1 99 19
3223	11 113
3224	114 3
3226	6 4
3227	1 77
3229	65 57 37 75
3230	22 20 37 3 46 19 16
3231	0 59
3233	0 1 11 1
3234	3 25
3235	17 23
3237	18 18
3238	8 3
3240	6 23
3241	74 17
3242	16 25 72
3243	26 15
3244	0 35
3246	16 10 114
3247	37 33 19
3248	4 70 1
3249	21 50
3251	4 24
3252	70 37 121
3253	44 63
3254	18 37 64
3255	19 17
3256	18 65 27
3258	1 34
3259	1 3
3261	17 4
3262	3 31
3263	49 37
3264	21 16 90
3265	73 77
3266	37 72
3267	21 68
3270	9 21
3271	41 13
3272	8 1
3273	135 27
3275	8 15
3276	56 1
3277	21 32 65 63
3278	8 9 4 8 3 26 118 68
3280	15 114
3281	96 16 15 10 37
3282	29 14
3283	44 117
3284	24 4
3285	17 1 114
3286	11 1 74 4
3287	72 49
3289	16 25
3290	0 53 6 73
3291	37 18 17 21
3292	17 1
3294	9 23
3295	28 1
3296	8 73
3297	28 7 75 15
3298	145 4
3299	36 24
3301	1 121
3302	21 21
3303	7 118 25 137
3305	28 9
3307	130 158
3308	25 44
3309	60 52
3310	95 82
3311	1 16 63 64
3312	10 23
3313	6 114
3314	3 14
3315	1 70 17 24
3317	39 154
3318	71 69
3320	7 21
3321	20 79
3322	21 114 59
3323	44 37
3325	3 37 37
3327	121 78
3328	3 24
3329	8 16 65
3330	15 58
3331	127 118
3332	37 43
3333	19 34 7 6 17
3335	10 76 97
3336	59 4
3338	18 19
3339	22 21
3340	116 34
3341	37 11
3342	3 19
3343	50 99
3344	118 15 80
3346	2 49
3347	60 91 70 118
3348	3 37
3350	6 0
3351	6 10 13
3354	22 57 17
3355	9 10
3356	120 69
3357	1 76
3358	16 9 3 145
3360	113 37
3361	43 3
3363	141 121
3364	67 59
3365	103 10
3366	99 17
3367	11 18 18 68 141
3369	3 0 141 10 70
3370	28 1 64
3372	20 4
3373	18 43 146
3374	115 70
3375	2 11
3377	1 122
3378	2 37
3379	49 16
3381	74 127
3382	7 83
3383	57 10
3384	18 75 79
3385	18 9 69 17
3386	69 13
3388	75 34
3389	0 69
3390	17 71
3391	0 23 43
3392	21 17 0 70
3393	5 62
3395	49 16
3396	103 102
3397	9 136
3398	22 13 85
3399	4 63
3401	133 50
3402	0 3
3404	19 26
3405	63 37
3407	44 17 68
3408	2 11
3409	18 30
3410	8 31
3411	23 44
3413	9 36
3414	7 56
3415	0 15
3416	127 55
3417	32 37
3418	1 6
3419	1 141 123 33
3420	75 113
3421	21 13
3423	71 113
3424	13 4
3425	2 16
3426	29 73
3429	13 30
3430	1 73
3431	16 34
3432	23 21
3433	18 2
3434	12 3
3435	15 48 10
3436	56 2
3438	59 68
3439	48 1
3440	24 3
3441	7 3
3442	55 59
3443	3 82
3444	21 70
3445	110 50
3446	18 102
3448	19 118
3450	17 19
3451	29 1
3452	4 128 33
3453	0 55 72
3455	6 6 16 23
3456	67 24
3457	45 43
3458	44 37
3459	4 17
3460	25 23
3461	10 64
3462	9 37
3465	47 63
3466	28 14
3467	0 37
3468	22 128
3469	0 64 11
3470	2 16 71
3471	9 13
3472	3 19
3474	13 75 16 72
3475	7 3
3477	11 16
3478	0 49 3 72
3479	6 103
3480	99 63
3481	18 1
3482	13 0
3483	17 107
3485	0 82
3486	2 21
3488	37 113
3489	17 49 4 17 34
3490	0 39 18 39 11 44 3 73
3492	128 74 40
3493	43 69
3494	2 0 1
3495	3 135 43
3496	4 25 134
3497	3 88
3498	1 14
3500	6 2
3501	1 24 43 73
3502	0 14 1
3503	0 23
3505	22 4
3506	4 73
3507	74 17 70
3508	26 0
3509	0 1 118
3512	95 13
3513	99 7 68
3514	1 4
3515	7 13
3516	1 4
3517	113 3 5
3518	2 74
3519	20 65
3520	63 63
3522	8 9 150 65 1 63 100 49
3523	16 60
3524	0 1 1 93
3525	22 153
3526	1 73
3527	17 73
3529	44 16 0 3
3530	24 73
3531	13 1 20 3
3532	1 65
3533	140 70
3534	56 73
3535	50 70
3537	23 64
3538	1 25 52 82
3540	1 49
3541	3 3
3542	6 17 63
3543	1 1 36
3545	77 81 17 74
3546	1 8 17 2 50 37 69
3548	102 113
3549	28 25
3550	1 0
3551	37 4 113 71
3552	24 37 74
3553	3 50
3554	4 34
3556	18 74
3557	3 1
3558	94 44
3559	113 49
3561	0 24 95
3562	47 22 65 45 0 37 23
3563	7 1 81 6
3565	20 26
3566	70 22 100 1 65 49 24
3568	37 133
3569	4 17
3570	18 4
3571	149 10
3572	21 25
3573	40 21
3574	3 1 96
3575	20 25 60 59
3576	2 4
3577	21 151
3579	11 20 127 52 16
3580	0 102
3581	23 21
3582	1 23 17 5
3583	9 4 17 23
3584	34 74
3585	0 17
3586	74 3
3588	3 76
3589	19 4
3590	22 37
3591	3 18 0 35 95 4
3593	17 6
3594	2 95 68 58
3595	0 3
3597	37 19
3598	99 17
3599	20 3
3600	91 39 74
3601	3 134 78
3602	24 17
3603	59 82
3604	4 58
3605	1 16
3607	3 37
3608	11 129
3610	1 141
3611	8 65
3612	18 39
3614	1 35
3615	58 69 4
3616	23 1 6 43
3617	3 155 103 11
3618	22 4
3619	3 49
3620	6 3 74 114
3622	6 73
3624	19 1 82
3625	28 23
3627	18 11
3628	18 44 16 35
3629	49 73
3630	22 45 11
3631	7 52
3632	12 41 35 52 19
3633	4 121
3634	17 21
3635	3 21 16
3636	1 7 24
3637	17 101
3638	29 17
3640	19 19
3642	7 1 38
3643	21 1
3644	79 15
3645	22 74
3646	17 35
3648	6 25
3649	79 117
3650	68 74
3651	82 33
3653	1 11
3654	9 52
3655	142 13
3657	26 10
3658	20 1
3659	2 4
3660	1 1
3661	69 104
3662	37 55 40
3663	25 20
3665	18 1 50
3666	15 16
3669	13 118
3670	6 22 113 68
3671	73 44
3672	49 39 3 16
3673	37 122
3675	17 157
3676	6 0
3677	0 26
3679	18 17
3680	55 10 94
3681	49 85
3682	10 33 11 11
3683	22 14 37
3685	6 3
3686	7 7
3688	23 4
3690	21 44 114
3691	0 2 21 81
3692	37 49
3694	24 49 17 11
3696	35 90
3697	81 19
3698	3 11 82
3699	127 37 21 21 4 21 69 70
3701	4 17
3702	4 37
3703	24 130 21 157
3704	70 37
3705	8 25 16 40 61
3706	8 37 24 82 19
3707	28 43 49
3708	6 2 48
3712	27 73 23
3713	73 114
3714	6 115
3715	57 22
3716	21 73
3717	21 6 1 99
3718	24 1 8 8 135 4 2 98
3719	19 55
3721	0 10 51
3722	4 27 57 0 70 26 46 95
3723	76 49 11
3724	49 42 20 4
3725	21 17 13 70
3727	7 113
3728	7 40 3 112
3729	6 6 3 1
3730	4 133
3731	16 3
3732	22 56 4 65 74 21 48
3733	60 77
3734	18 90 19 3
3735	0 10
3736	39 59
3737	2 48 23
3738	7 3
3741	19 4
3742	22 17 37
3743	49 155 136 50
3744	5 32
3745	8 26
3746	50 67
3747	59 1 19 1
3748	21 37
3749	68 128
3751	22 23
3752	4 105
3754	3 17
3755	70 37
3756	37 1 37 14 16
3758	73 11
3761	17 37
3762	48 17
3763	8 2 4 65
3764	37 3
3765	63 137
3766	16 15
3767	4 84
3768	17 65
3770	12 4 68
3771	17 26
3773	1 153
3774	3 82 127
3775	50 74
3777	2 17 144
3778	57 17 72
3779	0 37
3780	22 116
3781	2 73
3782	34 25
3783	1 73
3784	51 26 141
3785	0 114
3786	21 49 16
3788	92 55
3789	9 63
3791	32 49
3792	35 4 24 26 37
3793	9 44
3794	114 13
3795	6 64
3796	0 35 11
3797	8 33
3798	6 114
3800	18 79 19 82 137
3801	73 3
3802	7 11
3804	18 75 17 23 95
3805	56 1
3806	103 17 64
3807	30 43 63
3809	36 22 34 58 118
3810	4 3 127
3811	18 7 55 3
3812	88 3
3814	6 49 130
3815	69 24
3816	50 17
3817	20 23 153 19
3818	103 1
3820	3 69
3821	27 113
3822	35 68 68
3823	4 84
3824	50 157
3826	24 14
3827	56 70
3828	26 74
3829	26 21 49
3830	17 16
3831	3 153
3832	34 1
3834	8 4
3835	85 25
3836	70 43
3838	4 38
3839	28 16
3840	3 1
3842	73 37
3843	22 0 50 134 1
3845	25 36
3846	40 20 1
3847	7 134
3848	70 63
3850	8 15
3851	158 155
3853	3 18 7 1 105 57 114
3854	1 37
3856	57 65
3857	7 68
3859	126 39 23
3860	23 37
3862	115 4
3863	7 4
3864	4 1
3865	49 72
3866	72 42
3867	43 58
3868	4 12
3869	24 82
3870	9 72 13 64
3871	28 0 46
3873	53 4
3874	37 4 37
3875	69 118
3876	21 17
3878	38 62
3879	39 39
3880	0 70 59 45
3881	95 19
3883	44 43
3884	17 21
3885	56 22
3886	114 19
3887	3 44
3889	16 4
3890	0 3 23 0 118 16 63 11
3891	17 10 1
3892	2 23
3894	56 102
3896	0 3 127
3897	1 61
3898	17 1
3899	74 1
3900	22 120
3901	22 39
3902	22 16 159
3903	50 22
3904	0 103
3905	114 102
3907	56 24 37
3908	2 74 16
3910	20 74
3911	21 11
3912	1 25
3913	4 3
3914	22 34
3916	28 50
3917	22 39
3918	0 1
3919	63 4
3920	73 3
3921	56 4
3923	4 3 43
3924	67 68 150
3926	3 48 11 105 3 57 37 21
3927	8 8 118 43 2 73 95
3928	24 7 1 26
3930	133 59 3
3931	6 17 4
3932	82 62 70
3933	17 99 70
3935	17 4 37
3936	19 68
3937	18 37 43
3938	43 9 2
3939	18 48
3941	3 34
3942	40 98
3944	58 132 53 44
3945	6 37
3946	7 16 37
3947	43 21 23 69
3948	0 63
3949	6 37 70
3950	4 3
3952	17 3 31 68
3953	37 117 11
3954	0 118
3956	28 68
3957	1 113
3958	79 121 19
3959	2 123
3960	7 157
3961	27 1
3963	0 0 0 118 37
3964	68 1 65 27
3966	1 70
3967	65 3
3968	110 23
3969	18 59
3970	43 121
3971	8 75 34
3973	22 72
3975	1 4 57 19
3976	37 3
3977	18 82
3979	37 34
3980	114 73 37
3981	2 3 26
3982	74 33 61
3983	52 17 58 23
3985	2 107
3986	48 16 17
3987	24 19
3989	21 56
3990	17 161
3991	83 54 26 115
3992	1 4
3993	18 4
3996	100 43
3997	22 52
3998	6 34
3999	9 11
4000	2 64
4001	147 72
4002	21 68 153 113
4003	5 90
4005	18 88 16
4007	57 2
4008	111 16
4010	2 10
4011	1 24
4012	7 1
4013	43 79
4014	21 99 69
4015	40 13 13 17
4017	8 3
4018	18 1
4020	0 36
4021	8 68
4022	3 64
4023	72 9
4025	16 63
4026	6 4
4027	18 37
4029	151 79
4030	95 4
4031	49 1
4033	136 58
4035	16 130 10 26 116
4036	9 6 10 4 127 14
4037	37 70 59
4038	0 22 43
4039	75 48 3 113
4040	29 68
4042	37 1 70
4043	44 1 81
4044	24 161 118
4045	0 1
4046	20 141
4047	20 1
4050	8 3
4051	63 23 16
4052	19 68
4054	110 1 1 16
4055	18 3
4056	0 39 57 120
4057	48 103
4058	21 21
4059	37 68
4061	2 68
4062	37 64
4063	21 10
4064	37 1
4065	42 60 38
4067	8 9 56 49 3 23 27 21 71
4068	113 74
4070	141 61
4071	3 6
4072	0 1 19 23
4073	21 43 135
4074	17 23
4075	23 69
4076	49 45
4078	24 39 63 19
4079	1 59
4080	39 44
4081	24 58
4082	67 91
4083	6 65
4084	57 64 24
4086	79 79 100
4087	79 16
4089	18 2 0 45 4 48 19
4090	43 21 69
4091	73 114
4092	0 72
4093	113 98
4094	1 3
4096	32 1 23 4 64 49
4097	1 1
4098	16 26
4100	2 35 1 4
4101	48 3
4102	18 37
4103	55 43 51
4105	9 17 43 70 4 68
4106	0 4 11 24
4107	23 27 33
4108	13 10
4109	53 17
4110	50 3
4111	8 57 78 26
4112	135 0
4114	21 68 13
4115	6 65
4117	18 74 65 24
4118	10 17
4119	21 81
4121	4 21
4122	4 37 3 91
4123	35 50
4124	23 68 16
4125	1 25
4126	25 64
4128	44 4
4129	16 0 70
4130	23 11
4132	16 3
4133	1 59
4134	8 59 17 77
4135	1 26
4137	4 24
4138	2 43
4139	26 8 8 49 10 69 34 19 37
4140	8 16
4142	0 17
4143	0 0 128
4144	72 73
4145	49 16
4146	17 136 34 71
4149	26 68
4150	8 0 35 37
4151	3 49
4153	0 31
4154	59 137
4155	37 75
4156	1 46
4158	63 22
4159	16 18 1 69
4160	50 16
4162	1 1
4164	25 4
4165	20 37 84
4166	11 3
4167	24 17
4168	35 16
4169	45 19 7 118 6 73 78 74
4171	15 74
4172	41 5 26
4173	65 103
4175	3 56 37 73
4176	37 113
4177	21 31
4179	17 17
4180	49 1
4181	7 1
4182	22 2
4183	37 157
4184	13 16
4186	20 81 23
4187	4 68
4188	90 0
4189	59 118 23
4190	17 99 37 72
4191	73 35
4192	3 110
4193	1 11
4194	23 69
4195	2 69 78
4196	22 61
4198	1 117
4199	4 35
4201	9 19 37
4202	18 37
4203	25 26
4204	72 16
4205	0 53
4207	1 2 2 11
4208	3 22
4209	6 37
4210	17 3
4212	42 16
4213	7 17
4214	18 3
4216	34 64
4217	21 4
4218	9 23
4219	73 43
4220	0 3
4221	3 103 16
4223	0 11
4224	18 44
4225	22 19
4226	37 1 70
4227	37 16
4229	7 62 74
4230	124 43 58 79
4231	7 1 59 10
4232	49 1
4233	63 58
4234	98 113
4235	2 118
4237	44 1 24
4238	16 138
4239	37 17 19
4240	13 4
4241	2 55 21 70
4242	3 69
4243	3 15
4244	69 37
4246	8 6 17 74
4247	1 49
4248	65 21
4250	17 17
4252	4 34 10
4253	6 1
4255	114 80
4256	0 74
4257	17 22 63 14
4258	2 106 21 4 128 44 21 58 13
4259	17 74
4261	24 0 81
4263	22 14
4264	22 120
4265	17 44
4266	65 3
4267	65 37
4268	1 26 99
4269	18 16
4271	25 43
4272	0 46
4274	98 19 79
4275	19 114
4276	37 24
4277	37 59
4279	6 1
4280	43 58
4282	1 104
4283	20 34
4284	151 79
4285	0 70
4286	25 2
4287	7 3
4289	113 22
4290	3 3 114
4292	1 16 37
4293	10 11
4294	9 138
4295	37 70
4296	68 99
4297	95 23 49
4298	1 65
4299	37 13
4301	59 1
4302	2 37
4303	137 1
4304	79 53
4306	37 13
4307	4 68
4308	43 1
4310	39 117 135
4311	7 24
4312	56 48 43 64
4314	5 43 19
4315	4 28 1 75 1 11 61 27
4316	0 5 70 34
4318	28 82
4319	69 4
4320	48 15
4321	10 52
4322	70 69
4323	1 82
4325	37 70
4326	21 69
4328	1 51
4329	0 103 5 44 127 127
4330	2 30
4331	1 57
4332	63 59
4334	0 112
4335	1 49
4336	4 102 11
4337	27 16 3 26
4339	49 49
4340	21 72
4341	37 3
4343	37 23
4344	6 17
4346	0 31
4347	100 59
4348	16 19
4349	115 4 37 73
4350	18 3 114
4351	6 37
4352	22 52
4353	0 128 60
4355	39 68
4356	11 10
4358	6 118
4359	0 61 49
4360	56 116
4362	38 79
4364	49 6 32 11 34 115
4365	24 28
4366	4 4
4367	7 57
4369	6 10
4370	18 44
4371	1 20 127 118 69 49
4372	25 17
4373	6 34 52
4374	3 23
4375	9 118
4376	19 16 68
4377	3 74
4379	4 127
4380	23 94
4382	29 73 10
4383	9 70
4384	3 75
4385	2 10 16
4386	4 58
4387	23 8 118 73
4388	1 19
4391	121 26
4392	83 68
4393	7 71
4395	7 136
4396	18 7 79
4397	8 83
4398	50 26 1 59
4399	3 114 10
4400	3 10
4402	8 63
4403	136 130 23
4404	3 91
4405	8 68 90
4407	70 1
4408	65 37
4409	8 37 3 4 4
4410	22 44
4411	28 27
4413	72 49 17
4415	4 33
4416	6 3
4418	28 9 24 3 113
4420	16 1
4421	18 37
4422	18 24
4423	3 6 1 8 107 3 68 19 34
4424	37 73
4425	48 43
4426	14 68
4429	20 2 4 135
4430	11 79
4431	4 49
4432	0 4 21
4433	6 16 113
4434	50 31
4435	7 21
4437	78 27
4438	69 4 141
4439	8 37
4440	1 49
4442	2 84
4443	65 114
4444	14 23
4445	21 13 64
4446	23 62 75
4447	21 59
4448	7 49 52 17 1
4449	20 37
4451	7 1 74 37
4453	37 63 50 113
4454	3 2
4455	24 31 79
4456	24 75
4457	27 69
4458	3 70
4460	1 44 17 64
4461	1 33
4462	7 75
4463	37 0 3 16
4465	118 65
4466	9 146
4467	26 4
4468	6 4
4469	9 6 34
4471	127 22 82 11
4473	1 57
4474	52 15
4475	68 18 16 44 35 95 13 4
4476	26 115
4477	22 44
4479	8 21
4480	29 43 55
4481	35 139
4482	105 65
4483	3 49
4485	118 19 46
4486	22 38 49
4487	37 62
4488	20 0 37
4489	6 1 4 23 73
4490	74 24
4491	6 36 162
4493	51 23
4494	4 2
4496	8 59
4497	22 21 20 8 26 44 153 37
4498	113 67
4500	49 4 3
4501	103 0 65 139
4502	49 3 10
4503	44 7 113
4505	22 20 1 1 11
4506	18 4
4507	22 1 68 120
4508	10 23
4509	24 24 50 12 33 134
4511	3 43
4513	6 23 71
4514	20 50 43
4515	44 3
4516	16 15
4517	17 82
4518	37 31 21 15
4519	44 113
4520	49 1
4521	4 157
4522	20 43
4523	1 82
4525	6 59
4526	0 3
4527	73 44
4529	37 0 68 68
4530	18 21
4531	19 24
4532	2 37
4533	64 5
4535	36 1 90
4536	21 21
4537	69 73
4539	0 23
4540	18 37 49 17
4541	7 17
4543	37 22
4544	39 99 30
4545	84 98
4546	22 4
4547	34 141
4548	17 129
4550	1 18 22 26
4551	4 114
4552	16 58
4554	22 4 19 17
4556	75 1
4557	20 17
4558	3 75 98
4559	44 22
4560	25 1
4561	3 36
4562	102 1 122
4563	17 95
4564	34 70
4566	2 4
4567	81 118
4568	73 73
4570	13 21
4571	3 37 21 132 56 70 37 40
4572	18 27
4573	56 16 37
4574	18 37 140 130
4575	40 124
4577	0 25
4578	23 141 10 49
4579	6 153
4580	25 69
4581	8 37 113
4583	68 50
4584	16 1
4586	21 52 138
4587	49 1 6 3 127
4588	0 3 68
4589	94 23
4590	1 49
4592	43 23
4593	18 21
4594	6 48
4595	24 18 22 73 69 61 23
4596	22 1 114 1 34
4598	76 39 145
4599	74 24
4600	6 40
4601	56 1
4603	37 28
4604	49 37 64
4605	70 70
4607	11 56 1 21 35
4608	16 80
4609	157 75 121
4610	26 69
4612	44 1 23
4613	44 27
4615	18 10 17 17
4616	68 3 37
4617	44 17
4620	6 24
4621	18 74
4622	2 13 19
4623	9 82
4624	10 19
4625	21 74 4
4627	28 35
4628	9 70
4630	74 10
4631	4 1 10 74
4632	56 0 17 137
4633	56 32
4635	39 4
4636	47 100
4637	26 27
4638	7 4
4640	37 17 75
4641	3 6 102 151
4642	41 24
4644	24 17
4645	18 1
4646	49 37 43
4647	7 25
4649	71 68
4650	6 3 11 14 24
4651	4 43
4652	0 16
4653	118 16
4654	9 6 3 69 58 127
4655	114 1
4656	6 3
4657	22 1
4658	49 12
4660	9 59 6 9 81 113 53 52
4661	72 19 72 141
4662	59 24 99
4663	17 98 141
4664	49 68
4666	1 9 44 4 133 16
4667	21 15
4668	16 4
4671	73 43
4672	10 1
4673	12 87
4674	8 22
4675	50 5
4676	44 23
4677	8 12
4678	0 101 1 72
4680	7 74
4682	83 44
4683	23 73 68
4685	36 1
4686	22 2
4687	37 17
4689	17 35
4690	37 37
4692	40 130
4693	8 68
4695	16 13
4696	18 68 128 37
4697	0 72
4698	6 19
4699	8 21
4700	1 65
4701	18 12
4703	1 114
4704	68 43
4706	121 16
4707	8 0
4708	49 24 76
4709	3 26 4
4711	8 9 82 73 123 127
4713	1 114 127 68 76 104
4714	3 19 73
4715	3 39 17 15 64 127
4716	3 124 124 95
4717	1 118
4718	7 74
4719	8 72 3
4721	102 19
4723	75 16
4724	25 4
4725	0 68
4726	0 76 16
4727	1 23 141 25 118 17 26
4728	18 1 27 14 37
4729	1 95
4731	21 40 17
4732	18 43
4733	9 26
4735	127 26
4736	90 17
4737	4 128
4738	51 82
4739	8 1 124 16
4741	1 21
4742	1 113
4743	8 1
4744	17 79
4745	27 114 49
4747	107 74
4748	0 73
4749	16 4
4750	1 37
4752	0 3
4753	18 49
4754	20 21
4755	22 23 4
4757	70 17
4758	9 44
4759	6 4
4760	22 70
4761	17 81
4763	0 17
4764	37 22
4766	44 31
4767	37 70 24
4768	73 95
4770	70 26
4771	118 44 5 37
4772	40 79
4774	137 37
4775	0 152
4776	7 124
4777	6 69 55
4778	6 82 23
4779	21 35 70 69
4780	0 11
4781	16 32
4783	22 22 8 94 114 113 4
4784	23 63
4785	24 0
4786	24 113
4787	28 1
4790	35 13
4791	17 4
4792	63 0
4793	3 11
4794	90 36 19
4796	26 18 70 14 31
4797	25 70 31
4798	63 48
4799	9 4
4800	37 1
4802	19 57 11
4803	16 0
4804	19 69 13 11
4805	1 20 43
4806	123 53
4809	2 24
4810	1 3
4811	39 100
4812	28 130 19
4813	69 21
4814	3 64 113
4815	18 123
4816	22 70
4818	70 79 87
4820	4 118 21
4821	0 2
4822	34 49
4824	2 99
4825	1 123
4826	4 2 4 4
4828	13 6 49 16 31
4829	21 57
4830	8 4
4831	4 128
4832	4 92 23 11
4834	8 2
4835	68 3
4836	19 70
4837	68 130 72
4838	37 69
4839	21 17
4840	21 10 14 68
4842	6 113
4844	7 43 27
4846	17 70 153 17
4847	29 43
4848	22 11
4850	8 118
4851	2 3 33
4852	17 23 114
4854	1 17
4855	126 16
4856	3 1
4858	7 66
4859	12 55
4860	16 1
4861	0 70
4863	26 1 122
4865	59 70 70
4866	16 11
4867	1 82 43
4868	4 39 70
4870	1 39 21 70
4871	8 95 49
4872	24 25
4873	17 17
4874	59 17 49 49
4876	9 74
4877	6 17
4878	1 35 70 1
4879	122 70 70
4880	1 17
4882	50 118 25 18 39 35 64 37
4883	23 24
4884	6 5 5
4886	16 3 97
4887	13 72 68 11 74 4
4888	18 3
4889	2 23
4890	3 24
4892	3 31
4893	3 135
4894	25 23 70
4895	1 64
4897	6 17
4898	72 3
4899	22 17
4901	20 43
4902	159 48
4903	65 3
4904	4 70
4905	9 130
4906	29 3
4907	49 2
4908	70 158
4910	94 73
4911	3 6 21 73
4912	7 77
4913	1 56 17 17 17
4914	59 1
4915	43 135
4917	0 33
4918	69 17
4919	2 13
4920	73 3
4922	0 49 68 4 118 3 147
4923	120 43
4924	2 153
4925	75 113
4926	1 43 37 73
4928	8 12
4929	9 24
4930	1 118
4931	11 23
4932	65 52 108
4933	4 69
4934	23 13 33
4936	6 1 63
4938	22 48 27 99
4940	9 2
4941	22 16
4942	49 10
4943	49 39 64
4944	7 8 3 19
4945	27 43
4946	23 73
4947	1 34
4948	18 40
4949	0 34
4950	95 70
4951	4 16
4953	6 60
4954	24 0 49
4955	4 127
4957	141 157
4958	37 71
4959	104 48
4960	0 21 4
4961	17 4
4962	21 26 37
4963	1 3 57
4964	37 0
4965	126 52
4966	3 70 79
4968	3 42 35 4
4969	21 26
4970	24 34 116
4972	73 37
4973	6 114
4974	20 58
4976	3 24
4977	67 24 79 44 44 1 95
4978	16 13
4980	19 135
4981	28 1 75 77
4982	56 17 37 31
4983	1 4
4985	18 25 37 17
4986	94 7
4987	2 1
4988	10 1
4989	21 7
4990	130 165
4991	8 63
4992	80 37
4994	3 118
4995	21 16
4996	82 79
4998	1 73 37
4999	18 48
5000	4 113 43
5001	49 35 1 21
5002	24 21 37
5003	2 65 94 56 102 21 16 73
5004	28 59 3 72 64
5007	74 33
5008	3 43 4
5009	49 1
5010	53 1
5012	0 78
5013	78 56 103 49 43
5014	9 1 1 26
5015	18 24
5016	37 31
5017	14 70 13
5019	6 0 21 37
5020	43 74 118
5021	1 30 21 23
5022	68 23
5023	60 50 114
5025	37 31
5026	65 68 70
5027	83 135
5028	18 1
5029	57 49
5030	3 100
5031	4 139
5032	54 70
5033	124 68
5035	0 27
5036	50 70
5038	37 37 133
5039	3 26
5040	24 16
5042	48 4 121 82
5043	37 80
5045	24 73
5046	4 68 57 5
5047	1 82
5048	0 49
5049	9 4
5050	9 4
5052	7 24 23 1
5053	6 15
5054	49 35
5056	0 68
5057	11 44
5058	37 49 77
5059	65 78 100
5060	114 70 37 59
5062	63 25
5063	114 9 58 135
5064	1 124
5066	3 13
5067	23 1 3 4
5068	24 69
5070	0 24
5071	4 3
5072	97 73
5074	6 74
5075	37 3 3 37
5076	65 14
5077	27 3 52
5079	24 49
5080	52 8 6 64 19
5081	82 31
5082	7 35 23 55 73
5083	48 137
5086	4 82
5087	1 21 4 17 65 26 113 63
5088	9 26
5089	7 69
5090	4 17 43 69
5092	18 17 137
5093	18 22 2 3 58
5094	36 99
5096	8 2 2 1 64
5097	63 17 23 63
5098	1 3 31 26 3 16 16 34
5099	7 37
5100	0 41
5102	20 73
5104	21 49 11
5105	56 57 54
5106	44 63 70
5107	52 23
5108	0 94 99 43
5109	1 13
5110	63 3
5112	63 94
5113	18 1
5114	3 18 82 37
5115	43 99
5116	65 37
5117	24 16
5118	100 4 13 96
5119	8 0
5121	18 103
5122	25 51
5124	1 22 4
5125	22 10
5126	52 37 13
5128	18 1 69
5129	23 49
5130	8 10 122
5131	73 22 23 37
5132	25 19
5133	20 17
5135	52 23
5136	118 1
5137	18 49
5139	22 1
5140	20 101 23
5141	2 40 17
5143	12 13
5144	153 118 70
5145	18 63
5146	20 1
5147	26 18 71 55
5148	22 17
5150	21 10
5151	132 17 52
5152	37 118 23
5153	102 4 11 0
5154	9 0
5155	48 43 43 23
5156	9 90
5158	24 34
5159	36 19
5160	22 25
5161	0 19
5163	3 70
5164	20 15
5165	16 74 74 63
5166	29 70 1
5168	40 17
5169	12 4
5171	3 3 155
5172	6 37 1 73
5173	4 3
5174	6 3 17
5175	6 73
5176	1 27
5178	6 20
5179	18 17
5180	35 3 49
5181	3 18 65 1 13
5182	37 10
5183	18 45
5184	59 17 34
5186	73 26
5187	24 102
5188	1 44
5189	10 73 89
5191	18 44 134
5192	24 43
5193	114 1 53
5194	20 4 48 50 1 68 17 37
5196	0 69
5197	25 16 113
5198	8 50
5200	100 37
5201	1 0 69
5202	34 98
5203	126 2 43 73
5204	43 70
5206	17 26
5207	0 37 72
5208	113 16
5209	6 13
5210	73 23
5211	23 69
5213	113 82
5214	82 2 68
5216	49 0 55
5217	3 52
5218	17 3
5219	20 10
5220	1 82
5223	59 117 88 23
5224	1 37 16 23
5225	4 17 58
5226	8 13 2 69 10 113
5228	73 17
5229	37 48
5230	7 17
5231	22 159
5232	37 33 150
5234	21 71
5235	10 17
5236	21 117
5237	56 4 23
5239	44 21 76
5240	18 73
5242	44 158 3 100
5243	65 6 74 26
5244	3 4
5245	48 70
5247	18 44 17
5248	65 6 82 50 70
5249	28 4 0 4
5250	18 60
5252	6 58 10 127
5253	16 25 3 4
5254	24 3
5256	9 1
5257	3 37 37 113
5258	18 58 49
5259	1 103
5260	17 79
5261	1 3
5262	16 4 68
5264	77 1 4
5265	9 84
5266	64 64
5268	0 26 151 37
5269	43 44 29 44 27 49
5271	17 17 119
5272	57 118
5273	88 43
5274	106 40
5275	18 2
5277	37 11
5278	8 70
5280	23 4
5281	3 63
5282	49 70
5283	13 8 17 69 98
5284	64 18 3 74
5286	18 1
5287	20 18 0 3 82 16 88 34
5288	6 27 27
5289	130 141
5290	1 57
5291	44 151
5293	15 61
5294	4 50
5295	3 3
5296	16 37
5297	21 113
5298	1 73
5300	25 11 59 0
5301	14 99
5302	16 0 73
5304	3 10 73
5305	22 6 63 50
5306	17 34 69
5308	3 68 102
5309	73 63 11
5310	58 55
5311	17 45 10 4
5312	22 2 1 70
5314	18 23
5315	11 14 21 75 10 13
5316	40 1 37 68
5317	1 1
5318	72 17
5320	4 43 133
5321	0 61
5322	110 68
5323	1 19
5324	2 1
5326	1 53
5327	1 53
5329	37 7 7 4 70 13 40 19 50
5330	78 3
5331	37 1
5332	8 48 7 1 3 4 151 91 82
5333	16 65 21 39
5334	8 25
5336	7 23
5337	37 26 84
5338	18 50
5340	65 65
5341	49 1 3
5342	7 7 1
5343	43 16
5344	10 69
5345	8 107 3 60 16
5347	16 37 149
5348	1 15 148 11
5350	21 82 134
5351	57 113
5352	0 4
5353	22 6
5355	108 51
5356	26 49 70
5357	16 79 19
5359	26 2
5360	155 87
5361	1 1
5363	0 49 63 21
5364	18 1 16
5365	22 35
5366	56 49 60 114
5367	73 64 10
5368	24 70 58
5369	21 149
5370	18 16 1
5372	56 4
5373	3 59
5375	18 4
5376	2 55 55
5377	23 45
5378	8 21 23 113 118
5379	18 2 37 44 114
5380	18 37
5382	117 17 37
5383	18 44 11
5384	2 23
5385	0 57
5386	25 44
5388	47 69 73
5389	153 1
5390	9 0
5392	1 3
5393	4 74
5395	9 39 5 30 26 113
5396	9 17
5397	8 21
5398	65 10 121
5399	37 58
5400	3 0 65 59 21 21 17
5401	10 4
5403	8 4
5404	4 23
5405	43 24
5407	49 17
5408	44 13
5409	71 21
5411	73 59
5413	64 68
5414	3 68
5415	8 68
5416	69 26 75
5418	43 4
5419	18 78
5420	21 1
5421	79 113 34
5423	17 49
5424	31 3
5425	37 17
5426	2 23
5428	56 56
5429	37 18 63 37 4
5430	8 18 1 68 11
5431	4 26
5432	18 59
5433	23 11
5434	3 94
5435	3 37
5437	35 21 103
5438	8 2 4
5439	44 73
5440	37 3 16 82 35 65 49 69
5443	24 39
5444	9 4 43
5445	1 10
5446	16 23
5447	0 1 1
5448	22 23 64
5449	49 78
5450	25 37
5452	1 37
5453	18 3
5455	55 4
5456	7 3
5457	29 2
5458	3 0 23 6 44 37 1 38 144
5460	7 3
5461	18 1
5462	6 1 16
5464	58 60
5465	97 17
5466	13 3
5467	1 92
5468	44 17
5469	17 1
5470	1 49 4 68 102 11
5471	81 67
5472	22 22 1 45
5474	20 74 59
5475	0 82 31
5477	22 4
5478	24 1
5480	56 65 27
5481	4 74 20 22
5483	17 1
5484	36 34
5485	106 40
5486	1 58 82
5487	56 3 99
5488	74 26
5489	130 135
5490	6 54
5492	98 41
5493	0 113
5494	48 68 37 15
5495	2 26
5496	24 2
5497	6 21
5498	15 24
5500	21 37
5501	2 1 4
5503	113 67 50
5504	6 37
5505	68 4
5506	35 16
5507	24 19
5508	37 1
5510	6 61
5511	3 79 37
5513	22 1
5514	8 37 3
5515	0 21
5516	4 25 70 158
5517	2 91 27
5519	2 14
5520	57 73
5521	6 62
5522	73 95
5523	18 73 114
5524	20 165 4
5525	22 68 63 4
5527	65 22
5529	3 51
5530	44 50 84
5531	18 17
5532	0 24
5533	57 3
5534	29 16 3 43
5535	40 65 21
5537	26 70
5538	1 36 4 153
5539	73 48
5541	82 61
5542	18 2
5543	124 137
5545	8 74
5546	7 3
5547	3 21
5548	17 28 3 37 3 43 149 24
5549	21 1
5550	1 58 37
5551	65 75
5553	9 69 17
5554	5 12 10 4
5555	9 63
5556	4 6 125
5557	3 31
5558	8 43
5560	37 59
5561	107 63
5563	2 55
5564	18 1
5565	73 113 61
5567	7 21
5568	21 10 74 10
5569	21 35
5571	24 68 55 114
5572	6 11 61
5573	3 22
5574	65 1
5575	49 16 70
5577	37 71 115 44 34 69
5578	7 1
5580	1 2
5581	44 114
5582	22 53 72
5583	44 0
5584	11 74
5586	10 73 4
5587	16 9 40 1
5589	8 100
5590	37 3
5591	48 37
5592	19 23 24
5594	21 22 37 26 23
5595	94 26
5596	74 50
5597	56 16
5599	37 54 84
5600	84 3
5601	17 4
5602	21 28
5604	69 109
5605	13 118
5607	69 37 1 87 84 16 13 74
5609	1 29 118
5610	2 70
5611	37 96 150 16
5613	20 1
5614	3 16
5615	52 103
5617	3 70
5618	10 24 68 52 52 37 21 100
5619	60 59 4
5620	24 28 16 68
5621	1 40 23 77 11 26 43
5623	24 26
5624	57 4 49 24
5625	69 38 17 107
5626	37 1
5627	43 6
5629	20 0
5630	27 70 17
5632	16 49
5633	8 70 4
5634	2 17 1 17 49 43
5635	97 1
5636	73 127
5637	43 33 94 59
5638	6 88
5640	7 68
5641	113 0 17 34
5643	3 71 3
5644	0 144 1
5646	72 59 82
5647	22 3
5648	37 48 4 44
5649	21 121 89
5651	67 16
5652	18 17 11
5653	9 73
5654	37 94
5655	108 43
5657	73 37
5658	21 23
5660	21 58 69 17
5661	45 37
5662	16 23 14 36
5664	2 4 70
5665	17 51 102 113
5666	37 69 37
5668	1 3
5669	4 95
5670	13 13
5672	159 2
5673	44 102 1
5674	68 93
5676	8 6
5677	36 18 64 1
5678	4 3
5679	29 13
5681	77 7
5682	9 24
5683	9 3
5684	3 49
5685	26 17
5686	24 56
5687	68 1 158
5688	64 26
5689	18 37 10
5691	88 59 70
5693	151 17 84
5694	49 3 114
5695	7 99
5696	36 133
5697	4 16
5699	65 20 1 0 81 21 17 33
5701	28 57
5702	20 17 16
5704	19 24
5705	8 80
5706	16 37 37
5707	81 16 37
5708	22 78
5709	18 4
5710	2 55 120
5712	24 74
5713	8 1 3 21
5715	67 82
5716	1 23
5717	63 49
5719	3 44
5721	73 23
5722	3 141 16
5723	49 17
5724	6 0
5726	1 113 96
5727	27 59
5728	1 24
5729	27 124 37 0 84
5730	18 4
5731	37 14
5733	37 128
5735	60 17 113
5736	1 21 69
5737	21 73
5738	151 37
5739	2 50 115
5741	124 40
5742	18 37
5743	0 32 91
5745	6 65
5746	36 1
5748	23 40
5749	3 68
5750	6 90
5751	41 64 4
5752	81 122
5753	37 0
5754	2 4 52
5755	18 40
5757	37 81 10
5758	114 33
5759	1 22
5761	44 6
5762	7 16
5763	3 93 113
5764	28 0 37
5765	50 155
5766	3 62
5768	18 37
5769	10 1
5770	44 2
5771	0 24
5773	70 31 10
5774	15 125 12
5775	9 73
5776	3 44
5778	6 7
5779	3 13
5780	83 1 95
5781	5 70 26
5783	1 0 13
5784	99 17
5785	24 132
5786	16 4
5788	3 3 2 14
5789	9 152
5790	19 19
5791	8 73
5792	7 122
5793	21 44
5794	49 40
5795	94 0
5797	37 3
5798	7 42 94 99
5800	43 23
5801	16 4
5803	22 118
5804	39 4
5805	3 4
5807	6 49
5808	21 17 14
5809	70 3
5810	18 8 3 16
5811	1 35 4
5813	18 22 2 37 7 11 21 25 27
5815	6 68 33
5816	21 73
5817	18 55
5818	149 118 1 35
5819	72 26
5821	17 21
5822	35 3 49
5823	4 17 9 1
5824	38 28 1 2
5826	4 21 4 118
5827	44 10
5828	90 23
5830	18 75
5831	17 155
5832	0 21 2 15 114 49
5834	1 23 78
5835	39 49
5836	58 114
5837	24 64
5838	73 3 33
5839	22 0
5841	2 33 3
5842	18 2 76
5843	14 69
5844	55 48
5847	32 21
5848	17 16 118
5849	3 130
5850	37 72
5851	23 118 75 17
5853	8 34
5854	37 51
5855	107 19
5856	28 80
5857	23 37
5858	118 4
5860	48 155
5861	56 24
5863	74 79 3 44 95
5864	6 7
5865	5 9
5866	113 46
5867	56 11
5868	21 10
5870	57 3
5871	18 50
5872	94 1
5873	87 4 128
5874	3 70
5875	49 0 16
5877	24 4
5878	1 21 44 17
5879	60 104
5881	1 55
5882	73 160
5884	7 17
5885	0 17
5886	3 3 43 2
5887	42 14
5888	16 50
5890	37 24 6 35
5891	56 26
5892	9 3 104 9 39 11 11 37
5893	56 40 21 103
5894	9 0 71
5895	25 2
5898	1 44 49
5899	9 68
5900	37 44 157
5901	3 16 58
5902	4 1 70
5903	70 85
5904	63 37 1 1
5906	3 1
5907	37 10
5908	63 0
5909	56 84 73
5911	22 154 43
5912	11 145
5913	24 0
5914	37 23 74 63
5915	1 26
5916	6 17 26
5918	112 101
5919	1 16 73
5920	39 70 96
5921	1 15
5922	24 18 3 4
5923	57 11 133
5924	0 125
5925	90 37
5927	1 20
5928	73 5
5929	37 48
5930	21 21
5931	44 39 44 70
5933	34 11 69
5934	24 65
5935	22 49
5936	18 37
5937	43 70
5939	0 121
5941	21 17
5942	17 23
5943	6 1
5944	4 99
5946	0 19
5947	36 116
5948	4 18 1 23 17 50 44 17
5949	11 68
5950	59 21
5951	18 1
5953	22 65
5954	18 113
5955	25 37 49
5956	23 110 37
5957	18 44 79
5959	52 55 92 59 153 17 74
5960	60 0 3
5961	1 25
5962	23 44 49
5964	22 153
5965	32 83 1 3 11
5966	2 11
5967	81 3
5969	28 21 4 40 1 23 121
5970	7 52
5971	49 3
5972	3 163 77
5973	24 69 23
5974	8 1
5975	59 1
5976	18 105 5
5978	18 0 69
5979	16 121 43 21 70
5980	88 17 37 70
5982	39 73 135
5983	6 82
5984	21 8 3 128
5985	0 16 135
5986	22 3 17 82
5987	145 93
5988	1 137
5989	6 1
5991	69 27
5992	73 57
5993	0 59
5994	23 1
5996	4 3
5997	48 75 102
5998	8 26
6000	4 70
6001	56 23
6002	130 69
6003	99 68 12
6005	0 16
6007	6 23
6008	25 23 37
6009	82 37
6010	2 0
6011	50 48 35 31
6012	68 17
6013	121 14 37 73
6014	37 17
6016	27 4
6017	3 102 68 43
6018	1 4
6019	74 16
6020	13 4
6022	21 43
6023	22 1
6024	22 2
6026	99 74
6027	60 4 35
6028	21 17 1
6029	28 4
6030	37 23
6031	1 50
6033	118 79
6034	37 27
6035	49 0 17 25
6036	27 96 43 11
6038	5 17 3
6039	3 1
6040	20 73
6041	50 4
6042	57 22
6044	21 83
6045	2 63
6046	65 2
6048	3 100
6050	1 19
6051	40 1 4 69
6052	0 52
6053	57 73
6054	1 16
6056	22 1
6058	9 1 43
6059	49 9 77 44
6060	6 70 59
6061	69 18 18 22 6 17 35 3
6062	9 4
6063	3 14 118
6064	13 17 3
6065	1 37 95 24
6066	48 26
6067	62 103
6069	25 64
6070	65 74
6071	1 64
6072	0 1 70
6073	30 1 118 58
6076	70 55 37
6077	8 11
6078	74 21
6080	18 21
6081	4 74
6083	3 1
6084	35 4 10 11
6085	1 18 21 118 74
6086	68 73
6087	22 26
6089	56 5 98
6090	16 3
6091	118 114
6093	8 19 1 21
6094	58 4 55
6095	3 43 114
6096	25 73 3 3 43
6097	8 25 0 4
6098	1 14
6099	20 69
6100	18 47 1 17 23 75 65 99
6101	1 11
6102	1 4
6103	21 27
6104	29 67 128
6105	49 100 11
6106	18 3
6108	3 3
6109	19 136
6110	37 10
6111	72 32
6112	35 3
6115	81 74 112
6116	8 48
6117	6 114
6119	0 1
6120	95 50
6121	0 26 50 11
6122	18 13 43
6123	27 81
6126	50 17
6127	72 99
6129	24 113
6130	95 95 23
6131	144 43 40 4
6132	37 4
6133	113 23
6135	4 21 52
6136	21 12
6137	37 26
6138	6 21
6139	0 21
6141	1 58
6143	77 142
6144	13 21
6145	37 130 141
6146	6 0 37 26 68
6148	8 37
6149	135 70
6150	29 82
6152	17 23 131
6153	9 23 1 2 37 69 64
6154	23 17
6155	50 51 43
6157	19 64 13
6158	1 88
6159	27 49
6160	3 37 1 120
6162	8 44 26
6163	8 1 4
6164	18 25 45
6165	18 23 70
6166	22 4
6167	69 43
6168	16 17
6169	5 76
6170	20 54
6172	45 20 50 16
6173	49 90
6174	21 4
6175	15 24 17 102 69
6176	0 20 159
6178	20 4 19
6179	0 17
6180	2 19
6181	16 1
6182	0 52
6183	4 113
6185	1 114
6186	16 0
6187	21 37
6189	0 96
6191	3 70 12
6192	16 16
6193	3 114
6194	0 70
6195	103 28 73 24
6197	9 23
6198	18 13 102 1 116 49
6200	9 68
6201	9 18 68 45
6202	117 52
6203	32 38
6204	74 23
6205	37 69
6206	49 74
6207	1 13
6208	21 63
6210	56 11
6211	21 68
6212	8 11 70
6213	1 3
6214	82 73
6216	8 49 23
6217	2 65
6218	19 1
6219	17 25 65 2
6221	1 79
6222	2 55
6223	99 34
6224	37 33
6226	28 62
6227	48 114
6228	8 23
6229	26 17
6231	17 17
6232	17 24
6234	9 39
6235	37 99
6236	63 84
6237	69 4
6239	3 64
6240	6 37
6241	106 43 55
6242	4 9 73 24 77
6244	18 63
6245	18 1 21 127
6246	0 47 1 11 4
6248	25 4
6249	59 50
6250	4 37
6251	17 142
6254	4 124
6255	18 17
6256	6 120
6258	37 23
6259	7 11
6260	3 3
6262	1 37
6263	18 49
6264	21 36 59
6265	48 137
6267	4 37 37 157
6268	6 4 71
6269	6 1
6270	10 11 37
6271	4 141
6273	16 17 10
6274	37 1
6275	163 23
6276	4 38 70
6277	44 112 94
6278	18 18 4 120 124 11 118 70
6280	75 19 130
6281	24 73
6283	18 98
6284	76 1 100
6285	118 19
6287	49 1
6288	44 92 21 18 1 4 21 16 58
6289	4 39
6290	9 1
6292	21 3 55
6293	24 60
6294	146 8 37 63
6295	59 34
6296	6 2
6297	106 4
6298	8 68
6299	7 0
6301	95 21 37 23
6302	10 34
6304	26 16 142
6305	82 128
6306	8 17
6308	2 58
6309	2 23
6310	4 4
6312	0 2
6313	1 1 28 2 58 94 70 5
6315	1 49
6316	0 22 63 20
6317	10 4
6319	1 141
6320	18 44 69
6321	3 2
6322	25 135
6323	26 127
6324	16 1
6326	7 23 17 99
6327	92 37
6328	10 115
6329	75 17
6331	73 23
6332	37 0
6334	64 78
6335	49 100 17
6336	31 10 37
6337	117 71
6338	28 88
6340	1 69
6341	23 3
6342	16 19
6344	22 73
6345	6 123
6347	24 135
6348	28 24 121
6349	91 1 49
6350	8 31 4
6352	21 120
6353	56 20
6355	72 37 75
6356	1 27
6357	34 14
6359	8 28 55 38 46
6360	18 1 153
6361	0 43 16
6362	1 38
6363	69 14
6365	9 1
6366	8 17
6367	16 43
6368	68 23
6369	26 26
6370	124 37 35 96
6371	17 74
6372	1 16
6374	44 6 4 3 50
6375	37 114
6376	8 118
6377	28 73 37 97
6379	97 74 60 6 10 99 59 4
6380	3 35
6381	4 17 70
6383	3 37 32
6384	1 3
6385	145 52
6387	118 49
6388	26 113
6389	3 4
6390	17 13
6391	43 113
6392	2 4 17
6393	24 38 153
6394	4 136
6395	18 3
6397	4 30
6399	44 37
6400	17 23 16
6401	18 7
6402	0 4 107
6403	17 57
6404	11 11
6406	52 21 46 121
6407	1 82
6408	12 78 69 69
6410	10 99
6411	18 9
6412	24 29
6413	1 4 95
6414	39 21
6416	6 37 25 26 34
6417	8 1
6418	29 4
6419	17 10
6420	59 8 21 17
6421	21 120
6422	6 37
6423	6 4
6424	8 135
6425	55 0
6427	0 23 4
6428	57 52 102
6429	1 77
6430	20 37
6432	87 15
6433	23 70
6434	24 17
6435	20 32
6436	41 11
6437	37 49
6439	1 73
6440	7 21 15
6441	1 1
6443	1 54
6444	22 7
6445	6 31
6446	7 84 16 10 120 64
6447	20 59
6448	16 3
6449	4 79
6450	14 68
6452	7 21 32 10 43
6453	1 43
6454	57 39
6455	39 25 19
6457	94 37 91
6458	18 3
6460	1 16
6461	17 17
6462	73 70 4
6463	17 3
6464	0 113 74 23
6465	29 102
6466	63 69
6467	1 34 1 65 40 2 1
6468	22 37 37
6470	37 15
6471	21 74 68
6472	3 70 70
6473	61 23 19 34
6474	7 5 35
6475	65 57
6476	1 21
6477	24 1 4
6479	8 7 31 1 90
6480	21 147
6481	2 14
6482	56 73
6483	14 44
6485	3 3 90 114 37
6486	21 17 98
6487	106 49
6488	26 59
6490	27 50 88 65 26
6491	0 32
6493	7 70
6494	39 23
6495	7 51 17
6496	6 1 74
6497	37 78 64
6498	15 69
6500	28 127 11 34
6501	21 50
6502	10 8 21 15 91
6503	3 72
6505	25 3
6506	56 26
6507	20 19
6509	4 135
6510	35 61
6511	49 82
6512	21 79
6513	49 121 38
6515	1 49
6516	17 23
6517	28 61
6518	1 10
6519	4 44
6520	27 40
6521	23 118
6523	8 6 52
6524	114 42
6526	3 1 22 65
6527	21 75 70 75
6528	4 83
6529	35 129
6531	0 19
6532	18 25
6533	49 16 73 34
6535	92 59
6536	1 57 38 4
6537	37 69
6539	7 11 1
6540	113 3
6541	79 13
6542	1 74 37 13
6544	1 1
6545	31 100
6546	11 4
6548	20 44
6549	18 82
6551	6 73 65 3 10
6552	113 135
6553	35 37
6554	63 33
6555	1 17
6557	4 59
6558	127 118
6560	20 18 39 37
6561	17 4
6564	16 32
6565	49 118 91 5
6566	18 41
6567	3 37
6568	3 43 37
6569	6 3
6570	8 0
6571	3 70 74 70
6572	74 158
6573	19 69
6574	22 102
6575	13 73 19
6577	23 31
6578	1 14 43
6579	89 1
6581	4 73
6583	22 17 17 100
6584	21 4
6585	0 17
6586	73 17 64
6588	48 16
6589	3 44
6590	63 0
6591	48 11
6592	36 39 73
6593	7 114 68
6595	64 17
6596	137 26
6597	22 118
6599	21 18 21 3 118
6600	23 77
6601	0 56 2 71 5
6603	7 27
6604	16 90 21
6605	42 24
6606	132 4
6607	37 2
6608	17 26 26
6610	26 4 91
6611	8 18
6612	81 70
6613	73 103
6614	35 23
6615	37 31
6617	0 127 70
6618	16 113 23
6619	83 69
6620	3 70
6621	1 68
6623	48 53
6625	2 39
6626	22 18 1 74
6627	23 27
6628	78 10
6629	13 37
6630	1 1
6632	13 36
6634	68 49
6635	37 70
6636	39 37 3
6638	57 59
6639	50 113
6640	1 1 1 17 21 82 70 3
6641	1 4
6642	56 18 153 21
6643	106 36
6644	60 3 1 3
6645	1 75
6647	9 73
6648	4 17
6649	49 59 13
6650	37 3
6651	34 88
6653	4 3
6654	6 59
6655	1 73 68 87
6656	25 26 69
6658	8 51
6659	0 69
6660	9 13
6661	35 7
6663	70 1
6664	0 22
6665	102 19 37
6667	18 10
6668	13 118
6669	69 34
6670	19 18 4 16
6671	52 6 63 35
6673	37 4
6674	50 68
6676	4 79
6677	10 65 15
6679	22 49 10
6680	82 6 34
6681	33 16
6682	79 44
6683	1 41 3 37
6684	23 44 10 44 73
6686	102 25
6688	17 3
6689	3 67
6690	128 19
6692	53 8 25 1 106 75 68 4 94
6693	24 21
6694	9 1 24
6695	1 44
6696	17 11
6697	28 1
6698	1 52
6700	18 49 67 69 73
6701	21 125
6702	4 24
6703	1 37 37 11
6705	6 82
6707	3 37
6708	4 84
6709	44 50
6710	3 22 4 4
6711	4 3 37
6712	9 26
6713	4 69
6715	9 49
6716	8 23
6717	100 10 5
6719	13 61 16
6720	18 17
6721	10 77 19
6722	1 20 38 61
6724	6 61
6726	50 3
6727	6 115 118
6728	34 19
6729	2 48 69 37
6730	21 1
6732	18 69
6733	50 16
6734	13 55
6735	1 24
6736	1 53
6738	15 69
6739	70 148
6740	0 24
6741	4 44
6744	4 19
6745	3 98 24
6746	24 3
6747	50 61 103
6748	26 12 16 23
6750	44 57
6752	43 118
6753	16 31 65 19
6754	65 44
6755	36 43 43 4
6756	1 48
6758	0 1 120
6759	3 82
6761	21 24
6762	49 25
6763	1 22 3 68
6764	21 35 79
6766	21 10
6767	15 56 44 37 118
6768	18 6
6769	8 2 73
6770	7 95
6771	15 74
6772	13 35
6774	72 15 84 23
6775	0 9 7 45 65 118 1 155
6776	19 73
6777	73 73
6779	3 17
6780	26 139
6781	1 18 1 17 153 83 37
6782	2 17
6784	21 4
6785	2 17
6786	57 21
6787	43 20 1 78
6788	25 14
6789	65 76
6790	114 17
6791	50 10
6793	21 7
6795	6 1
6797	23 24 122 17
6798	65 39 49
6799	9 21
6800	4 0 141 11
6801	49 3 79
6803	77 37 48
6804	22 136 23 99 110
6805	0 21
6806	16 67
6808	0 37
6809	70 79
6810	79 70
6811	23 113
6812	17 74 114
6813	2 94 84
6815	22 0 1 99
6816	122 30
6818	8 1
6819	37 138
6820	18 21
6821	8 3
6822	6 1
6823	49 7 68 73 70 43
6824	56 44
6825	22 37
6827	7 8 99 69 99 38
6828	20 4
6829	18 49
6831	6 18 4 32
6832	2 37
6833	11 69
6834	37 75 10
6836	52 16
6837	1 43
6838	18 134 68
6839	44 43
6841	6 7 73 3
6842	3 37 17
6844	43 17 113
6845	7 59
6846	68 16
6847	4 1
6848	110 14 13
6849	1 59
6850	21 4
6851	4 70
6853	1 70
6855	56 21
6856	63 15 113
6857	63 25 70
6859	50 37
6860	110 85 99
6861	1 17
6862	4 6
6863	23 25
6864	106 114
6867	37 113 52
6868	7 1 64
6869	10 17
6870	67 103
6871	48 44
6873	3 35 4 24 82
6874	22 4
6875	47 68
6876	7 37
6877	18 1
6878	4 98
6879	116 4
6880	2 65 68
6882	0 73
6883	75 86
6884	3 40
6886	73 124
6887	3 60
6888	121 69
6889	4 40
6890	20 112 13
6891	28 17
6893	24 82
6894	10 16
6895	9 45
6896	63 36 43
6897	2 115
6899	16 113
6900	22 17
6901	2 21
6902	126 63
6904	1 47 7
6905	4 27
6906	3 49
6907	36 52 31 160
6908	49 73
6909	0 65
6910	1 82 24 19 11
6913	24 113
6914	6 73
6915	3 102
6916	0 63 64
6917	4 113 49
6919	25 2
6920	26 3 64 1
6922	0 63
6923	1 103 40 4
6924	4 95
6925	18 8 36 158
6926	24 152 1 90 27
6928	18 37
6929	124 42
6930	56 3
6931	56 114
6933	7 26
6934	2 43 11
6935	21 0
6936	1 0 62 37
6937	39 12 38
6938	19 40
6939	39 36
6940	0 17 16
6941	3 13
6942	132 114
6943	7 10
6945	21 157
6946	1 23
6947	50 1 1 68
6948	1 0
6950	23 1
6951	131 70
6953	27 118
6954	13 73 49
6955	8 49
6958	25 3 11
6959	6 0
6960	48 70
6961	21 40
6962	72 22 3 35
6964	44 1
6965	3 79
6966	10 70
6968	1 16 9 6 98
6969	9 16
6971	37 79
6972	37 3 13
6973	6 61
6974	71 102
6976	114 2 1 7 17
6977	7 17
6979	59 16
6980	1 44 17
6981	7 0 21 1 59 43
6982	22 17
6984	9 1 14
6985	82 20 23 35
6986	7 7
6988	1 50
6989	21 17
6990	20 21
6991	1 68
6992	62 1
6995	4 1 74 43
6996	1 153
6997	1 38 37
6998	67 62
6999	3 73
7000	18 95 57
7001	37 8 16 9
7003	2 10 1 3
7005	107 37 44
7006	1 37
7007	1 70
7008	18 11 26
7009	18 3
7010	0 99
7012	35 122
7013	2 0 114 21
7014	4 16
7015	73 23
7016	50 36 38 96
7017	66 13 4
7018	8 43
7020	1 88
7021	0 37
7023	106 65
7024	68 69
7025	15 98
7027	18 99
7028	25 3
7029	6 18 68 6 135
7031	6 10
7032	72 17
7033	73 56 16 43
7034	16 3
7035	74 113
7037	3 50
7039	10 118
7040	0 1 149 75
7041	6 20 4
7042	9 16
7043	44 114
7044	0 10
7045	114 14
7046	0 1
7048	33 19
7049	18 37 3
7050	2 3
7051	6 17
7052	16 70 37 33
7053	41 43
7054	21 106 82 68 59
7055	18 23 26
7056	37 23
7057	3 4
7059	58 55
7060	0 6
7061	137 100 72
7062	10 43
7063	118 20 1
7064	1 13
7066	107 17
7067	4 16
7068	4 37
7070	8 24 37
7071	18 23
7073	9 84 4
7075	18 49
7076	34 1 70
7077	23 16 135 1 24
7079	68 13
7080	40 3
7081	73 44
7082	1 23
7084	103 1 13
7085	0 3 34
7087	18 8 6 49 37 10 72
7089	23 73 73 72
7090	52 0
7091	21 33
7092	114 19
7093	0 7 59 74
7094	1 10
7095	8 59
7096	26 19
7097	9 19 49
7099	69 11
7100	6 1
7101	55 68
7102	64 68
7104	21 73 32 34
7105	28 23 34
7106	126 17
7107	2 17 33 4
7109	94 1
7110	10 68
7111	4 52
7113	18 26 83
7114	34 40
7115	3 100
7116	6 17
7117	29 21 35 37 88
7119	68 10
7120	37 3
7121	7 137
7122	63 132 79
7124	43 26
7125	2 37
7126	9 87
7127	117 163
7129	39 3 68
7130	63 4
7131	56 16
7132	7 25
7133	6 33
7134	1 1 54
7136	23 74
7137	87 79 102 3 1 68 117 1
7138	28 114 40 95
7139	17 4
7140	4 114
7142	28 3 113
7143	18 104
7145	49 4 57 23
7146	39 16 113
7147	16 2 74
7148	4 44
7149	2 137
7150	69 4 21
7151	24 49
7153	1 58
7154	6 7
7156	52 74 3 59
7157	17 3
7159	27 26
7160	2 65
7161	6 75 113
7162	17 14
7163	75 4
7164	21 75 43 70
7166	4 17 34
7167	136 72
7168	74 5 68
7170	6 33
7171	3 17
7172	0 36 13
7173	50 153
7174	68 14
7175	72 17
7178	48 11
7179	12 46
7180	155 87
7181	74 6
7183	13 94
7184	22 21
7185	8 35
7186	17 104
7187	54 23
7188	16 44
7189	3 11 26
7191	3 1 37 72 23 11 43
7192	2 68 141
7194	1 4 114
7195	18 21 49 10 1 43 17
7196	18 1 38 4
7197	37 141
7198	0 2 36 17 16 120
7199	1 11
7201	21 73 13
7202	49 63
7203	4 40
7204	23 16
7206	3 24 43
7207	65 43 43
7208	28 68
7209	4 23
7210	18 17 135
7212	135 70 19 82
7213	67 99
7214	50 1
7215	1 3
7216	44 15
7217	1 45 73
7219	0 16
7221	21 1 16 98
7222	6 75
7223	24 38 21 21 15
7224	8 4
7227	1 16
7228	16 48
7229	50 19
7230	3 17
7231	20 3
7233	10 68
7234	18 22 19 114 1 157 72
7235	1 157
7236	20 23
7237	117 24
7240	51 49
7241	74 43
7242	0 18 7 17 118 17 59 40
7243	6 35
7244	9 23 114
7246	59 73
7247	4 78 68
7248	98 82
7249	6 69
7250	8 113
7251	37 2 45
7253	16 59
7254	28 0 49
7256	1 38
7257	17 70
7258	8 17
7260	16 16
7261	22 3 70
7262	102 37 70 118
7263	60 1
7264	1 69
7266	8 1
7267	26 16 130
7268	1 74 37
7270	44 68
7272	24 95
7273	34 147
7274	6 49 15
7275	8 1 70 4
7276	12 109 4
7277	11 37
7279	18 19
7280	18 75
7281	20 37 23 43
7282	18 23
7283	21 137
7284	24 37 82
7286	4 13
7287	37 3 74
7288	15 17
7289	3 59
7291	11 141
7292	74 69
7293	70 3
7294	16 49
7295	8 49
7296	18 63 137 99 49 96 10
7298	37 64
7299	10 151
7300	16 13
7302	4 20
7303	63 70
7304	35 24
7305	73 11
7307	27 135
7308	47 23
7310	25 0 4 23 4 1 74
7311	1 0 3 17 68
7312	23 70
7313	65 108
7314	88 26 68
7316	37 24 82 25
7317	8 13 128 72
7319	37 23
7320	16 0 68
7321	6 118
7322	61 16
7323	6 74
7324	64 44
7326	72 136
7327	8 58
7328	47 57 0 1
7329	50 82 79 103
7330	43 26
7331	3 1 162 59
7332	22 118
7334	1 72
7335	17 68
7336	37 70
7337	8 40
7339	35 3
7340	12 114
7341	3 3 100 99
7342	29 56 4
7343	113 150 70
7344	4 11
7346	8 69
7347	1 63 24 1 26 87 3 2
7348	17 102 33
7349	113 114
7351	68 75
7352	1 82 74
7353	25 73 16
7354	0 74
7355	23 114
7357	21 157
7358	24 3 11
7359	106 45 39 3
7360	24 11
7362	43 3 70
7363	50 6
7364	40 114
7365	4 63
7367	9 3 23 65
7368	45 5 60
7370	28 9 53 3 73
7371	1 95
7372	99 3 2
7373	2 1
7374	68 68
7376	116 65
7377	3 49 54
7378	1 70
7380	11 24
7381	63 1
7383	65 1
7384	26 34
7386	0 69
7387	24 37
7388	6 8 17 57
7389	0 52
7390	33 37
7391	24 23
7392	1 61 37
7393	10 153 57 11
7395	0 9 37 37
7396	6 1
7397	22 3
7398	1 37
7399	63 43 16
7401	69 1
7402	27 26
7403	49 17
7404	1 49
7405	6 33
7406	7 2
7408	4 118
7409	29 44 34
7410	59 63
7411	29 131
7414	8 23 24 23
7415	39 134 68
7416	7 14
7417	21 37 114
7419	63 78 70
7420	0 71
7421	1 21
7422	2 81 16
7423	17 70
7424	3 15 99 52
7425	99 27
7426	65 68 114
7427	7 113
7429	44 44 4
7430	1 17 118
7431	52 16
7432	50 70 33
7433	26 15
7434	73 87
7435	49 64
7437	25 63 43
7438	8 135 95
7439	17 16
7440	41 52
7442	3 37
7443	6 70 0 8 19 148 68 1
7444	39 102
7445	24 17 79
7446	69 1 82
7448	18 15 134
7449	11 103
7450	18 16
7451	1 9
7453	18 39 97
7454	9 1 82 43
7455	0 125
7456	6 35 26 141 17 121
7457	6 40
7459	1 43
7460	68 37
7461	1 62
7462	52 26
7463	0 102
7464	48 35
7465	19 43 69
7468	3 69
7469	9 22 94
7470	4 17
7471	24 90
7472	21 2 26
7473	10 3
7474	17 102
7476	24 63
7477	19 33
7478	18 24 74 38
7479	18 0
7480	4 21
7481	21 3
7482	21 75
7483	22 70 95
7485	3 4 35
7486	61 74
7487	73 79
7488	34 16
7490	1 1
7491	92 65
7493	1 158
7494	3 68 85 23
7496	115 57
7497	49 21 95
7498	0 21
7499	73 25 59
7500	18 13 43 23
7501	28 21 69 73
7504	21 3
7505	16 21
7506	18 82 26
7507	73 76
7508	3 23
7510	35 1
7511	20 127
7513	0 12
7514	24 37
7516	135 19
7517	15 37 4
7518	4 49
7519	3 5
7521	21 65
7523	9 121 16
7524	8 75
7525	9 4
7527	7 73
7528	10 100 59
7529	7 60
7531	4 21 49 17 61
7532	63 130 71
7533	0 38
7535	6 18 49 36
7536	27 159
7537	29 36 82
7538	1 64 102 64
7539	99 57
7541	6 0 37 16
7542	37 68 96
7543	3 74
7544	11 25
7546	18 31
7547	82 10
7549	9 1
7550	113 153
7551	6 17
7552	18 118 7 3 69
7553	91 51
7555	118 15
7557	4 12
7558	3 1
7559	44 1 31
7560	1 14
7562	0 1 13
7563	7 19
7564	2 11 73 37
7565	8 68
7566	16 63
7567	4 113 57 149
7569	3 1
7571	7 85
7572	16 23
7573	53 3
7574	73 3
7575	27 44
7576	136 77
7577	6 4
7579	18 23 1
7580	17 49
7582	7 1 21 73 73 3
7583	17 1
7584	1 3 82
7585	84 28
7586	1 3 37 118
7588	10 82
7589	4 17
7590	4 114
7591	47 21
7592	10 24
7594	2 1
7595	19 35 103 82
7597	117 73
7598	3 25 152
7599	15 70 77
7600	18 2 58 74
7601	44 3
7602	4 72
7603	3 113
7604	22 32 30
7606	3 1 63 3 35 1 79
7607	1 21
7608	7 37
7609	37 45
7610	4 70
7611	37 1 43 26
7612	18 16 19
7613	26 3
7615	35 49 21 93
7616	129 3 81
7617	29 3
7618	9 13 99
7620	65 37
7621	44 73
7622	6 74
7624	18 18 9 99 43 16 23 17
7625	1 20 2 44 69 124 27
7626	2 37 53
7627	18 1
7628	23 134
7629	118 7 139 10
7630	18 49
7631	8 4 26 55
7633	9 4 62 2 95
7634	81 75
7635	7 17
7636	50 21
7638	2 22 18 50 39 37 50 17 1
7639	17 1
7640	9 7 82 102
7641	8 16 61
7643	3 18 75 4
7644	58 3 1 107
7645	24 79
7646	1 65
7647	35 113
7649	145 58 4
7650	6 4
7651	4 3
7652	20 19 99
7654	102 114
7655	1 49
7656	8 18
7658	55 1 27
7659	0 88 65 128
7660	56 2 17
7661	3 3 3 20 37 127 114
7662	106 11
7663	106 3
7664	9 23 37
7665	37 124
7667	20 9 10 4
7668	18 10
7669	18 48
7671	56 27
7672	88 70
7674	3 10 31
7675	24 1
7676	4 25
7678	37 68
7679	2 69
7681	70 1
7682	7 2 16 69 95
7683	37 4
7684	74 0
7685	21 17
7687	1 73
7688	40 21
7689	74 49
7690	22 3
7691	17 17
7692	1 1
7694	3 57
7695	11 118
7697	14 3
7698	21 21
7699	23 37
7701	32 73
7702	15 12
7703	64 69
7704	27 35
7705	48 1 45
7706	20 51
7708	24 135
7709	122 1 0 1
7710	1 23 14
7712	26 7 135 19 23
7713	18 35
7715	20 50
7716	16 1 6 6 61 160
7717	16 3 88 17 14
7718	7 28
7719	11 23
7720	25 149 75
7721	40 128 70
7722	1 69
7724	152 21
7725	3 102
7726	52 37
7727	4 15
7728	21 68
7729	23 44
7730	9 1 91 70
7732	24 29 23 16 10
7733	9 79
7734	17 38
7735	72 3 4
7737	14 9
7738	81 13
7739	8 37 37
7740	17 68
7742	0 37
7743	100 78 17 161
7744	38 21 11 19
7745	19 55
7746	1 11
7747	2 98 84
7749	8 19
7750	0 0
7751	37 90 61
7752	24 17 0 1
7753	21 2
7754	44 1 16
7756	0 1
7758	0 33 52
7759	68 1 19
7760	6 3
7761	21 17
7762	4 55
7764	9 69
7765	49 1
7766	8 24
7767	37 39
7768	1 43
7770	1 17 13
7771	2 22 19 1
7772	1 70 43
7773	6 17
7775	82 16
7776	43 43
7777	24 13
7779	22 4
7781	15 61 95
7782	6 6
7783	6 37
7784	3 99
7785	40 4
7786	43 70
7789	73 0
7790	1 82
7791	24 21
7792	29 21 3 25 79
7794	50 73
7795	18 12
7796	70 17
7798	1 19 37
7799	37 73
7801	68 114
7802	18 56
7803	8 49
7804	0 39
7805	7 43 98
7806	65 161
7807	21 60 75
7809	16 14 44
7810	6 1 49
7811	27 17 72
7812	21 121
7814	25 19
7815	6 34
7816	18 16
7817	56 10 90
7818	114 34
7819	22 37
7820	6 15 59
7822	63 44 13
7823	69 23
7824	24 21
7826	8 4
7828	11 13
7829	90 43
7830	9 103
7831	9 19
7832	18 22 37 71
7833	7 44
7835	70 70
7836	56 3
7837	27 3
7838	1 74
7839	21 55
7840	74 49 37 4
7841	50 4
7843	16 17 112 11
7844	4 37 6 88
7845	10 73
7846	28 23
7847	2 70 55 81
7849	4 1
7850	114 4
7851	16 24
7852	43 17
7853	6 114
7854	56 13
7856	1 68 49 49
7857	3 26 19
7858	18 14
7859	0 24
7861	21 36 133
7862	40 32 80
7863	6 16
7864	72 63
7865	37 39
7867	43 1
7868	22 82 114
7870	122 68
7871	1 68
7872	4 92
7873	95 84
7874	37 69
7876	26 68
7877	19 0 25 25
7878	59 3
7879	74 34
7881	34 70
7882	113 82
7883	1 94
7884	6 19 125 113
7886	28 37 61
7887	28 99 74
7888	5 27 77
7889	1 65
7890	25 68
7891	103 113 11
7893	6 22 3 17
7894	3 79
7895	106 6
7897	79 19
7898	0 33
7900	18 9
7901	9 14 43 60
7902	20 39 64
7903	7 1 43
7904	7 16
7905	2 73
7906	16 82
7907	18 39
7910	84 3
7911	106 3
7912	3 25 73
7913	26 72 43
7914	3 16 82
7915	21 23
7916	3 95
7917	37 4
7918	48 18 82 16
7919	26 9
7922	16 118 4
7923	11 37
7925	1 75
7926	6 1 4
7927	2 43
7928	0 72
7929	18 1
7930	20 21 49
7931	22 1 157
7933	73 16
7934	18 10 14 37 73
7935	59 56 4 17 35 73
7936	50 43 16
7938	120 26
7939	26 50
7941	57 17
7942	24 16
7944	118 17
7945	17 37
7946	23 49
7947	9 17 114
7949	25 63 59
7950	73 17
7951	15 69
7953	20 55
7954	0 3
7955	70 158
7956	18 14
7958	37 33
7960	118 118 73 37
7961	3 4
7963	1 43
7964	48 26
7965	43 88
7966	57 3 27
7967	3 26
7968	6 44 69
7969	58 4 21 113
7971	6 116
7972	3 27
7973	5 37
7974	9 82
7975	37 103
7977	0 65 73
7979	79 10
7980	1 45
7981	9 70
7982	6 10
7983	59 35
7984	74 3 113
7985	19 145 37
7986	9 149
7987	22 4
7988	21 1
7989	114 79 58
7991	0 1
7992	10 4
7993	37 3 37
7995	45 59
7996	64 4 63
7997	26 21 73
7999	0 2 4
8000	22 81 69
8001	0 17 44 69
8002	0 1
8003	6 64
8004	7 6
8006	21 3
8007	4 103
8008	6 80
8009	0 91 115
8010	28 63 69
8011	70 13
8012	18 17
8014	73 23 113
8015	19 23
8016	1 132
8018	56 69
8019	4 68
8021	4 1 102 40
8023	65 73
8024	43 27
8025	73 19
8026	24 153 43 23 77 17
8027	8 3
8028	16 3
8029	4 70
8030	113 21 75
8032	47 2
8033	56 6
8034	73 37
8035	18 74
8037	18 1
8039	43 114 70
8040	69 40
8041	49 37 74
8042	20 69
8044	2 113 70
8045	3 1
8047	31 70
8049	99 17
8050	37 2
8051	3 40
8052	1 26 110
8054	65 90
8055	11 3
8056	37 16
8057	17 79
8058	4 93
8059	6 26
8060	2 82 4
8061	50 70
8063	22 22
8064	10 6 19 22 70 95 50 1
8065	2 1
8066	4 0
8068	8 17 3 36 136
8069	2 52 60 4
8071	16 14
8072	135 3
8073	2 114 103
8074	1 63
8075	22 95
8076	13 73 4
8078	37 95
8079	15 19
8081	3 26
8082	37 33 162
8083	21 57
8084	3 2 63 36
8085	25 82
8087	7 130 21 9 114 136 39 19
8088	3 17
8089	3 52 13
8090	16 49
8092	73 61 76
8093	73 21
8094	16 15
8095	19 90
8097	3 40
8098	18 59
8099	8 44
8100	56 3 107
8101	9 37 100
8103	16 43
8104	21 6
8105	22 31
8106	49 1
8107	6 76 69
8108	2 37
8109	17 15
8110	10 64
8112	8 3
8113	49 34 16
8114	50 1 114
8115	18 4
8116	6 68
8117	17 1 65 34
8118	3 4
8119	1 33 1 69
8120	28 34
8122	0 107
8123	18 3 69 44 23 43
8124	49 0 68 77
8126	23 49
8128	2 15
8129	68 79 36
8130	25 100
8131	39 9
8132	7 80
8133	43 49
8134	10 40 1 44
8136	37 107 23
8137	22 19
8138	37 39
8140	12 102
8142	1 25
8143	75 68
8144	1 1
8145	21 65
8146	6 11
8147	43 43
8148	22 14 118
8149	72 27 64 17
8152	0 44
8153	58 72
8154	28 4
8155	106 3
8156	11 100
8158	0 3
8159	6 21
8160	141 5 1 129
8162	19 1
8163	4 131
8164	17 21 137
8165	16 11
8166	23 44 49
8167	15 131
8169	1 60
8170	35 65 74
8171	2 117
8172	1 103
8173	1 17
8175	3 18 0 73 79 72
8176	0 74
8178	106 11
8179	61 37
8180	153 37
8181	9 63 113
8182	24 17
8184	140 95
8185	37 1
8186	2 0 70
8187	18 69 69
8188	6 82
8189	20 2 76
8190	6 25
8191	10 25
8193	20 3
8194	1 52
8196	59 43
8197	1 16
8198	44 37 34 52 96
8199	1 0
8200	0 25 1 85
8202	28 0
8203	2 10 37
8204	37 65 3
8206	8 43
8207	25 37 157
8208	6 81
8209	0 17
8210	59 46 94
8212	25 44
8213	4 70
8214	3 73
8216	22 2
8217	18 38
8218	8 3 10 74
8220	118 98
8221	37 124
8222	70 44
8223	85 116
8224	8 0
8226	16 49 100
8227	2 0 32 120 13 113 137 141
8228	49 37
8229	118 11
8231	21 43
8232	21 21 21 23
8233	4 9 59 135
8235	3 60
8236	24 43
8237	23 63
8238	63 43 79
8240	6 84 58
8241	36 0 1
8242	0 4
8243	104 1
8244	26 37
8245	28 1
8247	37 117 58
8248	67 4
8249	0 73 98
8250	10 15 24 63 19 77 118
8252	48 21 35
8254	18 0
8255	8 44 78
8256	73 24 75
8257	3 4
8258	1 43
8259	37 49
8260	22 1
8262	23 135 114
8263	133 34
8264	70 1
8265	0 114
8267	24 79
8269	37 3
8270	22 47 6 27
8271	4 4
8272	37 16 87
8274	11 11
8275	127 4 38
8276	37 112
8277	37 3
8278	44 49 20 120
8280	23 37 23
8281	4 75
8282	1 64
8284	70 6 1 75
8285	67 22 60
8286	21 37
8288	49 106 16 23
8289	8 70
8290	55 57
8291	49 73
8292	0 37
8294	18 74
8295	7 3 1 37
8296	25 3
8298	134 13
8299	41 11
8300	4 118
8302	24 17
8303	49 70 37
8304	9 1 37
8305	37 2 23 155
8306	0 9 18 126 3 73 3 15
8307	4 26
8308	82 3 73 63 69
8310	3 130
8311	0 16 102
8312	18 150
8313	50 37
8314	48 31
8315	23 4
8316	1 73
8318	1 57
8319	17 3 55 74
8320	13 114
8321	6 0
8322	1 147
8323	22 118
8326	50 36 114
8327	47 4
8328	25 53 73
8329	3 17
8330	3 4 120
8332	63 15 74 3 64 11
8333	14 24 82 43
8334	21 4 49 4
8335	6 17
8336	24 24
8337	6 1
8339	9 21 1 4
8340	21 39
8341	63 19
8343	16 1
8344	1 5
8345	100 21
8347	18 43
8348	7 55 2
8350	37 13
8351	3 20 6 76 26 26 128 43
8352	1 44
8353	5 74 26
8354	4 21
8355	17 17
8356	22 11
8358	113 50
8360	24 35 7 24 26
8361	158 26
8362	21 23 3 4
8363	2 64
8364	11 74
8365	1 17
8366	63 21 4 4 88 27 34
8368	22 1
8370	63 40
8371	60 9
8372	3 33
8373	0 3
8374	121 82 3
8375	37 70
8376	9 21
8378	50 48
8379	28 48
8380	37 21
8381	0 1 60
8382	1 37
8383	37 70 113
8384	7 4
8386	37 3
8387	71 17 4 1
8388	8 4
8389	1 4
8390	23 3
8392	2 19
8393	6 9 16 4
8394	1 73
8395	120 94
8396	1 3
8397	21 4 70
8399	67 37 59
8400	49 102
8401	0 63
8402	68 1
8404	4 21 68 57
8405	0 90 43
8406	24 17 82
8407	22 75
8408	59 165
8410	23 17 16 37
8411	21 1 56 3 51 16 68
8412	55 78
8413	0 49
8414	25 85
8416	44 17
8417	3 116 16
8419	3 70
8420	24 10
8421	18 72 59
8423	56 65 1 1
8424	28 63
8425	2 35
8426	68 43
8427	1 2 0 37
8429	45 37
8430	13 34 26
8432	19 73
8433	82 88
8434	21 65
8436	69 1
8437	1 23
8438	14 13 12 68 59
8439	49 37
8440	19 27
8441	3 69 37 79
8443	22 102
8444	24 68
8445	20 18 8 37 21 26 99 23
8446	3 48
8447	115 36
8448	19 37
8450	6 82
8452	21 70
8453	100 84
8454	50 69
8455	6 1 78
8456	24 118 4
8457	18 17 139
8458	73 1
8459	1 16
8460	123 3 55
8461	37 37
8463	73 24
8464	50 17
8465	3 1
8467	6 7
8468	17 32
8470	1 113 33
8471	18 30
8472	9 1 125
8473	1 21 18 74 13
8475	39 17 95
8476	11 7
8478	76 26
8479	90 52
8480	8 12
8481	37 70
8484	7 0
8485	1 63
8487	18 32
8488	7 21
8489	17 3
8490	57 13 141
8491	18 69
8492	131 4
8495	12 17
8496	1 37 128
8497	26 65
8498	124 17 3
8499	135 72
8500	1 27 5
8501	100 26
8502	11 43
8503	0 4
8505	0 3 95
8506	18 1 73 68
8507	96 36
8508	47 17
8510	21 3 50
8511	36 91 13 54
8512	65 22 4 91
8513	16 86
8515	19 1
8516	3 68
8517	58 34
8519	13 4
8520	0 127
8522	17 0
8523	8 44 7 73
8524	0 21 64 17 4
8525	9 44
8526	18 37
8527	15 43
8528	0 102
8529	1 31
8530	135 50
8532	92 91
8534	18 49 27
8536	21 3
8537	39 26
8538	13 21
8539	50 65
8540	43 7
8541	17 24
8542	20 3 117
8544	1 21 38
8545	20 12 77
8546	1 126 14 17
8547	61 3
8549	1 10
8550	0 17
8551	40 11 35 103
8552	18 50
8555	24 36
8556	130 18 105 13
8557	6 1
8559	7 114
8560	0 42 103
8561	65 16 59 58
8562	4 68
8564	103 43
8565	20 21 11
8566	37 59
8567	24 1
8569	22 1
8571	21 69
8572	16 6 10 1
8574	37 37
8575	21 25 3 95 82 73
8576	37 43
8577	1 70
8579	21 51
8580	24 1
8581	49 17
8582	37 37 24
8584	88 17 74
8585	8 74
8586	18 2
8588	3 16 77
8589	6 17 14 13
8590	1 40 23
8592	16 70 19
8594	159 97
8595	63 10 37
8596	4 37
8597	9 149 1 43 127 17 112 53
8598	6 19
8599	82 68
8600	7 19
8601	1 68
8603	21 102
8604	21 27 90
8605	27 12
8607	24 17
8608	25 39
8609	22 82 68
8610	1 70
8612	94 78
8613	4 139 69
8614	56 1
8616	44 19
8617	49 58
8618	1 82
8620	118 57
8621	35 1
8622	4 24
8623	1 99 17
8624	24 1 65 26
8626	4 141
8628	59 54
8630	37 37
8631	22 50
8632	3 103
8633	3 44
8634	72 37
8635	49 79 113
8636	20 4
8638	40 110
8639	82 4
8641	10 75
8642	18 26 17 55
8643	18 0 49 11
8645	7 4
8646	63 57 14
8647	49 11 1 49
8648	28 6
8649	18 17 1
8650	23 19
8651	25 11 4
8652	70 18
8654	57 3
8655	51 99 26
8656	23 32
8658	1 4
8659	58 73
8660	63 59
8662	28 21 43 3
8663	7 82 74
8664	48 1
8665	4 9
8667	32 117
8668	7 3 16
8669	39 16
8670	37 19
8671	2 135 127
8672	28 113 158
8673	1 15 68
8674	57 70 37
8677	1 17
8678	82 51 93
8679	19 1 74 35
8680	4 4
8681	0 88
8682	20 99 44
8683	8 57 37
8684	114 1 70 33 70
8685	22 68
8686	21 90 72
8687	17 3
8688	48 4
8689	21 55 62
8690	2 91
8691	1 37
8693	11 100 97 118
8694	22 0
8695	6 1
8696	49 17
8698	7 114 6 114
8699	6 21 1 99 26 70
8701	37 3
8702	2 141
8703	37 125 1
8704	56 69
8706	113 1 15
8707	19 38
8708	9 20 70
8710	123 110
8711	22 16
8712	18 118
8713	25 95
8714	15 70
8715	1 4
8717	8 14
8718	4 17
8719	24 16
8721	18 69
8722	1 43 1 4
8723	37 1
8725	69 35
8726	0 57
8727	26 4
8728	37 23
8729	7 57 3
8731	18 24 73
8732	3 37 61
8733	3 74
8734	50 19
8735	43 103
8737	18 1 69
8738	4 60 44 3
8739	0 1
8741	6 77
8742	4 43
8743	6 49
8744	22 22 69 3
8745	18 34 17
8747	37 27
8748	21 17 42
8749	37 17
8750	13 63 75
8751	65 16
8752	18 17 77
8754	42 83
8755	25 48
8756	6 23 3 23
8758	17 95
8759	25 100 114
8760	22 19
8761	9 113 3 43
8762	37 74
8764	63 11
8765	7 24
8766	56 1 40 10
8767	0 6 68 21
8768	48 118 95
8770	2 43
8772	3 58 13
8773	6 51 4 37 1 11 73 17
8774	73 37
8775	28 49 4
8776	70 10
8777	55 27 99
8778	4 20 137
8779	37 15 73
8781	55 49
8783	59 77
8784	15 95
8785	22 25
8786	0 23
8788	38 3 72 48 4 14
8789	13 7
8790	2 37
8791	21 4 79
8793	10 38
8794	24 77
8795	43 3
8796	22 69
8797	7 36 72
8798	13 3
8799	18 160
8801	6 48
8802	56 15
8804	24 21 1 1 43
8805	16 3
8806	9 103
8807	24 68
8808	99 151
8809	55 82
8810	18 118
8811	4 59
8812	55 14
8814	14 4
8815	21 17 113
8816	8 10 43
8818	18 3 4
8820	3 74
8821	37 35 62 52
8822	21 34
8823	22 24
8824	16 19
8825	2 3
8826	16 82
8827	9 22 110
8829	22 6
8830	8 51
8831	37 3 59
8832	2 57
8833	22 128
8835	4 65
8836	28 24
8837	130 15
8838	72 16 73
8839	17 37 94
8840	3 3
8841	36 17 27
8842	22 33
8843	21 45 2 31
8845	10 95
8846	39 26
8847	103 17 49 23
8848	64 0 4
8851	81 16
8852	3 144
8853	50 35
8854	34 11
8856	67 37
8857	16 74
8858	63 81
8859	21 74
8861	8 3
8862	11 45
8863	21 37
8864	3 77
8867	70 11
8868	37 1
8869	13 17
8870	57 43
8871	16 15
8873	25 59 3
8874	43 103
8876	143 17 35
8877	37 25
8878	24 26
8879	8 26
8880	1 98
8881	16 70 16
8883	5 0 2 1 102
8884	53 65 26 64
8885	82 23 1 43
8886	17 70
8887	23 39
8889	37 4
8890	1 69
8892	12 17
8893	94 73
8894	22 49 33
8895	9 128 37 42
8897	73 64
8898	6 44
8900	95 82
8901	19 4 6 94 13
8902	0 6
8903	19 4 37 1
8904	18 3 11
8905	14 3
8908	16 129
8909	4 49 135 2 1 58 19 37
8910	2 99 17
8911	22 53 49 3 64
8914	82 26
8915	130 37
8916	33 157 16
8918	24 45
8919	35 128 73
8920	44 50
8921	1 115
8922	16 77 63
8923	24 19
8925	45 70
8926	15 1
8927	1 59
8929	67 55 3 19 100 69 75
8930	7 57 4 2 1 11 63
8931	18 75
8932	49 22
8934	16 59 49
8936	26 84
8937	24 0
8938	21 114
8939	49 16 4 21
8941	37 19
8942	18 6 31 74 146
8943	8 18 19 24
8944	70 59
8945	12 23
8946	1 88
8947	17 4
8948	3 26
8949	67 65
8951	3 50
8953	1 130
8954	25 69
8955	24 3 114 72
8956	8 58
8957	48 16
8959	8 18
8960	48 13
8961	16 59
8962	73 1 59 113
8963	60 49 3
8965	3 16
8966	81 1 44 74
8967	15 49 158 98
8969	0 24
8970	39 74
8971	35 98 3 29
8972	4 1
8973	23 0 34 115 16 75
8974	48 68
8975	17 38
8976	0 5
8978	31 50 44 4
8980	69 3
8981	7 21
8982	8 50
8983	81 23 31
8984	34 114 37 152
8986	21 23
8987	16 68
8988	16 11
8990	18 157
8992	8 21
8993	24 70 4 17 15
8994	6 37
8995	23 43
8998	21 27
8999	58 17
9000	17 17
9001	48 52
9002	56 17
9003	4 37 31
9005	3 44
9007	48 153 153 35
9008	11 21
9010	3 37 58 26 73 43
9011	8 141 4
9012	103 42
9013	22 21
9014	3 5 91
9015	0 135
9017	11 64 95
9018	100 19
9019	56 48
9020	4 82
9021	28 35
9022	25 73
9024	9 10 4 70 37
9025	3 16
9027	20 45
9028	0 158
9029	4 10
9030	9 63
9031	20 70
9032	37 98
9034	59 74 23 49
9035	7 74
9036	18 25
9037	6 4
9038	9 55 69
9039	18 114
9040	60 80
9042	39 2 67 21 84
9044	1 37
9045	74 62
9046	82 19
9047	7 24
9048	6 22 2 17 19 136
9049	3 4
9050	3 8 21 43
9052	6 21
9053	100 11
9054	7 42 15 27 23
9055	4 2
9056	18 68
9057	0 44
9058	9 2
9060	24 144 19 158
9061	23 113 70 69
9062	18 48
9064	18 59
9065	37 82 74
9066	69 37 100
9068	8 57 122 37
9069	7 159
9070	18 37
9071	1 82
9073	21 37
9075	23 2
9076	16 22 79
9077	3 56 79
9078	25 0
9079	2 70 10
9080	37 37
9082	0 1
9083	4 15
9085	24 4
9086	6 23
9087	25 3
9088	63 37
9089	99 74
9090	8 3
9091	24 3
9093	23 127
9094	100 17
9095	151 69 95
9097	21 1
9098	73 18 21 37
9099	9 117 95
9100	1 16 26
9101	18 23
9103	3 50
9104	6 10
9105	18 1
9106	23 1
9108	0 0 1
9109	24 34
9110	0 22 1 71
9111	22 21 21 44 98 59 11 149
9112	3 50
9114	37 82 13 34
9115	17 37
9116	81 4
9117	2 4 11 45
9118	6 3 50 49
9119	4 16
9120	25 78
9122	26 37
9124	6 0 10 28
9125	23 70
9126	18 48
9127	2 16
9129	71 19
9130	69 13
9131	53 70 118
9133	11 50
9134	0 73
9135	9 74 137
9136	15 55
9138	18 3
9139	16 37
9140	3 4 4 1 43
9141	27 71
9142	6 70
9143	7 23 64
9144	23 6
9145	37 7
9147	43 18
9148	10 76
9149	73 17
9151	106 24 0 98
9152	9 3
9153	1 1
9155	20 17 30 35 122 37 55 10
9156	37 58
9157	157 70
9158	21 107
9160	8 95 4
9161	56 91
9163	75 4 4
9164	6 1 13
9166	8 128 73 23 27
9167	0 70
9169	1 62
9171	11 118
9172	3 3 37 76
9173	43 130
9174	43 25
9175	0 135
9176	21 32
9177	1 100
9179	49 19 1 27
9180	36 21
9181	35 4 117
9182	57 23
9183	56 45
9184	82 11
9185	16 38 68 17
9187	0 16 118
9188	24 4
9189	4 23
9190	36 2
9191	29 118
9193	3 16
9194	21 13
9195	33 77
9197	21 27 3
9198	17 3
9200	6 22 21 135 44 4 64 17
9201	18 1
9203	19 68
9204	23 21
9205	6 75
9207	18 136
9208	25 58 135
9209	2 18 2 70
9210	45 0
9211	43 35
9212	2 61
9213	63 4
9214	7 70 61
9215	0 82
9217	24 4
9218	59 79
9220	1 1 102 110
9221	22 113
9222	4 27
9224	1 73
9225	85 64
9226	20 17
9228	2 21 2 88
9230	4 16
9231	1 65
9232	73 74
9233	4 68
9234	2 34
9235	44 52
9236	8 49 68
9238	1 90 46
9239	17 69 118 26
9240	0 92
9241	27 0 17 52
9243	24 48
9244	0 103
9246	21 14
9247	4 1
9248	11 21
9249	28 21
9250	18 83
9251	24 24
9253	7 64
9254	6 2
9255	21 50
9257	6 11
9259	23 95
9260	68 64
9261	24 1 22 72
9262	1 21
9264	62 58 17
9265	55 75 1 72 4
9266	0 4 80
9268	69 118
9269	4 37
9270	3 37 19 1 17 84 19 23
9271	22 82
9272	19 63 7 31 19 4 61
9274	81 22
9275	107 10
9277	26 113
9278	3 21
9279	3 131
9280	25 1
9282	31 44
9283	58 24
9284	18 34
9285	17 113
9287	52 3
9288	56 0
9289	19 23
9290	37 37 24 90 0 1 16 14 68
9292	49 73
9293	4 63
9295	3 11
9296	63 70
9297	1 59
9298	37 96 79
9299	24 2
9300	35 2 76 40
9301	2 21 35 20 34 37 88
9303	8 3
9304	134 145
9305	64 59 19 37
9307	26 63
9308	37 3 82
9309	48 68
9310	67 21
9311	0 43 52 69
9312	21 63
9313	3 23
9314	3 31
9315	21 35
9317	21 23
9318	6 43 64
9319	21 109 114
9320	141 135 70
9321	90 6
9323	1 95
9324	7 16
9325	114 16
9327	37 2 95 72
9328	8 1
9329	37 43
9331	20 6
9332	113 99
9333	52 78
9334	8 16
9335	126 3
9336	3 15
9337	103 4
9338	65 114 49
9339	8 77 53 26
9340	37 35
9341	56 10
9342	75 84
9343	65 19 98 24
9345	2 21
9346	24 4
9347	50 4
9349	67 73
9351	88 117
9353	58 68
9354	17 68
9355	14 19
9356	1 58
9357	8 2 56 26 3 70 19 44
9358	47 3
9359	1 1 1 68
9360	64 88
9362	28 19
9363	7 23
9364	20 6 1 14
9366	16 3 21 4 37 34
9368	1 43
9369	3 24 70
9370	38 43 3 145
9371	15 3
9373	37 17
9374	17 1
9375	0 60
9376	56 7 1 3 39 73 26 1
9377	23 19 138
9378	19 68
9379	16 3
9380	1 13
9382	43 79 23
9383	21 3
9384	6 73
9385	35 69 102
9387	25 1
9388	75 43 74
9389	0 37
9390	8 24 6 74 9 72 37
9391	68 78
9393	18 3
9394	7 26
9395	65 55
9396	70 50 40
9397	24 118 76 64
9399	37 62 79
9400	18 4
9402	11 3
9403	23 16
9404	5 23
9405	17 21
9406	44 53 129
9407	2 22
9409	113 4
9410	70 52
9412	64 23 113
9413	36 1
9415	25 10
9416	18 106 76 82 24 135 55 19
9417	1 98
9418	56 2
9420	20 3
9422	7 17
9423	18 23
9424	1 4
9425	37 48 11
9426	7 23 52
9427	2 4 1
9429	1 72 121
9430	26 16
9432	74 101
9433	6 17
9434	18 102 26
9435	19 44
9436	114 17
9438	6 3
9440	62 37
9441	17 0
9442	55 11
9443	82 73 90 23
9444	21 49
9445	71 59
9447	2 1 16
9448	9 61
9449	4 87
9450	1 7
9451	3 34
9452	4 40
9453	6 19 23
9454	0 11
9455	24 1
9457	8 7 56 114 1 44 82 35 34
9458	90 157
9460	50 1
9461	1 58
9462	24 13
9464	16 73 25 1
9465	10 25 133
9466	8 73
9467	49 49
9469	1 3 4 80
9471	0 49 3 56 130
9472	16 37 68 155 1
9473	0 17
9474	3 70
9475	50 128
9476	3 73
9477	23 1
9479	22 88
9481	1 124 1
9482	24 3 79
9483	25 34
9484	43 3 17
9485	35 76
9486	19 0 4
9488	1 10 37 11
9490	57 114
9492	128 0 12 48 133
9493	22 23
9494	64 35
9495	10 118
9496	117 17
9498	98 3
9499	2 114
9501	68 28
9502	82 164
9503	96 79
9504	7 56
9506	65 74 44
9507	22 69
9509	15 73
9510	20 21 141 70
9511	17 19
9513	56 56 1 84
9514	28 117
9516	6 28 31 4 52
9517	1 127 37 19
9518	8 2 1 3 79 73
9520	1 23 113
9521	37 13
9522	88 140
9523	23 70
9524	21 60
9526	6 7
9527	25 1
9528	127 61
9529	24 49 13
9530	16 3 26 37
9531	57 157
9532	8 19
9534	3 1
9535	28 55
9536	10 136 43
9537	0 79
9538	107 18 1 37 24 95
9541	43 64
9542	49 57
9543	88 1
9544	19 74
9546	2 16
9547	13 44 70
9548	3 95
9549	18 22
9550	2 149 113
9551	0 17
9552	48 37
9553	49 43
9555	3 49
9556	8 16
9557	99 88
9559	7 153 10
9561	3 72
9562	63 3 3 16
9563	76 44
9564	23 3
9566	26 77
9567	9 0 6 17
9568	81 7
9569	52 4
9570	22 52
9571	17 35
9572	36 13
9573	16 10
9575	63 68
9577	2 75 11
9578	0 68
9579	22 55
9580	24 17
9582	15 37
9583	67 16
9584	117 1 34
9585	1 10
9586	5 36
9588	56 43
9589	82 4 73
9590	72 70
9591	18 1 21 6
9592	7 10 17
9593	7 118
9594	18 4
9595	93 3
9597	1 10
9598	57 24
9600	35 34
9601	18 1 0 97 17 4 62
9602	0 4
9603	63 135 90
9604	82 77
9605	6 75
9607	4 1
9608	0 50 68
9609	25 113 133
9610	21 1 1 43 16
9611	59 11 1 70
9612	3 57
9613	21 81
9614	3 80 34
9615	6 73
9616	21 136
9617	18 1
9619	73 127
9620	56 3
9621	94 82
9622	20 37
9623	44 67
9624	56 67
9626	28 35
9627	6 3
9629	1 20 48 16
9630	28 114
9631	27 37
9632	3 70
9633	60 34
9634	18 66 24
9636	28 19
9637	6 2 145 130 141 58 51
9638	1 3
9641	71 11
9642	94 23
9643	3 4
9644	18 0 44
9645	1 17
9646	114 1 134
9647	14 49
9649	18 70 70
9650	9 3
9651	141 71
9652	1 6 10 129
9654	20 43
9656	24 59
9657	18 49
9658	3 24 70
9659	72 73 2 1
9660	151 76
9661	13 16
9662	28 17
9665	8 26
9666	24 2 124 17
9667	22 1 3
9668	1 39
9669	2 25
9670	52 27
9671	0 3
9672	68 24 16 114
9674	50 59 114
9675	18 49
9676	49 3
9677	3 107
9678	26 1
9679	74 4 30
9680	4 26
9682	58 37
9683	3 6 24
9684	22 1
9686	28 52
9687	3 73
9688	22 63
9689	82 54
9690	56 6
9691	29 33
9693	50 73
9694	15 61
9695	73 3 70
9696	8 57
9697	2 56 74 16
9698	24 3
9700	18 17
9701	1 56
9703	4 3
9704	10 10 69
9705	1 68
9706	3 63 44
9707	82 107
9709	3 7 0 21 70
9710	0 37
9711	2 21
9712	22 3 17
9713	8 21 34 1
9715	8 103
9716	18 4 37
9717	3 73
9718	75 69
9719	87 88
9720	114 52
9721	18 1 105 154 3 114 70 96
9723	14 4
9724	37 11
9725	18 35
9727	9 91
9728	3 17
9729	1 21
9730	153 73
9731	18 9 68 44 23
9732	33 141
9733	69 70
9735	24 19
9736	82 33
9737	18 3
9738	21 70
9740	1 19 21 130
9741	7 3
9742	3 35
9743	3 14
9744	113 112
9746	0 23
9747	9 95
9749	1 88 46
9750	36 43 19
9752	37 79
9753	27 84 44
9754	23 49
9755	19 72
9756	19 11
9757	62 64 27
9759	19 33
9760	7 128
9761	44 50
9762	0 37
9764	103 43
9765	22 50
9766	37 25
9768	8 1
9769	4 18 0 37 17 65 33 52 73
9771	3 3
9772	22 16
9773	37 3
9774	25 21
9775	3 16 73
9776	4 68 10 10
9777	2 133
9778	69 16
9779	37 153
9781	28 49
9782	7 19
9783	79 60
9784	21 58
9785	3 1
9786	37 62
9787	49 3
9788	35 10 1 110
9789	44 59 149 117 17 83
9790	39 3
9792	6 13
9793	17 4
9794	8 38 13
9795	9 0
9796	59 71
9797	58 44
9798	21 74
9799	72 64
9800	43 0
9801	37 13
9802	37 70
9803	37 72
9805	36 45
9806	125 128 16
9807	6 74
9808	7 45
9809	1 39 49 90
9810	3 4
9811	47 43
9812	7 13 23
9814	23 75
9815	37 19 4 75
9817	1 1
9818	18 6 1 15 79 50 52
9819	8 21 17 1
9821	22 39
9822	6 2
9823	120 157
9825	21 17
9826	17 21
9827	2 55 1
9829	16 23
9830	21 127
9832	16 35
9833	0 118 113
9834	22 3
9836	73 49 11 69
9837	21 37
9838	34 131
9840	49 8 23 75 74
9841	49 55 137
9843	17 23
9844	13 17
9845	9 64 34
9847	6 8 6 16
9849	43 73
9850	2 29
9851	37 58
9852	1 59
9853	35 3 52
9854	56 37 59
9855	2 57
9856	7 17
9857	4 37
9859	8 37 13
9860	24 39 49 17
9861	135 17
9862	49 74
9863	3 44 7 82
9864	18 103 23
9865	88 19
9866	20 1 81 56 3 4 39 72
9868	21 15 70 59
9869	4 43
9870	32 74
9871	3 1
9872	3 69
9873	38 4
9875	8 31
9876	0 57 43
9877	8 16
9878	7 15
9879	7 10 19
9881	7 94 1
9882	0 35 17 3
9883	10 4
9885	23 83
9887	1 82
9888	18 37 40
9889	106 68
9890	106 39 37 67
9891	7 73
9892	1 49 63 7 2 17 79
9893	6 70
9894	22 24
9896	6 19
9898	13 23
9899	64 4 26 17
9900	34 98
9901	23 144
9903	2 6 3 55 74
9904	10 27 70
9906	3 48
9907	1 4
9908	9 1
9909	4 74 130
9910	1 21 95
9911	22 69 34
9913	134 49
9915	0 94
9916	6 4
9917	23 113
9918	74 24 19 37
9920	37 95
9921	6 16 15 13 107 70
9922	24 17 59
9923	1 16
9924	1 114
9925	88 3 1
9928	37 133 1
9929	64 37
9930	18 16
9931	2 49
9933	2 5
9934	2 1 4
9935	1 110
9936	21 21
9937	69 40 137 70
9938	117 16
9939	22 55 69
9941	13 76 68
9943	15 4
9944	4 38
9946	135 1 72 65
9947	22 19 49 70
9948	34 63 69
9950	1 25 24 18 9 24 107 48
9951	16 68
9953	8 15
9954	12 14
9955	70 74
9957	48 3 21
9958	24 17 16
9959	23 60
9960	15 128
9962	1 56
9963	79 55
9964	73 3 154
9965	18 24 131
9966	128 81
9967	6 0 100
9969	29 68
9970	18 8 113 37
9971	44 14
9973	45 95
9974	4 79
9975	3 8 4 3 70
9977	65 19 68
9978	39 39
9979	22 3 44 68 68 68
9980	20 15
9982	44 37 4
9983	22 1
9984	65 73 135
9986	69 74
9987	1 127 74
9988	0 1
9989	3 69 70 40
9991	37 1 94 24 163 13
9992	140 72
9993	1 16 114
9994	70 43 44 58
9995	16 139
9996	14 64 21 57
9998	24 3
9999	43 4 43
10000	1 3
10001	113 11
10002	21 10
10004	6 1
10005	0 37
10006	0 0 50 120
10008	1 52
10009	1 1
10010	37 2 26
10013	1 4 36 48 37
10014	8 55
10015	22 6 117 82 73
10016	47 3 27 26 4
10017	158 73
10018	1 0 4 85
10020	118 107
10022	23 4
10023	142 1 65 37
10024	88 8 57 6 2 153 3 17 4
10025	18 22 34
10026	25 49
10027	24 25 10 77
10028	17 26 64 137
10029	8 16 70 47 17 43 0 62 51
10031	7 79
10032	90 27
10033	6 49
10035	16 40 12 17
10037	25 49 7 1
10038	1 21
10039	1 50 76
10040	4 4
10041	35 6
10043	103 4
10045	50 69
10046	6 4
10047	37 75
10048	6 130 74
10049	114 42
10051	3 50
10052	1 19
10053	21 63 63 88 70
10054	17 70
10055	21 1
10056	70 1 68
10057	8 1
10059	16 21
10060	25 8 7 19
10062	3 1 37
10063	76 81
10064	3 0 82 52 5 70
10066	128 89
10067	18 37 44 87
10069	4 13
10070	6 37 82
10072	3 74 1
10073	21 122
10074	13 55 43
10075	1 17
10077	35 17 4
10078	63 26 17
10079	37 21 4
10080	32 23
10081	22 36
10082	18 68
10084	17 2
10085	23 3 153
10087	23 144
10088	25 22 114 36 17 78 11 118
10089	8 22 23 98
10090	21 6 3 22 36
10091	1 65
10092	1 17
10094	103 68
10095	1 25
10097	136 24
10098	18 1 155 17
10099	0 21
10100	47 25
10101	6 1
10103	3 68
10104	3 10
10106	3 4
10107	1 1
10108	22 99 100
10109	12 120
10110	18 153
10112	2 35
10113	0 37
10115	20 74
10116	137 37
10118	8 52 19 36 4
10119	20 1
10120	24 21 162 40
10121	25 4
10122	53 4
10123	1 17 23
10125	37 48
10126	56 10 54 27
10127	24 4 3 19 15 1
10128	6 48 45
10129	10 69
10132	52 19
10133	6 114
10134	0 49
10135	67 37
10137	10 102
10138	144 1
10139	2 125
10140	120 55
10141	44 18
10143	26 63
10144	21 4
10145	2 122 1
10146	18 3 58
10147	4 103 48
10148	6 26
10150	6 37
10151	0 44
10152	50 3 73
10153	73 82
10154	4 52
10156	25 57
10157	24 32
10158	70 3 43 68
10159	79 14 19 124
10160	22 23
10161	50 75
10163	64 3
10164	0 98
10165	3 19
10167	58 70
10169	28 1
10170	10 70 43
10171	2 25 55 3
10172	92 21 55 23
10173	25 72 103
10174	9 79 17
10175	82 10
10176	11 43
10177	79 4
10178	57 4 15
10179	49 1
10180	4 141 69
10182	37 4
10183	102 62
10184	16 21
10185	3 1 64
10187	124 70
10188	37 22
10191	73 3
10192	1 2
10193	16 25
10194	1 17 5 23 157 162
10195	62 13 37
10196	8 18 12 17 49 70
10197	18 37
10199	93 114 43
10200	3 4
10201	65 33
10202	31 79
10203	4 4
10205	22 113
10206	9 73
10207	21 23 137
10208	15 28 1 9 68 70 99 70 82
10210	37 70
10211	18 20
10212	26 37 67 68
10214	1 19 68
10215	0 44 19
10216	61 58
10217	24 75 153
10218	16 40
10220	4 0 71 10 1 98 68
10221	21 59
10222	78 16
10223	153 10
10224	8 61 3
10225	14 37
10227	134 10
10228	9 88
10229	18 1
10231	9 0 73
10232	18 71
10233	92 10 19
10235	81 88
10236	24 10 15 6
10237	12 24
10239	126 73
10240	2 114
10241	0 113 1
10242	2 17
10244	23 44
10245	52 81
10247	8 73 6 1 135
10248	76 70
10249	65 3
10250	120 25 1 17 2 21 21 52 151
10251	24 21
10253	135 16 88 34
10254	49 3
10255	49 4 36 63
10256	2 1 69
10257	1 20 130
10258	57 1
10259	21 95
10261	17 24
10262	113 3
10263	18 12
10265	1 2
10266	50 128
10268	16 74
10269	0 34
10270	1 19
10271	3 16 122 1 21 81
10272	1 43
10274	1 68
10275	39 73
10276	1 26 1
10277	22 17
10278	67 1
10279	22 1 1
10280	43 70
10282	6 1
10283	3 31 4 74
10285	18 37
10286	3 37
10287	1 22 63 75 48
10288	0 39 34
10289	56 68
10290	127 73
10293	7 3
10294	6 48
10295	103 49 7 19 69 4
10296	75 43
10298	82 67
10299	24 50 35
10300	18 4
10301	6 42 16
10302	28 1
10303	0 13
10305	7 1 74
10306	3 74
10308	32 69
10309	3 17
10310	18 22
10311	57 51
10313	147 40
10314	1 37 122
10316	6 8 0 113
10317	22 70
10319	120 136
10320	65 17 82
10321	49 48
10322	50 17
10323	19 95 70
10324	28 37
10326	22 44
10327	25 21 16
10328	1 0
10330	4 17 68 82
10331	61 95
10332	22 39 95
10333	18 118 44
10334	16 135
10335	5 70
10336	0 114
10338	56 153
10339	23 77 122
10341	28 37 52
10343	57 9 4 1
10344	7 27 7 79
10345	1 64
10346	1 37 73 50
10347	18 17
10348	43 101
10349	22 48 19 80 69
10352	135 99
10353	1 17 63 52
10354	9 35
10355	131 16 6 10 95
10356	26 37
10357	114 1
10358	2 52
10359	49 35
10360	37 56
10361	23 0 6 26
10363	1 134
10365	28 23
10366	8 8 0 25
10367	17 68
10368	28 82 118
10369	4 68
10370	0 69
10371	21 90 48
10373	2 44
10374	6 157 68
10375	134 0 4
10376	1 10 68
10377	68 43
10378	70 21 44
10380	35 82 133 163
10382	3 24
10383	24 71
10384	38 57 20 37 34
10385	47 59
10386	18 154 48 37 90 73
10388	21 114 73
10389	141 36 88 61
10390	11 59
10391	3 67 43
10393	21 94
10394	25 23
10396	57 16
10397	97 23 63 77
10398	44 107
10400	68 82 73
10401	22 2 17 79
10402	0 37
10404	5 37 95
10405	69 110 21 70
10406	1 79
10407	80 17
10408	19 17
10409	8 1
10410	18 68 120
10412	9 26
10413	13 1
10414	19 17
10415	7 1 90 73
10416	1 37
10417	1 3
10418	11 26
10419	108 19
10420	24 23
10422	28 4 157
10424	6 3
10426	65 62
10427	0 3 25 10
10429	17 2
10430	49 17
10431	141 49
10432	114 1
10433	102 1 11
10435	3 3
10436	21 0 3 40
10437	1 10
10438	117 37
10439	44 56 17 73
10440	20 0
10441	73 13
10443	68 44
10445	43 21
10447	71 0 43
10448	21 36
10449	52 99
10450	6 73
10451	10 147 4
10452	50 0
10453	21 11 25 43 99
10455	9 91
10456	5 6 73
10457	8 4
10458	68 24 70
10459	0 3
10462	48 4
10463	15 123
10464	17 0 128 44 127
10465	0 22
10466	103 11
10467	2 22 141 24
10468	44 3
10469	63 3
10470	73 3
10472	1 35
10473	31 1
10474	11 38
10476	37 28
10477	17 69 17 127
10478	39 3
10479	3 24
10480	50 23
10481	1 37
10482	3 1 17 16
10483	31 18 37 1 4
10485	24 3
10486	133 43
10487	16 1
10488	37 118
10489	7 25
10490	18 18
10491	1 32
10494	7 14 4
10495	1 103
10496	16 31
10498	6 24 95 9 1 113 55 63 70
10499	1 69 4
10500	81 153
10502	26 1
10504	21 51
10505	4 12
10506	24 11
10507	31 17
10508	9 34 68
10509	16 4 114
10511	50 23 58 137
10512	21 1
10513	37 44 37
10514	3 1 0 17
10516	29 1
10517	22 40 7 55 37 12 75 48
10518	9 11
10519	0 17 27
10520	15 49 37
10521	29 53 17
10523	0 73
10524	28 1 23 36 36 43 99 1
10526	17 11
10527	21 16 113 70 158
10528	28 6 34 57 1 117 14 64
10529	20 57
10530	1 74
10531	21 1
10532	59 70
10533	26 70
10534	21 16
10535	24 117
10537	22 37
10538	20 18 69 0 61
10539	37 35 127 44
10540	6 37
10541	1 103
10542	1 16
10545	61 37 99 17
10546	6 7 26
10548	69 68
10549	24 17
10550	18 64
10551	2 57 43 23
10552	21 26
10553	22 57
10555	8 26
10557	0 17 64
10558	43 33
10559	63 49 68 4
10561	0 45 113
10562	53 16 49
10563	4 4
10564	8 8 1 100
10565	33 117
10566	4 79 79
10567	37 50 135 34
10568	37 141
10569	23 27
10570	11 49
10571	0 0 37 79
10572	1 16
10574	37 10 3 69
10575	17 3
10576	43 16 58
10577	28 3
10578	1 73
10579	97 140
10581	1 2 45 17
10583	127 158
10584	10 10
10585	37 35
10586	16 36
10587	6 155
10589	91 10 43
10590	78 19
10592	28 3
10593	8 17
10594	25 22 1 74 68
10595	74 23
10597	7 16
10598	3 82 1
10599	0 21
10601	18 39
10602	57 157
10603	17 104
10605	48 26
10606	5 61 87
10607	22 3
10608	6 44
10609	1 2
10610	95 3
10611	61 1
10613	56 50
10614	98 129
10615	16 68
10616	25 68 26
10617	18 63
10619	7 64
10620	20 126
10621	117 19
10622	21 74
10624	49 10 74 1
10625	0 70 58
10626	1 1
10628	25 77
10629	22 70
10630	21 48
10632	84 26
10633	74 27
10634	26 30
10635	3 23
10636	3 3
10638	1 10
10639	69 135
10641	6 3
10642	11 114 0 68 62 50
10643	1 120 37 37
10644	26 139
10646	26 55
10647	52 91
10648	56 59
10650	0 6 13
10651	22 72
10652	44 68
10654	17 118
10655	65 103 55
10657	18 118
10658	18 75
10659	1 43
10661	8 3
10662	37 3
10663	16 0
10664	3 1 97 24
10665	4 37
10666	51 44
10667	24 92
10668	4 68
10669	1 74 49 78 99
10670	73 120
10672	4 50 16 13
10673	124 65 40 129
10674	96 34
10675	18 153
10677	53 17 10
10678	75 43 51 11 4 10 95 17
10679	37 78 113
10680	48 16
10681	6 73
10683	153 31
10684	19 81
10685	16 43
10686	3 140
10687	22 37
10688	118 10
10690	16 34
10691	2 14 118
10692	47 150
10693	65 95
10694	21 49
10696	13 1
10697	23 68 113
10699	19 147 73
10700	0 6
10701	7 68 23
10703	24 82 136 13
10704	18 36
10705	17 17
10706	21 21 40 94
10707	1 69
10708	4 79 114
10710	17 53 17
10713	18 21
10714	1 74
10715	8 1
10716	52 29 24 37 129
10717	22 19
10718	7 6 1 17
10719	7 29 39 70 75 16
10720	49 11
10721	39 3
10722	68 58
10724	37 62
10725	11 103 107 90
10726	1 4
10727	22 73
10729	2 37 38
10730	27 118
10731	32 4
10732	67 2 10 62 49 120
10733	6 4
10735	44 44
10736	17 1
10737	19 50
10738	0 39
10739	37 14 139
10741	20 0 73 4
10743	48 114 52
10744	74 74
10745	9 8 3 68
10746	56 24
10747	7 23
10748	58 120
10750	47 1 3 84
10751	8 63
10752	63 120
10753	6 1
10754	7 4 10
10755	6 4
10756	13 141 4
10757	24 4
10758	37 18 15 91
10760	8 1
10761	22 70 16
10762	22 10
10763	18 70
10764	0 37 112
10765	3 37
10766	43 75
10767	37 32
10769	21 82 100
10770	9 2
10772	103 43 11
10773	4 9 70 58
10774	19 34
10775	43 161
10776	86 36 17
10777	79 24
10779	2 4 70
10780	18 43
10781	21 1
10782	161 17
10783	11 21 23
10785	21 18 59 44 63
10786	3 50 3 11
10787	103 37 17 69
10789	2 88 27
10790	88 79 37 68
10792	18 50
10793	19 26 24
10794	16 17 141
10795	37 63
10796	20 21
10799	20 73
10800	28 22 37
10801	0 49
10802	37 1
10803	82 19
10804	3 0
10806	16 63
10807	98 45
10808	12 162 70 26
10810	18 45
10811	0 18
10812	4 1
10813	44 26
10815	4 136 62
10816	28 1
10818	77 11
10819	10 16
10820	4 11
10821	3 95 50 69 11 95
10822	24 6 4 53 147
10823	7 43
10824	6 73
10826	11 127
10827	57 134
10828	68 1 49
10829	3 37
10831	37 21
10832	25 35 70
10833	6 115
10834	2 45
10835	3 3
10837	3 8 3 43 88
10838	33 23
10839	18 5
10840	21 158
10842	0 25 128
10843	17 113
10844	14 4 40
10845	0 132 33 14
10847	43 10
10848	18 67
10849	106 4 4 3 4 12 157 70
10850	128 13
10852	8 50 81 37 73
10853	78 19 69
10854	18 50
10855	63 71
10857	17 59
10858	25 4 23
10859	24 0 43
10860	3 49 4 70
10862	24 35 23
10863	4 14
10864	70 4
10866	23 102
10867	3 26
10868	28 104
10871	8 58 49
10872	22 0 2 19
10873	27 49 3 59
10874	1 4 108 65 37
10875	8 2 19
10877	24 135
10878	1 6
10879	18 73 37
10880	39 10
10882	2 58 38
10883	73 70 37
10884	19 113
10885	79 114 78
10886	4 24
10888	10 52
10889	73 7
10890	24 49
10891	25 23
10893	73 21
10894	1 26
10895	37 1 110
10897	48 69 113 113
10898	58 26
10899	9 27
10901	4 19
10902	37 17
10903	50 13
10904	6 7 4 1
10905	1 39
10907	70 3 98
10909	8 10 49
10910	20 23
10912	68 21 102 44
10913	16 69
10914	29 7 21 69 70 44
10915	65 103
10916	79 31
10917	17 17 3 75
10918	18 70
10919	73 4
10922	0 3 35 23
10923	16 4
10924	6 70 68
10926	1 68
10927	102 76
10928	21 21 74
10930	22 88
10931	0 44 19 23
10932	6 21 17 127
10933	69 74 77
10934	28 23
10936	24 118
10937	37 49 19
10938	26 49
10939	114 70
10940	58 79
10941	4 69
10943	1 73
10944	70 1 84 49 43
10945	17 0 14
10946	4 114
10948	3 68
10949	28 61
10950	4 37
10951	63 159
10953	42 10
10954	0 79
10955	9 73 98
10956	2 82
10958	6 70
10959	1 22
10960	25 28
10961	56 3
10962	2 143
10963	44 153 145
10964	7 102
10965	16 21
10966	25 44 78
10968	55 53
10969	37 70
10970	100 4 68
10971	76 1 74 114
10973	53 1 3 121
10974	3 4
10975	77 53
10976	65 59 77
10978	69 133
10979	141 65
10980	1 130 158
10981	71 153
10983	15 25 6 113
10984	21 43
10985	67 99
10986	2 43
10987	150 31
10988	4 12
10990	114 70 42
10991	73 165
10993	49 1
10994	28 4 1 116 25 54
10995	3 16
10996	103 82
10997	113 1
10998	17 9 16 1 33 38
10999	82 0
11002	3 143
11003	7 37
11004	18 19 134
11006	37 21
11007	22 25
11008	18 2 19
11009	8 7 94 158 113
11010	24 65
11011	18 48 24 1
11012	73 21
11013	17 70 114 13
11014	20 13 40
11015	69 100
11017	68 34 80
11018	15 21
11019	98 21 153
11020	0 44 71 16
11021	9 16
11023	4 16
11024	1 32 11
11025	8 8 7 68 58 40 44 70
11027	44 19
11028	37 4
11029	4 124
11030	20 73
11031	42 151
11032	82 46
11034	0 68
11035	77 32
11036	21 73 4 4
11038	0 21
11039	8 118
11040	8 1 1 14
11041	24 22 40 21 125 34
11042	10 16 16
11043	0 37
11044	18 47
11046	4 10
11048	22 17 26
11049	0 20 26 75 73
11050	18 115
11051	64 68
11052	6 73
11053	18 134
11054	3 3 62 14 137 31
11056	21 23
11057	21 16 73
11059	17 82
11060	18 68
11061	0 102
11063	21 73 70
11064	21 74
11065	0 1
11066	8 21
11067	58 4
11068	3 73
11069	13 37
11070	21 70
11072	45 17 14
11073	1 1 115
11074	49 74
11075	50 43 82
11076	1 114 51
11077	21 4
11078	25 40
11079	117 1 1
11080	49 1
11082	8 4
11083	19 49
11084	8 63
11085	77 10
11087	2 58 64
11088	37 95
11089	24 16
11090	29 11 68
11091	3 61
11092	21 10
11093	4 44 103
11095	2 24 95 26
11097	8 75
11098	18 44
11099	37 60
11100	20 0
11101	3 65
11102	0 17
11104	75 45
11105	12 65
11106	9 16
11107	19 15 72 35
11108	1 17
11109	77 77 122
11110	18 7
11111	100 57
11112	6 28
11113	2 37
11115	4 21 21 23 153 100
11116	68 50
11117	47 88
11119	56 50
11120	2 48
11121	155 19 17
11122	37 62
11123	18 17
11124	21 71
11125	9 15 34
11126	15 13 25 120 10 118 113 82
11127	3 127
11128	8 106 98 53
11129	48 153
11131	48 24
11132	106 24 64
11133	64 1 84 73 43 77
11134	72 99
11135	56 6
11136	26 16
11138	17 6
11139	28 17
11140	6 23 4
11142	3 1 21 68
11144	56 21
11145	9 4
11146	79 10
11147	131 69
11148	14 50
11149	59 63
11150	4 15 11
11151	127 65
11152	3 37 2 19
11153	1 37
11154	7 0
11156	1 44 49
11157	22 36
11159	22 49
11161	17 74
11162	21 100 95
11163	3 6
11164	17 58 3 4
11165	9 25 73
11166	1 40 30
11167	17 18 73 65
11169	50 68
11170	35 4
11171	50 37
11172	10 64 64
11174	141 33 68
11176	22 15
11177	18 55
11178	24 1
11179	0 1 91
11180	106 40 24
11181	70 38
11182	1 21
11184	26 6
11185	0 18 28 21 29 23 45 37
11186	4 122 43 91
11187	81 113
11188	18 21 131
11190	26 10 73 3
11191	71 57 17 24
11192	49 52
11193	0 16 59
11196	0 100
11197	36 2
11198	56 21 69
11199	74 59
11200	100 1
11202	0 1 76 17 43
11203	17 3
11204	22 4 17 19
11205	72 3
11206	24 59
11207	102 92 10 57
11209	0 78
11210	24 17
11212	18 21 49
11213	37 70
11214	17 27
11216	37 6
11217	24 49
11218	4 70
11219	1 23
11220	20 17
11221	44 1
11223	6 3 19
11224	26 19 1 120
11225	22 17
11226	37 37
11228	18 17
11229	49 10
11231	17 73 118 58
11232	18 74
11233	14 16 129
11234	37 113
11235	20 1
11236	17 17
11237	99 16
11239	21 116
11240	23 56
11241	36 39
11242	4 69 68
11243	22 75
11245	1 32
11246	17 49 113
11247	43 113
11248	17 3
11250	130 72 63
11252	9 17
11253	57 37
11254	82 63
11255	3 10
11256	106 49
11258	57 39
11259	22 22 69 3
11260	18 17
11261	3 63
11262	3 118
11264	37 73
11265	73 2
11267	26 73
11268	102 3
11269	3 8 113 23
11270	37 37
11271	19 65
11272	10 69
11273	9 18 0 19 68 153 11 24
11275	2 25 3 16
11276	8 3 37
11278	18 37
11279	21 74
11280	3 18
11282	127 74
11283	29 21
11284	6 14
11285	8 1
11287	34 10
11288	18 18 24 112
11290	18 9 74 1 12
11291	103 73
11292	4 95 68 27
11293	24 154
11294	23 59
11297	57 45
11298	37 90 100
11299	6 21
11300	17 24
11301	6 8 79 43 55
11303	1 48
11304	20 95
11305	2 91
11308	36 69 4 13
11309	18 25
11310	17 1 127
11311	100 82
11313	37 32 55
11314	21 68
11316	90 24
11317	17 6
11318	56 18 79 55 74 48
11319	8 37
11320	8 3
11321	26 3
11322	75 59 102
11324	8 20
11325	23 48
11326	7 2 4
11328	16 1
11330	6 79 72
11331	56 10
11332	21 102
11333	17 70
11334	59 48
11335	52 11 11 4
11337	3 4 68
11338	8 100 48
11339	135 94
11341	63 44 157
11343	9 10 44 157
11344	16 114 82
11345	1 1 113
11346	63 161
11347	49 1 70
11348	24 8 9 1 151 91
11349	59 73 113
11350	4 1
11351	0 103 37
11352	0 79
11353	4 59 17
11354	37 68
11356	12 36
11357	0 21
11358	1 33 25
11360	68 59
11361	63 16
11363	35 18 33 44 73
11364	3 68 113
11365	0 4
11367	1 24
11368	76 32
11370	17 34
11371	1 18 23 112 37
11372	18 18 23 16
11374	8 20
11375	6 15
11376	19 23
11377	49 157
11379	70 24
11380	69 3
11381	4 3 23
11382	20 75
11383	107 6
11385	1 1
11387	0 53
11388	68 23
11389	65 24
11391	43 0
11392	49 2 10 14 38 14
11393	77 19
11395	4 22 23 3 37 5 43
11396	52 127
11397	153 15
11400	48 3
11401	18 37
11402	10 65 113
11403	9 24
11404	63 25
11406	25 50 50
11407	73 15
11408	4 0 49 63 43
11409	0 1 51
11410	36 17
11412	1 33
11413	1 10
11415	59 19
11416	29 16
11417	0 1
11418	50 3 3
11419	3 1
11421	56 38 130
11423	27 72
11424	20 43
11425	16 115
11426	24 17 30 23
11427	2 3
11428	28 58
11430	2 59
11431	25 70
11432	8 52 2
11433	22 7 24 43 11
11435	8 1
11436	22 1
11437	6 73
11439	24 79
11440	67 1
11442	117 43
11443	1 4
11444	23 68 76
11445	28 17
11446	25 2
11448	1 21
11449	43 13
11451	11 12
11452	16 59 44
11453	139 3
11454	7 102
11455	16 93 16
11457	17 75
11458	24 43 43
11459	23 102 135 113
11460	141 21
11462	0 50
11463	23 79
11464	22 3
11465	8 10 118
11466	65 72
11468	117 17 38
11469	98 1
11471	50 16
11472	18 4
11473	14 70
11474	17 5
11476	12 103 129
11477	3 49
11479	59 4
11480	18 1
11481	17 114 68
11482	25 21
11483	1 7
11484	65 64
11486	2 82
11487	6 36
11489	17 3 11
11490	24 11
11491	29 37 4
11492	7 28
11493	3 10
11495	28 113
11496	45 69
11497	7 17 11
11500	37 57
11501	3 1
11502	7 37 26
11503	16 3 91
11504	95 39
11505	3 17 16
11506	25 0 1 37
11507	37 2
11509	21 80
11510	16 27 11
11511	1 129
11512	1 73
11515	4 19
11516	9 4
11517	49 31
11518	2 96 95
11519	72 37
11521	8 90 3 59
11522	28 39
11523	7 20 43 116 134 73
11525	17 44
11526	1 31 43
11527	9 1
11528	55 26
11530	68 30
11531	50 37
11532	22 3
11533	3 73 1 34
11534	38 5
11535	62 65
11537	0 21
11538	18 44 1 53
11539	26 16
11541	23 23
11542	39 17 53
11543	1 4 3 69
11544	73 37
11546	0 94 68 122
11547	0 18 51 120
11548	52 68
11549	73 99
11550	28 64
11551	16 21 4 1 26
11553	69 69
11554	81 1
11555	74 4
11557	50 3
11558	24 2 82
11559	9 17 95 19
11560	18 31
11562	92 19 43
11563	37 22 16
11564	1 21
11565	0 74
11566	21 55 16 31
11567	73 52
11569	2 57 46 37 16 4
11570	3 63
11571	21 26
11572	65 44
11573	63 69
11575	8 4
11576	21 17 16
11577	9 33
11578	24 11
11581	70 26
11582	11 6 23 0 69
11583	6 114
11584	135 23
11586	23 37 38
11587	6 64
11588	62 60
11589	17 1 11
11591	5 6
11592	24 126 0 70
11593	56 3
11595	0 6 37
11596	7 1
11597	1 65
11598	17 16
11599	18 130
11601	9 2
11602	1 2 151
11603	1 16
11604	57 63
11606	17 73
11607	60 3 65 83
11608	1 70 44
11609	50 149 16
11610	0 4
11611	56 13
11613	16 140
11614	8 66
11615	11 37
11616	97 23 68
11618	102 133
11619	9 4
11620	1 74 55
11621	8 122 70
11622	1 19 64
11624	23 81
11625	6 17
11626	1 3
11627	3 19
11629	25 64 4
11630	1 122
11631	24 10 69 68
11633	49 36 44
11634	134 17
11636	59 21 37
11637	1 23 99 70
11638	9 133
11639	1 65
11640	6 69
11641	37 127
11642	21 102 24 43
11643	60 118
11644	25 17
11645	7 73
11648	65 4
11649	39 21 3
11650	18 63 83 4
11651	17 70 16
11652	3 69
11654	80 43
11655	24 17 37
11656	21 23
11657	55 1
11659	6 17
11660	21 102
11661	1 26
11662	3 19 16 14
11663	12 2
11665	56 1
11666	24 50
11667	3 112
11668	1 59
11669	34 94
11671	2 21
11672	20 68
11673	22 100 107 74
11674	65 23 70
11675	70 44
11678	11 11
11679	6 20 159 21 34 70
11680	9 50
11681	7 40
11682	79 117
11683	22 97 114
11685	1 3
11686	6 68 16
11687	26 4 37
11688	44 43
11689	19 114
11691	8 5 19
11692	3 48
11693	23 3
11694	122 71
11695	1 49
11697	47 1
11698	21 114
11699	64 70
11700	65 23
11702	50 21
11703	21 49
11704	130 21 128
11705	18 23
11706	1 19
11708	1 113
11709	6 55 49 43 103
11711	2 24
11712	68 73
11713	1 63
11714	56 1
11715	18 15 48
11717	0 57 94
11719	6 3
11720	11 45
11721	49 0 31 77
11722	21 59
11724	0 23
11725	1 1
11727	20 53
11728	11 18 1 2
11729	21 82 45 49
11730	37 34
11731	18 1 118 63 33 13
11732	21 16
11733	4 79 19 59
11734	3 58 60 19
11736	87 11
11737	16 4
11738	82 122
11740	7 45
11741	21 37
11742	0 3
11743	82 44 16
11744	7 44
11746	6 37 36 72
11747	18 22
11748	95 93
11750	12 70 15
11751	79 0 49 4 13
11752	79 35
11753	20 21 3 1
11754	21 68
11755	2 58
11757	100 103
11758	16 0
11759	49 74
11760	88 78 76
11762	29 21
11763	6 4
11764	80 2
11765	56 0 73
11766	1 11
11767	30 31 69
11768	24 19 113
11769	49 1 16
11771	3 43
11772	1 103 49
11773	21 34 43
11774	0 37
11775	52 60
11777	44 44
11778	50 1
11780	37 105 100
11781	0 53
11782	3 19 58 37 130 43
11784	7 55
11785	2 144
11786	3 5
11787	68 130
11789	3 45 1
11790	16 122
11792	6 24 4 1
11793	38 11
11794	23 115
11796	9 69
11797	29 73
11798	74 79
11799	4 52 113
11800	1 24
11801	21 26 68 37
11802	8 24
11805	16 44 68 17 43
11806	18 35 124
11807	9 65
11808	57 31 11
11809	1 1
11811	17 23 99 15
11813	0 39 1 23 82
11814	129 37
11815	64 73
11816	17 20
11817	6 26
11818	1 4
11819	4 50 35 39 3 113 3
11820	3 4 114
11822	102 33
11823	7 11 17
11824	8 1 39 10 102
11826	46 10
11827	37 68
11828	49 82
11829	21 19
11830	8 11 77
11832	0 23 79
11833	20 3
11835	8 103
11837	49 24
11838	52 19
11839	3 1 102
11840	50 20
11841	21 1
11842	57 38 4
11843	106 91 1
11844	1 75
11845	7 14 82
11846	54 3
11847	6 14
11849	3 3
11850	40 51 32
11851	49 57 79
11852	18 11 71
11853	21 79
11856	23 37 102 82
11857	17 48
11858	4 11
11859	2 44 26 4
11860	73 1 72
11861	24 23
11863	73 37 82 125
11864	1 78
11865	51 22
11867	2 75 34
11868	4 25 98 50
11869	37 70
11870	4 37 125 118
11871	18 1
11872	14 16
11874	68 34
11875	24 70
11876	37 153
11878	2 6
11879	8 21 11 69
11880	1 37 43
11881	106 69 103
11882	6 82
11883	3 88
11884	3 9
11886	0 73
11887	21 24 1 72
11888	10 141
11889	48 1
11890	99 26 34
11892	145 1
11893	115 70
11895	56 52
11896	21 49
11897	67 1
11898	23 43
11900	16 59 2 95
11901	54 99
11902	25 70
11903	79 3
11905	157 157
11907	4 43
11908	4 3
11909	19 73
11910	26 118
11911	23 38
11912	9 87
11914	7 18 81 17 43 37
11915	37 23 4
11916	1 4 100
11917	7 17
11918	21 78 44
11920	37 137 4
11921	2 63
11922	20 79 70
11923	157 49
11925	44 144
11926	4 99
11927	37 50
11928	0 87
11929	83 3
11930	46 118
11931	6 4 118
11932	37 56
11934	26 2
11935	23 82
11936	44 73
11937	88 70
11939	6 73
11940	7 36
11941	4 4
11942	4 21
11943	73 68
11944	72 49
11945	13 122 4
11946	74 11
11948	1 64
11949	90 4
11950	4 81
11952	22 4
11953	43 13
11954	62 118
11955	0 70
11956	9 3
11957	4 38
11959	4 30
11960	73 43
11961	0 23 69
11962	50 10
11963	126 4
11965	9 73
11966	3 0
11967	3 141
11968	26 4
11970	17 68
11971	3 51
11972	18 153
11973	18 21
11975	118 6 4
11976	123 62
11977	17 118 43
11978	22 24 4 17 122 72 46 73
11980	3 19
11981	19 1 97
11982	15 6
11984	18 22
11985	3 127
11986	21 19 68
11987	23 1
11988	135 120
11989	84 44
11990	16 18 17 16
11992	22 60
11994	74 17 49
11995	37 76
11996	20 51 68
11998	7 8 21 123 68
11999	118 15
12001	25 3
12002	4 118
12003	4 4 127
12004	75 13
12006	17 4 4
12007	2 7 1 3
12008	76 70
12009	16 35
12010	18 81
12012	18 3
12013	0 116 33
12014	43 48 7 13 131
12016	0 35
12017	1 43
12018	106 82 36 23
12019	6 16
12020	21 3
12021	56 37
12023	4 23
12024	39 40
12025	9 19
12026	9 0
12028	49 23
12029	2 49
12030	58 16 21 19
12031	6 3
12032	10 14
12033	13 50
12035	6 118
12036	73 4
12038	37 48
12040	1 120 2 16 122
12041	82 70
12042	0 140
12043	15 50
12045	135 3 23
12046	23 24
12048	141 55
12049	23 39
12050	0 36 118
12051	9 79
12052	1 40
12054	22 60
12055	1 80 2 24
12056	9 37 12
12057	21 130 21 1
12059	1 26
12060	3 11 72 38
12061	75 1
12062	25 48 23 113
12064	1 68 98 77 95 38
12065	13 4
12067	1 141
12068	37 70
12069	4 72 13
12070	6 3
12071	7 16
12072	39 25 37 53 114 149
12073	9 44
12074	113 147
12076	7 8 24 2 19 74 43 27
12077	22 23
12078	8 2 95
12080	0 12 133
12081	8 113
12082	18 25
12084	3 90 70
12085	6 4 1 19
12086	81 26 37
12087	50 3
12088	46 103
12089	37 17 16 5
12091	16 19
12092	26 1 108
12093	113 34
12094	113 69
12096	5 73
12097	18 38 95
12098	24 21 58 78
12100	1 102
12101	72 40
12102	109 5
12103	0 72
12105	4 1
12106	16 0
12107	16 17 73
12108	37 0 52 21
12109	17 4
12111	37 10
12112	4 69
12113	24 70
12114	2 63 70
12115	8 16
12116	24 25
12118	17 81
12119	70 153
12120	21 57 4
12121	28 1
12122	1 64 68 55
12123	22 23
12124	25 0 0 70 120 17 17 120 121
12126	16 70 51
12127	28 43
12130	21 55
12131	17 28
12132	8 69
12133	17 19
12135	43 135
12136	1 0
12138	1 72
12139	14 16
12140	63 17 113
12141	3 127
12142	18 50
12143	57 36
12145	7 23
12146	17 43
12148	7 1 11 95
12149	8 13
12150	37 79 64
12151	24 17
12152	17 43
12153	23 57
12154	68 68
12156	37 19
12157	18 21 24 4
12158	74 73
12161	21 50 138
12162	1 11 4
12163	3 113
12164	16 0
12165	68 113
12166	35 31 73
12167	24 24
12168	68 43
12169	1 3 43
12170	127 2 1
12173	1 15 17
12174	127 112
12175	30 46
12176	16 73
12177	46 33
12179	3 37
12180	4 21
12181	43 69 49 26
12182	14 130 80
12184	37 25 21 49
12185	24 18 10 3 79
12186	4 43
12187	7 10
12188	28 59
12189	6 1
12190	18 1 73 17
12192	8 15
12194	22 17
12195	82 92
12196	4 102 50 17
12198	47 30
12199	8 8 6 102 135 73
12200	113 19
12202	16 70
12203	73 5
12204	73 70 45
12205	103 1 1
12206	68 37
12208	3 69
12209	23 61
12210	37 63 23 68
12211	113 52 3
12212	1 1
12215	6 1
12216	69 74
12217	3 37
12218	7 4
12220	9 73
12221	37 3
12222	49 1
12223	8 40
12224	3 135
12226	8 79 129
12227	1 39 13 5
12228	9 16
12229	17 10
12230	2 10
12231	19 95 4
12232	50 37 23 1 10 4 70 43
12233	18 21 37
12235	16 4 46
12236	55 98
12237	37 43
12238	25 15
12239	37 69 52
12240	49 37 16 103
12242	35 16
12243	28 55 45
12244	17 58
12245	90 58
12247	43 37 24
12248	70 37
12249	77 66
12250	9 3
12252	62 26 49
12253	3 0
12254	1 24
12256	2 18 31 26 71 23
12257	21 68
12258	23 122
12260	1 4
12261	56 24 17
12262	19 1 88 10 11
12264	3 67
12265	25 45 37 98
12266	37 21
12267	6 32
12268	37 24
12269	25 55
12270	56 28 136
12272	61 65
12273	44 62
12275	37 40 124
12276	50 17
12278	1 59
12280	16 26 34 16
12281	6 6
12282	18 21 37 117
12283	18 2
12284	73 5
12285	32 71 26
12286	49 68 19 99
12287	18 16 113
12289	8 17
12290	74 31
12291	28 128
12292	52 36
12294	21 4 157
12295	26 18 16 59
12296	41 18 3 37 4
12297	128 27 113
12298	68 26
12299	4 57
12300	15 33
12301	3 74 84 16
12302	4 49
12305	28 15
12306	35 1 11 10 13 16
12307	18 13
12309	0 9 114
12310	1 17 72
12311	1 11 70 70
12312	3 4 19
12313	63 70
12316	48 17
12317	1 3 44
12318	1 6 15 14
12320	0 79
12321	10 1 21 10
12322	3 139 129
12323	6 153
12325	141 4
12326	6 1 7 70
12327	1 4
12328	20 127
12330	6 6 72 21
12331	2 36 3
12332	18 20 22 99 1 37 127 17
12334	108 38
12335	58 0
12336	42 13
12337	14 27
12338	0 59
12339	3 113 43
12341	3 8 4 26 57
12342	34 70 124
12343	1 10
12345	18 56 0 10
12346	24 52 3 59
12347	3 1 121 70
12348	37 102
12349	9 82
12351	70 82 57
12353	22 100
12355	127 78
12356	1 65
12357	43 37
12358	36 1 3 70
12359	23 26 43
12360	82 113
12361	59 27
12362	68 19 38
12364	17 70
12365	37 1
12366	14 17
12367	37 75
12368	6 6 1 43 38 17 79
12370	23 88 3
12371	114 82
12372	1 71
12373	64 16
12374	52 1 31
12376	35 43
12377	64 130 74
12378	1 150
12380	0 1 70
12381	16 118 37
12382	18 18 94 87
12383	55 43
12385	6 37
12386	8 70
12387	69 1
12388	3 114
12389	1 10 43 99
12391	3 16
12392	47 49
12393	4 82
12394	4 24
12395	6 37 10 16 49
12397	1 70 4
12398	118 37 37
12399	1 16
12400	6 5
12401	56 38 24
12403	3 3 10
12404	24 57
12405	42 59
12407	68 123
12408	59 15
12409	43 70
12410	0 38
12411	2 10
12412	22 63 94
12414	18 11 16
12415	1 4
12416	17 64 24 13
12417	3 46 10
12419	37 73
12420	17 37
12421	39 27
12422	0 13
12423	44 8 82 2 114
12425	79 2 9 4 31
12426	27 16
12427	27 26
12428	19 13
12429	68 17 24
12431	38 150
12433	1 7
12434	115 0
12435	5 68
12436	9 27
12438	15 113
12439	18 18 23 0 1 55 120 1
12440	57 52
12442	2 19 72
12443	17 7
12444	7 1
12446	0 120
12447	22 21 4
12448	12 60 70
12449	26 37 74
12450	6 155
12452	6 7 0 44
12453	0 17
12454	23 16 137
12456	0 50
12457	7 1
12458	7 68
12460	122 11
12461	27 22 68 42 73 102
12462	47 1 77
12464	26 3
12465	18 34
12466	68 49
12467	22 40
12468	27 127
12469	49 1
12470	16 68 61 69
12471	11 64 11
12473	25 11
12474	1 24
12475	11 61
12476	4 69
12477	5 3
12479	6 16
12480	139 1 74
12481	43 19
12482	21 13
12483	1 73 43
12484	7 37
12486	18 4 5 125
12487	21 26 70 14
12489	0 0 113
12490	0 162
12491	50 158
12492	102 79 114 90
12493	79 2
12494	2 64
12495	2 59
12497	1 4 3 82
12498	48 0 28 33
12500	2 113
12502	134 128
12503	1 68
12504	49 13
12505	3 147
12506	127 25
12507	37 1
12508	22 94
12510	3 117
12512	73 26 70
12514	2 73
12515	28 1
12516	3 73
12517	1 4
12518	23 78 85 4
12519	74 19 4
12521	18 35 118 37
12522	6 14 68
12523	7 130
12525	4 2
12526	6 69
12527	22 21
12529	6 1
12530	4 73
12531	48 48
12532	48 0 4 30
12533	4 20
12534	59 61
12536	6 6
12537	114 4
12538	49 1 0 1 87
12540	3 105 5
12542	22 35 69 50
12543	18 51
12544	13 3
12546	4 21
12547	49 43
12548	49 20
12549	28 98
12550	41 9 9 63 3 59 58
12551	37 39
12552	48 72
12553	1 2
12555	24 27 118
12556	49 49
12558	21 26
12559	10 0 1 113
12560	1 73
12562	40 19 87
12563	0 26
12565	7 45
12566	15 4
12568	50 25 43 65
12569	13 69
12571	74 26
12572	6 21
12573	3 4
12575	20 9
12576	17 4 68 11
12577	99 44 17
12578	73 141
12579	9 34
12581	25 74
12582	95 26
12584	1 37
12585	29 17
12586	19 17
12587	59 74 34 26
12590	50 50 33
12591	9 10
12592	18 61
12593	3 128 11
12594	3 63
12595	1 1
12596	37 102
12597	68 74 44
12598	4 70
12600	70 55
12601	34 1 11
12602	79 1
12603	26 17
12604	8 16
12607	10 90 1
12608	37 17
12609	48 1 65
12610	3 68 118
12612	18 17
12614	74 10
12615	13 68
12616	47 49
12618	1 68 45
12619	1 114 50
12620	56 22 3 3 21 3 2 69
12622	22 87
12623	7 4 141
12624	43 146
12625	20 11
12627	9 68
12628	83 94
12629	0 37 24
12630	18 68 34
12631	3 4
12633	11 73 95
12635	22 133
12636	51 19 79
12637	3 37 4
12638	1 4 155 31
12639	9 37
12640	22 21
12641	1 75 76
12642	120 25 15 2 37 3 11 1
12643	91 33
12644	8 4
12645	4 79
12646	29 34
12648	60 31
12649	63 127
12650	21 25 26 49 158
12651	52 4
12652	65 9
12654	11 112
12655	7 20
12656	1 73
12657	57 1
12658	3 63
12659	16 73
12660	9 6 29 1 120 59 52 72
12662	56 16 143
12663	8 69
12664	6 2
12665	37 74 59
12667	90 38
12669	21 77
12670	1 39
12671	24 19
12672	1 4
12673	0 63 15
12674	94 4
12675	59 6 115 31
12677	9 11 153
12678	118 19
12679	8 37
12680	55 1
12681	22 153
12682	38 0 70 127
12684	69 48
12685	1 26 127
12686	100 79
12687	134 70
12688	10 6
12689	63 78
12691	20 95 37 0
12692	22 3
12693	12 14 73
12694	124 99
12696	28 1 70
12697	1 26
12698	11 36 135
12700	23 19
12701	22 59 17
12702	44 38
12703	28 64
12705	28 1 1 37
12706	130 70
12707	7 71
12708	21 70
12710	23 17
12711	73 65 3 17 4
12713	44 79
12714	65 24
12715	72 37
12716	3 71
12718	81 15
12719	48 1
12720	49 57
12722	10 95
12723	16 73
12724	59 26
12725	56 43 54
12726	10 23 3 3
12727	0 129
12729	24 17
12730	8 3
12731	3 19 157
12733	64 26
12734	37 16 1 3 95
12735	8 30 13 23 37
12736	22 59
12737	3 43
12738	24 57
12739	58 50
12740	2 37
12741	34 70
12744	27 62
12745	37 16
12747	2 94
12748	70 27
12750	22 10
12751	68 16 131
12752	63 19 1 57
12753	4 64 65
12755	95 50
12756	57 79
12757	56 2 48 37
12758	28 44
12759	21 113
12760	63 98
12761	74 44 4
12762	52 70
12763	18 74
12765	92 69
12766	49 48
12768	4 7
12769	73 70 16
12771	0 49
12772	2 73
12774	3 26
12775	3 3
12776	1 73
12777	19 43
12778	64 69 10
12779	3 17 23
12780	23 82
12782	28 0 35 42
12784	9 11
12785	18 18 0 2
12787	1 118
12788	28 40
12789	73 4
12790	3 6
12792	26 32
12793	4 31
12794	25 16 44 70
12795	2 16
12796	2 19
12797	69 36
12798	43 31
12800	15 1
12801	2 23 80
12802	1 57
12803	72 153
12804	26 63
12805	25 2
12807	49 1
12808	29 71
12809	8 81
12810	37 104
12812	107 82
12813	3 26
12814	18 34
12816	39 4 5
12818	6 59
12819	18 73
12820	49 20 3
12821	35 4 0 44
12822	79 1
12823	19 4 40
12824	1 37 37
12826	48 23
12827	21 10
12829	18 64
12830	1 83
12831	24 26
12832	1 39
12833	1 44 95
12835	18 159
12836	3 59 17 17 1 114 44 11
12837	99 26 113 19
12838	68 10 48
12839	7 70
12840	0 13
12842	7 128
12844	68 43
12845	82 24
12846	79 49
12847	3 95
12849	3 113
12850	73 72
12851	20 21
12852	22 127 4 15 10
12854	22 58
12855	48 20 3 24
12856	68 94
12857	10 0
12859	4 4
12860	3 43
12861	15 43
12862	73 17
12863	9 21
12865	42 21
12866	10 49
12867	43 11 114
12868	37 44
12869	39 37
12871	6 49 4 95 151
12872	6 77
12873	22 40
12875	25 3 11 1 14
12876	1 73
12877	3 1
12879	3 1
12880	3 118 23
12881	16 24
12882	35 45 44
12884	37 21 11
12885	4 97 118
12886	157 68
12887	17 1
12888	24 33
12889	94 18 13 4
12891	4 10
12892	3 11
12893	6 44
12894	36 39 10
12896	8 0
12897	21 19
12898	44 79
12900	7 53
12902	63 53 23
12903	59 11
12904	23 22
12905	22 3
12906	20 4
12907	2 1 113
12908	1 1
12909	4 72
12910	22 19
12913	17 17
12914	72 16 72
12916	21 37
12917	69 4
12918	6 37
12920	70 37
12921	17 44
12922	18 80
12923	14 37
12925	37 3 135
12926	16 69 65 3 1
12927	34 26 59 16
12928	22 133
12929	11 4 12 57 4 45 69 2
12930	2 88
12931	141 82 52 37
12932	17 3
12933	1 4
12934	18 20 82
12935	0 37 35
12937	56 75
12939	21 24 50 99
12940	0 39
12942	43 82
12943	0 55
12944	99 27
12945	8 61
12947	68 6
12949	2 49
12950	89 21
12951	22 106 24 1
12953	18 10
12954	72 58
12955	3 37
12956	48 99 4
12958	23 34
12959	18 57
12960	52 32
12961	65 37
12962	1 37
12964	6 17
12966	56 37
12967	3 22 43
12968	74 25 1 64
12969	65 16 75
12970	16 127 135 13
12971	18 77 24 110 82 44 49 24
12974	21 0
12975	41 21 13
12976	19 60
12977	0 4
12978	24 1 74 59 88
12980	65 73 31
12981	81 122
12982	1 17 75
12983	1 59
12985	153 80
12987	14 24
12988	20 0 103 1 96 12
12989	22 22 4 42
12990	15 11
12992	23 19
12993	1 24 14 34 38
12994	15 1 110
12995	3 27
12996	3 43 99 50
12997	20 1 73
12998	130 158
12999	63 1 43 68
13001	4 37
13002	19 114
13003	4 4
13005	8 4 155
13006	27 13
13007	35 11
13008	19 19
13009	155 59
13011	20 1 4 17 74
13012	3 1
13013	98 117
13015	73 100
13016	4 22
13018	95 4 31
13019	7 24 69
13020	21 7 1 44
13021	17 36
13022	24 95 22 127 49 4 117
13023	8 22 4 39
13025	6 28 24 74 0 3 17 1 65
13026	8 4
13027	56 95 58 103
13028	87 103
13029	72 44
13030	88 1
13032	18 159
13033	65 65
13035	57 44
13036	3 123
13037	44 16 3 82
13039	70 44
13040	68 40 1 16
13041	0 16
13042	19 13
13044	15 4
13045	18 35 37
13046	73 24
13048	114 69
13049	8 3 21 3
13050	21 60
13052	9 34
13053	25 35 76
13054	22 90 43
13055	90 11
13056	57 4
13057	7 35 82
13059	118 2 72
13060	1 20
13061	6 114
13063	26 75 73 15
13064	3 68
13065	18 7
13066	29 16
13067	10 21
13068	1 65
13069	67 23
13071	49 1 59
13072	23 17
13073	3 13
13075	11 98
13076	49 7 74 70
13077	63 0
13078	2 3
13079	21 25 110
13080	127 103
13081	44 17 27 61
13082	4 84
13084	9 50
13085	19 40
13086	15 25
13088	3 0 22 37
13089	2 34 74
13091	1 70
13092	21 37
13093	17 1
13094	4 2
13096	23 26
13097	0 73 52
13099	141 121
13100	65 37
13101	18 49 95
13102	21 6 37
13103	0 3
13104	3 25
13105	120 37
13106	65 21 68 13
13108	22 16
13109	6 23 64 151
13110	0 6
13111	43 1 114
13113	4 2
13114	0 82
13115	37 64
13116	8 21
13117	56 60 136 11
13118	35 4 13 70
13119	22 1
13120	18 16
13121	75 37
13123	6 58
13124	18 4
13125	1 59
13127	49 57 23 31
13128	0 52
13129	1 75 70
13130	22 59 63
13131	37 158
13133	2 141 13
13135	21 37 95
13136	8 10 31
13137	3 43
13138	16 7
13139	50 127 70
13140	109 135
13141	3 31
13142	21 34 16 82
13143	17 0
13144	3 37
13145	8 44
13147	3 17 17
13148	37 24 3 1
13149	17 18 17 2 44
13150	21 64
13151	16 26
13152	3 17
13153	17 158 10
13154	18 74
13155	113 7 19
13156	1 69
13157	122 19
13159	32 99
13160	3 37
13161	24 3
13163	28 31
13164	43 24
13166	39 107
13167	8 19
13168	8 10
13169	3 31 44
13170	1 57 37 17 112
13171	6 23
13173	39 10
13174	1 26 11
13175	1 57
13178	6 49 103
13179	1 49
13180	142 1
13181	1 1 6 97
13182	3 95
13183	20 69
13184	34 70
13185	57 75
13187	63 3 153
13188	3 73
13190	8 17
13191	8 4 4
13192	19 44
13194	43 19
13195	6 4 74
13196	37 0
13197	101 88
13198	1 17
13199	7 3
13201	0 3
13202	132 0
13203	69 11
13204	68 68
13205	48 103 37
13206	23 90
13207	117 33
13208	8 70
13209	24 19 36 23
13210	22 56
13212	2 11
13214	95 9
13215	44 133
13216	21 64
13218	0 3
13219	37 23
13221	1 1
13222	23 4
13223	6 21
13225	0 2
13226	20 50 75
13228	50 4
13229	18 39
13230	49 4
13231	22 79 75
13232	3 73
13233	26 135
13234	37 11
13236	18 62
13237	55 19
13238	8 3 11
13240	7 131 11
13242	10 54 31
13243	8 48
13244	17 122
13246	69 59
13247	4 102
13248	26 95 17
13249	69 120
13251	73 26
13252	23 58
13254	4 118
13255	16 34 64
13256	24 153
13257	26 5
13259	37 21
13260	72 69
13261	3 61
13262	7 2
13264	113 43
13265	99 1 82 1 135
13266	63 3
13267	75 113
13269	22 17
13270	1 59
13271	36 21
13272	18 14
13273	9 118
13274	18 17
13275	38 3 38
13276	24 4 3 51
13278	21 43
13279	128 23
13280	9 96
13281	22 37 17
13282	3 68 49
13284	3 5 17 79
13285	44 26 77
13286	82 69
13287	1 113
13289	1 21
13290	13 19
13291	52 2
13292	6 37
13294	6 1 17 24
13296	28 3
13297	2 24
13298	58 15 118
13299	0 37
13300	113 26
13302	29 12
13303	3 63
13304	22 129
13306	4 74 74
13308	1 58
13309	24 17 26
13310	49 3
13311	8 114
13312	23 25
13313	4 72 11
13315	0 39
13316	83 37
13317	43 4
13319	21 69
13320	39 42 24 23
13321	22 1
13322	2 3
13323	70 73
13324	70 43
13325	20 49 19 17
13327	4 18 1 92
13328	57 44
13329	24 24
13331	0 70
13332	27 31
13333	24 10
13334	8 23
13335	73 23 113
13336	52 3
13337	73 31
13338	16 26
13340	0 4
13341	20 21
13342	20 23 133
13343	3 143 49
13345	24 37 3 98
13346	9 0
13347	63 50
13349	6 113
13350	103 130
13351	3 4
13352	63 2
13354	18 1 23 4 26 49 13 4
13355	3 75
13356	127 75 37
13357	1 5
13358	22 44
13360	8 1 69
13361	18 4
13362	127 17 23 124
13363	141 3 16
13365	74 23
13366	49 1
13367	8 18 69 4 49 122
13368	18 122
13369	1 1
13371	57 3
13372	50 113
13374	21 63 92 8 27 1 59 100
13375	24 43
13376	35 121
13378	68 21
13379	21 70
13380	17 21
13381	82 5
13383	1 137 17
13384	1 23
13385	10 114
13387	3 27 21 44 50
13388	127 26
13389	62 65 1 10 59 78
13390	26 75
13391	0 22 37 65
13392	52 3
13393	49 103
13394	22 43 21
13396	0 3
13397	2 44 24 22 49 90 50 16
13399	6 1
13400	7 0
13401	9 17
13402	7 43
13404	70 68
13405	3 7 0 19 103
13406	72 73 78 37 48
13407	18 22 15 24 1 17 4
13409	4 14
13410	1 43 16
13411	71 141
13412	28 33 73
13413	3 38 128 135
13414	49 0 43 1 0 127 58 55
13415	4 49
13417	22 64 17
13418	0 1
13420	18 55 1 48 102 113
13421	18 48
13422	64 37
13424	23 2 4 17
13425	107 65 83
13426	0 3
13427	36 43
13428	1 13
13430	68 20
13431	6 22 100 72
13433	3 61 58
13434	69 4
13435	65 73
13436	1 37 159
13437	3 0
13439	13 4
13440	1 49 74
13441	73 134
13442	56 22 15 103
13443	82 79
13444	17 35
13445	37 55
13446	48 98
13447	95 50
13449	18 16
13451	47 73
13452	8 141
13454	21 17 61
13455	48 44
13456	44 19
13457	59 1 21 8 3 1 76 122 95
13458	8 3
13459	23 13
13460	69 25
13462	7 79 1 68 11 73 103
13463	5 17 59
13464	3 52
13465	18 21
13466	118 145
13467	2 79
13469	103 3
13470	7 74 26
13471	19 103
13473	1 43 95
13474	22 21 70
13475	52 37
13476	3 69
13477	22 10
13478	16 17
13480	118 64
13482	24 4 1 39
13483	23 49 11
13484	1 135
13485	23 14
13486	55 37
13488	59 1 64
13489	1 20 24 11
13490	8 145
13492	7 112
13493	1 36
13495	17 50
13496	2 20 19 59 44
13497	2 43 13
13498	3 140
13499	133 1 16
13500	10 49
13501	18 3
13502	11 68
13504	12 81
13505	22 19 11 70
13506	18 43
13508	21 4
13509	2 10
13510	91 1
13511	39 17 32
13512	1 100
13513	23 80
13514	1 57
13516	24 20
13517	3 53
13518	24 102
13519	43 26 127
13521	1 110 19
13522	19 3
13524	150 75
13525	3 61
13526	8 75 10
13527	0 63 1
13528	9 57
13530	25 49
13531	18 1 3 102 17
13532	9 71
13533	19 73
13534	6 16
13536	75 70
13537	43 82
13538	16 74
13539	4 79
13541	103 70
13542	110 1
13543	34 73
13545	37 91 113
13546	0 37 69 113
13547	26 151
13548	11 3
13549	2 73
13550	8 22 75 64 23 70
13551	82 73
13552	18 45 16
13553	24 93
13554	21 23
13556	127 52
13557	24 44
13558	107 52
13559	1 113 113
13560	16 26 44
13561	10 15
13562	28 63
13563	79 6 17 25
13566	34 61 11 17
13567	98 1
13568	6 64
13569	39 100
13570	2 37
13572	21 37
13573	65 1
13574	8 24
13575	22 37
13576	65 52
13578	0 6 16 4 37 61
13579	9 82
13580	6 72 52
13582	28 22 22 37
13583	77 21
13584	1 16
13585	17 69
13588	37 71
13589	17 115 52
13590	8 28 0 27 0 67 52 94
13592	36 4
13593	9 15
13594	16 134
13595	1 23 60
13597	21 70
13598	73 67
13599	92 69
13600	15 95
13601	4 16 16
13602	68 114 26 70
13604	21 52
13605	16 1
13606	114 133
13608	28 3
13609	43 68
13610	4 70
13611	3 16
13612	1 101 19 49
13613	3 26
13614	139 50 103
13615	57 67 33
13617	27 3 19
13618	51 95 80
13619	72 114
13620	99 10
13621	17 77
13622	82 37
13623	3 19
13625	0 20 49 17
13627	1 70
13628	1 135
13630	63 3
13631	8 20
13632	3 16
13633	56 11
13634	37 58
13636	19 16
13637	28 124
13638	1 17
13639	3 37
13641	99 59 114
13642	24 11
13643	4 21
13644	23 130
13646	4 4
13647	1 63
13648	44 37 70
13649	4 4 34
13650	55 1
13653	17 94 13 10
13654	20 3 95 46
13655	15 107 5
13656	11 4
13657	57 17
13659	21 70
13660	39 73 37
13661	7 72
13662	56 6 2 3
13663	1 1
13665	20 3 90 72
13666	4 3
13667	53 103
13669	44 37
13670	55 103
13671	8 39
13673	67 21 43
13674	13 69 16 37
13676	49 31
13677	18 17
13678	22 49 7 3 13 125 3 74
13679	24 24
13680	3 2 74
13682	55 21
13683	39 1
13684	90 37
13687	37 17
13688	74 135 21 23
13689	59 37
13690	73 64
13691	1 10
13692	20 3
13694	9 157 65 4
13695	3 79
13697	24 2 4 19 127 70
13698	4 34
13699	23 3 3 15
13700	4 4
13701	11 157
13702	26 68
13704	7 4
13706	4 21 74 114
13707	37 4
13709	1 103
13710	18 1
13711	74 50
13712	17 3 11
13713	49 16
13714	28 124 69 7 118 1 87 102
13715	73 15 70
13718	37 114
13719	4 11
13721	18 4
13722	7 3
13723	8 53
13724	4 59
13726	118 43
13727	3 74
13728	1 131
13729	0 23
13730	52 68
13732	1 73
13734	1 21 43
13735	18 1
13736	18 157
13737	44 73
13739	37 100
13740	87 68
13741	20 43
13743	18 1 4
13744	59 13
13745	1 3
13748	1 52
13749	16 40
13750	141 3
13751	135 79
13753	26 123
13755	26 6 3 11
13756	2 23
13757	69 4
13758	68 3
13761	38 4
13762	8 4 71
13763	6 85
13764	49 2 53 5 84 37 70
13766	7 93
13767	7 70
13768	2 162
13770	73 38
13771	22 8 3 93
13772	9 114 2 0 23 16 70 16
13773	55 117
13775	21 17
13776	49 2
13778	70 113
13779	101 18 37 112
13780	6 1 82 103 19 49
13781	6 165
13782	26 21
13786	72 33
13787	5 26 4 58
13788	14 52
13789	30 63
13790	37 31
13791	8 0
13792	73 21
13793	6 37 73
13795	1 70
13796	52 82 70
13797	127 2
13799	4 81
13800	25 1 34
13801	114 0 58 61
13802	17 21
13803	1 4
13804	73 69
13805	18 1
13807	18 3
13808	13 6 17
13810	37 40
13811	16 11 103
13812	37 3 74
13813	11 103
13814	9 4
13816	2 3
13817	17 50
13819	84 63 23
13820	24 68
13821	9 10
13822	1 151 75
13823	4 4
13826	37 70 3 4
13827	86 55
13828	44 59 95
13830	6 21
13831	6 0 63 103 13 21 4 120
13832	49 70
13834	65 21
13835	11 83
13836	24 73
13837	1 49
13838	8 8 10 68 69 3
13839	43 70
13840	0 73 73
13842	6 18 19
13843	24 6
13844	4 27
13846	20 72
13847	3 37
13848	22 48 94
13849	4 68
13852	17 69 43
13853	22 24
13854	81 7
13855	0 110 1 100
13857	72 163
13858	99 6
13859	102 16
13860	15 16 70
13861	3 1
13862	20 1
13864	105 4 52 82
13866	43 43
13868	26 103
13869	115 27
13870	45 18 4 21 157
13871	20 44
13872	8 1 31 4
13873	1 49
13874	3 77
13876	28 59
13877	1 50
13878	26 1
13879	37 37 2 46 37 45 1 129
13880	1 50
13881	5 39 19 3 131
13882	37 17
13884	99 20 64 26
13885	2 1 1
13886	0 10
13888	83 5
13889	4 99
13890	0 74
13891	18 24
13892	107 59
13894	18 13
13895	1 11
13896	37 21
13897	23 94
13898	18 6 10 14 79
13899	56 3 24
13901	22 19
13902	7 21
13903	6 3
13905	3 79 61
13906	22 68
13907	103 45
13910	1 68
13911	23 1
13912	8 113
13913	1 103
13915	1 15
13916	22 43
13917	3 73
13918	16 90 43
13919	7 49 36
13920	27 16
13921	23 52
13923	123 81
13924	21 69 4
13925	99 43 43
13926	37 125
13927	39 113
13928	18 49
13929	37 102 26
13930	43 114 79
13931	0 17 19 70
13933	24 6
13934	6 95
13936	16 79
13937	1 38 17 11
13938	1 26
13939	0 2
13940	8 17
13941	0 14
13942	13 45
13944	13 77
13945	0 16
13947	63 127
13948	37 44 4
13949	48 3
13950	11 0
13951	59 102
13953	4 4
13954	40 14
13955	18 98 69
13956	18 24 116 112
13958	95 90
13959	20 17
13960	0 147
13962	1 16
13963	21 158
13964	3 4
13966	18 1
13967	6 20
13968	3 127
13969	19 70
13970	4 103
13972	4 1
13974	1 0
13975	3 9
13976	3 4 48
13978	16 21
13979	8 1
13980	23 37 124
13981	82 2
13982	7 117 69
13984	1 10
13986	71 74
13987	1 21
13988	3 75
13989	4 17 113 17 64 75
13990	37 113
13991	7 30
13992	2 70
13994	37 3
13996	130 1 0 4 4
13997	0 4
13998	19 154 81
14000	75 147
14001	52 20 94
14002	44 1
14004	23 141
14005	7 65
14006	10 3 37 17 63
14007	22 21
14009	49 51
14010	3 1
14011	33 17
14012	65 37
14014	4 51
14015	26 3 69 68
14016	16 63
14018	57 10
14019	74 157
14020	18 11 99
14021	9 1 1 99
14022	7 47
14023	3 1
14024	28 56
14026	55 23 58 26 95
14027	48 6 0 163 100 37
14028	37 3
14029	37 113
14030	92 26
14031	18 23 49 63
14033	8 3
14035	20 37
14036	8 1 11 64
14037	6 65 79 19
14038	127 16
14039	103 37
14041	127 118
14042	49 4 37
14043	28 4 100 70
14044	23 70
14045	69 43
14047	18 34 102
14048	28 153 1
14049	56 28
14050	74 17
14051	2 127
14052	0 23
14054	3 59 0 21 52
14055	8 77 70
14056	3 1
14057	22 43 113
14058	9 21 17
14059	4 11
14062	47 50
14063	0 122
14064	0 21 38
14066	17 19
14067	17 73
14068	33 22 10 70 58
14070	127 4
14071	9 37
14073	17 63 50 90
14074	106 2
14076	56 4 32
14077	1 55
14078	121 34 141 49
14079	1 6 118 79 13
14080	3 47 7 1 13 34
14081	24 4 77
14082	73 44
14083	7 1
14085	0 26 31
14086	3 73
14087	0 94 16
14088	37 36 24 37 141 135 17 128 157
14090	27 2
14091	4 49 82
14093	11 112
14094	45 21
14095	99 21 74
14096	8 8 28 7 111 3 68 96 69
14097	50 44 1 16
14099	24 39 1 50
14100	79 4 10 0 23 21 11 102
14101	94 145
14102	2 82 69 77
14104	18 43 37
14105	2 1
14106	43 27
14107	4 143
14109	23 43
14110	4 22
14111	1 1 23 61
14113	6 58
14114	85 19
14116	37 2
14117	7 88 27
14118	8 44
14120	8 70 16
14122	21 49 43 69 68 70
14123	1 52 49 24 4
14124	20 22 17 33
14126	37 135
14127	113 73
14128	6 56
14129	18 39 49
14130	9 130
14131	10 11
14133	26 161
14134	56 6
14137	17 44 4 73
14138	87 74
14139	0 37
14141	21 32 129
14142	155 69
14143	29 24 143
14144	44 49
14145	79 3 17 3
14146	0 73
14147	18 73
14148	31 2
14149	1 17 151
14150	18 10 59
14152	6 3 2 22 37 17 36 31
14153	1 3
14154	56 20
14155	8 12
14156	37 8 37 79 16 74 17
14157	18 72
14159	21 2
14160	21 53 50
14161	2 23
14162	6 14
14163	52 115
14164	73 3 5
14166	99 43 64
14167	21 71
14168	70 17
14169	8 3
14170	6 19 145
14172	37 53 44
14173	48 34
14175	28 59
14176	40 4
14177	1 4
14178	69 61
14179	24 25
14181	3 158 123
14182	3 63
14183	18 17
14185	4 99 3
14186	49 44 131
14187	20 7 49 1 13
14188	10 127
14189	21 26 113
14191	13 58
14192	37 19
14193	0 84
14194	24 0 11 70
14196	13 141 114
14197	37 76
14198	11 137
14199	4 84
14200	18 63
14201	22 103
14203	18 1
14204	3 64
14205	3 73
14206	1 11
14208	7 15 17 37
14209	7 68
14210	44 69
14211	7 60 78
14212	57 44
14215	49 21 2 3 50 4 70
14216	45 43
14217	18 11
14218	18 118
14219	16 16
14220	29 63
14221	16 57
14222	22 23
14223	37 52
14224	18 37
14226	21 48
14227	72 19 49
14228	18 4 37 3
14230	18 75
14231	44 37
14232	4 30 80
14233	8 37 1 1 33
14234	9 7
14236	1 127
14237	6 23
14238	55 4
14240	18 21
14241	2 37 46
14243	2 70 17
14244	50 94
14245	120 4
14246	5 88 15
14247	3 95
14249	24 75 118 45
14250	6 130
14251	118 116
14252	37 38
14253	0 153 37 103
14255	8 39 37 141
14256	27 135
14257	1 15 48
14258	0 140
14259	21 82
14260	1 61
14262	0 3
14263	35 143
14264	15 49
14265	1 75
14266	22 1 68
14268	1 4
14269	3 1
14270	60 69
14271	6 19 64 68
14272	18 0 17
14274	65 49
14276	44 94
14277	7 63 27
14278	0 114
14279	10 26
14281	56 41 134 143 69
14282	48 1 102 68
14284	19 37
14285	63 34
14286	132 1
14287	107 44
14288	1 2
14289	49 43
14290	9 51
14291	16 43
14292	15 81
14295	17 3 77 64
14296	18 24
14297	48 37 44 60 1 69 33
14298	37 4
14299	16 48 23
14301	82 1 95
14302	61 17
14303	39 118
14305	21 37 26
14306	1 1
14307	103 26
14308	3 3
14309	63 137 17 79
14310	124 10
14312	8 1
14313	4 135
14314	2 82 75
14315	71 24 130
14317	134 68 34
14318	1 2
14320	18 37 16
14321	57 4
14322	65 118
14323	3 136
14324	23 77
14325	6 13
14326	2 23 4 13 37
14328	81 125
14329	48 122 17
14330	4 39 68
14331	4 82
14333	57 17
14334	4 19
14335	1 26
14337	19 3
14338	2 23
14339	63 35
14340	1 64
14342	131 4
14343	146 43
14344	37 6
14346	28 19 10 16
14347	0 73
14348	2 74
14349	15 63
14350	1 44
14351	20 16
14353	0 33
14354	28 0
14355	31 3 4
14356	1 43
14358	21 4
14359	24 8 19 2 74 162
14360	7 69
14361	74 11
14363	21 79
14364	1 1
14365	42 1 50 71
14366	4 22 24 21 24 70 72 37
14367	0 17 2 17 17
14368	37 57
14369	49 72
14370	6 114
14372	27 4
14373	21 49
14374	4 17 74 55
14375	4 23
14377	19 35 36 1 58
14378	1 7 0 0 1 68 26 3
14379	37 44
14380	29 82
14382	14 37
14383	8 3 1 163 110
14384	1 4
14385	68 1
14387	8 50
14388	48 21 137
14389	70 69
14390	20 74
14392	2 2
14393	1 21 37
14394	73 59
14396	43 1
14397	22 28 52 1 118 38
14398	18 107 75 3 49 37
14399	3 58
14401	1 103 118
14402	6 49
14403	157 154
14405	8 59
14406	12 120
14407	18 65
14408	23 21
14410	69 87 1 24
14412	73 11
14413	1 73
14414	1 4 76
14415	24 11
14417	24 27 17 4
14418	17 63
14419	18 74
14420	2 3 4
14422	9 17
14423	114 17
14425	1 22 1 1
14426	22 1
14427	10 11
14429	90 25
14430	1 79 4
14431	5 16
14432	37 3
14433	4 70
14434	8 1
14436	22 122
14438	4 24
14439	65 74
14440	70 21 75
14442	31 23
14443	3 12
14444	18 88 13
14445	29 12 74
14446	1 39
14447	49 36
14449	16 44
14450	53 114
14451	19 6
14452	99 53
14453	17 88 37 11
14455	8 97 4 45
14458	13 159
14459	35 3
14460	17 2 87 74
14461	8 1
14462	0 68 64 34
14464	21 49
14465	65 59 135
14467	1 4
14468	60 120
14469	0 45 34
14470	48 14
14472	1 27
14473	6 0
14475	3 1
14476	6 35
14477	3 44
14479	22 3
14480	73 1
14481	23 11
14482	34 59
14483	4 4 14
14484	16 11
14485	6 37
14487	20 3
14489	3 162
14490	1 157
14491	17 0 73 80
14493	7 82
14494	21 127
14495	36 34
14496	50 44
14497	18 78
14498	1 19
14499	56 57
14500	49 1 0 1 95 5 37
14501	18 69
14502	24 4
14503	1 77
14506	1 2
14507	13 73
14508	25 39 3
14510	18 3
14511	18 24
14512	25 43 94
14513	10 7
14514	25 79
14516	4 7
14517	21 19
14518	5 15 69
14520	21 11 16 37
14521	65 118
14523	9 95
14524	18 37 23 157 43
14525	20 49
14527	37 16
14528	13 24 94
14530	29 59
14531	43 49 68
14532	1 151 68 37
14533	17 31 69
14535	3 43
14536	4 58
14538	7 16 16
14539	113 50
14540	4 49 27 71
14541	2 13
14542	32 8 19 130 38
14543	6 59
14544	23 31 61
14547	16 1
14548	73 19
14549	17 139
14552	21 70 79
14553	56 16
14554	18 68
14555	21 18 19 63 75 74 82
14556	1 28 3 116 24
14557	28 73
14558	6 1
14560	56 21
14562	15 49 107
14563	3 17
14564	1 94 52
14565	73 77 103
14567	4 26
14568	17 99 73 70
14569	73 11
14570	0 61
14571	63 1
14572	25 43
14574	57 70
14575	28 3
14576	3 26
14577	1 73
14578	59 2 103 70
14580	75 75
14581	106 37
14582	118 85
14583	37 37
14585	65 115
14586	24 47 48 135
14587	4 68 16
14588	11 19
14589	1 69 34
14590	4 1 3
14592	56 53
14593	14 51 59
14594	37 10 4
14595	101 59
14596	1 44
14598	3 36
14600	6 164
14602	44 73
14603	48 71
14604	25 113
14605	1 19
14606	135 11
14608	0 14
14609	34 1 23 79
14610	24 133
14612	21 3 73 120
14613	31 34
14615	2 32
14616	135 4
14617	20 3
14620	49 69
14621	18 33
14622	5 4
14624	9 9 71
14625	20 3
14626	9 61
14627	1 21
14628	23 125
14629	3 35
14632	79 4
14633	63 1
14634	9 11
14635	18 4 44 79 73 58
14636	12 74
14637	25 3
14638	18 110
14640	0 15 70
14641	37 6
14642	4 73 49
14643	6 1
14645	26 131
14646	0 37 63
14647	20 88
14648	88 0 68 16
14649	35 113
14650	37 128
14652	60 19 1
14654	22 63 4 54 43
14655	65 73
14657	48 3 19
14658	21 117
14659	2 4 1 23
14661	1 1
14662	16 75
14663	17 4
14664	18 65
14665	4 40
14667	50 74
14668	24 4 25 68
14670	60 24
14671	19 43
14672	22 3
14673	26 20 19 38
14674	22 2
14676	23 49
14677	17 4 11 112 100
14678	43 9 21 44
14679	6 58 23 79
14680	1 100
14681	22 17
14682	18 3
14683	16 62
14685	7 57
14686	12 10
14687	93 14
14688	36 26 71
14689	82 68
14691	15 121 108
14692	23 133
14693	18 79
14695	10 3 17
14696	1 14
14697	4 10
14698	73 19 42
14699	2 97 16 145
14700	4 70
14702	4 79
14703	21 37
14704	44 37 1
14705	7 88 153
14706	7 114
14708	29 27 49 10 16 69 141
14709	4 39 93
14710	0 3 50
14711	37 26 79
14713	17 59 11
14714	69 114
14715	1 6 10 2
14716	1 21
14717	21 23 52
14719	49 11
14720	63 48
14721	0 37
14722	58 16
14723	56 3
14724	17 10
14725	55 4 37 82
14726	128 44
14727	1 21
14728	63 68
14731	21 49
14733	4 3
14734	24 44
14735	49 103 43
14737	0 21 80
14738	18 21
14739	0 88
14740	4 11
14741	44 73
14742	60 58
14743	20 16
14744	9 26 43
14746	70 3 26
14747	56 70 63
14748	19 50
14750	2 73
14751	18 0 74 3 70
14752	1 3
14753	7 73
14755	69 19
14756	49 37 95 9 1 1 24 44 37
14757	6 3
14758	37 50
14759	60 146 26
14761	17 45
14763	60 43
14764	1 24
14766	26 37
14767	82 117
14768	4 24 49 28 20 61 79 68 37
14769	4 6 11
14770	10 74
14771	6 16
14772	18 13 52 150
14774	47 3
14776	18 37
14777	126 79 82
14779	68 49
14780	3 102
14781	3 10
14783	49 11 11
14784	127 3
14785	18 18 51 17 95 13
14786	127 17 58 26 130
14787	135 50
14788	55 32
14789	4 116
14791	6 9
14792	3 75
14793	21 44
14794	94 4
14795	146 70
14797	4 124 63 69
14799	7 23
14800	21 146
14801	3 1
14802	22 0 141
14803	1 2
14804	34 44
14805	7 52
14806	73 17
14807	56 1
14808	73 1
14809	18 23 1
14811	90 4
14813	9 6
14814	0 128 3 56 130 113 35 43
14815	8 21
14817	48 63
14818	37 1
14819	18 100
14821	40 82
14822	31 1 69
14823	128 71 16
14826	38 10
14827	1 49
14829	9 69 114
14830	35 124 52
14831	0 10
14832	3 72
14833	4 148 23
14834	4 64
14835	2 4
14836	21 3 52
14838	21 135
14839	20 99
14840	3 79
14842	1 64
14843	95 17
14844	2 113 103
14846	1 2
14847	80 17
14848	49 100
14850	3 0
14851	55 1
14852	8 17
14853	1 68
14854	28 1
14855	24 43
14856	37 69
14857	18 12 44 11
14858	4 26
14860	37 99
14861	2 1
14862	2 8 3 113
14864	69 98
14865	49 36
14866	37 79 15 77
14867	3 70 14
14868	18 3
14870	18 16
14871	65 2 73
14872	25 75
14874	18 95
14876	18 77
14877	37 44
14878	26 60
14879	18 58
14880	0 64 71
14882	6 9
14883	17 19 43
14884	4 141
14885	21 70
14886	24 25 16
14888	3 2
14889	0 17
14890	22 1 48 37
14891	27 23
14892	16 8 0 60 52
14893	1 49 4
14894	2 51 127 12 23 68
14895	22 39
14897	19 1
14898	26 4 37
14899	56 68
14900	80 52
14901	8 69 1 37 69 19 69 74
14902	24 23 10
14903	21 69
14904	3 70
14907	125 121
14908	49 17 37
14909	70 61
14911	4 61
14912	21 58
14913	137 99
14914	15 50
14915	22 74 35 3 46 72
14917	3 59
14918	4 65
14920	34 10 44
14922	24 48 14 3 164 52 44
14923	137 4 3 4
14924	22 118
14926	57 2 21 4 118
14927	13 122 82
14929	18 43 79 37
14930	0 52
14931	40 95
14932	17 45
14934	1 3
14935	3 21
14936	69 69
14937	8 2
14939	1 3 2 42
14941	65 143
14942	0 38
14943	13 19
14944	6 63
14945	18 11
14946	158 76
14947	128 68
14948	79 0
14949	50 49
14951	1 24
14952	0 55 44 39
14953	4 44
14954	102 43
14955	3 38
14956	0 25 3 17 131 113
14958	15 73
14959	16 36
14960	11 65
14962	37 21 102
