0 56 1 20141129
1 34 6 113 20141215
2 118 102 20150204
4 3 13 20140219
5 83 1 95 20140620
6 5 70 26 20140711
7 10 21 20141008
9 22 11 20140316
10 18 55 95 20150428
11 8 118 20150805
13 37 37 20140608
14 6 68 20141109
16 1 3 82 20150201
18 17 45 20140208
19 55 37 20140224
20 60 43 20140413
21 1 24 20140612
22 56 15 20140813
23 26 37 20140909
24 82 117 20141025
25 4 24 49 28 20 61 79 68 37 20150115
27 9 50 20140908
28 19 40 20141001
29 15 25 20150326
30 3 16 70 20150508
32 10 147 4 20140617
33 50 0 20150127
34 21 11 25 43 99 20151006
35 18 9 2 3 20151020
36 9 91 20151214
38 23 31 20141027
39 1 14 43 20150320
40 89 1 20151107
42 59 74 20141024
43 0 6 37 20150212
44 7 1 20150415
46 1 5 20140329
47 122 33 20141228
48 1 1 20150123
49 6 4 23 20150224
50 21 1 4 20150313
52 1 49 20140105
53 7 50 20140412
54 2 84 20140911
55 65 114 20141008
56 14 23 20141023
57 21 13 64 20141126
58 23 62 75 20150107
59 21 59 20150408
60 7 49 52 17 1 20150414
62 70 37 20141030
63 8 25 16 40 61 20150606
64 8 37 24 82 19 20150721
65 28 43 49 20150820
66 6 2 48 20151026
68 72 69 20140320
69 3 61 20141018
70 7 2 20150409
72 3 44 20140210
73 23 141 20140425
74 7 65 20150403
76 2 4 20140323
77 21 151 20140502
78 6 3 20150319
79 11 20 127 52 16 20150330
80 0 102 20150515
81 23 21 20150709
83 23 4 20140213
84 3 63 20140506
85 49 70 20140805
86 13 8 17 69 98 20150902
87 64 18 3 74 20151027
88 143 6 1 118 20151121
90 73 42 49 20140529
91 14 17 113 3 13 20150803
93 141 121 20140131
94 67 59 20140422
95 103 10 20140602
96 99 17 20140825
97 11 18 18 68 141 20150221
98 34 3 20150519
99 3 0 141 10 70 20150707
100 28 1 64 20150731
102 21 35 79 20140208
103 18 35 20141105
104 21 10 20150129
105 15 56 44 37 118 20150908
106 18 6 20150922
108 3 79 20140509
109 10 70 20150625
110 29 127 3 24 20150716
111 1 16 9 6 98 20151112
113 4 10 20141115
114 82 4 20141213
115 22 17 26 20150528
116 0 20 26 75 73 20150918
118 17 25 20150114
119 1 58 20151109
121 27 23 20150711
123 0 79 20140510
124 4 59 17 20140616
125 37 68 20141003
126 17 9 60 99 37 20150612
127 12 36 20150829
129 153 73 20140921
131 68 103 20140325
132 3 79 144 43 72 20150114
133 24 95 20150619
135 56 24 17 20141122
136 19 1 88 10 11 20150308
137 3 6 4 20150606
139 3 158 123 20140510
140 3 63 20140725
141 18 17 20150127
142 84 73 26 20150221
143 4 99 3 20150601
144 49 44 131 20151010
146 22 103 20140512
147 23 144 20141001
148 25 22 114 36 17 78 11 118 20150808
149 8 22 23 98 20150908
151 61 65 20140905
152 44 62 20150908
154 18 3 20140809
156 9 1 20140219
157 18 49 20140305
158 34 1 70 20141123
160 70 50 40 20140904
161 24 118 76 64 20141103
163 56 3 20140108
164 73 27 20141110
166 100 17 20141109
167 6 28 31 4 52 20150403
168 1 127 37 19 20150425
170 18 10 14 37 73 20150420
171 59 56 4 17 35 73 20150613
172 50 43 16 20150721
174 49 43 141 16 20140601
175 63 158 43 20141124
176 0 48 20150211
178 91 10 43 20140729
179 78 19 20140801
180 69 63 19 20140927
181 28 3 20150201
182 8 17 20150402
184 21 141 20140220
185 77 11 20140407
186 10 16 20140416
187 4 11 20140423
188 3 95 50 69 11 95 20150206
190 21 4 20140928
192 103 1 1 20140506
193 68 37 20140510
194 69 3 16 134 20140515
195 3 69 20140623
196 23 61 20140722
197 37 63 23 68 20140814
198 113 52 3 20141125
199 1 1 20150322
201 0 34 20140821
202 37 63 43 82 20150114
203 56 3 20150608
204 3 14 20150611
205 6 19 20150714
207 3 64 20140110
208 6 37 20141006
209 106 43 55 20150407
210 4 9 73 24 77 20150815
212 18 10 20140122
213 2 3 20140615
214 0 3 20150223
215 27 4 74 48 53 20150521
216 21 131 20150529
218 19 23 24 20140515
219 24 16 118 20150105
220 21 22 37 26 23 20150825
222 21 70 20140316
223 25 49 20140623
225 56 15 20141017
226 23 37 20150106
227 24 21 1 1 43 20150201
228 16 3 20150628
229 9 103 20150813
231 45 5 60 20140827
232 18 56 48 63 90 34 20150509
233 28 9 53 3 73 20150605
234 1 95 20150627
236 34 40 20140301
237 3 100 20140328
238 6 17 20150719
239 29 21 35 37 88 20150728
241 37 11 49 20140317
242 7 13 20140519
243 73 58 20140731
244 48 50 20141023
246 18 30 20140808
247 9 1 125 20150223
248 1 21 18 74 13 20150403
250 133 74 20150207
251 12 99 28 53 37 20150619
253 7 60 20141211
254 65 20 20150506
256 4 33 20140401
257 6 3 20140525
258 3 59 20140904
260 64 35 20140127
261 10 118 20140224
262 117 17 20141029
263 4 24 0 99 69 20150616
265 3 37 20141007
266 11 129 20141103
267 3 1 19 58 114 20150120
268 1 141 20150623
269 8 65 20150903
271 23 94 20141109
272 18 6 10 14 79 20150320
273 56 3 24 20150414
274 28 40 20150606
276 18 95 57 20150105
277 37 8 16 9 20150122
278 18 49 65 3 37 20150215
280 7 11 17 20140205
281 8 1 39 10 102 20150413
283 17 127 36 4 20140224
284 4 65 10 1 4 20150207
285 22 17 20150519
287 4 74 20140308
288 7 34 20140622
289 3 1 20141210
290 35 4 10 11 20150116
291 1 18 21 118 74 20150302
292 68 73 20150524
293 22 26 20150701
294 6 35 20150817
296 17 159 20141211
297 56 1 16 128 20150206
299 30 31 69 20140216
300 24 19 113 20140415
301 49 1 16 20140816
303 0 68 20141218
304 0 76 16 20150204
305 1 23 141 25 118 17 26 20150609
306 18 1 27 14 37 20150701
307 1 95 20150811
309 3 24 20140323
310 50 23 20140419
311 1 37 20140707
312 3 1 17 16 20140721
313 31 18 37 1 4 20150414
314 21 127 17 16 20150511
316 8 70 16 20140920
317 37 37 72 20140925
318 21 49 43 69 68 70 20150103
320 43 16 20141127
321 10 69 20150217
322 8 107 3 60 16 20150412
324 4 68 20141006
326 4 49 27 71 20140415
327 2 13 20140605
328 32 8 19 130 38 20150512
329 6 59 20150611
330 23 31 61 20150822
331 33 39 8 49 6 39 3 103 74 20150913
332 0 50 20151003
334 4 74 20140515
335 95 147 20140901
336 17 70 20140913
337 44 69 20141226
339 17 24 20140623
340 6 8 79 43 55 20150708
342 22 73 20140411
343 17 19 20140503
344 17 73 20150804
346 39 4 20140323
347 48 18 20151109
348 4 1 82 46 20151121
350 33 34 20140316
351 24 1 20150713
352 24 82 20150723
353 1 8 68 33 20150907
355 6 16 20140219
356 72 63 20140601
357 37 39 20141030
358 13 2 4 3 74 20150131
359 43 1 20151015
361 161 17 20140210
362 11 21 23 20150125
363 47 3 20151106
365 73 151 20140526
366 60 95 20140701
367 12 70 20140812
368 1 1 68 20150719
369 21 4 1 74 1 52 141 20150918
371 103 17 64 20140223
372 30 43 63 20140328
373 8 11 58 1 4 20150205
374 36 22 34 58 118 20150304
375 4 3 127 20150603
377 11 74 20140202
378 17 1 20150422
379 10 73 4 20151010
381 18 88 13 20140520
382 29 12 74 20140807
383 1 39 20141108
384 49 36 20150525
386 28 128 20140328
387 52 36 20140417
388 3 1 80 20150423
389 21 4 157 20150705
390 26 18 16 59 20150804
391 41 18 3 37 4 20150824
393 48 53 20140721
394 0 9 20150107
395 2 39 20150806
397 21 73 20140606
398 25 49 7 1 20150218
400 26 72 20140421
401 17 130 20140729
402 17 4 20150422
404 16 21 20140814
405 25 8 7 19 20150823
407 28 4 4 99 20141207
408 20 53 20141221
409 11 18 1 2 20150415
410 21 82 45 49 20150529
412 0 3 20140315
413 82 44 16 20140719
414 7 44 20140903
415 79 1 151 80 20140910
416 6 37 36 72 20150126
418 17 3 20140811
420 9 11 153 20140422
421 118 19 20141007
422 8 37 20141031
423 55 1 20150413
424 22 153 20150827
425 38 0 70 127 20151020
427 134 10 20140103
428 9 88 20140405
429 18 1 20150713
430 39 10 43 2 20150817
432 21 17 14 20140419
433 70 3 20141201
434 18 8 3 16 20150517
435 1 35 4 20150607
436 150 16 120 20150619
438 22 73 135 20150512
439 9 47 56 11 20150725
441 19 19 20140426
442 8 73 20141126
443 7 122 20141212
444 21 44 20141227
445 49 40 20151111
446 94 0 20151205
448 13 17 20140531
449 9 64 34 20140822
450 6 4 20151205
452 37 18 15 91 20150401
453 37 15 6 3 20150911
455 1 0 103 20140622
456 1 4 114 20141110
457 18 21 49 10 1 43 17 20150122
459 43 52 20140509
460 72 36 20140523
461 17 17 20141215
462 9 1 20150226
463 49 6 70 20150321
464 37 37 20150606
465 8 1 20 82 20150618
467 1 59 20140202
468 21 16 20140518
469 16 26 34 16 20140807
470 6 6 20150729
471 18 21 37 117 20151208
473 63 37 20140714
474 22 37 20141114
475 72 61 20141118
476 27 88 20150127
478 70 73 20140129
479 70 43 20140706
480 20 49 19 17 20141011
481 103 2 82 20150613
482 4 18 1 92 20150708
484 6 1 20140819
485 49 17 20150110
486 1 106 20150201
487 7 114 6 114 20150514
489 37 26 79 20140223
490 25 21 20140618
491 17 59 11 20140828
492 69 114 20140926
494 41 24 13 20140513
495 1 19 20141122
497 26 75 20140805
499 8 25 0 4 20150611
501 17 70 20140325
502 61 33 20140806
504 4 118 20140330
505 29 44 34 20140424
506 59 63 20140531
507 29 131 20140716
508 12 118 20140815
509 1 13 4 19 20150523
510 8 23 24 23 20150629
511 39 134 68 20150711
513 16 37 20140819
514 21 113 20140912
515 1 73 20140926
516 20 82 20150602
517 25 11 59 0 20150605
518 14 99 20150826
520 13 19 20141219
521 52 2 20150331
522 6 37 20150709
523 0 2 1 3 20150723
525 7 45 20141223
526 1 39 49 90 20150226
527 3 4 20150310
528 47 43 20150619
529 7 13 23 20150723
530 0 39 117 17 31 19 20150904
532 43 4 20140312
533 20 9 10 4 20150518
535 100 79 20140123
536 134 70 20140430
537 10 6 20140604
538 63 78 20141019
539 22 113 20141024
541 17 74 20150108
542 1 22 4 17 20150623
544 3 37 20140313
545 18 16 20150128
547 2 139 20140121
548 21 79 73 20140302
549 50 122 82 20140721
550 0 109 20140829
551 12 21 75 2 20150601
553 25 75 20140711
554 23 2 4 17 20150515
556 3 2 63 36 20150614
558 23 102 20140414
559 3 26 20140611
560 28 104 20140809
561 3 70 3 20140924
562 2 37 68 20141205
563 8 58 49 20150121
564 22 0 2 19 20150305
565 27 49 3 59 20150521
566 1 4 108 65 37 20150911
568 37 130 20140206
569 6 37 20140405
570 8 4 70 69 20150114
572 7 69 20140508
573 74 11 20140826
574 107 90 70 59 20141028
575 21 79 20141130
576 1 1 20150514
577 42 1 50 71 20150808
579 70 43 44 58 20141005
580 16 139 20141107
581 14 64 21 57 20150610
582 22 35 20151204
584 55 50 20140528
585 18 11 20150816
587 0 21 20141220
588 73 25 59 20150715
589 18 13 43 23 20151019
590 28 21 69 73 20151104
592 1 134 20140427
593 60 15 20140927
594 28 23 20141027
595 8 8 0 25 20150915
596 17 68 20151010
598 49 4 20140206
599 26 70 20140610
600 1 36 4 153 20150504
602 19 74 20140223
603 43 39 65 26 20150627
605 25 21 20140619
606 1 7 20150329
607 65 64 20150614
609 37 16 87 20140116
610 79 13 20140130
611 11 11 20140317
612 127 4 38 20140728
613 37 112 20140909
614 37 3 20141028
615 44 49 20 120 20150113
616 7 25 20150401
618 72 10 20140213
619 23 75 20140428
620 9 37 20140825
621 21 28 20150719
622 0 17 18 4 20150906
624 42 14 20140317
625 16 50 20140526
626 24 44 20140802
627 37 24 6 35 20150822
629 4 128 20140613
630 4 92 23 11 20150225
631 4 21 20150321
633 50 44 1 16 20141016
634 3 135 20141216
635 24 39 1 50 20150222
637 2 57 20140112
638 7 17 20140212
639 4 37 20140530
640 4 2 20140923
641 8 37 13 20141107
642 24 39 49 17 20150116
644 63 100 20140619
645 2 4 20150129
646 8 35 135 20150720
648 28 17 20140831
649 6 23 4 20150617
650 18 2 20150618
652 26 16 20140718
653 0 77 20140725
654 23 23 20140921
655 39 17 53 20150306
657 0 162 20140414
658 50 158 20140421
659 102 79 114 90 20140707
660 79 2 20141009
661 2 64 20141025
662 2 59 20150125
663 28 61 20150324
664 1 4 3 82 20150624
665 48 0 28 33 20150827
667 3 45 1 20141207
668 16 122 20150430
669 49 17 23 10 70 20150726
671 10 69 20141109
672 47 68 20141212
673 14 1 20141213
674 8 10 14 17 20150310
675 63 3 20150419
677 8 7 94 158 113 20150121
679 6 70 68 20140807
680 15 37 28 49 38 20150718
682 21 16 20140228
683 24 117 20140624
684 27 11 20140809
685 22 37 20140911
686 20 18 69 0 61 20150930
688 37 143 141 20140316
689 26 103 20140721
690 115 27 20140802
691 45 18 4 21 157 20150208
692 20 44 20150329
694 2 127 20140402
695 0 23 20140501
696 21 3 49 151 20140511
697 3 59 0 21 52 20150608
699 82 10 20140104
700 8 1 20140425
701 9 1 20141007
702 113 153 20141120
703 6 17 20150519
705 4 27 20140116
706 3 49 20140411
707 36 52 31 160 20140505
708 49 73 20140622
709 0 65 20141114
710 1 82 24 19 11 20150101
711 10 49 24 99 11 20150217
712 4 3 44 88 137 20150316
714 28 0 35 42 20150121
715 39 24 90 34 38 20150225
716 9 11 20150319
718 74 24 20140904
719 17 11 20141223
720 21 16 113 70 158 20150307
721 28 6 34 57 1 117 14 64 20150527
723 3 11 20141016
724 90 36 19 20141125
725 1 75 20141205
727 70 1 20140519
728 65 37 20141218
729 8 37 3 4 4 20150123
730 22 44 20150511
731 28 27 20150609
732 46 22 69 7 10 20150630
733 72 49 17 20150919
735 82 69 20140718
736 1 113 20140720
737 0 6 136 20150716
739 55 49 20140114
740 151 37 20140623
741 59 77 20140725
742 15 95 20141219
743 22 25 20141224
744 0 23 20150305
745 47 157 20150621
746 38 3 72 48 4 14 20150628
748 69 1 82 20140812
749 7 24 20150417
751 6 26 20150210
752 8 20 20150605
754 2 149 113 20150217
756 157 69 20141029
757 22 154 43 20141030
758 11 145 20141211
759 24 0 20150507
761 35 82 133 163 20140411
762 31 16 20140604
763 3 24 20141107
764 24 71 20150217
765 38 57 20 37 34 20150308
766 47 59 20150617
768 56 2 20140202
769 68 0 20140602
770 59 68 20141120
771 48 1 20150214
772 24 3 20150430
774 48 21 137 20140328
775 70 69 20141205
776 20 74 20150219
777 44 4 20150522
778 2 2 20151028
780 16 70 20140226
781 21 114 20150111
782 4 1 20150228
783 73 6 20150408
785 16 3 20141204
786 4 70 20150105
787 113 21 75 20150410
788 6 39 20150514
790 9 1 24 20140218
791 1 44 20140713
792 17 11 20140723
793 28 1 20150718
794 1 52 20150912
795 60 110 20150916
797 1 124 20140705
798 37 70 26 20140926
799 3 13 20150409
800 23 1 3 4 20150421
802 44 1 23 20140105
803 44 27 20150309
804 59 18 1 2 20150320
806 27 58 36 34 20140204
807 17 2 20140702
809 120 55 20140705
810 44 18 20151126
812 30 37 20141226
813 1 4 20150305
814 37 35 20150420
816 4 74 74 20140901
817 57 1 20150207
818 1 58 20150316
820 37 17 20140529
821 50 13 20150227
822 6 7 4 1 20150401
823 1 39 20150624
825 82 26 20140822
827 21 21 20140530
828 69 73 20140913
830 74 24 20140624
831 6 36 162 20150321
833 2 10 20140413
834 24 3 20140712
835 43 153 20141123
836 3 59 20150406
838 3 17 80 20140101
839 55 53 20140307
840 37 70 20140418
841 100 4 68 20140506
842 76 1 74 114 20141105
843 20 33 84 20141216
844 53 1 3 121 20150404
846 1 21 38 20150302
847 20 12 77 20150522
848 1 126 14 17 20150606
849 61 3 20150627
851 20 45 20140627
852 36 1 20150205
853 22 2 20150313
855 55 43 20140717
856 34 25 141 49 20150516
857 6 37 20150623
859 21 17 13 70 20140205
860 15 10 20141018
861 7 113 20141114
862 7 40 3 112 20150128
863 6 6 3 1 20150303
864 4 133 20150821
866 43 24 20140807
867 10 44 20140906
868 49 17 20150421
870 21 117 20140415
871 2 4 1 23 20150314
872 8 7 20150412
874 0 17 20140330
875 73 17 64 20140418
876 69 68 20150123
877 48 16 20150225
878 3 44 20150724
880 24 23 20140416
881 2 65 20140419
882 73 37 82 125 20140504
883 1 78 20150410
884 51 22 20150509
885 18 49 20150731
886 2 75 34 20150914
888 113 10 20140815
889 3 44 20140912
891 48 52 20140511
892 56 17 20140605
893 4 37 31 20141016
895 48 70 20140415
897 43 103 20141130
898 1 70 20141202
899 143 17 35 20150221
900 37 25 20151114
902 11 137 20140827
903 4 84 20141218
904 18 63 20150517
905 22 103 20150525
906 7 74 20150801
908 37 99 4 33 20140909
909 24 17 20150117
910 25 39 20150308
912 74 65 20140410
913 4 3 43 20140830
914 26 113 20150801
915 37 17 20150816
916 0 17 20150913
918 73 16 161 20141019
919 22 6 20150106
921 1 68 4 118 20140401
922 118 73 20140419
923 16 32 20140422
924 49 118 91 5 20140620
925 18 41 20150107
926 3 37 20150414
927 3 43 37 20150712
928 6 3 20150802
930 24 70 20140301
931 2 63 70 20150227
932 8 16 20150804
933 24 25 20150913
935 2 120 20140407
936 23 73 73 72 20140928
937 52 0 20150606
939 14 70 20140603
940 17 5 20140916
942 0 11 20140731
943 3 10 31 20140818
945 50 17 20140106
946 19 95 70 20140407
947 28 37 20140630
948 7 74 20140731
949 22 44 20150116
950 25 21 16 20150801
952 45 24 20140808
953 4 49 20150121
955 8 145 20140117
956 44 40 20140617
957 21 39 82 135 20150205
958 22 0 20151023
960 7 123 43 20140515
961 65 43 20140614
962 4 102 20140722
963 1 23 20140813
964 70 4 20140926
965 106 9 4 88 70 20150103
966 6 27 20150506
968 21 40 20140923
969 72 22 3 35 20150514
971 37 64 20140311
972 10 151 20140427
973 16 13 20141217
974 65 0 20150127
976 37 58 20140715
977 3 0 65 59 21 21 17 20150608
978 10 4 20150712
979 16 4 20150817
980 8 4 20150831
982 24 26 20150807
984 1 157 20140101
985 20 23 20140630
986 117 24 20140911
988 133 43 20140404
989 16 1 20140430
990 37 118 20140711
991 7 25 20150624
992 18 18 20150721
993 1 32 20150728
994 73 37 20150811
996 128 70 20140924
997 4 19 20141022
998 2 153 20150221
999 49 1 37 1 127 37 70 34 20150706
1000 49 18 59 74 20150724
1002 13 77 20140110
1003 0 16 20140620
1004 4 72 20140814
1005 63 127 20140824
1006 37 44 4 20150212
1008 75 37 72 144 20140128
1010 126 2 43 73 20150623
1012 106 91 1 20140105
1013 1 75 20140117
1014 7 14 82 20141115
1015 54 3 20150512
1016 6 14 20150618
1018 56 95 58 103 20140408
1019 87 103 20140614
1020 72 44 20140729
1021 88 1 20140818
1022 3 44 0 19 49 20150122
1023 18 159 20150710
1025 6 70 20140407
1026 7 23 64 20141020
1027 23 6 20141108
1028 37 7 20150128
1029 2 6 20151127
1031 141 1 20140204
1032 18 4 20140310
1033 2 55 55 20140522
1034 23 45 20140902
1035 8 21 23 113 118 20150112
1036 18 2 37 44 114 20150620
1038 23 118 20141120
1039 27 65 20150127
1041 38 0 37 69 20140607
1042 9 57 16 20140630
1043 107 70 131 20150402
1045 68 113 20140303
1046 35 31 73 20140603
1047 24 24 20140621
1048 68 43 20140817
1049 1 3 43 20150425
1050 127 2 1 20150911
1052 11 10 4 20141010
1053 8 3 20150407
1054 63 23 16 20150621
1056 21 60 20140127
1057 7 43 20140424
1058 9 34 20140526
1059 25 35 76 20140611
1060 22 90 43 20141108
1061 90 11 20141130
1062 57 4 20150106
1063 7 35 82 20150806
1065 16 37 20140217
1066 24 39 20150928
1067 9 4 43 20151027
1069 56 60 136 11 20140606
1070 35 4 13 70 20140730
1071 22 1 20150614
1072 18 16 20150723
1073 75 37 20150928
1075 3 124 124 95 20140610
1076 1 118 20150107
1077 7 74 20150130
1078 8 72 3 20150226
1079 56 72 20150703
1081 14 51 59 20140602
1082 37 10 4 20150109
1083 101 59 20150419
1084 1 44 20150905
1086 8 17 20150718
1088 17 118 20141009
1089 39 3 68 20141011
1090 63 4 20150401
1092 3 82 20140123
1093 133 4 20140902
1095 3 70 37 20140424
1096 17 43 20140525
1098 44 3 20140219
1099 63 3 20140305
1100 73 3 20140328
1101 3 16 20141118
1103 0 57 94 20140211
1104 2 50 20140512
1105 6 3 20150107
1107 0 34 20140408
1108 95 70 20141013
1109 4 16 20141228
1110 18 17 20150215
1111 6 60 20150605
1113 15 1 110 20140719
1115 3 70 74 70 20140131
1116 74 158 20140724
1117 19 69 20140819
1118 22 102 20150111
1119 13 73 19 20150302
1121 20 73 20140419
1122 50 4 20140509
1123 57 22 20150611
1125 21 68 20140707
1126 118 98 20140824
1127 37 124 20141105
1128 70 44 20150629
1129 85 116 20150811
1131 58 23 20150413
1133 118 70 20140520
1134 18 10 1 20141124
1135 58 56 48 44 11 20150115
1136 59 3 20150307
1137 19 37 20150611
1138 24 0 21 3 20150626
1139 22 79 20150825
1141 29 2 20150607
1143 52 4 20150609
1145 37 74 59 20140214
1146 82 30 20140906
1147 90 38 20141022
1148 73 26 20141223
1149 21 77 20150210
1150 1 39 20150508
1151 24 19 20150726
1153 49 72 1 135 20140713
1154 82 128 20141023
1156 1 10 43 20140610
1157 21 4 20141215
1158 2 17 20150108
1159 57 21 20150511
1160 43 20 1 78 20150717
1161 25 14 20150918
1163 7 137 20140824
1164 63 132 79 20140920
1165 1 17 20141002
1166 43 26 20141108
1168 24 55 13 20140305
1169 37 114 20140831
1170 4 11 20140904
1171 21 3 20150112
1172 18 4 20150223
1173 7 3 20150507
1174 8 53 20150719
1176 76 39 145 20141010
1177 74 24 20141013
1178 6 40 20150119
1179 56 1 20150120
1180 2 21 20150913
1182 37 37 133 20140118
1183 3 26 20141114
1184 24 16 20150207
1186 18 37 20150308
1187 1 82 20151010
1189 9 3 20140524
1190 17 21 20140807
1191 18 16 20150406
1193 151 71 1 20140514
1194 4 16 20140922
1195 4 31 20150225
1197 24 1 20140310
1198 95 113 20140622
1200 11 23 20140724
1201 2 4 20141007
1202 81 118 20150131
1203 73 73 20150319
1204 59 4 20150522
1205 13 21 20150530
1206 3 37 21 132 56 70 37 40 20151025
1208 1 50 20141008
1209 20 2 4 135 20150728
1210 11 79 20150815
1212 1 118 20140309
1213 65 1 84 20140707
1215 22 53 20140729
1216 4 17 43 20141124
1217 22 4 3 20150516
1218 2 79 17 20150526
1219 0 55 49 20150625
1220 16 25 20150630
1222 1 3 20140302
1223 21 4 70 20141211
1224 8 19 20150910
1226 0 21 20151107
1227 16 67 20151111
1229 6 123 20140929
1230 20 16 20150327
1231 24 135 20150508
1233 22 68 20140921
1235 1 58 82 20141109
1237 8 23 20140302
1238 11 50 20140418
1239 18 125 4 20140421
1240 0 37 4 20150422
1242 18 3 20140520
1243 0 116 33 20150527
1244 43 48 7 13 131 20150820
1246 4 79 20140525
1247 3 8 4 3 70 20150830
1248 6 5 43 20150921
1249 65 19 68 20150925
1250 39 39 20151127
1252 10 37 20140608
1253 6 23 71 20150416
1254 20 50 43 20150827
1255 44 3 20150922
1257 20 77 50 20140404
1258 17 68 74 11 20140524
1259 16 66 40 20140606
1260 1 157 154 20140914
1262 22 17 20140904
1263 0 1 20141214
1264 9 1 14 20150121
1265 82 20 23 35 20150225
1267 11 21 20140310
1268 70 44 58 20150104
1269 3 37 58 26 73 43 20150401
1270 8 141 4 20150426
1271 103 42 20150510
1273 68 73 20140626
1274 1 63 20140928
1275 56 1 20150107
1276 18 15 48 20150209
1278 3 3 100 99 20141111
1280 17 65 20141226
1281 63 3 20150207
1283 58 4 20140123
1284 3 73 20140220
1285 13 37 20140307
1286 21 70 20141010
1287 10 21 20150121
1288 45 17 14 20150530
1290 1 112 67 20140725
1291 10 118 20141226
1292 0 1 149 75 20150322
1293 6 20 4 20150515
1295 17 0 14 20140412
1296 4 114 20141019
1298 1 94 20140330
1299 12 17 20140831
1300 1 37 128 20150501
1302 6 82 20140123
1303 20 76 20140131
1304 21 70 20140504
1305 100 84 20141103
1306 50 69 20150418
1307 6 1 78 20150713
1309 128 81 20150421
1310 6 0 100 20150430
1311 23 4 20150729
1312 29 68 20150901
1314 11 98 20140218
1315 23 95 20140903
1316 68 64 20141022
1317 24 1 22 72 20150201
1318 1 21 20150311
1319 7 64 20150617
1320 62 58 17 20150627
1322 18 135 116 20140106
1323 3 122 121 20140207
1324 16 16 20140211
1325 17 53 20140523
1326 73 70 20140624
1327 52 37 81 20140626
1328 131 49 20140706
1329 3 114 4 13 20141225
1330 6 60 82 20151004
1332 19 68 20140128
1333 26 2 20140622
1334 155 87 20140626
1335 1 1 20140708
1336 65 68 118 23 20141110
1337 0 49 63 21 20150302
1338 18 1 16 20150606
1339 22 35 20150608
1341 65 72 20140218
1342 9 2 44 20150113
1343 117 17 38 20150305
1345 81 67 20140617
1346 22 22 1 45 20150112
1347 3 4 65 1 20150323
1349 15 50 20140717
1350 18 37 4 20150306
1352 7 21 15 20150802
1354 43 70 20140321
1355 0 73 73 20140601
1356 65 49 17 4 20141205
1357 6 18 19 20150125
1358 24 6 20150206
1359 4 27 20150707
1360 57 1 20150729
1362 1 70 20141004
1363 0 10 20141020
1364 56 21 20141106
1365 63 15 113 20150814
1367 3 4 20140114
1368 64 25 122 20150212
1370 59 69 76 20140728
1371 37 11 20140921
1373 24 129 20140120
1374 7 94 1 20150302
1376 6 48 45 20140322
1377 10 69 20140809
1379 26 15 20140429
1380 73 87 20140830
1381 49 64 20140917
1382 68 3 20150108
1383 25 63 43 20150519
1385 103 64 20140413
1386 102 113 20141018
1387 28 25 20150306
1388 1 0 20150317
1389 37 4 113 71 20150411
1391 67 23 20140614
1392 10 35 20140722
1393 49 1 59 20150211
1394 23 17 20150407
1396 1 3 20140414
1397 4 74 20140517
1398 4 3 37 13 20140726
1399 9 39 5 30 26 113 20150121
1400 9 17 20150625
1401 8 21 20151015
1403 0 24 95 20150323
1405 21 80 20140523
1407 1 59 20150126
1408 7 25 21 20150312
1410 3 1 20140417
1411 14 35 131 1 20141013
1412 7 24 11 20141203
1413 68 64 20141224
1414 18 57 4 20150516
1415 3 1 20150821
1417 50 36 38 96 20140627
1418 66 13 4 20150418
1419 8 43 20150526
1420 106 73 20150723
1422 5 4 20140510
1423 21 4 80 20140827
1424 9 9 71 20150312
1426 7 1 20150121
1427 37 17 20150411
1428 0 120 20150502
1429 22 21 4 20150929
1431 57 6 37 20150517
1432 9 22 43 20150630
1434 55 4 20140409
1435 3 0 120 20150403
1437 0 70 20140615
1438 72 26 20150323
1439 3 57 22 71 20150419
1441 4 4 34 20140110
1442 55 1 20140927
1444 113 34 20140115
1445 113 69 20140330
1446 3 13 55 20140702
1447 5 73 20141229
1448 18 38 95 20150402
1450 72 114 20140205
1451 99 10 20140602
1452 17 77 20141110
1453 82 37 20141204
1454 3 19 20141213
1455 68 1 11 20150725
1456 0 20 49 17 20151206
1458 99 16 20140518
1459 48 17 20141014
1460 21 116 20141031
1461 23 56 20150205
1462 36 39 20150319
1463 4 69 68 20150724
1464 22 75 20150806
1466 17 3 20140812
1467 1 4 20141121
1468 18 20 82 20150208
1469 0 37 35 20150426
1471 114 19 20140106
1472 3 69 20140620
1474 25 77 20141221
1475 8 70 74 20150917
1477 19 76 20140417
1478 50 36 114 20150126
1479 47 4 20150409
1481 56 45 77 20140612
1482 11 4 20141021
1484 26 55 20140111
1485 52 91 20140507
1486 56 59 20140608
1487 3 17 14 20140715
1488 0 6 13 20150309
1489 22 72 20150430
1490 44 68 20150618
1492 22 3 20140117
1493 12 14 73 20140710
1494 124 99 20150813
1495 3 69 3 20150816
1497 0 88 20140819
1499 6 43 70 20140721
1500 6 120 20140902
1501 17 75 73 20150902
1503 9 17 95 19 20140125
1504 18 31 20140315
1505 68 49 20141203
1506 92 19 43 20150206
1507 37 22 16 20150330
1509 1 25 20140712
1510 23 44 49 20140928
1511 17 35 74 20150128
1512 22 153 20150218
1513 32 83 1 3 11 20150429
1514 2 11 20150512
1516 65 55 20140109
1517 59 73 20140914
1518 4 78 68 20140920
1519 98 82 20140929
1520 6 69 20141119
1521 8 113 20150524
1522 37 2 45 20151007
1524 37 4 20150108
1525 16 44 68 17 43 20150119
1526 18 35 124 20150503
1527 9 65 20150511
1529 13 1 20140619
1530 44 34 20141014
1531 2 69 20141031
1532 2 79 23 20141122
1534 17 4 37 20140531
1535 19 68 20141107
1536 18 37 43 20141214
1537 43 9 2 20150204
1538 18 48 20150502
1539 67 3 20150707
1541 6 61 20140201
1542 3 79 37 20140301
1543 0 17 11 20150326
1544 22 1 20150814
1546 73 64 10 20140608
1547 24 70 58 20140828
1548 21 149 20141012
1549 18 16 1 20150530
1550 24 17 20150531
1552 37 11 20140116
1553 49 72 20150902
1554 8 6 69 20151004
1556 2 82 75 20140107
1557 71 24 130 20150111
1559 130 15 20141210
1561 2 143 20140925
1563 1 49 20140131
1565 0 75 20140314
1566 113 1 117 20140616
1568 0 25 20140327
1569 23 141 10 49 20140622
1570 6 153 20141005
1571 25 69 20150508
1572 8 37 113 20151017
1574 1 147 20141022
1575 22 118 20151114
1577 7 55 2 20150124
1578 20 48 69 20150319
1579 37 13 20150511
1580 3 20 6 76 26 26 128 43 20150517
1582 102 76 20140110
1583 21 21 74 20150428
1584 78 17 20150730
1586 3 31 4 74 20140307
1587 17 70 20140911
1588 18 37 20150604
1589 3 37 20151103
1591 3 127 20140315
1592 21 19 68 20140603
1593 23 1 20140620
1594 135 120 20140727
1595 84 44 20140830
1596 16 18 17 16 20150205
1597 71 37 4 20150617
1598 22 60 20151123
1599 1 16 20151201
1601 6 144 20140726
1602 77 61 20141119
1603 21 84 20141229
1604 2 73 20150126
1606 24 77 20140517
1607 17 44 20141222
1608 1 31 43 20150619
1610 2 94 20140201
1611 70 27 20140702
1612 1 82 59 20150313
1614 1 26 20140107
1616 0 17 20150621
1617 23 3 20150907
1619 23 3 20140908
1620 16 19 20141112
1621 0 16 73 20150408
1623 18 1 4 20140207
1624 1 37 20141212
1625 8 37 73 20150120
1626 7 82 20150414
1628 23 25 20140419
1629 106 114 20140428
1631 21 29 16 20150526
1633 17 95 20140627
1634 36 69 4 13 20141114
1635 18 25 20150303
1637 19 26 24 20141104
1638 16 17 141 20141209
1639 37 63 20150201
1640 20 21 20150531
1642 9 6 34 20150308
1643 25 39 65 20150311
1645 63 25 20140130
1646 38 27 20140426
1647 25 50 50 20150129
1648 73 15 20150213
1650 29 11 68 20140203
1651 3 61 20140628
1652 21 10 20150128
1653 4 44 103 20150610
1654 44 26 20150727
1656 43 113 20140128
1657 2 4 17 20140523
1658 24 38 153 20141011
1659 4 136 20150108
1660 18 3 20150315
1662 141 33 68 20140113
1663 44 17 20140708
1664 22 15 20140824
1665 18 55 20150430
1666 24 1 20150828
1668 21 19 20140607
1669 37 23 20140729
1670 16 0 68 20150301
1672 49 13 20140627
1673 3 147 20140824
1674 127 25 20141027
1675 37 1 20150126
1676 22 94 20150806
1678 79 79 100 20140401
1679 79 16 20141217
1680 18 116 20150524
1681 18 2 0 45 4 48 19 20150904
1683 64 4 63 20150121
1685 113 67 20140825
1686 21 1 20141216
1687 49 4 3 20150420
1688 103 0 65 139 20150720
1690 6 99 74 69 20140118
1691 6 1 20140306
1692 1 23 20150515
1693 23 24 122 17 20150619
1694 65 39 49 20150822
1695 9 21 20150930
1696 4 0 141 11 20151001
1698 0 20 159 20140728
1699 17 18 68 3 149 70 20150508
1700 20 4 19 20150601
1701 0 17 20150615
1703 21 40 20140719
1704 22 48 135 20150119
1706 21 26 20140408
1707 22 68 20141107
1708 9 68 82 20150116
1709 37 73 20150128
1710 56 1 20150401
1711 24 41 20150813
1713 21 3 20140307
1714 0 31 20140504
1715 100 59 20140714
1716 16 19 20141011
1717 115 4 37 73 20150312
1719 4 68 20140710
1720 3 4 37 103 20140731
1721 103 43 20150725
1723 48 43 20140228
1724 19 1 20141118
1726 21 40 20140111
1727 70 55 37 20150121
1729 17 9 37 20150429
1730 3 90 70 20150628
1731 6 4 1 19 20150918
1732 81 26 37 20151028
1734 49 35 20140525
1735 2 74 73 73 20140605
1736 0 68 20140815
1737 11 44 20141127
1738 37 49 77 20150708
1739 65 78 100 20150803
1741 8 73 20140117
1742 21 73 14 20141201
1743 75 50 59 20150418
1745 1 37 20140412
1747 65 34 122 4 20140801
1748 0 6 68 4 20150114
1749 1 4 20150306
1751 23 60 20140206
1752 15 128 20140713
1753 22 1 46 20141115
1754 1 56 20150704
1756 1 26 20140930
1757 3 19 16 14 20141226
1758 12 2 20150505
1759 6 52 20150614
1760 56 1 20151106
1762 1 13 20140721
1763 49 58 20150115
1764 1 23 10 1 20150616
1765 76 1 20150621
1767 50 10 20140314
1768 126 4 20140512
1769 17 3 127 20150331
1770 9 73 20150407
1772 49 11 20140401
1773 95 13 121 20140620
1774 14 70 45 20140926
1775 4 8 37 100 20150106
1776 18 45 20150308
1778 65 2 20150307
1779 2 3 58 18 4 2 39 3 20150717
1781 4 40 20140913
1782 6 19 23 20150225
1783 0 11 20150318
1784 24 1 20150517
1785 1 4 103 70 20150602
1787 29 13 20140304
1788 1 37 70 20150114
1789 77 7 20150524
1790 9 24 20151023
1792 0 82 10 20141211
1793 18 3 0 128 20150730
1794 14 0 20151012
1795 16 23 20151117
1796 34 44 20151123
1798 18 17 20150203
1799 1 56 20150401
1800 57 26 20150706
1802 37 59 20141003
1803 3 14 20150320
1805 9 135 20140925
1806 21 74 20150625
1808 67 21 20140213
1809 0 43 52 69 20140720
1810 21 63 20140809
1811 3 23 20150722
1812 3 31 20150812
1813 21 35 20150827
1815 3 31 44 20140417
1816 1 57 37 17 112 20150422
1817 6 23 20150426
1818 88 14 20150502
1819 39 10 20150705
1820 1 26 11 20150826
1821 1 57 20151210
1823 33 141 20140216
1824 69 70 20140312
1825 3 17 3 33 20140531
1826 24 19 20150613
1827 82 33 20150624
1829 2 35 20140416
1830 68 43 20150611
1831 1 2 0 37 20150708
1833 59 4 20140501
1834 137 3 20140715
1835 18 19 20140912
1837 28 4 20150214
1838 0 50 82 16 20150707
1839 58 49 1 62 20150813
1841 31 49 20140513
1842 37 21 20140519
1843 22 25 20150110
1845 56 63 20140130
1846 21 82 20140622
1847 7 39 20150621
1849 21 23 20140315
1850 43 17 102 20140505
1851 7 44 20140619
1852 49 24 11 20141206
1854 90 4 20141023
1855 2 1 26 79 20150507
1856 9 6 20150916
1858 18 48 20150215
1859 37 0 20150430
1861 6 68 20140224
1862 17 1 65 34 20140730
1863 3 4 20141102
1864 1 33 1 69 20141109
1865 28 34 20150206
1866 1 34 20150315
1867 0 107 20150504
1868 18 3 69 44 23 43 20150703
1869 49 0 68 77 20150915
1871 21 49 20141013
1872 56 3 20150317
1873 4 3 20150906
1875 3 49 54 20140117
1876 1 70 20141127
1878 4 73 20140518
1879 70 24 20140531
1880 22 17 17 100 20150201
1882 134 68 34 20140423
1883 1 2 20140820
1884 23 56 20150304
1885 18 37 16 20150920
1887 53 69 20140312
1888 0 20 20150111
1889 17 37 20150217
1891 21 68 20140413
1892 23 122 20140817
1893 11 130 20150422
1895 21 15 20141216
1896 16 4 20150616
1898 13 103 20140104
1899 95 82 20140415
1900 19 4 6 94 13 20150118
1902 44 113 20140202
1903 49 1 20140321
1904 4 157 20140506
1905 20 43 20140912
1906 1 82 20140915
1907 79 74 20150722
1909 124 70 20140103
1910 37 22 20140406
1911 4 16 82 19 20140706
1912 3 49 20140905
1913 73 3 20141222
1914 1 2 20141230
1915 16 25 20150303
1916 1 17 5 23 157 162 20150505
1917 62 13 37 20151121
1919 1 58 20140218
1920 16 70 70 20140802
1921 77 142 20140903
1923 37 65 3 20140304
1924 23 25 20140404
1925 8 43 20140617
1926 25 37 157 20140722
1928 49 2 20140208
1929 21 50 138 20140529
1930 1 11 4 20140613
1931 3 113 20140928
1933 18 50 20140202
1934 6 103 20141030
1935 65 65 20150717
1936 49 1 3 20150830
1938 22 16 159 20150228
1940 4 43 20141112
1941 7 10 20150211
1942 28 59 20150616
1943 6 1 20150906
1944 18 1 73 17 20150913
1946 4 37 20140727
1947 24 36 69 20140926
1948 57 73 20141210
1949 3 7 37 44 10 20151117
1951 7 7 20150104
1952 4 141 3 82 20150802
1954 2 133 20140928
1955 69 16 20141203
1956 37 153 20150726
1957 37 88 20150829
1959 1 49 20140206
1960 3 77 20141019
1961 18 16 1 145 37 99 20150304
1962 28 59 20150316
1963 1 50 20150606
1965 1 113 20140605
1966 8 1 20140607
1967 17 79 20140725
1968 27 114 49 20150131
1969 4 1 20150516
1971 21 121 89 20140407
1972 14 68 20140415
1973 67 16 20140804
1974 18 17 11 20150314
1975 9 73 20150530
1977 49 100 11 20140608
1978 18 3 20151030
1980 6 99 19 20140203
1981 4 114 20140409
1982 21 46 20140425
1983 13 48 20140516
1984 21 21 20140524
1985 20 64 20140713
1986 57 82 1 16 20140823
1987 7 21 20150419
1989 50 149 16 20141020
1990 0 4 20150424
1991 56 13 20150605
1993 3 73 20140313
1995 17 23 20150214
1996 8 31 20150222
1998 3 17 37 20141208
2000 77 32 20140123
2001 21 73 4 4 20140215
2002 44 73 69 20140514
2003 0 21 20150325
2004 8 118 20150620
2005 8 1 1 14 20150921
2007 6 157 20140502
2008 124 70 20140525
2009 4 11 20140604
2010 21 15 20140715
2011 0 3 20140928
2012 0 15 19 20150103
2013 36 6 20150615
2014 3 7 20151029
2016 43 4 20140205
2017 18 78 20140507
2018 21 1 20140606
2019 79 113 34 20141001
2020 56 35 1 68 20150828
2022 21 69 20140321
2023 0 59 20141023
2024 80 2 20150215
2025 2 16 20150808
2027 5 74 26 20140114
2028 4 21 20140521
2029 17 17 20141004
2030 22 11 20141029
2031 37 21 1 23 20141225
2032 113 50 20141228
2033 26 21 20150624
2035 17 42 20140424
2036 16 49 100 20141206
2037 2 0 32 120 13 113 137 141 20150808
2039 7 50 20150212
2040 6 16 20150522
2042 0 3 20140509
2043 58 34 16 20140804
2044 37 1 20140904
2045 32 68 30 20141121
2046 1 0 20150330
2048 102 114 20140117
2049 1 49 20150217
2050 8 18 20150223
2051 8 71 20150322
2052 55 1 27 20150409
2053 0 88 65 128 20150527
2055 17 36 20140707
2056 24 95 22 127 49 4 117 20150721
2057 8 22 4 39 20151023
2058 25 4 20151106
2059 6 28 24 74 0 3 17 1 65 20151109
2061 27 68 20140220
2062 0 122 75 20140224
2063 6 99 20140519
2064 79 24 20140911
2065 6 1 20150614
2066 3 2 68 20150807
2068 37 37 20140112
2069 100 4 20141207
2070 35 28 52 130 20150118
2071 6 23 20150301
2073 74 79 20140330
2074 4 52 113 20140404
2075 1 24 20140524
2076 21 26 68 37 20140809
2077 8 24 20150319
2079 97 74 122 113 20140130
2080 73 43 20140302
2081 10 1 20141124
2082 12 87 20150121
2084 7 28 20150929
2085 3 10 20151101
2087 63 19 20140729
2088 8 8 2 17 20150223
2090 3 36 20150607
2092 25 68 26 20140314
2093 18 63 20140608
2094 24 4 20140731
2095 7 64 20150326
2097 0 53 23 20141216
2098 24 100 20150613
2099 24 3 20150807
2101 69 4 21 20140512
2102 24 49 20141203
2103 48 12 20150327
2104 1 58 20150426
2106 0 21 20140122
2107 47 25 20140131
2108 6 1 20141217
2110 23 24 20140528
2111 18 21 19 20150315
2112 141 55 20150625
2114 4 3 20141001
2115 1 4 36 48 37 20150212
2116 8 55 20150318
2117 22 6 117 82 73 20150716
2119 43 38 20140524
2120 24 82 136 13 20140812
2122 17 19 20140130
2123 16 19 20150330
2125 79 0 20150220
2126 50 49 20151024
2128 44 16 3 82 20140524
2129 3 74 20150304
2131 52 68 20140827
2132 73 99 20140913
2133 28 64 20150512
2134 16 21 4 1 26 20150721
2136 43 35 20140704
2137 2 61 20140806
2138 63 4 20141119
2139 7 70 61 20141225
2140 0 82 20150515
2141 14 64 20150605
2142 24 4 20150805
2143 59 79 20150922
2144 18 36 20151010
2146 56 37 20140418
2147 130 114 20140802
2148 53 1 20150124
2149 18 40 20150322
2150 73 17 20150702
2151 47 17 49 16 20150725
2153 12 120 20140310
2154 18 65 20140603
2155 23 21 20150603
2157 3 1 20140419
2158 22 43 113 20150323
2159 9 21 17 20150324
2160 4 11 20150507
2162 2 23 80 20140105
2163 1 57 20140424
2164 72 153 20140804
2165 26 63 20141030
2166 25 2 20141201
2167 0 44 20150518
2169 76 44 20140203
2170 23 3 20141031
2171 4 95 20150617
2172 26 77 20150707
2173 9 0 6 17 20151021
2175 22 39 20150526
2177 6 4 20141027
2178 8 135 20150131
2179 55 0 20150507
2181 0 153 13 20140217
2182 3 17 20141220
2183 26 139 20150716
2184 1 18 1 17 153 83 37 20151001
2186 100 10 5 20140731
2187 3 103 20140924
2188 13 61 16 20150227
2189 18 17 20150525
2190 10 77 19 20150617
2191 1 20 38 61 20150812
2192 34 11 20150902
2194 21 158 20140828
2195 3 4 20141107
2197 49 58 20140301
2198 1 82 20141123
2200 21 37 114 20140301
2201 15 1 20140327
2202 63 78 70 20140422
2203 0 71 20140430
2205 23 50 20140103
2206 56 2 20140113
2207 11 38 17 125 20140125
2208 17 17 20141019
2209 0 18 20150401
2210 19 37 20150425
2211 21 24 78 4 20150614
2213 103 82 20140122
2214 113 1 20141211
2215 17 9 16 1 33 38 20150512
2216 82 0 20151001
2218 11 36 20140210
2219 9 37 20140916
2220 19 17 20150116
2221 1 3 17 43 16 81 20150209
2222 4 16 1 20150528
2224 2 58 20140221
2225 2 23 20140509
2226 4 4 20141009
2227 18 49 21 20150619
2228 0 2 20151121
2230 1 38 20140318
2231 69 14 20141030
2232 56 1 19 70 114 20150307
2233 9 1 20150505
2234 8 17 20150612
2235 16 43 20150622
2237 73 73 11 20140725
2238 0 17 20141129
2240 4 1 20140401
2241 1 62 20150206
2242 1 0 20150301
2244 0 26 20140712
2245 4 21 20140902
2246 49 43 20140926
2247 49 20 20150525
2248 28 98 20150612
2250 37 37 20140828
2251 22 22 20150813
2252 18 17 20151011
2254 7 4 20140226
2255 11 64 20140513
2256 0 29 79 20150101
2257 24 17 4 1 20150228
2258 53 40 4 20150531
2259 3 44 20150821
2261 22 4 130 20140824
2262 7 27 20141031
2263 16 90 21 20150423
2264 42 24 20150721
2266 3 35 20140106
2267 3 14 20140413
2268 113 112 20140920
2269 6 0 20150302
2271 6 21 20140714
2272 3 4 20150127
2273 68 16 20150218
2275 0 3 20140101
2276 17 73 20140107
2277 13 30 20140406
2278 1 73 20140530
2279 16 34 20140702
2280 23 21 20141107
2281 18 2 20150207
2282 12 3 20150922
2284 23 37 124 20140611
2285 82 2 20150215
2286 7 117 69 20150425
2288 4 50 26 20140512
2289 43 73 20140526
2290 2 29 20150131
2292 1 18 81 17 20150401
2293 1 87 20150810
2295 65 103 20140706
2296 36 12 20150611
2298 17 2 20140315
2299 2 11 20140529
2300 57 7 20140802
2301 21 10 20140930
2302 3 73 20141217
2303 18 1 20150804
2305 38 64 20140129
2306 102 145 20140204
2307 72 70 20140508
2308 27 124 20150624
2310 7 74 20140802
2311 23 10 20141124
2312 83 44 20150411
2314 21 99 13 49 20150613
2316 17 0 128 44 127 20150315
2318 4 124 20140521
2319 20 73 20140705
2320 42 151 20141203
2321 82 46 20150412
2322 2 2 75 135 20150527
2324 6 43 20140601
2325 11 2 20140621
2327 22 37 20140614
2328 3 18 0 35 95 4 20150405
2330 50 24 52 20140415
2332 3 44 20140111
2333 5 4 20150606
2335 34 49 20140108
2336 1 73 20140114
2337 2 99 20140704
2338 1 123 20140925
2339 4 2 4 4 20150510
2340 28 0 20150622
2341 13 6 49 16 31 20150726
2342 21 57 20150831
2344 48 103 37 20140512
2345 23 90 20141011
2346 117 33 20141217
2347 8 70 20150529
2348 24 19 36 23 20150810
2349 22 56 20150929
2351 11 141 20140226
2352 74 69 20140524
2353 70 3 20140606
2354 16 49 20141221
2355 8 49 20150412
2356 18 63 137 99 49 96 10 20150919
2358 0 49 20140306
2359 2 73 20140714
2360 16 3 20140822
2362 17 26 20140116
2363 69 16 20140331
2364 60 63 20141105
2365 1 74 43 20150322
2366 0 63 20150329
2368 77 77 122 20140906
2370 68 1 65 27 20140822
2371 22 49 20150903
2373 1 4 20140514
2374 23 3 20141029
2375 18 122 20150215
2376 2 19 20150628
2378 20 127 61 20140804
2379 95 3 20141108
2380 8 6 20150618
2381 21 3 20151017
2383 68 78 20140518
2384 1 17 20140710
2385 18 3 20141024
2386 7 26 20150602
2388 3 68 113 20141001
2389 0 4 20141011
2391 1 0 20150305
2392 20 22 20150408
2394 10 17 20140722
2395 67 103 20150127
2396 48 44 20150212
2397 8 10 20150324
2398 3 35 4 24 82 20150527
2400 70 16 20140423
2401 73 100 20140606
2403 57 17 20140201
2404 24 16 20150218
2406 4 31 20150122
2407 6 1 20150321
2408 69 74 20150601
2410 53 10 20140210
2411 1 2 20140424
2412 44 114 20141216
2413 22 53 72 20150802
2415 1 122 20140318
2416 24 10 69 68 20150411
2417 10 46 20151023
2419 4 39 20140102
2420 9 1 20150306
2421 3 1 20150401
2422 21 3 55 20150501
2423 24 60 20151017
2424 146 8 37 63 20151020
2426 134 17 20140228
2427 114 113 20140402
2428 59 21 37 20141023
2429 1 23 99 70 20141110
2430 9 133 20150813
2431 1 65 20150922
2433 22 59 63 20140818
2434 37 158 20140915
2436 15 31 20140805
2437 10 90 1 20141027
2438 37 17 20150201
2440 21 16 20141122
2441 70 58 17 20141202
2442 6 10 4 20150826
2444 48 1 20140307
2446 74 33 61 20140205
2447 52 17 58 23 20141229
2448 1 17 45 20150323
2450 6 75 20141019
2451 74 9 20150115
2452 18 136 20150320
2453 25 58 135 20150908
2454 2 18 2 70 20151028
2456 47 46 20140820
2457 20 69 20150518
2459 48 16 17 20140405
2460 24 19 20140703
2461 155 21 20141010
2463 16 3 20140317
2464 74 113 20150104
2465 63 59 20150508
2467 126 17 20140328
2468 2 17 33 4 20140427
2470 1 40 44 20140211
2471 9 25 37 20150518
2472 43 40 20150710
2474 3 64 113 20140331
2475 18 123 20140414
2476 22 70 20140531
2477 133 16 20140730
2478 70 79 87 20140826
2479 4 9 20150508
2480 4 118 21 20150624
2482 137 37 20140330
2483 37 16 95 20140707
2484 8 52 19 36 4 20150226
2485 20 1 20150520
2486 24 21 162 40 20150712
2488 1 73 20140127
2489 85 64 20140912
2490 20 17 20150129
2491 24 6 20151108
2493 56 114 20140530
2494 17 73 20140802
2495 7 26 20140828
2496 2 43 11 20141212
2497 21 0 20150218
2499 43 4 43 20140105
2500 1 3 20140206
2501 113 11 20140720
2502 21 10 20140828
2503 28 13 20150215
2505 7 1 43 20140102
2506 7 16 20141108
2507 2 73 20141210
2508 16 82 20150114
2509 18 39 20150612
2510 17 25 10 23 20150707
2511 56 17 20150809
2512 84 3 20151020
2513 106 3 20151114
2515 17 53 17 20140404
2516 21 70 20140728
2517 17 79 20140823
2518 18 21 20150122
2519 1 74 20150207
2520 8 1 20150319
2521 52 29 24 37 129 20150328
2522 22 19 20150807
2523 7 6 1 17 20151103
2525 13 37 20140914
2526 1 1 20150407
2527 23 1 37 80 20150524
2529 44 37 20140108
2530 4 30 80 20140302
2531 8 37 1 1 33 20150610
2532 9 7 20150629
2534 0 105 20141030
2535 21 2 20141115
2536 0 17 20150619
2538 56 73 20140616
2540 3 69 20141020
2541 73 0 20150413
2542 37 17 1 26 20150712
2544 17 1 20140330
2545 22 79 20150224
2546 8 47 24 20 12 73 44 120 82 20150615
2548 21 157 20140327
2549 24 3 11 20141025
2550 106 45 39 3 20150128
2551 24 11 20151009
2553 21 74 20140718
2555 100 57 20140226
2557 5 70 20140730
2558 0 114 20150218
2559 1 17 20150309
2561 28 31 20140711
2562 43 24 20140806
2563 52 68 20140901
2564 39 107 20150227
2565 8 19 20150824
2567 26 6 20150419
2569 65 43 43 20140307
2571 73 26 20140224
2572 24 102 20140520
2573 1 44 20140605
2574 10 73 89 20140618
2575 18 92 20141018
2576 18 44 134 20150217
2577 24 43 20150621
2578 114 1 53 20150819
2579 20 4 48 50 1 68 17 37 20150830
2581 23 80 20140131
2582 1 57 20140729
2583 21 58 23 20141016
2584 24 20 20150101
2585 3 53 20150214
2587 65 14 20140405
2588 27 3 52 20140817
2589 4 50 20141027
2590 24 49 20150708
2592 151 76 20140311
2593 13 16 20140406
2594 28 17 20140412
2595 6 4 20140921
2596 0 3 20150527
2597 8 26 20150827
2598 24 2 124 17 20150831
2599 22 1 3 20150910
2600 1 39 20150920
2602 5 17 59 20140105
2603 3 52 20140210
2604 18 21 20140327
2605 118 145 20141112
2606 2 79 20150104
2607 22 4 20150722
2609 11 112 20140301
2611 21 80 20140125
2612 52 21 46 121 20140207
2613 1 82 20140209
2614 12 78 69 69 20140811
2615 1 99 20150125
2616 10 99 20150323
2617 18 9 20150608
2619 1 52 20140508
2620 37 70 3 4 20150108
2622 49 1 20140713
2623 4 141 69 20150420
2624 25 81 20150427
2626 98 45 20140123
2627 12 162 70 26 20140612
2628 3 44 17 162 20140805
2629 18 45 20150707
2631 4 148 23 20141010
2632 4 64 20141018
2633 2 4 20141020
2634 21 3 52 20141230
2636 65 10 20140627
2637 17 3 20141024
2638 102 60 23 20141204
2639 18 16 20150113
2641 31 3 20140712
2642 37 17 20140722
2643 2 23 20141109
2644 28 4 20150406
2645 56 56 20150408
2646 37 18 63 37 4 20150826
2648 56 20 20150115
2649 8 12 20150124
2650 37 8 37 79 16 74 17 20150326
2651 18 72 20150426
2653 25 70 31 20140205
2654 63 48 20140208
2655 9 4 20140703
2656 37 1 20140817
2657 8 1 20141120
2658 19 57 11 20150906
2660 3 48 20140817
2661 113 17 20141107
2662 13 73 77 74 20150215
2663 7 116 19 20150320
2664 18 0 22 4 20150608
2666 22 10 20150528
2667 16 17 20150813
2669 18 78 20140616
2670 1 19 20141203
2671 56 57 20141227
2672 49 1 0 1 95 5 37 20150327
2673 18 69 20150705
2674 24 4 20150722
2675 1 77 20151105
2676 2 37 20151114
2677 57 72 20151201
2679 6 73 20150129
2681 141 72 62 101 20140521
2682 37 118 20141023
2683 68 45 20141027
2684 7 3 20150803
2686 18 27 20150518
2687 22 49 20150528
2688 4 72 20150719
2689 8 21 20150911
2691 6 64 20140610
2692 0 35 11 20141206
2693 8 33 20150218
2694 6 114 20150528
2695 18 3 20150908
2696 18 79 19 82 137 20151009
2698 0 70 59 45 20140417
2699 95 19 20140831
2700 2 3 20140910
2701 44 43 20141219
2702 17 21 20151117
2704 132 15 20140722
2705 69 11 20141120
2706 15 118 20150418
2707 9 47 4 10 4 36 82 20150421
2708 50 3 118 20150519
2709 48 61 20150526
2711 17 19 20140506
2712 8 16 127 20150202
2713 56 56 1 84 20150524
2715 37 60 20140429
2717 1 4 100 20141110
2719 73 160 20140403
2720 18 9 20150411
2721 7 17 20150904
2722 0 17 20151024
2724 4 44 20140119
2725 11 118 20140131
2726 3 3 37 76 20141029
2727 43 130 20141126
2728 43 25 20150225
2729 0 135 20150407
2731 28 65 20150801
2732 16 1 20150823
2733 22 90 20150914
2735 70 68 20141225
2736 21 55 20150720
2738 25 3 20141107
2739 99 20 64 26 20150818
2740 2 1 1 20150819
2742 25 95 20140211
2743 15 70 20140221
2744 1 4 20140616
2745 27 79 20140803
2747 41 21 20140224
2748 49 6 32 11 34 115 20150210
2750 25 43 94 20140505
2751 10 7 20140930
2752 25 79 20150103
2753 38 1 20150203
2755 37 1 20140127
2756 82 19 20140422
2757 3 0 20150323
2758 4 18 44 1 15 69 82 17 20150422
2760 4 25 20140127
2761 1 16 20140415
2762 16 48 20140613
2763 50 19 20150223
2764 3 17 20150926
2766 3 1 96 20140616
2768 92 69 20140907
2769 49 48 20150803
2771 18 38 20140828
2772 17 33 20140904
2773 6 1 4 60 0 20150123
2774 23 20 43 3 21 124 17 68 20150509
2775 0 6 20150515
2777 83 3 20140216
2778 46 118 20140228
2779 6 4 118 20140712
2780 37 56 20150218
2781 17 3 20150502
2783 0 1 118 116 20140114
2784 20 37 20140123
2785 0 4 20141105
2786 31 94 20141225
2787 7 50 20151027
2789 22 40 7 55 37 12 75 48 20150412
2791 4 113 49 20140213
2792 4 70 20140619
2793 25 2 20140715
2795 69 11 20150412
2797 106 69 103 20140314
2798 6 82 20140805
2799 3 88 20141110
2800 3 9 20150428
2801 22 118 20150510
2803 7 44 20140417
2804 3 82 20140509
2805 70 70 20141128
2807 1 65 20140308
2808 140 70 20140429
2809 56 73 20141108
2810 50 70 20141114
2811 59 1 20150125
2813 37 13 20140215
2814 4 68 20140508
2815 43 1 20150515
2817 1 70 43 20140307
2818 2 17 20140430
2819 10 144 61 1 20150606
2820 20 1 21 95 95 19 20151014
2821 4 3 20151216
2823 62 95 20140125
2824 6 2 20150514
2825 98 9 4 20150707
2827 8 21 20140718
2828 1 39 20150504
2829 48 63 20150610
2831 51 23 20140208
2832 4 2 20140409
2833 65 26 20141203
2835 1 44 20140302
2836 20 16 20140414
2837 4 1 20150117
2838 0 33 20150125
2839 28 0 20150128
2841 65 37 20140514
2842 24 16 20140517
2843 100 4 13 96 20140916
2844 8 0 20150608
2846 4 14 20140203
2847 18 69 20150818
2848 2 116 20151104
2850 7 52 20141104
2851 3 113 20141113
2852 73 72 20141203
2853 20 21 20150613
2854 22 127 4 15 10 20150728
2855 23 99 20150807
2856 22 58 20151009
2857 48 20 3 24 20151020
2859 7 77 20141105
2861 0 12 20141117
2862 24 37 20150118
2864 10 70 20140814
2865 1 127 20150928
2867 35 1 20140911
2868 20 127 20150922
2870 50 35 20140308
2871 34 11 20140723
2872 4 141 20140923
2873 67 37 20141113
2875 7 56 20150130
2877 4 95 20140331
2878 13 13 20140407
2879 55 63 20140803
2880 159 2 20140822
2881 44 102 1 20141013
2882 68 93 20141017
2883 6 7 6 73 135 49 1 20150910
2884 8 6 20151017
2885 36 18 64 1 20151021
2887 4 69 20140319
2888 4 16 20140627
2889 9 49 20150617
2891 91 43 19 20140106
2892 18 88 20141104
2893 74 50 20150307
2894 22 1 20150313
2896 73 4 20141013
2897 3 1 20150305
2898 17 68 20150720
2900 21 51 20140407
2901 1 49 20140917
2902 17 23 20140924
2903 28 61 20150202
2904 1 10 20150705
2906 6 2 20150205
2907 106 4 20150309
2908 8 68 20150907
2909 7 0 20151009
2911 3 74 20140429
2912 11 25 20141014
2913 73 21 77 20150914
2915 23 22 20150617
2917 23 19 138 20140405
2918 19 68 20140504
2919 16 3 20141016
2920 1 13 20150401
2921 4 4 20150419
2922 43 79 23 20150426
2924 1 117 20150211
2925 4 35 20150424
2926 28 6 20150620
2927 9 19 37 20150709
2929 2 1 20140115
2930 43 27 20140207
2931 4 143 20140328
2932 2 65 17 20140625
2933 23 43 20140708
2935 19 70 37 20140216
2936 21 43 20140529
2937 27 82 20140530
2938 87 1 20150529
2939 9 113 37 20150827
2941 43 43 20140221
2942 17 73 118 58 20140228
2943 18 74 20140927
2944 14 16 129 20141030
2945 37 113 20141123
2946 20 1 20150428
2948 1 37 37 20140712
2949 0 1 20140828
2950 10 50 20141013
2951 24 43 20141113
2952 0 1 20150713
2954 1 17 70 20140119
2955 10 26 20140518
2956 65 8 59 72 20150226
2957 18 7 73 20150511
2958 0 1 20151019
2960 6 4 20150304
2961 44 19 20151027
2963 1 31 20140808
2964 135 50 20150731
2966 1 23 20140415
2967 50 1 1 68 20141025
2968 1 0 20150223
2969 56 0 20150312
2971 69 16 20140409
2972 6 68 20140528
2973 15 17 20140709
2974 13 60 20150513
2975 9 17 63 21 17 58 102 32 20151104
2977 2 16 16 20140723
2978 4 82 20150511
2979 1 21 4 17 65 26 113 63 20150621
2981 6 3 20140122
2982 21 17 20140810
2983 4 55 20141027
2984 20 71 20150419
2985 9 69 20150812
2986 49 1 20150904
2988 50 1 20140903
2989 4 51 20141010
2990 26 3 69 68 20150710
2992 28 3 20140623
2994 157 157 20140203
2995 3 1 20140727
2996 4 43 20141106
2997 4 3 20150709
2999 82 1 95 20140108
3000 61 17 20140118
3001 39 118 20140826
3002 2 49 3 20141201
3003 21 37 26 20150212
3005 3 49 20140422
3006 6 1 20140829
3007 7 0 20151009
3008 9 17 20151025
3010 21 75 70 75 20140208
3011 4 83 20140311
3012 35 129 20140604
3013 37 16 20141013
3015 122 1 20140128
3016 1 21 43 20150831
3018 82 58 20140413
3019 0 70 20140916
3020 27 31 20141031
3021 24 10 20150310
3022 8 23 20150727
3024 63 3 20140522
3025 56 92 20140907
3027 4 110 20140302
3028 6 21 20141111
3029 100 11 20141116
3030 7 42 15 27 23 20151012
3032 3 99 20140123
3033 40 4 20140319
3034 43 70 20140607
3035 1 69 20141002
3036 17 68 45 20141003
3037 73 0 20141122
3038 1 82 20150214
3039 24 21 20150927
3041 118 58 20140415
3042 21 82 20140512
3043 114 162 20140709
3044 39 58 20140922
3045 1 103 20141202
3047 34 44 20140715
3048 7 52 20140903
3049 73 17 20140904
3050 56 1 20141002
3051 73 1 20150408
3052 18 23 1 20150826
3054 2 1 20140507
3055 4 0 20150111
3056 3 18 1 15 12 20150615
3057 8 17 3 36 136 20150818
3059 0 59 20140502
3060 23 1 20141017
3061 17 45 20141119
3063 43 58 20140410
3064 4 12 20140501
3065 24 82 20140731
3066 9 72 13 64 20150406
3067 28 0 46 20150531
3069 23 70 20140308
3070 3 1 20140718
3071 130 98 20140926
3072 2 34 20141204
3073 39 4 20141214
3074 49 124 20150608
3075 18 9 49 1 20150704
3077 21 4 79 20140806
3078 4 36 20150107
3079 10 38 20150125
3080 24 77 20150518
3081 43 3 20150818
3083 3 40 20140826
3084 3 118 20141026
3085 18 71 20141228
3086 1 1 20150817
3087 49 0 20150909
3089 53 3 20140418
3090 21 58 20140716
3091 40 4 100 20150403
3092 23 1 20150430
3094 0 1 20140815
3095 6 64 20140816
3096 7 6 20150223
3098 2 19 20140718
3099 21 124 20140829
3101 11 100 20140508
3102 1 117 20141016
3104 20 23 19 20140216
3105 81 88 20150305
3106 24 10 15 6 20150327
3108 7 72 20141114
3109 56 6 2 3 20150321
3110 1 1 20150331
3112 37 23 20140901
3113 53 44 20140930
3114 65 21 16 20141117
3115 3 2 20141127
3116 1 26 20141203
3117 56 1 20150501
3118 8 73 103 20150502
3119 18 88 14 37 20150507
3121 65 22 20150217
3122 2 50 58 20150324
3124 84 68 68 20140302
3125 9 52 20140509
3126 72 33 20140630
3127 5 26 4 58 20140709
3128 14 52 20140917
3129 30 63 20140926
3130 37 31 20141111
3131 8 0 20150115
3133 0 26 20140811
3134 29 99 20150611
3136 2 16 71 20140304
3137 9 13 20140313
3138 3 19 20140625
3139 1 127 23 20141208
3140 13 75 16 72 20150702
3142 70 4 20140327
3143 82 61 20140419
3145 17 63 20140325
3146 18 74 20140523
3147 2 3 4 20140630
3148 68 20 70 20141019
3150 9 13 20141230
3151 35 7 20150201
3152 102 1 20150712
3153 70 1 20150804
3155 1 6 10 129 20150511
3156 8 43 20150720
3158 2 88 27 20140402
3159 88 79 37 68 20140406
3160 43 135 20140711
3162 74 23 20140303
3163 5 152 20141013
3164 7 16 20150701
3166 21 12 20140425
3167 37 26 20140522
3168 6 21 20150129
3169 0 21 20150710
3171 11 103 20140707
3172 9 4 20150508
3173 21 18 53 3 24 82 58 74 20150801
3174 2 3 20150803
3176 37 43 20140430
3177 1 49 20140604
3178 20 6 20140828
3179 113 99 20140909
3180 52 78 20150607
3181 8 16 20150826
3183 17 69 17 127 20140721
3185 79 82 20140211
3186 6 1 20140806
3187 4 73 20141104
3188 48 48 20150226
3190 73 127 20140529
3191 56 3 20140703
3192 94 82 20140720
3193 20 37 20141118
3194 44 67 20150310
3195 56 67 20150314
3197 4 30 20140116
3198 50 129 20140305
3199 44 37 20140609
3200 17 23 16 20140903
3201 18 7 20150118
3202 0 4 107 20150910
3204 114 1 20140101
3205 102 1 11 20140907
3206 18 146 20150120
3207 3 3 20150810
3208 21 0 3 40 20150823
3210 43 3 70 20140920
3212 76 70 20141125
3213 65 3 20150208
3214 120 25 1 17 2 21 21 52 151 20150415
3215 24 21 20150425
3216 1 1 18 43 37 33 16 60 20150820
3218 52 74 20140101
3219 135 17 20140705
3220 19 90 20141225
3221 17 0 20150310
3222 99 3 14 20150325
3223 8 16 20150807
3225 69 69 20140423
3226 81 1 20140603
3227 74 4 20141205
3228 25 73 20150208
3229 50 3 20150824
3231 18 20 43 20140722
3232 17 46 20140913
3233 20 46 20141208
3234 44 17 20150428
3235 0 1 20150515
3237 17 161 20140602
3238 83 54 26 115 20140721
3239 1 4 20140822
3240 18 4 20150407
3242 1 70 20140116
3243 1 135 20140330
3244 64 123 20141211
3245 63 3 20141228
3246 8 20 20150614
3248 25 37 72 20140406
3249 20 81 23 20140705
3250 4 68 20140916
3252 4 79 20140317
3253 14 68 20141110
3254 9 143 20150615
3256 1 55 20140830
3257 9 16 19 95 20150416
3258 1 21 4 73 20150502
3260 6 113 20140707
3261 4 15 20150224
3263 55 26 20140901
3264 3 16 20140904
3265 68 30 20141105
3266 50 37 20150101
3267 22 3 20150612
3268 3 73 1 34 20150727
3270 70 61 20140312
3271 1 50 20140531
3272 4 61 20150228
3274 23 49 20140425
3275 2 48 107 20140508
3276 2 15 20140717
3277 68 79 36 20141007
3278 25 100 20150322
3280 10 64 20140201
3281 4 17 20150103
3282 8 3 20151021
3283 49 34 16 20151022
3285 24 25 16 20140106
3286 96 44 20140210
3287 3 2 20150423
3288 0 17 20150508
3290 102 16 20140507
3291 15 16 70 20141103
3292 3 1 20150109
3293 20 1 20150210
3295 28 56 20150111
3296 72 6 20150405
3297 55 23 58 26 95 20150622
3299 114 33 20140528
3300 1 22 20151111
3301 11 10 19 129 20151116
3303 122 30 20140421
3304 67 32 20140506
3305 8 1 20150814
3306 37 138 20151225
3308 44 39 44 70 20140908
3309 9 17 4 20150320
3310 34 11 69 20150423
3311 24 65 20150704
3312 22 49 20150925
3314 16 44 20140109
3315 53 114 20140124
3316 19 6 20140211
3317 99 53 20141223
3318 17 88 37 11 20150428
3319 1 23 20150617
3320 8 97 4 45 20150629
3322 43 107 20140320
3323 25 49 20140410
3324 23 114 113 20150816
3325 56 36 20150903
3327 1 103 20140118
3328 17 79 20140916
3329 1 3 20150404
3330 16 4 68 20150626
3331 0 3 20151025
3333 26 34 20140105
3334 4 58 20140615
3335 0 69 20141022
3336 24 37 20150614
3338 1 11 20141101
3340 3 43 20140212
3341 15 43 20140301
3342 73 17 20140710
3343 9 21 20150411
3344 4 11 20150921
3346 3 37 19 1 17 84 19 23 20150614
3347 22 82 20150815
3348 19 63 7 31 19 4 61 20150908
3349 2 3 1 73 20150924
3351 2 49 20140223
3352 6 11 20140811
3353 2 5 20140905
3354 2 1 4 20141024
3355 1 110 20151022
3357 56 75 20150501
3358 23 31 20150528
3360 114 135 68 72 20140103
3361 8 26 20150116
3362 65 114 20150913
3364 34 70 124 20140117
3365 1 10 20141024
3366 21 14 20141128
3367 18 56 0 10 20150222
3368 24 52 3 59 20150408
3369 3 1 121 70 20150823
3370 37 102 20150925
3371 9 82 20151207
3373 21 23 20140310
3374 6 43 64 20140630
3375 21 109 114 20141215
3376 141 135 70 20150207
3377 90 6 20150228
3378 50 44 20150725
3380 17 118 20140208
3381 65 103 55 20140303
3382 3 133 20140512
3383 18 118 20150306
3384 18 75 20150322
3386 74 3 113 20140104
3387 19 145 37 20140607
3388 9 149 20140703
3389 22 4 20150719
3390 21 1 20150729
3391 114 79 58 20150813
3393 4 16 16 20141103
3394 68 114 26 70 20150131
3396 21 51 20140205
3397 24 1 20140605
3398 49 17 20140721
3399 37 37 24 20141211
3400 8 18 20150922
3401 88 17 74 20150928
3403 37 55 20140219
3404 48 98 20140422
3405 95 50 20141028
3406 20 1 20150408
3408 65 127 20140712
3409 26 82 20140927
3410 50 53 4 70 20150302
3411 37 37 108 40 37 70 20150627
3412 39 3 20150924
3413 0 4 20151008
3415 21 37 20140309
3416 8 3 20150705
3417 23 103 20150921
3418 49 64 20151106
3419 20 37 58 20151109
3421 4 21 4 118 20140114
3422 44 10 20141220
3423 90 23 20150512
3425 19 44 20140102
3426 8 68 20140316
3427 43 19 20140322
3428 6 4 74 20141014
3430 0 24 20150327
3432 2 49 20140820
3433 69 3 20141015
3435 6 77 20140105
3436 22 40 20140324
3437 23 81 69 20140408
3438 25 3 11 1 14 20150610
3440 6 26 20140214
3441 2 82 4 20140324
3442 50 70 20140916
3443 56 118 17 113 20140924
3444 22 22 20150430
3446 1 23 20140609
3447 16 43 20140710
3448 21 6 20150117
3449 22 31 20150205
3450 49 1 20150525
3452 58 114 20141121
3453 24 64 20141222
3454 73 3 33 20150519
3455 22 0 20150722
3456 7 34 21 74 20150820
3457 2 33 3 20150922
3459 43 4 20140129
3460 13 1 20140426
3461 8 44 20141023
3463 51 44 20150803
3465 29 16 20140725
3466 36 44 20150314
3467 9 4 2 23 35 20150505
3469 37 14 20140625
3470 11 98 20141220
3471 49 7 74 70 20150506
3472 63 0 20150808
3473 2 3 20150823
3475 25 100 20140226
3476 59 11 20140605
3477 95 23 20140730
3478 3 1 75 20141003
3479 1 4 20141212
3480 18 3 3 15 20150226
3482 0 0 20150625
3483 61 37 99 17 20150710
3485 37 6 20140423
3486 7 21 20150108
3487 28 19 10 16 20150117
3488 0 73 20150609
3489 2 74 20150905
3491 1 50 76 20140801
3492 4 4 20150210
3493 35 6 20151027
3494 9 3 20151110
3496 1 113 20140825
3497 6 55 49 43 103 20150102
3498 24 33 43 20150418
3500 1 44 17 64 20140212
3501 1 33 20140325
3502 7 75 20140628
3503 37 0 3 16 20150823
3505 18 1 20150212
3507 3 57 20140920
3508 11 118 20141017
3509 16 3 20150505
3510 14 3 20151011
3511 21 21 20151130
3513 15 50 40 20140331
3514 37 135 20140710
3515 113 73 20140820
3516 6 56 20150822
3518 17 3 20140619
3519 1 68 20140621
3520 23 1 20150619
3522 6 73 20140118
3523 1 27 20141101
3524 2 101 4 1 20150103
3525 6 20 20150622
3526 18 17 20150627
3528 6 118 20140207
3529 29 65 20150304
3530 24 19 20150619
3532 128 13 20140324
3533 3 69 20140801
3534 8 50 81 37 73 20150215
3535 78 19 69 20150305
3536 18 50 20150730
3538 7 36 20140227
3539 26 25 20140328
3540 73 44 20150621
3541 2 29 17 21 3 13 11 20151119
3543 1 16 20140219
3544 17 6 20150321
3545 1 59 20150825
3547 37 31 20140104
3548 1 16 20140505
3550 102 43 20140409
3551 3 38 20140519
3552 0 25 3 17 131 113 20150124
3553 25 65 20150218
3554 15 73 20150516
3556 75 3 20141212
3557 18 99 20150426
3558 25 3 20150612
3560 0 125 20140827
3561 90 37 20140903
3562 12 51 20150625
3563 1 20 20150928
3565 1 1 20140724
3566 92 65 20150503
3568 123 31 20140210
3569 59 70 20140315
3571 38 150 20140920
3572 8 8 39 19 20150326
3573 1 7 20150513
3574 115 0 20151011
3576 1 51 20140629
3577 141 61 20140821
3578 3 6 20150222
3580 6 11 20140325
3581 95 16 64 20140607
3582 9 15 20150203
3584 39 117 135 20140602
3585 7 24 20140626
3586 56 48 43 64 20150714
3588 3 3 1 20140402
3589 28 50 20140902
3590 22 39 20150106
3592 26 72 43 20140109
3593 3 16 82 20140416
3594 21 23 20140610
3595 3 95 20140930
3596 37 4 20141225
3597 48 18 82 16 20150205
3598 26 9 20150502
3599 6 108 2 50 20151013
3601 41 24 20140219
3602 29 70 20150128
3603 24 17 20150403
3605 69 43 20140102
3606 95 16 20140212
3607 18 34 102 20140708
3608 28 153 1 20150606
3609 56 28 20151018
3611 4 23 20140830
3612 39 40 20141006
3613 9 19 20150129
3614 9 0 20150224
3615 19 23 20151004
3617 118 15 20140514
3618 6 75 20140921
3619 25 3 20150319
3621 19 136 20140401
3622 37 10 20140720
3623 72 32 20140723
3624 35 3 20150101
3626 50 31 20141022
3627 7 21 20151019
3628 2 1 15 17 20151025
3630 70 73 20141214
3631 22 57 17 20151021
3633 25 102 20140722
3634 7 2 20150327
3635 1 3 20150731
3637 1 48 20140326
3638 113 6 20140824
3639 74 43 20141129
3641 29 4 20140203
3642 21 37 20140918
3643 65 1 20150309
3644 8 24 20150930
3646 56 82 20140221
3647 24 4 20141223
3648 6 23 20150515
3650 57 17 20140103
3651 4 19 20140702
3652 1 26 20140821
3653 16 1 20150210
3654 19 3 20150226
3656 18 82 20140126
3657 2 110 20150205
3659 4 59 20140821
3660 55 14 20141119
3662 10 16 20140209
3663 22 16 20140522
3664 113 73 20150306
3665 1 65 59 20150315
3666 16 43 14 16 20150530
3667 21 9 20150922
3669 3 26 20140816
3670 18 34 20150628
3672 21 10 20140308
3673 18 6 20140628
3674 57 3 20150126
3676 124 17 3 20140104
3677 135 72 20140127
3678 1 27 5 20140325
3679 100 26 20140401
3680 11 43 20150123
3681 0 4 20150128
3683 18 16 20140101
3684 75 1 20140906
3685 20 17 20150106
3686 3 75 98 20150217
3687 44 22 20150220
3689 52 65 20140602
3690 11 16 20140619
3691 0 49 3 72 20140706
3692 6 103 20140802
3693 99 63 20150315
3694 18 1 20150512
3695 13 0 20150627
3696 17 107 20150904
3698 37 68 159 20140924
3699 18 102 20150224
3700 49 21 20151127
3702 95 159 20140204
3703 74 135 37 68 20140323
3704 103 98 20140820
3705 20 16 20150222
3706 0 3 20150506
3707 7 9 20150728
3709 1 44 49 20141122
3710 22 36 20150609
3711 30 122 16 20150719
3713 7 10 17 20141006
3714 7 118 20150524
3715 18 4 20150602
3716 93 3 20150817
3718 37 59 20140624
3719 107 63 20141126
3720 9 70 20150629
3722 114 1 134 20140329
3723 14 49 20141031
3724 0 6 20150109
3725 18 70 70 20150227
3726 9 3 20150328
3728 16 70 37 33 20140213
3730 24 37 20150127
3732 1 10 20140322
3733 0 17 20140330
3734 40 11 35 103 20140529
3735 18 50 20150208
3737 74 14 20140201
3738 4 1 20140625
3739 18 109 20140823
3740 3 15 20140915
3741 3 3 20150520
3743 13 17 20140115
3744 24 73 20140126
3745 4 68 57 5 20140219
3746 1 82 20141229
3748 1 24 20140522
3749 13 70 20140603
3750 2 73 20140913
3751 1 42 20150319
3752 6 73 20151009
3753 1 29 22 51 4 37 16 16 20151112
3755 82 164 20140115
3756 96 79 20141105
3757 7 56 20150321
3759 1 1 20140107
3760 18 43 20150126
3762 64 68 20140601
3763 6 73 20140921
3764 18 134 20150126
3765 3 3 62 14 137 31 20150221
3767 52 37 20140222
3769 17 1 20140722
3770 6 28 20150517
3772 24 19 20140219
3773 3 120 20140829
3774 0 7 44 4 73 1 137 153 33 20150529
3775 1 114 20150530
3776 18 3 8 26 23 16 37 1 20151025
3778 21 69 16 20140316
3779 17 70 26 20140414
3780 44 23 20140512
3782 18 16 20151114
3784 27 37 20140218
3785 3 70 20140803
3786 60 34 20150106
3787 18 66 24 20150608
3789 37 0 20150122
3790 20 17 20150513
3791 64 78 20151018
3793 1 73 20140805
3794 97 140 20141221
3796 23 48 20140211
3797 7 2 4 20140302
3798 0 26 114 73 20140730
3800 23 15 95 20150125
3802 137 37 20141211
3804 37 16 20140603
3805 1 114 20141018
3806 48 61 20150330
3808 60 50 114 20140314
3809 17 1 20140528
3810 37 31 20140603
3811 65 68 70 20140811
3812 83 135 20141012
3813 18 1 20150226
3815 3 3 20141117
3816 0 14 20150928
3818 157 70 20141122
3819 21 107 20150219
3821 44 75 94 20140509
3822 70 11 20140922
3824 13 73 4 20150203
3825 37 52 20150820
3827 4 4 20140429
3828 3 40 20141118
3829 18 59 20150226
3830 8 44 20150317
3831 56 3 107 20150605
3833 0 47 1 11 4 20150320
3834 13 73 20150404
3835 25 4 20150921
3837 127 52 20140222
3839 18 73 20141028
3840 16 98 20141218
3841 8 2 20151017
3843 63 44 13 20140416
3844 69 23 20140811
3845 24 21 20141219
3846 7 114 79 20150306
3848 50 37 20140701
3849 48 31 20140709
3850 23 4 20140910
3851 1 73 20141112
3852 25 3 20150529
3853 1 57 20150610
3855 16 68 20140509
3856 3 59 20140811
3857 8 15 20150812
3859 65 24 20140629
3860 8 17 20150110
3861 43 0 20151119
3863 56 17 37 31 20140117
3864 1 4 20140408
3865 3 17 20150302
3866 18 25 37 17 20150712
3867 94 7 20151007
3868 2 1 20151010
3870 16 37 20140528
3871 47 63 20140707
3872 28 14 20150202
3873 0 37 20150301
3874 22 128 20150418
3876 115 35 20140207
3877 34 76 20140720
3878 4 50 20150210
3880 4 34 20140405
3881 4 77 65 16 20140424
3882 37 10 20141110
3883 65 24 157 20150602
3885 12 17 49 20141019
3887 1 44 20140303
3888 23 4 20140902
3889 82 155 20141003
3890 15 37 141 20141129
3891 70 1 1 1 38 33 20150226
3892 50 75 49 3 20150326
3894 84 3 20140817
3895 17 4 20150203
3896 21 28 20150420
3898 1 1 20140417
3899 2 73 20140515
3900 28 1 20140901
3901 3 73 20141027
3903 1 26 49 20140821
3904 88 52 20140901
3905 73 0 52 33 20150417
3906 25 115 20150423
3907 22 137 20150928
3909 49 11 20140429
3910 38 4 17 20140603
3911 1 79 70 20150223
3913 1 4 20140627
3914 73 69 20141124
3915 18 1 20150819
3916 0 3 20150914
3917 18 3 20151008
3919 137 99 20140208
3920 15 50 20141006
3921 22 74 35 3 46 72 20150128
3923 7 11 1 20140102
3924 113 3 20140819
3925 79 13 20141030
3926 1 74 37 13 20141125
3927 4 11 20150206
3929 2 11 20141113
3930 12 3 20141130
3932 2 64 20140329
3933 147 72 20140413
3934 21 68 153 113 20140427
3935 5 90 20141220
3936 6 17 6 3 20150324
3937 18 88 16 20150628
3938 8 72 37 20150716
3939 57 2 20150816
3941 21 114 59 20140819
3942 44 37 20150509
3943 20 32 1 6 102 113 20150804
3945 0 70 20140802
3946 1 1 20150125
3948 1 49 20141006
3949 65 21 20150928
3951 96 36 20140818
3953 1 10 20140322
3954 70 11 20141227
3956 0 17 20140529
3957 59 46 94 20141216
3958 0 72 20150220
3959 25 44 20150225
3961 1 33 20140115
3962 94 49 20140212
3963 10 103 130 20140228
3964 82 43 20140304
3965 20 103 69 20140425
3966 37 65 23 20140617
3967 1 3 20141130
3968 8 19 20150212
3969 3 73 20150418
3971 69 10 20140428
3972 24 69 20150215
3973 57 63 20150225
3974 1 39 23 17 20150302
3975 41 17 20150320
3977 22 23 20140603
3978 4 105 20141211
3980 4 23 20140510
3981 36 2 20140606
3982 29 118 20140607
3984 84 113 20140806
3986 63 68 20140220
3987 24 69 82 20150213
3988 2 75 11 20150508
3989 0 68 20150613
3990 22 55 20150620
3992 19 1 100 19 20140811
3994 127 2 20150423
3995 9 31 20150719
3996 4 8 72 2 128 20150930
3998 4 1 20140307
3999 17 157 20140626
4001 37 10 3 69 20140614
4003 49 3 20150701
4005 67 11 20140227
4006 1 69 20140604
4007 56 72 137 83 20140611
4008 1 21 20140702
4009 16 4 20140921
4010 9 65 82 20150206
4011 23 59 20150417
4012 22 135 20150518
4013 3 2 13 20150701
4015 6 33 20140103
4016 22 26 69 20140626
4017 43 37 83 20140809
4018 7 10 20150615
4020 1 38 20140411
4021 17 70 20140720
4022 8 17 20150616
4024 22 23 20150131
4026 10 43 20140608
4027 3 133 54 20140810
4028 43 144 20140915
4029 17 82 79 20141126
4031 10 49 20140215
4032 43 11 114 20141212
4033 37 44 20150218
4034 39 37 20150505
4035 12 135 20150617
4037 45 43 20140203
4038 44 37 20140214
4039 4 17 20140414
4040 25 23 20141110
4041 10 64 20141115
4042 9 37 20150502
4044 65 91 20141130
4045 58 60 20150204
4046 97 17 20150418
4047 13 3 20150609
4048 1 92 20150705
4050 16 68 20140315
4051 16 11 20140711
4052 73 13 20140716
4054 0 35 20140320
4055 1 43 20140615
4056 106 82 36 23 20150615
4057 6 16 20150719
4058 21 3 20150720
4059 56 37 20151003
4061 100 70 20141026
4062 73 124 20150815
4064 7 68 20140211
4065 44 69 20140812
4066 7 60 78 20150409
4067 57 44 20150502
4069 39 1 74 20140111
4070 60 24 20141107
4071 19 43 20150125
4072 22 3 20150226
4074 107 1 68 20141127
4075 72 59 82 20141206
4076 22 3 20150503
4078 17 37 20140114
4079 39 27 20140813
4080 0 13 20150129
4081 44 8 82 2 114 20150508
4082 18 43 20150912
4084 63 4 20141020
4086 18 16 20140530
4087 1 152 20141022
4089 9 73 98 20140423
4090 2 82 20140729
4091 3 16 133 20140816
4092 6 70 20141011
4093 1 22 20150518
4094 25 28 20150526
4096 21 113 20140520
4097 82 95 20140709
4098 3 62 20140808
4099 3 1 20150504
4100 4 49 20150919
4102 0 61 20140119
4103 110 68 20140225
4104 1 19 20140824
4105 2 1 20141115
4106 26 94 20150707
4107 1 53 20151006
4109 4 11 20140622
4110 44 73 20140906
4111 60 58 20140930
4112 20 16 20150214
4113 9 26 43 20150410
4114 1 18 20150518
4116 24 70 20140816
4117 1 97 20150301
4118 50 0 2 58 123 20150305
4120 20 4 20140509
4121 6 10 20150217
4122 72 17 20150416
4124 16 16 20141016
4126 48 68 20140415
4127 25 153 20140527
4128 44 118 20141001
4130 18 3 20140218
4131 16 62 20140421
4132 69 1 20140712
4133 7 57 20150213
4135 56 69 20140820
4136 4 68 20141013
4138 73 127 20140226
4139 43 33 94 59 20140417
4140 6 88 20140512
4141 21 18 59 17 38 20150128
4142 7 68 20150320
4143 113 0 17 34 20150322
4144 2 63 20150704
4145 3 71 3 20150929
4147 88 37 20140222
4148 21 75 20140511
4149 4 74 20150306
4150 1 1 20150517
4152 4 70 20140525
4153 65 143 20140815
4154 0 38 20140819
4155 13 19 20150121
4157 51 24 20140112
4158 10 31 20140805
4159 28 49 20150310
4161 4 114 20140527
4162 31 22 20150316
4163 28 3 113 20150408
4164 18 104 20150719
4165 1 28 20150810
4166 49 4 57 23 20151011
4167 39 16 113 20151104
4169 100 17 20140131
4170 151 69 95 20141224
4171 37 3 20150422
4172 21 1 20150616
4174 35 153 20140213
4175 63 1 20141012
4176 3 72 20141223
4178 149 49 20140220
4179 20 43 20140603
4180 159 48 20141027
4181 65 3 20150502
4182 4 70 20150915
4183 9 130 20151217
4185 20 15 20140121
4186 70 11 20140222
4187 44 37 4 20141025
4189 121 69 20140104
4190 4 40 20140105
4191 20 112 13 20140428
4192 28 17 20140613
4193 73 9 20150518
4195 22 2 20140502
4196 21 27 20140817
4197 58 17 20141021
4199 24 68 20140124
4200 37 27 20140222
4201 114 124 20140628
4202 16 84 20140928
4203 37 3 49 20150323
4204 2 52 20150809
4206 48 17 20140211
4207 0 1 20150121
4208 3 8 43 1 23 20150306
4209 26 15 20150425
4211 37 73 20140301
4212 3 37 20140804
4213 19 45 20140904
4214 52 48 20150115
4216 1 21 20140321
4217 21 23 52 20140329
4218 2 37 19 20140514
4219 49 11 20150708
4220 63 48 20150717
4222 4 37 125 118 20150407
4224 21 100 20140618
4225 21 37 20140826
4226 69 4 20141009
4227 6 37 20150104
4228 29 1 20150630
4229 70 37 20150909
4230 17 44 20151024
4232 7 19 94 20141104
4233 13 94 20141212
4234 22 21 20150211
4236 63 137 17 79 20140514
4237 124 10 20140613
4238 69 60 20141014
4239 8 1 20150318
4241 63 17 113 20140203
4242 3 127 20140604
4243 18 50 20140614
4244 57 36 20150628
4245 39 1 20150818
4247 70 13 20140626
4248 48 3 20141216
4249 18 37 20150919
4251 72 73 20140321
4252 49 16 20140622
4253 17 136 34 71 20150924
4255 4 43 123 68 20140620
4256 164 70 20140821
4257 21 69 20150705
4259 95 26 20140530
4260 118 74 20141224
4262 1 26 20140108
4263 3 79 20140224
4264 4 24 20141030
4265 2 43 20141230
4266 26 8 8 49 10 69 34 19 37 20150301
4268 12 159 20140526
4269 18 62 26 20150418
4270 70 15 20150726
4272 10 23 20150101
4273 24 24 50 12 33 134 20150331
4274 1 24 40 20150922
4276 0 1 51 20140311
4277 36 17 20141114
4278 22 59 20150527
4280 23 44 49 20140413
4281 15 131 20140826
4282 20 0 48 17 37 20150328
4284 1 70 20140718
4285 27 21 74 4 20150502
4287 37 39 20150121
4289 3 44 20140607
4290 7 37 20150510
4291 22 3 20150707
4293 17 99 37 72 20140402
4295 0 72 20140121
4296 6 19 20140725
4297 8 21 20150404
4298 1 65 20150411
4299 18 12 20150618
4301 0 53 20140112
4302 3 19 58 37 130 43 20140403
4303 4 3 20140530
4304 7 55 20140916
4305 2 144 20141006
4306 3 5 20141111
4307 68 130 20150210
4309 114 17 20140201
4310 17 81 20141128
4312 24 0 43 20140411
4313 3 49 4 70 20140506
4314 28 3 20150219
4316 126 52 20140128
4317 3 70 79 20140531
4318 99 3 20150414
4320 17 49 20140314
4321 1 124 1 20140324
4322 24 3 79 20140610
4323 25 34 20140729
4324 43 3 17 20141109
4325 35 76 20141206
4326 19 0 4 20150212
4328 99 26 113 19 20140128
4329 68 10 48 20140130
4330 7 70 20140831
4331 0 13 20141129
4332 3 4 20150223
4334 8 58 20140802
4335 48 16 20141027
4336 22 68 20150131
4337 8 18 20150208
4339 34 1 20141007
4340 2 44 14 48 18 127 4 17 3 44 43 20150712
4341 50 18 1 72 20150827
4342 18 17 20150921
4344 8 24 37 20140108
4345 18 23 20150906
4346 18 11 5 20151109
4348 23 11 20140120
4349 3 1 20140906
4350 16 3 20150813
4351 1 59 20150828
4353 134 58 74 10 20140403
4354 8 3 20141107
4355 37 3 20141230
4356 16 0 20151001
4358 128 23 20140107
4360 21 68 20140125
4361 0 4 20140715
4362 90 24 20140726
4363 17 6 20150430
4364 56 18 79 55 74 48 20150808
4366 18 44 79 20150127
4367 9 44 20150506
4368 52 55 92 59 153 17 74 20150730
4370 21 17 10 17 20140112
4371 11 52 80 20140410
4373 10 1 20150124
4374 38 4 20150409
4376 18 17 139 20140709
4378 79 1 20140220
4379 26 17 20140522
4380 8 16 20150129
4382 1 74 37 63 20140303
4383 3 73 20140507
4384 16 33 34 20141024
4386 1 4 76 20150502
4387 24 11 20150609
4388 9 6 20150913
4390 2 37 53 20140816
4392 4 20 20140129
4393 59 61 20140811
4394 37 19 20141122
4396 1 10 20140317
4398 99 37 20140727
4399 21 49 11 20150114
4400 56 57 54 20150204
4401 44 63 70 20150506
4402 52 23 20150718
4403 0 94 99 43 20150828
4405 59 16 20140626
4406 1 19 37 20140702
4407 37 73 20140713
4408 36 82 20141118
4409 68 114 20141215
4410 18 56 20150613
4411 8 49 20150628
4413 44 127 20140130
4414 74 2 21 133 20140221
4415 3 25 64 75 20140328
4416 17 37 17 20140523
4417 16 70 114 20140712
4418 1 49 20150611
4420 33 63 20140504
4421 35 13 20141027
4422 17 4 20150923
4424 3 58 20140707
4425 22 16 16 20141204
4426 1 103 118 20141217
4428 4 26 20140123
4429 18 10 20140218
4430 72 58 20140411
4431 3 37 20140519
4432 48 99 4 20140727
4433 64 3 20140826
4434 23 34 20150304
4436 6 75 20140111
4437 24 38 21 21 15 20150521
4438 8 4 20151018
4440 37 44 20140613
4441 26 60 20140730
4442 18 58 20140804
4443 0 64 71 20141213
4444 6 74 20141221
4446 11 19 20141108
4447 1 69 34 20141130
4448 4 1 3 20150422
4449 28 139 20150703
4451 18 0 4 20150324
4452 28 15 20150717
4454 127 112 20140522
4455 1 54 20140822
4456 22 7 20140930
4457 6 31 20150106
4458 7 84 16 10 120 64 20150321
4459 20 59 20150723
4461 21 69 4 20140530
4462 4 69 20141209
4463 53 70 20150512
4464 18 23 20150827
4466 2 35 20140127
4467 0 37 20140825
4468 11 17 4 74 20150401
4470 31 1 20140511
4471 11 38 20141111
4472 49 51 72 20150208
4474 20 70 20140419
4475 37 98 20140425
4476 15 61 20140919
4477 59 74 23 49 20141031
4478 7 74 20141107
4480 17 2 20150117
4482 114 48 20140215
4483 87 17 20140306
4484 45 17 103 20140530
4485 73 95 20141010
4486 63 3 135 20141012
4488 6 64 20140424
4489 62 60 20140712
4490 17 1 11 20140803
4491 19 49 20150106
4492 5 6 20150811
4494 1 4 20141022
4496 1 1 16 20140404
4497 3 4 20150406
4499 3 15 20140119
4501 2 114 20140319
4502 1 19 20140503
4503 7 73 20140512
4504 18 13 20150116
4505 6 17 20150427
4507 1 72 20140508
4508 122 68 20140703
4509 1 68 20141116
4511 2 34 74 20140604
4512 20 4 20140727
4513 1 70 20140913
4515 1 38 17 11 20140212
4516 1 26 20140928
4517 0 2 20150601
4518 8 17 20150822
4519 0 14 20150926
4520 13 45 20151004
4522 52 70 20140220
4524 17 58 20140309
4525 90 58 20140814
4526 4 69 1 62 20150403
4527 43 37 24 20150914
4529 6 71 20140124
4530 0 114 49 20140130
4531 6 50 43 20140603
4532 3 44 20140628
4533 25 35 20141105
4534 1 37 20150224
4535 39 145 20150430
4536 17 1 70 20150605
4538 21 52 20140316
4539 16 1 20140511
4540 114 133 20140905
4541 56 2 20150706
4543 1 94 20140419
4544 6 68 33 20141127
4545 21 73 20150226
4547 4 113 43 20140222
4548 49 35 1 21 20141120
4549 24 21 37 20150214
4550 2 65 94 56 102 21 16 73 20150414
4551 28 59 3 72 64 20150419
4553 6 114 20140416
4554 88 4 20141212
4555 0 1 20150421
4556 95 50 20151108
4558 36 34 20140903
4560 49 24 76 20140722
4561 3 26 4 20141017
4563 15 19 20140319
4564 19 0 34 20140326
4565 3 26 20150320
4566 37 33 162 20150502
4568 82 70 20140306
4569 3 70 20140504
4570 37 16 20140606
4571 3 125 20141024
4573 52 16 20140530
4574 1 43 20140707
4575 18 134 68 20140729
4576 44 43 20140804
4578 56 78 20140227
4579 32 73 20141117
4580 15 12 20150717
4581 64 69 20150922
4583 24 4 20140110
4584 21 43 10 20140513
4585 126 102 20150214
4587 0 37 20140709
4589 17 69 20140929
4590 58 37 20141123
4591 57 65 20150127
4592 55 67 73 20150520
4593 39 38 20150628
4594 18 21 20151014
4596 8 95 4 20150114
4597 56 91 20150328
4598 23 60 20150529
4600 23 70 20150509
4601 18 48 20150516
4602 2 16 20150613
4604 47 3 20140206
4605 1 1 1 68 20140208
4606 64 88 20140810
4607 18 23 11 50 20150518
4608 28 19 20150801
4610 57 52 20140303
4611 13 26 20140719
4612 2 19 72 20141211
4614 135 50 20140128
4615 55 32 20140202
4616 4 116 20141124
4617 99 67 17 118 37 1 20150914
4619 7 1 74 37 20140606
4620 70 95 20140909
4621 37 63 50 113 20150109
4622 3 2 20150111
4624 23 72 93 20140304
4625 37 79 20140402
4626 37 3 13 20140422
4627 6 61 20140615
4628 71 102 20150109
4629 22 20 20150320
4630 114 2 1 7 17 20150718
4632 0 4 20141216
4634 28 19 20150101
4635 50 4 20150122
4636 18 39 20150409
4637 49 4 20151012
4638 22 79 75 20151027
4640 56 0 17 137 20141001
4641 56 32 20141002
4642 36 37 20150131
4644 113 16 20140326
4645 6 13 20140801
4646 73 23 20140818
4647 23 69 20150121
4649 24 17 37 20140202
4650 21 23 20140217
4651 55 1 20140804
4652 141 121 20140822
4653 6 17 20150122
4655 4 23 20140110
4656 18 17 135 20140424
4657 22 4 20140802
4658 135 70 19 82 20141006
4659 67 99 20150617
4660 50 1 20150620
4662 3 63 20140906
4663 16 73 20141022
4664 9 6 29 1 120 59 52 72 20150525
4666 17 24 20141103
4667 113 3 20141115
4668 18 12 20150711
4669 37 16 20150722
4671 10 43 20140314
4672 82 74 20140617
4673 70 95 20140721
4674 48 42 20141115
4675 99 28 20150619
4676 15 75 4 20150815
4678 1 70 20140420
4679 20 26 20140610
4680 11 25 20140624
4681 57 1 20150920
4682 18 39 75 113 20151121
4684 3 68 20140124
4685 58 34 20140202
4686 69 69 82 11 20140321
4687 13 4 20140927
4688 0 127 20150301
4689 52 17 4 27 20150315
4690 17 0 20150331
4691 8 44 7 73 20150502
4692 0 21 64 17 4 20150809
4694 37 70 20140926
4696 3 74 20140122
4697 34 16 20140526
4698 32 69 20150724
4699 3 17 20150801
4700 18 22 20151005
4702 43 113 20140217
4703 56 10 20140617
4705 19 40 20140227
4707 4 127 20140317
4708 23 94 20140523
4709 136 37 20140816
4710 29 73 10 20141102
4711 9 70 20141226
4713 73 130 20140130
4714 18 37 74 20150107
4716 53 70 118 20140127
4717 100 17 113 20140219
4718 11 50 20140421
4719 0 73 20140930
4720 9 74 137 20150115
4721 15 55 20150416
4722 26 25 61 20150614
4723 18 3 20150730
4725 17 58 20140919
4726 63 22 20150816
4728 124 43 20140618
4729 20 50 20141112
4730 16 1 6 6 61 160 20150126
4731 16 3 88 17 14 20150228
4733 50 61 103 20140816
4734 26 12 16 23 20150418
4735 4 24 20150817
4737 1 3 20140224
4738 1 29 118 20140618
4739 2 70 20140712
4740 37 96 150 16 20141004
4741 34 49 12 16 20141110
4742 20 1 20150316
4743 3 16 20150708
4745 37 113 20140121
4746 21 31 20140227
4747 10 93 20140530
4748 17 17 20140706
4749 49 1 20140707
4750 7 1 20150126
4752 53 1 20140322
4753 106 11 20141223
4754 0 78 20150424
4755 78 56 103 49 43 20150805
4757 6 14 80 155 20140324
4758 2 10 20140731
4759 1 24 20150930
4761 20 49 68 20140101
4762 4 70 20150226
4764 1 90 46 20140111
4765 17 69 118 26 20140826
4766 0 92 20150309
4767 27 0 17 52 20150901
4769 18 23 20140429
4770 4 122 20140627
4771 3 50 20141223
4772 6 10 20150427
4774 4 59 69 20140921
4775 9 95 20150206
4777 37 43 20140306
4778 1 70 20140824
4780 50 21 20140503
4781 10 114 20141111
4782 2 22 18 50 39 37 50 17 1 20150311
4783 17 1 20150407
4784 9 7 82 102 20150506
4785 8 16 61 20150621
4786 1 13 130 20150810
4787 3 18 75 4 20151020
4789 23 133 20140119
4790 18 79 20140131
4791 7 1 99 20150301
4792 10 3 17 20150611
4793 1 14 20150826
4795 0 65 20140204
4796 70 38 20140505
4797 7 39 20140525
4798 2 16 20141222
4799 25 12 139 20150824
4801 6 65 20140114
4802 36 1 20140413
4803 6 1 20140526
4804 23 40 20140803
4805 3 68 20141011
4807 117 1 1 20140204
4808 49 1 20141111
4809 0 18 20 107 78 68 20150617
4810 8 4 20151019
4812 6 21 20140511
4813 6 59 49 6 20150224
4814 0 2 20150406
4816 6 4 20140508
4817 44 2 20150326
4819 65 33 73 20141003
4820 19 16 20150803
4821 28 124 20150914
4823 92 37 20140507
4824 10 115 20140718
4825 75 17 20141203
4826 3 1 20150418
4828 79 19 20140122
4829 0 33 20140702
4830 56 1 1 17 20141001
4831 18 9 20150205
4832 9 14 43 60 20150220
4834 3 37 20140511
4835 22 48 94 20140926
4836 4 68 20141017
4837 7 10 20141222
4838 21 17 37 70 72 70 20150105
4839 17 69 43 20150722
4840 22 24 20150909
4841 81 7 20151003
4843 37 37 20140108
4844 102 17 20140608
4845 0 1 20150426
4847 7 17 20140621
4848 3 70 20151216
4850 80 49 10 20150307
4852 73 113 61 20140720
4853 3 48 57 70 20141101
4854 7 21 20150218
4855 21 10 74 10 20150424
4857 28 35 20150306
4859 1 26 110 20141009
4860 18 1 20141122
4861 65 90 20150612
4863 38 81 20141209
4864 7 23 20150606
4866 3 11 20140221
4867 6 44 20140611
4868 36 39 10 20141019
4869 63 1 36 20141211
4871 57 118 20140415
4872 47 73 20140717
4874 23 19 20140208
4875 25 11 4 20140306
4876 70 18 20151112
4878 113 23 20140111
4879 55 114 20140821
4880 19 1 20141123
4882 0 11 20140406
4883 18 73 27 20150429
4884 53 68 20151007
4886 48 43 43 23 20150103
4887 9 90 20150130
4888 37 22 44 80 20151004
4890 81 37 20140217
4891 43 10 20141230
4892 18 67 20150228
4894 7 4 20140224
4895 1 2 20140331
4896 9 73 20140522
4897 37 3 20150123
4898 49 1 20150801
4900 56 68 20140207
4901 11 13 20140521
4902 90 43 20140902
4903 9 103 20150117
4904 9 19 20150121
4906 3 3 20140225
4907 1 73 20140303
4908 19 43 20140730
4909 64 69 10 20140903
4910 3 17 23 20141002
4911 23 82 20151029
4913 18 103 20140325
4914 25 51 20140331
4915 1 2 20140818
4916 1 22 4 20150903
4918 26 11 20141222
4919 2 37 39 20150625
4920 21 0 20150909
4921 23 9 12 0 12 45 67 34 20151111
4923 68 50 20151002
4925 2 114 20140603
4926 26 3 20150510
4928 61 1 20140711
4929 70 157 30 89 20140804
4930 56 50 20140825
4931 98 129 20140901
4933 9 3 20140204
4934 1 1 20140411
4935 3 19 20150209
4936 20 17 30 35 122 37 55 10 20150510
4938 10 74 20140809
4939 7 37 20151202
4941 65 103 20140210
4942 79 31 20140222
4943 17 17 3 75 20150323
4944 18 70 20150607
4945 73 4 20150630
4947 157 49 20140806
4948 2 73 20140901
4949 44 144 20140912
4950 4 99 20141021
4951 37 50 20141117
4953 117 52 20141011
4955 22 74 20140414
4956 65 73 20140621
4957 43 27 20140624
4958 73 19 20141026
4959 24 153 43 23 77 17 20150428
4961 130 72 63 20140710
4962 9 36 37 20150424
4964 22 99 100 20140513
4965 12 120 20140727
4966 18 153 20151008
4968 14 4 20140513
4969 37 11 20140812
4970 18 35 20150223
4971 56 60 20150711
4973 67 99 20140208
4974 2 43 20140513
4975 150 31 20141205
4976 4 12 20150416
4978 75 19 130 20140123
4979 24 73 20141018
4980 1 1 23 20141221
4981 18 98 20150411
4983 17 70 20140301
4984 21 1 20140711
4985 70 1 68 20140922
4986 8 1 20150824
4988 7 43 20140825
4989 20 73 20141110
4990 28 22 37 20150411
4992 1 76 94 43 20140226
4993 70 70 20140405
4994 0 63 20140726
4995 1 95 20141018
4996 162 122 20141029
4997 4 113 59 70 20150809
4999 118 19 20140419
5000 100 44 20140827
5001 49 1 20150111
5003 4 95 11 20140811
5004 21 2 3 24 20150211
5006 73 70 20140924
5007 34 61 11 17 20141123
5008 98 1 20150224
5010 102 25 20140303
5011 133 18 0 3 20151011
5013 2 21 20140614
5014 0 48 20150203
5015 37 113 20150227
5016 17 49 4 17 34 20150804
5018 9 4 20150130
5019 24 26 20150212
5020 57 4 49 24 20151106
5022 1 69 20140205
5023 24 36 20150128
5024 130 18 105 13 20150428
5026 17 68 20140710
5027 3 51 20140831
5028 18 153 20141003
5029 18 21 20150320
5030 0 99 20150609
5032 95 17 20140606
5033 2 113 103 20140818
5034 53 13 20141004
5035 1 2 20141017
5037 3 64 20140827
5038 72 9 20150123
5039 6 24 114 13 76 20150410
5041 1 16 20140721
5042 19 17 20140906
5043 22 1 20140924
5044 22 52 20141214
5045 9 1 43 20150218
5046 49 9 77 44 20150306
5047 6 70 59 20150322
5048 69 18 18 22 6 17 35 3 20150408
5049 9 4 20151003
5051 68 13 20141210
5053 50 67 20150828
5055 9 4 20140421
5056 9 4 20150131
5057 2 20 10 17 20150202
5058 7 24 23 1 20150615
5060 2 36 3 20141224
5061 18 20 22 99 1 37 127 17 20150501
5062 73 37 20150930
5064 102 37 70 118 20140203
5065 60 1 20140428
5066 1 69 20141017
5067 24 3 20141118
5068 8 1 20150207
5070 27 118 20140424
5071 0 44 20140724
5072 58 72 20141211
5073 28 4 20150803
5075 18 23 70 20150105
5077 21 113 20140610
5078 100 43 20141112
5079 22 52 20150210
5080 6 34 20150316
5082 22 59 20140904
5083 37 23 20150224
5085 1 49 20140108
5086 25 114 20140512
5087 47 1 20150401
5089 24 49 20140208
5090 25 23 20140215
5091 44 18 69 118 20150209
5093 22 1 20150623
5094 18 44 20150707
5096 1 43 20141122
5097 26 68 20150515
5099 7 36 72 20140506
5100 13 3 20140714
5101 18 160 20150629
5102 17 52 14 20150830
5104 22 1 1 20140721
5105 43 70 20140829
5106 1 13 20150402
5108 37 70 20140201
5109 17 27 20140527
5110 3 2 20140731
5112 79 131 20140326
5113 79 10 20140803
5114 1 45 20140925
5115 9 70 20141215
5116 6 10 20150211
5118 13 118 20140428
5119 69 34 20140930
5120 19 18 4 16 20150305
5121 52 6 63 35 20150313
5122 4 14 20150509
5124 106 40 20140726
5125 18 2 20150407
5127 3 70 20141014
5128 0 100 20141218
5129 36 2 20150504
5131 21 27 20140817
5132 74 73 20150122
5134 3 22 20140605
5136 18 0 20150502
5138 11 4 13 20140628
5139 79 7 20150322
5141 20 32 20140101
5142 41 11 20140123
5143 37 49 20140529
5144 8 35 20150930
5146 57 21 95 20140417
5147 24 59 20141220
5148 18 49 20150610
5149 3 24 70 20151028
5151 3 1 20140709
5152 72 65 20150402
5153 103 1 29 88 24 25 118 20150918
5155 0 70 20141018
5156 24 59 20150105
5158 23 73 61 20140226
5159 21 3 20140301
5160 39 26 20141122
5161 13 21 20150405
5162 50 65 20150410
5164 4 61 20140107
5165 84 26 20140327
5166 74 27 20140614
5168 3 48 20140818
5169 4 1 113 11 122 20150204
5171 118 113 20140508
5172 26 4 91 20140625
5174 82 70 20140421
5175 49 24 20140802
5176 52 19 20150401
5177 3 1 102 20150604
5178 50 20 20150907
5180 37 37 20140430
5181 114 4 20140516
5182 1 34 20140523
5183 9 74 20141105
5184 3 1 20141210
5186 2 1 20140425
5187 1 79 20140604
5188 2 55 20141202
5190 2 35 1 4 20150406
5192 28 73 20140913
5193 6 1 20150418
5195 10 13 20141216
5196 6 3 20150404
5197 18 35 20150518
5198 18 51 49 16 20151204
5199 48 48 34 45 68 20151213
5201 20 49 20140424
5202 2 4 37 20140518
5203 16 37 20140621
5204 73 52 20140910
5205 24 21 20141027
5206 3 134 20141125
5207 21 21 20150611
5209 20 1 20140519
5210 2 4 20140626
5211 1 1 20140721
5212 69 104 20141002
5213 37 55 40 20150520
5214 25 20 20150706
5216 27 1 65 17 20150129
5217 0 1 11 1 20150405
5219 4 70 20140121
5220 81 15 20140131
5222 1 69 37 151 20140210
5223 11 59 20140620
5224 23 1 20141025
5225 20 82 20141113
5226 9 17 20150205
5228 37 4 70 20140408
5229 1 6 20150321
5231 39 25 19 20140131
5232 79 50 20140226
5233 94 37 91 20140304
5235 70 59 20140120
5236 12 23 20140222
5237 1 88 20150116
5238 17 4 20150531
5239 3 26 20150703
5240 67 65 20150830
5242 1 6 20150209
5244 28 1 19 20140108
5245 9 21 1 4 20150809
5247 124 137 20140310
5248 127 15 70 20140314
5249 8 74 20150410
5250 7 3 20150511
5251 3 21 20150618
5252 17 28 3 37 3 43 149 24 20151101
5254 15 11 23 69 20140216
5255 17 17 119 20150215
5257 18 50 20140612
5258 18 20 20150308
5260 4 74 5 23 20140825
5261 71 0 43 20150817
5263 17 43 20150416
5264 28 0 20150929
5266 81 122 20140413
5267 1 17 75 20141008
5268 1 59 20141205
5270 7 73 20140108
5271 11 49 20140216
5272 69 19 20140917
5273 49 37 95 9 1 1 24 44 37 20150629
5275 6 7 20150222
5277 107 0 20150110
5278 1 35 20150216
5279 58 69 4 20150821
5281 65 49 20140403
5282 61 59 20140502
5283 44 94 20140521
5284 7 63 27 20150127
5285 0 114 20150408
5287 48 34 20140518
5288 18 137 20150125
5290 1 74 37 20141230
5291 6 17 20150905
5293 69 128 20140531
5294 106 74 37 44 20150329
5295 28 4 20150509
5296 70 1 20150521
5297 9 99 20151027
5299 3 4 48 20140412
5300 4 21 17 20150411
5301 16 21 20151006
5303 10 64 20140302
5304 127 4 20141129
5306 18 13 20141215
5307 8 11 20150124
5308 0 9 114 20150728
5310 24 118 20140304
5311 59 11 20140815
5312 75 65 20140823
5313 18 17 23 20150304
5314 3 3 20150620
5316 127 55 20141206
5318 4 43 20140214
5319 50 1 20140405
5320 82 141 20140627
5321 27 70 20140920
5323 8 40 20140413
5324 95 100 20150824
5325 35 3 20150928
5327 6 37 20150314
5328 22 52 20150529
5329 0 128 60 20151018
5331 7 68 20140525
5332 0 71 20140603
5333 0 103 20150619
5335 14 53 20150124
5336 17 40 20150326
5337 52 1 20150410
5338 6 16 55 4 20150710
5340 40 1 37 68 20140117
5341 1 1 20140228
5342 72 17 20150629
5343 9 70 20150718
5345 20 69 20140831
5346 34 70 20140927
5347 57 75 20141028
5348 37 37 20141217
5349 63 3 153 20141219
5350 3 73 20150118
5351 6 24 20150608
5352 8 17 20150821
5354 4 34 11 20140127
5356 52 99 20140608
5358 4 16 20140921
5359 50 34 20150108
5361 4 73 20140117
5362 49 44 20140531
5364 70 113 20140603
5365 37 133 20140622
5366 4 17 20141116
5368 73 37 20140102
5369 18 74 20141113
5371 72 10 20140103
5372 68 151 20140429
5373 2 17 20150630
5375 2 96 95 20150408
5376 72 37 20150513
5377 41 1 20150715
5378 8 90 3 59 20150923
5379 28 39 20151023
5381 69 17 20140530
5382 61 60 20140922
5383 16 13 20141013
5384 37 79 20141211
5385 28 17 20150909
5386 23 77 10 69 44 135 20151115
5388 23 70 34 20141002
5389 6 24 20150518
5390 18 74 20150707
5391 2 13 19 20150920
5393 56 11 20150130
5395 12 102 20140131
5396 21 141 20140319
5397 1 25 20140420
5398 75 68 20140910
5399 1 1 20150904
5400 21 65 20151024
5402 43 82 20140109
5403 16 74 20140625
5404 4 79 20140705
5405 79 70 20141015
5406 103 70 20141119
5407 110 1 20141218
5409 3 49 20140530
5410 70 68 20141112
5411 0 31 20141207
5413 48 1 45 20140525
5414 20 51 20140905
5416 44 133 20140413
5417 21 64 20141017
5419 37 11 20140302
5420 55 4 20140817
5421 3 24 1 20141113
5422 17 6 20150618
5424 65 16 75 20140312
5425 16 127 135 13 20140502
5426 18 77 24 110 82 44 49 24 20150324
5428 53 4 20140209
5429 37 4 37 20140408
5430 69 118 20140509
5431 21 17 20140619
5432 50 107 20140910
5433 38 62 20150717
5435 37 50 135 34 20140203
5436 37 141 20140425
5437 23 27 20140508
5438 11 49 20141015
5439 0 0 37 79 20150106
5440 1 16 20150511
5442 11 127 20140425
5443 1 39 21 70 20150312
5444 8 95 49 20150526
5446 8 63 20140602
5447 1 21 20141108
5448 42 37 20141124
5449 16 70 20141218
5450 56 4 20150418
5452 21 57 4 20140701
5453 28 1 20140702
5454 1 64 68 55 20141114
5455 22 23 20150117
5456 25 0 0 70 120 17 17 120 121 20151003
5458 30 24 20140820
5459 1 63 20150411
5461 72 37 20150303
5463 14 1 84 20140209
5464 67 82 20140610
5466 2 118 20150810
5468 7 58 20140825
5469 2 13 20140930
5470 19 3 20141027
5471 74 74 20141214
5472 24 136 55 57 20150519
5473 7 9 43 152 13 20150703
5474 118 4 20150921
5475 57 4 20150924
5476 3 35 20151022
5478 24 161 118 20140723
5480 49 43 113 20140523
5481 6 6 16 23 20150815
5483 1 98 20140817
5484 56 2 20150125
5486 10 23 20140721
5487 6 114 20140805
5488 3 14 20150308
5489 1 70 17 24 20150424
5490 69 6 72 20150930
5492 0 37 20141204
5493 22 49 1 69 20150619
5495 17 120 24 5 20140405
5496 25 36 20141022
5497 40 20 1 20141129
5499 45 70 20150324
5501 9 2 20140913
5502 33 50 20141011
5503 103 43 11 20150216
5504 4 9 70 58 20150703
5506 25 73 16 20140101
5507 0 74 20140524
5508 23 114 20140902
5510 37 16 73 20140301
5511 0 17 64 20140329
5512 43 33 20150307
5514 55 59 20140218
5515 3 82 20140520
5516 21 70 20141122
5517 110 50 20150302
5518 18 102 20150907
5520 3 95 20140207
5521 24 3 50 23 20140602
5522 118 49 20140816
5523 0 57 15 68 20141113
5524 6 55 20150318
5525 48 16 20150524
5527 95 23 49 20140531
5528 1 65 20140814
5529 37 13 20140924
5530 37 17 20141110
5532 23 58 20140511
5533 44 118 20140629
5535 43 68 20141217
5537 4 113 20140709
5538 0 24 20140726
5540 0 16 102 20140322
5542 113 15 103 70 20140817
5543 65 25 20141219
5544 127 102 20150402
5546 0 14 20150601
5547 34 1 23 79 20150721
5548 24 133 20150810
5550 118 2 72 20140525
5551 1 20 20141023
5552 6 114 20150306
5553 8 148 42 3 68 82 17 37 20150408
5554 26 75 73 15 20150620
5555 3 68 20150824
5557 15 43 20140114
5559 21 50 20140102
5560 9 60 20140109
5561 4 24 20140609
5562 70 37 121 20140822
5563 44 63 20140907
5564 18 37 64 20150110
5565 19 17 20150222
5566 18 65 27 20151017
5568 7 16 20140628
5569 3 93 113 20140820
5570 28 0 37 20140905
5571 50 155 20141227
5572 3 62 20150513
5573 2 94 20150614
5575 28 1 20141223
5577 1 37 20140626
5578 37 70 113 20141020
5579 7 4 20141105
5580 7 10 13 35 113 69 20150705
5581 37 3 20150910
5582 71 17 4 1 20151109
5584 72 99 20140908
5585 56 6 20150526
5586 26 16 20150723
5587 0 44 1 3 20150725
5589 8 105 20140401
5590 69 1 25 20140503
5591 1 23 20141107
5592 1 35 20141206
5593 28 26 20150119
5595 1 74 20140625
5596 2 55 82 71 20140815
5597 1 17 17 4 20150424
5598 18 74 20150523
5600 37 102 26 20140303
5601 43 114 79 20140623
5602 0 17 19 70 20150410
5603 2 0 1 20150503
5605 35 16 20140520
5606 24 2 4 19 127 70 20150627
5607 4 34 20150825
5608 23 3 3 15 20151019
5610 52 3 20141120
5611 56 0 20150118
5612 19 23 20150131
5613 37 37 24 90 0 1 16 14 68 20150421
5615 6 37 20140629
5616 18 3 20140916
5618 0 3 20150209
5620 0 39 34 20140212
5621 56 68 20140301
5622 127 73 20140807
5623 125 62 20140912
5624 1 118 20141225
5625 7 3 20150330
5626 6 48 20150806
5628 19 3 20140605
5629 49 37 20140913
5631 57 3 20140507
5632 51 99 26 20141110
5633 23 32 20141229
5634 112 10 20150606
5636 7 102 20150116
5638 1 37 20140526
5639 1 3 20140907
5640 11 26 20141113
5641 108 19 20141210
5642 24 23 20150122
5643 6 1 20150415
5644 28 4 157 20150702
5646 4 13 20140503
5647 37 3 74 20140722
5648 15 17 20140807
5649 3 59 20141023
5651 55 16 20140216
5652 3 48 20140826
5653 1 4 20150720
5655 57 1 20141119
5656 21 95 20150414
5658 64 73 20140214
5660 21 17 42 20140124
5661 37 17 20140510
5662 13 63 75 20140713
5663 65 16 20150306
5664 18 17 77 20150413
5666 21 10 20140108
5667 37 1 20140529
5668 42 60 38 20140618
5669 16 21 20141202
5670 8 9 56 49 3 23 27 21 71 20150309
5672 8 17 114 20150315
5674 63 44 20140407
5675 73 70 20140609
5676 3 4 20140828
5677 4 73 114 4 69 37 79 37 24 20150320
5678 9 1 20150731
5680 48 11 20140209
5681 36 39 73 20140901
5682 7 114 68 20150722
5683 10 0 20150904
5685 76 70 20140504
5686 16 35 20140601
5687 18 81 20150104
5689 16 73 20140308
5690 46 33 20140417
5691 3 15 20140506
5692 3 37 20141031
5694 1 10 20140308
5695 3 69 20140525
5696 59 19 20141202
5698 128 124 20140428
5699 37 94 4 20150114
5700 65 116 20150511
5701 0 17 20150611
5702 50 44 20150721
5704 7 112 20140501
5706 4 121 20140109
5708 15 18 63 17 24 20150416
5710 6 0 20150421
5711 6 10 13 20150504
5713 63 49 20140223
5714 18 3 72 64 20150507
5716 14 70 13 20140723
5717 23 17 20141122
5718 6 0 21 37 20150228
5719 43 74 118 20150908
5720 1 30 21 23 20151101
5722 68 26 20140303
5723 4 57 20140722
5724 15 33 20141217
5725 3 74 84 16 20150108
5726 4 49 20150302
5728 49 4 20150112
5729 57 9 4 1 20150216
5730 7 27 7 79 20150916
5732 9 6 3 69 58 127 20151004
5734 18 2 20141006
5735 7 85 20141214
5736 16 23 20141226
5737 53 3 20150507
5739 21 43 20140124
5740 6 20 67 20140906
5741 56 21 20151107
5743 90 16 20140626
5744 50 37 20141013
5745 110 85 99 20141105
5746 1 17 20150422
5748 106 11 20140331
5750 157 154 20140809
5751 37 74 19 17 20140907
5753 23 118 75 17 20140707
5754 21 0 20150502
5756 64 16 20140104
5757 52 1 31 20140707
5759 0 3 20140427
5760 3 103 16 20140524
5761 22 40 20140705
5762 0 11 20141108
5763 18 44 20141204
5764 22 19 20150711
5766 48 37 20140813
5767 49 43 20140814
5768 50 56 20150811
5770 15 11 20140402
5771 16 17 20140718
5772 23 19 20151110
5774 42 83 20140514
5775 25 48 20141211
5776 6 23 3 23 20150114
5777 18 79 20150127
5778 17 95 20151109
5780 20 15 20140127
5781 16 74 74 63 20140606
5782 29 70 1 20141013
5783 72 11 68 20141109
5784 40 17 20150604
5786 8 122 20141020
5787 113 67 20150705
5788 3 21 20151127
5790 48 155 20141026
5791 56 24 20150518
5792 29 141 20150825
5794 10 49 20140908
5796 63 70 20140311
5797 35 24 20140903
5798 73 11 20141027
5799 3 25 20141114
5800 27 135 20141128
5801 47 23 20150217
5802 6 79 20150621
5803 25 0 4 23 4 1 74 20150831
5805 63 127 20141210
5807 36 82 30 20140607
5808 82 16 20141130
5809 18 48 20150125
5811 2 40 17 20140427
5812 1 37 61 20140507
5813 12 13 20141115
5814 153 118 70 20141229
5815 18 63 20150113
5816 20 1 20150401
5818 0 23 20140117
5819 1 10 20140802
5820 3 71 20141119
5821 29 73 20150406
5822 55 98 33 20150803
5823 37 59 20150808
5825 57 5 20140304
5826 48 59 20150826
5828 10 25 20140907
5829 17 72 20141027
5830 20 3 20150211
5832 99 26 69 20140206
5833 9 69 114 20140427
5834 35 124 52 20140510
5835 0 10 20150524
5837 38 27 20140114
5838 3 1 20140817
5840 153 132 20140712
5841 6 133 20150203
5843 18 24 20140115
5845 151 79 20140114
5846 95 4 20140906
5847 49 1 20141013
5849 0 70 20140411
5850 25 2 20140815
5851 7 3 20150716
5852 4 69 37 20150803
5854 1 100 20140901
5855 3 17 20141223
5856 49 19 1 27 20150610
5858 49 55 137 20140220
5859 17 67 20140416
5861 3 75 20140311
5862 127 75 37 20140324
5863 1 5 20140608
5864 22 44 20150125
5865 8 12 20150528
5866 8 1 69 20151010
5868 21 44 20140318
5869 8 1 20150817
5871 6 17 20140410
5872 2 23 20140427
5873 3 23 20140918
5874 21 39 20150210
5875 63 2 52 99 108 20150724
5877 16 37 149 20140225
5878 1 15 148 11 20140624
5879 37 37 68 20140706
5880 21 82 134 20141009
5882 2 4 20140917
5883 23 37 102 82 20150628
5885 127 17 23 124 20140418
5886 141 3 16 20140501
5887 128 49 4 123 20141122
5888 74 23 20151003
5889 49 1 20151127
5891 6 10 20141230
5892 4 26 20150326
5894 80 17 20140424
5895 19 17 20140609
5896 8 1 20140731
5897 18 68 120 20150726
5898 23 76 20150804
5900 37 64 20140409
5901 21 43 20141024
5902 22 1 20150317
5904 32 68 70 15 20140118
5905 6 23 20140610
5906 57 10 20140619
5907 4 129 20141106
5908 18 65 122 20150217
5909 71 6 20150411
5910 21 10 50 20150507
5911 44 95 20150604
5912 3 1 20150716
5914 6 37 20140218
5915 17 3 20140711
5916 39 4 20140922
5917 42 16 20141212
5918 7 17 20150415
5920 21 68 20140401
5921 23 44 20140515
5922 9 1 91 70 20150105
5923 21 15 20150119
5924 24 29 23 16 10 20150529
5926 3 69 20140907
5927 38 4 20150912
5928 118 1 2 22 90 20151021
5930 37 67 20140223
5931 27 26 20140606
5933 113 150 70 20140304
5934 4 11 20140712
5936 3 75 20150201
5938 3 135 20140403
5939 24 34 95 1 20141030
5940 8 79 129 20150705
5941 1 39 13 5 20150818
5943 48 103 20141011
5945 7 114 38 70 20140213
5946 3 37 20140618
5947 49 17 15 20140621
5948 34 15 67 20140828
5950 49 0 31 77 20140324
5951 21 59 20140817
5952 1 19 23 50 20150823
5954 18 1 20150204
5955 4 100 13 20150430
5956 0 36 20150514
5958 5 62 20140319
5959 27 50 20141019
5961 73 82 20140225
5962 127 74 20140318
5964 49 98 20140519
5965 21 70 79 20140827
5966 56 16 20150228
5967 18 68 20150614
5968 21 18 19 63 75 74 82 20150620
5970 24 50 20140213
5971 56 50 20140527
5972 2 48 20141030
5973 155 19 17 20141122
5974 37 62 20150128
5975 18 17 20150725
5977 34 88 20141121
5978 59 0 16 37 14 20150409
5980 13 10 20140320
5981 53 17 20140513
5982 50 3 20150127
5983 8 57 78 26 20150705
5984 135 0 20150919
5986 3 126 84 20140223
5987 44 3 20140525
5988 29 39 37 20150203
5989 18 11 1 44 20150607
5990 10 24 19 24 20150715
5991 28 25 20150724
5993 3 1 87 20140503
5994 16 14 20140622
5995 135 3 20141108
5996 2 114 103 20150115
5997 1 63 20150314
5999 6 3 20140206
6000 22 1 20140609
6001 49 12 20150227
6002 20 1 20150329
6004 74 0 20140201
6005 1 59 20140612
6006 18 44 20150220
6008 16 15 20140804
6010 82 68 20140130
6011 7 19 20140319
6012 1 68 20140606
6013 79 3 70 20150121
6014 21 102 20150517
6015 21 27 90 20150902
6017 18 45 20141116
6018 24 69 13 20150101
6019 4 52 113 65 158 4 15 129 20150209
6020 23 114 20150908
6022 49 49 20140927
6023 21 72 20141027
6024 37 3 20150128
6025 9 26 20150427
6026 37 23 20150617
6028 1 33 25 20140207
6029 78 15 20141218
6031 1 23 79 20140624
6032 18 1 102 17 20150315
6033 37 61 20150527
6034 24 27 20150724
6036 48 118 95 20140519
6037 49 43 61 122 20140622
6039 39 99 30 20140213
6040 84 98 20140222
6041 22 4 20140403
6042 34 141 20140731
6043 17 129 20150108
6044 25 3 10 43 20150721
6046 28 61 70 20140428
6047 1 17 102 20141209
6049 4 4 20150331
6050 7 57 20150422
6051 8 56 130 2 20150619
6052 6 10 20150728
6053 18 44 20150802
6055 17 38 20141217
6057 44 44 20140110
6058 17 1 20140803
6059 19 50 20140818
6060 0 39 20141014
6061 37 14 139 20141203
6062 0 37 98 20150625
6064 6 1 13 20150206
6065 6 20 3 52 20150228
6067 18 74 20150902
6069 17 32 20141204
6070 8 3 34 20150618
6072 26 58 68 20150913
6073 8 74 20151203
6075 0 63 1 20150527
6077 18 75 20140321
6078 20 37 23 43 20140607
6079 18 23 20140810
6080 21 137 20141130
6081 24 37 82 20150605
6083 20 4 20140719
6084 18 49 20140921
6085 24 79 37 20150528
6087 37 50 20140820
6088 60 146 26 20150417
6090 135 23 20140523
6091 21 17 43 20141012
6093 1 16 20140127
6094 57 63 20140419
6095 6 3 20140421
6096 17 73 20140606
6097 60 3 65 83 20140725
6099 13 10 20140328
6100 18 24 20140808
6101 43 37 20141128
6103 37 1 20140107
6104 14 17 20141022
6105 37 75 20141129
6106 6 6 1 43 38 17 79 20150124
6107 9 37 70 20150407
6109 39 102 20141030
6111 4 20 20140728
6112 0 26 43 20150211
6114 3 135 43 20150520
6116 3 43 20140216
6117 1 103 49 20140606
6118 21 34 43 20141105
6119 0 37 20150313
6120 52 60 20150423
6122 14 4 20140124
6123 21 17 113 20140718
6124 8 10 43 20150222
6125 74 7 63 143 20150323
6127 1 3 57 20150113
6129 98 21 153 20140719
6130 0 44 71 16 20140720
6131 9 16 20140729
6132 79 43 20140901
6133 4 16 20141003
6134 1 32 11 20150215
6136 3 79 20141107
6137 106 6 20150327
6139 24 56 20150120
6141 68 14 20140616
6142 72 17 20151029
6144 82 19 20140821
6145 3 37 20140907
6146 23 4 20141119
6147 24 34 20141206
6149 6 1 20140521
6150 44 17 68 20151113
6152 2 4 70 20141011
6153 17 51 102 113 20150112
6154 37 69 37 20150212
6155 16 44 17 20150404
6157 10 1 20140227
6158 44 2 20140611
6159 0 24 20140712
6160 64 1 20141224
6161 70 31 10 20150420
6162 15 125 12 20150608
6164 27 158 37 20150110
6165 22 35 24 20150519
6167 26 115 20140102
6168 22 44 20150228
6169 0 4 20150528
6170 8 21 20150624
6171 29 43 55 20150807
6173 14 69 20141014
6174 55 48 20150630
6176 136 72 20140401
6177 74 5 68 20140719
6178 83 71 20140825
6179 6 33 20141124
6180 3 17 20150316
6181 0 36 13 20150822
6183 0 4 21 20150514
6185 43 23 20140413
6186 18 21 20150227
6187 6 48 20150715
6188 24 18 22 73 69 61 23 20150729
6189 22 1 114 1 34 20151223
6191 21 2 20140129
6192 21 53 50 20140224
6193 2 23 20140507
6194 6 14 20140615
6195 52 115 20140624
6196 73 3 5 20151024
6198 1 14 20141201
6199 8 49 3 49 20150830
6200 0 1 13 20151027
6201 7 19 20151125
6203 10 4 20141017
6204 135 16 20141123
6205 1 141 20141223
6206 18 44 69 20150509
6208 20 4 20140126
6209 2 1 113 20140320
6210 1 1 20141107
6211 4 72 20141201
6212 22 19 20150522
6213 9 37 20150727
6214 18 74 161 20150802
6216 18 10 59 20150208
6217 24 49 2 64 20150326
6218 6 3 2 22 37 17 36 31 20150808
6220 1 150 20140402
6221 44 21 2 1 69 20140719
6222 0 1 70 20150422
6223 16 118 37 20151019
6225 102 4 20140716
6226 32 117 20140803
6227 7 3 16 20141013
6228 39 16 20150326
6229 37 19 20150430
6231 151 69 20141030
6232 18 35 118 37 20150301
6234 68 4 20141203
6235 20 31 79 20150311
6237 23 70 20140218
6238 117 73 20140704
6239 3 25 152 20150710
6240 15 70 77 20150827
6242 16 59 20140303
6243 28 0 49 20150428
6245 37 69 52 20140301
6246 49 37 16 103 20140626
6247 68 15 118 20140906
6248 35 16 20150502
6250 9 4 20140216
6251 1 17 20140424
6252 7 73 20140919
6254 1 4 20140129
6256 72 69 20140103
6257 1 78 20140111
6258 52 45 37 118 20140814
6260 69 34 20140402
6261 7 0 20150421
6262 0 1 20150422
6263 47 15 11 19 5 20150708
6264 1 23 11 20150710
6265 18 44 19 20150711
6267 7 71 20140126
6268 9 21 20140414
6269 7 136 20141011
6270 18 7 79 20150503
6272 28 35 20150519
6273 25 73 20150822
6275 27 44 20140221
6276 136 77 20140416
6277 6 4 20150304
6278 23 137 20150509
6279 18 23 1 20151108
6281 18 23 37 20150307
6283 56 0 73 20150503
6285 27 49 20140407
6286 3 37 1 120 20140808
6287 21 21 6 103 20150303
6288 8 44 26 20150817
6289 8 1 4 20150922
6291 17 37 20140402
6292 21 39 37 20141113
6293 26 16 13 20150307
6295 2 122 1 20140903
6297 58 73 20140411
6298 63 59 20140424
6299 1 70 20141116
6300 28 21 43 3 20151107
6302 57 11 20140118
6303 28 1 20140327
6304 10 70 43 20140714
6305 2 25 55 3 20150126
6306 92 21 55 23 20150718
6307 25 72 103 20151129
6309 35 3 49 20150106
6310 4 17 9 1 20150603
6311 38 28 1 2 20150803
6313 7 114 20140508
6314 50 74 20140627
6315 29 27 49 10 16 69 141 20150326
6317 17 43 20141210
6318 21 37 14 3 74 20150516
6319 67 70 20150703
6320 4 39 49 18 79 80 68 16 20150727
6322 20 4 20140420
6324 71 59 20140223
6325 79 16 20141027
6327 50 157 20140502
6328 28 71 20140822
6329 24 14 20141026
6330 56 70 20141029
6331 26 74 20150301
6333 1 64 102 64 20140330
6334 99 57 20140610
6335 15 102 20141029
6336 6 0 37 16 20150101
6338 1 26 20140205
6340 0 103 20140105
6341 114 102 20140428
6342 18 43 20140512
6343 56 24 37 20150508
6345 75 64 20141118
6346 17 50 20150122
6347 2 20 19 59 44 20150419
6349 4 141 20140414
6350 0 21 20140424
6351 31 35 108 20141007
6352 3 60 1 15 20150912
6354 39 3 20140502
6355 31 59 20140705
6356 6 13 20141105
6357 17 4 20141122
6358 8 38 13 20150111
6360 37 11 20140207
6361 3 19 20140301
6362 50 99 20141209
6363 118 15 80 20151019
6365 142 13 20141012
6366 0 10 109 20150224
6368 1 49 4 20150419
6370 63 84 20140901
6371 69 4 20150910
6373 4 3 20140402
6374 74 2 95 20140508
6375 17 3 31 68 20150224
6377 19 23 20140113
6378 49 157 20140506
6379 102 16 20141012
6380 70 24 20150505
6381 69 3 20150511
6383 61 84 20140204
6384 24 24 20140520
6385 21 3 20141117
6386 14 27 20141208
6387 20 49 26 124 17 20150708
6389 31 79 20140112
6390 4 4 20141020
6392 4 68 4 20140102
6393 1 68 20140614
6394 39 73 20140716
6395 1 26 1 20150113
6396 22 17 20150306
6398 24 75 20140316
6399 37 24 20141217
6400 37 15 37 20150127
6401 1 3 20150406
6402 28 68 20150519
6404 149 16 20140516
6405 22 87 20140707
6407 63 3 59 4 20140209
6408 59 24 114 20140530
6409 88 52 34 20150905
6411 0 32 20140226
6412 7 13 20140512
6413 7 70 20140809
6414 39 23 20150324
6415 7 51 17 20150505
6416 6 1 74 20150713
6418 10 37 72 20141008
6419 18 1 20141119
6420 35 98 20141126
6421 17 6 57 121 20141225
6422 24 4 151 20150305
6424 23 38 158 20140708
6425 0 13 20141009
6426 21 2 20150401
6428 4 98 103 20140422
6429 4 118 20150409
6430 64 153 20150420
6431 2 17 20150513
6433 2 25 20140829
6434 118 4 63 16 20140906
6435 24 34 20150525
6437 4 6 125 20140131
6438 3 31 20140224
6439 8 43 20150704
6441 37 4 20140609
6442 35 34 20141023
6443 18 1 0 97 17 4 62 20150116
6444 0 4 20150412
6445 63 135 90 20150906
6446 82 77 20150924
6448 0 16 20150122
6450 37 24 127 114 20140112
6451 24 20 153 20150209
6452 6 17 71 20150904
6453 7 55 20151027
6454 4 17 20151112
6456 47 21 20140820
6457 10 24 20141015
6458 50 68 137 1 20150902
6460 24 3 20150201
6461 3 21 23 69 20150913
6463 1 115 58 20140729
6464 3 13 20141213
6466 27 4 20140729
6467 21 49 20140816
6468 4 17 74 55 20150219
6469 4 23 20150227
6470 1 18 17 3 27 20150406
6471 19 35 36 1 58 20150412
6473 80 82 102 20140328
6474 21 51 20140519
6475 4 12 20141024
6477 1 64 20140209
6478 73 1 20140728
6479 6 17 20150906
6480 72 3 20151102
6482 0 37 20140807
6483 2 21 20140812
6484 22 3 17 20140913
6485 8 21 34 1 20150314
6486 94 16 20150415
6488 18 22 17 113 20150210
6489 130 1 0 4 4 20150712
6491 82 31 20141203
6492 7 35 23 55 73 20150522
6493 48 137 20150624
6495 21 1 20150224
6496 18 49 20150827
6498 154 79 20140103
6499 63 26 20140524
6500 17 145 10 20140920
6501 1 3 20150929
6503 68 24 16 114 20140106
6504 3 44 20140117
6505 50 59 114 20150321
6506 18 49 20150323
6507 49 3 20150806
6508 3 107 20151015
6510 35 63 20140804
6511 1 49 20150107
6513 26 135 20140618
6514 37 11 20140622
6515 3 58 20140819
6517 19 19 20140412
6518 82 16 20140509
6519 7 1 38 20140807
6520 21 1 20140907
6521 79 15 20141216
6522 22 74 20150909
6523 17 35 20151120
6525 21 37 118 20140131
6526 37 3 20141101
6527 22 17 20150114
6528 17 18 1 70 82 51 77 75 20150415
6529 22 0 20150709
6531 18 68 20140926
6532 0 44 20150404
6533 9 2 20150418
6535 21 55 62 20140109
6536 2 91 20140327
6537 1 37 20150317
6539 74 50 20140528
6540 56 16 20140921
6541 24 102 20151006
6543 34 94 20140218
6544 21 90 20140316
6546 82 54 20141223
6547 56 6 20150108
6548 29 33 20150525
6549 3 48 69 20150611
6551 7 131 11 20140823
6552 74 26 20141226
6553 10 54 31 20150224
6554 8 48 20150804
6556 17 26 20140117
6557 0 63 20140525
6558 1 103 40 4 20140613
6559 4 95 20141107
6560 18 8 36 158 20150203
6561 24 152 1 90 27 20150805
6562 3 37 20150909
6564 73 59 20140113
6565 13 44 79 20140528
6566 43 1 20150703
6567 22 28 52 1 118 38 20150817
6569 18 3 20140611
6570 25 23 20141021
6571 55 4 20150513
6573 118 17 20140709
6574 19 19 20140919
6575 24 3 20141202
6576 18 24 20150415
6577 18 22 20151009
6578 63 6 74 20151205
6580 7 157 20150212
6581 27 1 20150405
6582 18 42 20151215
6584 7 12 20150515
6586 21 71 20140312
6587 10 17 20140925
6588 21 117 20141027
6589 56 4 23 20150310
6590 24 1 3 20150904
6591 44 21 76 20151024
6593 50 5 20140421
6594 44 23 20140717
6595 8 12 20150427
6596 0 101 1 72 20150501
6598 37 48 20141022
6599 7 17 20150210
6600 22 159 20150308
6601 37 33 150 20150602
6603 37 4 20140317
6605 1 59 20140820
6606 101 3 20150304
6607 67 55 3 19 100 69 75 20150403
6609 4 95 20140113
6610 48 11 20140417
6611 12 46 20140901
6612 155 87 20141211
6614 20 68 20140625
6615 22 100 107 74 20140723
6616 65 23 70 20140817
6617 70 44 20140912
6618 3 113 20140914
6619 79 37 72 20141215
6620 11 11 20141221
6621 6 20 159 21 34 70 20150307
6623 17 3 20140512
6624 57 13 141 20140710
6625 18 69 20140828
6626 131 4 20141026
6628 52 3 20140316
6629 73 31 20140501
6630 16 26 20140531
6631 8 1 20150804
6632 0 4 20150910
6634 9 118 20140114
6635 18 17 20141120
6636 38 3 38 20150130
6637 24 4 3 51 20150302
6638 24 9 3 20150326
6640 60 69 20140507
6641 6 19 64 68 20140913
6642 18 0 17 20151027
6644 0 4 24 76 20140328
6645 99 1 49 163 20140810
6646 9 153 20140819
6647 10 57 20150218
6648 8 127 122 20151026
6650 21 34 16 82 20140306
6651 17 0 20140416
6652 3 37 20140424
6653 8 44 20140623
6654 1 7 20150111
6655 3 17 17 20150510
6657 74 19 20140622
6658 40 1 20150327
6659 8 17 20151003
6661 63 37 1 1 20140517
6662 74 4 20140928
6663 3 1 20150213
6665 18 75 20150517
6666 49 22 20150913
6668 63 81 20140504
6669 21 74 20150216
6670 132 4 17 57 73 20150622
6672 18 39 20140226
6673 49 51 20140608
6675 19 44 20140321
6676 1 141 20140513
6677 37 70 20140918
6678 4 72 13 20141018
6679 6 3 20150426
6680 7 16 20150925
6682 18 43 20141201
6683 79 34 20141225
6684 21 4 20150223
6685 2 10 20150607
6687 74 50 20140201
6688 17 3 11 20140927
6689 49 16 20141126
6690 28 124 69 7 118 1 87 102 20150224
6691 73 15 70 20151019
6693 54 70 20140101
6694 124 68 20140918
6696 0 16 20140530
6697 82 14 43 20140602
6698 6 23 20140604
6699 25 23 37 20140611
6700 82 37 20140730
6701 2 0 20150201
6703 44 52 20140625
6704 8 49 68 20150819
6706 0 37 73 20140412
6707 16 1 20140619
6708 18 37 20150214
6709 18 24 20150402
6710 3 6 1 8 107 3 68 19 34 20150701
6712 59 17 20140617
6713 68 21 20140823
6714 1 26 20140906
6715 43 1 99 20150301
6716 21 4 20150302
6718 19 17 20140902
6719 50 73 20150411
6721 10 21 20150220
6723 1 37 20140920
6724 8 11 20150620
6725 115 74 20150627
6727 7 35 20140128
6728 7 3 20150727
6729 18 1 20150828
6731 56 2 48 37 20150417
6733 133 50 20141128
6734 0 3 20150121
6736 158 69 20140218
6737 3 8 1 18 27 69 17 35 103 20150424
6739 37 73 20150512
6741 49 70 20140329
6742 49 23 20140604
6743 65 21 20140608
6744 11 83 20150313
6745 24 73 20150424
6746 1 49 20150701
6748 28 1 20140924
6749 2 3 20150913
6751 22 1 20140206
6752 20 88 20140407
6753 63 40 20140416
6754 60 9 20140513
6755 3 33 20140813
6756 0 3 20141016
6757 121 82 3 20141025
6758 37 70 20141109
6759 9 21 20150114
6761 114 17 20140805
6762 50 10 20140923
6763 7 21 20141030
6765 1 64 20141021
6766 90 4 20150317
6767 4 81 20150708
6769 17 1 20140204
6770 1 21 20140206
6771 70 35 20150124
6772 68 7 26 49 20150821
6773 10 99 20150904
6775 0 6 20150122
6777 22 36 20141210
6779 56 48 20150225
6781 6 58 20140312
6782 18 4 20141022
6783 1 59 20141101
6784 3 10 20141204
6785 49 57 23 31 20150326
6786 0 52 20150405
6788 3 4 20140119
6789 39 61 20140416
6790 58 55 20141102
6791 0 6 20151006
6793 3 10 20140530
6794 79 4 20141121
6796 75 86 20141126
6798 7 23 20140718
6799 58 120 20140801
6800 50 15 20140815
6801 47 1 3 84 20150423
6803 114 82 20140413
6805 7 37 20140107
6806 0 41 20140723
6807 8 26 20150908
6809 22 60 118 20140706
6810 73 35 20150509
6812 1 4 20150504
6814 31 70 20140114
6815 13 17 20141113
6816 99 17 20150122
6817 37 2 20150227
6819 2 49 20150501
6821 1 4 95 20140216
6822 39 21 20141218
6823 3 1 20150410
6824 6 37 25 26 34 20150419
6826 4 26 20140407
6828 70 42 20140610
6829 18 69 20150708
6831 27 17 72 20150623
6832 21 121 20150707
6834 63 37 20140904
6836 1 43 20140827
6838 59 2 103 70 20140704
6839 50 26 20140821
6840 75 75 20140918
6842 28 16 69 20140131
6843 21 3 20140807
6844 16 21 20150612
6846 56 70 63 20140105
6847 19 50 20140901
6848 25 128 20141013
6849 2 73 20150329
6850 18 0 74 3 70 20151124
6852 21 1 20140311
6853 37 44 37 20150329
6854 3 1 0 17 20150513
6855 56 34 69 103 20150808
6857 17 23 20141127
6858 28 25 20150223
6859 1 7 48 17 20150814
6861 39 118 20140130
6862 25 3 20140404
6864 22 10 20141016
6866 28 73 37 97 20141023
6867 17 49 20150818
6869 65 52 20140213
6870 16 28 19 17 20150414
6871 0 6 16 4 37 61 20150426
6873 46 135 1 20140112
6874 25 3 11 20141016
6875 6 0 20150313
6877 65 39 20150105
6878 24 68 55 114 20150330
6880 12 48 20140314
6881 56 74 3 20141121
6882 60 4 59 20150208
6883 49 25 20150513
6884 27 18 21 62 26 20150516
6886 13 82 20141117
6887 1 70 20141220
6889 3 52 20140228
6890 17 3 20140511
6891 20 10 20140625
6892 1 82 20150115
6894 18 95 20141107
6895 37 11 20150219
6897 4 7 20140217
6898 73 70 16 20141015
6900 1 10 20140302
6901 8 59 20140625
6902 26 19 20141015
6903 9 19 49 20141113
6905 18 17 20140410
6906 3 63 20140503
6907 3 118 20150427
6909 16 57 20141125
6910 22 23 20141214
6911 37 52 20150224
6912 18 37 20151104
6914 70 82 57 20140718
6915 24 2 34 20150201
6917 4 74 130 20140102
6918 1 21 95 20140616
6919 22 69 34 20140828
6920 99 59 20141219
6921 134 49 20150104
6922 1 82 20150628
6923 0 94 20151107
6925 5 16 17 20140110
6926 18 10 20140521
6927 56 15 20140902
6928 107 158 20140908
6929 35 155 20141224
6930 3 12 20151008
6932 73 5 20140119
6933 32 71 26 20140406
6934 49 68 19 99 20140516
6935 18 16 113 20150327
6936 6 6 52 59 20150818
6937 8 17 20151026
6939 47 69 73 20140119
6940 153 1 20140924
6941 9 0 20150729
6943 2 37 20141217
6944 44 37 20150104
6946 13 69 20140927
6947 6 68 20141214
6949 21 37 20140317
6950 68 128 20150830
6952 0 52 20150521
6954 14 69 20140107
6955 10 1 20150701
6956 82 64 20150804
6958 1 39 20140216
6959 1 44 95 20141019
6960 16 69 20141031
6961 18 159 20150325
6963 50 94 20140401
6964 120 4 20140417
6965 5 88 15 20140430
6966 3 95 20140628
6967 35 19 3 30 20140808
6968 24 75 118 45 20150209
6970 18 73 20140724
6972 74 4 30 20140121
6973 4 26 20141104
6974 92 1 20141216
6975 58 37 20150119
6977 10 53 20140518
6978 37 57 20140620
6979 3 1 20140714
6980 7 37 26 20141003
6981 16 3 91 20151114
6983 1 114 20140910
6984 68 43 20141006
6985 0 3 95 110 20151004
6987 8 3 59 20150212
6988 3 61 58 20150407
6989 69 4 20150804
6991 27 16 20140403
6992 27 26 20140725
6993 19 13 20151031
6994 68 17 24 20151114
6996 37 13 20140613
6997 37 70 20140712
6998 37 72 20141012
6999 4 49 26 23 19 19 113 113 20150714
7001 8 15 20140222
7002 59 69 20140712
7003 22 17 20141014
7004 82 92 20150416
7006 37 36 24 37 141 135 17 128 157 20150109
7007 35 17 20150112
7009 10 122 20140620
7010 4 31 20140930
7011 64 77 100 20141116
7012 7 15 20150121
7013 57 20 70 1 127 20150901
7015 49 37 20140716
7016 19 27 20140906
7017 3 69 37 79 20141007
7018 63 4 20141030
7019 22 102 20141214
7020 24 68 20150819
7022 3 26 19 20140325
7023 18 14 20140911
7024 0 24 20141014
7026 71 21 20140731
7027 56 6 20141129
7029 127 16 20140803
7030 22 7 17 20141025
7031 4 35 20150821
7032 70 27 20150824
7034 24 73 20140919
7035 25 4 20150624
7037 6 4 20140602
7038 9 55 69 20140611
7039 18 114 20150104
7040 60 80 20150725
7041 22 50 20151026
7043 48 153 20140622
7044 16 49 20150120
7045 48 24 20150218
7046 106 24 64 20150724
7048 36 24 20140221
7049 2 14 20140814
7050 57 73 20150704
7052 4 97 118 20140425
7053 157 68 20140523
7054 17 1 20141107
7055 24 33 20150415
7056 94 18 13 4 20150520
7058 22 23 64 20150108
7060 37 17 20140308
7062 2 4 20141020
7063 57 39 20150224
7065 23 134 20140523
7066 118 7 139 10 20150606
7067 18 49 20150820
7068 8 4 26 55 20151006
7069 18 82 20151110
7071 49 73 20140613
7073 2 23 20140214
7074 3 24 20140225
7075 8 31 3 20150326
7077 24 24 20140209
7078 37 90 20140326
7079 7 64 20141201
7081 8 13 20140410
7082 56 1 43 20140813
7083 69 59 27 20150602
7084 82 21 20150624
7086 4 73 49 20140201
7088 10 67 20140503
7089 15 37 20141116
7090 67 16 20150120
7091 117 1 34 20150124
7093 6 24 33 20140403
7094 6 17 20150309
7096 4 25 20150210
7097 18 1 20150817
7098 37 68 20151105
7100 17 21 20140509
7101 17 3 4 36 20150104
7102 68 17 20150318
7104 1 50 20150803
7106 4 38 70 20140809
7107 44 112 94 20141216
7108 18 18 4 120 124 11 118 70 20150731
7110 24 24 20141031
7112 73 19 20140206
7113 0 37 20150305
7114 63 59 59 114 20150806
7116 21 68 13 20150107
7117 6 65 20150410
7118 63 6 20150904
7120 0 39 20140330
7121 153 82 43 20140513
7122 43 82 20141116
7124 8 42 20140201
7125 20 3 20140628
7126 3 16 20140717
7127 11 1 20140725
7128 21 2 20150122
7130 37 127 72 20141130
7131 37 137 20141202
7132 2 17 20150211
7133 23 76 20150820
7134 9 7 20150923
7136 52 4 20140308
7137 9 19 20150521
7139 8 68 20141228
7141 21 3 73 120 20140305
7142 31 34 20140503
7144 16 19 20140509
7146 44 37 57 20140329
7147 23 34 20150225
7148 17 0 16 17 20150228
7149 4 37 20150328
7151 82 17 20140118
7152 24 25 136 11 20140328
7153 27 26 20140405
7154 31 79 20140820
7156 3 35 20140609
7157 4 17 70 20140815
7158 21 39 1 20150621
7159 3 37 32 20150911
7161 26 70 20140206
7162 28 59 20140310
7164 31 59 20140317
7165 49 58 20140504
7166 37 68 20141018
7167 24 57 43 23 49 20151129
7169 70 79 20140616
7171 15 74 20140412
7172 3 16 48 20141208
7173 18 10 20150704
7175 1 11 20140521
7176 2 98 84 20140707
7177 24 68 1 20140722
7178 8 19 20140804
7179 0 0 20140907
7180 37 90 61 20141110
7181 24 17 0 1 20150220
7182 21 2 20150410
7183 44 1 16 20150522
7185 52 118 20140312
7186 44 79 20140817
7187 65 24 20140828
7188 72 37 20151108
7190 68 49 20151025
7192 37 19 20150410
7193 28 19 20150728
7195 6 97 20140128
7196 74 68 20140206
7198 145 4 20140620
7199 36 24 20140626
7200 7 120 20140803
7201 1 121 20141101
7202 21 21 20141116
7203 7 118 25 137 20150209
7204 65 63 20150220
7206 28 114 141 20140904
7207 17 23 131 20150801
7209 0 113 74 23 20140513
7210 29 102 20140610
7211 63 69 20141014
7212 1 34 1 65 40 2 1 20150302
7213 22 37 37 20150525
7214 56 7 44 20150717
7216 65 37 20140228
7217 44 73 20140403
7218 6 74 20140822
7219 18 1 20150109
7220 18 18 9 99 43 16 23 17 20150331
7222 0 11 20140106
7223 16 32 20140324
7224 8 57 20150311
7226 2 1 37 20140329
7227 0 62 20140424
7228 25 3 18 2 4 19 115 20150514
7230 15 58 20140125
7231 54 27 20140222
7232 6 3 20140312
7233 22 3 59 20140622
7234 48 34 20141016
7235 4 58 20150308
7237 37 62 79 20140907
7238 18 4 20150519
7240 37 1 20140103
7241 43 6 20140624
7243 64 74 20140907
7244 49 21 2 3 50 4 70 20150516
7246 3 3 20140104
7247 6 17 63 20140531
7248 1 1 36 20140923
7249 16 20 23 20141102
7250 77 81 17 74 20150506
7252 37 44 20140228
7253 28 21 4 40 1 23 121 20150326
7254 7 52 20150430
7255 49 3 20150520
7256 3 163 77 20150627
7258 6 85 20140313
7259 49 2 53 5 84 37 70 20150331
7261 0 118 113 20140415
7262 22 3 20141108
7264 17 23 20140517
7265 70 68 20140518
7266 3 7 0 19 103 20150501
7267 72 73 78 37 48 20150716
7269 18 6 1 15 79 50 52 20150710
7270 8 21 17 1 20151125
7272 3 21 20140625
7273 4 77 20140912
7274 73 16 20141222
7275 140 99 20141227
7276 56 15 0 14 43 4 20150121
7278 23 17 16 37 20140902
7280 158 155 20140701
7281 82 74 20140810
7283 7 73 20140508
7285 158 26 20140309
7286 21 23 3 4 20140809
7287 2 64 20140903
7288 11 74 20140924
7289 1 17 20140927
7290 63 21 4 4 88 27 34 20150113
7292 88 21 20140726
7293 18 55 64 20150523
7295 6 64 16 4 20140215
7296 30 23 20140602
7298 16 40 20141103
7299 24 27 142 20151106
7301 0 3 34 20140508
7302 0 3 20150802
7304 94 18 3 24 17 70 48 99 24 20150712
7305 7 1 21 73 73 3 20150713
7307 9 73 20150123
7308 21 23 137 20150614
7309 15 28 1 9 68 70 99 70 82 20150806
7311 56 16 37 20140714
7312 18 37 140 130 20140724
7313 40 124 20141114
7315 0 95 137 20140203
7316 18 103 20150102
7318 88 8 57 6 2 153 3 17 4 20150424
7320 37 25 20140517
7321 73 37 20140914
7322 8 1 20150516
7324 99 21 74 20140124
7326 128 19 20140216
7327 23 49 20140728
7328 53 8 25 1 106 75 68 4 94 20150729
7330 2 49 69 20140408
7331 37 7 7 4 70 13 40 19 50 20150314
7332 78 3 20150621
7333 37 1 20150731
7334 8 48 7 1 3 4 151 91 82 20150823
7335 16 65 21 39 20151019
7337 4 23 10 40 3 1 13 58 10 20151007
7338 0 49 3 56 130 20151021
7340 16 31 20140105
7341 16 68 20141022
7343 25 49 20140224
7344 24 25 10 77 20150205
7345 17 26 64 137 20150212
7346 8 16 70 47 17 43 0 62 51 20150808
7348 74 45 20140715
7349 82 68 20140910
7350 1 10 20141103
7351 21 8 8 11 16 4 38 49 136 20150429
7352 7 6 23 20150626
7354 6 95 20140308
7355 22 18 8 3 22 44 132 44 69 20150612
7357 65 58 20140715
7358 37 70 20141127
7360 22 16 20140706
7361 74 117 20141124
7363 24 79 20140525
7364 1 65 20150123
7365 35 113 20150209
7367 158 73 20140209
7368 1 0 4 85 20150924
7370 69 4 20140221
7371 68 3 20141113
7373 16 141 20140523
7374 114 80 20140827
7375 0 74 20141025
7376 17 22 63 14 20150519
7378 73 70 20140620
7380 3 17 20140126
7381 7 43 20140627
7382 49 4 1 20140717
7383 49 149 20141109
7384 2 37 20150411
7385 47 1 20150620
7387 18 45 20140322
7388 59 17 34 20140926
7390 68 11 20150207
7391 9 7 22 7 43 50 69 19 43 20150303
7393 6 5 20140905
7394 21 17 61 20141105
7395 48 44 20141214
7396 44 19 20150318
7398 1 54 20140126
7399 4 67 20140928
7400 118 120 20141002
7401 57 24 102 20150116
7403 4 69 73 20140921
7404 71 1 61 20141224
7406 3 1 37 20140201
7407 63 100 21 114 20141205
7408 20 3 68 20150119
7409 59 2 6 9 3 44 52 23 20150307
7410 22 17 20150413
7411 70 0 31 20150929
7413 1 158 20140409
7414 16 151 4 20140705
7415 70 147 20140711
7417 31 73 78 143 20140121
7418 57 59 20140316
7419 50 113 20141122
7420 1 1 1 17 21 82 70 3 20151017
7421 1 4 20151201
7423 22 133 20140621
7425 7 95 20140510
7426 15 74 20140620
7427 13 35 20140722
7428 114 17 20141114
7429 72 15 84 23 20150211
7431 80 52 20140226
7433 1 16 20140928
7434 3 70 20141219
7435 10 24 68 52 52 37 21 100 20150119
7436 60 59 4 20150131
7437 24 28 16 68 20150423
7439 4 58 20140215
7440 16 129 20140710
7442 17 16 20140209
7443 41 52 20150210
7444 24 37 20150602
7445 3 37 20150803
7447 6 50 20140225
7448 0 64 20140719
7449 4 70 103 20150119
7450 24 113 4 20150507
7451 0 6 17 8 52 58 1 24 20150805
7452 21 74 16 103 20150927
7454 34 63 69 20140619
7455 1 21 20140930
7457 18 103 23 20140622
7458 88 19 20140909
7459 20 1 81 56 3 4 39 72 20150124
7460 27 17 20150704
7461 21 15 70 59 20150731
7463 22 3 20140328
7464 1 37 20141103
7465 63 43 16 20141105
7466 18 3 9 114 21 49 10 73 20150111
7468 28 33 73 20140728
7469 3 38 128 135 20140902
7470 49 0 43 1 0 127 58 55 20150430
7471 4 49 20150630
7473 35 16 20150328
7474 45 19 7 118 6 73 78 74 20150502
7476 21 32 65 63 20150805
7478 4 99 20140103
7479 44 59 68 20140106
7480 0 19 20140818
7481 36 116 20141111
7483 107 19 20140107
7484 28 80 20140119
7485 23 37 20140121
7486 118 4 20140508
7488 74 5 20140203
7489 137 99 20140210
7490 27 73 23 20140215
7491 73 114 20140222
7492 6 115 20140614
7493 57 22 20141013
7494 21 73 20141110
7495 21 6 1 99 20150515
7497 0 3 20140606
7499 114 19 20140201
7500 3 44 20140203
7501 70 11 20140707
7502 16 4 20150307
7504 3 6 20140204
7505 1 57 20140530
7506 52 15 20150503
7508 0 60 20140323
7510 20 69 20150519
7512 23 19 20140130
7513 1 68 45 20140417
7514 1 114 50 20140911
7516 50 113 20141121
7517 56 39 20150618
7518 21 63 92 8 27 1 59 100 20150805
7520 44 59 95 20140810
7521 39 40 20140818
7522 6 21 20140829
7524 17 10 20140803
7525 2 10 20140901
7526 19 95 4 20140904
7527 50 37 23 1 10 4 70 43 20150218
7528 18 21 37 20150809
7529 17 39 20151125
7531 82 48 20140329
7532 7 130 21 9 114 136 39 19 20150117
7534 48 123 20140731
7535 51 49 20140913
7536 74 43 20141219
7538 9 3 104 9 39 11 11 37 20150306
7540 159 37 20140428
7541 19 18 17 15 24 74 44 153 20150510
7543 24 59 20141110
7544 102 92 10 57 20150404
7546 4 38 20140108
7547 28 16 20140320
7548 3 1 20140705
7550 44 73 20140301
7551 37 3 16 82 35 65 49 69 20150916
7553 1 75 76 20140506
7555 3 23 20140702
7556 22 16 23 20141105
7557 70 50 3 16 69 20150710
7559 56 4 20140120
7560 33 59 20140501
7561 4 3 43 20141203
7562 67 68 150 20150102
7563 1 22 19 3 20150420
7564 3 48 11 105 3 57 37 21 20150723
7565 8 8 118 43 2 73 95 20150911
7567 3 5 91 20140112
7568 0 135 20140812
7569 21 33 83 12 19 4 4 115 20150126
7571 65 13 20140813
7572 73 8 4 6 64 49 17 1 20150313
7573 99 5 20150401
7575 8 69 20140219
7577 9 3 35 20140708
7578 108 73 20140807
7579 127 157 20141108
7580 8 2 20150128
7582 21 40 17 20140203
7583 18 43 20140625
7584 9 26 20140716
7585 21 61 20140807
7586 127 26 20140924
7587 90 17 20140930
7588 4 128 20150102
7589 51 82 20150117
7590 8 1 124 16 20150616
7592 13 69 16 37 20140403
7593 40 4 72 33 20140921
7594 49 31 20141227
7595 18 17 20150114
7597 122 70 70 20140321
7598 1 17 20140422
7599 21 124 21 20141031
7601 20 23 20140112
7602 22 101 21 24 1 16 72 1 20150207
7604 44 19 20140103
7605 88 117 20140720
7606 10 69 20140821
7607 58 68 20140921
7608 17 68 20141024
7609 14 19 20141127
7610 1 58 20150714
7612 65 74 20140429
7613 1 64 20140526
7614 0 1 70 20140709
7615 30 1 118 58 20150426
7617 6 1 23 3 20140326
7618 37 71 20140728
7619 17 115 52 20150105
7621 20 45 20140220
7622 1 17 20141218
7624 82 62 70 20140806
7625 17 99 70 20141121
7627 73 43 20140126
7628 82 1 23 70 20140923
7629 25 37 10 3 82 59 20150615
7630 57 73 20150713
7632 1 37 20140714
7633 17 1 28 6 74 1 20150820
7635 20 141 20140214
7636 20 1 20140518
7638 16 59 20140402
7639 73 1 59 113 20140522
7640 60 49 3 20150205
7642 17 3 20140530
7643 37 7 49 37 20150322
7644 6 22 21 135 44 4 64 17 20150803
7646 113 135 20140130
7647 35 37 20140518
7648 63 33 20140526
7649 1 17 20140630
7650 2 3 20141024
7651 4 59 20141207
7652 127 118 20141227
7653 3 44 20150206
7655 1 68 20140804
7656 62 1 20140806
7658 56 69 20150413
7659 22 24 1 4 20151008
7661 49 102 20140123
7662 0 63 20141120
7663 68 1 20150108
7664 22 37 3 57 20150429
7665 4 21 68 57 20150524
7667 81 4 20140204
7668 2 4 11 45 20140921
7669 6 3 50 49 20141001
7670 4 16 20141011
7671 25 78 20141216
7672 37 149 20150121
7673 26 37 20150216
7674 70 59 59 20150516
7676 20 73 34 43 20140112
7677 24 95 20140422
7678 34 147 20140924
7679 6 49 15 20150811
7681 26 16 142 20140214
7682 82 128 20140521
7683 8 17 20150817
7685 60 77 20141130
7687 95 84 20140106
7688 37 69 20141011
7689 59 3 20141226
7690 26 68 20150305
7692 11 1 20140408
7693 4 1 20140527
7694 0 50 68 20140616
7695 25 113 133 20141129
7696 21 1 1 43 16 20150331
7698 103 130 20140627
7699 3 4 20141030
7700 63 2 20150802
7701 48 1 15 11 20150819
7703 22 55 20140805
7705 17 1 114 20140203
7706 11 1 74 4 20140405
7707 72 49 20140524
7708 22 17 113 20140708
7709 16 25 20141018
7710 0 53 6 73 20150203
7712 26 4 20140110
7713 37 23 20141121
7714 7 57 3 20150124
7715 1 23 69 23 20150424
7717 3 43 20140322
7718 4 58 20150427
7720 27 49 135 65 20141117
7722 113 82 20140308
7723 82 2 68 20140826
7724 57 1 69 1 20150206
7726 37 33 20140522
7727 35 18 23 17 20150117
7728 28 62 20150309
7729 48 114 20150712
7731 28 19 20140123
7732 1 43 20140627
7733 23 17 20140926
7734 113 12 70 20141208
7735 18 0 20150203
7736 56 18 3 70 20150626
7738 17 1 20150217
7739 4 2 20150322
7740 1 16 20150809
7741 23 26 20151126
7743 45 157 20140330
7744 59 43 20140920
7745 1 16 20141228
7746 44 37 34 52 96 20150121
7747 1 0 20150124
7749 2 3 16 20150519
7751 3 35 20140316
7752 4 124 20141123
7753 18 17 20150103
7755 37 39 20140730
7757 87 88 20140124
7758 114 52 20141116
7759 18 1 105 154 3 114 70 96 20151012
7761 1 7 20150616
7763 60 104 20141025
7764 59 17 20141212
7766 37 130 141 20140809
7767 6 0 37 26 68 20150511
7768 37 7 3 102 70 55 20151005
7770 3 131 20140404
7771 25 1 20140613
7772 24 1 37 20140713
7773 31 44 20140816
7774 58 24 20141014
7775 18 34 20141202
7776 17 113 20150113
7778 11 55 20140321
7779 4 19 20140705
7780 3 98 24 20140919
7782 27 17 27 20140214
7783 16 52 20140512
7784 4 64 82 20140722
7785 3 2 20150105
7786 0 10 20 4 37 70 20150318
7788 3 113 20140306
7789 19 15 98 37 20140622
7790 3 107 20140811
7791 19 37 20140927
7792 3 59 60 21 43 58 20150129
7793 9 16 20150723
7794 43 82 4 48 20151008
7796 94 1 20140130
7797 87 4 128 20140419
7798 3 70 20141107
7799 49 0 16 20150125
7800 19 21 20150528
7801 24 4 20151126
7803 106 40 24 20141114
7804 70 38 20141221
7805 1 21 20151121
7807 21 65 20140622
7808 3 37 11 20141029
7809 9 121 16 20141115
7811 13 1 20150123
7813 19 69 13 11 20141223
7814 1 20 43 20150112
7815 123 53 20150703
7817 23 82 20140401
7818 44 73 20141111
7819 88 70 20150506
7821 1 129 20140423
7822 1 73 20150301
7824 22 153 20140810
7826 136 58 20140428
7827 7 1 20150301
7828 16 130 10 26 116 20150507
7830 14 37 74 74 20140327
7831 60 68 20140426
7832 8 82 20140510
7834 37 127 20140304
7835 21 102 24 43 20140801
7836 60 118 20140803
7837 25 17 20141024
7838 7 73 20150405
7840 37 135 20140201
7841 3 70 20140312
7842 24 10 20150215
7844 3 4 20140215
7845 10 4 20140502
7846 11 73 95 20140525
7847 17 68 17 20140723
7848 22 133 20140801
7849 51 19 79 20140924
7850 3 37 4 20141207
7851 1 4 155 31 20150716
7852 9 37 20150722
7854 1 73 68 87 20140526
7855 25 26 69 20140810
7856 27 84 20141224
7857 8 51 20150319
7859 79 121 19 20140525
7861 17 73 20141012
7862 28 3 20141104
7863 2 24 20150110
7865 2 55 1 20150126
7866 4 68 26 20150313
7868 21 125 20140319
7869 4 24 20140503
7870 1 37 37 11 20140627
7871 7 103 20150312
7873 17 10 1 20140317
7874 2 23 20141126
7875 68 70 20150926
7877 21 25 20140320
7879 63 120 20140305
7881 28 63 69 20140423
7882 70 13 20141025
7883 18 17 20150309
7885 18 21 79 26 20140903
7886 57 95 20140911
7887 8 49 20150301
7889 2 10 16 20140514
7890 4 58 20140927
7891 23 8 118 73 20150204
7892 1 19 20150806
7894 8 69 20140102
7895 17 19 20140929
7896 48 60 70 20141103
7897 43 135 20150815
7899 0 5 70 34 20141008
7900 4 83 20150430
7902 18 1 118 63 33 13 20140214
7903 21 16 20140727
7904 4 79 19 59 20140928
7905 3 58 60 19 20150205
7906 61 56 20150527
7907 87 11 20150613
7909 2 63 37 20140407
7910 6 37 26 20140509
7911 17 3 20140723
7912 77 68 20140905
7913 94 122 20150320
7915 43 79 20140218
7916 21 99 69 20140729
7917 40 13 13 17 20140812
7918 2 21 20150219
7920 64 44 20140204
7921 0 63 20140922
7922 72 136 20141003
7923 8 58 20150205
7925 1 16 20140825
7926 8 75 20150305
7928 22 122 20150623
7929 0 4 20150707
7931 21 37 20140401
7932 2 1 4 20140930
7934 19 5 20140425
7935 4 17 20140928
7936 2 49 20150310
7938 3 3 20140220
7939 24 1 20150120
7940 1 37 20150616
7941 18 49 20150628
7943 0 10 20140509
7944 39 59 20140622
7945 2 48 23 20140914
7946 7 3 20150108
7948 2 49 20140217
7949 60 91 70 118 20140315
7950 3 37 20150108
7952 50 128 20140407
7953 1 74 20140708
7954 16 74 20141023
7955 0 34 20141218
7956 1 19 20150203
7957 3 16 122 1 21 81 20150204
7959 69 1 20140127
7960 3 114 20140212
7961 1 10 43 99 20140615
7962 18 72 1 20141005
7963 3 16 20141025
7964 47 49 20150429
7966 151 13 20140112
7967 37 48 20140413
7968 21 17 20140518
7969 1 114 20140525
7970 4 23 20140623
7971 39 9 49 21 20150411
7973 0 17 20140313
7974 3 70 20140615
7975 50 128 20141020
7976 3 73 20141203
7977 23 1 20150319
7978 1 4 124 20150601
7980 22 70 20150519
7982 35 121 20140529
7983 113 128 20140622
7985 24 113 20150619
7986 28 1 20151121
7988 25 45 37 98 20140720
7990 0 70 20140124
7991 14 17 20140315
7993 56 21 20140924
7995 24 49 20140217
7996 4 70 20140502
7997 1 23 20141110
7998 20 17 20141218
7999 44 1 20150110
8000 17 3 127 71 20150220
8002 16 49 19 20140802
8003 59 16 20141108
8004 1 44 17 20150429
8006 3 3 20140118
8007 3 3 155 20140826
8008 6 37 1 73 20141022
8009 4 3 20141128
8011 125 128 16 20151202
8013 17 70 20141122
8014 23 39 20150615
8016 8 3 20150210
8017 122 34 77 20150608
8018 6 23 20150615
8020 18 157 20140120
8021 44 73 20140714
8022 3 1 20140716
8023 37 100 20140813
8024 87 68 20141022
8025 20 43 20150530
8026 8 124 21 26 124 34 4 20150715
8028 1 59 20140515
8030 18 48 20140226
8031 1 1 20140420
8032 52 82 20140619
8033 3 1 20140725
8034 28 82 20141013
8035 26 25 20141211
8036 37 157 155 20141216
8037 18 2 13 20150319
8039 22 95 20140209
8040 6 84 58 20141221
8042 22 59 20140120
8043 3 43 20140202
8044 24 57 20140321
8045 58 50 20140406
8046 2 37 20140711
8047 34 70 20140816
8048 68 1 96 20150201
8050 19 60 20140208
8051 0 4 20140613
8052 24 1 74 59 88 20150331
8053 35 3 20150623
8055 17 43 20140613
8056 18 35 20140624
8057 7 1 11 95 20150422
8058 8 13 20150718
8060 1 4 20140216
8061 37 48 11 20140408
8062 7 23 52 20150118
8063 2 4 1 20150228
8065 7 43 98 20140508
8066 65 161 20140722
8067 21 60 75 20140817
8068 4 37 20141126
8069 16 14 44 20150816
8071 82 73 20140103
8073 17 26 20140421
8074 50 19 20140607
8075 1 153 20140718
8076 3 82 127 20140808
8077 50 74 20140907
8078 17 16 20141008
8079 2 17 144 20141219
8081 20 4 20140221
8082 6 65 20140724
8083 17 141 20140824
8084 106 52 20150221
8086 37 3 20140515
8087 37 113 20140531
8088 92 26 20140707
8089 18 23 49 63 20150124
8091 0 1 20140914
8092 3 69 70 40 20141224
8093 6 70 20150102
8094 37 1 94 24 163 13 20150305
8095 140 72 20150806
8097 69 69 20140224
8098 8 2 20150301
8099 24 113 14 20150523
8101 7 31 20140629
8102 37 113 52 20140706
8104 1 118 20140120
8105 11 23 20140227
8106 65 52 108 20140506
8107 4 69 20141022
8108 23 13 33 20141106
8110 8 2 95 20150308
8111 23 65 20151203
8113 2 37 46 20140519
8114 4 59 20150824
8116 18 37 44 87 20140430
8117 1 68 17 20150124
8118 4 13 20150324
8120 3 21 20140221
8121 17 7 20140619
8122 19 81 20141014
8123 3 4 20150516
8125 1 11 20140305
8126 127 113 20140702
8127 61 10 20140707
8128 3 34 20141221
8129 3 113 55 20150503
8131 23 1 20140621
8132 82 40 20141204
8133 0 0 1 20150123
8135 19 23 20141227
8137 37 45 20140408
8138 4 70 20140520
8139 37 1 43 26 20140917
8140 18 16 19 20150105
8141 26 3 20150509
8142 23 63 20150607
8144 23 144 20140304
8145 1 10 20150617
8146 2 6 3 55 74 20150725
8148 15 54 16 20140704
8149 3 49 20141121
8151 65 72 20140217
8152 57 113 20140329
8153 49 19 20140606
8154 3 2 82 20150802
8155 28 50 17 20151018
8157 3 34 72 20140504
8158 99 153 20140612
8159 50 11 113 20140726
8160 24 163 20141111
8161 6 9 20150508
8163 34 11 20140207
8164 56 43 20140905
8166 43 24 20140510
8167 7 23 20140815
8168 21 146 20141027
8169 3 1 20150109
8170 22 0 141 20150313
8172 122 107 20140122
8174 49 23 59 20141223
8176 77 16 20140520
8177 17 94 13 10 20140826
8178 20 3 95 46 20140911
8180 1 32 20141201
8182 16 3 20140516
8183 118 114 20140728
8184 35 32 20140907
8185 8 19 1 21 20150214
8186 58 4 55 20150710
8188 0 157 20140902
8189 127 78 20141117
8190 1 65 20141203
8191 43 37 20141218
8192 36 1 3 70 20150623
8194 1 70 20141220
8195 18 11 26 20150322
8196 18 3 20150909
8197 0 99 20150919
8199 23 49 20140213
8201 1 4 20140217
8202 17 64 24 13 20150107
8203 3 46 10 20150113
8204 24 18 65 24 20150418
8206 100 150 20140124
8207 0 17 20150514
8208 23 145 20150923
8210 114 17 20140507
8211 28 3 113 20150113
8213 26 15 20140113
8214 21 74 27 20150420
8216 7 80 20140219
8217 43 49 20140928
8218 10 40 1 44 20150312
8219 37 158 120 20150505
8221 68 3 20140218
8222 34 103 20140511
8223 17 4 20140713
8224 17 70 20140721
8226 7 118 20140209
8227 19 24 20140329
8228 8 80 20140614
8229 16 37 37 20150518
8230 81 16 37 20150809
8232 6 3 20150104
8233 56 16 37 20150428
8234 65 62 20151101
8236 3 1 49 20140514
8238 16 34 64 20140515
8239 24 153 20141029
8240 26 5 20141208
8241 34 1 145 20150107
8243 2 24 127 127 100 102 43 113 20150505
8244 9 69 17 20150610
8245 5 12 10 4 20150613
8247 2 37 20140801
8248 7 4 20140813
8249 63 57 14 20150202
8250 49 11 1 49 20150211
8251 28 6 20150425
8253 7 15 20140510
8255 1 80 20140214
8256 58 1 20140311
8257 1 44 49 20140402
8258 9 68 20140518
8259 37 44 157 20140619
8260 3 16 58 20141130
8261 4 1 70 20150331
8263 1 75 20140710
8264 43 1 20141004
8265 9 73 20141008
8266 4 17 20150111
8267 49 59 13 20150410
8269 4 141 20140910
8270 17 1 143 20150103
8272 21 37 20140413
8274 0 73 98 20150114
8275 10 15 24 63 19 77 118 20150327
8276 49 17 20150508
8278 94 1 20140118
8279 10 68 20140130
8280 4 52 20140723
8281 1 57 20140906
8283 6 3 20140303
8284 10 14 20140908
8285 13 50 20141127
8287 27 70 20140517
8288 1 79 20140624
8289 24 0 69 20150212
8291 44 15 20140323
8292 1 45 73 20150606
8294 70 74 20140426
8295 17 17 59 20140708
8296 48 3 21 20150322
8298 65 3 20140526
8299 110 23 20140602
8300 18 59 20150823
8301 43 121 20150910
8302 8 75 34 20151108
8304 44 3 20140404
8305 4 72 20140711
8306 3 113 20140914
8307 22 32 30 20150116
8308 1 24 16 49 20151002
8309 3 1 63 3 35 1 79 20151005
8311 37 62 20140206
8312 11 103 107 90 20140620
8313 1 4 20140627
8314 22 73 20150111
8315 0 25 13 20150527
8317 39 68 20140207
8318 11 10 20141006
8320 58 16 20140201
8321 56 3 20140303
8322 17 10 20140421
8323 55 4 37 82 20140702
8324 128 44 20140730
8325 1 21 20140801
8326 63 68 20141128
8327 18 16 20150102
8329 6 116 20140123
8330 3 27 20140626
8331 5 37 20140707
8332 9 82 20141106
8333 37 103 20150217
8334 2 74 143 20150226
8336 4 37 20140819
8337 133 59 3 20150917
8339 37 3 20140201
8340 4 70 20140523
8341 8 1 20141016
8343 7 1 35 20140814
8344 8 24 20140927
8345 57 99 20140928
8347 20 3 90 72 20140302
8348 4 3 20140524
8349 53 103 20140619
8350 60 91 20140705
8351 44 37 20141018
8352 55 103 20150127
8353 8 39 20151014
8354 65 26 20151101
8356 63 24 20140810
8357 3 3 90 114 37 20150217
8358 21 17 98 20150911
8360 3 17 20140106
8361 70 37 20140517
8362 37 1 37 14 16 20151106
8364 63 0 20150710
8366 16 4 20140129
8367 18 82 20141019
8369 37 44 75 20140425
8370 19 81 20140808
8371 1 16 20141114
8372 26 1 20150910
8374 72 1 20150705
8376 17 10 20150715
8378 26 19 1 120 20140723
8380 0 57 43 20140617
8382 21 59 20140325
8383 78 16 20140525
8384 153 10 20141019
8385 8 61 3 20141209
8386 14 37 20141222
8388 7 19 20150205
8390 3 73 79 20140222
8391 52 33 20141120
8393 2 147 20140902
8394 0 4 20140907
8395 118 114 98 127 20141112
8396 20 10 20141213
8397 118 3 20150209
8399 6 6 20140508
8400 56 84 44 20140528
8401 22 35 20140907
8402 3 11 20150613
8403 1 18 17 1 10 20150705
8404 0 4 94 20150820
8406 127 16 20140328
8407 103 37 20140401
8408 2 23 20140814
8409 127 118 20140820
8410 49 4 37 20150412
8411 28 4 100 70 20150929
8413 52 23 20140405
8414 118 1 20140521
8415 18 49 20150107
8416 16 3 23 4 68 20150212
8417 22 1 20150601
8419 77 24 52 20140329
8420 74 10 20140524
8421 13 68 20140602
8423 9 114 20140504
8424 118 43 20141125
8426 6 40 20140108
8427 7 17 20150309
8429 19 4 37 1 20140525
8430 18 3 11 20150409
8431 14 3 20150712
8433 17 1 20140509
8434 17 114 20140802
8435 9 23 20141030
8436 28 1 20150410
8437 8 73 20150521
8439 59 77 20140415
8440 18 43 79 37 20150315
8442 58 10 20150224
8443 1 3 20150429
8445 23 49 20140914
8446 9 17 114 20150730
8447 118 37 20150812
8449 39 3 20140828
8450 9 23 20150311
8452 2 69 20140228
8453 6 17 20140728
8454 14 137 20141001
8455 43 10 118 20150330
8456 23 65 20150725
8458 0 16 131 40 20140828
8460 2 113 70 20140418
8461 3 1 20140723
8463 3 73 20140603
8464 99 37 31 20140905
8465 22 2 20150117
8466 18 38 20150320
8468 29 21 20140731
8469 3 10 20140803
8470 73 17 20140915
8472 49 1 20140129
8473 16 68 61 69 20140316
8474 11 64 11 20150428
8475 8 6 3 53 20151012
8477 6 34 20140529
8479 11 57 20140114
8480 113 23 1 20140726
8481 8 20 20150221
8482 1 31 70 59 24 20150806
8483 0 74 1 125 20151110
8485 68 130 72 20140412
8486 37 69 20140415
8487 21 17 20140828
8488 21 10 14 68 20141002
8489 58 80 20141012
8490 6 113 20141217
8491 21 11 20150816
8493 2 44 20140115
8494 6 157 68 20140220
8495 134 0 4 20140425
8496 1 10 68 20140514
8497 68 43 20140916
8498 70 21 44 20140921
8500 1 69 4 20140130
8501 81 153 20140903
8502 23 4 20150627
8504 3 65 20140313
8505 0 17 20140805
8506 3 4 78 20141005
8507 75 45 20141025
8508 12 65 20150508
8510 1 65 20140914
8511 1 17 20150715
8513 37 99 20140114
8514 21 37 20140204
8515 0 15 151 20141105
8516 24 7 20150412
8518 3 43 20140118
8519 60 11 20140427
8520 6 50 20140705
8521 3 43 20140909
8522 17 25 20140910
8523 2 2 73 70 68 37 153 35 20150625
8525 130 52 20140209
8526 10 3 20140814
8527 13 1 17 20140829
8528 18 52 16 77 20150213
8529 1 16 20150215
8530 9 23 20150713
8532 2 73 20140918
8534 74 0 20140208
8535 21 17 20140727
8536 24 33 20141213
8537 1 73 20151028
8539 40 4 20140417
8540 1 4 20141012
8541 69 61 20141030
8542 24 25 20150531
8544 6 82 20150508
8546 7 16 16 20140221
8548 68 10 20140323
8550 18 17 20140318
8551 106 35 17 68 157 26 20150226
8553 82 79 20140406
8554 137 24 20140819
8555 1 73 37 20141102
8557 75 10 20140530
8558 60 44 17 0 20151022
8560 91 33 20141005
8562 1 64 20140215
8563 17 43 20140227
8564 73 36 33 72 20140904
8566 34 113 20140819
8567 18 1 20150124
8568 3 4 20150919
8570 1 131 20140314
8571 0 23 20140413
8572 52 68 20140805
8573 1 3 20150527
8575 7 1 43 20140624
8577 69 25 20141122
8578 21 77 20150212
8580 1 24 20140107
8581 21 73 70 20140407
8582 21 74 20140619
8583 0 1 20150111
8585 43 1 114 20140614
8586 1 4 20140822
8587 4 2 20141122
8588 0 82 20141129
8589 37 64 20150615
8591 3 16 20140309
8592 1 101 19 49 20150125
8593 3 26 20150312
8594 139 50 103 20150808
8595 57 67 33 20150810
8597 15 61 20140408
8598 73 3 70 20140603
8599 8 57 20140903
8600 2 56 74 16 20150730
8601 24 3 20150817
8603 0 95 20141211
8604 12 4 20150826
8606 1 90 20140406
8607 1 3 20140607
8608 59 83 20140810
8609 1 10 20140908
8610 2 3 20141126
8611 138 70 116 20150325
8612 76 4 32 74 20150429
8613 59 4 20150928
8615 21 24 20141014
8616 128 0 12 48 133 20150501
8618 0 38 4 26 20140115
8620 31 68 20140616
8621 50 17 20140807
8622 72 99 20141009
8623 37 16 20141023
8624 24 113 20141115
8625 95 95 23 20141223
8626 144 43 40 4 20150626
8628 23 17 20140421
8629 50 51 43 20140606
8630 73 3 20150302
8631 19 64 13 20150417
8633 10 16 16 20140623
8634 0 37 20141218
8635 18 47 20150305
8637 27 43 20140528
8639 7 88 27 20140108
8640 8 44 20150701
8642 65 59 135 20140409
8643 103 73 1 20140616
8644 1 4 20140827
8646 26 17 20140422
8647 21 37 20140423
8648 17 17 20141216
8650 18 34 17 20150613
8651 8 4 20150702
8653 49 43 20140130
8654 55 40 20141219
8655 4 17 20150314
8656 18 4 61 20150319
8657 17 13 20150801
8659 8 18 17 37 26 20150414
8660 22 35 69 50 20150720
8661 18 51 20151128
8663 23 4 20140726
8664 9 37 135 20150623
8666 108 1 20140403
8667 20 64 113 20140408
8668 21 73 20140514
8669 49 34 46 20140713
8670 1 113 20141030
8671 59 122 20141117
8673 75 84 20140413
8674 65 19 98 24 20140531
8675 21 23 20140906
8676 2 21 20150421
8678 14 27 20140423
8679 17 74 20140612
8681 17 104 20140610
8682 102 3 37 20140624
8683 48 26 20140925
8684 5 61 87 20141113
8685 22 3 20150627
8686 6 44 20150814
8688 4 14 20141112
8689 70 4 20141128
8691 80 73 20140216
8692 0 39 1 23 82 20150218
8694 18 2 112 20140322
8695 13 26 20140806
8696 59 16 4 20140918
8697 1 4 20141115
8698 18 3 20150815
8700 6 16 20140607
8702 1 23 14 20140418
8703 79 2 67 68 4 20150121
8704 26 7 135 19 23 20150326
8706 17 23 114 20140423
8707 17 68 20140825
8708 1 17 20141108
8710 1 40 30 20150206
8711 17 18 73 65 20150419
8712 50 11 20150519
8713 50 68 20151115
8715 22 4 20140224
8716 18 87 20140820
8717 15 61 95 20141027
8718 6 6 20150216
8720 0 9 37 37 20150105
8722 3 103 20150112
8724 4 53 1 37 20151006
8726 4 43 20141027
8727 1 20 48 16 20150502
8729 79 1 20140316
8730 19 4 40 20140510
8731 1 37 37 20140612
8732 9 1 10 37 20150821
8734 19 15 72 35 20140201
8736 48 75 102 20140604
8738 10 74 20140101
8739 6 16 20150129
8740 18 13 52 150 20150806
8742 21 68 20151111
8744 43 121 20140522
8745 3 113 20141013
8746 4 37 20141210
8748 0 73 20140814
8749 16 4 20141113
8750 1 37 20141125
8751 99 127 20150228
8752 0 3 20151021
8753 18 49 20151026
8755 21 24 20140619
8756 4 136 62 20141027
8758 6 118 20140205
8759 0 61 49 20140625
8760 56 116 20150920
8761 6 1 20151021
8763 1 3 37 118 20140413
8764 5 77 20140418
8765 10 82 20140716
8766 4 17 20141230
8768 88 3 20140331
8769 0 58 20150207
8771 69 113 20140128
8772 18 22 10 1 11 20150221
8773 1 2 73 20150402
8774 3 52 20150410
8775 2 36 35 20150423
8777 57 80 118 20140108
8778 17 74 20140811
8779 21 100 95 20140910
8780 3 6 20150123
8781 17 58 3 4 20150328
8783 50 4 20140118
8784 118 73 49 20140909
8786 9 0 71 20150215
8788 7 40 20140824
8789 79 117 20141007
8790 22 97 114 20150612
8791 44 17 38 20150904
8793 44 117 20140913
8795 20 3 20140323
8796 19 74 20150328
8798 6 1 63 20150716
8799 22 73 20151113
8801 76 114 20141230
8802 56 65 1 1 20150708
8804 71 69 20140722
8805 17 11 20150111
8806 7 21 20150118
8808 2 26 20140824
8809 24 2 20150225
8810 6 21 20150505
8811 15 24 20150730
8813 58 113 16 20140117
8814 1 64 20140220
8815 0 74 20140326
8816 122 73 20140328
8817 3 122 20140715
8818 21 128 20141112
8819 35 1 20150702
8821 68 37 20140904
8823 0 10 20140420
8824 23 3 20140518
8826 23 69 20140503
8827 49 45 20140810
8828 37 3 20140820
8829 24 39 63 19 20150417
8830 1 59 20151015
8831 39 44 20151016
8833 0 82 31 20140501
8834 4 72 48 16 20141212
8835 22 4 20141213
8837 70 70 20140430
8838 13 58 20140814
8839 37 19 20140916
8840 0 84 20150404
8842 1 1 54 20140812
8843 61 49 20141206
8844 23 74 20150419
8846 23 63 20140706
8848 3 17 20140222
8849 99 74 20140527
8850 60 4 35 20140619
8851 21 17 1 20140812
8852 28 4 20141116
8853 37 23 20150103
8855 17 73 20141105
8856 72 11 20141202
8857 44 16 0 3 20150205
8858 24 73 20150424
8860 95 90 20140107
8861 20 17 20140212
8862 0 147 20140708
8863 18 3 20151013
8865 3 127 20140831
8866 19 70 20141219
8867 4 103 20150901
8869 34 16 20140415
8870 14 17 20140528
8872 26 123 20140709
8873 17 4 20150116
8874 26 6 3 11 20150914
8876 6 6 37 20140711
8878 113 1 20140608
8879 22 3 20140626
8880 70 37 20150114
8882 77 21 20140202
8883 1 16 20140508
8884 17 69 20141017
8886 1 19 64 20140320
8887 2 4 20140603
8888 23 81 20140921
8889 6 17 20150321
8891 37 68 20140103
8892 7 2 20150325
8893 2 68 20150404
8895 17 95 20141025
8897 4 69 20140327
8898 14 49 20140924
8899 1 73 20150327
8901 24 73 27 20140129
8902 50 43 68 20140222
8903 28 18 38 73 17 135 20150202
8904 18 74 20150329
8906 37 23 20141128
8907 84 63 23 20150604
8909 47 16 84 20140129
8910 1 113 96 20140723
8911 27 59 20141111
8912 1 24 20141216
8913 27 124 37 0 84 20150216
8915 49 72 20140320
8916 68 3 19 20141109
8918 28 58 20140111
8919 37 69 20140621
8920 2 59 20140927
8921 25 70 20150418
8922 8 52 2 20150425
8924 21 11 52 20140831
8925 56 4 32 20141011
8926 1 55 20141201
8927 121 34 141 49 20150305
8928 1 6 118 79 13 20150621
8930 17 49 20140529
8931 22 49 10 20140606
8932 82 6 34 20140712
8933 33 16 20140919
8934 79 44 20141102
8935 1 41 3 37 20150128
8936 23 44 10 44 73 20150206
8938 4 26 20141116
8939 82 3 73 63 69 20150325
8941 88 52 20140225
8942 43 68 20141018
8943 69 16 20141208
8944 9 1 44 35 48 20150503
8945 10 52 35 20150521
8947 114 4 20141126
8948 49 1 0 1 87 20150116
8949 140 31 54 20150508
8951 21 70 20140828
8952 4 50 20141227
8953 23 17 20150403
8955 63 16 20140613
8956 8 1 20150105
8958 50 102 20140124
8959 65 49 20140304
8960 64 6 45 37 20140605
8962 63 23 20141228
8963 4 37 44 50 20150126
8964 81 1 20150131
8965 8 59 118 20150311
8967 0 4 20140205
8968 32 49 20140413
8969 35 4 24 26 37 20150104
8970 9 44 20150420
8972 2 99 17 20140317
8973 22 53 49 3 64 20150802
8975 113 43 20140907
8977 52 34 68 20140823
8979 6 43 20140113
8980 118 4 20140607
8982 1 4 84 20140416
8983 8 23 95 20151111
8985 4 20 137 20140412
8986 37 15 73 20140830
8988 99 4 20140702
8989 72 13 20141030
8990 22 1 3 139 26 20151015
8991 24 70 1 20151130
8992 56 68 20151212
8994 8 57 37 20150519
8996 3 4 20140528
8997 48 70 20140802
8998 6 19 103 20141110
8999 18 44 17 20150325
9000 65 6 82 50 70 20150519
9001 28 4 0 4 20150621
9003 26 59 20140602
9004 3 63 20140707
9006 37 16 1 3 95 20150106
9008 16 16 20140619
9009 77 37 48 20140925
9011 28 55 20140911
9012 10 136 43 20141217
9013 0 79 20150318
9014 107 18 1 37 24 95 20150813
9016 12 94 20140409
9017 60 31 20140812
9018 63 127 20141113
9020 3 1 20140204
9021 69 18 125 10 73 20150315
9023 102 62 20140216
9024 16 21 20150226
9025 3 1 64 20150331
9027 17 24 20140306
9028 20 3 117 20140607
9030 43 69 49 26 20140219
9031 14 130 80 20140902
9032 17 37 74 20141129
9033 37 25 21 49 20150617
9035 20 59 20140504
9036 37 82 11 20150425
9038 65 118 20140423
9039 3 136 20140702
9040 23 77 20141028
9041 6 13 20150118
9042 2 23 4 13 37 20150501
9043 1 68 144 20150723
9045 3 17 20140208
9046 70 26 20140507
9047 11 6 23 0 69 20150320
9049 49 37 64 20140107
9050 70 70 20140422
9051 6 4 110 64 20141127
9053 18 50 4 61 20140308
9054 21 118 20140618
9055 6 17 20140823
9056 11 79 64 129 10 20150315
9058 14 37 20140501
9059 49 50 84 20150321
9060 37 3 135 20150417
9061 16 69 65 3 1 20150516
9063 73 80 20141016
9064 73 43 20141215
9065 1 73 1 17 73 20150911
9067 1 98 20140225
9068 16 70 16 20140625
9069 1 32 20140702
9070 5 0 2 1 102 20150215
9071 53 65 26 64 20150223
9073 17 35 20140403
9074 49 11 11 20140424
9075 127 3 20140624
9076 18 18 51 17 95 13 20150217
9078 4 10 20140811
9079 57 2 21 4 118 20150603
9081 23 70 20140314
9082 65 108 20140731
9083 88 26 68 20141213
9084 8 32 43 151 143 20150527
9085 37 24 82 25 20150721
9087 3 63 44 20140720
9088 82 107 20140813
9089 1 19 20141104
9091 21 50 20140427
9092 10 8 21 15 91 20150127
9093 3 72 20150219
9094 0 4 20150408
9095 25 3 20150421
9097 61 23 19 34 20140116
9098 7 5 35 20140211
9099 65 57 20141031
9100 1 21 20150203
9101 24 1 4 20150411
9102 3 4 20150725
9104 70 55 20140221
9105 135 99 20140316
9106 1 17 63 52 20140702
9107 9 35 20141128
9108 131 16 6 10 95 20150517
9110 1 115 20140126
9111 82 109 20140508
9112 28 73 145 20141107
9113 0 1 3 118 20150416
9115 82 100 20140402
9116 26 34 20141003
9118 7 11 20140201
9119 20 4 20140411
9121 36 99 20141007
9122 3 76 20141011
9123 8 2 2 1 64 20150118
9125 85 17 20141120
9126 56 41 134 143 69 20150726
9128 82 113 20140517
9129 59 27 20140701
9130 68 19 38 20150426
9132 58 0 20140714
9133 42 13 20141007
9134 14 27 20141126
9135 0 59 20150308
9136 3 113 43 20150405
9137 0 124 17 79 20150803
9139 17 18 17 2 44 20150329
9141 155 59 20141218
9142 135 70 58 3 20150807
9144 37 48 20140208
9145 3 19 20140626
9146 1 120 2 16 122 20150326
9147 82 70 20150404
9149 77 16 20140709
9150 70 1 20150322
9151 7 2 16 69 95 20150608
9153 7 69 20140602
9154 4 17 43 69 20140814
9155 58 114 27 20141129
9156 18 17 137 20150611
9158 1 37 73 50 20140306
9159 18 17 20140908
9160 43 101 20141110
9161 22 48 19 80 69 20150707
9163 68 50 20140125
9164 16 1 20140203
9165 7 33 20141001
9166 21 52 138 20150115
9168 95 93 20140403
9169 103 137 1 20140819
9170 12 70 15 20141213
9172 73 49 11 69 20140306
9173 21 37 20140708
9174 34 131 20140821
9175 136 23 20140926
9177 8 1 20140103
9178 59 1 20140120
9179 18 105 5 20140204
9180 0 59 20140418
9181 18 0 69 20150208
9183 49 16 70 20140618
9184 9 6 1 25 124 20150207
9186 20 0 37 20141028
9188 18 82 20150215
9189 7 53 52 20150428
9191 118 63 1 20140107
9192 107 79 20140527
9193 9 49 37 68 3 20151006
9195 17 74 20140101
9196 1 16 20140402
9197 3 16 20140518
9199 37 44 20140130
9200 29 82 20140218
9201 70 49 20140828
9202 14 37 20141218
9204 73 37 20140203
9206 44 7 113 20141230
9207 8 14 1 158 135 20150113
9208 22 20 1 1 11 20150709
9209 18 4 20150907
9211 4 24 20140419
9213 3 3 20140509
9214 28 73 20150624
9216 6 73 60 20140224
9217 72 37 75 20140503
9218 1 27 20141010
9219 34 14 20141030
9220 52 3 20150212
9221 8 28 55 38 46 20150322
9222 18 1 153 20150814
9224 11 13 103 26 20140811
9225 71 68 20141119
9227 1 18 23 112 37 20150714
9229 99 43 64 20140309
9230 21 71 20140814
9231 70 17 20140816
9232 8 3 20150405
9233 6 19 145 20150609
9234 37 18 1 48 70 20150703
9236 114 17 20150225
9237 2 136 135 50 158 20150302
9239 74 59 20140219
9240 100 1 20140918
9241 10 37 20141221
9243 18 70 20140116
9244 3 50 20140211
9245 1 19 20141004
9247 1 137 17 20140119
9248 1 23 20140228
9249 10 114 20140510
9250 2 8 1 59 20150109
9252 4 27 37 20141001
9253 22 34 20141006
9255 20 3 20140803
9256 21 39 110 61 23 20150306
9258 2 38 20140927
9259 0 23 20141028
9260 24 1 49 20150329
9261 1 23 20150529
9263 3 18 65 1 13 20150323
9265 37 76 20140824
9266 20 51 68 20140915
9267 28 25 20150111
9269 39 73 20140515
9270 37 19 20140908
9271 18 6 31 74 146 20150520
9273 23 77 20140505
9275 21 3 1 35 20140508
9276 8 21 20150501
9278 0 63 15 20140218
9279 94 4 20140816
9280 59 6 115 31 20150219
9282 52 81 20140111
9283 14 102 20140215
9285 77 66 20140620
9287 0 52 20140228
9289 6 4 20140503
9290 18 37 20140506
9292 125 37 20140730
9293 74 7 20150122
9295 22 3 20150205
9297 28 64 20150225
9298 7 27 20150608
9300 40 128 70 20141103
9302 10 19 20140125
9303 8 70 20150302
9304 67 1 17 1 82 5 50 20150607
9305 73 3 20151023
9307 10 23 3 3 20140111
9308 0 129 20140430
9309 0 3 20140624
9310 24 17 20150508
9312 1 23 20150606
9313 0 3 20150612
9315 16 4 20140213
9316 7 58 127 17 20140516
9317 2 103 20141123
9318 18 70 20150326
9319 94 1 20150625
9321 18 30 20140126
9322 8 31 20140225
9323 23 44 20141009
9324 22 17 1 20150123
9326 7 45 20140222
9327 22 14 20140513
9328 22 120 20140713
9329 17 44 20141002
9331 69 43 20140331
9332 16 17 20140605
9333 5 76 20141019
9334 20 54 20150202
9336 21 16 90 20140215
9337 73 77 20140715
9338 37 72 20140818
9339 21 68 20150605
9341 85 19 20140529
9342 0 68 91 73 20140828
9344 97 73 20140104
9345 58 14 20141215
9346 6 74 20150227
9348 23 24 20140201
9349 6 5 5 20140313
9350 37 23 20141026
9351 16 3 97 20150606
9352 13 72 68 11 74 4 20150630
9354 4 37 20141002
9355 63 159 20141008
9356 55 6 20150425
9357 42 10 20150504
9359 49 82 20141115
9360 37 37 20150328
9362 26 70 70 20140321
9363 17 23 20140803
9364 18 4 158 20150226
9365 22 1 113 20150326
9367 4 98 20140414
9368 116 4 20140606
9369 2 65 68 20151012
9371 6 165 20140421
9372 26 21 20150319
9374 3 63 20140313
9375 21 26 20140314
9376 65 44 20141223
9377 63 69 20150427
9378 0 49 20150719
9380 6 115 20141030
9382 43 4 20140108
9383 82 26 20140517
9384 130 37 20141224
9385 33 157 16 20141226
9386 44 3 70 20150106
9387 24 45 20150329
9388 35 128 73 20150411
9389 44 50 20150523
9391 49 72 20150618
9393 18 4 20140821
9394 59 64 20141010
9395 102 1 20150420
9396 0 0 5 25 3 70 20150529
9398 68 17 20140524
9399 121 14 37 73 20150109
9400 37 17 20150203
9401 37 17 82 20150411
9402 27 4 20150524
9404 4 115 20140505
9405 82 59 20150720
9406 94 1 20150728
9408 63 50 20140825
9409 16 43 20150303
9411 21 127 20140201
9412 82 16 20140402
9414 1 40 20140610
9415 21 46 118 68 20140707
9416 22 60 20151114
9418 7 130 20140319
9419 6 70 20140716
9421 0 46 20140424
9422 37 13 20140502
9423 98 19 79 20140915
9425 24 17 20150130
9426 22 4 20150614
9428 69 13 20140226
9429 4 3 20140520
9430 75 34 20141001
9431 0 69 20150925
9433 63 3 20140102
9434 75 113 20140317
9435 36 65 19 20141009
9436 22 17 20141020
9437 1 59 20150530
9438 36 21 20150728
9440 7 33 20140503
9441 2 49 20140608
9442 89 21 20150815
9444 33 23 20140427
9446 76 81 20140825
9447 3 0 82 52 5 70 20150122
9448 70 118 20150415
9450 3 4 35 20140402
9451 61 74 20140627
9452 73 79 20140816
9453 34 16 20140829
9455 27 37 20140415
9456 8 12 20150514
9458 2 52 20140427
9459 49 35 20141122
9460 37 56 20150313
9461 23 0 6 26 20151001
9463 43 16 58 20141201
9465 13 141 4 20150413
9467 18 21 20150302
9469 7 69 20140419
9470 11 12 20140423
9471 16 59 44 20140928
9472 139 3 20141128
9474 99 17 20140815
9475 24 132 20140816
9476 16 4 20141226
9477 1 0 20150201
9478 3 3 2 14 20150621
9480 0 4 20140525
9482 17 4 68 11 20140114
9483 99 44 17 20140122
9484 73 141 20140614
9485 9 34 20150302
9486 28 44 20150508
9488 3 49 20140417
9489 1 102 20140920
9490 72 40 20141205
9491 109 5 20141216
9493 9 69 20140528
9494 19 37 20140621
9495 63 34 20140713
9496 132 1 20150204
9497 107 44 20150413
9499 1 37 20140530
9500 7 0 20141127
9502 4 79 20140903
9503 1 23 20141207
9504 1 58 20141210
9505 65 37 4 20141213
9506 3 60 20150706
9507 18 71 20150712
9509 92 118 20140220
9510 1 118 20140912
9511 28 40 20150113
9513 82 122 20140526
9514 94 68 20140726
9515 7 45 20141216
9517 70 63 20140628
9518 56 4 20141222
9520 37 0 52 21 20140628
9521 17 4 20150613
9523 0 36 118 20140204
9525 37 45 30 20140227
9526 20 4 20140501
9527 1 73 118 20141010
9529 1 19 20140311
9530 45 1 114 20140724
9531 43 79 20140818
9532 117 3 20140826
9533 20 38 33 20141211
9534 18 0 27 21 20150107
9535 0 37 20150516
9537 3 73 20140320
9538 43 23 20140419
9539 8 4 43 114 20150723
9540 8 1 20150801
9541 56 1 163 20150828
9543 18 2 20140321
9544 22 3 20150303
9545 3 16 77 20150628
9547 11 45 20140318
9548 21 37 20140510
9549 3 77 20140807
9551 3 130 20140225
9552 32 21 20140619
9553 17 16 118 20140729
9554 3 130 20150319
9556 21 70 20140125
9557 0 16 23 33 20141020
9558 1 19 21 130 20150605
9560 1 1 20150217
9561 70 125 20150702
9563 35 1 20140121
9564 4 24 20140925
9565 1 99 17 20141227
9566 24 1 65 26 20150912
9568 159 26 20140617
9569 34 3 20141014
9570 25 68 20141107
9571 18 26 20150802
9573 25 103 2 14 20140218
9574 74 49 20140312
9575 10 118 61 20140918
9577 0 26 20140312
9578 37 43 118 20140513
9579 18 17 20140714
9580 55 10 94 20141031
9581 49 85 20141223
9582 10 33 11 11 20141225
9583 22 14 37 20150210
9584 9 92 20151022
9586 1 157 20140426
9587 17 0 73 80 20140608
9588 17 37 20140718
9589 7 82 20141012
9591 55 57 20140625
9592 49 73 20140715
9593 0 37 20140723
9594 3 17 73 113 20140919
9595 18 74 20150225
9596 7 3 1 37 20150612
9598 3 50 20140502
9599 1 69 20141130
9600 1 130 20141203
9602 24 17 59 20140412
9603 1 16 20140614
9604 1 114 20141015
9605 88 3 1 20150216
9607 3 135 20140529
9608 100 103 20140711
9610 3 63 20140827
9611 22 129 20150403
9613 55 117 20140123
9614 39 114 37 20140406
9615 21 17 20150822
9617 82 79 20140611
9619 44 84 64 4 20140128
9620 69 68 20140401
9621 24 17 20140728
9622 18 64 20140823
9623 2 57 43 23 20141012
9624 21 26 20141114
9625 22 57 20150407
9626 37 12 15 20150710
9628 6 10 63 20140905
9629 12 33 20140920
9630 6 102 17 20141118
9632 59 162 20140909
9633 3 58 13 20141022
9634 6 51 4 37 1 11 73 17 20150221
9635 73 37 20150319
9637 20 103 20140119
9638 6 18 49 36 20150421
9639 27 159 20150616
9641 3 23 20140506
9642 3 3 20140803
9643 49 13 20140811
9645 103 73 20140122
9646 4 95 68 27 20140614
9647 24 154 20140620
9648 23 59 20140803
9650 17 35 20140801
9651 63 3 20140827
9652 73 59 20141014
9653 2 5 20150713
9655 1 24 20140503
9656 76 32 20140704
9658 1 3 158 20140420
9659 48 114 52 20140604
9660 74 74 20141216
9661 9 8 3 68 20150402
9663 16 43 20140326
9664 3 140 20140501
9665 22 37 20141029
9666 118 10 20141226
9667 3 75 20141230
9668 16 34 20150826
9670 137 26 20140527
9671 22 118 20141201
9673 65 70 141 20140205
9674 107 79 20140412
9675 28 17 16 20140712
9676 21 79 20140821
9677 1 90 20141002
9679 21 37 20140403
9680 48 23 20140520
9681 23 2 20141126
9682 16 22 79 20150308
9683 3 56 79 20150427
9684 25 0 20151003
9686 118 64 20140530
9687 11 71 20141107
9688 24 4 1 39 20150313
9689 23 49 11 20150330
9691 23 77 122 20140317
9692 94 69 20140911
9694 47 100 20140119
9695 26 27 20140721
9696 7 4 20141107
9697 6 1 20141109
9698 37 17 75 20150128
9700 13 19 79 20140425
9701 21 70 20140904
9702 21 6 20141214
9703 51 18 50 70 20150312
9704 9 70 20150426
9706 3 16 20140418
9707 21 13 20140810
9708 33 77 20140829
9709 48 55 32 20140831
9711 63 161 20140517
9713 24 0 131 20140120
9714 3 70 12 20140330
9715 16 16 20140513
9716 3 114 20140802
9717 0 70 20141115
9718 103 28 73 24 20150518
9719 1 25 17 20150528
9720 9 23 20150910
9722 16 37 20140405
9723 8 63 20140429
9725 3 69 20140304
9726 71 11 20140724
9727 94 23 20140907
9728 3 4 20150131
9729 18 0 44 20151005
9731 3 23 70 20140605
9732 0 2 4 20150427
9733 22 81 69 20150619
9735 26 3 20140630
9736 75 59 102 20140708
9737 12 69 113 20150826
9739 52 11 11 4 20140412
9740 57 69 20140703
9742 23 113 20140407
9743 36 4 20140828
9744 9 15 20141206
9745 16 134 20141208
9747 21 60 20140321
9748 97 38 20140527
9749 6 7 20140721
9750 25 1 20141125
9751 127 61 20141126
9752 24 49 13 20150927
9754 24 78 20140429
9755 126 73 20140907
9756 2 114 20141210
9758 24 93 20140323
9759 21 23 20140702
9761 113 23 20141023
9762 37 106 20150603
9764 7 68 20140413
9765 6 44 113 20140505
9767 37 70 59 20140514
9769 0 4 20140619
9770 117 17 37 20150512
9772 4 2 69 20140217
9773 6 59 20140521
9774 18 73 20141003
9775 49 20 3 20150222
9777 21 34 20140223
9778 118 118 73 37 20140227
9779 3 4 20140713
9780 7 63 20140826
9781 1 43 20140911
9782 48 26 20141018
9783 43 88 20141129
9785 0 3 20140118
9786 3 25 20140624
9787 120 37 20141127
9788 65 21 68 13 20141230
9790 43 19 20141012
9791 21 13 20141128
9792 1 73 43 20150427
9793 7 37 20150910
9794 48 105 20150925
9796 3 94 20141029
9797 50 3 20150202
9798 6 115 118 20150317
9799 34 19 20150621
9801 26 16 20140326
9802 59 59 20140621
9803 74 101 20140810
9804 6 17 20150125
9805 18 102 26 20150712
9807 67 8 3 44 114 20150501
9809 56 68 12 20140326
9810 2 24 20140814
9811 1 3 20140929
9812 39 100 20150410
9814 75 16 20140101
9815 60 17 113 20150308
9817 43 161 20140407
9819 20 0 20140127
9820 27 70 17 20140901
9821 3 157 20141022
9822 16 49 20141212
9824 56 68 20140408
9825 37 40 20140613
9826 16 11 103 20150113
9828 26 37 67 68 20140106
9829 18 10 20140703
9830 1 19 68 20140813
9831 0 44 19 20141016
9832 61 58 20141222
9834 27 1 20140715
9835 4 1 20140913
9836 16 0 20141121
9838 44 21 20140212
9839 33 163 20140811
9840 25 1 3 20150629
9842 28 4 20140905
9843 2 3 20150526
9845 50 37 20140611
9846 10 64 64 20150330
9848 4 73 20140202
9849 74 17 70 20140328
9850 26 0 20150702
9851 0 1 118 20150715
9853 88 59 70 20140806
9854 16 75 20141030
9855 151 17 84 20150613
9857 4 72 17 20140809
9858 2 1 20141228
9859 74 4 84 20150131
9861 43 70 20140310
9862 0 38 20140529
9863 2 10 20140929
9864 22 63 94 20150521
9865 1 58 20151026
9867 94 145 20140523
9868 2 82 69 77 20141124
9869 48 3 44 20150301
9871 7 53 20140201
9872 49 4 20141031
9874 56 4 20140315
9875 3 60 20140408
9876 24 43 20150125
9877 23 63 20151225
9879 4 73 20141102
9880 27 1 118 20150429
9882 28 113 20140303
9884 0 64 20140102
9885 1 70 4 20140228
9886 118 37 37 20140503
9887 1 16 20140804
9888 6 5 20140817
9889 56 38 24 20140831
9890 7 127 20141005
9892 10 114 20140131
9893 9 68 20140801
9894 83 94 20141030
9895 0 37 24 20150429
9897 10 76 20140121
9898 73 17 20140602
9899 23 91 79 20150708
9901 29 16 3 43 20140826
9903 49 98 20140716
9905 13 17 20140630
9906 57 43 20140720
9907 16 15 20141207
9908 1 7 21 43 20150126
9910 37 3 20140128
9911 18 82 20140301
9912 14 23 20140720
9913 37 34 20141020
9914 114 73 37 20141128
9916 1 52 20140303
9917 1 1 20150106
9918 37 2 26 20150401
9920 3 70 20140326
9921 1 68 20140628
9923 3 49 20140402
9924 9 75 20140613
9925 118 19 46 20141009
9926 22 38 49 20150716
9928 1 4 20140427
9929 68 1 20140817
9931 2 30 20140131
9932 1 57 20140205
9933 63 59 20140616
9934 22 34 20140930
9935 0 112 20141027
9936 1 49 20141119
9937 4 102 11 20150319
9938 27 16 3 26 20151008
9940 9 95 20140421
9941 34 1 20140613
9942 1 88 46 20150813
9944 69 48 20141115
9946 18 1 50 20140518
9947 15 16 20140606
9949 6 32 20140620
9950 37 24 20140924
9951 25 55 20150526
9952 56 28 136 20150925
9954 11 23 20140706
9956 9 15 34 20150720
9958 20 3 20140607
9959 4 73 135 20150430
9961 6 118 20140725
9962 73 4 20140808
9964 37 2 20140829
9966 19 4 20140128
9967 9 11 20140503
9968 56 0 4 20150113
9970 1 24 20140301
9971 11 61 20140628
9972 4 69 20140717
9973 5 3 20150105
9974 18 3 70 113 20150610
9975 6 16 20151012
9977 1 17 74 20150401
9978 93 114 43 20150524
9979 3 4 20150715
9981 4 128 33 20140620
9983 65 73 135 20140101
9984 73 123 20140519
9985 69 74 20140609
9987 4 116 20140622
9988 21 40 20141018
9990 2 26 63 20140305
9991 131 75 20140410
9992 16 14 20140823
9993 8 16 20140827
9995 22 17 20140113
9996 7 53 20140525
9997 21 10 20140918
9998 132 17 52 20150102
10000 65 114 49 20150529
10002 1 59 20140717
10003 17 2 20141027
10005 10 127 20141028
10007 29 17 20140121
10008 19 17 20140201
10009 59 74 34 26 20140413
10010 1 4 20140607
10011 26 77 20140924
10012 50 50 33 20150117
10013 9 10 20150525
10014 18 61 20150905
10016 21 21 20140128
10017 126 40 72 20140306
10018 60 63 20141022
10019 48 1 113 20150223
10020 73 17 95 20150522
10022 6 37 20140224
10023 1 103 20140425
10024 1 16 20140516
10026 91 1 49 20140802
10028 23 68 113 20140724
10029 9 132 20140810
10031 18 71 20141105
10033 4 4 127 20140505
10034 75 13 20140804
10035 0 24 38 16 20150810
10036 17 4 4 20150821
10038 27 3 4 19 20140121
10039 141 121 20140302
10040 65 37 20140308
10041 18 49 95 20140924
10043 59 1 64 20140720
10044 1 20 24 11 20150105
10045 8 145 20150427
10047 4 3 20141213
10048 20 19 99 20151203
10050 28 113 20140420
10051 45 69 20140523
10052 7 17 11 20140613
10054 1 11 20140322
10055 0 15 20141030
10056 21 73 13 20150511
10058 3 68 20140129
10059 112 37 20140415
10060 6 4 113 37 20150420
10061 63 74 35 20150514
10063 124 65 40 129 20140314
10064 96 34 20140324
10065 18 153 20140403
10066 16 79 20141226
10067 53 17 10 20150305
10069 37 16 20140117
10070 23 1 20150827
10072 73 3 154 20140609
10074 11 37 20140531
10075 97 23 68 20140727
10076 18 70 20140831
10077 102 133 20141125
10078 9 4 20141225
10079 1 74 55 20150522
10081 73 44 20140509
10082 7 1 20140705
10083 11 5 20141110
10084 0 26 31 20141210
10085 3 73 20150329
10087 122 19 20140726
10088 7 82 32 20140903
10090 7 30 20140821
10091 2 70 20141109
10092 2 92 49 20150119
10094 49 74 20141105
10096 49 103 43 20140216
10097 37 84 20140319
10099 17 74 20141217
10100 37 65 20150212
10102 10 4 20140529
10103 28 52 127 20140710
10104 23 83 20140728
10105 56 44 20140904
10106 1 82 20141128
10107 18 37 40 20150122
10108 106 68 20150127
10110 24 37 20141102
10112 12 103 129 20140331
10113 3 49 20140606
10114 134 75 20140630
10115 59 4 20140826
10116 18 1 20150225
10118 22 64 17 20140124
10119 0 1 20141109
10120 82 74 37 20150710
10121 18 55 1 48 102 113 20151008
10123 26 118 20140405
10124 23 38 20140929
10125 9 87 20150206
10126 10 146 20150513
10127 7 18 81 17 43 37 20151026
10129 3 5 17 79 20141104
10131 129 3 81 20140129
10132 29 3 20140615
10133 9 13 99 20140816
10135 75 48 3 113 20140225
10136 29 68 20140826
10137 0 37 20141104
10138 37 1 70 20150516
10140 23 24 73 39 20140522
10141 32 78 20140625
10142 79 23 72 20140822
10144 69 74 77 20140622
10145 28 23 20140719
10146 0 26 98 20141009
10147 24 118 20141026
10149 50 68 20140217
10150 50 61 20140417
10151 4 79 20140810
10153 124 40 20140111
10154 18 37 20140609
10155 0 32 91 20150120
10157 12 1 20140216
10158 108 51 20140528
10159 26 49 70 20140606
10161 22 44 30 27 20140215
10162 14 75 20140610
10163 17 95 20141105
10164 49 17 3 20150211
10165 21 1 20150706
10167 0 69 20140706
10168 21 90 48 20150421
10170 31 16 120 20141007
10172 27 3 19 20150702
10174 3 43 99 50 20141014
10176 9 4 20141012
10177 21 44 114 20150522
10179 50 4 20140618
10180 17 26 20140723
10182 6 35 20141116
10184 49 3 20140314
10185 21 1 20140405
10186 23 38 20140515
10187 3 2 50 31 20151102
10189 4 37 20140124
10190 19 114 20140702
10191 4 4 20141125
10193 37 49 9 17 20150806
10195 84 11 20140111
10196 79 102 75 20150325
10197 8 73 3 20150515
10199 0 45 34 20140708
10200 48 14 20150103
10202 1 3 20140718
10203 47 68 69 20150126
10204 1 37 20150527
10206 21 50 20140331
10207 141 1 37 20150325
10209 6 42 16 20140204
10210 28 1 20140614
10211 0 13 20140715
10212 24 26 33 20150429
10214 36 43 43 4 20140602
10215 1 48 20140717
10216 63 16 20141013
10218 93 14 20140403
10219 36 26 71 20140813
10220 82 68 20141226
10221 3 4 37 20150419
10223 37 17 20141108
10224 17 59 20141208
10226 11 65 20140309
10227 49 3 20141116
10229 7 113 20140811
10230 69 35 20141129
10232 74 49 20140614
10234 21 48 20141002
10235 72 19 49 20141111
10236 18 4 37 3 20150906
10238 4 139 69 20140527
10239 56 1 20150729
10240 68 25 20151013
10242 6 25 20140514
10243 79 117 20140717
10244 68 74 20140912
10245 82 33 20141121
10247 8 1 20140401
10248 135 27 20140531
10249 22 10 20140608
10250 8 15 20150526
10252 49 74 20140425
10253 88 78 76 20140710
10254 13 37 20140905
10255 29 21 20150419
10256 6 4 20150612
10258 26 37 20140409
10260 8 49 73 69 20150318
10261 9 2 20150706
10262 22 16 20150804
10264 10 0 20150101
10265 1 57 29 96 20150318
10267 63 1 20141226
10268 25 43 20150110
10269 3 94 20150116
10270 57 70 20150516
10272 22 72 20140318
10273 160 58 20140406
10275 15 49 158 98 20140405
10276 9 74 20140713
10277 0 24 20150207
10278 39 74 20150707
10280 21 0 20140730
10281 8 24 23 17 20150105
10283 3 16 20140610
10285 40 114 20141126
10286 4 63 20150103
10287 3 9 46 69 20150414
10289 118 11 20140920
10290 11 1 20141202
10291 21 43 20141210
10292 21 21 21 23 20150624
10294 4 17 20140114
10295 24 16 20140121
10296 0 84 20140502
10297 18 69 20141121
10299 37 74 20140221
10300 3 10 20140626
10301 63 11 20140930
10302 7 24 20141108
10303 56 1 40 10 20150112
10305 112 103 141 20140301
10306 24 17 20140721
10307 49 70 37 20140820
10308 9 1 37 20141224
10310 70 7 6 103 20150727
10312 23 142 20140301
10314 8 37 20150627
10315 16 13 20151002
10317 75 162 20140512
10318 1 43 20141119
10319 3 24 70 20150102
10321 20 49 20140113
10322 22 26 74 20140917
10323 70 70 20141226
10324 3 37 4 135 20150812
10325 0 3 20 46 83 20151012
10327 73 59 20140420
10328 23 16 20140607
10329 21 61 20140630
10330 24 44 26 33 20150708
10332 2 37 20140830
10333 48 70 20141226
10334 8 6 43 20150223
10336 21 55 20140122
10337 74 49 37 4 20140206
10338 50 4 20141022
10339 6 1 20150513
10340 16 17 112 11 20150518
10342 17 151 20140818
10343 69 37 20141101
10344 0 59 59 20150115
10346 1 37 159 20140528
10347 3 0 20140701
10348 65 100 20140713
10349 13 4 20141128
10350 1 49 74 20141224
10351 73 134 20150502
10353 21 24 1 72 20140217
10354 10 141 20140222
10355 48 1 20140608
10356 99 26 34 20150912
10358 18 1 20141010
10360 3 4 20140420
10362 17 37 94 20140223
10363 3 3 20140816
10364 36 17 27 20150216
10365 22 33 20150423
10366 21 45 2 31 20150516
10368 19 1 20140815
10370 73 11 20140120
10371 128 70 20140416
10372 60 37 20140518
10373 17 37 20140814
10374 48 17 20140925
10375 8 2 4 65 20150322
10376 37 3 20151222
10378 52 77 37 20140206
10379 50 73 20140417
10380 7 79 20141207
10381 22 24 105 11 20150114
10383 19 65 20140520
10384 10 69 20140529
10385 9 18 0 19 68 153 11 24 20150704
10386 36 141 23 17 20150815
10388 10 130 20140526
10389 24 49 20140614
10390 3 44 143 20140625
10391 53 3 20141004
10392 16 37 20141101
10393 51 40 20141105
10394 18 18 49 88 20150101
10396 3 127 20140902
10398 7 3 20141026
10399 1 0 37 43 20150103
10400 0 3 20150510
10402 3 147 68 20140716
10403 20 79 20140926
10404 9 24 74 73 20150428
10406 3 139 129 20140119
10407 6 153 20140226
10408 25 59 20140822
10409 141 4 20141021
10410 6 1 7 70 20150208
10412 114 19 20140117
10414 73 72 20140216
10415 3 37 20140418
10416 4 84 20140921
10417 44 50 20150519
10419 25 26 20140105
10420 72 16 20140219
10421 0 53 20140905
10422 49 18 64 17 20150304
10423 1 2 2 11 20150318
10425 9 77 20140524
10426 44 10 20140828
10427 1 38 20141103
10429 3 82 20140614
10431 117 37 20140215
10433 0 3 20140328
10434 36 43 20140620
10435 1 13 20150622
10436 6 23 43 99 20150713
10437 68 20 20150807
10439 3 57 20140614
10440 2 79 20140619
10441 24 13 20140805
10443 50 23 20140127
10444 95 4 31 20140728
10445 7 24 69 20141113
10447 21 95 37 20141124
10448 3 74 20141214
10449 37 35 62 52 20150203
10451 123 62 20140403
10452 17 118 43 20140410
10453 22 24 4 17 122 72 46 73 20150531
10455 21 0 20140111
10456 0 94 20140315
10457 72 27 20141220
10459 18 16 20140311
10460 82 74 20140430
10462 16 43 20140912
10463 15 81 20150111
10465 4 75 20140116
10466 1 64 20140830
10467 3 35 20141203
10469 124 42 20141224
10471 9 74 64 20140613
10472 0 19 1 20140629
10473 105 50 20140707
10475 22 37 17 20150619
10476 3 68 49 20150813
10478 2 17 1 17 49 43 20150403
10480 18 138 52 135 17 113 38 23 20150831
10481 7 17 20151004
10483 0 118 20140403
10484 49 69 20140910
10486 26 58 20140209
10487 152 21 20140412
10489 70 158 20140621
10490 18 14 20150313
10492 106 36 20150903
10494 7 7 69 20140304
10495 69 98 20141105
10497 25 19 20140601
10498 20 17 20150811
10500 21 4 1 20140908
10501 72 163 20141003
10503 7 114 20140622
10504 6 49 103 20140721
10505 1 49 20141113
10506 142 1 20150511
10507 1 1 6 97 20150928
10509 49 2 20140217
10510 70 158 20140218
10512 3 50 20140909
10513 4 34 20141011
10514 3 75 20150614
10515 18 74 20151023
10517 20 137 20140101
10518 1 43 20140910
10519 2 136 20150424
10520 7 90 20150611
10522 3 3 114 20140203
10523 73 33 20140907
10524 1 16 37 20141123
10525 10 11 20150723
10527 22 69 20140402
10528 44 19 20141004
10529 15 73 20141217
10531 21 23 20140322
10532 6 1 16 130 20150303
10534 24 79 20140102
10535 2 3 20140315
10536 37 3 20141213
10537 22 47 6 27 20151014
10539 44 37 20140101
10540 26 4 3 20140205
10541 23 23 20140507
10542 3 37 63 79 20150306
10544 63 44 157 20140307
10545 7 1 20140309
10547 4 17 11 20141029
10548 13 118 20141226
10550 7 153 10 20140605
10551 37 37 20140713
10552 3 72 20140914
10554 128 40 20140107
10555 127 49 20140719
10556 21 26 20141007
10558 49 3 20140603
10559 14 24 20141221
10560 20 0 103 1 96 12 20150626
10562 27 118 20140419
10563 32 4 20141127
10564 67 2 10 62 49 120 20150430
10565 6 4 20150724
10567 73 24 20140316
10568 3 1 20140505
10569 114 69 20141129
10571 21 49 20140223
10572 67 1 20140721
10573 23 43 20141119
10574 74 11 20141225
10575 16 59 2 95 20150207
10577 53 4 20141003
10578 1 17 23 20141026
10579 17 24 20150222
10580 37 48 20150604
10581 56 10 54 27 20150903
10583 4 68 113 20140123
10584 81 33 26 113 20150310
10586 18 19 20141224
10587 8 9 10 16 20150514
10588 18 10 16 20150612
10590 1 68 98 157 20141006
10592 68 16 131 20140506
10594 55 44 20140217
10595 24 82 20140226
10597 114 42 20140111
10598 68 4 20141004
10600 16 37 20140307
10602 35 122 20140613
10604 117 19 20140104
10605 21 74 20140116
10606 127 99 84 20140228
10607 49 10 74 1 20151011
10609 49 74 20141223
10611 94 73 20141210
10613 1 16 154 20140116
10614 2 113 20140227
10616 10 37 20140311
10617 10 37 20140715
10618 0 118 20140910
10619 1 21 20140930
10621 146 70 20140420
10622 3 99 127 20140830
10624 0 21 20140807
10626 61 63 118 20140224
10627 127 157 20140519
10628 158 49 20141214
10629 0 56 58 155 20150820
10630 2 21 21 48 20151106
10632 2 94 84 20140905
10633 18 1 20140917
10635 43 31 20140213
10636 39 1 20141031
10637 18 4 4 4 20150227
10639 24 17 20140723
10640 17 43 20141211
10641 23 57 20141216
10642 68 68 20141220
10644 4 37 13 20140329
10645 113 37 20140430
10647 6 49 20140613
10649 50 21 20140103
10650 21 49 20140411
10651 130 21 128 20140415
10652 18 23 20140805
10653 1 19 20140824
10655 7 4 20140103
10656 6 16 20140902
10658 6 4 20140704
10659 136 24 20140814
10661 130 158 20140620
10662 63 1 43 68 20150802
10664 49 74 75 20140302
10665 2 40 24 20141107
10666 25 53 20141209
10667 87 4 61 44 20150513
10668 28 17 20150727
10670 68 73 20140202
10671 4 17 20140609
10672 4 37 20140922
10674 69 36 20140831
10675 43 31 20150822
10677 62 65 20141026
10678 22 73 20150205
10679 0 21 20150529
10681 16 75 20140109
10682 17 4 20140111
10683 18 65 20140220
10684 4 40 20140318
10685 3 1 20140628
10686 50 74 20141208
10688 73 34 19 20140926
10689 0 3 35 23 20150903
10691 9 21 76 20141206
10692 6 58 10 127 20151118
10694 3 26 20140524
10695 6 44 69 20141013
10696 58 4 21 113 20141228
10698 11 113 20140201
10699 114 3 20140606
10700 62 17 52 4 20140610
10701 6 4 20140617
10702 1 77 20140715
10703 19 70 20141207
10704 65 57 37 75 20150905
10706 22 52 20140123
10707 37 17 20141016
10709 59 37 20140215
10710 73 64 20140530
10711 1 10 20140609
10712 20 3 20140816
10713 53 4 152 20150301
10714 9 157 65 4 20150418
10716 75 21 20140108
10717 44 158 3 100 20140317
10719 6 72 52 20140510
10720 2 58 20150226
10722 0 74 20140422
10723 21 55 16 31 20140908
10724 73 52 20141014
10725 6 44 52 24 20150214
10727 17 34 69 20140211
10728 1 37 20140401
10729 3 68 102 20141101
10730 73 63 11 20141206
10731 58 55 20150814
10733 1 1 20140416
10734 135 1 72 65 20150803
10736 1 130 158 20140419
10737 71 153 20141226
10738 43 73 20150213
10739 15 25 6 113 20150619
10741 22 19 20151018
10743 75 103 20140209
10744 6 50 16 20141127
10745 75 60 95 20150324
10746 16 23 11 20150531
10747 8 18 23 43 43 154 20150728
10749 0 37 17 21 17 68 55 67 20150721
10751 1 19 20140705
10752 135 11 20140923
10754 16 70 51 20140428
10755 28 43 20141225
10757 3 44 20140305
10758 19 15 20141021
10760 73 44 20140330
10762 79 35 20140401
10764 3 64 20140210
10765 3 73 20140217
10766 1 11 20140728
10767 67 1 70 20140909
10769 120 69 20140217
10770 1 76 20140815
10771 16 9 3 145 20150125
10773 72 70 20140910
10775 43 43 20140311
10776 24 13 20150430
10778 6 114 83 20141211
10779 9 56 99 49 77 70 20150109
10780 114 44 20150916
10782 17 17 20140117
10783 3 6 22 70 20150626
10785 4 11 20141120
10787 59 1 20140119
10788 12 17 20140713
10789 94 73 20141024
10790 22 49 33 20141105
10792 82 4 20140311
10793 94 79 20140419
10794 10 75 20140502
10795 18 26 17 55 20150713
10797 3 88 20140307
10798 1 14 20140418
10799 34 46 77 20140726
10800 6 2 20150119
10802 81 113 20141125
10803 18 21 131 20150614
10804 24 43 70 20150702
10806 50 87 20140607
10807 58 17 20150326
10808 18 1 4 49 20150428
10809 1 59 102 20150828
10811 50 135 20140110
10812 21 69 20141221
10814 102 19 37 20140221
10815 3 52 20140830
10817 3 16 20140311
10818 15 114 20150527
10819 96 16 15 10 37 20150703
10821 59 73 113 20141005
10823 8 63 20140403
10824 77 10 20140407
10825 158 99 4 20140504
10826 2 58 64 20140814
10827 37 95 20141009
10829 14 16 20140628
10830 9 157 20140824
10831 68 34 20140930
10832 24 70 20141207
10833 37 153 20141230
10834 6 43 20150404
10835 2 6 20150923
10836 8 21 11 69 20151224
10838 19 73 20140227
10839 82 88 20140627
10840 21 65 20141011
10841 18 50 20150113
10843 6 59 114 20140817
10844 10 68 20141031
10846 8 100 48 20140706
10847 135 94 20141223
10849 40 135 20140613
10850 20 26 20140816
10852 2 13 20140206
10853 73 3 20150126
10854 18 1 20150408
10856 16 44 20140214
10857 3 11 26 20140403
10858 37 3 20140425
10860 68 3 37 20141123
10861 44 17 20141201
10863 4 70 59 20140731
10864 10 35 20140904
10866 43 55 20140311
10867 3 24 20140922
10869 35 2 76 40 20150520
10870 2 21 35 20 34 37 88 20150706
10871 21 21 55 73 143 37 20150922
10873 16 33 20140728
10874 81 43 51 20140801
10876 122 4 82 43 20140227
10877 107 10 20140702
10878 1 26 79 21 17 72 127 20150318
10880 103 102 20140225
10881 9 136 20140611
10882 22 13 85 20140831
10883 4 63 20141214
10885 0 4 20140122
10886 17 3 77 64 20140609
10887 18 24 20150317
10889 34 10 44 20140419
10890 27 74 20141213
10891 24 48 14 3 164 52 44 20151004
10892 137 4 3 4 20151029
10894 77 19 20140804
10895 61 80 20140810
10897 28 19 20140417
10898 6 2 145 130 141 58 51 20150505
10899 1 3 20150819
10901 18 9 73 42 20150323
10903 63 63 20140916
10904 20 24 3 108 20150107
10905 8 9 150 65 1 63 100 49 20150114
10906 16 60 20150324
10908 3 17 20140614
10909 35 90 20140702
10910 81 19 20141029
10911 3 11 82 20141104
10913 37 49 20140721
10914 1 1 1 2 114 1 26 13 20150311
10916 3 36 20141227
10917 3 6 22 74 103 44 112 37 20150109
10919 64 23 113 20140318
10920 36 1 20140710
10921 55 88 20140825
10922 25 10 20141226
10924 5 43 19 20140623
10926 69 109 20140420
10927 13 118 20140623
10928 1 34 20140813
10930 7 93 20140123
10931 7 70 20140202
10932 2 162 20140308
10933 79 55 20140613
10934 73 38 20140918
10935 22 8 3 93 20150516
10937 9 27 20140125
10938 16 38 20140920
10939 15 113 20141029
10941 20 18 0 3 82 16 88 34 20150812
10943 29 53 17 20140226
10944 57 55 121 124 20140308
10945 0 73 20141214
10947 11 17 23 20140909
10948 82 1 82 1 43 4 24 1 20150628
10950 9 44 20140304
10951 113 147 20140513
10952 0 24 20151013
10954 1 40 23 20140409
10955 3 90 99 20140412
10956 16 70 19 20140821
10957 37 113 20140912
10958 159 97 20141105
10959 63 10 37 20150308
10960 4 37 20150717
10961 9 149 1 43 127 17 112 53 20150819
10963 18 68 20150104
10964 18 49 50 10 59 3 24 19 20150612
10966 19 55 20140402
10967 127 74 59 20140430
10968 0 10 51 20140531
10970 0 22 1 71 20150214
10971 22 21 21 44 98 59 11 149 20150724
10972 3 50 20150914
10974 1 43 74 20140802
10975 27 16 122 20150215
10977 3 155 103 11 20140105
10978 22 4 20140210
10979 3 49 20140828
10980 6 3 74 114 20150211
10982 4 26 20140422
10983 18 13 20140916
10984 37 99 20141105
10985 2 1 20150806
10987 28 6 84 20140104
10988 3 3 20140518
10989 22 16 20140522
10990 37 3 20150305
10991 25 21 20150409
10992 3 16 73 20150714
10994 0 103 20140619
10995 38 43 20140621
10996 21 14 20140626
10997 4 1 20141211
10998 11 21 20150606
10999 28 21 20150611
11001 3 17 16 20140216
11002 25 0 1 37 20140912
11003 37 2 20150109
11005 6 70 20140413
11006 22 24 20141112
11007 1 1 20150428
11009 6 90 20140107
11010 3 16 20140811
11011 21 57 20150620
11013 1 16 20150214
11015 74 21 20140220
11016 1 66 114 20140929
11018 0 5 20150725
11019 65 21 85 59 20150820
11021 22 68 61 20140426
11022 118 21 20140702
11023 49 95 20140719
11024 21 99 20141219
11025 36 50 17 20150308
11026 56 26 20150710
11028 43 2 135 20140627
11030 3 122 20140623
11031 21 32 129 20140812
11032 155 69 20140906
11033 29 24 143 20141015
11034 44 49 20141216
11035 79 3 17 3 20151031
11037 21 17 16 20140327
11038 9 33 20140807
11039 24 11 20150405
11041 17 16 20140922
11042 18 130 20150117
11043 4 4 20150313
11044 9 2 20151201
11046 3 48 20140327
11047 115 36 20140330
11048 19 37 20141114
11050 1 158 20140325
11051 3 68 85 23 20140419
11052 63 19 20140512
11053 115 57 20140807
11055 25 17 20140621
11057 4 57 20140508
11058 95 43 20141119
11060 19 103 20140212
11061 104 46 20140618
11062 1 43 95 20141117
11064 68 128 26 20150205
11066 35 21 103 20141120
11068 22 3 20140904
11070 37 21 20141019
11072 4 19 73 20140819
11073 4 153 20141023
11074 3 74 4 20150624
11076 23 3 20140504
11077 33 19 20150108
11078 18 37 3 20150905
11080 52 37 13 20140615
11081 4 73 20141108
11083 21 78 44 20140405
11084 7 69 77 20140824
11085 37 137 4 20150804
11087 8 3 37 20150103
11088 21 3 20150114
11090 1 17 43 20140107
11091 44 24 20140202
11092 22 162 68 20150329
11094 46 10 20140526
11095 37 68 20141005
11096 49 82 20141218
11097 21 19 20141225
11098 8 11 77 20150122
11099 69 25 17 26 37 99 20150603
11101 7 159 72 20140505
11102 57 45 20141226
11103 37 90 100 20150509
11105 18 73 37 20140214
11106 39 10 20140306
11107 28 3 20140403
11108 2 58 38 20140530
11110 24 24 20140126
11111 3 2 74 20140726
11113 20 57 20140109
11114 21 37 20150301
11116 118 13 20140821
11117 28 83 20140823
11119 6 68 16 20140325
11121 100 82 20140425
11122 4 39 17 4 1 4 20150907
11124 18 75 79 20150110
11126 68 74 44 20140107
11127 4 70 20140822
11128 21 70 20140928
11129 70 55 20141003
11131 11 127 20140125
11132 57 134 20140203
11133 68 1 49 20140404
11134 3 37 20140511
11135 4 49 20140609
11136 37 21 20141006
11138 18 110 20140311
11139 7 88 16 114 20140717
11140 0 15 70 20150916
11142 7 1 20140326
11143 7 68 20140513
11144 17 3 73 20140924
11145 122 11 20141207
11146 27 22 68 42 73 102 20150408
11148 18 21 20140513
11149 19 24 20140906
11150 2 37 20140925
11151 64 5 20141106
11152 1 19 20141225
11154 2 37 20140531
11155 17 6 23 20150409
11157 65 69 20140122
11158 17 3 11 20140714
11159 24 11 20141021
11161 3 135 20140502
11163 70 3 98 20140628
11164 21 16 20141219
11166 21 1 113 20140403
11167 69 59 20140706
11168 4 102 20141007
11170 7 70 20140528
11171 1 77 43 20140609
11172 70 4 20140616
11173 21 51 20140717
11175 25 68 20140109
11176 103 113 11 20140319
11177 22 19 27 20150303
11179 49 73 20140502
11181 83 4 20140515
11182 21 3 74 20150406
11184 134 145 20140318
11185 64 59 19 37 20140731
11186 55 127 20140805
11187 26 63 20141130
11188 37 3 82 20150721
11190 118 17 20140109
11191 81 74 112 20140615
11193 37 110 20140210
11194 0 3 127 20140402
11195 1 61 20140405
11196 17 1 20140411
11197 74 1 20140709
11198 22 120 20150816
11200 4 114 20140929
11201 16 58 20141013
11202 25 1 20150312
11204 67 49 20140113
11205 62 37 20140319
11206 17 0 20140509
11207 55 11 20140827
11208 82 73 90 23 20141107
11210 74 3 20140209
11211 10 1 20140426
11212 0 34 20150426
11214 37 4 20140112
11215 70 153 20141105
11216 1 103 20141203
11218 145 58 4 20141026
11220 47 3 20140501
11221 19 4 20141022
11223 1 1 20140618
11224 121 1 7 49 20150430
11226 37 6 4 20140128
11227 4 1 74 43 20140523
11228 1 153 20141009
11229 1 38 37 20141023
11230 67 62 20150715
11232 103 68 20140520
11234 17 2 17 20140112
11235 3 114 20140226
11236 23 73 89 20140505
11237 22 17 69 20140513
11239 6 69 20140709
11241 9 87 20141214
11243 79 24 20140108
11244 37 130 20140516
11245 2 4 70 20140519
11246 18 43 20141009
11248 102 2 20140224
11249 20 74 20141030
11250 21 11 20141107
11251 1 25 20141124
11252 4 3 20141217
11254 23 45 20140717
11255 24 4 96 37 20140830
11256 82 19 20140929
11257 3 10 20141007
11258 4 21 20141230
11260 4 17 58 20140414
11261 8 13 2 69 10 113 20150214
11262 1 99 20151128
11264 32 74 20141115
11266 1 69 20150211
11267 65 4 20150528
11269 0 3 68 20140424
11270 94 23 20141029
11271 1 49 20150410
11273 48 43 20140822
11274 14 68 20141226
11276 0 37 20140111
11277 113 26 20140714
11278 116 17 20140812
11280 154 17 112 13 20140421
11281 16 21 49 23 20141108
11282 3 11 20150916
11284 105 4 52 82 20140120
11285 54 44 20140724
11287 3 37 17 20140207
11288 75 70 20140801
11289 43 17 113 20151202
11291 75 113 20140327
11292 21 13 20140611
11293 0 95 20140817
11294 71 113 20141212
11295 13 4 20150223
11296 2 16 20151025
11298 9 10 20140201
11299 69 69 20140325
11300 6 147 20140508
11301 21 74 20140509
11302 50 12 20140724
11303 0 2 20140814
11304 7 44 20150825
11306 2 4 20140125
11307 69 133 20141015
11309 8 9 82 73 123 127 20150613
11310 3 99 20150729
11312 1 23 20150618
11314 94 77 20140128
11315 21 69 20140520
11316 39 42 24 23 20150514
11317 22 1 20150516
11319 16 4 20140112
11320 19 94 20140621
11321 2 55 13 20141104
11323 16 94 20140311
11324 43 127 20140930
11326 7 79 20140109
11327 90 27 20140201
11328 6 49 20141019
11329 20 26 20150220
11331 0 37 20140804
11333 95 141 20141212
11334 18 39 97 20150121
11335 9 1 82 43 20150122
11336 0 125 20150219
11338 21 10 20140901
11339 0 79 20140904
11340 18 64 20141204
11341 1 83 20150528
11343 69 4 20140115
11344 48 15 20140519
11345 10 52 20140628
11346 70 69 20140730
11347 1 82 20141107
11349 79 74 20140705
11351 37 78 113 20140310
11352 48 16 20140405
11353 6 73 20140719
11354 29 90 70 20140901
11355 153 31 20140912
11357 3 140 20150308
11359 127 34 20141216
11361 1 16 20140926
11362 26 32 20141027
11364 16 140 20140707
11366 10 19 20140122
11367 21 74 4 20140217
11368 81 67 20140802
11370 26 37 74 20140805
11372 39 113 20140518
11374 17 113 20140419
11375 18 32 20150616
11377 4 64 65 20140524
11378 1 44 49 43 20141124
11379 95 50 20151005
11381 130 70 20140320
11383 1 58 37 20140527
11385 127 2 20140120
11386 20 95 20140716
11387 4 81 20140929
11388 25 1 34 20150719
11389 114 0 58 61 20150827
11391 16 80 20140101
11392 157 75 121 20140116
11393 26 69 20141010
11395 47 4 20140320
11396 15 112 20140413
11397 112 57 20140417
11399 1 127 20140127
11400 6 23 20140211
11401 55 4 20141001
11402 24 113 42 20141130
11404 20 50 20140113
11405 0 16 50 20140825
11406 8 21 20150304
11408 22 133 20140505
11409 68 19 52 20140903
11411 23 14 20140609
11412 55 37 20151117
11414 10 16 20140714
11416 73 11 20141008
11418 115 70 20140123
11419 2 11 20140328
11420 27 107 20140530
11421 1 122 20140612
11422 2 37 20140821
11423 49 16 20140920
11424 72 24 20141029
11425 74 127 20141219
11426 7 83 20150610
11428 59 23 20140604
11429 1 17 20140828
11430 82 51 93 20140908
11431 19 1 74 35 20141109
11433 13 24 94 20140707
11434 70 1 20150919
11436 3 31 20140917
11438 44 103 20141213
11439 16 1 68 68 20150413
11440 24 70 20150510
11442 12 3 20140403
11443 27 75 68 20140615
11445 3 79 61 20140217
11446 22 68 20140408
11447 103 45 20150420
11449 5 32 20141026
11451 2 17 20140930
11452 21 17 20150228
11454 48 73 20140918
11455 0 17 20150811
11457 17 16 20140527
11458 3 153 20140715
11459 34 1 20140826
11460 7 57 76 20141021
11462 37 64 20140802
11463 3 74 1 20141203
11464 21 122 20150122
11465 13 55 43 20150430
11467 21 26 20140225
11468 24 34 116 20140304
11469 0 1 20140403
11470 73 37 20141014
11471 6 114 20150510
11473 52 3 20140302
11474 49 103 20140423
11475 22 43 21 20140622
11477 8 3 20140131
11478 3 17 79 20141223
11479 20 37 20150120
11480 8 1 11 64 20150829
11482 91 51 20141019
11483 3 70 20150214
11485 23 131 20140305
11486 17 32 20140921
11487 45 20 35 68 20150328
11489 4 69 20140418
11490 14 43 20140807
11491 49 11 4 20150207
11493 37 24 20140113
11494 37 59 20140125
11495 0 68 20141120
11496 6 1 20141206
11498 49 25 20140401
11500 55 19 20140331
11501 8 3 11 20140414
11503 25 82 20140310
11505 120 36 118 20141031
11506 49 1 63 13 20150211
11508 6 61 20140108
11509 9 68 20141008
11511 124 43 58 79 20140215
11513 9 35 20140517
11514 136 44 20140522
11515 68 37 20140613
11516 18 73 14 20141230
11517 73 21 4 12 20150106
11519 1 17 68 43 20140417
11520 9 74 20141031
11521 6 17 20150323
11523 107 52 20140211
11524 1 113 113 20140501
11525 16 26 44 20140702
11526 10 15 20141128
11527 28 63 20141215
11528 79 6 17 25 20151129
11530 19 71 20140321
11531 17 16 68 20140605
11532 2 44 2 105 20150608
11534 73 95 20140319
11535 18 73 114 20140716
11536 20 165 4 20140817
11537 22 68 63 4 20150620
11539 35 4 117 20140205
11540 57 23 20140402
11541 56 45 20140630
11542 82 11 20140705
11543 16 38 68 17 20150421
11545 113 23 20140423
11546 21 3 50 20140513
11547 36 91 13 54 20141112
11549 15 4 20140302
11550 6 84 11 20140703
11552 0 3 95 20141021
11554 56 73 20140304
11555 17 63 50 90 20150211
11557 65 114 20140228
11558 57 10 20140413
11559 74 157 20140807
11560 18 11 99 20141210
11561 9 1 1 99 20150225
11562 7 47 20150908
11564 7 22 79 143 45 70 20150204
11565 6 7 0 44 20150721
11567 7 70 20140104
11568 21 39 20140115
11569 9 48 26 20140324
11570 10 51 20140929
11571 37 1 20141013
11572 16 99 20141120
11573 37 20 20141205
11574 8 73 20150515
11575 15 17 17 69 20150706
11577 4 17 20140223
11578 24 82 20141120
11580 37 19 20140101
11581 18 21 24 4 20150530
11582 74 73 20151019
11584 36 91 70 20140913
11586 95 21 37 23 20140623
11587 10 34 20141004
11589 2 70 20140120
11590 68 43 20140815
11592 20 6 1 14 20150128
11593 18 20 3 20150730
11595 76 49 11 20140704
11597 2 3 20141222
11598 3 10 73 20150108
11600 1 24 20140105
11602 10 17 20140721
11603 21 81 20141204
11604 11 7 20150125
11605 4 21 20150214
11607 2 1 20140825
11608 68 68 20141103
11609 18 75 57 118 20150717
11611 0 37 20140720
11612 0 0 50 120 20150304
11614 19 26 20141021
11615 110 1 1 16 20150328
11616 18 3 20150619
11618 157 73 52 16 20140105
11619 118 79 20140112
11620 37 27 20140906
11621 49 0 17 25 20150914
11623 65 115 20140604
11625 43 9 21 44 20150312
11627 73 19 20140325
11628 17 139 20140514
11630 10 11 20140710
11631 16 99 7 19 20150828
11633 34 16 59 20140901
11634 64 99 20140911
11635 1 79 2 1 20150310
11637 17 102 20140127
11638 8 27 20140419
11639 24 63 20141113
11640 19 33 20141227
11641 18 24 74 38 20150218
11643 1 72 20140430
11644 82 16 163 44 20140812
11646 163 70 20140705
11648 18 63 20151207
11650 20 127 20140128
11651 6 17 20141001
11653 1 69 50 20140322
11654 0 79 20141020
11656 18 1 153 20140416
11657 70 21 20140503
11658 73 44 70 20141012
11659 58 1 20141126
11660 8 73 16 20150925
11662 22 92 4 20140220
11663 6 8 0 113 20150507
11665 37 13 20140304
11666 21 114 73 20140430
11668 40 98 20140514
11669 21 1 93 20140521
11670 58 132 53 44 20141219
11671 6 37 20141226
11672 7 16 37 20150703
11674 73 120 20140212
11675 2 43 21 20140318
11677 49 39 64 20140122
11679 24 135 20140404
11681 29 71 20140109
11682 8 81 20140312
11683 37 104 20141208
11684 0 18 21 88 20150114
11686 1 34 20140829
11687 23 24 20141003
11688 3 4 20141101
11689 20 19 20141215
11691 1 137 20140111
11692 6 1 20140822
11694 3 118 23 20140425
11695 16 24 20140709
11696 35 45 44 20141208
11697 18 4 63 65 20150722
11699 23 113 20140213
11700 74 24 19 37 20150504
11702 59 23 20140209
11703 49 95 20140811
11704 3 64 20140817
11705 2 24 22 82 20150527
11707 3 7 20140805
11708 49 49 20140811
11710 1 57 38 4 20140604
11711 37 69 20141120
11713 44 10 20140626
11714 63 16 20140715
11715 6 11 20141010
11716 1 3 20141127
11717 35 18 24 19 74 13 20150403
11719 34 10 20140714
11720 18 18 24 112 20150112
11721 17 90 20150726
11723 1 73 20140907
11724 18 9 24 2 20150413
11726 82 63 20140111
11727 56 37 20141211
11728 3 22 43 20150423
11730 3 69 20140210
11731 3 15 20140302
11732 69 37 20140413
11733 99 124 20140703
11735 130 135 20140102
11736 6 54 20140126
11737 4 24 20140929
11738 98 41 20150507
11739 0 113 20150723
11741 6 17 20140310
11742 8 37 20140313
11743 43 73 16 30 20140509
11744 19 4 20140530
11745 18 18 74 23 20150303
11747 21 37 20140610
11748 20 59 20140806
11749 49 106 16 23 20150119
11751 0 16 20141022
11752 16 39 20141102
11754 103 11 20140302
11756 36 88 4 20140106
11757 24 50 20140612
11759 18 4 20140401
11760 2 55 120 20141229
11761 4 4 20150320
11762 24 74 20151017
11764 73 37 20140603
11765 8 23 20141005
11766 0 94 68 122 20150205
11768 27 73 20140720
11769 13 159 20140723
11770 35 3 20141224
11771 17 2 87 74 20150917
11773 21 114 20140407
11775 17 4 20140614
11776 1 45 4 20140903
11777 21 82 20141024
11779 149 24 20140516
11781 1 70 14 20140112
11782 0 45 113 20140323
11783 53 16 49 20140607
11784 4 4 20140626
11786 1 15 20140403
11787 39 73 135 20140917
11788 6 82 20150126
11789 21 8 3 128 20150212
11791 1 1 20140331
11792 112 101 20140411
11793 1 16 73 20140607
11794 39 70 96 20141004
11795 1 15 20141023
11796 24 18 3 4 20150212
11798 56 17 20140416
11799 59 117 88 23 20140929
11801 9 70 20140204
11802 17 113 4 62 20140427
11803 74 10 20141201
11805 1 31 20140204
11806 64 100 20140212
11807 19 4 75 20140612
11808 65 10 20140626
11809 9 37 35 20150110
11811 3 57 20140812
11812 56 65 27 20150319
11814 26 1 20140131
11815 27 72 20140408
11816 20 43 20140929
11817 16 115 20141225
11818 24 17 30 23 20150318
11820 20 88 20140720
11822 20 15 20140904
11823 1 4 20141006
11824 24 101 20150104
11826 3 159 20140429
11827 21 61 20141113
11829 118 116 20140311
11830 37 38 20140314
11831 0 153 37 103 20141027
11832 25 10 159 20141229
11834 22 4 20140120
11835 19 11 20140520
11836 71 68 20141218
11838 0 31 20140429
11839 26 73 20140612
11840 102 3 20141010
11842 4 17 20140414
11843 1 17 13 20140711
11844 2 22 19 1 20150102
11846 26 26 20140525
11848 1 43 20140811
11849 44 40 16 61 20150127
11850 21 4 20151003
11852 3 141 20140428
11853 26 4 20141106
11855 122 17 103 49 20141018
11856 19 4 20141122
11857 22 17 37 20150420
11859 21 158 20140813
11860 31 17 20140906
11861 0 25 128 20140916
11862 17 113 20141107
11863 14 4 40 20141116
11865 82 63 20140330
11866 3 10 20141015
11867 106 49 20141121
11868 17 51 20141122
11869 57 39 20150311
11871 144 114 20140708
11873 11 3 20140222
11874 9 79 26 20140404
11875 1 24 20150723
11877 0 23 43 20140310
11879 18 48 24 1 20150828
11881 74 23 20140411
11882 37 69 20140516
11883 49 74 20140523
11884 1 13 20140526
11885 21 63 20140901
11886 18 1 50 63 20150406
11888 3 69 20140103
11889 39 74 91 20140525
11890 18 1 20150505
11891 0 3 20150523
11893 67 91 20140118
11894 6 65 20150730
11895 57 64 24 20150802
11897 16 16 20140113
11898 70 113 20141031
11899 101 18 37 112 20150228
11901 48 137 20140404
11902 25 31 20150118
11904 0 37 15 20140109
11905 21 26 20140625
11907 45 20 50 16 20150401
11909 16 1 20140331
11910 1 3 20141014
11912 49 43 20150317
11914 39 3 20140825
11915 68 58 20141210
11917 4 3 20141101
11919 11 3 20140123
11920 23 16 20140226
11921 5 23 20140629
11922 17 21 20140826
11923 44 53 129 20140902
11924 2 22 20150305
11926 1 37 20140603
11927 63 147 20140922
11928 22 3 20150303
11930 19 36 20140430
11931 107 37 44 20150312
11933 1 69 20140816
11934 4 79 114 20141005
11936 2 141 13 20140528
11937 0 82 20140613
11938 21 37 95 20140812
11939 8 10 31 20150307
11940 3 43 20151108
11942 50 3 73 20140617
11943 73 82 20141028
11944 4 52 20150315
11945 14 114 20150612
11946 25 57 20151004
11948 37 25 20140919
11949 22 34 20141221
11951 59 13 20141121
11952 1 3 20150213
11954 123 3 55 20140225
11955 37 37 20141120
11957 20 69 20140805
11958 4 19 20141127
11959 9 4 20150130
11961 7 4 10 20141012
11963 82 73 20140320
11964 19 4 103 23 20140324
11965 8 49 23 20150329
11967 2 1 0 20140204
11968 76 84 20140501
11969 4 31 13 20140610
11970 24 94 20140701
11971 3 70 20140710
11972 21 1 23 20140819
11973 1 13 12 4 20141013
11975 1 73 20140923
11976 51 26 141 20141007
11977 0 114 20141112
11978 21 49 16 20141223
11979 2 13 20150214
11980 92 55 20150219
11982 23 68 20140315
11984 113 37 20140324
11985 43 3 20140424
11987 9 37 12 20140118
11988 21 130 21 1 20140623
11989 22 54 20140818
11991 1 6 20140607
11993 3 11 72 38 20140122
11994 75 1 20140610
11995 25 48 23 113 20141001
11996 2 1 20141027
11997 1 68 98 77 95 38 20150717
11999 3 82 20140201
12000 17 1 20140615
12001 36 34 20140619
12003 23 38 135 20140128
12004 69 73 20140902
12005 1 49 20141102
12006 7 1 98 20141115
12008 3 19 20140121
12009 19 1 97 20141117
12010 15 6 20141225
12011 6 4 20150224
12013 24 23 20140422
12014 1 61 37 20140707
12015 10 153 57 11 20140925
12017 16 15 20141110
12019 50 127 70 20140130
12021 60 19 1 20140628
12022 3 68 20140720
12024 1 23 20140709
12026 65 59 20140119
12027 17 11 20140328
12028 82 82 20140402
12029 34 26 20140515
12030 135 65 24 20141017
12031 76 1 157 33 99 51 20150605
12033 55 43 51 20140314
12034 4 40 20140928
12036 37 21 20140312
12037 73 17 40 4 20140727
12038 156 16 4 45 16 20140814
12039 49 10 20140826
12041 105 99 20140814
12043 3 17 20140804
12044 3 4 120 20140807
12045 14 130 20141014
12047 0 1 20140407
12048 50 3 3 20140802
12049 3 1 20141117
12050 4 104 20141118
12052 6 21 20140208
12053 141 5 1 129 20140416
12054 76 11 20140701
12055 19 1 20140831
12056 4 131 20141028
12057 17 21 137 20150203
12059 23 68 20140607
12060 125 121 20140614
12062 81 70 20140404
12063 73 103 20140803
12064 35 23 20140805
12065 37 31 20140819
12066 4 14 20141107
12067 0 127 70 20150318
12069 23 78 85 4 20140426
12071 59 4 20140425
12072 57 37 20140718
12074 22 44 20140913
12075 21 0 20141129
12077 71 57 17 24 20141005
12078 49 52 20141209
12079 0 16 59 20150313
12081 0 70 20140226
12082 59 70 70 20140317
12083 16 11 20140507
12084 1 82 43 20141213
12086 8 69 20150407
12088 0 82 4 20140224
12089 6 70 99 153 20140606
12091 21 50 20140911
12092 47 50 20141001
12093 0 122 20141030
12095 70 1 20140121
12096 0 114 20140901
12098 28 113 158 20150415
12099 1 15 68 20150816
12100 57 70 37 20150912
12102 43 75 20140120
12103 37 32 20141221
12104 18 4 20150111
12106 6 80 20150220
12108 22 19 20140924
12109 37 39 20141210
12111 122 37 20140413
12112 14 9 20150104
12113 81 13 20150130
12115 19 66 20140401
12116 6 55 20150228
12118 19 13 20140424
12119 90 17 20140515
12120 15 4 20141125
12122 1 34 20140721
12123 6 39 16 20141203
12125 21 26 70 14 20140427
12126 18 59 20140828
12128 75 4 20140327
12129 21 75 43 70 20140526
12130 3 90 20141114
12132 79 4 20141216
12134 0 74 20140202
12135 0 24 23 20140726
12136 106 11 20140822
12137 61 37 20141022
12138 153 37 20141026
12140 6 113 20140322
12141 94 52 20140729
12143 0 63 20140416
12145 65 73 20140106
12146 4 73 20141106
12148 10 99 26 79 20140312
12149 33 23 20140517
12150 103 136 20141021
12151 17 27 19 113 20141208
12153 0 23 4 20140423
12155 25 23 20140301
12156 73 23 20141015
12158 52 16 20140319
12160 122 17 20140215
12162 17 35 20140826
12163 36 13 20141013
12164 16 10 20141119
12166 0 1 69 49 20140401
12167 147 40 20140811
12169 37 0 20140212
12170 2 4 52 20140309
12171 18 40 20141110
12172 8 3 20150406
12174 113 82 20140214
12175 3 4 16 37 20140403
12176 50 69 20140820
12177 0 74 158 20150107
12179 0 3 20140810
12180 35 143 20140917
12181 15 49 20141126
12182 1 75 20150714
12183 22 1 68 20151119
12185 21 11 20140128
12186 4 17 68 82 20140131
12187 61 95 20140216
12189 16 90 43 20140627
12191 106 3 20140712
12192 69 49 20140719
12193 4 12 20141008
12194 52 137 20141205
12195 11 12 20141210
12197 16 114 82 20141218
12199 21 135 20141019
12200 20 99 20141028
12201 3 79 20150815
12203 20 19 20140117
12204 129 44 20140213
12205 4 135 20140420
12206 35 61 20140520
12207 49 82 20140803
12208 21 79 20140916
12210 37 1 20150505
12212 11 24 20140605
12213 63 1 20150310
12214 1 13 61 20150511
12216 16 42 20140227
12217 1 17 20140419
12218 35 59 20140721
12219 0 90 113 20150322
12221 0 122 20140103
12223 37 82 74 20140128
12224 69 37 100 20140630
12225 21 1 107 20150903
12227 75 43 20140701
12228 71 72 20141031
12229 82 67 20141128
12230 24 50 35 20150104
12232 3 37 61 20140118
12233 3 74 20140330
12234 50 19 20140514
12235 43 103 20141029
12236 36 21 20141118
12238 24 44 20141129
12239 16 73 25 1 20150828
12240 10 25 133 20150929
12242 62 4 17 20141011
12244 65 124 20140406
12245 127 37 20140924
12246 6 13 20141025
12248 21 73 20140527
12249 151 37 20141118
12250 2 50 115 20150523
12252 10 4 20140403
12253 3 143 20140727
12254 7 37 20141104
12256 73 76 20140421
12257 3 23 20140523
12259 15 74 20140116
12261 17 127 20140209
12262 95 13 20140926
12263 99 7 68 20150214
12264 1 4 20150604
12266 16 93 16 20140415
12267 10 73 20140508
12268 17 75 20140730
12270 24 65 20140220
12271 56 3 20150131
12273 44 4 20141202
12275 7 87 20140401
12276 74 1 20140502
12277 22 12 13 20150413
12279 11 36 20140228
12280 35 17 4 20140518
12281 63 26 17 20140817
12283 85 25 20140129
12284 70 43 20140906
12286 73 59 20140324
12287 1 51 20140525
12289 99 27 20140328
12290 8 61 20140921
12291 16 17 4 43 90 4 20150402
12293 37 11 20140717
12294 8 70 20150308
12296 95 91 20140131
12297 7 44 20140204
12298 2 37 20140523
12299 56 100 19 20141027
12301 74 17 5 20140422
12302 37 91 113 20140606
12303 0 37 69 113 20140612
12304 26 151 20140813
12305 11 3 20140821
12306 2 73 20150518
12308 8 68 20140218
12309 69 26 75 20140308
12311 22 37 20140707
12312 2 137 20151029
12314 4 1 20140902
12316 20 3 20140102
12317 6 19 52 20140628
12318 45 72 20140920
12319 1 6 70 55 37 17 20150610
12321 18 75 20140501
12322 17 155 20140916
12323 0 21 2 15 114 49 20150429
12325 17 1 20140811
12327 1 48 20140430
12328 20 95 20140518
12329 2 91 20150119
12331 1 49 20140325
12332 6 33 20140910
12333 7 2 20150106
12335 9 11 20150501
12337 68 16 20140128
12338 4 1 20140510
12339 110 14 13 20140718
12340 1 59 20140723
12341 21 4 20140811
12342 4 70 20141121
12344 49 1 20141122
12345 3 102 3 4 70 79 20150219
12347 25 70 20140909
12348 79 3 20150504
12350 23 69 23 23 20140128
12351 18 23 20140203
12353 18 19 20141203
12355 127 26 20141012
12357 64 64 20140625
12358 23 16 20140914
12359 0 26 151 37 20150429
12361 16 69 20140726
12363 20 23 133 20140728
12364 3 143 49 20141224
12366 7 16 20140902
12367 114 16 20141005
12368 7 6 0 26 11 52 20150411
12370 72 19 72 141 20140310
12371 59 24 99 20140413
12372 17 98 141 20140608
12373 49 68 20140808
12374 37 112 70 20141217
12376 3 19 73 20140830
12378 114 70 42 20140220
12379 73 165 20140408
12380 37 1 20140410
12381 49 1 20140917
12383 6 1 20141016
12385 1 103 20140418
12386 1 17 20140529
12387 1 35 4 20141025
12389 48 122 17 20140420
12390 4 39 68 20140902
12391 4 82 20141212
12393 2 118 20140227
12394 56 21 20150103
12395 49 68 20150618
12397 37 95 20141115
12399 37 141 20140801
12401 73 114 20140216
12402 0 72 20140503
12403 113 98 20140601
12404 1 3 20140602
12405 73 14 20141224
12407 1 24 20140618
12408 37 121 20141006
12410 21 19 20140925
12411 44 79 20141211
12413 15 73 20140629
12414 47 30 20141230
12416 9 37 20140828
12418 3 49 20140606
12419 0 23 59 20140814
12421 49 90 4 25 158 82 20140331
12422 9 69 118 20140517
12423 4 64 20140703
12424 47 74 20140813
12425 8 3 14 20150523
12426 52 73 20150714
12428 0 27 20140327
12429 50 70 20150131
12431 6 3 20150121
12433 52 4 20140825
12434 65 9 20150819
12436 3 17 20140101
12437 0 11 20140106
12438 1 13 20140714
12439 4 4 20140726
12440 70 70 20150906
12442 11 3 20140213
12444 0 127 20140115
12445 4 19 24 20140202
12446 22 61 20141020
12448 25 37 20140114
12449 21 37 20141206
12451 43 37 20140218
12452 1 15 17 20140316
12453 127 112 20140720
12455 2 37 20140518
12456 11 69 20140525
12457 37 75 10 20140530
12459 8 21 20140725
12460 17 19 20150529
12462 0 4 80 20140326
12463 27 71 64 20140811
12464 69 118 20141220
12466 118 4 20140823
12467 6 77 20141029
12468 8 50 20150528
12470 1 11 20140610
12472 31 100 20140514
12473 11 4 20141008
12474 18 4 27 40 20150731
12476 4 79 20140826
12478 52 37 20141219
12480 101 88 20140627
12482 1 114 51 20140905
12484 0 103 20140318
12485 21 19 20140424
12486 3 102 70 20140501
12488 6 14 20140829
12489 8 1 20150829
12491 6 15 20140111
12492 21 15 20140123
12493 56 71 20140224
12494 23 19 20150321
12496 99 17 20140102
12498 102 4 11 0 20140114
12500 37 70 20140216
12502 49 37 43 20140121
12504 47 150 20140420
12505 65 95 20140819
12506 21 49 20141019
12507 21 16 20150421
12509 3 39 20140823
12510 9 21 20150709
12512 11 68 20140204
12513 59 21 20140415
12514 18 1 20140921
12515 2 21 20141025
12516 22 65 20150213
12517 18 113 20150508
12519 35 129 20140119
12520 4 4 20140227
12521 21 38 20141015
12523 22 128 20140120
12524 100 16 4 20140313
12525 4 65 20140912
12527 34 74 20140113
12528 0 17 20140116
12529 74 3 20140406
12530 6 4 20140706
12531 3 76 20150621
12533 2 68 20140111
12534 117 43 20140416
12536 35 113 20140226
12537 37 128 20141127
12539 24 37 20150627
12541 3 4 20141102
12543 11 68 20140717
12544 118 10 4 43 20141004
12545 12 81 20141102
12547 21 37 20140329
12548 3 27 20140515
12549 3 0 20141111
12551 0 44 19 23 20140531
12553 7 43 49 20140126
12555 4 2 20140406
12556 2 16 20140726
12558 2 118 20140218
12559 141 82 20140401
12560 44 1 24 20140513
12561 16 138 20141001
12562 37 17 19 20141103
12563 13 4 20141212
12565 11 0 20140126
12566 59 102 20140501
12567 23 3 20140616
12568 4 4 20140624
12569 40 14 20140701
12570 18 98 69 20150523
12571 18 24 116 112 20150615
12573 115 17 20140428
12574 39 21 70 20140730
12576 3 37 20140528
12577 69 37 63 20140823
12578 70 113 20140915
12579 25 118 20141018
12581 1 11 70 70 20140302
12582 3 4 19 20140530
12583 63 70 20140802
12584 69 103 20140804
12585 8 1 3 20140829
12586 48 17 20141003
12587 1 3 44 20141224
12589 73 44 20140424
12590 64 118 20140914
12592 113 119 20140320
12593 65 4 20140702
12594 39 21 3 20141008
12596 0 23 20150107
12598 17 17 20150221
12600 118 107 20140209
12601 18 23 20140503
12602 23 4 20140910
12604 4 49 20140613
12605 3 5 20141208
12607 23 125 20140412
12608 3 35 20140530
12610 2 45 20140302
12611 68 82 73 20140925
12613 6 23 64 151 20150618
12615 21 70 74 20140626
12616 63 25 20140808
12618 1 26 20140111
12619 37 1 110 20140217
12620 23 19 20140223
12622 70 3 43 68 20141224
12624 48 26 20140218
12625 62 103 20140517
12627 37 69 20141230
12629 3 3 20140326
12630 40 51 32 20140619
12631 49 57 79 20141008
12632 18 11 71 20141012
12633 21 79 20141120
12635 25 23 20140402
12636 128 58 19 20141021
12637 57 16 20141022
12638 97 23 63 77 20150210
12640 28 35 20140109
12641 7 114 20140906
12642 0 42 103 20141215
12644 6 82 23 20141122
12646 7 43 20140924
12647 6 73 20150130
12649 49 49 20140909
12650 0 90 20141012
12652 3 37 20140527
12653 24 3 20141004
12655 19 38 20140227
12656 6 21 20150808
12658 16 4 20140113
12659 5 37 95 20140310
12660 69 110 21 70 20150906
12662 4 113 20140509
12663 21 88 20140809
12664 36 17 105 20140810
12666 15 69 20140320
12667 4 74 20140506
12669 35 10 43 17 20140719
12670 24 70 20140812
12672 44 50 84 20140419
12674 0 65 20140522
12675 24 135 20140524
12677 64 70 20140213
12678 65 23 20140517
12680 41 64 4 20140604
12682 65 2 73 20140822
12683 25 75 20150723
12685 114 14 20141205
12687 8 50 20140313
12688 81 23 31 20140613
12689 34 114 37 152 20141018
12691 43 130 20140421
12692 1 50 20140503
12693 21 17 20140921
12695 37 79 15 77 20140107
12696 3 70 14 20140909
12697 18 3 20141027
12698 15 2 20141206
12700 18 55 20140112
12701 17 1 20141014
12702 21 54 20141224
12703 0 44 13 20141229
12705 64 26 20140315
12706 18 37 10 20140901
12708 68 4 20140227
12709 35 16 20140305
12710 24 19 20140309
12711 37 1 20141118
12713 17 70 20140404
12715 16 86 20140420
12716 2 3 20140422
12718 6 1 20140211
12719 10 11 37 20140412
12720 4 141 20141206
12721 8 3 20150719
12723 50 16 20140822
12724 8 121 20150524
12726 19 113 20140320
12727 79 114 78 20140504
12728 4 24 20140810
12729 0 99 20141206
12730 10 52 20141214
12732 22 23 4 20140222
12733 7 3 20140411
12734 70 17 20140814
12735 9 44 20141204
12737 74 23 20140120
12738 50 69 20140321
12739 6 4 20141012
12741 22 23 20140203
12742 50 75 20140417
12743 9 65 20140726
12745 1 11 20140120
12746 23 69 20140416
12747 2 69 78 20141119
12748 22 61 20150101
12750 23 68 76 20140507
12751 28 17 20140701
12752 25 2 20140803
12753 52 110 20150118
12755 59 71 20140727
12757 16 44 20140828
12759 58 128 20140218
12760 83 5 20140412
12761 4 99 20140620
12762 0 74 20141020
12764 10 4 20140108
12765 0 117 113 16 20140529
12766 6 57 10 70 20140621
12767 23 37 20141027
12769 0 14 1 20140313
12770 0 23 20140821
12771 37 16 10 20140925
12773 23 67 20140911
12775 23 68 16 20140702
12776 1 25 20140925
12777 25 64 20150227
12779 22 113 20140521
12780 4 27 20141110
12782 21 73 20140626
12783 43 64 20140814
12784 49 57 20141212
12786 3 1 20140423
12787 14 61 20140515
12788 10 128 20140701
12789 4 114 20140914
12791 1 2 20140113
12792 2 81 20140910
12793 24 27 118 20150313
12795 68 50 20140520
12797 37 19 4 75 20140810
12798 4 16 20141119
12800 8 113 20141208
12802 65 37 20150121
12804 17 70 20140624
12805 3 15 99 52 20140708
12806 99 27 20140816
12807 65 68 114 20141023
12808 7 113 20141117
12810 3 63 20140123
12812 0 17 16 20140111
12813 3 13 20140708
12814 132 114 20140915
12815 7 10 20141026
12816 18 70 97 20150301
12818 3 57 20140131
12819 21 81 20140209
12820 3 80 34 20140321
12821 6 73 20140913
12822 21 136 20150802
12823 18 1 20150923
12825 1 4 17 20140502
12826 10 73 20141105
12827 8 17 20141220
12828 103 3 20150120
12830 16 13 20140227
12831 8 100 20140509
12832 37 3 20151117
12834 108 43 20140116
12835 50 3 20141218
12837 6 73 20140423
12838 1 64 20140922
12839 24 79 20141110
12841 73 17 20140401
12842 15 69 20140712
12843 0 30 20151201
12845 24 37 3 98 20140404
12847 69 87 1 24 20140415
12848 65 118 20140827
12849 73 11 20141122
12851 37 114 20141218
12853 50 17 70 20140616
12854 37 37 20140810
12856 18 73 20140420
12857 23 61 69 20140506
12858 44 73 20140810
12859 50 10 20141223
12861 21 113 20140311
12862 63 98 20140313
12863 74 44 4 20140730
12864 52 70 20141209
12865 18 74 20150504
12867 49 82 20141007
12868 73 64 20141028
12870 56 45 20140130
12871 120 136 20140622
12872 65 17 82 20140706
12874 24 157 20140123
12875 1 72 20140527
12877 91 43 20140530
12878 21 15 20141103
12880 73 58 20140407
12881 9 23 20140707
12882 127 59 20141226
12884 6 21 20140206
12885 112 70 37 43 20140624
12886 28 19 20150318
12888 21 147 20140711
12890 81 75 20140930
12892 37 49 20140812
12893 22 1 20141004
12895 56 21 20140412
12896 50 11 20140501
12897 15 49 107 20140919
12899 37 4 20140515
12900 16 48 23 20141120
12902 4 44 20140114
12904 145 1 20140430
12905 115 70 20140614
12906 49 23 20141229
12908 31 23 20140326
12910 13 57 20140724
12911 123 110 20140906
12912 22 16 20141215
12914 65 74 20140314
12915 70 21 75 20140414
12917 4 1 20140102
12918 114 4 20140227
12919 16 24 20140423
12920 43 17 20140616
12921 6 114 20141212
12922 56 13 20141213
12924 69 4 141 20141121
12926 35 65 74 20140511
12928 3 49 20140208
12930 52 26 20140418
12931 0 102 20140710
12932 48 35 20140726
12933 19 43 69 20141126
12935 113 19 20140316
12936 149 1 20140701
12938 4 3 37 20140808
12940 7 14 4 20141225
12942 7 37 20140607
12943 7 0 20150414
12945 3 23 20141215
12947 1 3 5 20140727
12948 5 3 20140910
12949 50 63 69 20141012
12951 100 21 20140621
12952 4 1 20140728
12954 90 157 20140312
12955 87 43 20140713
12956 50 1 20140903
12957 1 58 20150310
12959 94 44 20140623
12960 113 49 20140727
12962 44 50 20140315
12963 0 37 20140824
12964 34 113 20141216
12965 103 43 20141221
12967 21 19 20140210
12968 5 15 69 20140404
12969 3 49 20140614
12970 21 11 16 37 20141224
12972 73 95 20140315
12973 37 4 20141110
12975 10 120 75 20140222
12976 3 74 20140318
12977 59 17 43 38 20141119
12979 0 70 20140317
12981 3 25 20140430
12982 7 3 20140603
12984 22 33 20140412
12985 130 158 20140912
12986 25 44 20150420
12988 34 31 20140204
12989 4 164 20140409
12990 17 24 20141113
12992 26 69 20140525
12993 26 3 20140817
12995 145 52 20140508
12996 35 24 20140521
12997 118 49 20140928
12998 26 113 20141107
13000 17 37 17 20140709
13001 1 1 20140831
13003 166 121 20140301
13004 3 69 16 20140529
13006 17 17 20140221
13007 17 93 20140223
13008 4 34 10 20140424
13010 18 122 20140106
13011 1 1 20140408
13012 4 70 20140503
13014 127 103 20140204
13015 44 17 27 61 20141025
13016 4 84 20141115
13018 69 120 20141011
13019 3 85 20141205
13021 78 48 20140220
13022 52 19 20140802
13023 6 114 20141118
13024 0 49 20141210
13026 107 59 20140331
13027 35 1 20150807
13029 4 103 48 20140502
13030 6 26 20140706
13031 1 113 23 118 20140713
13032 6 37 20140728
13034 3 4 114 20140611
13035 1 70 20140925
13037 23 37 20140204
13038 2 23 20140723
13039 115 4 20141014
13040 7 4 20141028
13042 57 20 20140315
13043 50 16 20140318
13045 68 44 20140714
13046 68 43 20141125
13048 27 62 20140606
13049 37 16 20141225
13051 20 75 20140105
13052 75 16 20140526
13054 24 75 20140308
13055 27 69 20140424
13056 3 70 20140919
13058 17 3 20140512
13060 4 21 20140121
13061 21 3 20140214
13062 21 75 20140511
13063 22 70 95 20140613
13065 69 17 20140320
13066 16 17 20141003
13067 21 78 20141026
13068 7 52 20141118
13070 4 3 99 20140717
13071 1 23 113 20141112
13072 37 13 20141211
13073 88 140 20141218
13075 49 1 20150203
13077 1 27 20140303
13079 35 49 20140115
13080 21 82 20141219
13081 12 1 67 72 20141229
13083 24 17 82 20141010
13084 22 75 20141017
13085 59 165 20141217
13087 15 3 20140423
13088 17 4 20141010
13089 37 17 20141225
13091 38 127 20141018
13093 7 37 20140515
13095 1 13 20140426
13096 122 44 20141107
13098 1 52 20140113
13099 0 53 20140429
13101 16 25 72 20150522
13103 1 70 20140725
13104 21 120 20141220
13106 2 157 20140513
13108 23 49 20140416
13109 19 72 20140728
13110 19 11 20140802
13111 62 64 27 20141001
13113 3 1 20140703
13115 1 100 20141009
13117 11 37 20140528
13118 21 4 11 20140717
13120 75 37 20140210
13121 44 73 20140627
13122 48 71 20140722
13124 65 73 20140324
13125 3 4 20140825
13127 52 37 104 20140715
13128 20 1 20141115
13130 126 79 82 20140120
13131 56 135 20140826
13132 68 49 20150906
13134 131 70 20140602
13135 16 37 20141209
13137 19 154 81 20140327
13138 16 4 20140330
13139 75 147 20140523
13140 52 20 94 20141010
13142 0 21 20140906
13143 27 6 113 20141209
13144 18 39 20150904
13146 52 27 20141105
13148 49 17 20141123
13150 37 3 20140306
13151 7 42 94 99 20140902
13152 3 14 20141111
13154 107 10 20140307
13155 2 21 20140701
13156 26 113 20140816
13158 3 95 20140116
13160 56 16 143 20140805
13162 9 68 20140404
13163 17 70 153 17 20140804
13165 69 135 20140626
13166 3 3 4 20140831
13168 0 33 20140508
13169 26 131 20141113
13171 69 40 137 70 20140625
13172 117 16 20141014
13173 22 55 69 20150117
13175 3 37 37 113 20141212
13177 2 1 69 20150102
13179 3 34 20140313
13180 44 31 20140724
13182 3 17 20140831
13184 3 59 20140412
13185 4 65 20140727
13187 50 113 118 20140720
13188 21 114 73 20140921
13189 7 155 157 20150304
13191 68 26 23 20140302
13192 106 16 16 20140717
13194 21 68 20141022
13196 19 4 20140226
13197 2 17 20140419
13198 48 122 20141012
13200 50 5 20140402
13201 2 117 20141129
13203 2 21 20140110
13204 126 63 20140118
13205 4 4 20140227
13207 55 78 20140410
13208 0 49 20140615
13209 25 85 20140921
13210 157 16 20140924
13211 44 17 20141219
13213 4 127 20140116
13214 6 3 20140514
13215 141 157 20140718
13216 37 71 20140727
13217 104 48 20140914
13219 16 82 20140729
13221 44 127 20141212
13223 0 78 20140721
13224 24 17 20140804
13225 98 46 20141223
13227 4 16 20140226
13228 18 0 20150131
13229 8 44 78 20150424
13231 16 23 20140124
13233 19 3 20140111
13234 43 11 52 20140228
13235 150 75 20140709
13236 3 61 20141118
13238 20 23 33 20140423
13239 1 118 69 20140529
13240 9 36 35 20140718
13241 6 4 100 20141220
13242 43 59 118 20141227
13244 25 21 20140909
13245 28 65 77 20141209
13247 59 4 20140421
13248 21 1 20140903
13250 135 19 20141213
13252 27 135 20141003
13254 16 49 20140324
13255 1 43 20140801
13257 19 38 20141006
13259 2 23 20140117
13260 48 16 20140529
13261 124 68 20140616
13262 1 136 20140622
13263 17 3 20140704
13264 49 20 20141006
13265 23 94 20141215
13267 4 40 20140103
13268 23 16 20140204
13269 1 73 74 20140421
13271 21 74 20140214
13272 64 55 20140413
13273 17 48 19 20140930
13275 92 91 20140119
13276 4 37 20141017
13278 37 10 20140209
13279 82 68 20140323
13280 37 38 20140417
13282 20 45 20140526
13283 37 3 20141118
13284 2 141 20141225
13286 17 101 20140222
13287 29 17 20141015
13289 4 14 88 20140330
13290 1 10 70 20141006
13292 10 10 20140111
13293 37 35 20140517
13294 16 36 20141031
13295 6 155 20141106
13297 4 50 20141111
13299 73 64 1 20140609
13300 74 33 20141111
13301 3 43 4 20141130
13303 52 127 20140308
13304 153 15 20140528
13306 8 4 20140428
13307 68 24 70 20140921
13308 0 3 20141227
13310 127 58 20140106
13311 21 17 20140725
13312 17 23 20140915
13314 1 34 20140413
13315 52 69 20141023
13317 64 43 83 20140328
13318 1 37 20140427
13319 74 62 20140514
13320 82 19 20141206
13322 4 113 20140828
13323 3 37 20141205
13324 1 114 20141214
13326 1 1 23 61 20140227
13327 3 49 20140929
13329 2 70 20141105
13331 73 24 20140418
13333 48 68 20141127
13335 37 1 20140420
13336 0 4 20140917
13337 11 69 20141016
13339 49 19 20141222
13341 21 43 135 20140921
13343 1 73 20140626
13345 63 36 43 20140211
13346 2 115 20140528
13347 18 19 20140630
13348 16 113 20140828
13350 37 82 13 34 20140519
13352 0 6 43 20140502
13353 37 122 20141111
13355 6 17 37 20140414
13357 27 16 20140620
13359 43 43 20140221
13360 22 14 118 20140304
13361 72 27 64 17 20140612
13363 19 26 20140403
13365 49 16 73 34 20140223
13366 1 10 20140707
13368 1 120 37 37 20140626
13369 26 139 20141227
13371 56 10 90 20140210
13372 114 34 20140904
13373 22 37 20140920
13374 6 15 59 20141216
13376 3 15 118 20140321
13377 1 104 20140713
13378 20 34 20140816
13380 38 11 20140828
13381 23 115 20141028
13383 16 59 49 20140901
13384 65 44 20140911
13385 26 84 20141216
13387 9 70 3 1 20140207
13388 31 51 20141005
13389 11 82 20141127
13391 21 27 20140106
13393 65 73 20140123
13394 121 78 20140213
13395 3 24 20140406
13396 8 16 65 20140722
13397 15 58 20140730
13399 9 23 37 20140128
13401 1 25 52 82 20140107
13402 24 3 69 20140227
13404 20 21 49 20140225
13405 22 1 157 20140324
13406 22 82 20141021
13408 4 4 20140114
13409 4 21 20140404
13410 73 68 20140407
13411 72 49 20140909
13412 13 122 4 20140918
13413 74 11 20141127
13415 73 153 20140616
13416 16 10 114 20140622
13417 37 33 19 20140813
13419 3 120 17 20140424
13420 128 74 40 20140630
13421 43 69 20140717
13423 31 17 20140312
13424 9 34 68 20140823
13425 16 4 114 20141102
13426 43 35 20141124
13428 1 1 137 20140412
13429 22 21 20140505
13431 126 35 34 20140712
13433 8 69 74 20140107
13434 21 3 20140524
13435 130 4 20140907
13436 44 73 20140917
13438 43 49 68 20140213
13439 1 151 68 37 20140601
13440 17 31 69 20141020
13442 44 44 20140303
13443 50 1 20140327
13444 23 1 50 20140908
13446 18 48 20140305
13447 79 103 74 20140615
13448 56 27 20140712
13450 0 1 20140212
13451 10 4 20140505
13452 37 3 37 20140506
13453 3 4 20140511
13455 9 10 20140302
13456 1 151 75 20140306
13457 4 4 20141217
13459 8 3 20140321
13461 22 2 20140421
13462 8 4 20140530
13464 16 118 4 20140416
13465 11 37 20140708
13466 12 49 20141017
13468 9 23 137 20140525
13469 57 36 20140712
13470 114 95 159 20140728
13472 1 73 20140603
13474 8 12 20140307
13475 37 70 20141009
13477 21 37 50 20140221
13478 14 37 20140708
13479 24 17 20140711
13480 73 4 20140713
13481 0 82 20140726
13482 68 1 113 20141030
13484 130 69 20140216
13485 99 68 12 20140426
13487 64 37 64 20140125
13488 40 130 20140601
13490 2 4 20140123
13491 8 16 20140413
13493 31 10 37 20140312
13494 117 71 20140430
13495 28 88 20140503
13496 4 79 20140617
13498 1 10 37 11 20140417
13499 79 17 20141206
13501 3 100 82 114 20140208
13502 88 1 20140505
13504 57 157 20140408
13505 8 19 20140526
13506 6 57 20141227
13508 69 27 20140125
13510 4 2 20140519
13511 13 23 20140728
13512 64 4 26 17 20140921
13514 13 76 68 20140506
13515 39 13 20140508
13516 15 4 20140804
13518 4 141 20140109
13519 4 16 20140209
13520 1 65 20140325
13521 73 74 20140522
13522 4 68 20140907
13524 15 69 20140220
13525 70 148 20140304
13526 0 24 20140703
13527 4 44 20140810
13529 43 113 20140423
13530 17 3 20140909
13532 59 1 20140205
13533 43 135 20140315
13534 17 39 20140325
13535 0 33 20140422
13537 21 7 20140123
13538 130 165 20140323
13539 8 63 20140417
13540 80 37 20140912
13542 32 1 20140202
13544 28 17 20140226
13545 134 13 20140722
13546 41 11 20140915
13548 63 140 20140831
13550 23 102 135 113 20140114
13551 141 21 20140617
13552 23 113 23 20140830
13553 0 50 20141017
13555 49 100 20140128
13556 3 95 20140209
13557 3 0 20140303
13559 37 70 20140214
13561 3 3 20140206
13562 53 3 151 20140405
13563 48 158 20140923
13565 113 67 50 20140225
13567 39 4 20140611
13568 37 79 20141008
13570 0 17 20140408
13571 103 4 20140608
13572 4 1 37 20141202
13574 73 95 20140507
13575 37 117 58 20140702
13577 3 74 20140921
13578 28 57 20141030
13580 4 16 20140613
13582 6 17 20140221
13583 69 17 20140410
13585 1 21 20140926
13587 18 100 20140322
13588 3 75 20141021
13590 18 11 20140105
13592 37 35 20140723
13594 3 68 20140627
13596 17 79 20141109
13598 6 26 20140715
13600 37 43 20140213
13601 19 34 7 6 17 20140725
13602 2 68 20141120
13604 19 73 20140518
13605 6 16 20140530
13606 9 59 20140612
13608 37 1 20140109
13609 155 153 20140118
13610 31 62 115 26 20140620
13612 18 19 20140220
13613 10 102 20140705
13615 6 37 10 58 20140311
13617 3 17 20140318
13619 21 2 26 20140415
13621 21 1 20140123
13622 1 3 20140617
13623 18 69 20140717
13625 8 16 20140527
13626 99 88 20140810
13628 3 75 20140403
13630 4 60 44 3 20140118
13631 0 1 20140709
13633 37 14 20140114
13634 43 90 20140507
13636 6 77 20140121
13638 4 141 20140718
13640 21 82 20140112
13641 1 61 20140116
13643 6 78 20140228
13645 17 102 33 20140731
13646 113 114 20141021
13647 48 37 20141026
13648 68 75 20141031
13650 13 73 49 20140303
13651 8 49 20140312
13653 37 75 20140603
13655 3 16 20140122
13656 26 130 20140410
13657 20 45 20140529
13658 0 158 20140730
13660 1 37 20140119
13662 1 115 20140602
13663 17 44 4 73 20140608
13664 87 74 20140622
13666 11 58 20140415
13667 37 133 1 20140511
13668 64 37 20140915
13670 163 77 20140426
13671 56 21 20140923
13673 2 58 16 20140226
13674 64 68 20140802
13676 24 3 20140107
13677 36 121 20140324
13679 20 0 20140522
13680 73 13 20140917
13682 7 113 20140222
13683 1 73 20140325
13685 58 26 20140202
13686 9 27 20140616
13687 4 59 20140618
13689 1 114 70 20140107
13690 1 69 20140130
13691 18 145 20140327
13692 0 68 13 20140616
13693 43 17 20140823
13694 43 118 113 20141011
13696 18 44 20140224
13697 68 63 20140521
13698 14 3 27 20140624
13699 9 87 20140731
13701 27 35 20140515
13702 38 10 20140519
13704 6 73 20140129
13705 37 44 20140222
13706 19 1 82 20140605
13708 139 59 20140425
13709 50 4 20140516
13711 49 57 20140224
13712 18 49 16 20140318
13713 10 95 20140430
13715 1 94 52 20140316
13717 3 117 20140212
13718 4 3 20140329
13720 8 4 155 20140517
13722 3 91 20140607
13723 8 68 90 20140713
13725 6 73 20140327
13726 35 69 102 20140801
13727 95 50 20140905
13728 25 1 20140908
13730 44 9 20140821
13731 50 43 20140921
13733 73 17 20140303
13734 17 24 20140502
13735 0 25 20140613
13737 18 1 20140425
13738 55 80 20140710
13740 25 117 20140327
13741 134 128 20140610
13743 0 37 112 20141122
13745 1 103 20140319
13746 2 43 20140907
13747 1 15 20140921
13748 22 43 20141103
13750 10 10 69 20141007
13752 17 70 20140305
13753 28 19 20140826
13754 18 50 20141101
13756 118 85 20140102
13757 37 37 20140330
13759 0 67 20141126
13760 16 16 20141127
13762 3 43 20140225
13763 28 11 13 20140319
13765 2 74 20140722
13767 4 4 20140320
13768 17 82 20140921
13769 18 68 20141016
13771 79 34 20140118
13773 19 37 20140715
13774 1 62 20140810
13775 50 23 20140906
13777 10 64 20140608
13779 0 98 20140529
13780 3 19 20140629
13781 130 37 3 20140818
13783 21 79 20140219
13784 21 70 20140811
13785 73 67 20141011
13787 28 23 20140110
13788 2 70 55 81 20140420
13790 17 2 20140426
13791 68 49 20140509
13792 37 70 20140515
13794 6 3 20140511
13796 1 34 20140601
13797 1 3 20140815
13798 13 50 20141002
13800 8 50 20140412
13801 2 98 20140510
13802 100 37 20140727
13803 1 0 69 20140819
13805 35 43 20140623
13807 61 16 20140301
13809 6 40 20140308
13810 141 70 20140422
13812 90 59 20140519
13814 49 3 20140906
13816 50 48 20140402
13818 45 37 20140417
13819 13 34 26 20140630
13821 48 37 20140426
13822 57 44 20141020
13824 21 70 20140426
13825 17 21 20140812
13826 82 5 20140813
13828 0 118 20140217
13829 18 44 17 20140315
13830 28 68 20140531
13832 26 37 20140214
13833 3 11 20140519
13834 63 70 20140615
13835 1 59 20140712
13837 17 104 20140924
13839 21 10 20140501
13840 9 39 20140519
13842 43 70 20140413
13843 63 17 20140416
13845 1 114 13 20140124
13846 34 64 20140130
13847 21 4 20140729
13848 9 23 20140808
13850 4 31 20140517
13851 4 14 20140816
13853 37 27 20140212
13854 81 16 20140919
13856 16 1 20140320
13858 53 23 20140222
13859 3 49 20140504
13861 6 37 73 20140207
13862 72 161 20140711
13863 1 70 20140831
13865 44 4 64 20140422
13867 37 57 20140104
13868 49 72 20140404
13869 6 114 20141120
13871 17 70 114 13 20140101
13872 20 13 40 20140520
13873 69 100 20140807
13874 37 69 20140815
13875 68 34 80 20141026
13877 21 120 20140726
13879 26 4 20140130
13881 1 34 20141008
13883 72 64 20140611
13885 2 37 20140913
13887 11 4 20140905
13889 120 157 20140105
13890 0 73 95 20140120
13891 21 17 20140723
13893 14 50 20140412
13895 37 1 20141209
13897 120 26 20140402
13898 26 50 20140602
13900 71 19 20140307
13902 1 77 20140105
13904 18 4 20140519
13905 78 65 20140701
13907 2 23 20140417
13908 0 57 20140531
13909 25 44 20140902
13911 18 13 43 20140329
13912 27 81 20140505
13914 27 3 20140226
13916 35 74 44 20140312
13917 28 37 61 20140522
13918 28 99 74 20140527
13919 5 27 77 20140612
13921 21 19 20140217
13923 23 27 20140403
13925 23 11 20140113
13926 34 59 20140201
13927 4 4 14 20140222
13928 16 11 20140530
13929 6 37 20140625
13931 19 33 20140722
13933 7 99 20140109
13935 7 25 20140729
13937 21 83 20140626
13939 3 118 20141126
13941 69 11 20140325
13942 6 1 20140417
13943 55 68 20140802
13944 64 68 20140902
13945 18 40 20141015
13946 21 73 32 34 20141102
13948 6 26 20140101
13950 64 35 20140404
13951 62 26 49 20140611
13953 44 151 20140323
13954 3 37 20140624
13956 2 37 20140603
13957 137 1 20140817
13958 79 53 20141031
13960 73 5 20140611
13962 15 72 20140303
13964 3 25 20140214
13965 23 19 20140527
13966 22 59 17 20140718
13968 7 44 35 20140321
13970 3 1 162 59 20141008
13972 63 127 20140907
13973 64 37 20141124
13975 75 113 20140906
13977 2 84 17 103 20140224
13978 16 68 35 20140428
13980 149 118 1 35 20140430
13981 72 26 20140517
13982 3 134 20140713
13984 73 19 42 20140123
13985 2 97 16 145 20140926
13986 4 70 20141004
13988 75 50 70 20140226
13989 0 37 20140414
13990 100 78 17 161 20140526
13991 38 21 11 19 20140718
13993 1 1 20140106
13994 25 34 83 50 20140218
13995 25 77 20140702
13996 22 70 20141009
13998 14 24 82 43 20140206
14000 2 88 20140127
14002 45 37 20140526
14003 16 23 14 36 20140717
14005 13 17 3 20140214
14007 0 49 153 17 20140202
14008 22 59 20140805
14010 118 44 5 37 20140103
14011 40 79 20140411
14013 26 38 4 45 20140120
14015 1 2 45 17 20140621
14016 6 58 100 20140813
14018 4 10 20140727
14020 59 3 20140130
14021 74 34 20140526
14022 107 16 20140709
14023 34 70 20140718
14024 113 82 20140916
14025 1 94 20140922
14027 73 24 20140119
14028 43 118 20140121
14029 16 31 65 19 20140313
14031 3 50 3 11 20140217
14032 103 37 17 69 20140602
14034 4 113 57 149 20140228
14035 0 58 20140918
14037 20 23 153 19 20140531
14038 103 1 20140904
14040 24 144 19 158 20140107
14042 95 82 20140105
14044 25 16 44 70 20140324
14046 14 64 69 20140331
14048 10 68 16 44 20140430
14049 22 16 77 20140609
14050 22 3 20140907
14052 1 40 20140907
14053 19 42 20141225
14055 59 158 20140412
14057 4 74 20140506
14058 21 70 20140803
14060 9 117 95 20140317
14062 1 77 20140125
14063 157 55 20140418
14064 39 35 157 20140910
14065 159 17 70 19 20141114
14067 18 151 20140131
14068 123 81 20140904
14069 21 69 4 20141110
14070 99 43 43 20141124
14072 70 53 20140112
14073 5 17 3 20140905
14075 44 44 4 20140430
14077 91 39 74 20140214
14078 3 134 78 20140215
14079 24 17 20140818
14080 59 82 20140920
14081 4 58 20140923
14082 1 16 20141010
14084 95 23 20140126
14086 0 69 20140604
14088 17 31 20140131
14089 36 68 20140304
14090 18 87 20140706
14092 6 69 75 20140311
14094 13 73 20140520
14096 0 19 20141007
14098 39 17 32 20140330
14100 0 4 11 24 20140802
14102 23 16 137 20140120
14103 135 15 20140406
14105 21 36 133 20140529
14107 133 37 20140608
14109 36 37 74 20140219
14111 6 23 76 20140502
14112 4 12 20141119
14113 3 1 20141206
14115 3 102 20141026
14117 21 58 114 20140102
14119 23 130 20140528
14120 4 70 20140712
14121 4 4 20140817
14122 1 63 20141007
14124 28 24 20140714
14125 6 16 23 20141203
14127 3 117 20140118
14128 18 38 49 20140726
14129 58 40 20140731
14130 55 34 20141008
14132 0 17 27 20140510
14134 60 16 20140104
14135 3 4 20140115
14136 114 1 3 82 20140125
14137 113 113 20140415
14138 37 69 20140502
14139 47 43 73 20140529
14140 113 54 20140605
14141 37 38 20141101
14143 21 74 68 20140827
14145 23 113 20140807
14147 103 17 49 23 20140401
14148 64 0 4 20140901
14150 59 43 20140218
14151 23 19 17 20140511
14153 32 4 20140304
14154 35 35 20140429
14156 1 1 20140302
14157 16 26 20140324
14159 4 38 20140322
14160 49 113 1 20140403
14161 4 30 20140502
14162 73 43 20140529
14164 2 70 20140331
14165 6 79 72 20141126
14166 56 10 20141206
14168 70 10 20140607
14170 31 1 69 20140304
14171 128 71 16 20140705
14173 13 50 33 20140625
14174 17 17 20140721
14176 4 16 20140107
14177 4 37 20140610
14179 37 44 20140621
14180 6 16 20140630
14182 16 95 20140320
14184 3 19 157 20140313
14185 21 59 20140429
14187 3 4 4 1 43 20140531
14189 9 130 20140217
14190 10 11 20140222
14192 16 16 20140325
14194 43 26 127 20141103
14195 17 16 25 20141118
14197 58 16 123 20140304
14198 52 74 3 59 20141118
14200 23 94 20140504
14201 13 141 114 20140713
14203 26 161 20140306
14204 56 6 20141102
14206 55 135 20140624
14207 95 102 20140705
14208 21 37 3 20140814
14209 114 15 68 20141007
14211 1 79 4 20141028
14213 7 23 1 20140919
14215 21 33 20140127
14216 68 43 20141017
14217 82 24 20141028
14219 4 1 20140214
14221 39 17 95 20140828
14222 11 7 20140830
14224 3 112 20140222
14226 3 94 20140709
14227 3 37 20140829
14229 26 63 20140308
14231 17 17 20140223
14232 1 1 20140314
14234 3 69 20140107
14236 48 0 20140414
14237 68 13 20140620
14238 40 3 20140710
14240 40 95 20140120
14241 17 45 20140424
14242 21 70 20140519
14243 1 3 20140828
14245 21 37 20140203
14246 18 61 20140803
14248 16 13 20140128
14249 1 11 20140326
14250 19 135 20140328
14252 35 38 20140304
14253 37 1 20140501
14255 2 32 20140323
14256 135 4 20140613
14257 20 3 20140914
14259 3 65 20141005
14261 21 3 20140207
14263 19 16 68 20140105
14264 3 74 20140731
14266 99 151 20140528
14268 63 35 20140105
14269 1 64 20140222
14270 21 76 20140406
14272 3 100 20140403
14274 52 32 20140104
14276 0 13 20140104
14277 1 1 24 80 20140304
14278 37 11 20140714
14280 3 37 20140106
14281 24 70 20140905
14282 99 59 114 20140910
14283 24 11 20140919
14285 1 13 20140531
14286 56 11 118 16 20140811
14288 59 127 20140802
14289 87 15 20140917
14290 23 70 20141127
14292 19 23 20140331
14293 1 132 20140713
14295 20 75 20140124
14296 107 6 20140807
14297 11 99 20141101
14299 1 11 20140618
14301 4 17 20140401
14303 35 68 68 20140226
14305 0 1 20140329
14306 114 11 20140527
14307 0 33 52 20140609
14309 3 19 20140422
14310 26 20 20141018
14312 17 70 16 20140302
14313 3 69 20140920
14314 1 94 20141104
14316 33 117 20140321
14318 37 40 124 20140326
14319 50 17 20140630
14321 1 79 69 20140911
14323 23 1 20140327
14324 68 123 20140809
14326 137 1 20141024
14328 37 62 20140303
14330 64 68 20140109
14332 102 82 20140102
14333 48 4 20140720
14335 18 11 20140204
14337 44 43 20140102
14338 19 114 20140129
14340 11 59 20140213
14341 3 67 43 20140712
14342 103 68 20140716
14344 1 37 20140202
14345 73 37 20140720
14347 89 39 20140131
14348 7 66 20140612
14350 6 130 74 20140405
14352 33 17 20140204
14354 4 23 20140119
14355 3 49 82 11 20140309
14357 23 25 20140127
14358 4 72 11 20140225
14359 1 63 20140618
14361 76 26 20140313
14363 40 0 20140203
14364 1 72 20140509
14366 18 4 20140131
14368 69 24 20140517
14370 2 95 68 58 20140318
14371 0 3 20140323
14372 70 61 20140830
14374 21 69 20140621
14375 3 70 20140714
14377 20 4 20140121
14378 73 49 20140219
14380 13 55 20140427
14381 1 24 20140728
14382 1 53 20140914
14384 50 10 20140111
14386 0 50 20140223
14388 22 25 20140220
14389 0 19 20140509
14390 79 99 20140828
14392 6 11 20140313
14394 44 52 33 20140623
14395 1 52 20140820
14397 17 81 20140117
14399 17 17 20140413
14401 9 61 20140221
14403 35 11 20140811
14405 23 135 114 20140106
14407 69 40 20140214
14408 49 37 74 20140506
14409 20 69 20140903
14411 141 10 57 20140121
14412 17 35 20140305
14414 3 1 20140131
14415 35 19 135 20141019
14417 3 114 10 20140927
14419 118 11 20141023
14421 18 49 75 20140713
14423 1 12 143 113 20140820
14425 16 77 63 20140121
14426 24 19 20140226
14428 21 72 37 20140113
14429 19 68 20140724
14431 23 75 11 20140905
14433 3 68 118 20140212
14434 17 44 23 20140527
14436 59 26 20140404
14438 17 79 20140629
14439 121 26 20140819
14441 11 157 20140224
14442 26 68 20140313
14444 158 76 20140316
14446 1 69 20140211
14447 122 19 20140301
14449 0 3 20140828
14451 19 73 20140828
14453 55 21 20140122
14454 39 1 20140422
14455 90 37 20141005
14457 17 10 20140731
14459 3 69 19 20140130
14460 1 27 20140722
14461 55 115 20140926
14463 25 135 20140217
14465 3 4 20140707
14466 22 113 20140731
14468 20 49 20140221
14469 65 21 20140630
14471 2 43 20140223
14473 28 114 40 95 20140422
14475 118 17 20140131
14477 9 69 20140923
14479 0 68 64 34 20140112
14480 3 17 20141022
14482 27 114 20140327
14483 68 69 24 137 20141113
14485 4 49 82 20140401
14486 2 10 20140508
14487 11 112 20141115
14489 17 4 20140203
14491 4 46 11 20140409
14493 6 75 113 20140311
14495 6 70 70 20140226
14497 82 10 20140523
14499 3 68 20140215
14501 6 31 20140410
14503 18 44 20140709
14505 37 70 20140504
14507 21 49 20140201
14508 1 3 20140515
14510 10 95 20141030
14512 21 23 20140130
14514 56 44 20140403
14516 113 4 20140124
14517 70 52 20140321
14519 7 21 20140309
14520 6 3 20140524
14522 24 57 20140128
14524 130 141 20140212
14526 9 61 20140504
14528 81 51 20140515
14529 11 48 20140909
14531 50 88 20140611
14533 18 23 26 20140819
14535 10 37 20140420
14537 17 26 20140504
14539 46 103 20140922
14541 48 4 121 82 20140106
14543 45 70 20140326
14544 19 16 23 44 20140507
14546 50 82 79 103 20140104
14548 22 3 17 82 20140602
14550 37 68 75 37 20140106
14551 79 61 20140305
14553 63 130 71 20141222
14555 135 70 20140108
14557 43 13 20140318
14559 113 46 20140710
14561 4 4 20140109
14563 44 114 20140214
14565 43 146 20140818
14567 83 37 20140526
14569 6 37 20140105
14570 23 43 20140702
14572 44 14 20140123
14573 17 43 20140621
14575 141 3 20140218
14576 135 79 20140515
14578 49 95 20140305
14580 120 43 20140119
14582 37 48 20140901
14584 2 82 20140708
14586 23 3 20140114
14588 4 37 20140831
14589 17 142 20141114
14591 58 79 20140413
14593 114 70 20140712
14595 68 69 20140306
14597 74 16 20140119
14599 69 4 20140626
14601 63 58 20140119
14603 37 157 20140422
14605 31 124 20140703
14607 55 98 20140520
