0 0 1 2 3 4 5 6 7 8
1 10 11 12 13 14 15 16 17 18
2 20 21 22 23 24 25 26 27 28
3 30 31 32 33 34 35 36 37 38
4 40 41 42 43 44 45 46 47 48
5 50 51 52 53 54 55 56 57 58
6 60 61 62 63 64 65 66 67 68
7 70 71 72 73 74 75
8 77 78 79 80 81 82 83 84 85
9 87 88 89 90 91 92 93 94 95
10 97
11 99 100 101 102 103
12 105 106 107 108 109 110 111 112 113
13 115 116 117 118 119 120 121 122 123
14 125 126 127 128
15 130 131 132 133 134 135 136 137 138
16 140 141 142 143
17 145 146 147 148 149 150 151 152 153
18 155 156 157 158 159 160 161 162 163
19 165 166 167 168 169 170 171 172 173
20 175 176 177 178 179 180 181 182 183
21 185 186 187 188 189 190
22 192 193 194 195 196 197 198 199 200
23 202 203 204 205 206 207 208 209 210
24 212 213
25 215 216 217 218 219
26 221 222 223 224 225 226 227 228 229
27 231 232 233 234 235 236 237 238 239
28 241 242 243 244 245 246 247 248 249
29 251 252 253 254 255 256 257 258 259
31 261 262 263 264
32 266 267 268 269 270 271 272 273 274
33 276 277 278 279 280 281 282 283 284
35 286 287 288 289 290 291 292 293 294
36 296 297 298 299 300
38 302 303 304 305 306 307 308 309 310
39 312 313 314 315 316 317 318 319 320
40 322 323 324 325 326 327 328 329 330
41 332 333
42 335 336 337 338 339 340 341 342 343
43 345 346 347
44 349 350 351 352 353 354 355 356 357
45 359 360 361 362 363 364 365 366 367
46 369
47 371 372 373 374 375 376
48 378 379 380 381 382 383 384 385 386
49 388 389 390 391 392 393 394 395 396
50 398 399 400 401 402 403 404 405 406
51 408 409 410 411 412 413 414 415 416
52 418 419 420 421 422 423 424 425 426
53 428 429 430 431 432 433 434 435 436
54 438 439 440 441 442 443 444
55 446 447 448 449 450 451 452 453 454
56 456 457 458 459 460 461 462 463 464
57 466 467 468 469 470 471 472 473 474
58 476 477 478 479 480 481 482 483 484
59 486 487 488 489 490 491 492 493 494
61 496 497 498 499 500 501 502 503 504
62 506 507 508 509 510 511 512 513 514
63 516 517 518 519 520 521
64 523 524 525 526 527 528 529
65 531 532 533
66 535 536 537 538 539 540 541 542 543
67 545 546 547 548 549 550 551 552 553
68 555 556 557 558 559
70 561 562 563 564 565
71 567 568 569 570 571 572 573 574 575
72 577 578 579 580 581 582 583 584 585
73 587 588 589 590 591 592 593 594 595
74 597 598 599 600 601 602 603 604 605
75 607 608 609 610 611 612 613 614
76 616
77 618 619 620 621 622 623 624 625 626
78 628 629 630 631 632 633 634 635 636
79 638 639 640 641 642 643 644 645 646
80 648
81 650 651 652 653 654 655 656 657 658
82 660 661 662 663 664 665 666 667
83 669 670 671 672 673 674 675 676 677
84 679 680 681 682 683 684 685 686 687
85 689 690 691 692 693
86 695 696 697 698 699 700 701 702 703
87 705 706 707 708 709 710 711 712 713
88 715 716 717 718 719 720 721 722 723
89 725 726 727 728
90 730 731 732 733 734 735 736 737 738
93 740 741 742 743 744 745 746 747
94 749 750
95 752
96 754 755 756 757 758
97 760 761 762 763 764 765 766 767
98 769 770 771 772 773 774 775 776 777
99 779 780 781 782 783 784 785 786 787
100 789 790 791 792 793 794 795 796 797
101 799 800 801 802 803 804 805 806 807
102 809 810 811 812 813 814
103 816 817 818 819 820 821 822 823 824
104 826 827 828 829 830 831 832 833
107 835 836 837
108 839 840 841 842 843 844 845 846
109 848 849 850 851 852 853 854 855 856
110 858 859 860 861 862 863 864 865 866
111 868 869 870 871 872 873 874 875 876
112 878 879 880 881 882 883 884 885 886
113 888 889 890 891 892 893 894 895 896
114 898 899 900 901 902 903 904 905 906
115 908 909
116 911 912 913 914 915 916 917 918 919
117 921 922 923 924 925 926 927 928 929
118 931 932 933 934 935 936 937 938 939
119 941 942 943 944 945 946 947 948 949
120 951 952 953 954 955 956 957 958 959
121 961 962 963 964 965 966 967 968 969
122 971 972 973 974 975 976 977 978 979
123 981 982 983 984 985 986 987 988 989
124 991 992 993 994 995 996 997 998 999
125 1001 1002 1003 1004
126 1006 1007 1008 1009 1010 1011 1012 1013 1014
127 1016 1017 1018 1019 1020 1021
128 1023 1024 1025
129 1027 1028 1029 1030 1031 1032 1033 1034 1035
131 1037 1038 1039 1040 1041 1042 1043 1044 1045
132 1047 1048 1049 1050 1051 1052 1053 1054 1055
133 1057 1058
134 1060 1061 1062 1063 1064 1065 1066 1067 1068
135 1070 1071 1072
136 1074 1075 1076 1077 1078 1079 1080 1081 1082
137 1084 1085 1086 1087 1088 1089 1090 1091 1092
138 1094 1095 1096 1097 1098 1099 1100 1101 1102
139 1104 1105 1106 1107 1108 1109 1110 1111 1112
140 1114 1115
141 1117 1118 1119 1120 1121 1122 1123 1124 1125
142 1127 1128 1129 1130 1131 1132 1133 1134 1135
143 1137 1138 1139 1140 1141 1142 1143 1144 1145
144 1147 1148 1149 1150 1151 1152 1153 1154 1155
145 1157 1158 1159 1160 1161 1162 1163 1164 1165
147 1167 1168 1169 1170 1171 1172 1173 1174 1175
148 1177 1178 1179 1180 1181 1182 1183 1184 1185
149 1187 1188 1189 1190 1191 1192 1193 1194 1195
150 1197 1198 1199 1200 1201
151 1203 1204 1205 1206 1207 1208 1209 1210 1211
152 1213 1214 1215 1216
153 1218 1219 1220 1221 1222 1223 1224 1225 1226
154 1228 1229 1230 1231 1232 1233 1234 1235 1236
155 1238 1239
156 1241 1242 1243 1244 1245 1246 1247 1248 1249
157 1251 1252 1253 1254 1255 1256 1257 1258 1259
158 1261 1262 1263 1264 1265 1266 1267 1268 1269
159 1271 1272 1273 1274 1275 1276 1277 1278 1279
160 1281 1282 1283 1284 1285 1286 1287 1288 1289
161 1291 1292 1293 1294 1295 1296 1297 1298 1299
162 1301 1302 1303 1304 1305 1306 1307 1308 1309
163 1311 1312 1313 1314 1315 1316 1317 1318 1319
165 1321 1322 1323 1324 1325 1326 1327 1328 1329
166 1331 1332 1333 1334 1335 1336 1337 1338 1339
167 1341 1342 1343 1344 1345 1346 1347 1348 1349
168 1351 1352 1353 1354 1355 1356 1357 1358 1359
169 1361 1362 1363 1364 1365 1366 1367 1368 1369
170 1371 1372 1373 1374 1375 1376 1377 1378 1379
171 1381 1382 1383 1384 1385 1386 1387 1388 1389
172 1391 1392 1393 1394 1395 1396 1397 1398 1399
173 1401 1402 1403 1404 1405 1406 1407 1408 1409
174 1411 1412 1413 1414 1415 1416 1417 1418 1419
175 1421 1422 1423 1424 1425 1426 1427 1428 1429
176 1431 1432 1433 1434 1435 1436 1437 1438
177 1440 1441 1442 1443 1444 1445 1446 1447 1448
178 1450 1451 1452 1453 1454 1455 1456 1457 1458
179 1460 1461 1462 1463 1464 1465 1466 1467 1468
180 1470 1471 1472 1473 1474 1475 1476 1477 1478
181 1480 1481 1482 1483 1484 1485 1486 1487 1488
182 1490 1491 1492 1493 1494 1495 1496 1497 1498
183 1500 1501 1502 1503 1504 1505 1506 1507 1508
184 1510 1511 1512 1513 1514 1515 1516 1517 1518
185 1520
186 1522 1523
187 1525 1526 1527 1528 1529 1530
188 1532 1533 1534 1535 1536 1537 1538 1539 1540
189 1542 1543 1544 1545
190 1547 1548 1549 1550 1551 1552 1553 1554 1555
191 1557
192 1559 1560 1561 1562 1563 1564 1565 1566 1567
193 1569 1570 1571
194 1573 1574 1575 1576 1577 1578 1579 1580 1581
195 1583 1584 1585 1586 1587 1588 1589 1590 1591
197 1593 1594 1595 1596 1597 1598 1599 1600 1601
198 1603 1604 1605 1606 1607 1608 1609 1610 1611
199 1613 1614 1615 1616 1617 1618 1619 1620 1621
201 1623 1624 1625 1626 1627 1628 1629 1630 1631
202 1633 1634 1635 1636 1637 1638 1639 1640 1641
203 1643
204 1645 1646 1647 1648 1649 1650 1651 1652 1653
205 1655 1656 1657 1658 1659 1660 1661 1662 1663
206 1665 1666 1667 1668 1669 1670 1671 1672 1673
207 1675 1676 1677 1678 1679 1680 1681 1682
208 1684 1685 1686 1687 1688 1689 1690 1691
209 1693 1694 1695 1696 1697 1698 1699 1700 1701
210 1703
211 1705 1706 1707 1708 1709
212 1711
213 1713 1714 1715 1716 1717 1718 1719 1720 1721
215 1723 1724 1725 1726 1727 1728 1729 1730 1731
216 1733
217 1735 1736 1737 1738 1739 1740 1741 1742 1743
218 1745 1746 1747 1748 1749 1750 1751
219 1753 1754 1755 1756 1757 1758 1759 1760 1761
221 1763 1764 1765 1766 1767 1768 1769 1770 1771
222 1773 1774 1775 1776 1777 1778 1779 1780 1781
224 1783 1784 1785 1786 1787 1788 1789 1790 1791
225 1793 1794 1795 1796 1797 1798 1799 1800 1801
226 1803 1804 1805 1806 1807 1808
227 1810 1811 1812 1813 1814 1815 1816 1817 1818
228 1820 1821 1822 1823 1824 1825 1826 1827 1828
229 1830 1831 1832 1833 1834 1835 1836 1837 1838
230 1840 1841 1842
231 1844 1845 1846 1847 1848 1849 1850 1851 1852
232 1854 1855 1856 1857 1858
233 1860
234 1862 1863 1864 1865 1866 1867 1868 1869 1870
235 1872 1873 1874 1875 1876 1877 1878
236 1880
237 1882 1883 1884
238 1886 1887 1888 1889 1890
239 1892 1893 1894 1895 1896 1897 1898 1899 1900
240 1902 1903 1904 1905 1906 1907 1908 1909 1910
241 1912 1913 1914 1915 1916 1917 1918 1919 1920
242 1922 1923 1924 1925 1926 1927 1928 1929 1930
244 1932 1933 1934 1935 1936 1937 1938 1939 1940
245 1942 1943
246 1945 1946 1947 1948 1949 1950 1951 1952 1953
247 1955 1956 1957 1958 1959 1960 1961 1962 1963
248 1965 1966 1967 1968 1969 1970 1971 1972
249 1974 1975
250 1977 1978 1979 1980 1981 1982 1983 1984 1985
252 1987 1988 1989 1990 1991 1992 1993 1994 1995
253 1997 1998 1999 2000 2001 2002 2003 2004 2005
255 2007 2008
256 2010 2011 2012 2013 2014 2015 2016 2017 2018
257 2020 2021 2022 2023
259 2025 2026 2027 2028 2029 2030 2031 2032 2033
260 2035 2036 2037 2038 2039 2040 2041 2042 2043
261 2045
262 2047 2048 2049 2050 2051 2052 2053 2054 2055
263 2057 2058 2059 2060 2061 2062 2063 2064 2065
264 2067 2068 2069 2070 2071 2072 2073 2074 2075
265 2077 2078 2079 2080 2081 2082 2083 2084 2085
266 2087 2088 2089 2090 2091 2092 2093
267 2095 2096 2097 2098 2099 2100 2101 2102 2103
268 2105 2106 2107 2108 2109 2110 2111
269 2113 2114 2115 2116 2117 2118 2119
270 2121 2122 2123 2124 2125 2126 2127 2128 2129
271 2131 2132 2133 2134 2135
272 2137 2138 2139 2140 2141 2142 2143 2144 2145
273 2147 2148 2149 2150 2151 2152 2153 2154 2155
274 2157 2158 2159 2160 2161 2162 2163 2164 2165
275 2167 2168 2169 2170
276 2172 2173 2174 2175 2176 2177 2178 2179 2180
277 2182 2183 2184 2185 2186 2187 2188 2189 2190
278 2192 2193 2194 2195 2196 2197 2198 2199 2200
280 2202 2203 2204 2205 2206 2207 2208 2209 2210
281 2212 2213 2214 2215 2216 2217 2218 2219 2220
283 2222 2223 2224 2225 2226 2227 2228 2229 2230
284 2232 2233
285 2235 2236 2237 2238 2239 2240 2241 2242 2243
286 2245 2246 2247 2248 2249 2250 2251 2252 2253
287 2255 2256 2257 2258 2259
288 2261 2262 2263 2264 2265 2266 2267 2268 2269
289 2271 2272 2273 2274 2275 2276 2277 2278 2279
290 2281 2282 2283 2284 2285 2286 2287 2288 2289
291 2291 2292 2293 2294 2295 2296 2297 2298 2299
292 2301
293 2303 2304 2305 2306 2307 2308 2309 2310 2311
295 2313 2314 2315 2316 2317 2318 2319 2320 2321
297 2323 2324 2325 2326 2327 2328 2329 2330 2331
298 2333 2334 2335 2336 2337 2338 2339 2340 2341
299 2343 2344 2345 2346 2347 2348 2349
300 2351 2352 2353 2354 2355 2356 2357 2358 2359
301 2361 2362 2363
303 2365 2366 2367 2368 2369 2370 2371 2372 2373
304 2375 2376 2377 2378 2379 2380 2381 2382 2383
305 2385 2386 2387 2388 2389 2390 2391 2392 2393
306 2395 2396 2397 2398 2399 2400 2401 2402 2403
307 2405 2406 2407 2408 2409 2410 2411 2412 2413
308 2415 2416
309 2418 2419 2420 2421 2422
310 2424 2425 2426 2427 2428 2429 2430 2431 2432
311 2434 2435 2436 2437 2438 2439 2440 2441 2442
312 2444 2445 2446 2447 2448 2449 2450 2451 2452
313 2454 2455 2456 2457 2458 2459 2460 2461 2462
314 2464 2465 2466 2467 2468 2469 2470 2471 2472
315 2474 2475 2476 2477 2478 2479 2480 2481 2482
316 2484 2485 2486 2487 2488 2489 2490 2491 2492
317 2494 2495 2496 2497 2498 2499 2500 2501 2502
318 2504 2505 2506 2507 2508 2509 2510 2511 2512
319 2514 2515 2516 2517 2518 2519 2520 2521 2522
320 2524 2525 2526 2527 2528 2529 2530 2531 2532
321 2534 2535 2536 2537 2538 2539 2540 2541 2542
322 2544
323 2546 2547 2548 2549 2550 2551 2552 2553 2554
324 2556 2557
325 2559
326 2561 2562 2563 2564 2565 2566 2567 2568 2569
327 2571 2572 2573
328 2575 2576 2577 2578 2579 2580 2581 2582 2583
329 2585 2586 2587 2588 2589 2590
330 2592
331 2594 2595 2596 2597 2598 2599 2600 2601 2602
332 2604 2605 2606 2607 2608 2609 2610 2611 2612
333 2614 2615 2616 2617 2618 2619 2620 2621 2622
334 2624 2625 2626 2627 2628 2629 2630 2631 2632
336 2634
337 2636 2637 2638 2639 2640 2641 2642 2643 2644
338 2646 2647 2648 2649 2650 2651 2652 2653 2654
339 2656 2657 2658 2659 2660 2661 2662 2663 2664
340 2666 2667 2668 2669 2670
341 2672 2673 2674 2675 2676 2677 2678 2679 2680
342 2682 2683 2684 2685 2686 2687 2688 2689 2690
343 2692 2693 2694
344 2696 2697 2698 2699 2700 2701 2702
345 2704 2705 2706 2707 2708 2709 2710 2711 2712
346 2714 2715 2716 2717 2718
347 2720 2721 2722 2723 2724 2725 2726 2727 2728
348 2730 2731 2732 2733 2734 2735 2736 2737 2738
350 2740 2741 2742 2743 2744 2745 2746 2747 2748
351 2750 2751 2752 2753 2754 2755 2756 2757 2758
352 2760 2761 2762 2763 2764 2765 2766 2767
353 2769 2770 2771 2772 2773 2774 2775 2776 2777
354 2779 2780 2781 2782 2783 2784 2785 2786 2787
355 2789 2790 2791 2792 2793 2794 2795 2796 2797
356 2799 2800 2801 2802 2803 2804 2805 2806
357 2808 2809 2810 2811 2812 2813 2814 2815 2816
358 2818 2819 2820 2821 2822 2823 2824 2825 2826
359 2828 2829 2830 2831 2832 2833 2834 2835 2836
360 2838 2839 2840 2841 2842 2843 2844 2845 2846
361 2848 2849 2850 2851 2852 2853 2854 2855 2856
362 2858 2859 2860 2861 2862 2863 2864 2865 2866
363 2868
364 2870 2871 2872 2873 2874 2875
365 2877 2878 2879 2880 2881 2882 2883 2884 2885
366 2887 2888 2889 2890 2891 2892 2893 2894 2895
367 2897 2898 2899 2900 2901 2902 2903 2904 2905
368 2907 2908 2909 2910 2911 2912 2913 2914 2915
369 2917 2918
370 2920 2921 2922 2923 2924 2925 2926 2927 2928
371 2930 2931 2932 2933 2934 2935 2936 2937 2938
372 2940 2941 2942 2943 2944 2945 2946 2947 2948
373 2950 2951 2952 2953 2954 2955 2956 2957 2958
374 2960 2961 2962 2963 2964 2965 2966 2967 2968
375 2970 2971 2972 2973 2974 2975
376 2977 2978 2979 2980 2981 2982 2983 2984 2985
377 2987 2988 2989 2990 2991 2992 2993 2994 2995
378 2997 2998
379 3000 3001 3002
380 3004 3005 3006 3007 3008 3009 3010 3011 3012
381 3014 3015 3016 3017 3018 3019 3020 3021 3022
382 3024 3025 3026 3027 3028 3029 3030 3031 3032
383 3034 3035 3036 3037 3038 3039 3040 3041 3042
384 3044 3045 3046 3047 3048
385 3050 3051 3052 3053
388 3055 3056 3057 3058 3059 3060 3061 3062 3063
389 3065 3066 3067 3068 3069 3070 3071 3072 3073
390 3075 3076 3077 3078 3079 3080 3081
391 3083 3084 3085 3086 3087 3088 3089 3090 3091
392 3093 3094 3095 3096 3097 3098 3099 3100 3101
393 3103 3104 3105 3106 3107 3108 3109
394 3111 3112
395 3114 3115 3116 3117 3118 3119 3120 3121 3122
396 3124 3125 3126 3127 3128 3129 3130 3131 3132
397 3134 3135 3136 3137 3138 3139 3140 3141 3142
398 3144 3145 3146 3147 3148 3149 3150 3151 3152
399 3154 3155 3156 3157 3158 3159 3160 3161 3162
402 3164 3165 3166 3167 3168 3169 3170 3171 3172
403 3174 3175 3176 3177 3178 3179 3180 3181 3182
404 3184 3185 3186 3187 3188 3189 3190 3191 3192
405 3194 3195 3196 3197 3198 3199 3200 3201 3202
406 3204 3205 3206 3207 3208 3209 3210 3211 3212
407 3214 3215 3216 3217 3218 3219 3220 3221 3222
408 3224
409 3226 3227 3228 3229 3230 3231 3232 3233 3234
410 3236 3237 3238 3239 3240 3241 3242 3243 3244
411 3246 3247 3248 3249 3250 3251 3252 3253 3254
412 3256 3257 3258 3259 3260 3261 3262 3263 3264
413 3266 3267 3268 3269 3270 3271 3272 3273 3274
414 3276 3277 3278 3279 3280
415 3282 3283 3284 3285 3286 3287 3288 3289 3290
416 3292 3293 3294 3295 3296 3297 3298 3299 3300
417 3302
418 3304 3305 3306 3307 3308 3309 3310 3311 3312
419 3314 3315 3316 3317 3318 3319 3320 3321 3322
420 3324 3325 3326 3327 3328 3329 3330 3331 3332
421 3334 3335 3336 3337 3338 3339 3340 3341 3342
422 3344 3345 3346 3347 3348 3349 3350 3351 3352
423 3354 3355 3356 3357 3358 3359 3360 3361 3362
424 3364 3365 3366 3367 3368 3369 3370 3371
426 3373 3374 3375
427 3377 3378 3379 3380 3381 3382 3383 3384 3385
428 3387 3388 3389 3390 3391 3392 3393 3394 3395
429 3397 3398 3399 3400 3401 3402 3403 3404 3405
430 3407 3408 3409 3410 3411 3412 3413 3414 3415
431 3417 3418 3419 3420 3421 3422 3423 3424 3425
433 3427 3428 3429 3430 3431 3432 3433 3434 3435
434 3437 3438 3439 3440 3441 3442 3443
435 3445
436 3447 3448 3449
437 3451 3452 3453 3454 3455 3456 3457 3458 3459
438 3461 3462 3463 3464 3465 3466 3467 3468 3469
439 3471 3472 3473 3474 3475 3476 3477
441 3479 3480 3481 3482 3483 3484 3485 3486 3487
442 3489 3490 3491 3492 3493 3494 3495 3496 3497
445 3499 3500 3501 3502 3503 3504 3505 3506 3507
446 3509
447 3511 3512 3513 3514 3515 3516 3517 3518 3519
449 3521 3522 3523 3524 3525 3526 3527 3528 3529
450 3531 3532
452 3534 3535 3536 3537 3538 3539 3540 3541 3542
453 3544 3545 3546 3547 3548 3549 3550 3551 3552
454 3554 3555 3556 3557 3558 3559 3560 3561 3562
455 3564 3565 3566 3567 3568 3569 3570 3571 3572
456 3574 3575 3576 3577 3578 3579 3580 3581 3582
457 3584 3585
458 3587 3588 3589 3590 3591 3592 3593 3594 3595
459 3597 3598 3599 3600 3601 3602 3603 3604 3605
460 3607 3608 3609
461 3611 3612 3613 3614 3615 3616 3617 3618 3619
462 3621 3622
463 3624 3625 3626 3627 3628 3629 3630 3631 3632
464 3634 3635 3636 3637 3638 3639 3640 3641 3642
465 3644 3645 3646 3647 3648 3649 3650 3651 3652
466 3654 3655 3656 3657 3658 3659 3660 3661 3662
467 3664 3665 3666 3667 3668 3669 3670 3671 3672
468 3674 3675 3676
469 3678 3679 3680 3681 3682 3683 3684 3685 3686
470 3688 3689 3690 3691 3692 3693 3694 3695 3696
471 3698 3699 3700 3701 3702 3703 3704 3705 3706
472 3708 3709 3710 3711 3712 3713 3714 3715 3716
473 3718 3719 3720 3721 3722 3723
474 3725 3726 3727 3728 3729 3730 3731 3732 3733
475 3735 3736 3737 3738 3739 3740 3741 3742 3743
476 3745
477 3747 3748 3749 3750 3751 3752 3753 3754 3755
479 3757 3758 3759 3760 3761 3762 3763 3764 3765
480 3767 3768 3769 3770 3771 3772 3773 3774 3775
481 3777 3778 3779 3780 3781 3782
482 3784 3785 3786 3787 3788 3789 3790 3791 3792
483 3794 3795 3796 3797 3798 3799 3800 3801 3802
484 3804 3805 3806 3807 3808 3809 3810 3811 3812
486 3814 3815
488 3817 3818 3819 3820 3821 3822 3823 3824 3825
489 3827
490 3829 3830 3831 3832 3833 3834 3835 3836 3837
491 3839 3840 3841 3842 3843 3844 3845 3846 3847
492 3849 3850 3851 3852 3853 3854 3855 3856 3857
493 3859 3860 3861 3862 3863 3864 3865 3866 3867
494 3869 3870 3871 3872 3873 3874 3875 3876 3877
495 3879
496 3881 3882 3883 3884 3885 3886 3887 3888 3889
497 3891 3892 3893 3894 3895 3896 3897 3898 3899
498 3901 3902 3903 3904 3905 3906 3907 3908 3909
499 3911 3912 3913 3914 3915
500 3917 3918 3919 3920 3921 3922 3923 3924 3925
501 3927 3928 3929 3930 3931 3932 3933 3934 3935
502 3937 3938 3939 3940 3941 3942 3943 3944 3945
503 3947 3948 3949 3950 3951 3952 3953 3954 3955
504 3957 3958 3959 3960 3961 3962 3963 3964 3965
505 3967 3968 3969 3970 3971 3972 3973 3974 3975
506 3977 3978 3979
507 3981 3982 3983 3984 3985 3986 3987 3988 3989
508 3991 3992 3993 3994 3995 3996 3997 3998 3999
509 4001 4002 4003 4004 4005 4006 4007 4008 4009
510 4011 4012 4013 4014 4015 4016 4017 4018 4019
511 4021 4022 4023 4024 4025 4026
512 4028 4029 4030 4031 4032 4033 4034 4035 4036
513 4038 4039 4040 4041 4042 4043 4044 4045 4046
514 4048 4049 4050 4051 4052 4053 4054 4055 4056
516 4058 4059 4060 4061 4062 4063 4064 4065 4066
517 4068 4069 4070 4071 4072 4073 4074 4075 4076
518 4078
519 4080 4081 4082 4083 4084 4085 4086 4087 4088
520 4090 4091 4092 4093 4094 4095 4096 4097 4098
521 4100 4101
522 4103 4104 4105 4106 4107 4108 4109 4110 4111
523 4113 4114 4115 4116 4117 4118 4119 4120 4121
524 4123 4124 4125 4126 4127 4128 4129 4130 4131
526 4133 4134 4135 4136 4137 4138 4139 4140 4141
527 4143 4144 4145 4146 4147 4148 4149 4150 4151
528 4153 4154 4155 4156 4157 4158 4159 4160 4161
529 4163 4164 4165 4166 4167 4168 4169 4170 4171
530 4173 4174 4175 4176 4177
532 4179 4180 4181 4182 4183 4184 4185 4186
533 4188 4189 4190
534 4192 4193 4194 4195 4196 4197 4198 4199 4200
535 4202 4203 4204 4205 4206 4207 4208 4209 4210
536 4212 4213 4214 4215 4216 4217 4218 4219 4220
537 4222 4223 4224 4225 4226 4227 4228 4229 4230
538 4232 4233 4234 4235 4236 4237 4238 4239 4240
539 4242 4243 4244 4245 4246 4247 4248 4249 4250
541 4252 4253 4254 4255 4256 4257 4258 4259 4260
542 4262 4263 4264 4265 4266 4267 4268 4269 4270
543 4272 4273 4274 4275 4276 4277 4278
545 4280 4281 4282 4283 4284 4285 4286 4287 4288
546 4290 4291 4292 4293
547 4295 4296 4297 4298 4299 4300 4301 4302 4303
548 4305 4306
549 4308 4309 4310 4311 4312 4313 4314 4315 4316
551 4318 4319 4320 4321 4322 4323 4324
553 4326 4327 4328 4329 4330 4331 4332 4333 4334
554 4336 4337 4338 4339 4340 4341 4342 4343 4344
555 4346 4347 4348 4349 4350 4351 4352 4353 4354
556 4356 4357 4358 4359 4360
557 4362 4363 4364 4365 4366 4367 4368 4369 4370
558 4372
559 4374 4375
560 4377 4378 4379 4380 4381 4382 4383 4384 4385
561 4387 4388 4389 4390 4391 4392 4393 4394 4395
562 4397
563 4399 4400 4401 4402 4403 4404 4405 4406 4407
564 4409 4410 4411 4412 4413 4414 4415 4416 4417
565 4419 4420 4421
566 4423 4424 4425
567 4427 4428 4429 4430 4431 4432 4433 4434 4435
568 4437
569 4439 4440 4441 4442 4443 4444 4445 4446 4447
570 4449 4450 4451 4452 4453 4454 4455 4456 4457
571 4459
572 4461 4462 4463 4464 4465 4466 4467 4468 4469
573 4471 4472 4473 4474
574 4476 4477 4478 4479 4480 4481 4482 4483
575 4485 4486 4487 4488 4489 4490 4491 4492 4493
576 4495 4496 4497 4498
577 4500 4501 4502
578 4504 4505 4506 4507 4508 4509 4510 4511 4512
579 4514 4515 4516 4517 4518 4519 4520 4521 4522
580 4524 4525 4526 4527 4528 4529 4530 4531 4532
581 4534 4535 4536 4537 4538 4539 4540 4541 4542
582 4544 4545 4546 4547 4548 4549 4550 4551 4552
584 4554
585 4556 4557 4558 4559 4560 4561 4562 4563 4564
586 4566 4567 4568 4569 4570 4571 4572 4573 4574
587 4576 4577 4578 4579 4580 4581 4582 4583 4584
588 4586 4587 4588 4589 4590 4591 4592 4593 4594
589 4596 4597 4598 4599 4600 4601 4602 4603 4604
590 4606 4607 4608 4609 4610 4611 4612 4613 4614
591 4616 4617 4618 4619 4620 4621 4622 4623 4624
592 4626 4627 4628 4629 4630 4631 4632 4633 4634
593 4636 4637 4638 4639 4640 4641 4642 4643 4644
594 4646
595 4648 4649 4650 4651 4652 4653 4654 4655 4656
596 4658 4659 4660 4661 4662
597 4664 4665 4666 4667 4668 4669 4670 4671
598 4673 4674 4675 4676 4677 4678 4679 4680 4681
599 4683 4684 4685 4686 4687 4688 4689 4690 4691
600 4693 4694 4695 4696 4697 4698 4699 4700 4701
601 4703 4704 4705 4706 4707 4708 4709 4710 4711
602 4713 4714
604 4716 4717 4718 4719 4720 4721 4722 4723 4724
605 4726 4727 4728 4729 4730 4731 4732 4733 4734
606 4736
607 4738 4739 4740 4741 4742 4743 4744 4745 4746
608 4748 4749 4750 4751 4752 4753 4754
609 4756 4757 4758 4759 4760 4761 4762 4763 4764
610 4766 4767 4768 4769 4770 4771 4772 4773 4774
611 4776 4777 4778 4779 4780 4781 4782 4783 4784
613 4786 4787 4788 4789 4790 4791 4792 4793 4794
614 4796 4797 4798 4799 4800 4801 4802 4803 4804
615 4806 4807 4808 4809 4810 4811 4812 4813 4814
616 4816 4817 4818 4819 4820 4821 4822 4823 4824
617 4826 4827 4828 4829 4830 4831 4832 4833 4834
618 4836 4837 4838 4839 4840 4841 4842 4843 4844
619 4846 4847 4848 4849 4850 4851 4852 4853 4854
620 4856 4857 4858 4859 4860 4861 4862 4863
621 4865 4866 4867 4868 4869 4870 4871 4872 4873
622 4875 4876 4877 4878 4879 4880 4881 4882 4883
623 4885 4886 4887 4888 4889 4890 4891 4892 4893
624 4895 4896 4897 4898 4899 4900 4901 4902 4903
626 4905 4906 4907 4908 4909 4910 4911 4912 4913
627 4915 4916 4917 4918 4919 4920 4921 4922 4923
628 4925 4926 4927 4928 4929 4930 4931 4932 4933
629 4935 4936 4937 4938 4939 4940 4941 4942 4943
630 4945 4946 4947 4948 4949 4950 4951 4952 4953
631 4955 4956 4957 4958 4959 4960 4961 4962 4963
632 4965 4966 4967 4968 4969 4970 4971 4972 4973
633 4975 4976 4977 4978 4979 4980 4981 4982 4983
634 4985 4986 4987 4988 4989 4990 4991 4992 4993
635 4995 4996 4997 4998 4999 5000 5001 5002 5003
636 5005 5006 5007 5008 5009
637 5011 5012 5013 5014
638 5016 5017 5018 5019 5020 5021 5022 5023 5024
640 5026 5027 5028 5029 5030 5031 5032 5033 5034
641 5036 5037 5038 5039 5040 5041 5042 5043 5044
642 5046 5047 5048 5049 5050 5051 5052 5053 5054
643 5056 5057 5058
644 5060 5061 5062 5063 5064 5065 5066 5067 5068
645 5070 5071 5072 5073 5074 5075 5076 5077 5078
646 5080 5081 5082 5083 5084 5085 5086 5087 5088
648 5090 5091 5092 5093 5094 5095 5096 5097 5098
649 5100 5101 5102 5103 5104 5105 5106 5107 5108
650 5110 5111 5112 5113 5114 5115 5116 5117 5118
651 5120 5121
652 5123 5124 5125 5126 5127 5128 5129
653 5131 5132 5133 5134 5135 5136 5137 5138 5139
654 5141 5142 5143 5144 5145
655 5147 5148 5149 5150 5151 5152
656 5154 5155 5156 5157 5158 5159 5160 5161 5162
657 5164 5165 5166 5167 5168
658 5170
659 5172 5173 5174 5175 5176 5177 5178 5179 5180
660 5182
661 5184 5185 5186 5187 5188 5189 5190 5191 5192
662 5194 5195 5196 5197 5198 5199 5200 5201 5202
663 5204 5205 5206 5207 5208 5209 5210 5211 5212
665 5214 5215
666 5217 5218 5219 5220 5221 5222 5223 5224 5225
667 5227 5228 5229 5230
668 5232 5233 5234
669 5236 5237 5238 5239 5240 5241 5242 5243 5244
670 5246
671 5248 5249 5250 5251 5252 5253 5254 5255 5256
672 5258 5259 5260 5261 5262 5263 5264 5265 5266
673 5268 5269 5270 5271 5272 5273 5274 5275 5276
674 5278 5279 5280 5281 5282 5283 5284 5285 5286
675 5288 5289 5290 5291 5292 5293 5294 5295 5296
676 5298 5299 5300 5301 5302 5303 5304 5305 5306
678 5308 5309 5310 5311
679 5313 5314 5315 5316
680 5318 5319 5320 5321 5322 5323 5324 5325 5326
681 5328 5329 5330 5331 5332 5333 5334 5335 5336
682 5338 5339 5340 5341 5342 5343 5344 5345 5346
683 5348 5349 5350 5351 5352 5353 5354 5355 5356
684 5358 5359 5360 5361 5362 5363 5364 5365 5366
685 5368 5369
686 5371 5372 5373 5374 5375 5376 5377 5378 5379
687 5381 5382
688 5384 5385 5386 5387 5388 5389 5390 5391
689 5393 5394 5395 5396 5397
690 5399 5400 5401 5402 5403 5404 5405 5406 5407
691 5409 5410 5411 5412 5413 5414 5415 5416 5417
692 5419 5420 5421 5422 5423 5424 5425 5426 5427
693 5429 5430 5431 5432 5433 5434 5435 5436 5437
694 5439 5440 5441 5442 5443 5444 5445 5446 5447
695 5449 5450
696 5452 5453 5454 5455 5456 5457 5458 5459 5460
697 5462 5463 5464 5465 5466 5467 5468 5469 5470
698 5472 5473 5474 5475 5476
699 5478 5479 5480 5481 5482 5483 5484 5485 5486
700 5488 5489 5490 5491 5492 5493 5494 5495 5496
701 5498 5499 5500 5501 5502 5503 5504 5505 5506
702 5508 5509 5510 5511 5512 5513 5514 5515 5516
703 5518 5519 5520 5521 5522 5523 5524 5525 5526
704 5528 5529 5530 5531
705 5533 5534 5535 5536 5537 5538 5539 5540 5541
706 5543 5544 5545 5546 5547 5548 5549 5550 5551
707 5553
708 5555 5556 5557
709 5559 5560 5561 5562 5563 5564 5565
710 5567 5568 5569 5570 5571 5572 5573 5574 5575
712 5577 5578 5579 5580 5581 5582 5583 5584 5585
713 5587 5588 5589 5590 5591 5592 5593 5594
714 5596 5597 5598 5599 5600 5601 5602 5603 5604
715 5606 5607 5608 5609 5610
716 5612 5613 5614 5615 5616 5617 5618 5619 5620
717 5622 5623 5624 5625 5626 5627 5628 5629 5630
718 5632 5633 5634
719 5636 5637 5638
720 5640 5641 5642 5643 5644 5645 5646 5647 5648
723 5650 5651 5652 5653 5654 5655 5656 5657 5658
724 5660 5661 5662 5663 5664 5665 5666 5667 5668
725 5670 5671
726 5673 5674 5675 5676 5677 5678 5679 5680 5681
728 5683 5684 5685 5686 5687 5688 5689 5690 5691
729 5693 5694 5695 5696 5697 5698 5699 5700 5701
730 5703 5704 5705 5706 5707 5708 5709 5710
731 5712 5713 5714 5715 5716 5717 5718 5719 5720
732 5722
733 5724 5725 5726 5727 5728 5729 5730 5731 5732
734 5734 5735 5736 5737 5738 5739 5740 5741 5742
735 5744 5745 5746 5747 5748 5749 5750 5751 5752
736 5754 5755 5756 5757 5758 5759 5760 5761 5762
737 5764 5765 5766 5767 5768 5769 5770 5771 5772
738 5774 5775
739 5777
740 5779 5780 5781 5782 5783 5784 5785 5786
741 5788 5789 5790
742 5792 5793 5794 5795 5796 5797 5798 5799 5800
743 5802 5803 5804 5805 5806 5807 5808 5809 5810
745 5812 5813 5814 5815 5816 5817
746 5819 5820 5821 5822 5823 5824 5825 5826 5827
747 5829 5830 5831 5832 5833 5834 5835 5836 5837
748 5839 5840 5841 5842 5843
749 5845 5846 5847 5848 5849 5850 5851 5852 5853
750 5855 5856 5857 5858 5859 5860 5861 5862 5863
751 5865 5866 5867 5868 5869 5870
752 5872 5873 5874 5875 5876
753 5878 5879
754 5881 5882 5883 5884
755 5886 5887 5888 5889
756 5891 5892 5893 5894 5895 5896 5897 5898 5899
757 5901
758 5903 5904 5905 5906 5907 5908 5909 5910 5911
760 5913 5914 5915 5916 5917 5918 5919 5920 5921
761 5923 5924 5925 5926 5927 5928 5929 5930 5931
762 5933 5934 5935 5936 5937 5938 5939 5940 5941
763 5943 5944 5945 5946 5947 5948 5949 5950 5951
764 5953 5954 5955 5956 5957 5958 5959 5960 5961
765 5963
766 5965 5966 5967 5968 5969 5970 5971 5972 5973
767 5975 5976 5977 5978 5979 5980 5981 5982
768 5984 5985 5986 5987 5988 5989 5990 5991 5992
769 5994 5995 5996 5997 5998 5999 6000 6001 6002
770 6004
771 6006
772 6008 6009 6010 6011 6012 6013 6014 6015 6016
773 6018 6019 6020 6021
774 6023 6024 6025 6026 6027 6028 6029 6030 6031
775 6033 6034 6035 6036 6037 6038 6039 6040
776 6042 6043 6044 6045 6046 6047 6048 6049 6050
777 6052 6053 6054 6055 6056 6057 6058 6059 6060
778 6062 6063 6064 6065 6066 6067 6068 6069 6070
779 6072 6073 6074 6075 6076 6077 6078 6079 6080
780 6082 6083 6084 6085 6086 6087 6088 6089 6090
781 6092 6093 6094 6095 6096 6097 6098 6099 6100
782 6102 6103 6104 6105
783 6107 6108
784 6110 6111 6112 6113 6114 6115 6116 6117 6118
785 6120 6121 6122 6123 6124 6125 6126 6127 6128
786 6130 6131 6132 6133 6134 6135 6136 6137 6138
787 6140 6141 6142 6143 6144 6145 6146 6147 6148
788 6150 6151 6152 6153 6154 6155 6156 6157 6158
789 6160 6161 6162 6163 6164 6165 6166 6167 6168
790 6170 6171 6172 6173 6174 6175 6176
791 6178 6179 6180 6181 6182 6183 6184 6185 6186
792 6188 6189
793 6191
794 6193 6194 6195 6196 6197 6198 6199
796 6201 6202 6203 6204 6205 6206 6207 6208 6209
797 6211 6212 6213 6214 6215 6216 6217 6218 6219
798 6221 6222 6223 6224 6225 6226 6227 6228 6229
799 6231 6232 6233 6234 6235 6236 6237 6238 6239
800 6241
801 6243 6244 6245 6246 6247 6248 6249 6250 6251
802 6253 6254 6255 6256 6257
803 6259 6260 6261 6262 6263 6264 6265 6266 6267
804 6269 6270 6271 6272 6273 6274 6275 6276 6277
805 6279 6280 6281 6282 6283 6284
806 6286 6287 6288 6289 6290 6291 6292 6293 6294
807 6296 6297
808 6299 6300 6301 6302 6303 6304 6305 6306 6307
809 6309 6310 6311 6312 6313 6314 6315 6316 6317
810 6319 6320 6321 6322 6323 6324 6325 6326 6327
811 6329 6330 6331 6332 6333 6334 6335 6336 6337
813 6339 6340 6341 6342 6343 6344 6345 6346 6347
814 6349 6350 6351 6352 6353 6354 6355 6356 6357
815 6359 6360 6361
817 6363 6364 6365
819 6367 6368 6369 6370 6371 6372 6373 6374 6375
820 6377 6378 6379 6380 6381 6382 6383 6384 6385
821 6387 6388 6389 6390 6391 6392 6393 6394 6395
822 6397 6398 6399 6400 6401 6402
823 6404
825 6406 6407 6408 6409
826 6411
827 6413 6414 6415 6416 6417 6418 6419 6420 6421
828 6423 6424 6425 6426 6427 6428 6429 6430 6431
829 6433 6434 6435 6436
830 6438 6439 6440 6441 6442
831 6444 6445 6446 6447 6448 6449 6450 6451 6452
832 6454 6455
833 6457 6458 6459 6460 6461 6462 6463 6464 6465
834 6467 6468 6469 6470 6471 6472 6473 6474 6475
836 6477 6478 6479 6480 6481 6482 6483 6484
837 6486 6487 6488 6489 6490 6491 6492 6493
838 6495 6496 6497 6498 6499 6500 6501 6502 6503
839 6505 6506 6507 6508 6509 6510 6511 6512 6513
840 6515 6516 6517 6518 6519 6520 6521 6522 6523
842 6525 6526 6527
843 6529 6530 6531 6532 6533 6534 6535 6536 6537
844 6539 6540 6541 6542 6543 6544 6545 6546 6547
845 6549 6550 6551 6552 6553 6554 6555 6556 6557
846 6559 6560 6561 6562 6563 6564 6565 6566 6567
847 6569 6570 6571 6572 6573 6574 6575 6576 6577
848 6579 6580 6581 6582 6583 6584 6585 6586 6587
849 6589 6590 6591 6592 6593 6594 6595 6596 6597
851 6599 6600 6601 6602 6603 6604 6605 6606 6607
852 6609
853 6611 6612 6613 6614 6615 6616 6617 6618 6619
854 6621 6622 6623 6624 6625 6626 6627 6628 6629
855 6631 6632 6633 6634 6635 6636 6637 6638 6639
856 6641 6642 6643 6644 6645 6646 6647 6648 6649
857 6651 6652 6653 6654 6655 6656 6657 6658 6659
858 6661 6662 6663 6664 6665 6666 6667 6668 6669
859 6671 6672 6673 6674 6675 6676 6677 6678 6679
860 6681 6682 6683 6684 6685 6686 6687 6688 6689
861 6691 6692 6693 6694 6695 6696 6697 6698
862 6700 6701 6702 6703 6704 6705 6706 6707 6708
863 6710 6711 6712 6713
864 6715 6716
865 6718 6719 6720
866 6722 6723 6724 6725 6726 6727 6728 6729 6730
867 6732 6733 6734 6735 6736 6737 6738 6739 6740
868 6742 6743 6744 6745 6746 6747 6748 6749 6750
869 6752 6753 6754 6755 6756 6757 6758 6759
870 6761 6762 6763 6764 6765 6766 6767 6768 6769
871 6771 6772 6773 6774 6775 6776 6777 6778 6779
873 6781 6782 6783 6784 6785
874 6787 6788 6789 6790 6791 6792 6793 6794 6795
875 6797 6798 6799 6800 6801 6802 6803
876 6805
877 6807 6808 6809 6810 6811 6812 6813 6814 6815
879 6817
880 6819 6820 6821 6822 6823 6824 6825 6826 6827
881 6829 6830 6831
882 6833 6834
883 6836 6837
884 6839 6840 6841 6842 6843 6844 6845 6846 6847
885 6849 6850 6851 6852 6853 6854 6855 6856 6857
886 6859 6860
887 6862 6863 6864
888 6866 6867 6868 6869 6870 6871 6872 6873 6874
889 6876 6877 6878 6879 6880 6881 6882
890 6884 6885 6886 6887 6888 6889 6890 6891 6892
891 6894 6895 6896 6897 6898 6899 6900 6901 6902
892 6904 6905 6906 6907 6908 6909 6910 6911 6912
893 6914 6915 6916 6917 6918 6919 6920 6921 6922
894 6924 6925 6926 6927 6928 6929 6930 6931 6932
895 6934 6935 6936 6937 6938 6939 6940 6941 6942
896 6944 6945 6946 6947 6948
897 6950 6951 6952 6953 6954 6955 6956 6957 6958
898 6960 6961 6962 6963
899 6965 6966 6967 6968 6969 6970 6971 6972 6973
900 6975 6976 6977 6978 6979 6980 6981 6982 6983
901 6985 6986 6987 6988 6989 6990 6991 6992 6993
902 6995 6996 6997 6998 6999 7000 7001 7002 7003
903 7005 7006 7007 7008 7009 7010 7011 7012 7013
904 7015 7016 7017 7018 7019 7020 7021
905 7023 7024 7025
906 7027 7028 7029 7030 7031 7032 7033 7034 7035
907 7037 7038 7039 7040 7041 7042 7043 7044 7045
908 7047 7048 7049 7050 7051 7052 7053 7054 7055
909 7057 7058 7059 7060 7061 7062 7063 7064 7065
910 7067 7068 7069 7070 7071 7072 7073 7074 7075
911 7077 7078
912 7080 7081 7082 7083 7084 7085 7086 7087 7088
913 7090 7091
914 7093 7094 7095 7096 7097 7098 7099 7100 7101
915 7103 7104 7105 7106 7107 7108 7109 7110 7111
916 7113 7114 7115 7116 7117 7118 7119 7120 7121
917 7123 7124 7125 7126 7127 7128 7129 7130 7131
918 7133 7134 7135 7136 7137 7138 7139 7140 7141
919 7143 7144 7145
920 7147 7148 7149 7150 7151 7152 7153 7154 7155
921 7157 7158 7159 7160 7161 7162 7163 7164 7165
922 7167 7168 7169 7170 7171 7172 7173 7174 7175
923 7177 7178 7179 7180 7181 7182 7183
924 7185 7186 7187 7188 7189 7190 7191 7192 7193
925 7195 7196 7197 7198 7199 7200 7201 7202 7203
926 7205 7206 7207 7208 7209 7210 7211 7212 7213
928 7215 7216 7217 7218 7219 7220 7221 7222 7223
929 7225 7226 7227 7228 7229 7230 7231 7232 7233
930 7235 7236 7237 7238 7239 7240 7241 7242 7243
931 7245 7246 7247 7248 7249 7250 7251 7252 7253
932 7255 7256 7257
933 7259 7260 7261 7262 7263 7264 7265 7266 7267
934 7269 7270
935 7272 7273 7274 7275 7276 7277 7278 7279 7280
936 7282 7283 7284 7285 7286 7287 7288 7289 7290
937 7292 7293 7294 7295 7296 7297 7298 7299 7300
938 7302 7303 7304 7305 7306 7307 7308 7309 7310
939 7312 7313 7314 7315 7316 7317 7318 7319 7320
940 7322 7323 7324 7325 7326 7327 7328 7329 7330
941 7332 7333 7334 7335 7336 7337 7338 7339 7340
942 7342 7343 7344 7345 7346 7347 7348 7349 7350
943 7352 7353 7354 7355 7356 7357 7358 7359 7360
944 7362 7363 7364 7365 7366 7367 7368 7369 7370
945 7372 7373 7374 7375 7376 7377 7378 7379 7380
946 7382 7383 7384 7385 7386 7387 7388 7389 7390
947 7392 7393 7394
948 7396 7397 7398 7399 7400 7401 7402 7403 7404
949 7406 7407 7408 7409 7410 7411 7412 7413 7414
951 7416 7417 7418 7419 7420 7421 7422 7423 7424
953 7426 7427
954 7429 7430 7431 7432
955 7434 7435 7436 7437 7438 7439 7440 7441 7442
956 7444 7445 7446 7447 7448 7449 7450 7451 7452
957 7454 7455 7456 7457 7458 7459 7460 7461 7462
958 7464 7465 7466 7467 7468 7469 7470 7471 7472
959 7474 7475 7476 7477 7478 7479 7480 7481 7482
960 7484 7485 7486 7487 7488 7489 7490 7491 7492
961 7494 7495 7496 7497 7498 7499 7500 7501 7502
962 7504 7505 7506 7507 7508 7509 7510 7511 7512
963 7514 7515 7516 7517 7518 7519 7520 7521 7522
965 7524 7525 7526 7527 7528 7529 7530
966 7532 7533 7534 7535 7536 7537 7538 7539 7540
967 7542 7543 7544 7545 7546 7547 7548 7549 7550
969 7552 7553 7554 7555 7556 7557 7558 7559 7560
970 7562 7563 7564
971 7566
972 7568 7569 7570 7571 7572 7573 7574 7575 7576
973 7578 7579 7580 7581 7582 7583 7584 7585 7586
974 7588 7589 7590 7591 7592 7593 7594 7595 7596
975 7598 7599 7600 7601 7602 7603 7604 7605 7606
976 7608 7609
978 7611 7612
979 7614 7615 7616 7617 7618 7619 7620 7621 7622
980 7624 7625 7626 7627 7628 7629 7630 7631 7632
981 7634 7635 7636 7637 7638 7639 7640 7641 7642
982 7644
983 7646
984 7648 7649 7650 7651 7652 7653 7654
985 7656 7657 7658 7659 7660 7661 7662 7663 7664
986 7666 7667 7668 7669 7670 7671
987 7673 7674 7675 7676 7677 7678 7679
988 7681 7682 7683 7684 7685 7686 7687 7688 7689
989 7691 7692 7693 7694 7695 7696 7697 7698 7699
990 7701 7702
991 7704 7705 7706 7707 7708 7709 7710 7711 7712
992 7714 7715 7716 7717 7718 7719 7720 7721 7722
993 7724 7725
994 7727 7728 7729 7730
996 7732 7733 7734 7735 7736 7737 7738 7739 7740
998 7742 7743 7744 7745 7746 7747 7748 7749 7750
999 7752
1000 7754 7755 7756 7757 7758 7759 7760 7761 7762
1001 7764 7765
1002 7767 7768 7769 7770
1003 7772 7773 7774 7775 7776 7777 7778 7779 7780
1004 7782 7783 7784 7785 7786 7787 7788
1005 7790 7791 7792 7793 7794 7795 7796 7797 7798
1006 7800 7801 7802 7803 7804 7805 7806 7807 7808
1007 7810 7811
1008 7813 7814 7815 7816 7817 7818 7819 7820 7821
1010 7823 7824 7825 7826 7827 7828 7829 7830 7831
1011 7833 7834 7835 7836 7837 7838 7839 7840 7841
1013 7843 7844 7845 7846 7847 7848 7849 7850 7851
1014 7853 7854 7855 7856 7857 7858 7859 7860 7861
1015 7863 7864 7865
1016 7867 7868 7869 7870 7871 7872 7873 7874 7875
1017 7877 7878 7879 7880 7881 7882 7883 7884 7885
1018 7887 7888 7889 7890 7891 7892 7893 7894 7895
1019 7897 7898 7899 7900 7901 7902 7903 7904 7905
1020 7907 7908 7909 7910 7911 7912 7913 7914 7915
1021 7917 7918 7919 7920 7921 7922 7923 7924 7925
1022 7927 7928 7929 7930 7931 7932 7933 7934 7935
1023 7937 7938 7939 7940 7941 7942 7943 7944 7945
1024 7947 7948 7949 7950 7951 7952 7953 7954
1025 7956 7957 7958 7959 7960 7961 7962 7963 7964
1026 7966 7967 7968 7969 7970 7971 7972 7973 7974
1027 7976 7977
1029 7979 7980 7981 7982 7983 7984 7985 7986 7987
1030 7989 7990 7991 7992 7993 7994 7995 7996 7997
1031 7999 8000 8001
1032 8003 8004 8005 8006 8007 8008 8009 8010 8011
1033 8013 8014 8015 8016 8017 8018 8019 8020 8021
1034 8023 8024 8025 8026 8027 8028
1035 8030 8031 8032 8033 8034 8035 8036 8037
1036 8039 8040 8041 8042 8043 8044 8045 8046 8047
1037 8049 8050 8051 8052 8053 8054 8055 8056 8057
1038 8059 8060 8061 8062 8063 8064 8065 8066 8067
1039 8069 8070 8071 8072 8073 8074 8075 8076 8077
1040 8079 8080 8081 8082 8083 8084 8085 8086 8087
1041 8089 8090 8091
1042 8093 8094 8095 8096 8097 8098 8099 8100 8101
1043 8103 8104 8105 8106 8107 8108 8109 8110
1044 8112 8113 8114 8115 8116 8117 8118
1045 8120 8121 8122 8123 8124
1046 8126 8127 8128 8129 8130 8131 8132 8133 8134
1047 8136 8137 8138 8139 8140 8141 8142 8143 8144
1048 8146 8147 8148 8149 8150 8151 8152 8153 8154
1049 8156 8157
1051 8159 8160 8161 8162 8163 8164
1052 8166 8167 8168 8169 8170 8171 8172
1054 8174 8175 8176 8177 8178 8179 8180 8181 8182
1055 8184 8185 8186 8187 8188 8189 8190 8191 8192
1056 8194 8195
1057 8197 8198 8199 8200 8201 8202 8203 8204 8205
1058 8207 8208 8209 8210 8211 8212 8213 8214 8215
1059 8217 8218 8219 8220 8221 8222 8223 8224 8225
1061 8227 8228 8229 8230 8231 8232 8233 8234 8235
1062 8237 8238 8239 8240 8241 8242 8243 8244 8245
1063 8247 8248 8249 8250 8251 8252 8253 8254 8255
1064 8257 8258
1065 8260 8261
1066 8263 8264 8265 8266 8267 8268 8269 8270 8271
1067 8273 8274 8275 8276 8277 8278 8279 8280 8281
1068 8283 8284 8285 8286 8287 8288 8289 8290 8291
1069 8293 8294 8295 8296 8297 8298 8299 8300 8301
1070 8303 8304 8305 8306 8307 8308 8309
1071 8311 8312 8313
1072 8315 8316
1073 8318
1074 8320
1075 8322 8323 8324 8325 8326 8327 8328 8329 8330
1076 8332 8333 8334
1077 8336 8337 8338 8339 8340 8341 8342 8343 8344
1078 8346 8347 8348 8349 8350 8351 8352 8353 8354
1079 8356 8357 8358 8359 8360 8361 8362 8363 8364
1080 8366 8367 8368 8369 8370 8371 8372 8373 8374
1081 8376 8377 8378 8379
1082 8381 8382 8383 8384 8385 8386 8387 8388 8389
1083 8391 8392 8393 8394 8395 8396 8397 8398
1084 8400 8401 8402 8403 8404 8405 8406 8407 8408
1085 8410 8411 8412 8413 8414 8415 8416 8417 8418
1086 8420 8421 8422 8423 8424
1087 8426 8427
1088 8429 8430 8431 8432 8433 8434 8435 8436 8437
1089 8439 8440 8441 8442 8443 8444 8445 8446 8447
1091 8449 8450
1092 8452 8453 8454 8455 8456 8457 8458 8459
1093 8461 8462 8463 8464 8465 8466 8467 8468 8469
1094 8471 8472 8473 8474 8475 8476 8477 8478 8479
1095 8481 8482 8483 8484 8485 8486 8487 8488
1096 8490 8491 8492 8493 8494 8495
1097 8497 8498 8499 8500 8501 8502 8503 8504 8505
1098 8507 8508 8509 8510 8511 8512 8513 8514 8515
1099 8517 8518 8519 8520 8521 8522 8523 8524 8525
1100 8527 8528 8529 8530
1102 8532 8533 8534 8535 8536 8537 8538 8539 8540
1103 8542 8543 8544 8545 8546 8547 8548 8549 8550
1104 8552 8553 8554 8555 8556 8557 8558 8559 8560
1105 8562 8563 8564 8565 8566 8567 8568 8569
1106 8571 8572 8573 8574 8575 8576 8577 8578 8579
1107 8581 8582 8583 8584 8585 8586 8587 8588 8589
1108 8591 8592 8593 8594 8595 8596 8597 8598 8599
1110 8601 8602 8603 8604 8605 8606 8607 8608 8609
1111 8611 8612 8613 8614 8615 8616 8617 8618 8619
1112 8621 8622 8623 8624 8625 8626 8627 8628
1113 8630 8631 8632 8633 8634 8635 8636
1114 8638 8639 8640 8641 8642 8643 8644 8645 8646
1115 8648 8649 8650 8651 8652 8653 8654 8655 8656
1116 8658 8659 8660 8661 8662 8663 8664 8665 8666
1117 8668 8669 8670 8671 8672 8673 8674 8675 8676
1118 8678 8679 8680 8681 8682 8683 8684 8685 8686
1119 8688 8689 8690 8691 8692 8693 8694 8695 8696
1120 8698
1121 8700 8701 8702 8703 8704 8705 8706 8707 8708
1122 8710 8711 8712 8713 8714 8715 8716 8717 8718
1123 8720 8721 8722 8723 8724 8725 8726 8727 8728
1124 8730 8731 8732 8733 8734 8735 8736 8737 8738
1125 8740 8741 8742 8743 8744 8745 8746 8747 8748
1126 8750 8751 8752 8753 8754 8755 8756 8757 8758
1127 8760 8761 8762 8763 8764 8765 8766 8767 8768
1128 8770
1130 8772 8773
1131 8775 8776 8777 8778 8779 8780 8781 8782 8783
1133 8785
1134 8787 8788 8789 8790
1135 8792 8793 8794 8795 8796 8797 8798 8799 8800
1136 8802 8803 8804 8805 8806
1137 8808
1138 8810 8811 8812 8813
1139 8815 8816 8817 8818 8819 8820 8821 8822 8823
1140 8825 8826 8827 8828 8829 8830 8831 8832 8833
1141 8835 8836 8837 8838 8839 8840 8841
1142 8843 8844 8845 8846 8847 8848 8849 8850 8851
1143 8853 8854 8855 8856 8857 8858 8859 8860 8861
1144 8863 8864 8865 8866 8867 8868 8869 8870 8871
1145 8873 8874 8875 8876 8877 8878 8879 8880 8881
1146 8883 8884 8885 8886 8887 8888 8889 8890 8891
1147 8893 8894 8895 8896 8897 8898 8899 8900 8901
1148 8903
1150 8905
1151 8907 8908 8909 8910 8911 8912 8913 8914 8915
1153 8917 8918 8919 8920 8921 8922 8923 8924 8925
1154 8927 8928
1155 8930 8931
1156 8933 8934 8935 8936 8937
1157 8939 8940 8941 8942 8943 8944 8945 8946 8947
1158 8949 8950 8951 8952 8953 8954 8955 8956 8957
1159 8959 8960 8961 8962 8963 8964 8965 8966 8967
1160 8969 8970 8971 8972 8973 8974 8975 8976 8977
1162 8979 8980 8981 8982 8983 8984 8985 8986 8987
1163 8989
1164 8991 8992 8993 8994
1165 8996 8997
1166 8999 9000 9001 9002 9003 9004 9005 9006 9007
1167 9009 9010 9011 9012 9013 9014 9015 9016 9017
1168 9019 9020 9021 9022 9023 9024 9025 9026 9027
1169 9029 9030 9031 9032 9033 9034 9035 9036 9037
1170 9039 9040 9041 9042 9043
1171 9045 9046 9047 9048 9049
1172 9051 9052 9053 9054 9055 9056 9057 9058 9059
1174 9061 9062 9063 9064 9065 9066 9067 9068 9069
1175 9071 9072 9073 9074 9075 9076 9077 9078 9079
1176 9081 9082 9083 9084 9085 9086 9087 9088 9089
1177 9091 9092 9093 9094 9095 9096 9097 9098 9099
1178 9101 9102 9103 9104 9105 9106 9107 9108 9109
1179 9111 9112 9113 9114 9115
1180 9117 9118 9119 9120 9121 9122 9123 9124 9125
1181 9127 9128 9129 9130 9131 9132 9133 9134 9135
1183 9137 9138 9139 9140 9141 9142 9143 9144 9145
1184 9147 9148 9149 9150 9151 9152 9153 9154 9155
1185 9157 9158 9159 9160 9161 9162 9163 9164 9165
1186 9167 9168 9169 9170 9171 9172 9173 9174 9175
1187 9177 9178 9179 9180
1188 9182 9183 9184
1189 9186 9187 9188 9189
1190 9191 9192 9193 9194 9195
1191 9197 9198 9199 9200 9201 9202 9203 9204 9205
1192 9207 9208 9209 9210 9211 9212 9213 9214 9215
1194 9217 9218 9219 9220 9221 9222 9223 9224 9225
1195 9227 9228 9229 9230 9231 9232 9233 9234 9235
1196 9237 9238 9239 9240 9241 9242 9243 9244 9245
1197 9247 9248 9249 9250 9251 9252 9253 9254 9255
1198 9257 9258 9259 9260 9261 9262 9263 9264 9265
1199 9267
1200 9269 9270 9271 9272 9273 9274 9275 9276 9277
1201 9279 9280 9281 9282 9283 9284 9285 9286 9287
1202 9289 9290 9291 9292 9293 9294 9295 9296 9297
1203 9299 9300 9301 9302 9303 9304 9305 9306 9307
1204 9309 9310 9311 9312 9313 9314
1205 9316 9317 9318 9319 9320 9321 9322 9323 9324
1206 9326 9327 9328 9329 9330 9331 9332 9333 9334
1207 9336 9337 9338 9339 9340 9341 9342 9343 9344
1208 9346 9347 9348 9349 9350 9351 9352 9353 9354
1209 9356 9357 9358 9359 9360 9361 9362 9363 9364
1210 9366 9367 9368 9369 9370 9371
1211 9373 9374 9375 9376 9377 9378 9379 9380 9381
1212 9383 9384 9385 9386 9387 9388 9389 9390 9391
1213 9393 9394 9395 9396 9397 9398 9399 9400 9401
1214 9403 9404 9405 9406 9407 9408 9409 9410 9411
1215 9413 9414 9415 9416 9417
1216 9419 9420 9421 9422 9423 9424 9425 9426
1217 9428 9429 9430 9431 9432 9433 9434 9435 9436
1218 9438 9439 9440 9441 9442 9443 9444 9445 9446
1219 9448 9449 9450 9451 9452 9453 9454 9455 9456
1220 9458 9459 9460 9461 9462 9463 9464 9465 9466
1222 9468 9469 9470 9471 9472 9473
1223 9475 9476 9477 9478 9479 9480 9481 9482 9483
1224 9485 9486 9487
1225 9489 9490 9491 9492 9493 9494 9495 9496 9497
1226 9499 9500 9501 9502 9503 9504 9505 9506 9507
1227 9509 9510 9511
1228 9513 9514 9515 9516 9517 9518 9519 9520 9521
1229 9523 9524 9525 9526
1230 9528 9529 9530 9531 9532 9533 9534 9535 9536
1231 9538 9539 9540 9541 9542 9543 9544 9545 9546
1232 9548 9549 9550 9551 9552 9553 9554 9555 9556
1233 9558 9559 9560 9561 9562 9563 9564 9565 9566
1234 9568 9569
1235 9571 9572 9573 9574 9575 9576 9577
1236 9579 9580
1237 9582
1238 9584 9585 9586 9587 9588 9589 9590 9591 9592
1239 9594 9595 9596 9597 9598 9599 9600 9601 9602
1241 9604 9605 9606 9607 9608 9609 9610 9611 9612
1243 9614 9615 9616 9617 9618 9619 9620 9621 9622
1244 9624 9625 9626 9627 9628 9629 9630 9631 9632
1246 9634 9635 9636 9637
1247 9639 9640 9641 9642 9643 9644 9645 9646 9647
1248 9649 9650 9651 9652 9653 9654 9655 9656 9657
1249 9659
1250 9661 9662 9663 9664 9665 9666 9667 9668 9669
1251 9671
1252 9673
1254 9675 9676 9677 9678 9679 9680 9681 9682 9683
1255 9685 9686 9687 9688 9689 9690 9691 9692 9693
1256 9695 9696 9697 9698 9699 9700 9701 9702
1257 9704
1258 9706 9707 9708 9709 9710 9711 9712 9713 9714
1259 9716 9717 9718 9719 9720 9721 9722 9723 9724
1260 9726 9727 9728 9729 9730 9731 9732 9733 9734
1261 9736 9737 9738 9739 9740 9741 9742 9743 9744
1262 9746 9747 9748 9749 9750 9751 9752 9753 9754
1263 9756 9757 9758 9759 9760 9761 9762 9763 9764
1264 9766 9767 9768 9769 9770 9771 9772 9773 9774
1265 9776 9777 9778 9779 9780 9781 9782 9783 9784
1267 9786 9787 9788 9789 9790 9791 9792 9793 9794
1268 9796 9797 9798 9799 9800 9801 9802 9803 9804
1269 9806 9807 9808 9809 9810 9811 9812 9813 9814
1270 9816 9817 9818 9819 9820 9821 9822 9823 9824
1271 9826
1272 9828 9829
1273 9831
1274 9833 9834 9835 9836 9837 9838 9839 9840 9841
1275 9843 9844 9845 9846 9847 9848 9849 9850 9851
1277 9853 9854 9855 9856 9857 9858 9859 9860 9861
1278 9863 9864 9865 9866 9867 9868 9869 9870 9871
1279 9873 9874 9875 9876 9877 9878 9879 9880 9881
1280 9883 9884 9885 9886 9887 9888 9889 9890 9891
1282 9893 9894 9895 9896 9897 9898 9899 9900 9901
1283 9903 9904 9905 9906 9907 9908 9909 9910 9911
1284 9913 9914 9915 9916 9917 9918 9919 9920 9921
1285 9923 9924 9925 9926 9927 9928 9929 9930 9931
1286 9933 9934 9935 9936 9937 9938 9939 9940 9941
1287 9943 9944 9945 9946 9947 9948 9949 9950 9951
1288 9953 9954 9955 9956 9957 9958 9959 9960 9961
1289 9963 9964 9965 9966 9967 9968 9969 9970 9971
1290 9973 9974 9975 9976 9977 9978 9979 9980 9981
1291 9983 9984
1292 9986 9987 9988 9989 9990 9991 9992 9993
1293 9995 9996 9997 9998 9999 10000 10001 10002
1294 10004 10005 10006 10007 10008
1295 10010 10011 10012 10013 10014 10015 10016 10017 10018
1296 10020 10021 10022 10023 10024 10025 10026 10027 10028
1297 10030 10031 10032 10033 10034 10035 10036 10037 10038
1298 10040 10041 10042 10043 10044 10045 10046 10047 10048
1300 10050 10051 10052 10053 10054 10055 10056 10057 10058
1301 10060 10061 10062 10063 10064 10065 10066 10067 10068
1302 10070 10071 10072 10073 10074
1304 10076 10077 10078 10079 10080 10081 10082 10083 10084
1305 10086 10087 10088 10089 10090
1306 10092 10093 10094 10095 10096 10097 10098 10099 10100
1308 10102
1309 10104
1310 10106 10107 10108 10109
1311 10111 10112 10113 10114 10115 10116 10117 10118 10119
1312 10121 10122 10123 10124 10125 10126 10127 10128 10129
1314 10131 10132 10133 10134 10135 10136 10137 10138 10139
1315 10141 10142 10143 10144 10145 10146 10147 10148 10149
1316 10151 10152 10153 10154 10155 10156 10157 10158 10159
1317 10161 10162 10163 10164 10165 10166 10167 10168 10169
1318 10171 10172 10173
1319 10175 10176 10177 10178 10179 10180 10181 10182 10183
1320 10185 10186 10187 10188
1321 10190 10191 10192 10193 10194 10195 10196 10197 10198
1322 10200 10201 10202 10203 10204 10205
1323 10207 10208 10209 10210 10211 10212 10213 10214 10215
1324 10217 10218 10219 10220 10221 10222
1325 10224 10225 10226 10227 10228 10229 10230 10231 10232
1326 10234 10235 10236 10237 10238 10239 10240 10241 10242
1327 10244 10245 10246 10247 10248
1328 10250 10251 10252 10253 10254 10255 10256 10257 10258
1329 10260 10261 10262 10263 10264
1330 10266 10267 10268 10269 10270 10271 10272 10273 10274
1331 10276 10277 10278 10279 10280 10281 10282
1332 10284 10285 10286 10287 10288 10289 10290 10291 10292
1333 10294 10295 10296 10297 10298 10299 10300 10301 10302
1334 10304
1336 10306 10307 10308 10309 10310 10311 10312 10313 10314
1337 10316 10317 10318 10319 10320 10321 10322 10323 10324
1338 10326 10327 10328 10329 10330 10331 10332 10333
1339 10335 10336 10337 10338 10339
1341 10341 10342 10343 10344 10345 10346
1342 10348 10349 10350 10351 10352 10353 10354 10355 10356
1343 10358 10359 10360
1344 10362 10363 10364 10365 10366 10367 10368 10369 10370
1345 10372 10373 10374 10375 10376 10377 10378 10379
1346 10381 10382 10383 10384 10385 10386 10387 10388 10389
1347 10391 10392 10393 10394
1348 10396 10397 10398 10399
1349 10401 10402 10403 10404 10405 10406 10407 10408 10409
1350 10411 10412 10413 10414 10415 10416 10417 10418 10419
1351 10421 10422 10423 10424 10425 10426 10427 10428 10429
1353 10431 10432 10433 10434 10435 10436 10437 10438 10439
1354 10441 10442 10443 10444 10445 10446 10447 10448 10449
1356 10451 10452 10453 10454 10455 10456 10457 10458 10459
1358 10461 10462 10463 10464 10465 10466 10467 10468
1359 10470 10471 10472 10473 10474 10475 10476 10477 10478
1361 10480 10481 10482 10483 10484 10485 10486 10487 10488
1362 10490 10491 10492 10493 10494 10495 10496 10497 10498
1363 10500 10501 10502 10503
1364 10505 10506
1365 10508 10509 10510 10511 10512
1366 10514 10515 10516 10517 10518 10519 10520 10521 10522
1367 10524 10525 10526 10527 10528 10529 10530 10531 10532
1368 10534 10535 10536 10537 10538 10539 10540 10541 10542
1369 10544
1370 10546 10547 10548 10549 10550 10551 10552 10553 10554
1371 10556 10557 10558 10559 10560 10561 10562 10563 10564
1372 10566 10567 10568 10569 10570 10571 10572 10573 10574
1373 10576 10577 10578 10579 10580 10581 10582 10583
1374 10585 10586 10587 10588 10589 10590 10591 10592 10593
1375 10595 10596 10597 10598 10599 10600 10601 10602 10603
1376 10605 10606 10607 10608 10609 10610 10611 10612 10613
1377 10615 10616 10617 10618
1378 10620 10621 10622 10623
1380 10625 10626
1381 10628 10629 10630 10631 10632 10633 10634 10635 10636
1382 10638
1383 10640 10641 10642 10643 10644 10645 10646 10647 10648
1384 10650 10651
1385 10653 10654 10655 10656 10657 10658 10659 10660 10661
1386 10663 10664 10665 10666 10667 10668 10669 10670 10671
1387 10673 10674 10675
1388 10677 10678 10679 10680 10681 10682 10683 10684 10685
1389 10687 10688 10689 10690 10691 10692 10693 10694 10695
1390 10697 10698 10699 10700 10701 10702 10703 10704 10705
1391 10707 10708 10709 10710 10711 10712 10713 10714 10715
1392 10717 10718 10719 10720 10721 10722
1393 10724 10725 10726 10727 10728 10729 10730 10731 10732
1394 10734 10735 10736 10737 10738 10739 10740 10741 10742
1395 10744 10745 10746 10747 10748 10749 10750 10751 10752
1396 10754
1398 10756 10757 10758 10759 10760 10761 10762 10763 10764
1399 10766 10767 10768 10769 10770 10771 10772 10773 10774
1400 10776 10777 10778 10779 10780 10781 10782 10783 10784
1401 10786 10787 10788 10789 10790 10791 10792 10793 10794
1402 10796 10797 10798 10799 10800 10801 10802 10803 10804
1403 10806 10807 10808 10809 10810 10811 10812 10813 10814
1404 10816 10817 10818 10819 10820 10821 10822 10823 10824
1405 10826 10827 10828 10829 10830 10831 10832 10833 10834
1406 10836 10837 10838 10839 10840 10841 10842 10843 10844
1407 10846 10847 10848 10849 10850 10851 10852
1408 10854 10855 10856 10857 10858 10859 10860 10861 10862
1409 10864 10865 10866
1410 10868 10869 10870 10871 10872 10873 10874 10875 10876
1411 10878 10879 10880 10881 10882 10883 10884 10885 10886
1412 10888 10889 10890 10891 10892 10893 10894 10895 10896
1413 10898 10899 10900 10901 10902 10903 10904 10905 10906
1414 10908 10909 10910 10911 10912 10913 10914 10915 10916
1415 10918 10919 10920 10921 10922 10923 10924 10925 10926
1416 10928 10929 10930 10931 10932 10933
1417 10935 10936 10937 10938 10939 10940 10941 10942 10943
1418 10945 10946 10947 10948 10949 10950 10951 10952 10953
1419 10955 10956 10957 10958 10959 10960 10961 10962 10963
1420 10965 10966 10967 10968 10969 10970 10971 10972 10973
1421 10975 10976 10977
1422 10979 10980 10981 10982 10983 10984 10985 10986 10987
1423 10989 10990 10991 10992 10993 10994 10995 10996 10997
1424 10999 11000 11001 11002 11003 11004 11005 11006 11007
1425 11009 11010 11011 11012 11013 11014 11015 11016 11017
1426 11019 11020 11021 11022 11023 11024 11025 11026 11027
1427 11029 11030 11031 11032 11033 11034 11035 11036 11037
1428 11039 11040 11041 11042 11043 11044 11045 11046
1429 11048 11049 11050 11051 11052 11053 11054 11055 11056
1430 11058 11059 11060 11061 11062 11063 11064 11065 11066
1431 11068 11069 11070
1433 11072
1434 11074 11075 11076 11077 11078 11079 11080 11081 11082
1435 11084 11085 11086 11087 11088 11089 11090 11091 11092
1437 11094 11095 11096
1438 11098 11099 11100 11101 11102 11103 11104 11105 11106
1439 11108 11109 11110 11111 11112 11113 11114 11115 11116
1440 11118 11119 11120 11121 11122 11123 11124
1441 11126 11127 11128 11129 11130 11131 11132 11133 11134
1442 11136 11137 11138 11139 11140 11141 11142 11143 11144
1443 11146 11147 11148 11149
1444 11151 11152 11153 11154
1445 11156 11157 11158 11159 11160 11161 11162 11163 11164
1446 11166 11167 11168 11169 11170
1447 11172 11173 11174 11175 11176 11177 11178 11179 11180
1448 11182 11183 11184 11185 11186 11187 11188 11189 11190
1449 11192 11193 11194 11195 11196 11197 11198 11199 11200
1450 11202 11203 11204 11205 11206 11207 11208 11209 11210
1451 11212
1452 11214 11215 11216 11217 11218 11219 11220 11221 11222
1453 11224 11225 11226 11227 11228 11229 11230 11231 11232
1454 11234 11235
1455 11237 11238 11239 11240 11241 11242 11243 11244 11245
1456 11247 11248 11249 11250 11251 11252 11253 11254 11255
1457 11257 11258 11259 11260 11261 11262 11263 11264 11265
1458 11267 11268 11269 11270 11271 11272 11273 11274 11275
1459 11277 11278 11279
1460 11281 11282 11283 11284 11285 11286 11287 11288 11289
1461 11291 11292 11293 11294 11295 11296 11297 11298 11299
1462 11301 11302 11303 11304 11305 11306 11307 11308 11309
1463 11311 11312 11313 11314 11315 11316 11317 11318 11319
1464 11321
1465 11323 11324 11325 11326 11327 11328 11329 11330 11331
1466 11333 11334 11335 11336 11337 11338 11339 11340 11341
1467 11343 11344 11345 11346 11347
1468 11349
1469 11351 11352 11353 11354 11355 11356 11357 11358 11359
1470 11361 11362 11363 11364 11365 11366 11367 11368 11369
1471 11371 11372 11373 11374 11375 11376 11377 11378 11379
1472 11381
1473 11383 11384 11385 11386 11387 11388 11389 11390 11391
1474 11393 11394 11395 11396 11397 11398 11399 11400 11401
1475 11403
1476 11405 11406 11407 11408 11409 11410
1477 11412 11413 11414 11415 11416 11417 11418 11419 11420
1478 11422 11423 11424 11425 11426 11427 11428 11429 11430
1479 11432 11433 11434 11435 11436 11437 11438 11439 11440
1480 11442 11443 11444 11445 11446 11447 11448 11449 11450
1481 11452 11453 11454 11455
1482 11457 11458 11459 11460 11461 11462 11463 11464 11465
1483 11467 11468 11469 11470 11471 11472 11473 11474
1484 11476 11477 11478 11479 11480 11481 11482 11483 11484
1485 11486 11487 11488 11489 11490 11491 11492 11493 11494
1486 11496 11497 11498 11499 11500
1487 11502 11503 11504 11505 11506
1488 11508 11509 11510 11511 11512 11513 11514 11515 11516
1489 11518 11519 11520 11521 11522
1491 11524 11525 11526 11527 11528 11529 11530 11531 11532
1492 11534 11535 11536 11537 11538 11539 11540 11541 11542
1493 11544 11545 11546 11547 11548 11549 11550 11551 11552
1494 11554 11555
1495 11557 11558 11559 11560 11561
1496 11563 11564 11565 11566 11567 11568 11569 11570 11571
1497 11573 11574 11575 11576 11577 11578 11579 11580 11581
1498 11583 11584 11585 11586 11587
1499 11589 11590 11591 11592 11593 11594 11595 11596 11597
1500 11599 11600 11601 11602 11603 11604 11605 11606 11607
1501 11609 11610 11611
1502 11613 11614 11615 11616 11617 11618 11619 11620 11621
1503 11623 11624 11625 11626 11627 11628 11629 11630 11631
1504 11633 11634 11635 11636 11637 11638 11639 11640 11641
1505 11643 11644 11645 11646 11647 11648 11649 11650 11651
1506 11653 11654 11655 11656 11657 11658 11659 11660 11661
1507 11663 11664 11665 11666 11667 11668 11669 11670
1508 11672 11673 11674 11675 11676 11677 11678 11679 11680
1509 11682 11683 11684 11685 11686 11687 11688 11689 11690
1510 11692 11693 11694 11695 11696 11697 11698 11699 11700
1511 11702 11703 11704 11705 11706 11707 11708 11709 11710
1513 11712 11713 11714 11715 11716 11717 11718 11719 11720
1514 11722 11723 11724 11725 11726 11727 11728 11729 11730
1515 11732 11733 11734 11735 11736 11737 11738 11739 11740
1516 11742 11743 11744 11745 11746 11747 11748 11749 11750
1517 11752
1518 11754 11755 11756 11757 11758 11759 11760 11761
1519 11763 11764 11765 11766 11767 11768 11769 11770 11771
1520 11773 11774 11775 11776 11777 11778
1521 11780 11781 11782 11783 11784 11785 11786 11787 11788
1522 11790 11791 11792 11793 11794
1523 11796 11797 11798 11799 11800 11801 11802 11803 11804
1524 11806 11807 11808
1525 11810 11811 11812 11813 11814 11815 11816 11817 11818
1526 11820 11821 11822 11823 11824 11825 11826 11827 11828
1527 11830 11831
1529 11833 11834 11835 11836 11837 11838 11839 11840 11841
1531 11843 11844 11845 11846 11847
1532 11849 11850 11851 11852 11853 11854 11855 11856 11857
1533 11859 11860 11861 11862 11863 11864 11865 11866 11867
1534 11869 11870 11871 11872 11873 11874 11875 11876 11877
1535 11879 11880 11881 11882 11883 11884 11885 11886 11887
1537 11889 11890 11891 11892 11893 11894 11895 11896 11897
1538 11899 11900
1539 11902 11903 11904 11905 11906 11907 11908 11909 11910
1540 11912 11913 11914 11915 11916 11917 11918 11919 11920
1541 11922 11923 11924 11925 11926 11927 11928 11929 11930
1542 11932 11933 11934 11935
1543 11937 11938 11939 11940 11941 11942 11943 11944 11945
1544 11947
1545 11949 11950
1546 11952 11953 11954
1547 11956 11957 11958 11959 11960 11961 11962 11963 11964
1548 11966 11967 11968 11969 11970 11971 11972 11973 11974
1549 11976 11977 11978 11979 11980 11981 11982 11983 11984
1550 11986 11987 11988 11989 11990 11991 11992 11993
1551 11995 11996 11997 11998 11999 12000 12001 12002 12003
1552 12005 12006 12007 12008 12009 12010 12011 12012 12013
1553 12015 12016 12017 12018 12019 12020 12021 12022 12023
1554 12025 12026 12027 12028 12029 12030 12031 12032 12033
1555 12035 12036 12037 12038 12039 12040 12041 12042 12043
1558 12045 12046 12047 12048 12049 12050 12051 12052 12053
1559 12055 12056 12057 12058 12059 12060 12061 12062 12063
1560 12065 12066
1561 12068 12069 12070 12071 12072 12073 12074 12075 12076
1562 12078 12079 12080 12081 12082 12083 12084 12085 12086
1563 12088 12089 12090 12091 12092 12093 12094 12095 12096
1564 12098 12099 12100 12101 12102 12103
1565 12105 12106 12107 12108 12109 12110 12111 12112 12113
1566 12115 12116 12117 12118 12119 12120 12121 12122 12123
1567 12125 12126 12127 12128 12129 12130 12131 12132 12133
1568 12135 12136 12137 12138 12139 12140 12141 12142 12143
1569 12145 12146 12147 12148 12149 12150 12151 12152
1570 12154 12155
1571 12157 12158 12159 12160 12161 12162 12163 12164 12165
1572 12167 12168 12169 12170
1573 12172 12173 12174 12175 12176 12177 12178 12179 12180
1574 12182 12183 12184 12185 12186 12187 12188 12189 12190
1575 12192 12193 12194 12195 12196 12197 12198 12199 12200
1576 12202 12203 12204 12205 12206 12207 12208 12209 12210
1577 12212 12213 12214 12215 12216 12217 12218 12219 12220
1578 12222 12223 12224 12225 12226 12227 12228 12229 12230
1579 12232 12233 12234 12235 12236 12237 12238 12239 12240
1580 12242 12243 12244 12245 12246 12247 12248 12249 12250
1581 12252 12253 12254 12255 12256 12257 12258 12259 12260
1582 12262 12263 12264 12265 12266 12267 12268 12269 12270
1583 12272 12273 12274 12275 12276 12277 12278 12279 12280
1584 12282 12283 12284 12285 12286 12287 12288
1585 12290 12291 12292 12293 12294 12295 12296 12297 12298
1586 12300 12301 12302 12303 12304 12305 12306 12307 12308
1587 12310 12311 12312 12313 12314 12315 12316 12317 12318
1588 12320 12321 12322 12323 12324 12325 12326 12327 12328
1589 12330 12331 12332 12333 12334
1592 12336 12337
1593 12339 12340 12341 12342 12343 12344 12345 12346 12347
1594 12349 12350
1595 12352 12353 12354 12355 12356 12357 12358 12359 12360
1596 12362 12363 12364 12365 12366 12367 12368 12369 12370
1598 12372 12373 12374 12375 12376 12377 12378 12379 12380
1599 12382 12383 12384 12385 12386 12387 12388 12389 12390
1600 12392 12393 12394 12395 12396 12397 12398 12399 12400
1601 12402 12403 12404 12405 12406 12407 12408 12409 12410
1602 12412
1603 12414 12415 12416 12417 12418
1604 12420 12421
1605 12423 12424 12425 12426 12427 12428 12429 12430 12431
1606 12433 12434 12435 12436 12437 12438 12439 12440 12441
1607 12443 12444 12445 12446 12447 12448 12449 12450 12451
1608 12453 12454 12455 12456 12457 12458 12459 12460 12461
1610 12463 12464 12465 12466 12467 12468 12469
1611 12471 12472 12473 12474 12475 12476 12477 12478 12479
1612 12481 12482 12483 12484 12485 12486 12487 12488 12489
1613 12491 12492 12493 12494 12495
1614 12497 12498 12499 12500 12501 12502 12503 12504 12505
1615 12507 12508 12509 12510 12511 12512 12513 12514 12515
1616 12517 12518
1617 12520 12521 12522 12523 12524 12525 12526 12527 12528
1618 12530 12531 12532 12533 12534 12535 12536 12537 12538
1619 12540 12541 12542 12543 12544 12545 12546 12547 12548
1621 12550 12551 12552 12553 12554 12555 12556 12557 12558
1622 12560 12561 12562 12563 12564 12565 12566 12567 12568
1623 12570 12571 12572 12573 12574 12575 12576 12577 12578
1624 12580 12581 12582 12583 12584 12585
1625 12587 12588 12589 12590 12591 12592 12593 12594 12595
1626 12597 12598 12599 12600 12601 12602 12603 12604 12605
1627 12607 12608 12609 12610 12611 12612 12613 12614 12615
1628 12617 12618 12619 12620 12621 12622 12623 12624 12625
1629 12627 12628 12629 12630 12631 12632 12633 12634 12635
1630 12637 12638 12639 12640 12641 12642 12643 12644 12645
1631 12647 12648 12649 12650 12651 12652 12653 12654 12655
1632 12657
1633 12659 12660 12661 12662 12663 12664 12665 12666 12667
1634 12669 12670
1635 12672
1636 12674 12675 12676 12677 12678 12679 12680 12681 12682
1638 12684 12685 12686 12687 12688 12689
1639 12691 12692 12693
1640 12695 12696 12697 12698 12699
1641 12701 12702 12703 12704 12705 12706 12707 12708 12709
1642 12711 12712 12713 12714 12715 12716 12717 12718 12719
1643 12721 12722 12723
1644 12725 12726 12727 12728 12729 12730 12731 12732 12733
1645 12735 12736 12737 12738 12739 12740 12741 12742 12743
1646 12745 12746 12747 12748 12749 12750 12751 12752 12753
1647 12755 12756 12757 12758 12759 12760 12761 12762 12763
1649 12765 12766 12767 12768 12769 12770 12771 12772 12773
1650 12775 12776 12777 12778 12779 12780 12781 12782 12783
1651 12785 12786 12787
1652 12789 12790 12791 12792 12793 12794 12795 12796 12797
1653 12799 12800 12801 12802 12803 12804 12805 12806 12807
1654 12809 12810 12811 12812 12813 12814 12815 12816 12817
1655 12819 12820 12821 12822 12823 12824 12825 12826
1656 12828 12829 12830 12831 12832 12833 12834 12835 12836
1657 12838 12839 12840 12841 12842 12843 12844 12845 12846
1658 12848 12849 12850 12851 12852 12853 12854 12855 12856
1659 12858 12859 12860 12861 12862 12863 12864 12865 12866
1660 12868 12869 12870 12871 12872 12873 12874 12875 12876
1661 12878 12879 12880 12881 12882 12883 12884 12885 12886
1662 12888 12889 12890 12891 12892 12893 12894 12895 12896
1663 12898
1664 12900 12901 12902 12903 12904 12905 12906 12907 12908
1665 12910 12911 12912 12913 12914 12915 12916 12917
1666 12919 12920 12921 12922 12923 12924 12925 12926 12927
1667 12929 12930 12931 12932 12933 12934 12935 12936 12937
1668 12939 12940 12941 12942 12943 12944 12945 12946 12947
1670 12949 12950 12951 12952 12953 12954 12955 12956
1672 12958
1673 12960 12961 12962 12963 12964 12965 12966 12967 12968
1674 12970 12971 12972 12973 12974 12975 12976 12977 12978
1675 12980 12981 12982 12983 12984 12985 12986 12987 12988
1676 12990 12991 12992 12993 12994 12995 12996 12997 12998
1677 13000 13001 13002 13003 13004 13005 13006
1678 13008 13009 13010 13011 13012 13013 13014
1679 13016
1680 13018 13019 13020 13021 13022 13023 13024 13025 13026
1681 13028 13029 13030 13031 13032 13033 13034 13035 13036
1682 13038 13039 13040 13041 13042 13043 13044 13045 13046
1683 13048 13049 13050 13051 13052 13053 13054 13055 13056
1684 13058 13059 13060 13061 13062 13063 13064 13065 13066
1685 13068
1686 13070 13071 13072 13073 13074 13075
1688 13077 13078 13079 13080 13081 13082 13083 13084 13085
1689 13087 13088 13089 13090 13091 13092 13093
1690 13095 13096 13097 13098 13099 13100 13101 13102 13103
1691 13105 13106 13107 13108 13109 13110 13111 13112 13113
1692 13115 13116 13117 13118 13119 13120 13121
1693 13123 13124 13125
1694 13127 13128 13129 13130 13131 13132 13133 13134 13135
1695 13137
1696 13139 13140 13141 13142 13143 13144 13145 13146 13147
1697 13149 13150 13151
1698 13153 13154 13155 13156 13157 13158 13159 13160 13161
1699 13163 13164 13165 13166 13167 13168 13169 13170 13171
1700 13173 13174 13175 13176 13177 13178 13179 13180 13181
1701 13183 13184 13185 13186 13187 13188 13189 13190 13191
1702 13193 13194 13195 13196 13197
1703 13199 13200 13201 13202 13203 13204 13205
1704 13207
1705 13209 13210 13211 13212 13213 13214 13215 13216 13217
1707 13219
1708 13221
1709 13223 13224 13225 13226
1710 13228 13229 13230 13231 13232 13233 13234 13235 13236
1711 13238 13239 13240 13241 13242 13243 13244 13245 13246
1712 13248 13249 13250 13251 13252 13253 13254 13255 13256
1713 13258 13259 13260 13261 13262 13263 13264 13265 13266
1714 13268 13269 13270 13271 13272 13273 13274 13275 13276
1715 13278 13279 13280 13281 13282 13283 13284 13285 13286
1716 13288 13289 13290 13291 13292 13293 13294 13295 13296
1717 13298 13299 13300 13301 13302 13303 13304
1718 13306 13307 13308 13309 13310 13311 13312 13313 13314
1719 13316
1720 13318 13319 13320 13321 13322 13323 13324 13325 13326
1721 13328 13329 13330 13331 13332 13333 13334 13335
1722 13337 13338 13339
1723 13341 13342 13343 13344 13345 13346 13347 13348 13349
1724 13351 13352 13353 13354 13355 13356 13357 13358 13359
1726 13361 13362 13363 13364 13365 13366 13367 13368 13369
1727 13371 13372 13373 13374 13375 13376 13377 13378 13379
1728 13381 13382
1729 13384 13385 13386 13387 13388 13389 13390 13391 13392
1730 13394 13395 13396 13397 13398 13399 13400 13401 13402
1731 13404 13405 13406 13407 13408 13409 13410 13411 13412
1732 13414 13415 13416 13417 13418 13419 13420 13421 13422
1734 13424 13425 13426
1735 13428 13429 13430 13431 13432 13433 13434 13435 13436
1736 13438 13439 13440 13441 13442 13443 13444
1737 13446 13447 13448 13449 13450 13451 13452 13453 13454
1738 13456 13457 13458 13459 13460 13461 13462 13463 13464
1739 13466 13467 13468 13469 13470 13471 13472 13473 13474
1740 13476 13477 13478 13479 13480 13481 13482 13483 13484
1741 13486 13487 13488 13489 13490 13491 13492 13493 13494
1742 13496 13497 13498 13499 13500 13501
1743 13503 13504 13505 13506 13507 13508 13509 13510 13511
1744 13513 13514 13515 13516 13517 13518 13519 13520 13521
1745 13523 13524 13525 13526 13527 13528 13529 13530 13531
1746 13533 13534 13535 13536 13537 13538 13539
1747 13541 13542 13543 13544 13545 13546 13547 13548 13549
1748 13551 13552 13553 13554 13555 13556 13557 13558 13559
1749 13561 13562 13563 13564
1750 13566 13567 13568 13569 13570 13571 13572 13573 13574
1751 13576 13577 13578 13579 13580 13581 13582 13583
1752 13585 13586 13587 13588 13589 13590 13591 13592 13593
1753 13595 13596 13597 13598 13599 13600 13601 13602 13603
1754 13605
1755 13607 13608 13609 13610
1756 13612 13613 13614 13615
1757 13617
1758 13619 13620 13621 13622 13623 13624 13625 13626 13627
1759 13629 13630 13631 13632 13633 13634 13635 13636 13637
1760 13639 13640 13641 13642 13643 13644 13645 13646 13647
1761 13649
1762 13651 13652 13653 13654 13655 13656 13657 13658 13659
1763 13661 13662 13663 13664 13665 13666 13667 13668 13669
1764 13671 13672 13673 13674 13675 13676
1765 13678
1766 13680 13681 13682
1767 13684 13685 13686 13687 13688 13689 13690 13691 13692
1768 13694 13695 13696 13697
1769 13699 13700 13701 13702 13703 13704 13705 13706
1771 13708 13709 13710 13711 13712 13713 13714 13715 13716
1772 13718 13719 13720 13721 13722 13723 13724 13725 13726
1773 13728 13729 13730 13731 13732 13733 13734 13735 13736
1774 13738 13739 13740 13741
1775 13743 13744 13745 13746 13747 13748 13749 13750 13751
1777 13753 13754 13755 13756 13757 13758 13759 13760 13761
1778 13763 13764 13765 13766 13767 13768 13769 13770 13771
1780 13773 13774 13775 13776
1781 13778 13779 13780 13781 13782 13783 13784 13785 13786
1782 13788 13789 13790 13791 13792 13793 13794 13795 13796
1783 13798 13799 13800 13801 13802 13803 13804 13805 13806
1784 13808 13809 13810 13811 13812 13813 13814 13815 13816
1786 13818 13819 13820 13821 13822 13823 13824 13825 13826
1787 13828 13829 13830 13831 13832 13833 13834 13835 13836
1788 13838 13839 13840 13841 13842 13843
1790 13845 13846
1791 13848 13849 13850 13851 13852 13853 13854 13855 13856
1792 13858 13859 13860 13861 13862 13863 13864 13865 13866
1793 13868 13869 13870 13871 13872 13873 13874 13875 13876
1794 13878 13879 13880 13881 13882 13883 13884 13885 13886
1795 13888 13889 13890 13891 13892 13893 13894 13895 13896
1796 13898 13899 13900 13901 13902 13903 13904 13905 13906
1797 13908 13909 13910 13911 13912 13913 13914 13915 13916
1798 13918
1799 13920 13921 13922 13923 13924 13925 13926 13927 13928
1800 13930 13931 13932 13933 13934 13935 13936 13937 13938
1801 13940 13941 13942
1802 13944 13945 13946 13947 13948 13949 13950 13951 13952
1803 13954 13955 13956 13957 13958
1804 13960 13961 13962 13963 13964 13965 13966 13967 13968
1805 13970 13971
1806 13973 13974 13975 13976 13977 13978 13979 13980 13981
1808 13983 13984 13985 13986 13987 13988 13989 13990 13991
1810 13993 13994 13995 13996 13997 13998 13999 14000 14001
1811 14003 14004 14005 14006 14007 14008 14009 14010 14011
1812 14013 14014 14015 14016 14017 14018
1814 14020 14021 14022 14023 14024 14025 14026 14027 14028
1816 14030 14031 14032 14033 14034 14035 14036 14037 14038
1817 14040 14041 14042
1818 14044 14045
1819 14047 14048 14049 14050 14051 14052 14053 14054 14055
1820 14057 14058 14059 14060 14061 14062 14063 14064 14065
1821 14067 14068 14069 14070 14071 14072 14073 14074 14075
1822 14077 14078 14079 14080 14081 14082 14083 14084 14085
1823 14087 14088 14089 14090 14091 14092 14093 14094 14095
1824 14097 14098 14099 14100 14101 14102 14103 14104 14105
1825 14107 14108 14109 14110 14111 14112 14113 14114
1826 14116 14117 14118 14119 14120 14121 14122 14123 14124
1827 14126 14127 14128 14129 14130 14131 14132 14133 14134
1829 14136 14137
1830 14139 14140 14141 14142 14143 14144 14145
1831 14147 14148 14149
1832 14151 14152 14153 14154 14155 14156 14157 14158 14159
1833 14161 14162
1834 14164 14165 14166 14167 14168 14169 14170 14171 14172
1835 14174 14175 14176 14177
1836 14179
1837 14181 14182 14183 14184 14185 14186 14187 14188 14189
1838 14191 14192 14193 14194 14195 14196 14197 14198 14199
1839 14201 14202 14203 14204 14205 14206 14207 14208 14209
1840 14211 14212 14213 14214 14215 14216 14217 14218 14219
1841 14221 14222 14223 14224 14225 14226 14227 14228 14229
1842 14231 14232 14233 14234 14235 14236 14237 14238 14239
1843 14241 14242 14243 14244 14245 14246 14247 14248 14249
1844 14251 14252 14253 14254 14255 14256 14257 14258 14259
1845 14261 14262 14263 14264 14265 14266 14267 14268 14269
1847 14271 14272 14273 14274 14275 14276 14277 14278 14279
1848 14281 14282 14283 14284 14285 14286 14287
1849 14289 14290 14291 14292 14293 14294 14295 14296 14297
1850 14299 14300 14301 14302 14303 14304 14305 14306 14307
1851 14309 14310 14311 14312 14313 14314 14315 14316 14317
1852 14319 14320 14321 14322 14323 14324 14325 14326 14327
1853 14329 14330 14331 14332 14333 14334 14335 14336 14337
1854 14339 14340 14341 14342 14343 14344 14345 14346 14347
1855 14349 14350 14351 14352 14353 14354 14355 14356 14357
1856 14359 14360 14361 14362 14363 14364 14365 14366
1857 14368 14369 14370 14371 14372 14373 14374 14375 14376
1858 14378 14379 14380 14381 14382 14383 14384 14385 14386
1859 14388 14389 14390 14391 14392 14393 14394 14395
1861 14397 14398 14399 14400 14401 14402 14403 14404 14405
1862 14407 14408 14409 14410 14411 14412 14413 14414 14415
1863 14417 14418 14419 14420 14421 14422 14423 14424 14425
1864 14427 14428 14429 14430 14431 14432 14433 14434 14435
1867 14437 14438 14439 14440 14441 14442 14443 14444 14445
1868 14447 14448 14449 14450 14451 14452 14453 14454 14455
1869 14457
1870 14459 14460 14461 14462 14463 14464 14465 14466 14467
1871 14469 14470 14471 14472 14473 14474 14475 14476 14477
1872 14479 14480 14481 14482 14483 14484 14485 14486 14487
1873 14489 14490 14491 14492 14493 14494 14495 14496 14497
1874 14499 14500 14501 14502 14503 14504 14505 14506 14507
1875 14509 14510 14511 14512 14513 14514 14515 14516 14517
1877 14519 14520 14521 14522 14523 14524 14525 14526 14527
1878 14529 14530
1879 14532 14533 14534
1880 14536 14537 14538 14539 14540 14541 14542 14543 14544
1881 14546
1882 14548 14549 14550 14551
1883 14553 14554 14555 14556 14557 14558 14559
1884 14561 14562 14563 14564 14565 14566 14567 14568 14569
1885 14571 14572 14573 14574 14575 14576 14577 14578 14579
1886 14581 14582 14583 14584 14585 14586 14587 14588 14589
1888 14591 14592 14593 14594 14595 14596 14597 14598 14599
1889 14601
1890 14603 14604 14605 14606 14607 14608 14609 14610 14611
1891 14613 14614 14615 14616 14617 14618 14619 14620 14621
1892 14623 14624 14625 14626 14627 14628 14629 14630 14631
1893 14633
1894 14635 14636 14637 14638 14639 14640 14641 14642 14643
1895 14645 14646 14647 14648 14649 14650 14651 14652 14653
1896 14655 14656 14657 14658 14659 14660 14661 14662 14663
1897 14665 14666 14667 14668 14669 14670 14671 14672
1898 14674 14675 14676 14677 14678 14679 14680 14681 14682
1899 14684 14685 14686 14687 14688
1900 14690 14691 14692 14693 14694 14695 14696 14697 14698
1901 14700 14701 14702 14703 14704 14705 14706 14707
1902 14709 14710 14711 14712 14713 14714 14715 14716 14717
1903 14719 14720 14721 14722 14723 14724 14725 14726 14727
1904 14729 14730 14731 14732 14733 14734 14735 14736 14737
1905 14739 14740 14741 14742
1906 14744 14745 14746 14747 14748 14749 14750 14751 14752
1907 14754
1908 14756 14757 14758 14759 14760 14761 14762 14763 14764
1909 14766 14767 14768 14769 14770 14771 14772 14773 14774
1911 14776 14777
1912 14779 14780 14781 14782 14783 14784 14785 14786
1913 14788 14789 14790 14791 14792 14793 14794 14795 14796
1914 14798 14799 14800 14801 14802 14803 14804 14805 14806
1915 14808 14809 14810 14811 14812 14813 14814 14815 14816
1916 14818 14819 14820 14821 14822 14823 14824 14825 14826
1917 14828 14829 14830
1919 14832 14833 14834 14835 14836
1920 14838 14839
1922 14841 14842
1924 14844 14845 14846 14847 14848 14849 14850 14851 14852
1925 14854 14855 14856 14857 14858 14859 14860 14861 14862
1926 14864 14865 14866
1927 14868 14869 14870 14871 14872 14873 14874 14875 14876
1928 14878
1929 14880 14881 14882 14883 14884 14885 14886 14887 14888
1930 14890 14891 14892 14893 14894 14895 14896 14897 14898
1931 14900 14901 14902 14903 14904 14905 14906 14907 14908
1932 14910 14911 14912 14913 14914 14915 14916 14917 14918
1933 14920 14921 14922 14923 14924 14925 14926 14927 14928
1934 14930 14931 14932 14933 14934 14935 14936 14937 14938
1935 14940 14941
1936 14943 14944 14945 14946 14947 14948 14949 14950 14951
1937 14953 14954 14955 14956 14957 14958 14959 14960 14961
1938 14963 14964 14965 14966 14967 14968 14969 14970 14971
1939 14973
1940 14975 14976 14977 14978 14979 14980 14981 14982 14983
1941 14985 14986 14987 14988 14989 14990 14991 14992 14993
1942 14995 14996 14997 14998 14999 15000 15001 15002 15003
1943 15005 15006 15007 15008 15009 15010
1944 15012 15013 15014 15015 15016 15017 15018 15019 15020
1945 15022 15023 15024 15025 15026 15027 15028 15029 15030
1946 15032 15033 15034 15035 15036 15037 15038 15039 15040
1947 15042 15043 15044 15045 15046 15047 15048 15049 15050
1948 15052 15053 15054 15055 15056 15057 15058 15059 15060
1949 15062 15063 15064 15065 15066 15067 15068 15069 15070
1950 15072 15073 15074 15075 15076 15077 15078 15079 15080
1951 15082 15083 15084 15085 15086 15087 15088 15089 15090
1952 15092 15093 15094 15095 15096 15097 15098 15099 15100
1953 15102 15103 15104 15105 15106 15107
1954 15109 15110 15111 15112 15113 15114 15115 15116 15117
1955 15119 15120 15121 15122 15123 15124 15125 15126 15127
1956 15129 15130 15131 15132 15133 15134 15135 15136 15137
1957 15139 15140 15141
1958 15143 15144 15145 15146 15147 15148 15149 15150 15151
1959 15153 15154 15155 15156 15157 15158 15159 15160 15161
1960 15163 15164 15165
1961 15167 15168 15169 15170 15171 15172 15173 15174 15175
1962 15177 15178 15179 15180 15181 15182 15183 15184 15185
1963 15187 15188
1964 15190 15191
1965 15193 15194 15195 15196 15197 15198 15199 15200 15201
1966 15203 15204 15205 15206 15207 15208 15209 15210 15211
1967 15213 15214 15215 15216 15217 15218 15219 15220 15221
1968 15223 15224 15225 15226 15227 15228 15229 15230 15231
1969 15233 15234 15235
1970 15237 15238 15239 15240
1971 15242 15243 15244 15245 15246 15247 15248 15249 15250
1973 15252 15253 15254 15255 15256 15257 15258 15259 15260
1974 15262 15263
1976 15265 15266 15267 15268 15269 15270 15271 15272 15273
1978 15275 15276 15277 15278 15279 15280 15281 15282 15283
1979 15285 15286 15287 15288 15289 15290 15291 15292 15293
1980 15295 15296 15297 15298 15299 15300 15301 15302 15303
1981 15305 15306 15307 15308 15309 15310 15311 15312 15313
1982 15315 15316 15317 15318 15319 15320 15321 15322 15323
1983 15325 15326 15327 15328 15329 15330 15331 15332 15333
1984 15335 15336 15337
1985 15339
1986 15341 15342 15343 15344 15345 15346 15347 15348 15349
1987 15351 15352 15353 15354 15355 15356 15357 15358
1988 15360 15361 15362 15363 15364 15365 15366 15367 15368
1989 15370 15371 15372 15373 15374 15375
1990 15377 15378
1991 15380 15381 15382 15383 15384 15385 15386 15387 15388
1993 15390 15391 15392 15393 15394 15395 15396 15397 15398
1994 15400 15401 15402 15403 15404 15405 15406 15407 15408
1995 15410 15411 15412 15413 15414 15415 15416 15417 15418
1996 15420 15421 15422 15423 15424 15425 15426
1997 15428
1998 15430
1999 15432 15433 15434 15435
2000 15437 15438
2001 15440 15441 15442 15443 15444 15445 15446 15447 15448
2003 15450 15451 15452 15453 15454
2004 15456 15457 15458 15459 15460 15461 15462 15463 15464
2005 15466 15467 15468
2006 15470 15471
2007 15473 15474 15475 15476 15477 15478 15479 15480 15481
2008 15483 15484 15485 15486 15487
2009 15489 15490 15491 15492 15493 15494 15495 15496 15497
2010 15499 15500 15501 15502 15503 15504 15505 15506 15507
2011 15509 15510 15511 15512 15513 15514 15515 15516 15517
2012 15519 15520 15521 15522 15523 15524 15525 15526 15527
2013 15529 15530 15531 15532 15533 15534
2014 15536 15537 15538 15539 15540 15541 15542 15543 15544
2015 15546 15547 15548 15549 15550 15551 15552 15553 15554
2016 15556 15557 15558
2017 15560 15561 15562 15563 15564 15565 15566 15567 15568
2018 15570 15571 15572 15573
2019 15575 15576 15577 15578 15579
2024 15581 15582 15583 15584 15585 15586 15587 15588 15589
2025 15591 15592 15593 15594 15595 15596 15597 15598 15599
2026 15601 15602 15603 15604
2027 15606
2028 15608 15609 15610 15611 15612 15613 15614 15615 15616
2029 15618 15619 15620 15621 15622 15623 15624 15625 15626
2030 15628 15629 15630 15631 15632 15633 15634 15635 15636
2031 15638 15639 15640 15641 15642 15643 15644 15645 15646
2032 15648 15649 15650 15651 15652 15653 15654 15655 15656
2033 15658 15659 15660 15661 15662 15663 15664 15665 15666
2034 15668 15669 15670 15671 15672 15673 15674 15675 15676
2036 15678 15679 15680 15681 15682 15683 15684 15685 15686
2037 15688 15689 15690 15691 15692 15693 15694 15695 15696
2038 15698 15699
2039 15701 15702 15703 15704 15705 15706 15707 15708 15709
2040 15711 15712 15713 15714 15715 15716 15717 15718 15719
2041 15721 15722 15723
2042 15725 15726 15727 15728 15729
2043 15731 15732 15733 15734 15735 15736 15737
2044 15739 15740 15741 15742 15743 15744 15745 15746 15747
2045 15749 15750 15751
2046 15753 15754 15755 15756 15757 15758 15759 15760 15761
2047 15763 15764 15765 15766 15767 15768 15769 15770 15771
2048 15773 15774 15775 15776
2049 15778 15779 15780 15781 15782 15783 15784 15785 15786
2051 15788 15789 15790 15791 15792 15793 15794 15795 15796
2052 15798 15799 15800 15801 15802 15803
2053 15805 15806 15807 15808 15809 15810 15811 15812 15813
2054 15815
2055 15817 15818 15819 15820 15821 15822 15823 15824 15825
2056 15827 15828 15829 15830 15831 15832 15833 15834 15835
2057 15837 15838 15839 15840 15841 15842 15843 15844 15845
2058 15847 15848 15849 15850 15851 15852 15853 15854 15855
2059 15857 15858 15859 15860 15861 15862 15863 15864 15865
2060 15867 15868 15869 15870 15871 15872 15873 15874 15875
2061 15877 15878 15879 15880 15881
2062 15883 15884 15885 15886 15887 15888 15889 15890 15891
2064 15893 15894 15895 15896 15897 15898 15899 15900 15901
2065 15903 15904 15905
2066 15907 15908 15909 15910 15911 15912 15913 15914 15915
2067 15917 15918 15919 15920 15921 15922 15923 15924 15925
2068 15927 15928 15929 15930 15931 15932 15933 15934 15935
2069 15937 15938 15939 15940 15941 15942 15943 15944 15945
2070 15947 15948 15949 15950 15951 15952 15953 15954 15955
2071 15957 15958 15959 15960 15961 15962 15963 15964 15965
2072 15967 15968 15969 15970 15971 15972 15973 15974 15975
2073 15977 15978 15979 15980 15981 15982 15983 15984 15985
2074 15987 15988 15989 15990
2076 15992 15993 15994 15995 15996 15997 15998 15999 16000
2077 16002 16003 16004 16005 16006 16007 16008 16009 16010
2078 16012 16013 16014 16015 16016 16017 16018 16019 16020
2079 16022 16023 16024 16025 16026 16027 16028 16029 16030
2080 16032 16033 16034 16035 16036
2081 16038 16039 16040 16041 16042 16043 16044 16045 16046
2082 16048 16049 16050 16051 16052 16053 16054 16055 16056
2083 16058 16059 16060 16061 16062 16063 16064 16065 16066
2084 16068 16069 16070 16071 16072 16073 16074
2085 16076 16077
2087 16079 16080 16081 16082 16083 16084 16085 16086 16087
2088 16089 16090 16091 16092 16093 16094 16095 16096
2089 16098 16099 16100
2090 16102 16103 16104 16105 16106
2091 16108 16109 16110 16111 16112 16113 16114 16115 16116
2092 16118 16119 16120 16121 16122 16123 16124 16125 16126
2093 16128 16129 16130 16131 16132 16133
2094 16135 16136 16137 16138 16139 16140 16141 16142 16143
2095 16145 16146 16147 16148 16149 16150 16151 16152 16153
2096 16155 16156 16157 16158 16159 16160 16161 16162
2097 16164 16165 16166 16167 16168 16169 16170 16171 16172
2098 16174 16175 16176 16177 16178 16179 16180
2099 16182 16183 16184 16185 16186 16187 16188 16189 16190
2100 16192 16193 16194 16195 16196 16197 16198 16199 16200
2101 16202 16203 16204 16205 16206 16207 16208 16209 16210
2102 16212 16213 16214 16215 16216 16217 16218 16219 16220
2103 16222 16223 16224 16225 16226
2104 16228 16229 16230 16231 16232 16233 16234 16235 16236
2105 16238 16239 16240 16241 16242 16243 16244 16245 16246
2106 16248 16249 16250 16251 16252 16253 16254 16255 16256
2107 16258 16259 16260 16261 16262
2108 16264 16265
2109 16267 16268 16269 16270 16271 16272 16273 16274 16275
2110 16277 16278 16279 16280 16281 16282 16283 16284 16285
2111 16287 16288 16289 16290 16291 16292 16293 16294 16295
2112 16297 16298 16299 16300 16301 16302 16303 16304 16305
2114 16307 16308 16309 16310 16311 16312 16313 16314 16315
2115 16317 16318
2116 16320 16321 16322 16323 16324
2117 16326 16327 16328 16329 16330 16331 16332 16333 16334
2118 16336 16337 16338 16339 16340 16341 16342 16343 16344
2119 16346
2120 16348 16349 16350 16351 16352 16353
2121 16355
2122 16357 16358 16359 16360 16361 16362 16363 16364 16365
2123 16367 16368 16369 16370 16371 16372 16373 16374 16375
2124 16377
2125 16379 16380 16381 16382 16383 16384 16385 16386 16387
2126 16389 16390 16391 16392 16393
2127 16395 16396 16397 16398 16399 16400 16401 16402 16403
2128 16405
2129 16407 16408 16409
2130 16411 16412 16413 16414 16415 16416
2131 16418 16419 16420 16421 16422 16423 16424 16425 16426
2132 16428 16429 16430 16431 16432 16433 16434 16435 16436
2133 16438 16439 16440 16441 16442 16443 16444 16445
2134 16447 16448 16449 16450 16451 16452 16453 16454 16455
2135 16457 16458 16459 16460 16461 16462 16463 16464 16465
2136 16467 16468 16469 16470 16471 16472 16473 16474 16475
2137 16477 16478 16479 16480 16481 16482
2138 16484 16485 16486 16487 16488 16489 16490 16491 16492
2139 16494
2140 16496 16497 16498 16499 16500
2141 16502
2142 16504 16505 16506 16507 16508 16509 16510 16511 16512
2143 16514
2144 16516 16517 16518 16519 16520 16521 16522 16523
2145 16525 16526 16527 16528 16529 16530 16531 16532 16533
2146 16535 16536 16537 16538 16539 16540 16541 16542 16543
2148 16545 16546 16547 16548 16549 16550 16551 16552 16553
2149 16555 16556
2150 16558 16559 16560 16561 16562 16563 16564 16565 16566
2151 16568 16569 16570
2152 16572 16573 16574 16575 16576 16577 16578 16579 16580
2154 16582 16583 16584 16585 16586 16587 16588 16589 16590
2155 16592 16593
2156 16595 16596 16597 16598 16599 16600 16601 16602 16603
2157 16605 16606 16607 16608 16609 16610 16611 16612 16613
2158 16615 16616 16617 16618 16619 16620 16621 16622 16623
2159 16625 16626 16627 16628 16629 16630 16631 16632 16633
2160 16635 16636 16637 16638 16639 16640 16641 16642 16643
2161 16645 16646 16647 16648 16649 16650 16651 16652 16653
2163 16655 16656 16657 16658 16659 16660 16661 16662 16663
2164 16665 16666 16667 16668 16669 16670 16671 16672 16673
2165 16675 16676 16677 16678 16679 16680 16681 16682 16683
2166 16685 16686 16687 16688 16689
2167 16691 16692 16693 16694 16695 16696 16697 16698 16699
2168 16701 16702 16703 16704 16705 16706 16707 16708 16709
2169 16711 16712 16713 16714 16715 16716 16717 16718 16719
2170 16721 16722 16723 16724 16725 16726 16727 16728 16729
2171 16731 16732 16733 16734
2172 16736 16737 16738 16739 16740 16741 16742 16743 16744
2173 16746 16747 16748 16749 16750 16751 16752 16753 16754
2174 16756 16757 16758
2175 16760 16761 16762 16763 16764 16765 16766 16767 16768
2177 16770 16771 16772 16773 16774 16775 16776 16777 16778
2178 16780 16781 16782
2179 16784 16785 16786 16787 16788 16789 16790 16791 16792
2180 16794 16795 16796 16797 16798 16799 16800 16801 16802
2181 16804
2182 16806 16807
2183 16809 16810 16811 16812 16813 16814 16815 16816 16817
2184 16819 16820 16821 16822 16823 16824 16825 16826 16827
2185 16829 16830 16831 16832 16833 16834 16835 16836 16837
2186 16839 16840 16841 16842 16843 16844 16845 16846
2187 16848 16849 16850 16851 16852 16853 16854 16855 16856
2188 16858 16859 16860 16861 16862 16863 16864 16865 16866
2189 16868 16869 16870 16871 16872 16873 16874 16875 16876
2190 16878 16879 16880 16881 16882 16883 16884 16885 16886
2191 16888 16889 16890 16891 16892 16893 16894 16895 16896
2192 16898 16899 16900 16901 16902 16903 16904 16905 16906
2194 16908 16909 16910
2196 16912 16913 16914 16915 16916 16917 16918 16919 16920
2197 16922 16923 16924 16925 16926 16927 16928 16929 16930
2198 16932 16933 16934 16935 16936 16937 16938 16939 16940
2199 16942 16943 16944 16945 16946 16947 16948 16949 16950
2200 16952 16953 16954 16955 16956 16957 16958 16959 16960
2203 16962 16963 16964 16965 16966 16967 16968 16969 16970
2205 16972 16973 16974 16975 16976 16977 16978 16979 16980
2206 16982 16983 16984 16985 16986 16987 16988 16989 16990
2207 16992 16993 16994 16995 16996 16997 16998 16999 17000
2208 17002 17003 17004 17005 17006 17007 17008 17009 17010
2209 17012 17013 17014 17015 17016 17017 17018 17019 17020
2210 17022
2211 17024 17025 17026 17027
2213 17029 17030 17031
2214 17033
2215 17035 17036 17037 17038 17039 17040 17041 17042 17043
2216 17045 17046 17047 17048 17049
2217 17051 17052 17053 17054 17055
2218 17057 17058 17059 17060 17061 17062 17063 17064 17065
2219 17067 17068 17069 17070 17071 17072 17073 17074 17075
2220 17077 17078 17079 17080
2221 17082 17083 17084 17085 17086 17087 17088 17089 17090
2222 17092
2223 17094 17095
2224 17097 17098 17099 17100 17101 17102 17103 17104 17105
2225 17107 17108 17109 17110 17111 17112 17113 17114 17115
2226 17117 17118 17119
2228 17121 17122 17123 17124 17125 17126 17127 17128 17129
2229 17131 17132 17133 17134
2230 17136 17137 17138 17139 17140
2231 17142 17143 17144 17145
2232 17147 17148 17149 17150 17151 17152 17153 17154 17155
2233 17157 17158 17159 17160 17161 17162 17163 17164 17165
2234 17167 17168 17169 17170 17171 17172 17173 17174 17175
2235 17177 17178 17179 17180 17181 17182 17183 17184 17185
2236 17187 17188 17189 17190 17191 17192 17193 17194 17195
2238 17197 17198 17199 17200 17201
2239 17203 17204 17205 17206 17207 17208 17209 17210 17211
2240 17213 17214 17215 17216 17217 17218 17219 17220 17221
2241 17223 17224 17225 17226 17227 17228 17229 17230 17231
2242 17233 17234 17235 17236 17237 17238 17239 17240 17241
2244 17243 17244 17245 17246
2245 17248 17249 17250 17251 17252 17253 17254 17255 17256
2246 17258 17259 17260 17261
2247 17263 17264 17265 17266 17267 17268 17269 17270 17271
2248 17273 17274 17275 17276 17277 17278 17279 17280 17281
2249 17283 17284 17285 17286 17287 17288 17289 17290 17291
2250 17293 17294 17295 17296 17297 17298 17299 17300 17301
2251 17303 17304 17305 17306 17307 17308 17309 17310 17311
2252 17313 17314 17315 17316 17317 17318 17319 17320 17321
2254 17323 17324 17325 17326 17327 17328 17329 17330
2255 17332
2256 17334 17335 17336
2257 17338 17339 17340 17341 17342 17343 17344 17345 17346
2258 17348 17349 17350 17351 17352 17353 17354 17355 17356
2260 17358 17359 17360 17361 17362 17363 17364 17365 17366
2261 17368 17369 17370 17371 17372 17373 17374 17375 17376
2262 17378 17379 17380 17381 17382 17383 17384 17385 17386
2263 17388
2264 17390 17391 17392 17393 17394 17395 17396 17397 17398
2265 17400 17401 17402 17403 17404 17405 17406 17407 17408
2266 17410 17411 17412 17413 17414 17415 17416 17417 17418
2267 17420 17421 17422 17423 17424 17425 17426 17427 17428
2268 17430 17431 17432
2269 17434 17435 17436 17437 17438 17439 17440 17441 17442
2270 17444
2271 17446 17447 17448 17449 17450 17451 17452 17453 17454
2272 17456 17457 17458 17459 17460 17461 17462 17463 17464
2273 17466 17467 17468
2274 17470 17471 17472 17473 17474
2275 17476 17477 17478 17479
2276 17481 17482
2277 17484 17485 17486 17487 17488 17489 17490 17491 17492
2278 17494 17495 17496 17497
2279 17499 17500 17501 17502 17503 17504 17505 17506 17507
2280 17509 17510 17511 17512 17513 17514 17515 17516 17517
2281 17519 17520 17521 17522 17523 17524 17525 17526 17527
2282 17529 17530 17531 17532 17533 17534 17535 17536 17537
2283 17539 17540 17541 17542 17543 17544 17545 17546 17547
2284 17549 17550 17551 17552 17553 17554 17555 17556
2285 17558 17559 17560 17561 17562 17563 17564 17565 17566
2286 17568 17569 17570 17571 17572 17573 17574 17575 17576
2287 17578 17579 17580 17581 17582 17583 17584 17585
2288 17587 17588 17589 17590 17591 17592 17593 17594 17595
2289 17597 17598 17599 17600 17601 17602 17603 17604 17605
2290 17607 17608 17609 17610 17611 17612 17613 17614 17615
2291 17617 17618 17619 17620
2292 17622 17623 17624 17625 17626 17627 17628 17629 17630
2293 17632 17633 17634 17635 17636 17637 17638 17639 17640
2294 17642 17643 17644 17645 17646 17647 17648 17649 17650
2295 17652 17653
2296 17655 17656 17657 17658 17659 17660 17661 17662 17663
2297 17665 17666 17667 17668 17669 17670
2298 17672 17673 17674 17675 17676 17677 17678 17679 17680
2299 17682 17683 17684 17685 17686 17687 17688 17689 17690
2301 17692 17693 17694 17695 17696 17697 17698 17699 17700
2302 17702 17703 17704 17705 17706 17707 17708 17709 17710
2303 17712 17713 17714 17715 17716 17717 17718 17719 17720
2304 17722 17723 17724 17725 17726 17727 17728 17729 17730
2305 17732 17733
2306 17735 17736 17737 17738 17739 17740 17741 17742 17743
2307 17745 17746 17747 17748 17749 17750 17751 17752 17753
2308 17755 17756 17757 17758 17759 17760 17761 17762 17763
2309 17765 17766 17767 17768 17769 17770 17771 17772 17773
2310 17775 17776 17777 17778 17779 17780 17781 17782 17783
2311 17785
2312 17787
2313 17789 17790 17791 17792 17793 17794 17795 17796 17797
2314 17799 17800 17801 17802 17803 17804 17805 17806 17807
2315 17809 17810 17811 17812 17813 17814 17815 17816 17817
2316 17819 17820 17821 17822
2318 17824 17825 17826 17827 17828
2319 17830 17831 17832 17833 17834 17835
2320 17837 17838 17839 17840 17841 17842 17843 17844 17845
2321 17847 17848 17849 17850 17851 17852 17853 17854 17855
2322 17857 17858
2324 17860 17861 17862 17863 17864 17865 17866 17867 17868
2325 17870
2326 17872 17873 17874 17875 17876 17877 17878 17879 17880
2327 17882 17883 17884 17885 17886 17887 17888 17889 17890
2328 17892 17893 17894 17895 17896 17897 17898 17899 17900
2329 17902 17903 17904 17905 17906 17907 17908 17909 17910
2330 17912 17913 17914 17915 17916 17917 17918
2331 17920
2332 17922 17923 17924 17925 17926 17927 17928 17929 17930
2333 17932 17933
2334 17935 17936 17937 17938 17939 17940 17941 17942 17943
2335 17945 17946 17947 17948 17949 17950 17951 17952 17953
2336 17955 17956 17957 17958 17959 17960 17961 17962 17963
2337 17965 17966 17967 17968
2338 17970 17971 17972 17973 17974 17975 17976 17977 17978
2339 17980 17981 17982
2340 17984 17985 17986
2341 17988 17989 17990 17991 17992 17993 17994 17995 17996
2342 17998 17999 18000 18001 18002 18003 18004 18005 18006
2343 18008 18009 18010 18011 18012
2345 18014 18015 18016 18017 18018 18019 18020 18021 18022
2346 18024 18025 18026 18027 18028
2348 18030 18031 18032 18033 18034 18035 18036 18037 18038
2350 18040 18041 18042 18043 18044 18045 18046 18047 18048
2351 18050
2352 18052
2353 18054 18055 18056 18057 18058 18059 18060 18061 18062
2354 18064 18065 18066
2355 18068 18069 18070 18071 18072 18073 18074 18075 18076
2356 18078
2357 18080 18081 18082 18083 18084
2358 18086 18087 18088 18089 18090 18091 18092 18093 18094
2359 18096 18097 18098 18099 18100 18101
2361 18103 18104
2362 18106 18107 18108 18109 18110 18111 18112 18113 18114
2363 18116
2364 18118 18119 18120 18121 18122 18123 18124 18125 18126
2365 18128 18129 18130 18131 18132 18133 18134 18135 18136
2366 18138 18139 18140 18141 18142 18143 18144 18145 18146
2367 18148 18149 18150 18151 18152 18153 18154
2368 18156 18157 18158 18159 18160 18161
2369 18163 18164 18165 18166 18167 18168 18169 18170 18171
2370 18173 18174 18175 18176 18177 18178 18179 18180 18181
2372 18183 18184 18185 18186 18187 18188 18189 18190 18191
2373 18193 18194 18195
2374 18197 18198 18199 18200 18201 18202 18203 18204 18205
2375 18207 18208 18209 18210 18211 18212 18213 18214 18215
2376 18217 18218 18219
2377 18221 18222 18223 18224 18225 18226 18227
2378 18229 18230 18231 18232 18233 18234 18235 18236 18237
2379 18239 18240 18241 18242 18243 18244 18245 18246 18247
2380 18249 18250 18251 18252 18253
2381 18255 18256 18257 18258 18259 18260 18261 18262 18263
2382 18265 18266 18267 18268
2383 18270 18271 18272 18273 18274 18275 18276 18277 18278
2384 18280 18281 18282 18283 18284 18285 18286 18287 18288
2386 18290 18291 18292 18293 18294 18295 18296 18297 18298
2387 18300 18301 18302 18303 18304 18305
2388 18307 18308
2389 18310 18311 18312
2390 18314 18315 18316 18317 18318 18319 18320 18321 18322
2391 18324 18325 18326 18327
2392 18329
2393 18331
2394 18333 18334 18335 18336 18337 18338 18339 18340 18341
2395 18343 18344 18345 18346 18347 18348 18349 18350 18351
2396 18353 18354 18355 18356 18357 18358 18359 18360 18361
2398 18363 18364 18365 18366 18367 18368 18369 18370 18371
2399 18373 18374 18375 18376 18377 18378 18379 18380 18381
2400 18383 18384 18385 18386 18387 18388 18389 18390 18391
2401 18393 18394 18395 18396 18397 18398 18399 18400 18401
2402 18403 18404 18405 18406 18407 18408 18409 18410 18411
2403 18413 18414 18415 18416 18417 18418 18419 18420
2405 18422 18423 18424 18425 18426 18427 18428 18429 18430
2406 18432 18433 18434 18435 18436 18437 18438 18439
2408 18441 18442 18443 18444 18445 18446 18447 18448 18449
2409 18451 18452 18453 18454 18455 18456 18457 18458 18459
2410 18461 18462
2411 18464 18465 18466 18467 18468 18469 18470 18471 18472
2412 18474 18475 18476 18477 18478 18479 18480 18481 18482
2413 18484 18485 18486 18487 18488 18489 18490 18491 18492
2414 18494 18495 18496 18497 18498 18499 18500 18501 18502
2415 18504 18505 18506 18507 18508 18509 18510 18511 18512
2416 18514 18515 18516
2417 18518 18519 18520 18521 18522 18523 18524 18525 18526
2418 18528 18529 18530 18531
2419 18533 18534 18535 18536 18537 18538 18539 18540 18541
2421 18543 18544 18545 18546 18547 18548 18549 18550 18551
2422 18553 18554 18555 18556 18557
2423 18559 18560 18561 18562 18563 18564 18565 18566 18567
2424 18569 18570
2425 18572 18573 18574 18575
2426 18577 18578 18579 18580 18581 18582 18583 18584 18585
2427 18587 18588 18589 18590 18591 18592 18593 18594 18595
2428 18597 18598 18599 18600 18601 18602 18603 18604 18605
2430 18607 18608 18609 18610 18611 18612 18613 18614 18615
2431 18617 18618 18619 18620 18621 18622 18623 18624 18625
2432 18627 18628 18629 18630 18631
2433 18633 18634 18635 18636 18637 18638 18639 18640 18641
2434 18643 18644 18645 18646 18647 18648 18649 18650 18651
2435 18653 18654 18655 18656 18657 18658 18659 18660
2436 18662 18663 18664 18665 18666 18667 18668 18669 18670
2437 18672 18673 18674 18675 18676 18677 18678 18679 18680
2438 18682 18683 18684 18685 18686 18687 18688 18689 18690
2440 18692 18693 18694 18695 18696 18697 18698 18699 18700
2441 18702 18703 18704 18705 18706 18707 18708 18709 18710
2443 18712
2444 18714 18715 18716 18717
2445 18719 18720 18721 18722 18723
2446 18725 18726 18727 18728 18729 18730 18731 18732 18733
2447 18735 18736 18737 18738 18739 18740 18741 18742 18743
2448 18745 18746 18747 18748 18749 18750 18751 18752 18753
2449 18755 18756 18757 18758 18759 18760 18761 18762 18763
2450 18765 18766 18767 18768 18769 18770 18771 18772 18773
2451 18775 18776
2452 18778 18779 18780 18781 18782 18783 18784 18785 18786
2453 18788 18789 18790 18791 18792 18793 18794 18795 18796
2454 18798 18799 18800 18801 18802 18803 18804 18805
2456 18807 18808 18809 18810 18811 18812 18813 18814 18815
2457 18817 18818 18819 18820 18821 18822 18823 18824 18825
2458 18827 18828 18829 18830 18831 18832 18833 18834 18835
2459 18837 18838 18839 18840 18841 18842 18843 18844 18845
2460 18847 18848 18849 18850 18851 18852 18853 18854 18855
2461 18857 18858 18859 18860 18861
2462 18863 18864 18865 18866 18867 18868 18869 18870 18871
2463 18873 18874 18875 18876 18877 18878 18879 18880 18881
2464 18883 18884 18885 18886
2466 18888 18889
2467 18891 18892 18893 18894 18895 18896 18897 18898 18899
2469 18901 18902 18903 18904 18905 18906 18907 18908 18909
2470 18911 18912 18913 18914
2471 18916 18917 18918 18919 18920 18921 18922 18923 18924
2472 18926 18927 18928 18929 18930 18931 18932 18933 18934
2474 18936 18937 18938 18939 18940 18941 18942 18943 18944
2475 18946 18947 18948 18949
2476 18951 18952 18953 18954 18955 18956 18957 18958 18959
2477 18961 18962 18963 18964 18965 18966 18967 18968 18969
2478 18971 18972 18973 18974 18975 18976 18977 18978
2479 18980 18981 18982 18983 18984 18985 18986 18987 18988
2480 18990 18991 18992 18993 18994 18995 18996 18997 18998
2481 19000 19001
2482 19003 19004 19005 19006 19007 19008 19009 19010 19011
2483 19013 19014 19015 19016 19017 19018 19019 19020
2484 19022 19023 19024 19025 19026 19027 19028 19029 19030
2485 19032 19033 19034 19035 19036 19037 19038 19039 19040
2486 19042 19043 19044 19045 19046 19047
2487 19049 19050 19051 19052 19053 19054 19055 19056 19057
2488 19059 19060 19061 19062 19063 19064 19065 19066 19067
2489 19069 19070 19071 19072 19073 19074 19075 19076 19077
2490 19079 19080 19081 19082 19083 19084 19085 19086 19087
2491 19089 19090 19091 19092 19093 19094 19095 19096 19097
2492 19099 19100 19101 19102 19103 19104 19105 19106 19107
2493 19109 19110 19111 19112 19113 19114 19115 19116 19117
2494 19119 19120 19121 19122
2495 19124 19125 19126 19127 19128 19129 19130 19131 19132
2496 19134 19135 19136 19137 19138 19139 19140 19141 19142
2497 19144 19145 19146
2498 19148 19149 19150 19151 19152 19153 19154
2499 19156 19157 19158 19159 19160 19161 19162 19163 19164
2500 19166 19167 19168 19169 19170 19171 19172 19173 19174
2501 19176 19177 19178
2502 19180 19181 19182 19183 19184 19185 19186 19187 19188
2503 19190 19191 19192
2504 19194 19195 19196 19197 19198 19199 19200 19201 19202
2505 19204 19205 19206 19207 19208 19209 19210 19211 19212
2506 19214 19215 19216 19217 19218 19219 19220 19221 19222
2507 19224 19225 19226 19227 19228
2508 19230 19231
2509 19233
2510 19235 19236 19237 19238 19239 19240
2511 19242 19243
2512 19245
2513 19247 19248 19249 19250 19251 19252 19253 19254 19255
2514 19257 19258 19259 19260 19261 19262 19263 19264 19265
2515 19267
2516 19269 19270
2517 19272 19273 19274 19275 19276 19277 19278 19279 19280
2518 19282 19283 19284 19285 19286 19287 19288 19289 19290
2519 19292 19293 19294 19295 19296 19297 19298 19299 19300
2520 19302 19303 19304 19305 19306 19307 19308 19309 19310
2521 19312 19313 19314 19315 19316 19317 19318 19319 19320
2522 19322 19323 19324 19325
2523 19327 19328
2524 19330 19331 19332 19333 19334 19335 19336 19337 19338
2525 19340 19341 19342 19343 19344 19345 19346 19347 19348
2526 19350 19351 19352 19353 19354 19355 19356 19357 19358
2528 19360 19361
2529 19363 19364 19365 19366 19367 19368 19369 19370 19371
2530 19373 19374 19375 19376 19377 19378 19379 19380 19381
2531 19383 19384 19385 19386 19387 19388 19389 19390
2532 19392 19393 19394 19395 19396 19397
2533 19399 19400 19401 19402 19403 19404 19405 19406 19407
2534 19409 19410 19411 19412 19413 19414 19415 19416 19417
2535 19419 19420 19421 19422 19423 19424 19425 19426 19427
2536 19429 19430 19431 19432 19433 19434 19435 19436 19437
2537 19439 19440 19441 19442 19443 19444 19445 19446 19447
2538 19449 19450 19451 19452 19453 19454 19455 19456 19457
2539 19459 19460 19461 19462 19463 19464 19465 19466 19467
2540 19469 19470 19471 19472 19473 19474 19475 19476 19477
2541 19479 19480 19481 19482 19483 19484 19485 19486 19487
2542 19489 19490 19491 19492 19493 19494
2543 19496 19497 19498 19499 19500 19501 19502 19503 19504
2544 19506 19507 19508 19509 19510 19511 19512 19513 19514
2545 19516 19517 19518 19519 19520 19521 19522 19523 19524
2546 19526 19527 19528 19529
2547 19531
2548 19533 19534 19535 19536 19537 19538 19539 19540 19541
2549 19543 19544 19545 19546 19547 19548 19549 19550 19551
2550 19553
2551 19555 19556 19557 19558 19559 19560 19561 19562 19563
2552 19565 19566 19567 19568 19569 19570 19571 19572 19573
2553 19575 19576 19577 19578 19579 19580 19581 19582 19583
2554 19585 19586 19587 19588
2555 19590 19591 19592 19593 19594 19595 19596 19597 19598
2556 19600 19601 19602 19603 19604 19605 19606 19607
2557 19609 19610 19611 19612 19613 19614 19615 19616 19617
2558 19619 19620
2559 19622 19623 19624 19625 19626 19627 19628 19629
2560 19631 19632 19633 19634 19635 19636 19637 19638 19639
2561 19641 19642 19643 19644 19645 19646 19647 19648 19649
2562 19651 19652
2563 19654 19655 19656 19657 19658 19659 19660
2564 19662 19663 19664 19665 19666 19667 19668 19669 19670
2565 19672
2566 19674 19675 19676 19677 19678 19679 19680 19681 19682
2567 19684 19685 19686 19687 19688 19689 19690 19691 19692
2568 19694 19695 19696 19697 19698 19699 19700 19701 19702
2569 19704 19705 19706 19707 19708
2570 19710 19711 19712 19713 19714 19715 19716 19717
2571 19719 19720 19721 19722 19723 19724 19725 19726 19727
2572 19729 19730 19731 19732 19733 19734 19735 19736 19737
2573 19739 19740 19741 19742 19743 19744 19745
2574 19747 19748 19749 19750 19751 19752 19753 19754 19755
2575 19757 19758 19759 19760 19761 19762 19763 19764 19765
2576 19767 19768 19769 19770
2577 19772 19773 19774 19775 19776 19777 19778 19779 19780
2578 19782 19783 19784 19785 19786 19787 19788 19789 19790
2579 19792 19793 19794 19795 19796 19797 19798 19799 19800
2580 19802 19803 19804 19805 19806 19807 19808 19809 19810
2581 19812 19813 19814 19815 19816 19817 19818 19819 19820
2582 19822 19823 19824 19825 19826 19827 19828 19829 19830
2583 19832 19833 19834 19835 19836 19837 19838 19839 19840
2584 19842 19843 19844 19845 19846 19847 19848 19849 19850
2586 19852 19853 19854 19855 19856 19857 19858 19859 19860
2587 19862 19863 19864 19865 19866 19867 19868 19869 19870
2588 19872 19873 19874 19875 19876 19877 19878 19879 19880
2589 19882
2590 19884 19885 19886 19887
2592 19889 19890 19891 19892 19893 19894 19895 19896 19897
2593 19899 19900 19901 19902 19903 19904 19905 19906 19907
2594 19909 19910 19911 19912 19913 19914 19915 19916 19917
2595 19919 19920 19921 19922 19923 19924 19925 19926 19927
2596 19929 19930
2597 19932 19933 19934 19935 19936 19937
2598 19939 19940 19941 19942 19943 19944 19945 19946 19947
2599 19949 19950 19951 19952 19953 19954
2601 19956 19957 19958 19959 19960 19961 19962 19963 19964
2602 19966 19967 19968 19969 19970 19971 19972 19973 19974
2603 19976 19977 19978 19979
2604 19981 19982 19983 19984 19985 19986 19987 19988 19989
2605 19991 19992 19993 19994 19995 19996 19997 19998 19999
2606 20001 20002 20003 20004 20005 20006 20007 20008 20009
2607 20011 20012 20013 20014 20015 20016 20017 20018 20019
2608 20021
2609 20023 20024 20025 20026 20027 20028 20029
2610 20031 20032 20033 20034 20035 20036 20037 20038 20039
2611 20041 20042
2612 20044 20045 20046 20047 20048 20049 20050 20051 20052
2613 20054 20055 20056 20057 20058 20059 20060 20061 20062
2614 20064 20065 20066 20067 20068 20069 20070 20071 20072
2615 20074 20075 20076
2616 20078 20079 20080 20081
2617 20083 20084 20085 20086 20087 20088 20089 20090
2619 20092 20093 20094 20095 20096
2620 20098 20099 20100 20101 20102 20103 20104 20105 20106
2621 20108 20109 20110 20111 20112 20113 20114 20115 20116
2622 20118 20119 20120 20121 20122 20123 20124 20125 20126
2623 20128 20129 20130 20131 20132 20133 20134 20135 20136
2624 20138 20139 20140 20141 20142 20143 20144 20145 20146
2625 20148 20149 20150 20151 20152 20153 20154 20155 20156
2627 20158 20159 20160 20161 20162 20163
2628 20165
2629 20167 20168 20169 20170 20171 20172 20173 20174
2630 20176 20177 20178 20179 20180 20181 20182 20183 20184
2631 20186 20187 20188 20189 20190 20191
2632 20193
2633 20195 20196 20197 20198 20199 20200 20201 20202 20203
2634 20205
2635 20207 20208 20209 20210 20211
2636 20213 20214 20215 20216 20217 20218 20219
2637 20221 20222 20223 20224 20225 20226 20227 20228 20229
2638 20231 20232 20233 20234 20235
2639 20237 20238 20239 20240 20241 20242 20243 20244 20245
2640 20247 20248 20249 20250 20251 20252 20253 20254 20255
2641 20257 20258 20259 20260 20261 20262 20263 20264 20265
2642 20267 20268 20269 20270 20271 20272 20273 20274 20275
2643 20277 20278 20279 20280 20281 20282
2646 20284 20285 20286 20287 20288 20289 20290 20291 20292
2647 20294 20295 20296 20297 20298 20299 20300 20301 20302
2648 20304 20305 20306 20307 20308 20309 20310 20311 20312
2649 20314 20315 20316 20317 20318 20319 20320 20321 20322
2650 20324 20325 20326 20327 20328 20329 20330 20331 20332
2652 20334 20335 20336 20337 20338 20339 20340 20341 20342
2654 20344 20345 20346 20347 20348 20349
2655 20351 20352 20353 20354 20355 20356 20357 20358 20359
2656 20361 20362 20363 20364 20365 20366 20367 20368 20369
2657 20371 20372 20373 20374 20375 20376 20377 20378 20379
2658 20381 20382 20383 20384 20385 20386 20387 20388 20389
2659 20391 20392 20393 20394 20395 20396 20397 20398 20399
2660 20401 20402 20403 20404 20405 20406 20407 20408 20409
2661 20411 20412 20413 20414 20415 20416 20417 20418 20419
2662 20421 20422 20423 20424 20425 20426 20427 20428 20429
2663 20431 20432 20433 20434 20435 20436 20437 20438 20439
2664 20441 20442 20443 20444 20445 20446 20447 20448 20449
2665 20451 20452 20453 20454 20455 20456 20457 20458 20459
2666 20461 20462 20463 20464 20465 20466 20467 20468 20469
2667 20471 20472 20473 20474 20475 20476 20477 20478 20479
2669 20481 20482 20483 20484 20485 20486 20487 20488 20489
2671 20491 20492 20493 20494 20495 20496 20497 20498 20499
2673 20501 20502 20503 20504 20505 20506 20507 20508 20509
2674 20511 20512 20513 20514 20515 20516 20517 20518 20519
2675 20521
2676 20523 20524 20525 20526 20527 20528 20529 20530 20531
2677 20533 20534 20535 20536 20537 20538 20539 20540 20541
2678 20543 20544 20545 20546 20547 20548 20549 20550 20551
2679 20553 20554 20555 20556 20557 20558 20559 20560 20561
2680 20563 20564 20565 20566
2681 20568 20569 20570 20571 20572 20573 20574 20575 20576
2683 20578 20579 20580 20581 20582 20583 20584 20585
2684 20587 20588 20589 20590 20591 20592 20593 20594 20595
2685 20597 20598
2686 20600 20601 20602 20603 20604 20605 20606 20607 20608
2687 20610 20611 20612 20613 20614 20615 20616 20617 20618
2688 20620 20621 20622
2689 20624 20625 20626 20627 20628 20629 20630 20631 20632
2690 20634 20635 20636 20637 20638 20639 20640 20641 20642
2691 20644 20645 20646 20647 20648 20649 20650 20651 20652
2692 20654 20655 20656 20657 20658 20659 20660 20661 20662
2693 20664 20665 20666 20667 20668 20669 20670 20671 20672
2694 20674 20675 20676 20677 20678 20679 20680 20681 20682
2695 20684 20685 20686 20687 20688 20689 20690 20691 20692
2696 20694 20695 20696 20697 20698 20699 20700
2697 20702 20703 20704 20705 20706 20707 20708 20709 20710
2698 20712 20713 20714
2699 20716 20717 20718 20719 20720 20721 20722 20723 20724
2700 20726 20727 20728 20729
2702 20731 20732 20733 20734 20735 20736 20737 20738 20739
2703 20741 20742 20743 20744 20745 20746 20747 20748 20749
2704 20751 20752 20753 20754 20755 20756 20757 20758 20759
2705 20761 20762 20763 20764 20765 20766 20767 20768 20769
2706 20771 20772 20773 20774 20775 20776 20777 20778 20779
2707 20781 20782
2708 20784 20785 20786 20787 20788 20789 20790 20791 20792
2709 20794 20795 20796 20797 20798 20799 20800 20801 20802
2710 20804 20805 20806 20807 20808 20809
2711 20811 20812 20813 20814 20815 20816 20817 20818 20819
2712 20821 20822 20823
2713 20825 20826 20827 20828 20829 20830 20831 20832 20833
2714 20835 20836 20837 20838
2715 20840 20841 20842 20843
2716 20845 20846 20847 20848 20849 20850 20851 20852 20853
2717 20855 20856 20857 20858 20859 20860 20861 20862 20863
2718 20865 20866 20867 20868 20869 20870 20871 20872 20873
2719 20875 20876 20877 20878 20879 20880 20881 20882 20883
2720 20885 20886 20887 20888 20889 20890 20891 20892 20893
2721 20895 20896 20897 20898 20899 20900 20901 20902 20903
2722 20905 20906 20907 20908 20909 20910 20911 20912 20913
2723 20915
2724 20917 20918 20919 20920 20921 20922 20923 20924 20925
2725 20927 20928 20929 20930 20931 20932 20933 20934 20935
2726 20937 20938 20939 20940 20941 20942 20943 20944 20945
2728 20947 20948 20949 20950 20951 20952 20953 20954 20955
2729 20957 20958 20959 20960 20961 20962 20963 20964 20965
2731 20967 20968 20969 20970 20971 20972 20973 20974 20975
2732 20977 20978 20979 20980 20981 20982
2733 20984 20985 20986 20987 20988 20989 20990 20991 20992
2734 20994 20995 20996 20997 20998 20999 21000 21001 21002
2735 21004 21005 21006 21007 21008 21009 21010 21011 21012
2736 21014 21015 21016 21017 21018 21019 21020 21021 21022
2737 21024 21025 21026 21027 21028 21029 21030 21031 21032
2738 21034
2739 21036 21037 21038 21039 21040 21041 21042 21043 21044
2740 21046 21047 21048 21049 21050 21051 21052 21053 21054
2741 21056 21057 21058 21059 21060 21061 21062 21063 21064
2742 21066
2743 21068 21069 21070 21071 21072 21073
2744 21075 21076 21077 21078 21079 21080 21081 21082 21083
2745 21085 21086 21087 21088 21089 21090 21091 21092 21093
2746 21095 21096 21097 21098 21099 21100 21101 21102 21103
2747 21105 21106 21107 21108 21109 21110 21111 21112 21113
2748 21115 21116 21117 21118 21119 21120 21121 21122 21123
2749 21125 21126 21127 21128 21129 21130 21131 21132 21133
2750 21135 21136 21137 21138 21139 21140 21141 21142 21143
2751 21145
2752 21147 21148 21149 21150 21151 21152 21153 21154 21155
2754 21157 21158 21159 21160 21161 21162 21163 21164 21165
2755 21167 21168 21169 21170 21171 21172 21173 21174 21175
2756 21177
2757 21179 21180 21181
2758 21183 21184 21185 21186 21187 21188 21189 21190 21191
2759 21193 21194 21195 21196 21197 21198 21199 21200 21201
2760 21203 21204 21205 21206 21207 21208 21209 21210 21211
2761 21213 21214 21215 21216 21217 21218 21219 21220 21221
2762 21223 21224 21225 21226 21227 21228 21229 21230 21231
2763 21233 21234 21235 21236 21237 21238 21239 21240 21241
2764 21243 21244 21245 21246 21247 21248 21249 21250 21251
2765 21253 21254 21255
2766 21257 21258 21259 21260 21261 21262 21263 21264 21265
2767 21267 21268 21269 21270 21271 21272 21273 21274 21275
2768 21277 21278 21279 21280 21281 21282 21283 21284 21285
2769 21287 21288 21289 21290 21291 21292 21293 21294 21295
2770 21297 21298 21299
2771 21301 21302 21303 21304 21305 21306 21307 21308 21309
2772 21311 21312 21313 21314 21315 21316 21317 21318
2773 21320
2774 21322 21323 21324
2775 21326 21327 21328 21329 21330 21331 21332 21333 21334
2776 21336 21337 21338 21339 21340 21341 21342 21343 21344
2778 21346 21347 21348 21349 21350 21351 21352 21353 21354
2779 21356 21357 21358 21359 21360 21361 21362 21363 21364
2780 21366 21367 21368 21369 21370 21371 21372 21373 21374
2781 21376 21377 21378 21379 21380 21381 21382 21383 21384
2782 21386 21387 21388 21389 21390 21391 21392 21393 21394
2784 21396 21397 21398 21399 21400 21401 21402 21403 21404
2785 21406 21407 21408 21409 21410 21411 21412 21413 21414
2786 21416 21417 21418 21419 21420 21421
2787 21423 21424 21425 21426 21427 21428
2788 21430 21431 21432 21433 21434 21435 21436 21437 21438
2789 21440 21441 21442 21443 21444 21445 21446 21447 21448
2790 21450 21451 21452 21453 21454 21455 21456 21457 21458
2791 21460 21461 21462 21463 21464 21465 21466 21467 21468
2792 21470 21471 21472 21473 21474 21475 21476 21477 21478
2793 21480 21481 21482 21483 21484 21485 21486 21487 21488
2794 21490 21491 21492 21493 21494 21495 21496 21497 21498
2795 21500 21501 21502 21503 21504 21505 21506
2796 21508 21509 21510 21511 21512 21513 21514
2797 21516 21517 21518 21519
2798 21521 21522 21523 21524 21525 21526
2799 21528 21529 21530 21531 21532 21533 21534 21535 21536
2801 21538 21539 21540 21541 21542 21543 21544 21545 21546
2803 21548 21549 21550 21551 21552 21553 21554 21555 21556
2804 21558 21559 21560 21561 21562 21563 21564 21565 21566
2805 21568 21569 21570 21571 21572 21573 21574 21575 21576
2806 21578 21579 21580 21581 21582 21583 21584 21585 21586
2807 21588 21589
2808 21591 21592 21593 21594 21595 21596 21597 21598 21599
2809 21601 21602 21603 21604 21605 21606 21607 21608 21609
2810 21611 21612 21613 21614 21615 21616 21617 21618 21619
2812 21621 21622 21623 21624 21625 21626 21627 21628 21629
2813 21631 21632 21633 21634 21635 21636 21637 21638 21639
2814 21641 21642 21643 21644 21645 21646 21647 21648 21649
2815 21651 21652 21653 21654 21655 21656 21657 21658 21659
2816 21661 21662 21663 21664 21665 21666 21667 21668 21669
2817 21671 21672 21673 21674 21675 21676 21677 21678 21679
2818 21681
2819 21683 21684 21685 21686 21687 21688 21689 21690 21691
2820 21693 21694 21695 21696 21697 21698 21699 21700 21701
2821 21703 21704 21705 21706 21707 21708 21709
2822 21711 21712
2823 21714
2824 21716 21717 21718 21719 21720 21721 21722
2825 21724 21725 21726 21727 21728 21729
2826 21731 21732 21733 21734 21735 21736 21737 21738 21739
2827 21741 21742 21743 21744 21745 21746 21747 21748 21749
2828 21751 21752 21753 21754 21755 21756 21757 21758 21759
2829 21761 21762 21763 21764 21765 21766 21767 21768 21769
2830 21771 21772 21773 21774 21775 21776 21777 21778 21779
2832 21781 21782 21783 21784 21785 21786 21787 21788 21789
2833 21791 21792 21793 21794 21795 21796 21797 21798 21799
2834 21801 21802 21803 21804 21805 21806 21807 21808 21809
2835 21811 21812 21813
2836 21815
2837 21817 21818 21819 21820 21821 21822 21823 21824 21825
2838 21827 21828 21829 21830 21831 21832 21833 21834 21835
2841 21837 21838 21839 21840 21841 21842 21843 21844 21845
2842 21847 21848 21849 21850 21851 21852 21853 21854 21855
2843 21857 21858 21859 21860 21861 21862 21863 21864 21865
2845 21867 21868 21869 21870 21871
2846 21873 21874 21875 21876 21877 21878 21879 21880 21881
2847 21883 21884 21885 21886 21887 21888 21889 21890 21891
2848 21893 21894
2849 21896 21897 21898 21899 21900 21901 21902 21903 21904
2850 21906 21907 21908 21909 21910 21911 21912 21913 21914
2851 21916
2852 21918 21919 21920 21921 21922 21923 21924 21925 21926
2853 21928 21929 21930 21931 21932 21933 21934 21935 21936
2854 21938 21939 21940 21941 21942 21943
2855 21945 21946 21947 21948 21949 21950 21951 21952 21953
2856 21955 21956 21957 21958 21959
2857 21961 21962 21963 21964 21965 21966 21967 21968 21969
2858 21971 21972 21973 21974 21975 21976 21977 21978 21979
2859 21981 21982 21983 21984 21985 21986 21987 21988 21989
2860 21991 21992 21993 21994 21995 21996 21997 21998 21999
2861 22001 22002 22003 22004 22005 22006 22007 22008 22009
2862 22011 22012 22013 22014 22015 22016 22017 22018 22019
2863 22021 22022 22023 22024 22025 22026 22027 22028 22029
2864 22031 22032 22033 22034 22035 22036 22037 22038 22039
2865 22041 22042 22043 22044 22045 22046 22047 22048 22049
2866 22051 22052 22053 22054 22055 22056 22057 22058 22059
2867 22061 22062 22063 22064 22065 22066 22067
2868 22069 22070 22071 22072 22073 22074 22075 22076 22077
2869 22079 22080 22081
2870 22083 22084 22085 22086 22087
2871 22089 22090 22091 22092 22093 22094 22095 22096 22097
2872 22099 22100 22101 22102 22103 22104 22105 22106 22107
2873 22109 22110 22111 22112 22113
2874 22115 22116 22117 22118 22119 22120 22121 22122 22123
2875 22125 22126 22127
2876 22129 22130 22131 22132 22133 22134 22135 22136 22137
2877 22139 22140 22141 22142 22143 22144 22145 22146 22147
2878 22149 22150 22151 22152 22153 22154 22155 22156 22157
2879 22159 22160 22161 22162
2880 22164 22165 22166 22167 22168 22169 22170 22171 22172
2881 22174 22175 22176 22177 22178 22179 22180 22181 22182
2882 22184
2883 22186 22187
2884 22189 22190 22191 22192 22193 22194 22195 22196 22197
2885 22199 22200 22201 22202 22203 22204 22205 22206 22207
2886 22209 22210 22211 22212 22213
2887 22215 22216
2888 22218
2889 22220 22221 22222 22223 22224 22225 22226 22227 22228
2891 22230 22231 22232 22233 22234 22235 22236 22237 22238
2893 22240 22241
2894 22243 22244 22245 22246 22247 22248 22249 22250 22251
2895 22253 22254 22255 22256 22257 22258
2897 22260 22261 22262 22263
2898 22265 22266 22267 22268 22269 22270 22271 22272 22273
2899 22275 22276 22277 22278 22279 22280 22281 22282 22283
2900 22285 22286 22287 22288 22289 22290 22291 22292 22293
2901 22295 22296 22297 22298 22299 22300 22301 22302 22303
2902 22305 22306 22307 22308 22309
2903 22311 22312 22313 22314 22315 22316 22317 22318 22319
2904 22321 22322 22323 22324 22325 22326 22327 22328 22329
2905 22331 22332 22333 22334 22335 22336 22337 22338 22339
2906 22341 22342 22343 22344 22345 22346 22347 22348 22349
2907 22351
2908 22353 22354 22355 22356 22357 22358 22359 22360 22361
2909 22363 22364 22365 22366 22367 22368 22369 22370
2910 22372 22373 22374 22375 22376 22377 22378 22379 22380
2911 22382 22383 22384 22385 22386 22387 22388 22389 22390
2912 22392 22393 22394 22395 22396 22397 22398 22399 22400
2913 22402 22403 22404 22405 22406 22407 22408 22409 22410
2914 22412 22413 22414 22415
2915 22417
2917 22419 22420 22421 22422
2918 22424 22425 22426 22427 22428 22429
2919 22431 22432 22433 22434 22435 22436 22437 22438 22439
2920 22441 22442 22443 22444 22445 22446 22447 22448 22449
2921 22451 22452 22453 22454 22455 22456 22457 22458 22459
2922 22461 22462 22463 22464 22465 22466 22467 22468 22469
2923 22471 22472 22473 22474
2924 22476
2925 22478
2926 22480 22481 22482 22483 22484 22485 22486 22487 22488
2927 22490 22491 22492 22493 22494
2928 22496 22497 22498 22499
2929 22501
2930 22503 22504 22505 22506 22507 22508 22509 22510 22511
2931 22513 22514 22515 22516 22517 22518 22519 22520 22521
2932 22523 22524 22525 22526 22527 22528 22529 22530 22531
2933 22533 22534 22535 22536 22537 22538 22539 22540 22541
2934 22543 22544 22545 22546 22547 22548 22549 22550 22551
2935 22553 22554 22555 22556 22557
2936 22559 22560 22561 22562 22563 22564 22565
2937 22567 22568 22569 22570 22571 22572 22573 22574 22575
2938 22577 22578 22579 22580 22581 22582 22583 22584 22585
2939 22587 22588 22589 22590 22591 22592 22593 22594 22595
2940 22597 22598 22599 22600 22601 22602 22603 22604 22605
2941 22607 22608 22609 22610 22611 22612 22613 22614 22615
2942 22617 22618 22619 22620 22621 22622 22623 22624 22625
2944 22627 22628 22629 22630 22631
2945 22633 22634 22635 22636 22637 22638 22639 22640 22641
2946 22643 22644 22645 22646 22647 22648 22649 22650 22651
2947 22653 22654 22655 22656 22657 22658 22659 22660 22661
2948 22663 22664 22665 22666 22667 22668 22669 22670 22671
2949 22673 22674 22675 22676 22677 22678 22679 22680
2950 22682 22683 22684 22685 22686 22687 22688 22689 22690
2951 22692 22693 22694 22695 22696 22697 22698 22699 22700
2952 22702 22703 22704 22705 22706 22707 22708 22709 22710
2953 22712 22713 22714 22715 22716 22717 22718 22719 22720
2954 22722 22723 22724 22725 22726 22727 22728 22729 22730
2955 22732 22733 22734 22735 22736 22737 22738 22739 22740
2956 22742
2957 22744 22745 22746 22747 22748 22749 22750 22751 22752
2958 22754 22755 22756 22757 22758 22759 22760 22761 22762
2959 22764 22765 22766 22767 22768 22769 22770 22771 22772
2960 22774 22775 22776 22777 22778 22779 22780 22781 22782
2961 22784 22785 22786 22787 22788 22789 22790 22791 22792
2962 22794 22795 22796 22797 22798 22799 22800 22801 22802
2963 22804 22805 22806 22807 22808 22809 22810 22811 22812
2964 22814 22815 22816 22817 22818 22819 22820 22821 22822
2965 22824 22825 22826 22827 22828 22829 22830
2966 22832 22833 22834
2967 22836 22837 22838 22839 22840 22841 22842 22843 22844
2968 22846 22847 22848 22849 22850 22851 22852 22853 22854
2969 22856 22857 22858 22859 22860 22861 22862 22863 22864
2970 22866 22867 22868 22869
2971 22871 22872 22873 22874 22875 22876 22877 22878 22879
2972 22881 22882 22883 22884 22885 22886 22887 22888 22889
2973 22891 22892 22893 22894
2974 22896 22897 22898 22899 22900 22901 22902 22903 22904
2975 22906 22907 22908 22909 22910 22911 22912 22913 22914
2976 22916 22917 22918 22919 22920 22921 22922 22923 22924
2977 22926 22927 22928 22929 22930 22931 22932 22933 22934
2978 22936 22937 22938 22939 22940 22941 22942 22943 22944
2979 22946 22947 22948
2980 22950 22951 22952 22953 22954 22955 22956 22957 22958
2981 22960 22961 22962 22963 22964 22965 22966 22967 22968
2982 22970 22971 22972 22973 22974 22975 22976 22977
2983 22979 22980 22981 22982 22983 22984 22985 22986 22987
2984 22989 22990 22991 22992 22993 22994 22995 22996 22997
2985 22999 23000 23001
2986 23003 23004 23005 23006 23007 23008 23009 23010 23011
2987 23013 23014 23015 23016 23017 23018 23019 23020 23021
2988 23023 23024 23025 23026 23027 23028 23029 23030 23031
2989 23033 23034 23035 23036 23037 23038 23039 23040 23041
2990 23043 23044 23045 23046 23047 23048 23049 23050 23051
2991 23053 23054 23055 23056 23057 23058 23059 23060 23061
2992 23063 23064 23065 23066 23067 23068 23069 23070 23071
2993 23073 23074 23075 23076 23077 23078 23079 23080 23081
2994 23083 23084 23085 23086 23087 23088
2995 23090 23091 23092 23093 23094 23095 23096 23097 23098
2996 23100 23101 23102 23103 23104 23105 23106 23107 23108
2997 23110 23111 23112 23113 23114 23115 23116 23117 23118
2998 23120 23121 23122 23123 23124 23125 23126 23127 23128
2999 23130 23131 23132 23133 23134 23135 23136 23137 23138
3000 23140 23141 23142 23143 23144 23145 23146 23147 23148
3001 23150 23151 23152 23153 23154 23155 23156 23157 23158
3003 23160 23161 23162 23163 23164 23165 23166 23167 23168
3004 23170 23171 23172 23173 23174 23175 23176 23177 23178
3005 23180 23181 23182 23183 23184 23185 23186 23187 23188
3006 23190 23191 23192 23193 23194 23195 23196 23197 23198
3007 23200 23201 23202 23203 23204 23205 23206 23207 23208
3008 23210 23211 23212 23213 23214 23215 23216 23217 23218
3009 23220 23221 23222 23223 23224 23225 23226 23227 23228
3010 23230 23231 23232 23233 23234 23235 23236 23237 23238
3011 23240
3012 23242 23243 23244 23245 23246 23247 23248 23249 23250
3013 23252 23253
3014 23255 23256 23257 23258 23259 23260 23261 23262 23263
3015 23265 23266 23267 23268 23269 23270 23271 23272 23273
3017 23275 23276 23277 23278 23279 23280 23281 23282 23283
3018 23285
3019 23287 23288 23289 23290 23291 23292 23293 23294 23295
3020 23297 23298 23299 23300 23301 23302 23303
3021 23305 23306 23307 23308 23309 23310 23311 23312 23313
3022 23315 23316 23317 23318 23319 23320 23321 23322
3023 23324 23325 23326 23327 23328 23329 23330 23331 23332
3024 23334 23335 23336 23337 23338 23339 23340 23341 23342
3025 23344 23345 23346 23347 23348 23349 23350 23351 23352
3027 23354 23355 23356 23357 23358 23359 23360 23361 23362
3028 23364 23365 23366 23367 23368 23369 23370 23371 23372
3029 23374 23375 23376 23377 23378 23379 23380 23381 23382
3030 23384 23385 23386 23387 23388 23389 23390 23391 23392
3031 23394 23395 23396 23397 23398 23399 23400 23401 23402
3032 23404 23405 23406 23407 23408 23409 23410 23411 23412
3033 23414 23415 23416 23417 23418 23419 23420 23421 23422
3034 23424 23425 23426 23427 23428 23429 23430 23431 23432
3036 23434 23435 23436 23437 23438 23439 23440 23441 23442
3037 23444 23445 23446
3038 23448 23449 23450 23451 23452
3039 23454 23455 23456 23457 23458 23459 23460 23461 23462
3040 23464 23465 23466
3042 23468 23469 23470 23471 23472 23473 23474 23475 23476
3043 23478 23479 23480 23481 23482 23483 23484 23485 23486
3044 23488 23489 23490 23491 23492 23493 23494 23495 23496
3045 23498 23499 23500 23501 23502 23503 23504 23505 23506
3046 23508 23509 23510 23511 23512 23513 23514 23515 23516
3047 23518 23519 23520 23521 23522 23523 23524 23525
3048 23527 23528 23529 23530 23531 23532 23533 23534 23535
3049 23537 23538 23539 23540 23541 23542
3050 23544 23545 23546 23547 23548 23549 23550 23551 23552
3051 23554 23555 23556 23557
3052 23559 23560 23561 23562 23563 23564
3053 23566 23567 23568 23569 23570 23571 23572
3054 23574 23575 23576 23577 23578 23579 23580 23581 23582
3056 23584 23585 23586 23587 23588 23589 23590 23591 23592
3057 23594 23595 23596 23597
3059 23599 23600 23601 23602 23603
3060 23605 23606 23607
3061 23609 23610 23611 23612 23613 23614 23615 23616 23617
3062 23619 23620 23621 23622 23623 23624 23625 23626 23627
3063 23629 23630 23631 23632 23633 23634 23635 23636 23637
3064 23639 23640 23641 23642 23643 23644 23645 23646 23647
3065 23649 23650 23651 23652 23653 23654 23655 23656 23657
3066 23659 23660 23661 23662 23663 23664 23665 23666 23667
3067 23669 23670 23671 23672 23673 23674 23675 23676 23677
3068 23679 23680 23681 23682 23683 23684 23685 23686 23687
3069 23689 23690 23691
3070 23693 23694 23695 23696 23697 23698 23699 23700 23701
3071 23703 23704 23705 23706 23707 23708 23709 23710 23711
3072 23713 23714 23715 23716 23717 23718 23719 23720 23721
3074 23723 23724 23725 23726 23727 23728 23729 23730 23731
3075 23733 23734 23735 23736 23737 23738 23739 23740 23741
3076 23743 23744 23745
3077 23747 23748 23749 23750 23751 23752 23753 23754 23755
3078 23757 23758 23759 23760 23761 23762 23763 23764 23765
3080 23767 23768
3081 23770 23771 23772 23773 23774 23775 23776 23777 23778
3082 23780 23781
3083 23783 23784 23785 23786 23787 23788 23789
3084 23791 23792 23793 23794 23795 23796 23797 23798 23799
3085 23801 23802 23803 23804 23805 23806 23807
3086 23809 23810 23811 23812 23813 23814 23815 23816 23817
3087 23819
3088 23821 23822 23823 23824 23825 23826 23827
3089 23829 23830 23831 23832
3090 23834 23835 23836
3091 23838 23839
3092 23841 23842 23843
3093 23845 23846 23847 23848 23849
3094 23851
3095 23853 23854 23855 23856 23857 23858 23859 23860 23861
3096 23863
3097 23865 23866 23867 23868 23869 23870
3098 23872 23873 23874 23875 23876 23877 23878 23879 23880
3099 23882 23883 23884 23885
3100 23887 23888 23889 23890 23891 23892 23893 23894 23895
3101 23897 23898 23899 23900 23901 23902 23903 23904 23905
3102 23907 23908 23909 23910
3103 23912 23913
3104 23915 23916 23917 23918 23919 23920 23921 23922 23923
3105 23925 23926 23927 23928 23929 23930 23931 23932 23933
3106 23935 23936 23937 23938 23939 23940 23941 23942 23943
3107 23945 23946 23947
3108 23949 23950 23951 23952 23953 23954 23955 23956 23957
3109 23959 23960
3110 23962 23963 23964 23965 23966 23967 23968 23969 23970
3111 23972 23973 23974 23975 23976 23977 23978 23979 23980
3112 23982 23983
3113 23985 23986 23987 23988 23989 23990 23991 23992 23993
3114 23995 23996
3115 23998
3117 24000 24001 24002 24003 24004 24005 24006 24007 24008
3118 24010 24011 24012 24013 24014 24015 24016 24017 24018
3119 24020 24021
3120 24023 24024 24025 24026 24027 24028 24029 24030 24031
3122 24033 24034 24035 24036 24037 24038
3123 24040 24041 24042 24043 24044 24045 24046 24047 24048
3124 24050
3125 24052 24053 24054 24055 24056 24057 24058 24059 24060
3126 24062 24063 24064 24065 24066 24067 24068 24069 24070
3127 24072 24073 24074 24075 24076 24077 24078 24079 24080
3128 24082 24083 24084
3129 24086 24087 24088 24089 24090 24091
3130 24093 24094 24095 24096 24097 24098 24099 24100 24101
3131 24103 24104 24105 24106 24107
3132 24109 24110 24111 24112 24113 24114 24115 24116 24117
3133 24119 24120 24121 24122 24123
3134 24125 24126 24127 24128 24129 24130 24131 24132 24133
3135 24135 24136 24137 24138 24139 24140 24141 24142 24143
3136 24145 24146 24147 24148 24149 24150 24151 24152 24153
3137 24155 24156 24157
3138 24159 24160 24161 24162 24163 24164 24165
3139 24167 24168 24169 24170 24171 24172 24173 24174 24175
3140 24177 24178 24179 24180 24181
3141 24183 24184 24185 24186 24187 24188 24189 24190 24191
3142 24193 24194 24195 24196 24197 24198 24199 24200 24201
3143 24203 24204 24205 24206 24207 24208 24209 24210 24211
3144 24213 24214 24215 24216 24217 24218 24219 24220 24221
3145 24223 24224 24225 24226 24227 24228 24229 24230 24231
3146 24233 24234 24235 24236 24237 24238 24239
3147 24241 24242 24243 24244 24245 24246 24247 24248 24249
3148 24251 24252 24253 24254 24255 24256 24257 24258 24259
3149 24261
3150 24263 24264 24265 24266 24267 24268 24269 24270 24271
3151 24273 24274 24275 24276
3152 24278 24279 24280 24281
3153 24283 24284 24285 24286 24287 24288 24289 24290 24291
3154 24293 24294 24295 24296 24297 24298 24299
3155 24301 24302 24303 24304 24305
3156 24307 24308 24309 24310 24311
3158 24313 24314 24315 24316
3159 24318 24319 24320 24321 24322 24323 24324 24325 24326
3161 24328 24329 24330 24331 24332 24333 24334 24335 24336
3162 24338 24339 24340 24341 24342 24343 24344 24345 24346
3163 24348 24349 24350 24351
3164 24353 24354 24355 24356 24357 24358 24359 24360 24361
3165 24363 24364 24365 24366 24367 24368 24369 24370 24371
3166 24373 24374 24375 24376
3167 24378 24379 24380 24381 24382 24383 24384 24385 24386
3169 24388 24389 24390 24391 24392 24393 24394 24395 24396
3170 24398
3171 24400 24401 24402 24403 24404 24405 24406
3173 24408 24409 24410 24411 24412 24413
3174 24415 24416 24417 24418 24419 24420 24421
3175 24423
3176 24425 24426 24427 24428 24429 24430 24431 24432 24433
3177 24435 24436 24437 24438 24439 24440 24441 24442
3178 24444 24445 24446 24447 24448 24449 24450 24451 24452
3179 24454 24455 24456 24457 24458 24459 24460 24461 24462
3181 24464 24465 24466 24467 24468 24469 24470 24471 24472
3182 24474 24475 24476 24477 24478 24479 24480 24481 24482
3183 24484 24485 24486 24487 24488
3184 24490 24491 24492 24493 24494 24495 24496 24497 24498
3185 24500 24501
3187 24503 24504 24505 24506 24507 24508 24509 24510 24511
3188 24513 24514 24515 24516 24517 24518 24519 24520 24521
3189 24523 24524 24525 24526 24527 24528 24529
3190 24531 24532 24533 24534 24535 24536 24537 24538 24539
3191 24541 24542
3192 24544 24545 24546 24547 24548 24549 24550 24551 24552
3193 24554 24555 24556 24557 24558 24559 24560 24561 24562
3194 24564 24565 24566 24567 24568 24569 24570 24571 24572
3195 24574 24575 24576 24577 24578 24579 24580 24581 24582
3196 24584 24585 24586 24587 24588
3197 24590 24591 24592 24593 24594 24595 24596 24597 24598
3198 24600 24601 24602 24603 24604 24605 24606 24607 24608
3199 24610 24611 24612
3200 24614 24615 24616 24617 24618 24619 24620 24621 24622
3201 24624 24625 24626 24627 24628 24629 24630 24631 24632
3202 24634
3204 24636 24637 24638
3205 24640 24641 24642 24643 24644 24645 24646 24647
3206 24649 24650 24651 24652 24653 24654 24655 24656
3207 24658 24659 24660 24661 24662 24663 24664 24665 24666
3209 24668 24669
3210 24671 24672 24673 24674 24675 24676 24677 24678 24679
3211 24681
3212 24683 24684 24685 24686 24687 24688 24689 24690
3213 24692 24693 24694 24695
3214 24697 24698 24699 24700 24701 24702
3215 24704 24705 24706 24707 24708 24709 24710 24711 24712
3216 24714 24715 24716 24717 24718 24719 24720 24721 24722
3217 24724 24725 24726 24727 24728 24729 24730 24731 24732
3218 24734 24735 24736 24737 24738 24739 24740 24741 24742
3219 24744 24745 24746 24747 24748 24749 24750 24751 24752
3220 24754 24755 24756 24757 24758 24759 24760 24761 24762
3221 24764 24765 24766 24767 24768 24769 24770 24771 24772
3222 24774 24775 24776 24777 24778 24779 24780 24781 24782
3223 24784 24785 24786 24787 24788 24789 24790 24791 24792
3224 24794 24795 24796 24797 24798 24799 24800 24801 24802
3225 24804 24805 24806 24807
3226 24809 24810 24811 24812 24813 24814 24815 24816 24817
3227 24819 24820 24821 24822 24823 24824 24825 24826 24827
3228 24829 24830 24831 24832 24833 24834 24835 24836 24837
3229 24839 24840 24841 24842 24843
3231 24845 24846 24847 24848 24849 24850 24851 24852
3232 24854 24855 24856 24857 24858 24859 24860 24861 24862
3233 24864 24865 24866 24867 24868 24869 24870 24871 24872
3234 24874 24875 24876 24877 24878 24879 24880 24881 24882
3235 24884 24885 24886 24887 24888 24889 24890 24891 24892
3236 24894 24895 24896 24897 24898 24899 24900 24901 24902
3237 24904 24905 24906 24907 24908 24909 24910 24911 24912
3238 24914
3240 24916 24917 24918 24919 24920 24921 24922 24923 24924
3241 24926 24927 24928 24929 24930 24931 24932 24933 24934
3242 24936 24937 24938 24939
3243 24941 24942 24943 24944 24945 24946 24947 24948 24949
3244 24951 24952 24953 24954 24955 24956 24957 24958 24959
3245 24961 24962 24963 24964 24965 24966 24967 24968 24969
3246 24971 24972 24973 24974 24975 24976
3247 24978 24979 24980 24981 24982 24983 24984 24985 24986
3248 24988 24989 24990 24991 24992 24993
3249 24995 24996 24997 24998 24999 25000 25001 25002 25003
3250 25005 25006 25007 25008
3253 25010 25011 25012 25013 25014 25015 25016 25017 25018
3255 25020 25021 25022 25023 25024 25025 25026 25027 25028
3256 25030 25031 25032 25033 25034 25035 25036
3258 25038 25039 25040 25041 25042 25043 25044 25045 25046
3259 25048 25049 25050 25051 25052 25053 25054 25055 25056
3260 25058
3261 25060 25061 25062 25063
3262 25065 25066 25067 25068
3263 25070 25071 25072 25073 25074 25075 25076 25077 25078
3264 25080 25081 25082 25083 25084 25085 25086 25087 25088
3265 25090 25091 25092 25093 25094
3266 25096 25097 25098 25099 25100 25101 25102 25103 25104
3268 25106 25107 25108 25109 25110 25111 25112 25113 25114
3269 25116 25117 25118 25119 25120 25121 25122 25123
3270 25125
3271 25127 25128 25129 25130
3272 25132 25133 25134 25135 25136 25137 25138 25139 25140
3273 25142 25143 25144 25145 25146 25147 25148 25149 25150
3274 25152 25153 25154 25155 25156 25157 25158 25159 25160
3275 25162 25163 25164 25165 25166 25167 25168 25169 25170
3276 25172 25173 25174
3277 25176 25177 25178 25179 25180 25181 25182 25183 25184
3278 25186 25187
3279 25189 25190
3280 25192 25193 25194 25195 25196 25197 25198 25199 25200
3281 25202 25203 25204 25205 25206 25207 25208 25209 25210
3282 25212 25213 25214
3283 25216 25217 25218 25219 25220 25221 25222 25223 25224
3284 25226 25227 25228 25229 25230 25231 25232 25233 25234
3285 25236 25237 25238 25239 25240
3286 25242 25243 25244 25245 25246 25247 25248 25249 25250
3288 25252 25253 25254 25255 25256 25257 25258 25259 25260
3289 25262
3290 25264 25265 25266 25267 25268 25269 25270 25271 25272
3291 25274 25275 25276 25277 25278 25279 25280 25281 25282
3292 25284 25285 25286 25287 25288 25289 25290 25291 25292
3293 25294 25295 25296 25297 25298 25299 25300 25301 25302
3294 25304 25305 25306
3295 25308 25309 25310 25311 25312 25313 25314 25315 25316
3296 25318 25319
3297 25321 25322 25323 25324
3298 25326 25327 25328 25329 25330 25331 25332 25333 25334
3299 25336 25337 25338 25339 25340 25341 25342 25343 25344
3300 25346 25347 25348 25349 25350
3301 25352
3302 25354 25355 25356 25357 25358 25359 25360 25361 25362
3303 25364 25365
3304 25367 25368 25369 25370 25371 25372 25373 25374 25375
3305 25377 25378 25379
3306 25381 25382 25383 25384 25385 25386 25387 25388 25389
3307 25391 25392 25393 25394 25395 25396 25397 25398 25399
3308 25401 25402
3309 25404 25405 25406 25407 25408 25409 25410 25411 25412
3310 25414 25415 25416 25417 25418 25419 25420 25421
3311 25423 25424 25425 25426 25427 25428 25429 25430 25431
3312 25433 25434 25435 25436 25437 25438 25439 25440 25441
3313 25443 25444 25445 25446 25447 25448 25449 25450 25451
3314 25453 25454 25455 25456 25457 25458 25459 25460 25461
3315 25463 25464 25465 25466 25467 25468 25469
3316 25471 25472 25473
3317 25475 25476 25477 25478 25479 25480
3318 25482 25483 25484 25485 25486
3319 25488 25489
3320 25491 25492 25493 25494 25495 25496 25497 25498 25499
3321 25501 25502 25503 25504
3322 25506 25507 25508 25509 25510 25511 25512 25513 25514
3323 25516
3324 25518 25519 25520 25521 25522 25523 25524 25525 25526
3326 25528 25529 25530 25531 25532 25533 25534 25535 25536
3327 25538 25539 25540 25541 25542 25543 25544 25545 25546
3328 25548 25549 25550 25551 25552 25553 25554 25555 25556
3329 25558 25559 25560 25561 25562 25563 25564 25565 25566
3330 25568 25569 25570 25571 25572 25573 25574 25575 25576
3331 25578 25579 25580 25581 25582 25583 25584 25585 25586
3332 25588 25589 25590 25591 25592 25593
3333 25595 25596 25597 25598 25599 25600 25601 25602 25603
3334 25605 25606 25607 25608
3335 25610 25611 25612 25613 25614 25615 25616 25617 25618
3336 25620 25621 25622 25623 25624 25625 25626 25627 25628
3338 25630 25631 25632
3339 25634 25635 25636 25637 25638 25639 25640 25641 25642
3340 25644 25645 25646 25647 25648 25649 25650 25651 25652
3341 25654 25655 25656 25657 25658 25659 25660 25661 25662
3342 25664
3343 25666 25667 25668 25669 25670 25671 25672 25673 25674
3344 25676 25677 25678 25679 25680 25681 25682 25683 25684
3345 25686 25687 25688 25689 25690 25691 25692 25693 25694
3346 25696 25697 25698 25699 25700 25701 25702 25703 25704
3347 25706 25707 25708 25709 25710 25711 25712 25713 25714
3348 25716 25717
3349 25719 25720 25721 25722 25723 25724 25725 25726 25727
3350 25729 25730 25731 25732 25733 25734 25735 25736 25737
3351 25739 25740 25741 25742 25743 25744 25745 25746 25747
3352 25749 25750 25751 25752 25753 25754 25755 25756 25757
3353 25759 25760 25761 25762 25763 25764 25765 25766 25767
3355 25769 25770
3356 25772 25773 25774 25775 25776 25777 25778 25779 25780
3357 25782 25783 25784 25785 25786 25787 25788 25789 25790
3358 25792 25793 25794 25795 25796 25797 25798 25799 25800
3359 25802 25803 25804 25805
3360 25807 25808 25809 25810
3361 25812 25813 25814 25815 25816 25817 25818 25819 25820
3362 25822 25823 25824 25825 25826 25827 25828
3363 25830 25831 25832 25833 25834 25835 25836 25837
3364 25839 25840 25841 25842 25843 25844 25845 25846 25847
3365 25849 25850 25851 25852 25853 25854 25855 25856 25857
3367 25859
3368 25861
3369 25863 25864 25865 25866 25867 25868 25869 25870 25871
3370 25873 25874 25875 25876 25877 25878 25879
3371 25881 25882 25883 25884 25885 25886 25887 25888 25889
3372 25891 25892 25893 25894 25895 25896 25897 25898 25899
3374 25901 25902 25903 25904 25905 25906 25907 25908 25909
3375 25911 25912 25913 25914 25915 25916 25917 25918 25919
3376 25921 25922 25923
3377 25925 25926 25927 25928 25929 25930 25931 25932 25933
3378 25935 25936 25937 25938 25939 25940 25941 25942 25943
3379 25945
3380 25947 25948 25949 25950 25951 25952 25953 25954
3381 25956 25957 25958 25959 25960 25961 25962 25963 25964
3383 25966 25967 25968 25969 25970 25971 25972 25973 25974
3384 25976 25977 25978 25979 25980 25981 25982 25983 25984
3385 25986 25987 25988 25989 25990 25991 25992 25993 25994
3386 25996
3387 25998 25999 26000
3389 26002 26003 26004 26005 26006 26007 26008 26009 26010
3391 26012 26013
3392 26015 26016 26017 26018 26019 26020 26021 26022 26023
3393 26025 26026 26027 26028 26029 26030 26031 26032 26033
3394 26035 26036 26037 26038 26039 26040 26041 26042
3395 26044 26045 26046 26047 26048 26049 26050 26051 26052
3397 26054 26055 26056 26057 26058 26059 26060 26061 26062
3398 26064 26065 26066 26067 26068 26069 26070 26071 26072
3399 26074 26075 26076 26077 26078 26079 26080 26081 26082
3401 26084 26085 26086 26087 26088
3402 26090 26091 26092 26093 26094 26095 26096 26097 26098
3403 26100
3404 26102 26103 26104 26105 26106 26107 26108 26109 26110
3405 26112 26113 26114 26115 26116 26117 26118 26119 26120
3406 26122 26123
3407 26125 26126 26127 26128 26129 26130 26131 26132 26133
3408 26135 26136 26137 26138 26139 26140 26141 26142 26143
3409 26145 26146 26147 26148 26149 26150 26151 26152 26153
3410 26155 26156 26157 26158 26159 26160 26161 26162 26163
3411 26165 26166 26167 26168 26169 26170 26171 26172 26173
3413 26175 26176 26177 26178 26179 26180 26181
3414 26183 26184 26185 26186 26187 26188 26189 26190 26191
3415 26193 26194 26195 26196 26197 26198 26199 26200 26201
3416 26203 26204 26205 26206 26207 26208 26209 26210 26211
3417 26213 26214 26215 26216 26217 26218 26219 26220 26221
3418 26223 26224 26225 26226
3419 26228 26229 26230 26231 26232 26233 26234 26235 26236
3420 26238 26239 26240 26241 26242 26243 26244 26245 26246
3421 26248
3422 26250 26251 26252 26253 26254 26255 26256 26257 26258
3423 26260 26261 26262 26263 26264 26265 26266
3424 26268 26269 26270 26271 26272 26273 26274 26275 26276
3426 26278 26279 26280 26281 26282 26283
3427 26285 26286 26287
3428 26289 26290
3429 26292 26293 26294 26295 26296 26297 26298 26299 26300
3431 26302 26303 26304 26305 26306 26307 26308 26309 26310
3432 26312 26313 26314 26315 26316 26317 26318 26319 26320
3433 26322 26323 26324 26325 26326 26327 26328 26329 26330
3434 26332 26333
3436 26335 26336
3437 26338 26339 26340 26341 26342 26343 26344 26345 26346
3438 26348 26349
3439 26351 26352 26353 26354 26355 26356 26357 26358 26359
3440 26361 26362 26363 26364 26365 26366 26367 26368 26369
3441 26371 26372 26373 26374 26375 26376 26377 26378 26379
3442 26381 26382 26383 26384 26385 26386 26387 26388 26389
3443 26391
3444 26393 26394 26395 26396 26397 26398 26399 26400 26401
3445 26403 26404 26405 26406 26407 26408 26409
3446 26411 26412 26413 26414 26415 26416 26417 26418
3447 26420 26421 26422 26423 26424 26425 26426 26427 26428
3448 26430 26431
3449 26433 26434 26435 26436 26437 26438 26439 26440 26441
3452 26443 26444 26445 26446 26447 26448 26449
3453 26451 26452 26453 26454 26455 26456 26457 26458 26459
3454 26461
3455 26463 26464 26465 26466 26467 26468 26469 26470 26471
3456 26473 26474 26475 26476 26477 26478 26479 26480 26481
3457 26483 26484 26485 26486 26487 26488 26489 26490 26491
3458 26493 26494 26495 26496 26497
3459 26499 26500 26501 26502 26503 26504 26505 26506 26507
3460 26509 26510 26511 26512 26513 26514 26515 26516 26517
3461 26519 26520 26521 26522
3462 26524 26525 26526 26527 26528 26529 26530 26531 26532
3463 26534 26535 26536 26537 26538
3464 26540 26541 26542 26543 26544 26545 26546 26547 26548
3465 26550
3467 26552 26553 26554 26555 26556 26557 26558 26559 26560
3468 26562 26563 26564 26565 26566 26567 26568 26569
3469 26571 26572 26573 26574 26575 26576 26577 26578 26579
3471 26581 26582 26583 26584 26585 26586 26587 26588 26589
3473 26591 26592
3474 26594 26595 26596 26597 26598 26599 26600 26601 26602
3475 26604 26605
3478 26607 26608 26609 26610 26611 26612 26613 26614 26615
3480 26617 26618 26619 26620 26621 26622 26623 26624 26625
3481 26627 26628 26629 26630 26631 26632 26633 26634 26635
3482 26637 26638 26639 26640 26641 26642 26643 26644 26645
3483 26647 26648 26649 26650 26651 26652 26653 26654 26655
3484 26657
3485 26659 26660 26661 26662 26663
3486 26665 26666 26667 26668 26669 26670 26671 26672 26673
3487 26675 26676 26677 26678 26679 26680 26681 26682
3488 26684 26685
3489 26687 26688 26689 26690 26691 26692 26693
3491 26695 26696 26697 26698 26699 26700 26701 26702 26703
3492 26705 26706 26707 26708 26709 26710 26711 26712 26713
3493 26715 26716 26717 26718 26719 26720
3494 26722 26723 26724 26725 26726 26727 26728 26729 26730
3495 26732 26733 26734 26735 26736 26737 26738 26739 26740
3497 26742 26743 26744 26745 26746 26747 26748 26749 26750
3498 26752 26753 26754 26755 26756 26757 26758 26759 26760
3499 26762 26763 26764 26765 26766 26767 26768 26769 26770
3500 26772 26773
3501 26775 26776 26777 26778 26779
3503 26781 26782 26783 26784 26785 26786 26787 26788 26789
3505 26791 26792 26793 26794 26795 26796 26797 26798 26799
3506 26801 26802 26803 26804 26805 26806 26807 26808 26809
3507 26811
3508 26813 26814 26815 26816 26817 26818 26819 26820 26821
3509 26823
3510 26825 26826 26827 26828 26829 26830 26831 26832 26833
3512 26835 26836 26837 26838 26839 26840 26841
3513 26843 26844 26845 26846 26847 26848 26849 26850 26851
3514 26853 26854 26855 26856 26857 26858 26859 26860 26861
3515 26863 26864 26865 26866 26867 26868 26869 26870 26871
3516 26873 26874 26875 26876 26877 26878 26879 26880 26881
3517 26883 26884 26885 26886 26887 26888 26889 26890 26891
3518 26893 26894 26895 26896 26897 26898 26899 26900 26901
3519 26903 26904 26905 26906 26907 26908 26909 26910
3520 26912 26913 26914 26915 26916 26917 26918 26919 26920
3521 26922 26923 26924 26925 26926 26927 26928 26929 26930
3523 26932 26933 26934 26935 26936 26937
3524 26939 26940 26941 26942 26943 26944
3525 26946 26947 26948 26949 26950 26951 26952 26953 26954
3526 26956
3527 26958 26959 26960
3528 26962 26963 26964 26965 26966
3529 26968 26969 26970 26971 26972 26973 26974 26975 26976
3530 26978 26979 26980 26981 26982 26983 26984 26985 26986
3532 26988 26989 26990 26991 26992
3534 26994 26995 26996 26997 26998 26999 27000 27001 27002
3535 27004 27005 27006 27007 27008 27009 27010 27011 27012
3536 27014 27015 27016 27017 27018 27019 27020 27021 27022
3538 27024 27025 27026 27027 27028 27029 27030 27031 27032
3539 27034 27035 27036
3540 27038 27039 27040 27041 27042 27043 27044 27045 27046
3541 27048 27049 27050 27051 27052 27053 27054
3543 27056 27057 27058 27059
3544 27061 27062 27063 27064 27065 27066 27067 27068
3545 27070 27071 27072
3546 27074 27075
3547 27077 27078 27079 27080 27081 27082 27083 27084 27085
3548 27087 27088 27089
3549 27091 27092 27093
3550 27095 27096 27097 27098 27099 27100 27101 27102 27103
3551 27105 27106 27107 27108 27109 27110 27111 27112 27113
3552 27115 27116 27117 27118 27119 27120 27121 27122
3553 27124 27125 27126 27127 27128 27129 27130 27131 27132
3554 27134
3555 27136 27137 27138 27139 27140 27141 27142
3556 27144
3557 27146 27147 27148 27149 27150 27151 27152 27153 27154
3558 27156 27157 27158 27159 27160 27161 27162 27163 27164
3559 27166 27167 27168
3560 27170 27171 27172 27173 27174 27175 27176 27177 27178
3561 27180 27181 27182 27183 27184 27185 27186 27187 27188
3562 27190 27191 27192 27193 27194 27195 27196 27197 27198
3563 27200 27201 27202
3564 27204 27205 27206 27207 27208 27209
3566 27211
3568 27213 27214 27215
3569 27217 27218 27219 27220 27221 27222 27223 27224 27225
3570 27227
3571 27229
3572 27231 27232 27233 27234 27235 27236 27237 27238 27239
3573 27241
3574 27243 27244 27245 27246 27247 27248 27249 27250 27251
3575 27253 27254 27255 27256 27257 27258 27259 27260 27261
3576 27263 27264 27265 27266 27267 27268 27269 27270 27271
3577 27273 27274 27275 27276 27277 27278 27279 27280 27281
3578 27283
3579 27285 27286 27287 27288 27289 27290 27291 27292 27293
3580 27295
3581 27297
3582 27299 27300 27301
3583 27303 27304 27305 27306 27307 27308 27309 27310 27311
3584 27313 27314 27315 27316 27317 27318 27319 27320 27321
3588 27323 27324 27325 27326 27327 27328
3589 27330 27331
3591 27333 27334 27335 27336 27337 27338 27339
3592 27341 27342 27343 27344
3593 27346 27347 27348 27349 27350 27351 27352 27353 27354
3594 27356 27357 27358 27359 27360 27361 27362 27363 27364
3595 27366 27367
3596 27369 27370
3597 27372 27373 27374 27375 27376 27377 27378 27379
3598 27381 27382 27383 27384 27385 27386 27387 27388 27389
3599 27391 27392 27393 27394 27395 27396 27397 27398 27399
3600 27401
3601 27403 27404 27405 27406 27407 27408 27409 27410 27411
3602 27413 27414 27415 27416 27417 27418 27419
3603 27421 27422 27423 27424 27425 27426 27427 27428 27429
3604 27431 27432 27433 27434 27435 27436 27437 27438 27439
3605 27441 27442 27443 27444
3606 27446 27447 27448 27449 27450 27451 27452 27453 27454
3607 27456 27457 27458
3610 27460 27461 27462 27463 27464 27465 27466 27467 27468
3611 27470 27471 27472 27473 27474 27475 27476 27477 27478
3612 27480 27481 27482 27483 27484 27485 27486 27487 27488
3613 27490 27491 27492 27493 27494 27495 27496 27497 27498
3615 27500 27501 27502 27503 27504 27505 27506 27507 27508
3616 27510 27511 27512 27513 27514 27515 27516 27517 27518
3617 27520 27521 27522 27523 27524 27525 27526 27527 27528
3618 27530 27531 27532 27533 27534 27535 27536 27537 27538
3619 27540 27541 27542 27543 27544 27545 27546 27547 27548
3620 27550 27551 27552
3621 27554 27555 27556 27557 27558 27559
3623 27561 27562 27563 27564 27565
3624 27567 27568 27569 27570 27571 27572 27573 27574 27575
3625 27577 27578 27579 27580 27581 27582
3626 27584
3627 27586
3628 27588 27589 27590 27591 27592 27593 27594 27595 27596
3629 27598 27599 27600 27601 27602 27603 27604 27605 27606
3630 27608 27609 27610 27611 27612 27613 27614 27615 27616
3631 27618 27619 27620 27621 27622 27623 27624
3632 27626 27627 27628 27629 27630 27631 27632 27633 27634
3635 27636 27637 27638 27639 27640 27641 27642 27643 27644
3636 27646 27647 27648 27649 27650 27651 27652 27653 27654
3637 27656 27657 27658 27659 27660 27661 27662 27663 27664
3638 27666 27667 27668 27669 27670 27671 27672 27673 27674
3639 27676 27677 27678 27679 27680 27681 27682 27683 27684
3640 27686 27687
3641 27689 27690 27691 27692 27693 27694 27695 27696 27697
3642 27699 27700 27701 27702 27703 27704 27705 27706 27707
3643 27709 27710 27711 27712 27713 27714 27715 27716 27717
3645 27719 27720 27721 27722 27723 27724 27725 27726 27727
3646 27729 27730 27731 27732 27733 27734 27735 27736 27737
3647 27739 27740 27741 27742 27743 27744 27745 27746 27747
3648 27749 27750 27751 27752 27753 27754 27755 27756 27757
3649 27759 27760 27761 27762
3650 27764 27765 27766 27767 27768 27769 27770 27771 27772
3651 27774 27775 27776 27777 27778 27779 27780 27781 27782
3652 27784 27785 27786 27787 27788 27789 27790 27791 27792
3653 27794 27795 27796 27797 27798 27799 27800 27801 27802
3654 27804 27805 27806 27807 27808 27809 27810 27811 27812
3655 27814
3656 27816 27817 27818 27819
3657 27821 27822 27823 27824 27825 27826 27827 27828 27829
3658 27831 27832 27833 27834 27835 27836 27837 27838 27839
3659 27841 27842 27843 27844
3660 27846 27847
3663 27849 27850
3664 27852 27853
3665 27855 27856 27857 27858
3666 27860 27861 27862 27863 27864 27865 27866 27867 27868
3667 27870 27871 27872 27873 27874 27875
3670 27877 27878 27879 27880 27881 27882 27883 27884 27885
3673 27887 27888 27889 27890 27891 27892 27893 27894 27895
3674 27897 27898 27899 27900 27901 27902 27903 27904 27905
3675 27907 27908 27909 27910 27911 27912 27913 27914 27915
3676 27917 27918 27919 27920 27921 27922 27923 27924 27925
3677 27927 27928 27929 27930 27931 27932 27933 27934 27935
3679 27937
3680 27939 27940 27941 27942 27943 27944 27945 27946 27947
3681 27949 27950 27951 27952 27953 27954 27955 27956 27957
3683 27959 27960 27961 27962 27963 27964 27965 27966 27967
3685 27969 27970 27971 27972 27973 27974 27975 27976 27977
3686 27979 27980
3687 27982 27983 27984 27985 27986
3688 27988 27989 27990 27991
3689 27993 27994 27995 27996 27997 27998 27999 28000 28001
3690 28003 28004 28005 28006 28007 28008 28009 28010 28011
3691 28013 28014
3692 28016
3693 28018 28019
3694 28021 28022 28023 28024 28025 28026 28027 28028 28029
3695 28031 28032 28033
3696 28035 28036 28037
3698 28039 28040 28041 28042 28043
3699 28045 28046 28047 28048 28049 28050 28051 28052 28053
3700 28055 28056 28057 28058
3701 28060 28061 28062 28063 28064 28065 28066 28067 28068
3702 28070 28071 28072 28073 28074 28075 28076 28077
3703 28079 28080 28081 28082 28083 28084 28085 28086
3704 28088 28089 28090 28091 28092 28093 28094 28095 28096
3705 28098 28099 28100 28101 28102 28103 28104
3706 28106 28107 28108 28109 28110 28111 28112 28113 28114
3707 28116 28117 28118 28119 28120 28121 28122 28123 28124
3708 28126 28127 28128 28129 28130 28131 28132 28133 28134
3709 28136 28137 28138 28139 28140
3710 28142 28143 28144 28145 28146 28147 28148 28149 28150
3711 28152
3712 28154 28155 28156 28157 28158 28159
3713 28161 28162 28163 28164 28165 28166 28167 28168 28169
3714 28171
3715 28173 28174 28175 28176 28177 28178
3716 28180 28181 28182 28183 28184 28185 28186 28187 28188
3717 28190 28191 28192 28193 28194 28195
3718 28197 28198 28199 28200 28201 28202 28203 28204 28205
3719 28207 28208 28209
3720 28211 28212 28213 28214 28215
3721 28217 28218 28219 28220 28221 28222 28223 28224 28225
3722 28227 28228 28229 28230 28231 28232 28233 28234 28235
3724 28237 28238 28239 28240 28241 28242 28243 28244 28245
3725 28247 28248 28249 28250 28251 28252 28253 28254 28255
3726 28257 28258 28259 28260 28261 28262 28263 28264 28265
3727 28267 28268 28269 28270 28271 28272 28273 28274 28275
3728 28277 28278 28279 28280 28281 28282 28283 28284 28285
3729 28287 28288 28289 28290 28291 28292 28293 28294 28295
3730 28297 28298 28299 28300 28301 28302 28303 28304 28305
3731 28307 28308 28309 28310 28311 28312 28313 28314 28315
3732 28317 28318 28319 28320
3733 28322 28323 28324 28325 28326 28327 28328 28329 28330
3734 28332 28333 28334 28335 28336
3736 28338 28339 28340 28341
3737 28343 28344 28345 28346 28347 28348 28349 28350 28351
3738 28353 28354
3739 28356 28357 28358 28359 28360 28361 28362 28363 28364
3740 28366 28367 28368 28369 28370 28371 28372 28373 28374
3741 28376 28377 28378 28379 28380 28381 28382 28383 28384
3742 28386
3743 28388 28389 28390 28391 28392 28393 28394 28395 28396
3744 28398 28399 28400 28401 28402 28403 28404 28405 28406
3745 28408 28409
3746 28411 28412 28413 28414 28415
3747 28417 28418 28419 28420 28421 28422 28423 28424 28425
3748 28427
3749 28429 28430
3750 28432 28433 28434 28435 28436 28437
3752 28439 28440 28441 28442 28443 28444 28445 28446 28447
3753 28449
3754 28451 28452
3755 28454 28455 28456 28457 28458
3756 28460 28461 28462 28463 28464 28465 28466 28467 28468
3757 28470
3758 28472 28473 28474 28475 28476 28477 28478 28479 28480
3759 28482 28483 28484 28485 28486 28487 28488 28489 28490
3760 28492 28493 28494 28495 28496 28497
3761 28499 28500 28501 28502 28503 28504 28505
3762 28507 28508 28509 28510 28511 28512 28513 28514 28515
3765 28517 28518 28519 28520 28521 28522 28523 28524 28525
3766 28527 28528 28529 28530 28531 28532 28533 28534 28535
3768 28537 28538 28539 28540 28541 28542 28543 28544 28545
3769 28547 28548 28549 28550 28551 28552 28553 28554 28555
3770 28557 28558 28559 28560 28561 28562 28563 28564 28565
3771 28567 28568 28569 28570 28571 28572 28573 28574 28575
3772 28577 28578 28579 28580 28581 28582 28583 28584 28585
3773 28587 28588 28589 28590 28591 28592 28593
3774 28595 28596 28597 28598 28599 28600 28601 28602 28603
3775 28605 28606 28607 28608 28609 28610 28611 28612 28613
3776 28615 28616 28617 28618 28619 28620 28621 28622 28623
3777 28625 28626 28627
3778 28629 28630 28631 28632 28633 28634 28635 28636 28637
3779 28639 28640 28641 28642 28643 28644 28645 28646
3780 28648 28649 28650 28651 28652 28653 28654
3781 28656 28657 28658 28659 28660 28661 28662
3782 28664 28665 28666 28667 28668 28669 28670 28671 28672
3783 28674 28675 28676 28677
3784 28679 28680 28681 28682 28683 28684 28685 28686 28687
3786 28689 28690 28691 28692 28693 28694 28695 28696 28697
3787 28699 28700 28701
3788 28703 28704 28705 28706 28707
3789 28709 28710 28711 28712 28713 28714 28715 28716 28717
3790 28719 28720 28721 28722 28723 28724 28725 28726 28727
3791 28729 28730 28731 28732
3792 28734 28735 28736 28737 28738
3793 28740 28741 28742 28743 28744 28745 28746 28747 28748
3795 28750 28751 28752 28753 28754
3796 28756 28757 28758 28759 28760 28761 28762 28763 28764
3797 28766 28767 28768 28769 28770 28771 28772 28773 28774
3798 28776 28777 28778 28779 28780 28781 28782 28783 28784
3799 28786 28787 28788 28789 28790 28791 28792 28793 28794
3800 28796 28797 28798 28799 28800 28801 28802
3801 28804
3802 28806 28807 28808
3803 28810 28811 28812 28813 28814 28815 28816 28817 28818
3804 28820 28821 28822 28823 28824 28825 28826 28827 28828
3805 28830 28831 28832 28833 28834 28835 28836 28837 28838
3806 28840
3807 28842 28843 28844 28845 28846
3808 28848 28849 28850 28851 28852 28853 28854 28855 28856
3809 28858 28859
3810 28861 28862 28863 28864 28865
3813 28867 28868 28869 28870 28871 28872 28873 28874 28875
3814 28877 28878 28879 28880 28881 28882 28883 28884 28885
3815 28887 28888 28889 28890 28891 28892 28893 28894
3816 28896 28897 28898 28899 28900 28901 28902 28903 28904
3817 28906 28907 28908 28909 28910 28911 28912 28913 28914
3818 28916 28917 28918 28919 28920 28921 28922 28923 28924
3819 28926 28927 28928 28929 28930 28931 28932 28933 28934
3820 28936 28937 28938 28939 28940 28941 28942 28943 28944
3821 28946 28947 28948
3823 28950 28951 28952 28953 28954 28955 28956 28957 28958
3824 28960 28961 28962 28963 28964 28965 28966 28967 28968
3825 28970 28971 28972 28973 28974 28975 28976 28977 28978
3826 28980 28981 28982 28983 28984 28985 28986 28987 28988
3827 28990 28991 28992
3828 28994 28995 28996 28997 28998 28999 29000 29001 29002
3829 29004 29005 29006 29007 29008 29009 29010 29011 29012
3830 29014 29015 29016 29017 29018 29019 29020 29021 29022
3832 29024 29025 29026 29027 29028 29029 29030 29031 29032
3833 29034 29035 29036 29037 29038 29039 29040 29041 29042
3834 29044 29045 29046 29047 29048 29049 29050 29051 29052
3835 29054 29055 29056
3836 29058 29059 29060 29061 29062 29063 29064 29065
3837 29067 29068 29069 29070
3838 29072 29073 29074 29075 29076 29077 29078 29079 29080
3840 29082 29083 29084 29085 29086 29087
3841 29089 29090 29091
3842 29093 29094 29095 29096
3843 29098 29099 29100 29101 29102 29103 29104 29105 29106
3844 29108
3845 29110
3847 29112 29113 29114 29115 29116 29117 29118 29119 29120
3848 29122 29123
3849 29125 29126 29127 29128 29129 29130 29131 29132 29133
3850 29135 29136 29137 29138 29139 29140 29141 29142 29143
3851 29145 29146 29147 29148 29149 29150 29151 29152 29153
3852 29155 29156 29157 29158 29159 29160 29161 29162 29163
3854 29165 29166 29167
3855 29169 29170 29171 29172 29173 29174 29175 29176 29177
3856 29179 29180 29181 29182 29183 29184 29185 29186
3857 29188 29189 29190 29191 29192 29193 29194 29195 29196
3859 29198 29199 29200
3860 29202 29203 29204 29205 29206 29207 29208 29209 29210
3861 29212 29213 29214 29215 29216 29217 29218 29219 29220
3862 29222 29223 29224 29225 29226 29227 29228 29229 29230
3863 29232
3865 29234
3866 29236 29237 29238 29239 29240 29241 29242 29243 29244
3867 29246 29247 29248 29249 29250 29251 29252 29253 29254
3869 29256 29257
3870 29259 29260 29261 29262 29263 29264
3871 29266 29267 29268 29269 29270 29271 29272 29273 29274
3873 29276 29277 29278 29279 29280 29281 29282 29283 29284
3874 29286 29287 29288 29289 29290 29291
3875 29293 29294 29295 29296 29297 29298 29299 29300 29301
3876 29303 29304 29305 29306 29307 29308 29309 29310 29311
3877 29313 29314 29315 29316 29317 29318 29319
3878 29321 29322 29323 29324 29325 29326 29327 29328 29329
3879 29331 29332 29333 29334 29335 29336 29337 29338 29339
3880 29341 29342 29343 29344 29345 29346 29347 29348
3881 29350 29351 29352 29353 29354 29355 29356 29357 29358
3883 29360 29361
3884 29363 29364 29365 29366 29367 29368
3885 29370 29371
3886 29373 29374 29375 29376 29377 29378 29379 29380 29381
3887 29383 29384 29385 29386 29387 29388 29389
3888 29391 29392 29393 29394 29395 29396 29397 29398 29399
3889 29401 29402 29403 29404 29405 29406 29407 29408 29409
3890 29411 29412 29413 29414 29415 29416 29417 29418
3891 29420
3892 29422 29423 29424 29425 29426 29427 29428 29429 29430
3893 29432 29433 29434 29435 29436 29437 29438 29439 29440
3894 29442 29443 29444 29445 29446 29447 29448 29449 29450
3895 29452 29453 29454 29455 29456 29457 29458
3896 29460 29461 29462 29463
3897 29465 29466 29467 29468 29469 29470 29471 29472 29473
3899 29475 29476 29477 29478 29479 29480
3900 29482 29483 29484 29485 29486 29487 29488 29489 29490
3902 29492
3903 29494 29495 29496 29497 29498 29499 29500 29501
3905 29503 29504 29505 29506 29507 29508 29509 29510 29511
3906 29513
3907 29515 29516 29517 29518 29519
3908 29521 29522
3909 29524 29525 29526 29527 29528 29529 29530 29531 29532
3910 29534 29535 29536 29537 29538 29539 29540 29541 29542
3911 29544 29545 29546 29547 29548
3912 29550 29551 29552 29553 29554 29555 29556 29557 29558
3913 29560 29561 29562 29563 29564 29565 29566 29567 29568
3914 29570 29571 29572 29573 29574 29575 29576 29577 29578
3915 29580 29581 29582 29583 29584 29585 29586 29587 29588
3916 29590 29591 29592 29593 29594 29595 29596 29597 29598
3917 29600 29601 29602 29603 29604 29605 29606 29607 29608
3918 29610 29611 29612 29613
3919 29615 29616 29617 29618 29619 29620 29621 29622 29623
3921 29625 29626 29627 29628 29629 29630 29631 29632 29633
3922 29635 29636 29637 29638 29639 29640 29641 29642 29643
3923 29645 29646 29647 29648 29649 29650
3924 29652 29653 29654 29655 29656 29657 29658 29659 29660
3925 29662 29663 29664 29665 29666 29667 29668 29669
3926 29671 29672 29673 29674 29675 29676 29677 29678 29679
3927 29681 29682 29683 29684 29685 29686 29687 29688 29689
3928 29691 29692 29693 29694 29695
3929 29697 29698 29699 29700 29701 29702 29703 29704 29705
3930 29707 29708 29709 29710 29711 29712 29713 29714 29715
3931 29717 29718 29719 29720 29721 29722
3932 29724 29725 29726
3933 29728 29729 29730 29731 29732 29733 29734 29735 29736
3934 29738 29739 29740 29741 29742 29743 29744 29745 29746
3935 29748 29749 29750 29751 29752 29753
3936 29755 29756 29757
3937 29759 29760 29761 29762 29763 29764 29765 29766
3938 29768
3939 29770 29771 29772 29773 29774 29775
3940 29777 29778 29779 29780 29781 29782 29783 29784 29785
3941 29787 29788 29789 29790 29791 29792 29793 29794 29795
3942 29797 29798
3943 29800
3945 29802 29803 29804 29805 29806 29807 29808 29809 29810
3947 29812 29813 29814 29815 29816 29817 29818 29819 29820
3948 29822
3949 29824 29825 29826 29827 29828 29829 29830 29831 29832
3950 29834 29835 29836 29837 29838 29839 29840 29841 29842
3951 29844 29845 29846 29847 29848
3952 29850 29851 29852 29853 29854 29855
3953 29857 29858 29859 29860 29861 29862 29863 29864
3954 29866 29867 29868 29869 29870 29871 29872 29873 29874
3955 29876 29877 29878 29879 29880 29881 29882 29883 29884
3957 29886 29887 29888 29889 29890 29891 29892 29893 29894
3958 29896 29897 29898 29899 29900 29901 29902 29903 29904
3959 29906 29907 29908 29909 29910 29911 29912 29913 29914
3960 29916 29917 29918 29919 29920 29921 29922 29923 29924
3961 29926 29927 29928 29929 29930 29931 29932 29933 29934
3963 29936
3964 29938 29939 29940 29941 29942 29943 29944 29945 29946
3965 29948 29949
3966 29951 29952 29953 29954 29955 29956 29957 29958
3967 29960 29961 29962 29963 29964 29965 29966 29967 29968
3968 29970 29971 29972 29973 29974 29975 29976 29977 29978
3969 29980
3970 29982 29983 29984 29985 29986 29987 29988 29989 29990
3971 29992 29993 29994
3973 29996 29997 29998 29999 30000 30001 30002 30003
3974 30005 30006 30007 30008 30009 30010 30011 30012 30013
3975 30015 30016 30017 30018 30019 30020 30021 30022 30023
3976 30025
3977 30027 30028 30029 30030 30031 30032 30033 30034 30035
3978 30037 30038 30039 30040 30041 30042 30043 30044 30045
3979 30047 30048 30049 30050
3980 30052 30053 30054 30055 30056 30057 30058 30059 30060
3981 30062 30063 30064 30065 30066 30067 30068 30069 30070
3982 30072 30073 30074 30075 30076 30077 30078 30079 30080
3985 30082 30083 30084 30085 30086 30087
3986 30089 30090 30091 30092 30093 30094 30095 30096 30097
3987 30099
3988 30101 30102 30103 30104 30105 30106 30107 30108
3989 30110 30111 30112 30113 30114 30115 30116 30117 30118
3990 30120 30121 30122
3991 30124 30125 30126 30127
3992 30129 30130 30131 30132 30133 30134
3994 30136 30137 30138
3995 30140 30141 30142 30143 30144 30145 30146 30147 30148
3996 30150
3997 30152 30153 30154 30155 30156 30157 30158 30159 30160
3998 30162 30163 30164 30165 30166
3999 30168 30169 30170 30171 30172
4000 30174 30175 30176 30177 30178 30179 30180 30181 30182
4001 30184 30185
4002 30187 30188 30189
4003 30191 30192 30193
4004 30195 30196 30197 30198 30199 30200 30201 30202 30203
4005 30205 30206
4006 30208 30209
4007 30211 30212 30213
4008 30215 30216 30217 30218 30219 30220 30221
4009 30223 30224 30225
4010 30227 30228 30229
4012 30231 30232 30233 30234 30235 30236 30237 30238 30239
4013 30241 30242 30243 30244 30245 30246 30247 30248 30249
4014 30251 30252 30253 30254 30255 30256 30257 30258 30259
4015 30261 30262 30263 30264 30265 30266 30267
4016 30269
4017 30271 30272 30273 30274 30275 30276 30277 30278 30279
4018 30281 30282 30283 30284 30285 30286 30287
4019 30289 30290 30291 30292 30293 30294 30295 30296 30297
4020 30299 30300
4023 30302 30303 30304 30305 30306 30307 30308 30309 30310
4024 30312 30313 30314 30315 30316 30317 30318 30319 30320
4025 30322 30323 30324 30325 30326 30327 30328 30329 30330
4026 30332 30333 30334 30335 30336 30337 30338 30339 30340
4027 30342
4028 30344 30345 30346 30347 30348 30349 30350 30351 30352
4029 30354 30355 30356 30357 30358 30359
4030 30361 30362 30363 30364 30365 30366 30367 30368 30369
4031 30371 30372 30373 30374 30375 30376 30377
4032 30379 30380 30381 30382 30383 30384 30385 30386 30387
4033 30389 30390 30391 30392 30393 30394 30395 30396 30397
4035 30399
4036 30401 30402 30403 30404 30405 30406 30407 30408 30409
4037 30411 30412 30413 30414 30415 30416 30417 30418 30419
4038 30421
4039 30423 30424 30425 30426 30427 30428 30429 30430 30431
4040 30433 30434 30435
4041 30437 30438 30439 30440 30441 30442 30443 30444 30445
4042 30447 30448 30449 30450 30451 30452 30453 30454 30455
4043 30457 30458 30459 30460 30461 30462 30463 30464 30465
4045 30467 30468 30469 30470 30471 30472 30473 30474 30475
4046 30477 30478 30479 30480 30481 30482 30483 30484 30485
4047 30487 30488 30489 30490
4048 30492 30493 30494 30495 30496 30497 30498 30499 30500
4050 30502 30503 30504 30505 30506 30507 30508 30509 30510
4051 30512 30513 30514 30515 30516 30517 30518 30519 30520
4052 30522 30523 30524 30525 30526 30527 30528 30529 30530
4053 30532 30533
4054 30535 30536 30537 30538 30539 30540 30541 30542 30543
4055 30545
4056 30547 30548 30549 30550 30551 30552 30553 30554 30555
4057 30557
4058 30559 30560 30561 30562 30563 30564 30565 30566 30567
4059 30569 30570 30571 30572
4060 30574 30575 30576 30577 30578 30579 30580 30581 30582
4061 30584 30585 30586 30587 30588 30589 30590 30591 30592
4062 30594 30595 30596 30597 30598 30599 30600 30601 30602
4063 30604 30605 30606 30607 30608 30609 30610 30611 30612
4064 30614 30615 30616 30617 30618 30619 30620 30621 30622
4065 30624 30625 30626 30627 30628 30629 30630 30631 30632
4066 30634 30635
4067 30637 30638 30639 30640 30641 30642 30643 30644 30645
4068 30647 30648 30649 30650
4069 30652 30653 30654 30655 30656 30657 30658 30659 30660
4070 30662
4071 30664 30665 30666 30667 30668 30669
4072 30671 30672 30673 30674 30675 30676 30677 30678 30679
4074 30681 30682 30683 30684 30685 30686 30687 30688 30689
4075 30691
4076 30693 30694 30695 30696 30697 30698 30699 30700 30701
4077 30703 30704 30705
4078 30707 30708 30709 30710 30711 30712 30713 30714 30715
4079 30717 30718 30719 30720 30721
4080 30723 30724 30725 30726 30727 30728 30729 30730 30731
4081 30733
4082 30735
4083 30737 30738 30739 30740 30741 30742 30743 30744 30745
4085 30747 30748 30749 30750 30751 30752 30753 30754 30755
4086 30757 30758
4087 30760 30761 30762 30763
4088 30765 30766 30767 30768 30769
4089 30771 30772 30773 30774 30775 30776 30777 30778 30779
4090 30781 30782 30783 30784 30785 30786 30787 30788 30789
4091 30791 30792
4092 30794 30795 30796 30797 30798 30799 30800 30801 30802
4093 30804 30805 30806 30807 30808
4094 30810 30811 30812 30813 30814 30815 30816 30817 30818
4095 30820 30821 30822 30823 30824 30825 30826 30827 30828
4096 30830 30831 30832 30833 30834 30835 30836 30837 30838
4097 30840 30841 30842 30843 30844 30845 30846 30847 30848
4099 30850 30851
4101 30853 30854 30855 30856
4102 30858 30859 30860 30861 30862 30863 30864 30865 30866
4103 30868 30869 30870 30871 30872 30873 30874 30875 30876
4106 30878 30879 30880 30881
4107 30883 30884 30885 30886 30887
4108 30889 30890 30891 30892 30893 30894 30895 30896 30897
4109 30899 30900 30901 30902 30903 30904 30905 30906 30907
4110 30909 30910
4112 30912 30913 30914 30915 30916 30917 30918 30919 30920
4113 30922 30923 30924 30925 30926 30927 30928 30929 30930
4115 30932 30933
4116 30935 30936 30937 30938 30939 30940 30941 30942 30943
4117 30945 30946 30947 30948 30949 30950 30951 30952 30953
4118 30955 30956
4119 30958 30959 30960 30961 30962 30963 30964 30965 30966
4120 30968 30969
4121 30971 30972 30973 30974
4122 30976 30977 30978 30979 30980 30981 30982 30983 30984
4123 30986 30987 30988 30989 30990 30991 30992 30993 30994
4124 30996 30997 30998 30999 31000 31001 31002 31003 31004
4125 31006 31007 31008 31009 31010 31011 31012 31013 31014
4126 31016 31017 31018 31019 31020 31021 31022 31023 31024
4127 31026 31027 31028 31029 31030 31031 31032 31033 31034
4128 31036 31037 31038 31039 31040
4129 31042
4130 31044 31045 31046 31047 31048 31049 31050 31051 31052
4131 31054 31055 31056 31057 31058 31059 31060 31061 31062
4132 31064 31065 31066 31067 31068 31069 31070
4133 31072 31073 31074 31075 31076 31077 31078 31079 31080
4134 31082 31083 31084
4135 31086 31087 31088 31089 31090 31091 31092 31093 31094
4136 31096 31097 31098
4137 31100 31101 31102 31103 31104 31105 31106 31107 31108
4138 31110 31111 31112 31113 31114
4139 31116 31117
4140 31119 31120 31121 31122 31123 31124 31125 31126 31127
4141 31129 31130 31131 31132 31133 31134 31135 31136 31137
4142 31139
4143 31141 31142 31143 31144 31145 31146 31147 31148 31149
4144 31151 31152 31153 31154 31155 31156 31157 31158 31159
4145 31161 31162 31163 31164 31165 31166 31167 31168 31169
4146 31171 31172 31173 31174 31175 31176 31177 31178
4147 31180 31181 31182 31183 31184 31185 31186 31187 31188
4148 31190 31191 31192 31193 31194 31195 31196 31197 31198
4149 31200 31201 31202 31203 31204 31205 31206 31207 31208
4151 31210 31211
4152 31213 31214 31215 31216 31217 31218 31219 31220 31221
4153 31223 31224 31225 31226 31227 31228 31229 31230 31231
4154 31233 31234 31235
4155 31237 31238 31239 31240 31241 31242 31243 31244 31245
4156 31247 31248 31249 31250 31251
4157 31253 31254 31255 31256 31257 31258 31259 31260 31261
4158 31263 31264 31265 31266
4160 31268 31269 31270
4161 31272 31273 31274 31275 31276 31277 31278 31279 31280
4163 31282 31283 31284 31285 31286 31287 31288 31289 31290
4164 31292 31293 31294
4165 31296
4166 31298 31299 31300
4167 31302 31303 31304 31305 31306 31307 31308 31309 31310
4168 31312 31313 31314 31315 31316 31317 31318 31319 31320
4169 31322 31323 31324 31325 31326
4170 31328 31329 31330 31331
4171 31333 31334 31335 31336 31337 31338 31339 31340 31341
4172 31343 31344 31345 31346 31347 31348 31349 31350
4173 31352 31353 31354 31355 31356 31357 31358 31359 31360
4174 31362 31363
4175 31365 31366 31367 31368 31369 31370 31371 31372 31373
4176 31375 31376 31377 31378 31379 31380 31381 31382 31383
4177 31385
4179 31387 31388 31389 31390 31391 31392 31393 31394 31395
4180 31397 31398 31399 31400 31401 31402 31403 31404 31405
4181 31407 31408 31409 31410 31411 31412 31413 31414 31415
4182 31417 31418 31419
4183 31421 31422 31423 31424 31425 31426 31427 31428 31429
4184 31431 31432 31433 31434 31435 31436 31437 31438 31439
4185 31441 31442 31443 31444 31445 31446 31447 31448 31449
4186 31451 31452 31453 31454 31455 31456 31457 31458 31459
4187 31461
4188 31463 31464 31465 31466 31467 31468 31469 31470 31471
4189 31473 31474 31475 31476 31477 31478 31479 31480 31481
4190 31483 31484 31485 31486 31487 31488 31489
4191 31491 31492 31493 31494 31495
4192 31497 31498 31499 31500 31501 31502 31503 31504 31505
4193 31507 31508 31509 31510 31511 31512 31513
4194 31515 31516 31517 31518 31519 31520 31521 31522 31523
4195 31525 31526 31527 31528 31529 31530 31531 31532 31533
4196 31535 31536 31537 31538 31539
4197 31541 31542 31543 31544 31545
4198 31547 31548 31549 31550 31551
4199 31553 31554 31555 31556 31557 31558 31559 31560 31561
4200 31563 31564 31565
4201 31567 31568 31569
4202 31571 31572
4203 31574 31575 31576 31577 31578 31579 31580 31581 31582
4204 31584 31585 31586 31587 31588 31589 31590 31591 31592
4205 31594 31595 31596 31597 31598 31599 31600 31601 31602
4206 31604 31605 31606 31607 31608 31609
4207 31611 31612 31613 31614
4209 31616 31617 31618 31619 31620 31621 31622 31623 31624
4210 31626 31627 31628 31629 31630 31631
4212 31633 31634 31635 31636 31637 31638 31639 31640 31641
4213 31643 31644 31645 31646 31647 31648 31649 31650 31651
4214 31653 31654 31655 31656 31657
4215 31659 31660 31661 31662
4216 31664 31665
4217 31667 31668 31669 31670 31671
4218 31673 31674 31675 31676 31677 31678 31679 31680
4219 31682 31683 31684 31685 31686 31687 31688 31689 31690
4220 31692 31693 31694 31695 31696 31697 31698 31699 31700
4221 31702 31703 31704
4222 31706 31707 31708 31709 31710 31711 31712 31713 31714
4224 31716 31717 31718 31719 31720 31721 31722 31723 31724
4225 31726 31727 31728 31729 31730 31731 31732 31733 31734
4226 31736 31737 31738 31739 31740 31741 31742 31743 31744
4227 31746 31747 31748 31749 31750 31751 31752 31753 31754
4228 31756 31757 31758 31759
4229 31761 31762 31763 31764 31765 31766
4230 31768 31769 31770 31771 31772 31773 31774 31775 31776
4231 31778 31779 31780 31781 31782 31783 31784
4232 31786 31787 31788 31789 31790 31791 31792 31793 31794
4233 31796 31797 31798 31799 31800 31801 31802 31803 31804
4234 31806 31807 31808 31809 31810 31811 31812 31813 31814
4235 31816
4236 31818 31819 31820 31821 31822
4237 31824 31825 31826 31827 31828 31829 31830 31831 31832
4238 31834 31835 31836 31837 31838 31839 31840 31841 31842
4239 31844 31845 31846
4240 31848 31849 31850 31851 31852 31853 31854 31855 31856
4242 31858 31859 31860 31861 31862 31863 31864 31865 31866
4243 31868 31869 31870 31871 31872 31873 31874 31875 31876
4244 31878 31879 31880 31881 31882 31883 31884
4245 31886 31887 31888 31889 31890 31891 31892 31893 31894
4246 31896 31897 31898 31899 31900
4247 31902 31903 31904 31905 31906 31907 31908 31909 31910
4248 31912 31913 31914 31915 31916 31917 31918 31919 31920
4250 31922 31923
4251 31925 31926 31927 31928 31929 31930 31931 31932 31933
4252 31935 31936 31937 31938 31939 31940 31941 31942 31943
4253 31945 31946 31947 31948 31949 31950
4254 31952 31953 31954 31955 31956 31957 31958 31959 31960
4256 31962 31963 31964 31965 31966 31967 31968 31969 31970
4257 31972 31973 31974 31975 31976 31977 31978 31979 31980
4258 31982 31983 31984 31985 31986 31987 31988 31989 31990
4260 31992 31993 31994 31995 31996 31997 31998 31999 32000
4261 32002 32003 32004 32005 32006 32007 32008 32009 32010
4262 32012 32013
4263 32015 32016 32017 32018 32019
4265 32021 32022 32023 32024
4266 32026 32027 32028 32029 32030 32031 32032 32033 32034
4268 32036 32037 32038 32039 32040 32041 32042 32043 32044
4269 32046 32047 32048 32049 32050 32051 32052 32053 32054
4270 32056 32057 32058 32059 32060 32061 32062 32063 32064
4272 32066 32067 32068 32069 32070 32071 32072 32073 32074
4273 32076 32077 32078 32079 32080 32081 32082 32083 32084
4274 32086 32087
4275 32089 32090 32091 32092 32093
4276 32095 32096 32097 32098
4277 32100 32101 32102 32103 32104 32105 32106 32107 32108
4278 32110 32111 32112 32113 32114 32115 32116 32117
4279 32119 32120 32121 32122 32123 32124 32125 32126 32127
4280 32129 32130 32131
4281 32133 32134 32135 32136 32137
4282 32139 32140 32141 32142 32143 32144 32145 32146 32147
4283 32149 32150 32151 32152 32153 32154 32155 32156 32157
4284 32159 32160 32161 32162 32163 32164 32165 32166 32167
4285 32169 32170 32171 32172 32173 32174 32175 32176 32177
4286 32179 32180
4287 32182 32183 32184 32185 32186 32187 32188 32189 32190
4288 32192 32193 32194 32195
4290 32197 32198 32199 32200 32201 32202 32203 32204 32205
4291 32207 32208 32209 32210 32211 32212 32213 32214 32215
4292 32217 32218 32219 32220 32221 32222 32223 32224 32225
4293 32227 32228 32229 32230 32231 32232 32233 32234 32235
4294 32237 32238 32239 32240 32241 32242 32243 32244 32245
4296 32247
4298 32249 32250
4300 32252 32253 32254 32255 32256
4301 32258 32259
4302 32261 32262 32263 32264 32265 32266 32267 32268 32269
4303 32271 32272 32273
4305 32275 32276 32277 32278 32279 32280 32281 32282 32283
4306 32285 32286 32287 32288 32289 32290 32291 32292 32293
4308 32295 32296 32297 32298 32299 32300 32301 32302 32303
4309 32305 32306 32307 32308 32309 32310 32311 32312 32313
4310 32315 32316 32317 32318 32319 32320 32321 32322 32323
4311 32325 32326 32327 32328 32329
4313 32331 32332 32333 32334 32335 32336 32337 32338 32339
4314 32341 32342 32343 32344
4315 32346 32347 32348 32349 32350 32351 32352 32353
4316 32355 32356 32357 32358 32359 32360
4317 32362 32363 32364 32365 32366
4318 32368 32369 32370 32371 32372 32373 32374 32375 32376
4319 32378 32379 32380 32381 32382 32383
4320 32385 32386
4321 32388 32389 32390 32391 32392 32393
4322 32395 32396 32397 32398 32399 32400 32401 32402 32403
4323 32405 32406 32407 32408 32409 32410 32411 32412 32413
4326 32415 32416 32417 32418 32419 32420 32421 32422 32423
4327 32425 32426 32427 32428 32429 32430 32431 32432 32433
4328 32435 32436 32437 32438 32439 32440 32441 32442 32443
4330 32445 32446 32447 32448 32449 32450 32451 32452 32453
4332 32455 32456 32457 32458 32459
4333 32461 32462 32463
4334 32465 32466 32467 32468 32469 32470 32471 32472 32473
4335 32475 32476 32477 32478
4336 32480 32481 32482
4337 32484 32485 32486 32487 32488 32489 32490 32491 32492
4339 32494 32495 32496 32497 32498 32499 32500 32501 32502
4340 32504 32505 32506 32507 32508 32509 32510 32511 32512
4341 32514 32515 32516 32517 32518 32519 32520
4342 32522 32523
4343 32525
4344 32527 32528 32529 32530 32531 32532 32533 32534 32535
4345 32537 32538 32539 32540 32541 32542 32543 32544 32545
4347 32547 32548 32549 32550 32551 32552 32553
4348 32555
4349 32557 32558 32559 32560 32561
4350 32563 32564 32565 32566 32567 32568 32569 32570 32571
4351 32573
4353 32575 32576 32577 32578 32579 32580 32581 32582 32583
4354 32585 32586 32587 32588 32589 32590 32591 32592 32593
4355 32595 32596 32597 32598 32599 32600 32601 32602 32603
4356 32605 32606 32607
4357 32609 32610 32611 32612 32613 32614 32615 32616 32617
4358 32619 32620 32621
4359 32623 32624 32625 32626 32627 32628 32629 32630 32631
4360 32633 32634 32635 32636 32637 32638 32639 32640 32641
4363 32643 32644 32645 32646 32647 32648 32649 32650 32651
4364 32653 32654 32655
4365 32657 32658 32659 32660 32661 32662
4366 32664
4367 32666 32667 32668 32669 32670 32671 32672 32673 32674
4368 32676 32677 32678 32679 32680
4369 32682 32683
4370 32685 32686 32687 32688 32689 32690 32691 32692 32693
4371 32695 32696 32697 32698 32699 32700 32701 32702 32703
4372 32705 32706 32707 32708 32709 32710 32711 32712 32713
4374 32715 32716 32717 32718 32719 32720 32721 32722 32723
4377 32725 32726 32727 32728 32729 32730 32731 32732 32733
4378 32735 32736 32737 32738 32739 32740 32741 32742 32743
4379 32745 32746 32747 32748 32749 32750 32751 32752 32753
4381 32755 32756 32757 32758 32759 32760 32761 32762 32763
4382 32765 32766 32767 32768 32769
4383 32771 32772 32773 32774 32775 32776 32777 32778 32779
4384 32781 32782 32783
4385 32785 32786 32787 32788 32789 32790 32791 32792 32793
4386 32795 32796 32797 32798 32799
4387 32801 32802 32803 32804 32805 32806 32807 32808 32809
4388 32811
4389 32813 32814 32815 32816 32817 32818 32819 32820 32821
4390 32823 32824 32825 32826 32827 32828 32829 32830 32831
4391 32833 32834 32835 32836 32837 32838 32839 32840 32841
4392 32843 32844 32845 32846 32847 32848 32849 32850 32851
4393 32853 32854 32855
4394 32857 32858 32859 32860 32861 32862 32863 32864 32865
4396 32867 32868 32869 32870
4397 32872 32873 32874
4399 32876 32877 32878 32879 32880 32881 32882 32883
4400 32885 32886 32887 32888
4401 32890 32891 32892 32893 32894 32895 32896
4402 32898 32899 32900 32901 32902 32903 32904 32905 32906
4403 32908 32909 32910 32911
4404 32913
4405 32915 32916 32917 32918 32919 32920 32921 32922 32923
4406 32925 32926 32927 32928 32929 32930 32931 32932 32933
4407 32935
4408 32937 32938 32939 32940 32941 32942
4410 32944 32945 32946 32947 32948 32949 32950 32951 32952
4412 32954 32955 32956 32957 32958 32959 32960 32961 32962
4413 32964
4414 32966 32967 32968 32969 32970 32971 32972 32973 32974
4415 32976
4416 32978 32979 32980 32981 32982 32983 32984
4418 32986 32987 32988 32989 32990
4419 32992 32993 32994 32995 32996 32997 32998 32999 33000
4420 33002 33003 33004 33005 33006 33007 33008 33009
4423 33011 33012 33013 33014 33015 33016 33017 33018 33019
4424 33021
4425 33023
4426 33025 33026 33027 33028 33029 33030 33031 33032 33033
4427 33035 33036 33037 33038 33039 33040 33041
4428 33043 33044 33045 33046 33047 33048 33049 33050 33051
4429 33053
4430 33055 33056 33057 33058 33059 33060 33061 33062 33063
4431 33065 33066 33067 33068 33069
4432 33071 33072 33073 33074 33075 33076 33077 33078 33079
4433 33081 33082 33083 33084 33085 33086 33087 33088 33089
4434 33091 33092 33093
4435 33095 33096 33097 33098 33099 33100 33101 33102
4436 33104 33105 33106 33107 33108 33109 33110 33111 33112
4437 33114 33115 33116 33117 33118 33119 33120 33121 33122
4438 33124 33125 33126
4439 33128 33129 33130 33131 33132 33133 33134 33135 33136
4440 33138 33139 33140 33141 33142 33143 33144 33145 33146
4441 33148 33149 33150 33151 33152 33153 33154 33155
4442 33157 33158 33159 33160 33161 33162 33163 33164 33165
4443 33167
4444 33169 33170 33171 33172 33173 33174 33175 33176 33177
4445 33179 33180 33181 33182 33183 33184 33185 33186 33187
4446 33189
4447 33191 33192 33193 33194 33195 33196 33197 33198 33199
4448 33201 33202 33203 33204 33205 33206 33207 33208 33209
4449 33211 33212 33213 33214 33215 33216 33217
4451 33219 33220 33221 33222 33223 33224 33225 33226 33227
4452 33229 33230 33231 33232 33233 33234 33235 33236 33237
4453 33239 33240 33241 33242 33243 33244 33245 33246 33247
4454 33249 33250 33251 33252 33253 33254 33255 33256 33257
4456 33259 33260 33261 33262 33263 33264 33265 33266 33267
4457 33269 33270 33271 33272
4458 33274 33275 33276 33277 33278 33279 33280 33281 33282
4459 33284 33285 33286 33287 33288
4461 33290 33291 33292 33293 33294 33295 33296 33297 33298
4462 33300 33301 33302 33303 33304 33305 33306 33307 33308
4463 33310 33311 33312 33313 33314 33315 33316 33317 33318
4464 33320 33321 33322 33323 33324 33325 33326
4465 33328
4466 33330 33331 33332 33333 33334 33335 33336 33337 33338
4467 33340 33341
4468 33343 33344 33345 33346 33347 33348 33349 33350 33351
4469 33353 33354 33355
4470 33357 33358 33359 33360 33361 33362 33363 33364
4471 33366 33367
4472 33369 33370 33371 33372 33373 33374 33375
4473 33377 33378 33379 33380 33381 33382 33383 33384 33385
4474 33387 33388 33389 33390 33391 33392 33393 33394 33395
4476 33397 33398 33399 33400 33401 33402 33403 33404 33405
4478 33407 33408 33409 33410 33411 33412 33413 33414 33415
4479 33417 33418 33419 33420 33421 33422 33423 33424 33425
4480 33427 33428 33429 33430 33431 33432
4481 33434 33435 33436 33437 33438 33439 33440 33441 33442
4482 33444 33445 33446 33447
4483 33449 33450 33451 33452 33453 33454 33455 33456 33457
4485 33459 33460 33461 33462 33463 33464 33465 33466 33467
4486 33469 33470 33471 33472 33473 33474 33475 33476 33477
4487 33479 33480 33481 33482 33483 33484 33485 33486 33487
4488 33489 33490 33491 33492
4491 33494 33495 33496 33497 33498 33499 33500 33501 33502
4492 33504 33505 33506 33507 33508 33509 33510 33511 33512
4493 33514 33515 33516 33517 33518 33519 33520 33521 33522
4494 33524 33525
4495 33527 33528 33529 33530 33531 33532 33533 33534 33535
4496 33537 33538
4497 33540 33541 33542
4498 33544 33545 33546
4499 33548 33549 33550 33551 33552 33553 33554 33555 33556
4500 33558 33559 33560 33561 33562 33563 33564 33565 33566
4501 33568 33569 33570 33571 33572 33573 33574 33575
4502 33577 33578
4503 33580 33581 33582 33583 33584 33585 33586 33587 33588
4504 33590 33591 33592 33593 33594 33595 33596 33597 33598
4505 33600 33601 33602 33603 33604 33605 33606 33607 33608
4506 33610 33611 33612 33613 33614 33615 33616 33617 33618
4507 33620 33621 33622 33623 33624 33625 33626 33627 33628
4508 33630 33631 33632 33633 33634 33635 33636 33637 33638
4509 33640 33641
4510 33643 33644 33645 33646 33647 33648 33649 33650 33651
4511 33653 33654 33655 33656 33657 33658 33659 33660 33661
4512 33663 33664 33665 33666 33667 33668 33669 33670 33671
4513 33673
4515 33675 33676 33677 33678 33679 33680 33681 33682 33683
4516 33685
4517 33687 33688 33689 33690 33691 33692 33693 33694 33695
4520 33697 33698 33699 33700 33701 33702 33703 33704 33705
4521 33707 33708 33709 33710 33711 33712 33713 33714 33715
4522 33717 33718 33719 33720 33721 33722 33723
4523 33725
4524 33727 33728 33729 33730 33731 33732
4525 33734
4526 33736 33737
4527 33739
4528 33741 33742 33743 33744 33745 33746 33747 33748 33749
4529 33751 33752 33753 33754 33755 33756
4530 33758 33759 33760 33761 33762 33763 33764 33765 33766
4531 33768 33769 33770 33771 33772 33773 33774 33775 33776
4532 33778 33779 33780
4533 33782 33783 33784 33785 33786 33787 33788 33789 33790
4535 33792 33793 33794 33795 33796 33797 33798 33799 33800
4536 33802 33803 33804 33805 33806 33807 33808 33809 33810
4537 33812 33813 33814 33815 33816 33817 33818 33819 33820
4538 33822 33823 33824 33825 33826 33827 33828
4540 33830 33831 33832 33833 33834 33835 33836 33837 33838
4541 33840
4542 33842 33843 33844 33845 33846 33847 33848 33849 33850
4543 33852 33853 33854 33855 33856 33857
4544 33859
4545 33861 33862 33863 33864 33865 33866 33867 33868 33869
4546 33871 33872 33873 33874 33875 33876 33877 33878 33879
4547 33881 33882 33883 33884 33885 33886 33887 33888 33889
4548 33891
4549 33893 33894 33895 33896 33897 33898 33899 33900 33901
4550 33903 33904 33905 33906
4552 33908 33909 33910 33911 33912 33913 33914 33915 33916
4553 33918 33919 33920 33921 33922 33923
4554 33925 33926 33927 33928 33929 33930 33931 33932 33933
4555 33935 33936 33937 33938 33939
4556 33941
4557 33943 33944 33945
4558 33947 33948 33949 33950 33951 33952 33953 33954 33955
4560 33957 33958 33959 33960 33961 33962 33963
4561 33965
4562 33967 33968 33969 33970 33971 33972 33973 33974 33975
4563 33977 33978 33979 33980 33981 33982 33983 33984
4564 33986 33987 33988 33989
4565 33991 33992 33993 33994 33995 33996 33997 33998
4566 34000 34001 34002 34003 34004 34005 34006 34007 34008
4567 34010 34011 34012 34013 34014 34015 34016 34017 34018
4568 34020 34021 34022 34023 34024 34025 34026 34027 34028
4569 34030 34031
4571 34033 34034 34035 34036 34037 34038 34039 34040 34041
4572 34043 34044 34045 34046 34047 34048 34049 34050 34051
4573 34053 34054 34055 34056 34057 34058 34059 34060 34061
4574 34063 34064 34065 34066 34067 34068 34069 34070 34071
4576 34073 34074 34075 34076 34077 34078 34079 34080 34081
4577 34083 34084 34085 34086 34087 34088 34089 34090 34091
4579 34093 34094 34095 34096 34097 34098 34099 34100 34101
4580 34103 34104 34105 34106 34107 34108 34109 34110 34111
4581 34113 34114 34115 34116 34117 34118 34119 34120 34121
4582 34123 34124 34125 34126 34127 34128 34129 34130 34131
4583 34133 34134 34135 34136 34137 34138 34139
4584 34141 34142 34143 34144 34145 34146 34147 34148
4585 34150 34151 34152 34153 34154 34155 34156 34157 34158
4586 34160 34161 34162 34163 34164 34165
4587 34167 34168 34169 34170
4588 34172
4589 34174 34175 34176 34177 34178 34179 34180 34181 34182
4590 34184
4591 34186 34187 34188 34189 34190 34191 34192 34193 34194
4592 34196
4593 34198 34199 34200 34201 34202
4594 34204 34205 34206 34207 34208 34209 34210 34211 34212
4595 34214 34215 34216 34217 34218 34219 34220
4596 34222 34223 34224 34225 34226
4597 34228 34229 34230 34231 34232 34233 34234 34235 34236
4598 34238
4599 34240 34241
4600 34243 34244 34245 34246 34247 34248 34249 34250 34251
4601 34253
4602 34255 34256 34257 34258 34259 34260 34261 34262 34263
4603 34265 34266 34267 34268 34269 34270 34271 34272 34273
4604 34275 34276 34277 34278 34279 34280 34281 34282 34283
4605 34285 34286 34287 34288 34289 34290 34291 34292 34293
4606 34295 34296 34297 34298 34299 34300 34301 34302 34303
4607 34305 34306 34307 34308 34309 34310 34311 34312 34313
4608 34315 34316 34317 34318 34319 34320 34321 34322 34323
4609 34325 34326 34327 34328 34329 34330 34331 34332 34333
4610 34335 34336 34337 34338 34339 34340 34341 34342 34343
4611 34345 34346
4612 34348 34349 34350 34351 34352 34353 34354 34355 34356
4613 34358 34359 34360 34361 34362 34363 34364 34365 34366
4614 34368 34369 34370
4615 34372 34373 34374 34375 34376 34377 34378 34379
4616 34381
4617 34383
4620 34385 34386
4621 34388 34389 34390
4623 34392
4625 34394 34395 34396 34397 34398 34399 34400 34401 34402
4626 34404 34405 34406 34407 34408 34409 34410 34411 34412
4627 34414 34415 34416
4628 34418 34419 34420 34421 34422 34423 34424 34425 34426
4629 34428 34429 34430 34431 34432 34433 34434 34435 34436
4630 34438 34439
4631 34441 34442 34443 34444 34445 34446 34447 34448 34449
4632 34451 34452 34453 34454 34455
4633 34457
4634 34459 34460 34461 34462 34463 34464 34465 34466 34467
4635 34469 34470 34471 34472 34473 34474 34475 34476 34477
4637 34479 34480 34481 34482 34483
4638 34485
4639 34487 34488 34489 34490 34491 34492 34493 34494 34495
4640 34497 34498 34499 34500
4641 34502 34503 34504 34505
4642 34507 34508 34509 34510 34511 34512 34513 34514 34515
4643 34517 34518 34519 34520 34521 34522 34523 34524 34525
4644 34527 34528 34529 34530
4645 34532 34533 34534 34535 34536 34537 34538
4646 34540 34541 34542 34543 34544 34545 34546 34547 34548
4647 34550 34551 34552 34553 34554 34555 34556 34557 34558
4648 34560 34561 34562 34563 34564 34565 34566 34567 34568
4649 34570 34571 34572 34573 34574 34575 34576 34577 34578
4650 34580 34581 34582 34583 34584 34585 34586 34587 34588
4651 34590 34591 34592 34593 34594
4652 34596
4653 34598 34599 34600 34601 34602 34603 34604 34605 34606
4654 34608 34609 34610 34611 34612
4655 34614 34615 34616 34617 34618 34619 34620 34621 34622
4656 34624 34625 34626 34627 34628 34629 34630 34631 34632
4657 34634 34635 34636 34637 34638 34639 34640 34641 34642
4658 34644 34645 34646 34647 34648 34649 34650 34651 34652
4659 34654 34655 34656 34657 34658 34659 34660
4660 34662 34663 34664 34665 34666 34667 34668 34669 34670
4661 34672 34673 34674 34675 34676 34677 34678 34679 34680
4662 34682 34683 34684
4663 34686 34687 34688 34689 34690 34691 34692 34693 34694
4664 34696 34697 34698
4666 34700 34701 34702 34703 34704 34705 34706 34707 34708
4667 34710 34711 34712 34713 34714 34715 34716 34717 34718
4668 34720 34721 34722 34723 34724 34725 34726 34727 34728
4669 34730 34731 34732 34733 34734 34735 34736 34737 34738
4670 34740
4672 34742 34743 34744 34745 34746 34747
4673 34749 34750 34751 34752 34753 34754 34755 34756 34757
4675 34759 34760 34761 34762 34763 34764 34765 34766
4676 34768 34769 34770 34771 34772 34773 34774 34775 34776
4677 34778 34779 34780 34781 34782 34783 34784 34785 34786
4679 34788 34789
4680 34791
4681 34793 34794 34795
4682 34797 34798 34799 34800 34801 34802 34803 34804 34805
4683 34807 34808 34809 34810 34811 34812 34813 34814 34815
4684 34817 34818 34819 34820 34821 34822 34823 34824 34825
4685 34827
4686 34829 34830 34831 34832 34833
4687 34835 34836 34837 34838 34839 34840 34841 34842 34843
4688 34845 34846 34847 34848 34849 34850 34851 34852 34853
4689 34855 34856 34857 34858 34859 34860 34861 34862 34863
4690 34865 34866 34867 34868 34869 34870 34871 34872 34873
4691 34875 34876 34877 34878 34879
4694 34881 34882 34883 34884 34885 34886 34887 34888 34889
4695 34891 34892 34893 34894 34895 34896 34897 34898 34899
4696 34901 34902 34903 34904 34905 34906 34907 34908 34909
4698 34911 34912 34913 34914 34915 34916 34917 34918 34919
4700 34921 34922 34923 34924 34925 34926 34927 34928 34929
4702 34931 34932 34933 34934 34935 34936 34937 34938 34939
4703 34941 34942 34943 34944 34945 34946 34947 34948
4704 34950
4705 34952 34953 34954 34955 34956 34957 34958 34959 34960
4706 34962 34963 34964 34965 34966 34967 34968 34969 34970
4707 34972 34973 34974 34975 34976 34977 34978 34979 34980
4708 34982 34983 34984 34985 34986 34987 34988 34989 34990
4709 34992 34993 34994 34995 34996 34997 34998 34999 35000
4710 35002 35003 35004 35005
4711 35007 35008 35009 35010 35011 35012 35013 35014 35015
4712 35017
4713 35019 35020 35021 35022 35023 35024 35025 35026
4714 35028 35029 35030 35031 35032 35033 35034 35035 35036
4715 35038 35039 35040 35041 35042 35043 35044 35045 35046
4716 35048 35049 35050 35051 35052 35053 35054 35055 35056
4717 35058
4718 35060 35061 35062
4719 35064 35065
4720 35067 35068 35069 35070 35071 35072 35073 35074 35075
4721 35077 35078 35079 35080 35081 35082 35083 35084 35085
4722 35087 35088 35089 35090 35091 35092 35093 35094 35095
4723 35097 35098 35099 35100 35101 35102 35103 35104
4724 35106 35107 35108 35109 35110 35111 35112 35113 35114
4725 35116
4726 35118 35119 35120 35121 35122 35123 35124 35125 35126
4727 35128 35129 35130 35131 35132 35133 35134 35135 35136
4728 35138 35139 35140 35141 35142 35143 35144 35145 35146
4729 35148 35149 35150 35151 35152 35153
4730 35155
4731 35157 35158 35159
4732 35161 35162 35163 35164 35165 35166 35167 35168 35169
4733 35171 35172 35173
4734 35175 35176 35177 35178 35179 35180 35181 35182 35183
4737 35185 35186 35187 35188 35189 35190 35191 35192 35193
4738 35195 35196 35197 35198 35199 35200 35201 35202 35203
4739 35205 35206 35207 35208 35209 35210 35211 35212 35213
4740 35215 35216 35217 35218 35219 35220 35221 35222 35223
4741 35225 35226 35227 35228 35229 35230 35231 35232 35233
4742 35235 35236 35237 35238 35239 35240 35241 35242 35243
4743 35245 35246 35247 35248 35249 35250 35251 35252 35253
4744 35255
4745 35257 35258 35259 35260 35261 35262 35263 35264 35265
4746 35267 35268 35269 35270 35271 35272 35273 35274 35275
4748 35277
4749 35279 35280 35281 35282 35283 35284 35285 35286 35287
4750 35289 35290 35291 35292 35293 35294 35295 35296 35297
4751 35299 35300 35301 35302 35303 35304 35305 35306 35307
4753 35309 35310 35311 35312 35313 35314 35315 35316 35317
4754 35319 35320 35321 35322 35323 35324 35325 35326 35327
4755 35329 35330 35331 35332 35333 35334 35335 35336 35337
4756 35339 35340 35341 35342 35343 35344 35345 35346 35347
4757 35349 35350 35351 35352
4758 35354 35355 35356 35357
4759 35359 35360 35361 35362 35363 35364 35365
4760 35367 35368 35369 35370 35371 35372 35373 35374 35375
4761 35377 35378 35379
4762 35381 35382 35383 35384 35385 35386 35387 35388 35389
4763 35391 35392 35393 35394 35395 35396 35397 35398 35399
4764 35401 35402 35403 35404 35405 35406 35407 35408 35409
4765 35411 35412 35413 35414 35415 35416 35417 35418 35419
4766 35421 35422 35423 35424 35425 35426 35427 35428 35429
4767 35431 35432 35433 35434 35435 35436 35437 35438 35439
4768 35441 35442 35443 35444 35445
4769 35447 35448 35449 35450 35451 35452 35453 35454 35455
4770 35457 35458 35459 35460 35461 35462 35463 35464 35465
4771 35467
4772 35469
4774 35471 35472 35473 35474 35475 35476 35477 35478 35479
4775 35481 35482 35483 35484 35485 35486 35487 35488 35489
4778 35491 35492
4779 35494 35495 35496 35497 35498 35499 35500 35501 35502
4780 35504 35505 35506 35507 35508 35509
4781 35511 35512 35513 35514 35515 35516
4782 35518 35519 35520 35521 35522 35523 35524 35525 35526
4783 35528 35529 35530 35531 35532 35533 35534
4784 35536 35537 35538 35539
4785 35541 35542 35543 35544 35545 35546 35547 35548 35549
4786 35551 35552 35553 35554 35555 35556 35557 35558 35559
4787 35561 35562 35563 35564 35565 35566 35567 35568
4788 35570 35571 35572 35573 35574 35575 35576 35577 35578
4789 35580 35581 35582 35583 35584 35585 35586 35587 35588
4790 35590 35591 35592 35593 35594 35595 35596 35597 35598
4791 35600 35601 35602 35603 35604 35605 35606
4792 35608 35609 35610 35611 35612
4793 35614 35615 35616 35617 35618 35619 35620 35621 35622
4794 35624 35625 35626 35627 35628 35629 35630 35631 35632
4795 35634 35635 35636 35637 35638 35639
4796 35641 35642 35643 35644 35645 35646 35647 35648 35649
4797 35651 35652 35653 35654 35655 35656 35657 35658 35659
4798 35661 35662
4801 35664 35665 35666 35667 35668 35669 35670
4802 35672 35673 35674 35675 35676 35677 35678 35679 35680
4803 35682 35683 35684 35685 35686 35687 35688 35689 35690
4804 35692 35693 35694 35695 35696 35697 35698 35699 35700
4805 35702
4806 35704 35705 35706 35707
4807 35709 35710
4808 35712 35713 35714 35715 35716 35717 35718 35719 35720
4809 35722 35723
4810 35725 35726 35727 35728 35729 35730 35731 35732 35733
4811 35735 35736 35737 35738 35739 35740 35741 35742 35743
4812 35745 35746
4814 35748 35749 35750 35751 35752 35753
4815 35755
4817 35757 35758 35759 35760 35761 35762 35763 35764
4818 35766 35767 35768 35769 35770 35771 35772 35773 35774
4819 35776 35777 35778 35779 35780 35781 35782 35783 35784
4821 35786 35787 35788 35789 35790 35791 35792 35793 35794
4822 35796 35797 35798 35799 35800 35801 35802 35803 35804
4823 35806 35807 35808 35809 35810 35811 35812 35813 35814
4824 35816 35817 35818 35819 35820
4825 35822 35823 35824 35825 35826 35827 35828 35829 35830
4826 35832 35833 35834 35835 35836 35837 35838 35839 35840
4828 35842 35843 35844 35845 35846 35847 35848 35849 35850
4829 35852 35853
4830 35855
4831 35857 35858 35859
4832 35861 35862 35863 35864 35865 35866 35867 35868 35869
4833 35871
4834 35873 35874 35875 35876 35877 35878 35879 35880 35881
4835 35883
4836 35885 35886 35887 35888 35889 35890 35891 35892 35893
4837 35895 35896
4838 35898 35899 35900
4839 35902
4840 35904
4841 35906 35907 35908 35909 35910 35911 35912 35913 35914
4842 35916 35917 35918 35919 35920 35921
4844 35923 35924 35925 35926 35927 35928 35929 35930 35931
4845 35933 35934 35935 35936 35937 35938 35939 35940
4846 35942 35943 35944 35945 35946 35947 35948 35949 35950
4847 35952
4848 35954 35955 35956 35957 35958 35959
4849 35961 35962 35963 35964 35965 35966 35967 35968 35969
4851 35971 35972 35973 35974 35975 35976 35977 35978 35979
4852 35981 35982 35983
4853 35985 35986 35987 35988 35989 35990 35991 35992 35993
4854 35995 35996 35997 35998 35999 36000 36001 36002 36003
4855 36005 36006 36007 36008 36009 36010 36011
4857 36013 36014 36015 36016 36017 36018 36019 36020 36021
4858 36023 36024 36025 36026 36027 36028 36029 36030 36031
4859 36033 36034 36035 36036 36037 36038 36039 36040 36041
4860 36043 36044 36045 36046 36047 36048 36049 36050 36051
4861 36053 36054 36055
4862 36057 36058 36059 36060
4863 36062 36063 36064 36065 36066 36067 36068 36069 36070
4864 36072 36073 36074 36075 36076 36077 36078 36079 36080
4866 36082 36083 36084 36085 36086 36087 36088 36089 36090
4867 36092 36093 36094 36095 36096
4868 36098 36099 36100 36101 36102 36103 36104 36105 36106
4869 36108 36109 36110
4870 36112 36113 36114 36115 36116 36117 36118 36119 36120
4871 36122 36123 36124 36125
4872 36127 36128 36129 36130 36131 36132 36133 36134 36135
4874 36137 36138 36139 36140 36141 36142
4875 36144 36145 36146 36147 36148 36149 36150 36151 36152
4876 36154 36155
4877 36157 36158 36159 36160 36161 36162 36163 36164 36165
4878 36167 36168 36169 36170 36171 36172 36173 36174 36175
4879 36177 36178 36179
4880 36181 36182 36183 36184 36185 36186 36187 36188 36189
4881 36191 36192 36193
4882 36195 36196 36197 36198 36199 36200 36201
4883 36203 36204 36205
4884 36207 36208 36209 36210 36211 36212 36213 36214 36215
4885 36217 36218 36219 36220 36221 36222 36223 36224 36225
4886 36227 36228 36229 36230
4887 36232 36233 36234 36235 36236 36237 36238 36239 36240
4888 36242 36243 36244 36245
4889 36247 36248
4890 36250 36251 36252 36253 36254 36255 36256 36257 36258
4891 36260 36261 36262 36263 36264 36265 36266 36267 36268
4892 36270 36271 36272 36273 36274 36275 36276 36277 36278
4894 36280 36281 36282 36283 36284 36285 36286 36287 36288
4895 36290 36291 36292 36293
4896 36295 36296
4897 36298 36299 36300 36301 36302 36303 36304 36305 36306
4898 36308 36309 36310 36311 36312 36313 36314
4899 36316 36317 36318 36319 36320 36321 36322 36323 36324
4900 36326 36327 36328 36329
4901 36331 36332 36333 36334
4902 36336 36337 36338
4904 36340 36341 36342 36343
4905 36345 36346 36347 36348 36349 36350 36351 36352 36353
4906 36355 36356 36357 36358 36359 36360 36361 36362 36363
4908 36365
4909 36367 36368 36369 36370 36371 36372 36373 36374 36375
4910 36377 36378 36379 36380 36381 36382 36383 36384 36385
4911 36387 36388 36389 36390 36391 36392 36393 36394 36395
4912 36397 36398 36399 36400 36401 36402 36403 36404 36405
4913 36407 36408 36409 36410 36411 36412 36413 36414 36415
4914 36417 36418
4917 36420
4918 36422 36423 36424 36425 36426 36427 36428 36429 36430
4919 36432 36433 36434 36435 36436 36437 36438 36439 36440
4920 36442 36443 36444 36445 36446 36447 36448 36449 36450
4922 36452 36453 36454 36455 36456 36457 36458 36459 36460
4925 36462 36463 36464 36465 36466 36467 36468 36469 36470
4927 36472 36473 36474
4928 36476 36477 36478 36479 36480 36481 36482 36483 36484
4929 36486 36487 36488 36489 36490 36491 36492 36493 36494
4930 36496 36497 36498 36499 36500 36501 36502 36503 36504
4931 36506 36507 36508 36509 36510 36511 36512 36513 36514
4932 36516
4933 36518 36519 36520
4934 36522 36523 36524 36525 36526 36527 36528 36529 36530
4936 36532 36533 36534 36535 36536 36537 36538 36539 36540
4937 36542 36543 36544 36545 36546 36547 36548 36549
4938 36551 36552 36553 36554 36555 36556 36557
4939 36559 36560 36561 36562 36563 36564 36565
4942 36567 36568 36569 36570 36571 36572 36573 36574 36575
4943 36577 36578 36579 36580 36581 36582 36583 36584 36585
4944 36587 36588 36589
4945 36591 36592 36593 36594 36595 36596 36597 36598 36599
4946 36601 36602 36603 36604 36605 36606 36607 36608 36609
4947 36611 36612 36613 36614 36615 36616 36617 36618
4948 36620 36621 36622 36623
4949 36625 36626 36627 36628 36629 36630 36631 36632 36633
4950 36635 36636 36637 36638 36639 36640 36641 36642 36643
4953 36645 36646 36647 36648 36649 36650 36651 36652 36653
4954 36655 36656 36657
4955 36659 36660 36661 36662 36663 36664 36665 36666 36667
4956 36669 36670 36671 36672 36673 36674 36675 36676 36677
4958 36679 36680 36681 36682 36683 36684 36685 36686 36687
4961 36689 36690 36691 36692 36693 36694 36695 36696 36697
4962 36699 36700 36701 36702 36703 36704 36705 36706 36707
4963 36709 36710 36711 36712 36713 36714
4964 36716 36717 36718 36719 36720 36721 36722 36723 36724
4965 36726 36727 36728 36729 36730 36731 36732 36733 36734
4966 36736 36737 36738 36739 36740 36741 36742 36743 36744
4967 36746
4969 36748 36749 36750
4970 36752 36753 36754 36755 36756 36757
4971 36759 36760 36761 36762 36763 36764 36765 36766 36767
4972 36769 36770 36771 36772 36773 36774 36775 36776 36777
4973 36779
4974 36781 36782 36783 36784 36785 36786 36787 36788 36789
4975 36791 36792
4976 36794 36795 36796 36797 36798 36799 36800 36801 36802
4977 36804 36805 36806 36807 36808 36809 36810
4978 36812 36813 36814 36815 36816
4979 36818 36819 36820 36821 36822 36823 36824 36825 36826
4980 36828 36829 36830 36831 36832 36833 36834 36835 36836
4982 36838 36839 36840 36841
4983 36843 36844 36845 36846 36847 36848 36849 36850 36851
4984 36853 36854 36855 36856 36857 36858 36859 36860 36861
4985 36863 36864 36865 36866 36867 36868
4987 36870 36871 36872 36873
4988 36875 36876 36877 36878 36879 36880 36881 36882 36883
4989 36885 36886 36887 36888 36889 36890 36891
4991 36893 36894 36895 36896 36897 36898 36899 36900 36901
4992 36903 36904 36905 36906 36907 36908 36909 36910 36911
4993 36913 36914 36915 36916 36917 36918 36919 36920 36921
4995 36923 36924 36925 36926 36927 36928 36929 36930 36931
4996 36933
4997 36935 36936 36937 36938 36939 36940 36941 36942 36943
4999 36945
5000 36947 36948 36949 36950 36951 36952 36953 36954 36955
5001 36957 36958 36959 36960
5002 36962 36963 36964
5003 36966 36967 36968 36969 36970 36971 36972 36973 36974
5004 36976 36977 36978 36979 36980 36981
5005 36983 36984 36985
5006 36987
5007 36989 36990 36991 36992 36993 36994 36995 36996 36997
5009 36999 37000
5010 37002 37003 37004 37005 37006 37007 37008 37009 37010
5011 37012 37013 37014 37015 37016 37017 37018 37019 37020
5012 37022 37023 37024 37025 37026 37027 37028 37029 37030
5013 37032 37033 37034 37035 37036 37037 37038 37039 37040
5014 37042
5015 37044 37045 37046 37047 37048 37049 37050 37051 37052
5016 37054 37055 37056 37057 37058 37059 37060 37061 37062
5017 37064 37065
5018 37067 37068 37069 37070 37071
5019 37073 37074 37075 37076 37077 37078 37079 37080 37081
5021 37083 37084 37085 37086
5022 37088 37089 37090 37091 37092 37093 37094 37095 37096
5023 37098 37099 37100 37101 37102 37103 37104 37105 37106
5024 37108 37109 37110 37111 37112
5025 37114 37115 37116
5026 37118 37119 37120 37121
5028 37123 37124 37125 37126 37127 37128 37129 37130 37131
5029 37133 37134
5030 37136 37137 37138 37139 37140 37141 37142 37143 37144
5031 37146 37147 37148 37149 37150 37151 37152 37153 37154
5032 37156 37157 37158 37159 37160
5033 37162
5035 37164 37165 37166 37167 37168 37169 37170 37171 37172
5036 37174
5037 37176 37177
5038 37179
5039 37181 37182 37183 37184 37185
5040 37187 37188 37189 37190 37191 37192 37193 37194 37195
5042 37197 37198 37199 37200 37201 37202 37203 37204 37205
5043 37207 37208 37209
5044 37211 37212 37213 37214 37215 37216 37217 37218 37219
5045 37221 37222 37223 37224 37225 37226 37227 37228 37229
5046 37231 37232 37233 37234 37235 37236 37237 37238 37239
5048 37241 37242 37243 37244 37245 37246 37247 37248 37249
5049 37251 37252 37253 37254 37255
5050 37257 37258 37259 37260 37261 37262 37263 37264 37265
5051 37267 37268 37269 37270 37271 37272 37273 37274 37275
5052 37277 37278 37279 37280 37281
5053 37283 37284 37285 37286 37287 37288 37289 37290 37291
5054 37293
5055 37295 37296 37297 37298 37299 37300 37301 37302 37303
5056 37305 37306 37307
5057 37309 37310 37311 37312 37313 37314 37315 37316 37317
5058 37319 37320 37321 37322 37323 37324 37325 37326 37327
5059 37329
5060 37331 37332 37333 37334 37335 37336 37337 37338 37339
5061 37341
5062 37343 37344 37345 37346 37347 37348 37349 37350 37351
5063 37353 37354 37355 37356 37357 37358 37359 37360 37361
5064 37363 37364 37365 37366 37367 37368 37369 37370 37371
5066 37373 37374
5067 37376 37377 37378
5068 37380 37381 37382 37383 37384 37385 37386 37387
5069 37389 37390 37391 37392 37393 37394 37395 37396 37397
5070 37399 37400 37401 37402 37403 37404 37405 37406
5071 37408 37409 37410 37411 37412 37413 37414 37415 37416
5072 37418 37419 37420 37421 37422 37423 37424 37425 37426
5073 37428 37429 37430 37431 37432 37433 37434 37435 37436
5074 37438 37439 37440 37441 37442 37443 37444 37445 37446
5075 37448 37449 37450 37451 37452 37453 37454 37455 37456
5076 37458 37459 37460 37461 37462 37463 37464 37465 37466
5077 37468 37469 37470 37471 37472 37473 37474 37475 37476
5078 37478 37479 37480 37481 37482 37483 37484 37485 37486
5079 37488 37489 37490 37491 37492 37493 37494 37495
5080 37497 37498 37499 37500 37501 37502 37503 37504 37505
5081 37507 37508 37509 37510 37511 37512 37513 37514 37515
5082 37517 37518 37519 37520 37521 37522 37523 37524 37525
5083 37527 37528 37529 37530 37531 37532 37533 37534
5084 37536 37537 37538 37539 37540 37541 37542 37543 37544
5085 37546 37547 37548
5086 37550 37551 37552 37553 37554 37555 37556 37557 37558
5087 37560 37561 37562 37563 37564 37565 37566 37567 37568
5088 37570 37571
5089 37573 37574 37575 37576 37577 37578 37579 37580 37581
5090 37583 37584 37585 37586 37587 37588 37589 37590 37591
5091 37593 37594 37595 37596 37597 37598 37599 37600 37601
5092 37603 37604 37605 37606 37607 37608 37609 37610 37611
5093 37613 37614 37615 37616
5094 37618 37619 37620 37621 37622 37623 37624 37625 37626
5095 37628 37629 37630 37631 37632 37633 37634 37635 37636
5096 37638 37639 37640 37641 37642 37643 37644 37645 37646
5097 37648 37649
5099 37651 37652 37653 37654 37655 37656 37657 37658 37659
5101 37661 37662 37663
5103 37665 37666 37667 37668 37669 37670 37671 37672 37673
5104 37675 37676 37677 37678 37679 37680 37681 37682 37683
5105 37685 37686 37687 37688 37689 37690 37691 37692 37693
5106 37695 37696 37697 37698 37699 37700 37701 37702 37703
5107 37705 37706 37707 37708
5108 37710 37711 37712 37713 37714 37715 37716 37717 37718
5109 37720 37721 37722
5110 37724 37725 37726 37727 37728 37729 37730 37731 37732
5111 37734 37735 37736 37737 37738 37739 37740 37741 37742
5112 37744 37745 37746 37747 37748 37749 37750
5113 37752 37753 37754 37755 37756 37757 37758 37759 37760
5115 37762 37763 37764 37765 37766 37767 37768 37769 37770
5116 37772 37773 37774 37775 37776 37777 37778 37779 37780
5117 37782 37783 37784 37785 37786 37787 37788 37789 37790
5118 37792 37793 37794 37795
5120 37797 37798 37799 37800 37801 37802 37803 37804 37805
5122 37807 37808 37809 37810 37811 37812 37813 37814 37815
5123 37817 37818 37819 37820 37821 37822 37823 37824 37825
5125 37827 37828 37829 37830 37831 37832 37833 37834 37835
5126 37837 37838 37839 37840 37841 37842 37843 37844 37845
5127 37847 37848 37849 37850 37851 37852 37853 37854 37855
5128 37857 37858 37859 37860 37861 37862 37863 37864 37865
5130 37867 37868 37869 37870 37871 37872 37873 37874 37875
5131 37877
5132 37879 37880 37881 37882 37883 37884 37885
5133 37887 37888 37889 37890 37891 37892 37893 37894 37895
5134 37897 37898 37899
5135 37901
5136 37903
5137 37905 37906 37907 37908 37909 37910 37911 37912 37913
5138 37915 37916 37917 37918 37919 37920 37921 37922
5140 37924 37925 37926 37927 37928 37929 37930 37931 37932
5141 37934 37935 37936 37937 37938 37939 37940 37941 37942
5142 37944
5143 37946 37947
5144 37949 37950 37951 37952 37953 37954 37955
5145 37957 37958 37959 37960 37961 37962 37963 37964 37965
5146 37967
5147 37969
5148 37971 37972 37973
5149 37975 37976 37977
5150 37979 37980 37981 37982
5151 37984 37985 37986 37987 37988 37989 37990 37991 37992
5152 37994 37995 37996
5153 37998 37999 38000 38001 38002 38003 38004 38005 38006
5154 38008 38009 38010 38011 38012 38013 38014 38015 38016
5155 38018 38019 38020 38021 38022 38023 38024 38025 38026
5156 38028 38029 38030 38031 38032 38033 38034 38035 38036
5157 38038 38039 38040 38041 38042 38043 38044 38045 38046
5158 38048 38049 38050
5160 38052 38053 38054 38055 38056 38057 38058 38059 38060
5161 38062 38063 38064 38065 38066 38067 38068 38069 38070
5162 38072 38073 38074 38075 38076 38077 38078 38079 38080
5163 38082 38083 38084
5164 38086
5166 38088 38089 38090
5167 38092 38093 38094 38095 38096 38097 38098 38099
5168 38101 38102 38103 38104 38105 38106 38107 38108 38109
5170 38111 38112 38113 38114 38115 38116 38117 38118 38119
5171 38121
5172 38123 38124 38125 38126 38127 38128 38129
5173 38131 38132 38133 38134
5174 38136 38137
5175 38139 38140 38141
5176 38143 38144 38145 38146 38147 38148 38149 38150 38151
5177 38153 38154 38155 38156 38157 38158 38159 38160 38161
5178 38163 38164 38165 38166 38167 38168 38169 38170
5179 38172
5180 38174 38175 38176 38177 38178 38179 38180 38181 38182
5183 38184 38185
5184 38187 38188 38189 38190 38191
5186 38193 38194 38195 38196 38197
5187 38199 38200 38201 38202 38203 38204 38205 38206
5188 38208 38209 38210 38211 38212 38213 38214 38215 38216
5189 38218 38219 38220 38221 38222 38223 38224 38225 38226
5192 38228
5193 38230
5194 38232 38233 38234 38235 38236 38237 38238 38239 38240
5196 38242 38243 38244 38245
5197 38247 38248 38249 38250 38251 38252 38253 38254 38255
5200 38257 38258 38259 38260 38261 38262 38263 38264 38265
5201 38267 38268 38269 38270 38271 38272 38273 38274 38275
5202 38277 38278 38279 38280 38281 38282 38283 38284 38285
5204 38287 38288 38289 38290 38291 38292 38293 38294 38295
5205 38297 38298 38299
5206 38301 38302 38303 38304 38305 38306 38307
5208 38309 38310 38311 38312 38313 38314 38315
5209 38317 38318
5211 38320
5212 38322 38323 38324 38325 38326 38327 38328 38329 38330
5213 38332 38333
5214 38335 38336 38337 38338 38339 38340 38341 38342 38343
5215 38345 38346 38347 38348 38349 38350 38351 38352 38353
5216 38355 38356
5219 38358 38359 38360 38361 38362 38363 38364 38365 38366
5221 38368 38369 38370 38371 38372 38373 38374 38375 38376
5222 38378 38379 38380 38381 38382
5224 38384 38385 38386 38387 38388 38389
5225 38391
5226 38393 38394 38395
5227 38397 38398 38399 38400 38401 38402 38403 38404 38405
5228 38407 38408 38409 38410 38411 38412 38413 38414 38415
5230 38417 38418 38419 38420 38421
5231 38423 38424 38425 38426 38427 38428 38429 38430 38431
5232 38433 38434 38435 38436 38437 38438 38439 38440 38441
5233 38443 38444 38445
5234 38447 38448 38449 38450 38451 38452 38453
5236 38455 38456 38457
5237 38459 38460 38461 38462 38463 38464 38465 38466 38467
5238 38469 38470 38471 38472 38473 38474 38475 38476 38477
5239 38479 38480 38481 38482 38483 38484 38485 38486 38487
5240 38489 38490 38491
5241 38493 38494 38495
5242 38497 38498 38499 38500 38501 38502 38503 38504
5243 38506 38507 38508 38509 38510 38511 38512 38513 38514
5244 38516 38517 38518 38519
5245 38521 38522 38523 38524 38525 38526 38527 38528 38529
5246 38531 38532 38533 38534 38535 38536 38537 38538 38539
5247 38541 38542 38543 38544 38545 38546 38547
5248 38549 38550 38551
5249 38553 38554 38555 38556 38557 38558 38559 38560 38561
5250 38563 38564 38565 38566 38567 38568 38569 38570 38571
5251 38573 38574
5252 38576 38577 38578 38579 38580 38581 38582 38583 38584
5253 38586 38587 38588 38589 38590 38591 38592 38593 38594
5254 38596 38597 38598 38599
5255 38601 38602 38603 38604 38605 38606
5256 38608
5257 38610 38611 38612
5258 38614 38615 38616 38617 38618 38619 38620 38621 38622
5259 38624 38625 38626 38627 38628 38629 38630 38631 38632
5260 38634 38635 38636 38637 38638 38639 38640 38641 38642
5261 38644 38645 38646 38647 38648 38649 38650 38651 38652
5262 38654 38655 38656 38657
5264 38659 38660 38661 38662 38663 38664 38665 38666 38667
5265 38669 38670 38671 38672 38673 38674 38675 38676 38677
5266 38679 38680 38681 38682 38683 38684 38685 38686 38687
5267 38689 38690 38691 38692 38693 38694 38695
5268 38697 38698 38699 38700 38701 38702 38703 38704 38705
5269 38707 38708 38709 38710 38711 38712 38713 38714 38715
5270 38717
5271 38719 38720 38721 38722 38723 38724 38725 38726 38727
5275 38729 38730 38731 38732 38733 38734 38735 38736 38737
5276 38739 38740 38741 38742 38743 38744 38745 38746 38747
5277 38749 38750 38751 38752 38753 38754 38755 38756 38757
5279 38759 38760 38761 38762 38763 38764 38765 38766 38767
5280 38769 38770 38771 38772 38773 38774
5283 38776 38777 38778 38779 38780 38781 38782 38783 38784
5284 38786 38787 38788 38789 38790 38791 38792 38793
5285 38795 38796
5286 38798 38799 38800
5287 38802 38803 38804 38805 38806 38807 38808 38809 38810
5289 38812 38813 38814 38815 38816 38817
5290 38819 38820 38821 38822 38823
5291 38825 38826 38827 38828 38829 38830
5292 38832
5293 38834 38835 38836 38837 38838 38839 38840 38841 38842
5295 38844 38845 38846 38847 38848 38849 38850 38851 38852
5296 38854
5297 38856 38857 38858 38859 38860 38861 38862
5298 38864 38865 38866 38867 38868 38869
5299 38871 38872 38873 38874 38875 38876 38877 38878 38879
5300 38881 38882 38883 38884 38885 38886 38887 38888 38889
5301 38891 38892 38893 38894 38895 38896 38897 38898 38899
5302 38901 38902 38903 38904 38905 38906 38907 38908 38909
5303 38911 38912 38913 38914 38915 38916 38917 38918 38919
5304 38921 38922 38923 38924
5305 38926 38927 38928 38929 38930 38931 38932 38933 38934
5306 38936 38937 38938
5307 38940 38941
5308 38943 38944
5310 38946 38947 38948 38949 38950 38951 38952 38953 38954
5311 38956 38957 38958 38959 38960 38961 38962 38963
5312 38965 38966 38967 38968 38969 38970 38971 38972 38973
5313 38975 38976
5315 38978
5316 38980 38981 38982 38983 38984 38985 38986
5317 38988 38989 38990 38991
5318 38993 38994 38995 38996 38997 38998 38999 39000 39001
5319 39003 39004 39005 39006 39007
5320 39009 39010 39011 39012 39013 39014 39015 39016 39017
5321 39019 39020 39021 39022 39023 39024 39025 39026 39027
5322 39029 39030 39031 39032 39033 39034 39035 39036 39037
5323 39039 39040 39041 39042 39043 39044 39045 39046 39047
5324 39049 39050 39051 39052 39053 39054 39055 39056 39057
5325 39059 39060 39061 39062 39063 39064 39065 39066 39067
5326 39069 39070 39071 39072 39073 39074 39075 39076
5327 39078 39079 39080 39081 39082 39083
5328 39085 39086 39087 39088 39089 39090 39091 39092 39093
5329 39095 39096 39097 39098 39099 39100 39101 39102 39103
5330 39105 39106
5331 39108 39109 39110 39111 39112 39113 39114 39115 39116
5332 39118 39119 39120 39121 39122 39123 39124 39125 39126
5335 39128 39129 39130 39131 39132 39133 39134 39135
5336 39137 39138 39139 39140 39141 39142 39143 39144 39145
5338 39147 39148 39149 39150 39151 39152 39153 39154 39155
5339 39157 39158 39159 39160 39161 39162 39163 39164 39165
5340 39167 39168 39169 39170 39171 39172 39173 39174 39175
5341 39177 39178 39179 39180 39181 39182 39183 39184 39185
5342 39187 39188 39189
5343 39191 39192 39193 39194 39195 39196 39197 39198 39199
5345 39201 39202 39203 39204 39205 39206
5346 39208 39209 39210 39211 39212 39213 39214 39215 39216
5347 39218 39219 39220 39221 39222 39223 39224 39225 39226
5348 39228 39229 39230 39231
5349 39233 39234 39235 39236 39237 39238 39239 39240 39241
5350 39243
5351 39245
5352 39247 39248 39249 39250 39251 39252 39253 39254 39255
5353 39257 39258 39259
5354 39261 39262 39263
5355 39265 39266 39267 39268 39269 39270 39271 39272 39273
5356 39275 39276 39277 39278 39279 39280 39281 39282
5357 39284 39285 39286 39287 39288 39289 39290 39291 39292
5358 39294 39295 39296 39297 39298 39299 39300 39301 39302
5360 39304 39305 39306 39307 39308 39309 39310 39311 39312
5362 39314 39315 39316 39317
5363 39319 39320 39321 39322 39323 39324 39325 39326 39327
5365 39329 39330 39331 39332 39333 39334 39335 39336 39337
5366 39339 39340 39341 39342 39343 39344
5367 39346 39347 39348 39349 39350 39351 39352 39353 39354
5368 39356 39357 39358
5369 39360 39361 39362 39363 39364 39365 39366 39367 39368
5370 39370 39371 39372 39373 39374 39375 39376
5371 39378 39379 39380 39381 39382 39383 39384 39385 39386
5372 39388 39389 39390 39391 39392 39393 39394 39395 39396
5373 39398 39399 39400 39401 39402 39403 39404 39405 39406
5374 39408 39409 39410 39411 39412 39413 39414
5375 39416 39417 39418 39419 39420 39421 39422 39423 39424
5376 39426 39427 39428
5377 39430 39431 39432 39433 39434 39435 39436 39437 39438
5378 39440 39441 39442 39443 39444 39445 39446 39447 39448
5379 39450 39451 39452 39453 39454 39455 39456 39457 39458
5380 39460 39461 39462 39463 39464 39465 39466 39467 39468
5381 39470
5382 39472
5383 39474 39475 39476 39477 39478 39479 39480 39481 39482
5384 39484 39485 39486
5385 39488 39489 39490 39491 39492
5386 39494 39495 39496 39497 39498 39499 39500 39501 39502
5387 39504 39505 39506 39507 39508 39509 39510 39511 39512
5388 39514 39515 39516 39517 39518 39519 39520 39521 39522
5389 39524 39525 39526 39527 39528 39529 39530 39531 39532
5390 39534 39535 39536 39537 39538 39539 39540 39541
5391 39543 39544 39545 39546 39547 39548 39549 39550 39551
5393 39553 39554 39555 39556 39557 39558 39559 39560
5394 39562 39563 39564 39565 39566 39567 39568 39569 39570
5395 39572 39573 39574 39575 39576 39577 39578 39579 39580
5396 39582 39583 39584 39585 39586 39587 39588 39589 39590
5397 39592 39593 39594
5398 39596
5399 39598 39599 39600 39601 39602 39603 39604 39605 39606
5400 39608 39609 39610 39611 39612 39613 39614 39615 39616
5401 39618 39619 39620 39621 39622 39623 39624 39625 39626
5402 39628 39629 39630 39631 39632 39633 39634 39635 39636
5403 39638 39639 39640 39641 39642 39643 39644 39645 39646
5404 39648
5405 39650 39651 39652 39653 39654 39655 39656 39657 39658
5406 39660 39661 39662 39663 39664 39665 39666 39667 39668
5407 39670 39671
5408 39673
5409 39675 39676 39677 39678 39679 39680
5410 39682 39683 39684 39685 39686 39687 39688 39689 39690
5411 39692
5412 39694 39695 39696 39697 39698 39699 39700 39701 39702
5413 39704 39705 39706 39707 39708 39709 39710 39711 39712
5414 39714 39715 39716 39717 39718 39719 39720 39721 39722
5415 39724 39725 39726 39727 39728 39729 39730 39731 39732
5416 39734 39735 39736 39737 39738 39739 39740 39741 39742
5417 39744
5418 39746 39747 39748 39749 39750
5419 39752 39753 39754 39755 39756 39757 39758 39759 39760
5420 39762
5421 39764 39765 39766 39767 39768 39769
5422 39771 39772 39773 39774 39775 39776 39777 39778 39779
5423 39781 39782 39783 39784 39785 39786 39787 39788 39789
5424 39791 39792 39793 39794 39795 39796 39797 39798 39799
5425 39801 39802 39803 39804 39805 39806 39807 39808 39809
5426 39811 39812 39813 39814 39815 39816 39817
5427 39819 39820 39821 39822 39823 39824 39825 39826 39827
5428 39829 39830 39831 39832 39833 39834 39835 39836 39837
5429 39839 39840 39841 39842 39843 39844 39845 39846 39847
5430 39849 39850 39851
5431 39853 39854
5432 39856 39857 39858 39859 39860 39861 39862 39863 39864
5433 39866 39867
5434 39869 39870 39871 39872 39873 39874 39875 39876 39877
5435 39879 39880 39881 39882
5436 39884
5437 39886 39887 39888 39889 39890 39891 39892 39893 39894
5438 39896 39897 39898 39899 39900 39901 39902
5439 39904 39905 39906 39907 39908 39909 39910 39911 39912
5441 39914
5444 39916 39917 39918 39919 39920 39921 39922 39923 39924
5445 39926 39927 39928 39929 39930
5446 39932 39933 39934
5447 39936 39937 39938 39939 39940 39941 39942 39943 39944
5448 39946 39947 39948 39949 39950 39951
5449 39953 39954 39955 39956 39957 39958
5450 39960
5451 39962 39963 39964 39965 39966 39967 39968 39969 39970
5453 39972 39973 39974 39975 39976 39977 39978 39979 39980
5454 39982 39983 39984 39985 39986 39987 39988 39989 39990
5456 39992 39993 39994 39995 39996 39997 39998 39999 40000
5457 40002 40003 40004 40005 40006 40007 40008 40009 40010
5458 40012 40013 40014 40015 40016 40017 40018 40019 40020
5459 40022 40023 40024 40025 40026 40027 40028 40029 40030
5461 40032 40033 40034 40035 40036 40037 40038 40039 40040
5462 40042 40043 40044 40045 40046 40047 40048 40049 40050
5463 40052 40053 40054 40055 40056 40057 40058 40059 40060
5465 40062 40063 40064 40065 40066
5466 40068 40069 40070 40071 40072 40073
5467 40075 40076 40077
5468 40079 40080
5469 40082 40083 40084 40085 40086 40087 40088 40089 40090
5470 40092 40093 40094 40095 40096
5471 40098 40099 40100 40101
5472 40103 40104 40105 40106
5475 40108 40109 40110 40111 40112 40113 40114 40115 40116
5476 40118 40119 40120 40121
5477 40123 40124 40125 40126 40127 40128 40129 40130 40131
5479 40133 40134 40135 40136 40137 40138 40139 40140 40141
5480 40143 40144 40145 40146 40147 40148 40149 40150 40151
5481 40153 40154 40155 40156 40157
5482 40159 40160 40161 40162 40163 40164 40165 40166 40167
5483 40169 40170 40171 40172 40173 40174 40175 40176 40177
5484 40179 40180 40181
5485 40183 40184 40185 40186 40187 40188 40189 40190 40191
5486 40193 40194 40195 40196 40197 40198 40199 40200 40201
5488 40203 40204 40205 40206 40207 40208 40209 40210 40211
5489 40213 40214 40215 40216 40217
5490 40219 40220 40221
5491 40223 40224 40225 40226 40227 40228 40229 40230
5492 40232 40233 40234 40235 40236 40237 40238 40239 40240
5493 40242 40243 40244 40245 40246 40247 40248
5494 40250 40251 40252 40253 40254 40255 40256 40257
5495 40259
5496 40261 40262 40263 40264 40265 40266 40267 40268 40269
5497 40271 40272 40273
5498 40275 40276 40277 40278 40279 40280 40281 40282 40283
5500 40285 40286 40287 40288 40289 40290 40291 40292 40293
5501 40295 40296 40297 40298 40299 40300 40301 40302 40303
5502 40305 40306 40307 40308 40309 40310 40311 40312 40313
5503 40315 40316 40317 40318 40319 40320 40321 40322 40323
5505 40325 40326 40327
5506 40329 40330 40331 40332 40333 40334 40335 40336 40337
5507 40339 40340
5508 40342 40343 40344 40345 40346 40347 40348 40349 40350
5509 40352 40353 40354 40355 40356 40357 40358 40359 40360
5510 40362 40363 40364 40365
5511 40367
5512 40369 40370 40371 40372
5513 40374 40375 40376 40377 40378 40379 40380 40381 40382
5514 40384 40385 40386
5515 40388 40389 40390 40391 40392 40393 40394 40395 40396
5516 40398 40399 40400 40401 40402 40403 40404 40405 40406
5517 40408 40409 40410 40411 40412 40413 40414
5518 40416 40417 40418 40419 40420 40421 40422 40423 40424
5519 40426 40427
5520 40429 40430 40431
5521 40433 40434 40435
5523 40437 40438 40439 40440 40441 40442 40443
5524 40445 40446
5526 40448 40449 40450 40451 40452 40453 40454 40455 40456
5527 40458 40459 40460 40461 40462 40463 40464 40465 40466
5528 40468 40469 40470 40471 40472 40473 40474 40475 40476
5529 40478 40479 40480
5530 40482 40483 40484 40485 40486
5531 40488 40489 40490 40491 40492 40493 40494 40495 40496
5532 40498 40499 40500 40501 40502 40503 40504 40505 40506
5533 40508 40509 40510 40511 40512 40513 40514 40515 40516
5534 40518 40519 40520 40521 40522 40523 40524 40525 40526
5535 40528 40529 40530 40531 40532 40533 40534 40535 40536
5536 40538 40539 40540 40541 40542 40543 40544 40545 40546
5537 40548 40549
5538 40551 40552 40553 40554 40555 40556 40557 40558 40559
5539 40561 40562 40563 40564
5540 40566 40567 40568 40569 40570 40571 40572 40573 40574
5541 40576 40577 40578 40579 40580 40581
5542 40583
5543 40585 40586 40587 40588 40589 40590 40591 40592 40593
5544 40595 40596 40597 40598 40599 40600 40601 40602 40603
5545 40605 40606 40607 40608 40609 40610 40611 40612 40613
5546 40615 40616 40617 40618 40619
5547 40621 40622 40623 40624 40625 40626 40627 40628 40629
5548 40631 40632 40633 40634 40635 40636 40637 40638 40639
5549 40641 40642 40643
5550 40645 40646 40647 40648 40649 40650 40651 40652 40653
5551 40655 40656 40657 40658 40659 40660
5552 40662 40663 40664 40665 40666
5553 40668 40669 40670 40671 40672 40673 40674
5554 40676 40677 40678 40679 40680 40681 40682 40683 40684
5555 40686 40687 40688 40689 40690 40691 40692
5556 40694 40695
5558 40697 40698 40699 40700 40701 40702
5559 40704 40705 40706 40707 40708 40709 40710 40711 40712
5560 40714 40715
5562 40717 40718 40719 40720 40721 40722 40723 40724 40725
5563 40727 40728
5564 40730
5565 40732 40733 40734 40735 40736
5566 40738 40739 40740 40741 40742 40743 40744 40745 40746
5567 40748 40749 40750 40751 40752 40753 40754 40755 40756
5569 40758 40759 40760 40761 40762 40763 40764 40765 40766
5570 40768 40769 40770
5571 40772 40773
5572 40775 40776 40777 40778 40779 40780 40781 40782 40783
5574 40785 40786 40787
5575 40789 40790 40791 40792 40793 40794 40795 40796 40797
5576 40799 40800 40801 40802 40803 40804 40805
5577 40807 40808 40809 40810 40811 40812 40813 40814 40815
5579 40817 40818 40819 40820 40821 40822 40823 40824 40825
5580 40827
5582 40829 40830 40831 40832 40833 40834 40835 40836 40837
5584 40839 40840 40841 40842 40843 40844 40845 40846 40847
5585 40849 40850 40851 40852 40853 40854 40855 40856 40857
5586 40859 40860 40861 40862
5587 40864 40865 40866 40867 40868 40869 40870 40871 40872
5588 40874 40875 40876 40877 40878 40879 40880 40881 40882
5589 40884 40885 40886 40887 40888 40889 40890 40891 40892
5590 40894 40895 40896 40897 40898 40899 40900 40901 40902
5591 40904 40905 40906 40907 40908
5592 40910 40911
5593 40913 40914 40915 40916 40917 40918 40919 40920 40921
5594 40923 40924
5595 40926 40927 40928 40929 40930 40931 40932 40933 40934
5596 40936 40937 40938 40939 40940 40941 40942 40943 40944
5597 40946 40947 40948
5600 40950 40951 40952 40953 40954 40955 40956 40957 40958
5602 40960 40961 40962 40963
5603 40965 40966 40967 40968 40969 40970 40971 40972 40973
5605 40975 40976 40977 40978 40979 40980 40981 40982 40983
5606 40985 40986 40987
5607 40989 40990 40991 40992 40993 40994 40995 40996 40997
5608 40999
5609 41001 41002 41003 41004 41005 41006 41007
5610 41009 41010 41011 41012 41013 41014
5611 41016
5613 41018 41019 41020 41021 41022 41023 41024 41025 41026
5615 41028 41029 41030 41031 41032 41033 41034 41035 41036
5616 41038 41039 41040
5617 41042 41043 41044 41045 41046
5618 41048 41049 41050
5619 41052 41053 41054
5620 41056 41057 41058 41059 41060 41061 41062 41063 41064
5621 41066
5622 41068 41069 41070 41071
5623 41073 41074 41075 41076 41077 41078
5624 41080 41081 41082 41083 41084 41085 41086 41087 41088
5625 41090 41091 41092 41093 41094 41095 41096
5626 41098 41099 41100 41101 41102 41103 41104 41105 41106
5627 41108 41109 41110 41111 41112 41113 41114 41115 41116
5628 41118 41119
5630 41121 41122 41123 41124 41125
5631 41127 41128 41129
5632 41131 41132 41133 41134 41135 41136 41137 41138 41139
5633 41141
5634 41143 41144 41145 41146 41147 41148 41149 41150 41151
5635 41153 41154 41155 41156 41157 41158 41159 41160 41161
5636 41163
5637 41165 41166 41167 41168 41169 41170 41171 41172 41173
5638 41175
5639 41177 41178 41179 41180 41181 41182 41183 41184 41185
5640 41187 41188 41189 41190 41191 41192 41193 41194 41195
5641 41197 41198 41199 41200 41201 41202 41203 41204 41205
5642 41207 41208 41209 41210 41211 41212 41213 41214 41215
5644 41217 41218 41219 41220 41221 41222 41223
5645 41225
5646 41227 41228 41229 41230
5647 41232 41233 41234 41235 41236 41237 41238 41239 41240
5650 41242 41243 41244 41245 41246 41247 41248 41249 41250
5651 41252 41253 41254 41255 41256 41257 41258 41259 41260
5652 41262
5654 41264 41265 41266 41267 41268 41269 41270 41271 41272
5655 41274 41275
5656 41277 41278 41279 41280 41281 41282 41283 41284 41285
5657 41287 41288 41289 41290 41291 41292 41293
5658 41295
5660 41297 41298 41299 41300 41301 41302 41303 41304 41305
5661 41307 41308 41309 41310 41311 41312 41313 41314 41315
5662 41317 41318 41319 41320 41321 41322 41323 41324 41325
5663 41327 41328 41329 41330 41331 41332 41333 41334 41335
5666 41337 41338 41339
5667 41341 41342 41343 41344
5668 41346 41347
5669 41349
5671 41351 41352 41353 41354 41355 41356 41357 41358 41359
5672 41361 41362 41363 41364 41365 41366
5673 41368 41369 41370 41371 41372 41373 41374 41375 41376
5674 41378 41379 41380 41381 41382 41383 41384
5675 41386 41387 41388 41389 41390 41391 41392 41393 41394
5676 41396 41397 41398
5677 41400 41401 41402 41403 41404 41405 41406 41407 41408
5678 41410 41411 41412 41413 41414 41415 41416 41417 41418
5679 41420 41421
5680 41423 41424 41425 41426 41427 41428 41429
5681 41431 41432 41433
5682 41435 41436 41437
5684 41439 41440 41441 41442 41443 41444 41445 41446 41447
5685 41449 41450 41451 41452 41453 41454 41455 41456 41457
5686 41459 41460 41461 41462 41463 41464 41465 41466 41467
5687 41469 41470 41471 41472 41473 41474 41475 41476 41477
5688 41479 41480 41481 41482 41483 41484 41485 41486 41487
5689 41489 41490 41491 41492 41493
5690 41495 41496 41497 41498 41499 41500
5691 41502 41503 41504 41505 41506 41507 41508 41509 41510
5693 41512 41513 41514 41515 41516 41517 41518 41519 41520
5694 41522 41523 41524 41525 41526 41527 41528
5695 41530 41531 41532 41533 41534 41535 41536
5696 41538 41539 41540 41541 41542 41543 41544 41545 41546
5697 41548 41549 41550 41551 41552 41553 41554 41555 41556
5699 41558 41559 41560 41561 41562 41563 41564 41565 41566
5700 41568 41569 41570 41571 41572 41573 41574 41575 41576
5701 41578
5702 41580 41581 41582 41583 41584 41585 41586 41587 41588
5703 41590 41591 41592 41593 41594 41595 41596 41597 41598
5704 41600 41601 41602 41603 41604 41605 41606 41607 41608
5705 41610 41611 41612 41613 41614 41615 41616 41617 41618
5706 41620 41621 41622 41623 41624 41625 41626 41627 41628
5707 41630 41631 41632 41633 41634 41635 41636 41637 41638
5709 41640 41641 41642 41643
5710 41645
5711 41647 41648 41649 41650 41651
5712 41653
5713 41655 41656 41657 41658 41659 41660 41661 41662 41663
5714 41665 41666 41667 41668 41669 41670 41671 41672
5716 41674 41675 41676 41677 41678 41679 41680 41681 41682
5717 41684 41685 41686 41687 41688 41689 41690 41691 41692
5718 41694 41695 41696 41697 41698 41699 41700 41701 41702
5720 41704
5721 41706 41707 41708 41709 41710 41711 41712 41713 41714
5722 41716 41717 41718 41719 41720 41721 41722 41723 41724
5723 41726 41727 41728 41729 41730 41731 41732 41733 41734
5724 41736 41737 41738 41739 41740 41741 41742 41743 41744
5725 41746
5727 41748 41749 41750
5728 41752 41753 41754 41755 41756 41757 41758 41759 41760
5729 41762 41763 41764 41765 41766 41767 41768
5731 41770 41771 41772 41773 41774 41775 41776 41777 41778
5733 41780 41781 41782 41783 41784 41785 41786 41787 41788
5734 41790 41791 41792 41793 41794 41795 41796 41797 41798
5735 41800 41801 41802 41803 41804 41805 41806 41807 41808
5737 41810 41811 41812 41813 41814 41815 41816 41817 41818
5738 41820 41821 41822 41823 41824 41825 41826 41827 41828
5739 41830 41831 41832 41833 41834 41835 41836 41837 41838
5740 41840
5741 41842 41843 41844 41845 41846 41847 41848 41849 41850
5743 41852 41853 41854 41855
5744 41857 41858 41859 41860 41861 41862 41863 41864 41865
5746 41867 41868 41869 41870
5747 41872 41873 41874 41875 41876 41877 41878 41879 41880
5748 41882 41883 41884 41885 41886
5749 41888 41889 41890
5750 41892 41893 41894 41895 41896 41897
5751 41899 41900 41901 41902 41903 41904 41905 41906 41907
5752 41909 41910 41911 41912 41913 41914 41915 41916 41917
5753 41919 41920 41921 41922 41923 41924 41925 41926
5754 41928 41929 41930
5755 41932 41933 41934 41935 41936 41937 41938 41939 41940
5756 41942 41943 41944 41945
5757 41947 41948 41949 41950 41951 41952 41953 41954 41955
5758 41957 41958 41959 41960 41961 41962 41963 41964
5761 41966 41967 41968
5762 41970 41971 41972 41973 41974 41975 41976 41977 41978
5763 41980 41981 41982 41983 41984 41985 41986 41987 41988
5764 41990 41991 41992 41993 41994 41995
5765 41997 41998 41999
5767 42001 42002
5768 42004 42005 42006 42007 42008
5769 42010 42011 42012 42013 42014 42015 42016 42017 42018
5770 42020 42021
5771 42023 42024 42025 42026 42027 42028 42029 42030
5772 42032 42033 42034 42035 42036 42037 42038 42039 42040
5773 42042 42043 42044 42045 42046 42047 42048 42049 42050
5774 42052 42053 42054 42055
5775 42057 42058 42059 42060 42061 42062 42063 42064 42065
5776 42067 42068 42069 42070 42071 42072 42073 42074 42075
5777 42077 42078 42079
5778 42081 42082 42083 42084
5780 42086 42087 42088 42089 42090 42091 42092 42093 42094
5781 42096 42097 42098
5782 42100 42101 42102 42103 42104 42105 42106 42107 42108
5783 42110 42111 42112 42113 42114 42115 42116 42117 42118
5784 42120 42121 42122 42123 42124 42125 42126 42127 42128
5785 42130
5786 42132 42133 42134 42135
5787 42137 42138
5788 42140 42141
5789 42143 42144 42145 42146 42147
5790 42149 42150
5791 42152 42153 42154 42155 42156 42157 42158 42159 42160
5792 42162 42163 42164 42165 42166
5793 42168
5794 42170 42171 42172
5795 42174 42175 42176 42177 42178 42179 42180
5796 42182 42183
5797 42185 42186 42187 42188 42189 42190 42191 42192 42193
5798 42195 42196 42197 42198 42199 42200 42201 42202 42203
5799 42205 42206 42207 42208 42209 42210 42211 42212 42213
5800 42215 42216 42217 42218 42219 42220 42221 42222 42223
5802 42225 42226 42227 42228 42229 42230 42231 42232 42233
5803 42235
5805 42237 42238 42239
5806 42241 42242 42243 42244
5807 42246 42247 42248 42249 42250 42251 42252 42253 42254
5808 42256 42257 42258
5809 42260 42261 42262 42263 42264 42265 42266 42267 42268
5810 42270 42271 42272 42273 42274 42275 42276 42277 42278
5811 42280 42281 42282 42283 42284 42285 42286 42287
5812 42289 42290 42291
5813 42293 42294 42295
5814 42297 42298 42299 42300 42301 42302 42303
5815 42305 42306 42307 42308 42309 42310 42311 42312 42313
5816 42315 42316 42317 42318 42319 42320 42321 42322
5818 42324 42325 42326 42327 42328 42329 42330 42331 42332
5819 42334 42335 42336 42337 42338 42339
5820 42341 42342 42343 42344 42345 42346 42347 42348
5822 42350 42351 42352 42353 42354 42355 42356 42357 42358
5823 42360 42361 42362 42363 42364 42365 42366 42367 42368
5825 42370 42371 42372 42373 42374 42375 42376
5826 42378 42379 42380 42381 42382 42383 42384 42385 42386
5828 42388 42389 42390 42391 42392
5829 42394 42395 42396 42397 42398
5830 42400 42401 42402 42403 42404 42405 42406
5831 42408 42409 42410 42411 42412 42413 42414 42415 42416
5832 42418 42419 42420 42421 42422
5834 42424 42425 42426 42427 42428 42429 42430 42431 42432
5835 42434 42435 42436 42437 42438 42439 42440 42441
5836 42443 42444 42445 42446 42447 42448 42449 42450 42451
5838 42453 42454 42455 42456 42457 42458 42459 42460 42461
5839 42463 42464 42465 42466 42467
5841 42469 42470 42471 42472 42473 42474 42475 42476 42477
5842 42479 42480 42481
5844 42483 42484
5845 42486
5846 42488 42489 42490 42491 42492 42493 42494 42495 42496
5847 42498 42499 42500 42501 42502 42503 42504 42505 42506
5848 42508 42509
5849 42511 42512 42513 42514 42515 42516 42517 42518 42519
5850 42521 42522 42523 42524
5851 42526 42527 42528 42529 42530 42531 42532 42533 42534
5852 42536 42537
5854 42539 42540 42541 42542 42543 42544 42545 42546 42547
5855 42549 42550 42551 42552 42553 42554 42555 42556 42557
5856 42559 42560 42561
5857 42563 42564 42565 42566 42567 42568 42569 42570 42571
5858 42573 42574 42575 42576 42577 42578
5859 42580 42581 42582 42583 42584 42585 42586 42587 42588
5860 42590 42591 42592 42593 42594 42595 42596 42597 42598
5861 42600 42601 42602 42603
5862 42605 42606 42607 42608 42609 42610 42611 42612
5863 42614 42615 42616 42617 42618 42619 42620 42621 42622
5864 42624 42625 42626
5866 42628 42629 42630 42631 42632 42633 42634 42635 42636
5867 42638 42639 42640 42641
5868 42643 42644 42645 42646 42647 42648 42649 42650 42651
5869 42653 42654 42655 42656 42657 42658 42659 42660 42661
5870 42663 42664 42665 42666 42667 42668 42669 42670 42671
5871 42673 42674 42675 42676 42677 42678 42679 42680 42681
5872 42683 42684 42685 42686 42687 42688 42689 42690 42691
5873 42693 42694 42695 42696 42697 42698 42699 42700 42701
5874 42703 42704 42705 42706 42707
5875 42709 42710 42711 42712 42713 42714
5876 42716 42717 42718 42719 42720 42721
5877 42723 42724 42725 42726 42727 42728 42729 42730 42731
5879 42733 42734 42735 42736 42737 42738 42739 42740 42741
5880 42743 42744 42745 42746 42747 42748 42749 42750 42751
5881 42753 42754 42755 42756 42757 42758 42759 42760 42761
5883 42763 42764 42765 42766 42767 42768 42769 42770 42771
5884 42773 42774 42775 42776 42777 42778 42779
5885 42781 42782 42783 42784
5887 42786 42787 42788 42789 42790 42791 42792 42793
5889 42795 42796 42797 42798
5890 42800
5891 42802
5892 42804 42805 42806 42807 42808 42809 42810 42811 42812
5893 42814 42815 42816 42817 42818 42819 42820
5894 42822 42823 42824 42825 42826 42827 42828 42829 42830
5895 42832 42833 42834 42835 42836 42837 42838 42839 42840
5896 42842 42843 42844 42845 42846 42847 42848 42849 42850
5899 42852 42853 42854 42855 42856 42857 42858 42859 42860
5900 42862 42863 42864 42865 42866 42867 42868 42869
5901 42871 42872 42873
5903 42875 42876 42877 42878 42879 42880 42881 42882 42883
5904 42885 42886 42887 42888 42889 42890 42891 42892 42893
5905 42895 42896 42897
5906 42899 42900 42901 42902 42903 42904 42905 42906 42907
5907 42909 42910 42911 42912 42913 42914 42915 42916 42917
5908 42919 42920 42921 42922 42923 42924 42925 42926 42927
5909 42929 42930 42931 42932 42933 42934 42935 42936 42937
5910 42939 42940 42941 42942 42943 42944
5911 42946 42947
5912 42949 42950 42951 42952 42953
5913 42955 42956 42957
5914 42959 42960 42961 42962 42963 42964 42965 42966 42967
5915 42969 42970 42971 42972 42973 42974 42975 42976 42977
5916 42979 42980 42981 42982 42983 42984 42985 42986 42987
5917 42989 42990 42991 42992 42993 42994 42995 42996 42997
5918 42999 43000 43001 43002 43003 43004 43005 43006 43007
5919 43009 43010 43011 43012 43013 43014 43015 43016
5920 43018 43019 43020 43021 43022 43023 43024 43025 43026
5921 43028 43029 43030 43031 43032 43033 43034 43035 43036
5922 43038 43039 43040 43041 43042 43043 43044 43045 43046
5923 43048 43049
5924 43051 43052 43053 43054 43055 43056 43057 43058 43059
5926 43061
5927 43063 43064
5928 43066 43067 43068 43069 43070 43071 43072
5929 43074 43075 43076 43077 43078 43079 43080 43081 43082
5930 43084 43085 43086 43087 43088 43089 43090 43091 43092
5931 43094 43095 43096
5932 43098 43099 43100 43101 43102 43103 43104 43105 43106
5933 43108 43109 43110 43111 43112 43113 43114 43115 43116
5934 43118 43119 43120 43121
5935 43123
5936 43125 43126
5937 43128 43129 43130 43131 43132 43133 43134 43135
5938 43137 43138 43139
5939 43141 43142 43143 43144 43145 43146 43147 43148 43149
5940 43151 43152 43153 43154 43155 43156 43157 43158 43159
5942 43161 43162 43163 43164 43165 43166 43167 43168 43169
5943 43171 43172 43173 43174 43175 43176 43177 43178 43179
5944 43181 43182 43183 43184 43185 43186 43187 43188
5945 43190 43191 43192 43193 43194 43195 43196
5946 43198 43199 43200 43201 43202 43203 43204 43205 43206
5947 43208 43209
5948 43211 43212 43213 43214 43215 43216 43217
5949 43219 43220 43221 43222 43223 43224 43225 43226 43227
5950 43229 43230 43231
5951 43233 43234 43235 43236 43237 43238 43239 43240 43241
5952 43243 43244 43245 43246 43247 43248 43249 43250 43251
5953 43253 43254 43255 43256 43257 43258 43259 43260 43261
5954 43263 43264 43265 43266 43267 43268 43269 43270 43271
5955 43273
5956 43275 43276
5957 43278 43279 43280 43281 43282 43283 43284 43285 43286
5958 43288 43289 43290 43291 43292 43293 43294 43295 43296
5959 43298 43299 43300 43301 43302 43303 43304 43305 43306
5961 43308 43309 43310 43311 43312 43313 43314 43315 43316
5962 43318 43319 43320 43321 43322 43323 43324 43325 43326
5963 43328 43329 43330 43331 43332 43333 43334 43335 43336
5964 43338
5965 43340 43341 43342 43343 43344
5966 43346 43347 43348 43349 43350
5967 43352 43353 43354 43355 43356 43357
5969 43359 43360 43361
5970 43363 43364 43365 43366 43367 43368 43369 43370 43371
5972 43373 43374 43375 43376 43377 43378 43379 43380 43381
5973 43383 43384 43385 43386 43387 43388 43389
5974 43391 43392 43393 43394 43395 43396 43397 43398 43399
5976 43401 43402 43403 43404 43405
5977 43407 43408 43409 43410 43411 43412 43413 43414 43415
5978 43417 43418 43419 43420 43421 43422 43423 43424 43425
5979 43427 43428 43429 43430 43431 43432 43433 43434 43435
5980 43437 43438 43439 43440
5981 43442 43443 43444 43445 43446 43447 43448 43449 43450
5982 43452 43453 43454 43455 43456 43457 43458 43459 43460
5984 43462 43463 43464 43465 43466
5985 43468 43469 43470 43471 43472 43473 43474 43475 43476
5986 43478 43479 43480 43481 43482 43483
5987 43485 43486 43487 43488 43489 43490 43491 43492 43493
5989 43495 43496 43497 43498 43499
5990 43501 43502 43503 43504 43505 43506 43507 43508 43509
5991 43511 43512 43513 43514 43515 43516 43517 43518 43519
5992 43521 43522 43523 43524 43525 43526 43527 43528 43529
5994 43531
5995 43533 43534 43535 43536 43537 43538 43539 43540 43541
5996 43543 43544 43545 43546 43547 43548
5998 43550 43551 43552 43553 43554 43555 43556 43557 43558
5999 43560 43561 43562 43563 43564 43565 43566 43567 43568
6000 43570 43571 43572 43573 43574 43575 43576 43577 43578
6001 43580
6002 43582 43583 43584 43585 43586 43587 43588 43589 43590
6003 43592 43593 43594 43595 43596 43597 43598 43599 43600
6005 43602 43603
6006 43605 43606 43607 43608 43609 43610 43611 43612
6008 43614 43615 43616 43617 43618 43619 43620 43621 43622
6009 43624
6010 43626 43627 43628 43629 43630 43631 43632 43633 43634
6011 43636 43637 43638
6012 43640 43641 43642 43643 43644 43645 43646 43647 43648
6013 43650 43651
6014 43653 43654 43655 43656 43657 43658 43659
6015 43661 43662 43663 43664 43665 43666 43667 43668
6016 43670 43671 43672 43673 43674 43675 43676 43677 43678
6017 43680
6019 43682 43683 43684 43685
6020 43687 43688
6023 43690 43691 43692 43693
6024 43695 43696 43697 43698 43699 43700 43701 43702 43703
6025 43705 43706 43707 43708 43709 43710 43711 43712 43713
6026 43715
6027 43717 43718 43719 43720 43721 43722 43723 43724 43725
6028 43727 43728 43729 43730 43731 43732 43733 43734 43735
6029 43737 43738 43739 43740 43741 43742 43743 43744 43745
6030 43747 43748 43749 43750 43751 43752 43753 43754 43755
6031 43757 43758 43759
6032 43761 43762 43763 43764 43765 43766 43767 43768 43769
6033 43771 43772 43773 43774 43775
6035 43777 43778 43779 43780 43781 43782 43783 43784 43785
6036 43787 43788 43789 43790 43791 43792 43793 43794 43795
6037 43797 43798 43799 43800 43801 43802 43803 43804 43805
6038 43807 43808 43809
6039 43811 43812 43813
6040 43815 43816 43817
6042 43819 43820 43821 43822 43823 43824 43825 43826 43827
6043 43829
6044 43831 43832 43833 43834 43835 43836 43837 43838 43839
6045 43841 43842 43843 43844 43845 43846 43847 43848 43849
6046 43851 43852 43853 43854 43855 43856 43857 43858 43859
6047 43861 43862 43863 43864 43865 43866 43867 43868 43869
6048 43871 43872
6049 43874
6050 43876 43877 43878 43879 43880 43881 43882 43883 43884
6051 43886 43887 43888 43889 43890
6052 43892 43893 43894 43895 43896 43897 43898
6053 43900 43901 43902
6055 43904 43905 43906 43907 43908 43909 43910 43911 43912
6056 43914 43915 43916 43917 43918 43919 43920 43921 43922
6057 43924 43925 43926 43927 43928 43929 43930 43931 43932
6058 43934 43935
6059 43937 43938 43939 43940 43941 43942 43943 43944 43945
6061 43947
6062 43949 43950 43951 43952 43953 43954 43955 43956 43957
6063 43959 43960 43961 43962 43963
6064 43965 43966 43967 43968
6065 43970 43971 43972 43973 43974 43975 43976
6066 43978 43979
6068 43981 43982 43983 43984
6070 43986 43987 43988 43989 43990 43991 43992 43993 43994
6071 43996 43997 43998 43999 44000
6072 44002 44003 44004 44005 44006
6073 44008 44009 44010 44011
6074 44013 44014 44015 44016 44017 44018 44019 44020
6075 44022
6076 44024 44025 44026 44027 44028 44029 44030 44031 44032
6077 44034 44035 44036 44037 44038 44039 44040 44041 44042
6078 44044 44045 44046 44047 44048 44049 44050 44051 44052
6079 44054 44055 44056 44057 44058 44059 44060 44061 44062
6080 44064 44065
6081 44067 44068 44069 44070 44071
6082 44073 44074 44075 44076 44077 44078 44079 44080 44081
6083 44083 44084 44085 44086 44087 44088
6084 44090 44091 44092 44093 44094 44095 44096 44097 44098
6085 44100 44101 44102 44103 44104
6086 44106 44107 44108 44109 44110 44111 44112 44113 44114
6087 44116 44117 44118 44119 44120 44121 44122 44123 44124
6088 44126 44127
6089 44129 44130 44131
6090 44133 44134 44135 44136 44137 44138
6091 44140 44141 44142 44143
6093 44145 44146 44147 44148 44149 44150 44151 44152 44153
6095 44155 44156 44157 44158 44159 44160 44161 44162 44163
6097 44165 44166 44167 44168 44169 44170 44171 44172 44173
6098 44175 44176 44177 44178 44179 44180 44181 44182 44183
6099 44185 44186 44187 44188 44189 44190 44191
6101 44193 44194 44195 44196 44197 44198 44199 44200 44201
6102 44203 44204 44205 44206 44207 44208 44209 44210
6103 44212 44213 44214 44215
6104 44217 44218
6106 44220 44221 44222 44223 44224 44225 44226 44227 44228
6107 44230 44231 44232 44233 44234 44235 44236 44237 44238
6108 44240 44241 44242 44243 44244 44245 44246 44247
6109 44249 44250 44251 44252 44253 44254 44255 44256 44257
6110 44259 44260 44261 44262 44263
6111 44265 44266 44267 44268
6112 44270 44271 44272 44273 44274 44275 44276 44277 44278
6113 44280 44281 44282 44283
6115 44285 44286 44287 44288 44289
6116 44291
6117 44293 44294 44295 44296 44297 44298 44299 44300 44301
6118 44303 44304 44305 44306 44307 44308 44309 44310 44311
6119 44313 44314 44315 44316
6120 44318
6122 44320 44321
6123 44323 44324 44325 44326 44327 44328
6124 44330 44331 44332 44333 44334 44335 44336 44337 44338
6125 44340 44341 44342
6126 44344 44345 44346 44347 44348
6128 44350 44351 44352 44353 44354 44355
6130 44357 44358 44359 44360 44361 44362 44363 44364 44365
6131 44367 44368 44369
6132 44371 44372 44373 44374
6133 44376 44377 44378 44379 44380 44381 44382 44383 44384
6134 44386 44387 44388 44389 44390 44391 44392 44393 44394
6135 44396 44397 44398 44399 44400 44401 44402 44403 44404
6137 44406
6138 44408 44409 44410 44411 44412 44413
6139 44415 44416 44417 44418 44419 44420 44421
6140 44423 44424 44425 44426 44427 44428 44429 44430 44431
6141 44433 44434 44435 44436 44437 44438 44439 44440 44441
6142 44443 44444 44445 44446 44447 44448 44449
6143 44451
6144 44453
6145 44455 44456 44457 44458 44459 44460 44461 44462 44463
6147 44465 44466 44467 44468 44469 44470 44471 44472 44473
6148 44475 44476 44477 44478 44479 44480 44481 44482 44483
6149 44485 44486 44487
6150 44489 44490 44491 44492 44493 44494 44495 44496 44497
6151 44499 44500
6152 44502 44503 44504 44505 44506
6153 44508
6154 44510 44511 44512 44513 44514 44515 44516 44517
6156 44519 44520 44521 44522 44523 44524 44525 44526 44527
6157 44529 44530 44531 44532
6159 44534 44535 44536 44537 44538 44539 44540 44541 44542
6160 44544 44545 44546 44547 44548 44549 44550 44551 44552
6161 44554 44555 44556 44557 44558 44559 44560 44561 44562
6162 44564 44565 44566 44567 44568 44569 44570 44571 44572
6163 44574 44575 44576
6164 44578
6165 44580 44581 44582 44583
6166 44585 44586 44587 44588 44589 44590 44591 44592 44593
6167 44595 44596 44597 44598 44599 44600 44601 44602 44603
6168 44605 44606 44607 44608 44609 44610 44611
6169 44613
6170 44615 44616 44617 44618 44619 44620 44621 44622 44623
6171 44625 44626 44627 44628 44629 44630 44631 44632 44633
6172 44635 44636 44637 44638
6173 44640 44641 44642 44643 44644 44645 44646 44647 44648
6174 44650 44651 44652 44653 44654 44655 44656 44657 44658
6175 44660 44661 44662 44663 44664 44665 44666 44667
6176 44669 44670 44671 44672 44673 44674 44675 44676 44677
6177 44679
6178 44681 44682 44683 44684 44685 44686
6179 44688
6180 44690 44691 44692 44693 44694 44695 44696 44697 44698
6181 44700
6182 44702 44703 44704 44705 44706 44707 44708 44709 44710
6184 44712 44713 44714 44715 44716 44717 44718 44719 44720
6185 44722 44723 44724 44725 44726 44727 44728 44729 44730
6186 44732 44733 44734 44735 44736 44737 44738 44739 44740
6187 44742 44743 44744 44745
6188 44747 44748 44749 44750 44751 44752 44753 44754
6189 44756 44757 44758 44759 44760 44761 44762 44763 44764
6190 44766 44767 44768 44769 44770 44771 44772 44773 44774
6191 44776 44777 44778 44779 44780 44781 44782 44783 44784
6192 44786 44787
6193 44789 44790 44791 44792 44793 44794 44795 44796 44797
6194 44799 44800 44801 44802 44803 44804 44805 44806 44807
6195 44809 44810 44811 44812 44813 44814 44815 44816 44817
6196 44819 44820 44821 44822 44823 44824 44825 44826 44827
6197 44829 44830 44831 44832 44833 44834
6198 44836 44837 44838 44839 44840
6200 44842 44843 44844 44845
6201 44847 44848 44849
6202 44851 44852 44853 44854
6203 44856 44857 44858 44859 44860 44861 44862 44863 44864
6204 44866 44867 44868 44869 44870 44871 44872 44873 44874
6205 44876
6206 44878 44879 44880 44881 44882 44883 44884 44885 44886
6207 44888
6208 44890 44891 44892 44893 44894 44895 44896 44897 44898
6209 44900 44901 44902 44903 44904 44905 44906 44907 44908
6210 44910
6211 44912 44913 44914 44915 44916 44917 44918 44919 44920
6212 44922 44923 44924 44925 44926 44927 44928 44929 44930
6213 44932 44933 44934 44935 44936 44937 44938 44939 44940
6214 44942 44943 44944 44945 44946 44947 44948 44949
6216 44951 44952
6217 44954
6218 44956 44957 44958 44959 44960 44961 44962 44963 44964
6219 44966 44967 44968 44969 44970 44971 44972 44973 44974
6220 44976 44977 44978 44979 44980 44981 44982 44983 44984
6221 44986 44987 44988 44989 44990 44991 44992 44993 44994
6223 44996 44997 44998 44999 45000 45001 45002 45003 45004
6224 45006 45007 45008 45009 45010 45011 45012 45013 45014
6225 45016 45017 45018 45019
6227 45021 45022 45023 45024 45025
6228 45027
6229 45029 45030
6231 45032 45033 45034 45035 45036 45037 45038 45039 45040
6233 45042
6234 45044 45045 45046 45047 45048 45049 45050 45051 45052
6235 45054 45055
6236 45057
6237 45059 45060 45061 45062 45063 45064 45065 45066 45067
6239 45069 45070 45071 45072 45073 45074 45075 45076 45077
6240 45079 45080 45081 45082 45083 45084 45085 45086 45087
6241 45089 45090 45091 45092 45093 45094 45095 45096 45097
6243 45099 45100 45101
6244 45103 45104 45105 45106 45107 45108 45109 45110 45111
6245 45113 45114 45115 45116 45117 45118 45119 45120 45121
6246 45123 45124 45125 45126 45127 45128 45129 45130 45131
6248 45133 45134 45135 45136 45137 45138 45139
6249 45141 45142 45143 45144 45145 45146 45147 45148 45149
6250 45151 45152 45153 45154 45155 45156 45157 45158 45159
6251 45161 45162
6252 45164 45165 45166 45167 45168 45169 45170 45171
6253 45173 45174 45175 45176 45177 45178 45179 45180 45181
6254 45183 45184 45185 45186 45187 45188 45189 45190 45191
6255 45193 45194 45195 45196 45197 45198 45199 45200 45201
6256 45203 45204
6257 45206 45207 45208
6258 45210 45211 45212 45213 45214 45215 45216 45217 45218
6259 45220 45221
6260 45223 45224 45225 45226 45227 45228 45229 45230 45231
6261 45233 45234 45235 45236 45237 45238 45239 45240 45241
6262 45243 45244
6263 45246 45247 45248 45249 45250 45251 45252 45253 45254
6264 45256 45257 45258 45259 45260 45261 45262 45263 45264
6265 45266 45267 45268 45269 45270 45271
6266 45273 45274 45275
6267 45277
6268 45279 45280 45281 45282 45283 45284 45285 45286 45287
6270 45289 45290 45291 45292 45293 45294 45295 45296
6271 45298 45299 45300 45301 45302 45303 45304 45305 45306
6272 45308 45309 45310 45311 45312
6273 45314 45315 45316 45317 45318 45319 45320 45321 45322
6274 45324 45325 45326 45327 45328 45329 45330 45331 45332
6275 45334 45335 45336 45337 45338 45339 45340 45341 45342
6276 45344 45345 45346 45347 45348 45349 45350 45351 45352
6277 45354 45355 45356 45357 45358 45359 45360 45361 45362
6278 45364 45365 45366 45367
6279 45369 45370 45371 45372 45373 45374 45375 45376 45377
6280 45379 45380 45381 45382 45383 45384 45385 45386 45387
6281 45389 45390 45391
6282 45393 45394 45395 45396 45397 45398 45399 45400
6283 45402 45403 45404 45405 45406 45407 45408 45409 45410
6285 45412 45413 45414 45415 45416
6286 45418
6287 45420
6288 45422 45423 45424 45425 45426 45427 45428 45429 45430
6289 45432 45433
6290 45435 45436 45437 45438 45439 45440
6291 45442 45443 45444 45445 45446 45447 45448 45449 45450
6292 45452 45453 45454 45455 45456
6293 45458 45459 45460 45461 45462 45463 45464 45465 45466
6296 45468 45469 45470 45471 45472 45473 45474 45475
6297 45477 45478 45479 45480 45481 45482 45483 45484
6298 45486 45487 45488 45489 45490
6299 45492 45493 45494 45495 45496 45497 45498 45499 45500
6300 45502 45503 45504 45505 45506 45507
6301 45509 45510 45511 45512 45513 45514 45515 45516 45517
6302 45519 45520 45521
6303 45523 45524 45525
6305 45527 45528 45529 45530 45531 45532 45533 45534 45535
6307 45537 45538 45539 45540 45541 45542 45543 45544 45545
6308 45547 45548 45549 45550 45551 45552 45553 45554 45555
6310 45557 45558 45559 45560 45561 45562 45563 45564 45565
6312 45567
6313 45569 45570 45571 45572 45573 45574 45575 45576 45577
6314 45579 45580 45581 45582 45583 45584 45585
6315 45587 45588 45589 45590 45591 45592 45593
6316 45595 45596 45597 45598 45599 45600 45601 45602 45603
6317 45605 45606 45607 45608 45609 45610 45611 45612 45613
6318 45615 45616 45617 45618 45619 45620 45621 45622 45623
6319 45625 45626 45627 45628 45629 45630 45631 45632 45633
6321 45635
6323 45637 45638 45639 45640 45641 45642 45643 45644 45645
6324 45647
6325 45649 45650 45651 45652 45653 45654 45655 45656 45657
6326 45659 45660 45661 45662 45663 45664 45665 45666 45667
6327 45669 45670 45671 45672 45673 45674 45675 45676 45677
6328 45679 45680 45681 45682 45683 45684 45685 45686 45687
6329 45689 45690 45691 45692 45693 45694 45695 45696
6330 45698 45699 45700 45701 45702 45703
6332 45705 45706 45707 45708 45709 45710
6334 45712 45713 45714
6337 45716 45717 45718 45719 45720 45721 45722 45723 45724
6338 45726 45727
6339 45729 45730 45731 45732 45733 45734 45735 45736 45737
6340 45739 45740 45741 45742 45743 45744 45745 45746 45747
6341 45749
6342 45751
6343 45753
6345 45755 45756 45757 45758 45759
6346 45761 45762 45763 45764 45765
6347 45767 45768 45769 45770 45771 45772 45773 45774 45775
6348 45777 45778 45779 45780 45781 45782 45783 45784
6350 45786 45787
6352 45789 45790 45791 45792 45793 45794 45795 45796 45797
6353 45799 45800 45801 45802 45803 45804 45805 45806 45807
6355 45809 45810 45811 45812 45813 45814 45815 45816 45817
6356 45819 45820 45821
6357 45823 45824 45825 45826 45827
6358 45829 45830 45831 45832 45833 45834 45835 45836 45837
6360 45839 45840 45841 45842 45843 45844 45845 45846 45847
6362 45849 45850
6363 45852 45853 45854 45855 45856 45857
6364 45859 45860 45861 45862 45863 45864 45865 45866 45867
6366 45869 45870 45871 45872
6368 45874 45875 45876 45877 45878 45879 45880
6369 45882 45883 45884 45885 45886 45887 45888 45889
6370 45891 45892 45893 45894 45895 45896 45897 45898 45899
6371 45901
6372 45903 45904 45905
6373 45907 45908 45909 45910 45911 45912 45913 45914 45915
6374 45917 45918 45919 45920 45921 45922 45923 45924 45925
6375 45927 45928 45929
6376 45931
6377 45933 45934 45935 45936 45937 45938 45939 45940 45941
6378 45943 45944 45945 45946 45947 45948 45949 45950 45951
6379 45953 45954 45955 45956 45957 45958 45959 45960 45961
6380 45963 45964 45965 45966 45967 45968 45969 45970 45971
6381 45973 45974 45975 45976 45977 45978 45979 45980 45981
6382 45983 45984 45985 45986 45987 45988 45989 45990
6383 45992 45993 45994 45995 45996 45997 45998 45999
6385 46001 46002 46003 46004 46005 46006 46007 46008 46009
6387 46011 46012 46013 46014 46015 46016 46017 46018
6389 46020 46021 46022 46023 46024 46025 46026 46027 46028
6390 46030 46031
6391 46033 46034 46035 46036 46037 46038 46039 46040 46041
6393 46043 46044 46045 46046 46047 46048 46049 46050 46051
6394 46053 46054 46055 46056
6395 46058 46059
6396 46061 46062 46063 46064 46065 46066 46067 46068 46069
6397 46071 46072 46073 46074 46075 46076
6398 46078 46079 46080 46081 46082 46083 46084 46085 46086
6399 46088 46089 46090 46091 46092 46093 46094 46095 46096
6400 46098 46099 46100 46101 46102 46103 46104 46105 46106
6401 46108 46109 46110 46111 46112
6402 46114 46115 46116
6403 46118 46119
6405 46121 46122 46123 46124 46125 46126 46127 46128 46129
6406 46131 46132 46133 46134 46135 46136 46137 46138 46139
6408 46141 46142 46143
6409 46145 46146 46147 46148 46149 46150 46151 46152
6410 46154 46155 46156 46157
6411 46159 46160 46161 46162 46163 46164 46165 46166 46167
6412 46169 46170 46171 46172 46173 46174 46175 46176 46177
6414 46179 46180 46181
6415 46183 46184 46185 46186 46187 46188 46189 46190 46191
6416 46193 46194 46195 46196
6417 46198 46199 46200 46201 46202 46203 46204 46205 46206
6418 46208 46209 46210 46211 46212 46213 46214 46215 46216
6419 46218 46219 46220 46221 46222 46223 46224 46225 46226
6420 46228 46229 46230 46231 46232 46233 46234 46235
6422 46237 46238
6423 46240 46241 46242 46243
6424 46245 46246 46247 46248 46249 46250 46251 46252 46253
6425 46255
6426 46257
6427 46259 46260 46261 46262 46263 46264 46265 46266 46267
6428 46269 46270 46271 46272 46273 46274 46275 46276 46277
6429 46279 46280 46281
6430 46283 46284 46285 46286 46287 46288 46289 46290 46291
6431 46293
6432 46295 46296
6433 46298 46299 46300 46301 46302 46303 46304 46305 46306
6434 46308 46309 46310
6435 46312 46313
6436 46315 46316 46317 46318 46319 46320 46321 46322 46323
6437 46325 46326 46327 46328 46329 46330 46331 46332 46333
6438 46335 46336 46337 46338 46339 46340 46341 46342
6439 46344 46345 46346
6440 46348 46349
6441 46351 46352 46353 46354 46355
6442 46357 46358 46359
6444 46361 46362 46363
6445 46365 46366
6447 46368 46369 46370 46371 46372 46373 46374 46375 46376
6448 46378 46379 46380
6449 46382 46383 46384
6450 46386 46387 46388 46389 46390 46391 46392 46393 46394
6451 46396 46397 46398
6452 46400
6453 46402
6456 46404 46405 46406 46407 46408 46409 46410 46411 46412
6457 46414 46415 46416 46417 46418 46419 46420 46421 46422
6458 46424 46425 46426 46427 46428 46429
6459 46431
6460 46433 46434 46435 46436 46437 46438 46439 46440 46441
6461 46443 46444 46445 46446 46447 46448 46449 46450 46451
6462 46453 46454 46455 46456 46457 46458 46459 46460 46461
6464 46463
6465 46465 46466 46467 46468 46469 46470 46471 46472 46473
6466 46475 46476 46477
6468 46479 46480 46481 46482 46483 46484 46485 46486 46487
6469 46489 46490 46491
6470 46493 46494 46495 46496 46497 46498 46499 46500 46501
6472 46503
6473 46505 46506 46507 46508 46509 46510 46511
6475 46513
6476 46515 46516 46517 46518 46519 46520 46521 46522 46523
6477 46525 46526 46527 46528 46529 46530 46531 46532 46533
6478 46535 46536 46537 46538 46539 46540 46541 46542 46543
6479 46545 46546 46547 46548 46549 46550
6480 46552 46553 46554 46555 46556 46557
6481 46559 46560 46561 46562 46563 46564 46565 46566 46567
6482 46569 46570
6483 46572 46573 46574 46575 46576 46577 46578 46579 46580
6484 46582 46583 46584 46585
6485 46587
6486 46589 46590 46591 46592 46593 46594 46595
6487 46597 46598 46599 46600 46601
6488 46603 46604 46605 46606 46607 46608 46609 46610 46611
6489 46613
6492 46615 46616
6493 46618 46619 46620 46621 46622 46623
6494 46625 46626 46627 46628 46629 46630 46631 46632 46633
6495 46635 46636 46637 46638
6496 46640 46641 46642 46643 46644
6497 46646 46647 46648 46649 46650 46651
6498 46653 46654 46655 46656 46657 46658 46659 46660 46661
6499 46663 46664 46665
6500 46667 46668 46669 46670 46671 46672 46673 46674 46675
6501 46677
6502 46679 46680 46681 46682 46683 46684 46685 46686 46687
6503 46689 46690 46691
6504 46693 46694 46695 46696 46697 46698 46699 46700 46701
6505 46703 46704 46705 46706 46707 46708 46709 46710 46711
6506 46713 46714 46715 46716 46717 46718 46719 46720 46721
6508 46723 46724 46725 46726 46727 46728 46729 46730 46731
6509 46733 46734 46735 46736 46737
6510 46739 46740 46741 46742 46743 46744 46745 46746 46747
6511 46749 46750 46751 46752 46753 46754 46755 46756 46757
6512 46759 46760 46761 46762 46763 46764 46765 46766 46767
6513 46769 46770 46771 46772 46773 46774 46775 46776
6514 46778
6515 46780 46781 46782 46783 46784 46785 46786 46787
6516 46789 46790 46791 46792
6518 46794 46795 46796 46797 46798 46799 46800 46801 46802
6519 46804 46805 46806 46807 46808 46809 46810
6520 46812
6522 46814
6523 46816 46817 46818 46819 46820 46821 46822 46823 46824
6525 46826 46827 46828 46829
6528 46831 46832 46833 46834 46835 46836 46837 46838 46839
6529 46841 46842 46843 46844 46845 46846 46847 46848 46849
6530 46851
6531 46853 46854
6532 46856
6533 46858 46859
6534 46861 46862 46863 46864 46865 46866 46867 46868 46869
6535 46871 46872 46873 46874 46875 46876 46877 46878 46879
6536 46881 46882 46883 46884 46885 46886 46887
6537 46889 46890 46891 46892 46893 46894 46895 46896 46897
6538 46899 46900 46901 46902 46903 46904 46905 46906 46907
6539 46909 46910 46911 46912 46913 46914 46915 46916 46917
6540 46919 46920 46921 46922 46923 46924 46925 46926 46927
6541 46929 46930 46931 46932 46933 46934 46935 46936 46937
6544 46939 46940
6546 46942 46943 46944 46945 46946 46947 46948 46949 46950
6547 46952
6548 46954 46955 46956 46957 46958 46959 46960 46961 46962
6549 46964 46965 46966 46967 46968 46969
6550 46971 46972 46973 46974 46975 46976 46977 46978 46979
6551 46981
6552 46983 46984 46985 46986 46987 46988 46989 46990 46991
6553 46993 46994 46995 46996 46997 46998 46999
6554 47001 47002 47003 47004 47005 47006 47007 47008 47009
6556 47011 47012 47013 47014 47015 47016 47017 47018 47019
6559 47021 47022 47023 47024 47025 47026 47027 47028 47029
6560 47031 47032 47033 47034 47035 47036
6561 47038 47039 47040
6562 47042 47043 47044 47045
6563 47047
6565 47049 47050 47051 47052 47053 47054 47055 47056 47057
6566 47059 47060 47061 47062 47063 47064
6567 47066 47067 47068 47069 47070 47071 47072 47073 47074
6568 47076 47077 47078 47079 47080 47081 47082 47083 47084
6569 47086 47087 47088 47089 47090 47091 47092 47093 47094
6570 47096 47097 47098 47099 47100 47101 47102 47103 47104
6571 47106 47107 47108 47109 47110 47111 47112 47113 47114
6572 47116 47117 47118 47119 47120 47121 47122 47123
6573 47125 47126 47127 47128 47129 47130 47131 47132 47133
6574 47135 47136 47137 47138 47139 47140 47141 47142 47143
6575 47145 47146 47147 47148 47149 47150 47151 47152 47153
6576 47155 47156
6577 47158 47159 47160 47161 47162 47163 47164 47165 47166
6580 47168
6581 47170 47171 47172
6582 47174 47175 47176 47177
6584 47179 47180
6585 47182
6586 47184 47185 47186
6588 47188
6589 47190 47191 47192
6590 47194 47195 47196 47197 47198 47199 47200 47201 47202
6592 47204 47205 47206 47207 47208 47209 47210 47211 47212
6593 47214 47215 47216 47217 47218 47219 47220 47221 47222
6594 47224 47225
6595 47227 47228 47229 47230 47231 47232 47233 47234 47235
6596 47237 47238 47239 47240 47241 47242 47243 47244 47245
6597 47247
6598 47249 47250
6600 47252 47253 47254 47255
6602 47257 47258 47259 47260 47261 47262 47263 47264 47265
6603 47267 47268 47269 47270 47271
6604 47273 47274 47275
6605 47277 47278 47279 47280 47281 47282 47283 47284 47285
6606 47287 47288 47289
6607 47291 47292 47293 47294 47295 47296 47297 47298 47299
6608 47301 47302 47303 47304 47305 47306 47307 47308 47309
6609 47311 47312 47313 47314 47315 47316 47317 47318 47319
6610 47321 47322 47323 47324 47325 47326 47327
6611 47329 47330 47331 47332
6612 47334 47335 47336 47337
6613 47339 47340 47341 47342 47343 47344 47345 47346 47347
6614 47349 47350 47351 47352 47353 47354 47355 47356 47357
6615 47359 47360 47361 47362
6616 47364 47365 47366 47367 47368 47369 47370
6617 47372 47373 47374
6618 47376 47377 47378 47379 47380 47381 47382 47383 47384
6619 47386 47387
6620 47389 47390 47391 47392 47393 47394 47395 47396 47397
6622 47399 47400 47401 47402
6623 47404 47405
6625 47407 47408 47409 47410 47411 47412 47413 47414 47415
6626 47417
6628 47419 47420 47421 47422 47423 47424 47425 47426 47427
6629 47429 47430 47431 47432 47433 47434 47435 47436 47437
6630 47439 47440 47441 47442 47443 47444 47445 47446 47447
6631 47449 47450 47451 47452 47453 47454 47455 47456 47457
6632 47459 47460 47461
6633 47463 47464 47465 47466 47467 47468 47469 47470 47471
6634 47473 47474 47475 47476
6635 47478 47479 47480 47481 47482 47483
6636 47485 47486 47487 47488 47489 47490 47491 47492 47493
6637 47495 47496 47497 47498 47499 47500 47501
6638 47503
6639 47505 47506 47507 47508 47509 47510 47511 47512 47513
6641 47515 47516 47517 47518 47519 47520
6642 47522 47523 47524
6643 47526 47527 47528
6644 47530 47531 47532 47533 47534 47535 47536 47537 47538
6645 47540 47541 47542
6646 47544
6647 47546 47547 47548 47549 47550 47551 47552 47553 47554
6648 47556 47557 47558 47559 47560 47561 47562 47563 47564
6649 47566 47567 47568 47569 47570 47571 47572 47573 47574
6650 47576 47577 47578 47579 47580
6651 47582 47583 47584 47585 47586 47587 47588 47589 47590
6653 47592 47593 47594 47595 47596 47597 47598 47599 47600
6654 47602 47603 47604
6656 47606 47607 47608 47609 47610 47611 47612 47613 47614
6657 47616
6658 47618 47619 47620 47621 47622 47623 47624 47625 47626
6659 47628 47629
6660 47631 47632 47633 47634 47635 47636 47637 47638 47639
6661 47641 47642 47643 47644 47645 47646
6662 47648 47649 47650 47651 47652 47653 47654 47655 47656
6663 47658 47659 47660 47661 47662 47663 47664
6664 47666
6665 47668 47669 47670 47671 47672 47673 47674 47675 47676
6666 47678 47679 47680 47681 47682 47683 47684 47685 47686
6668 47688 47689 47690 47691 47692 47693 47694 47695 47696
6669 47698 47699 47700 47701 47702 47703 47704 47705 47706
6671 47708 47709 47710 47711 47712 47713 47714 47715 47716
6672 47718
6673 47720
6675 47722 47723 47724 47725 47726 47727 47728 47729 47730
6677 47732 47733 47734 47735 47736 47737 47738
6678 47740 47741 47742
6679 47744 47745 47746
6680 47748 47749 47750 47751
6681 47753 47754 47755 47756 47757 47758 47759 47760 47761
6682 47763 47764 47765 47766 47767 47768 47769 47770
6684 47772
6685 47774 47775 47776 47777 47778 47779 47780 47781 47782
6686 47784 47785 47786 47787 47788 47789 47790 47791 47792
6688 47794
6689 47796 47797 47798 47799 47800 47801
6690 47803 47804 47805 47806 47807 47808
6691 47810 47811 47812 47813 47814 47815 47816 47817 47818
6692 47820 47821 47822 47823 47824
6694 47826 47827 47828
6695 47830 47831 47832 47833 47834 47835 47836 47837 47838
6696 47840 47841 47842 47843 47844 47845 47846 47847 47848
6698 47850 47851 47852 47853 47854
6699 47856 47857 47858 47859 47860 47861 47862 47863 47864
6700 47866 47867 47868 47869 47870
6701 47872 47873 47874 47875 47876 47877 47878 47879 47880
6702 47882 47883 47884 47885 47886 47887 47888 47889 47890
6703 47892 47893 47894 47895 47896 47897 47898 47899 47900
6704 47902 47903
6708 47905 47906 47907 47908
6710 47910
6711 47912 47913 47914 47915 47916 47917
6712 47919 47920 47921 47922 47923 47924 47925 47926 47927
6713 47929 47930 47931 47932 47933 47934 47935 47936 47937
6714 47939 47940 47941 47942 47943 47944 47945 47946 47947
6715 47949 47950 47951 47952 47953 47954 47955 47956 47957
6716 47959 47960
6719 47962 47963 47964 47965 47966 47967 47968 47969 47970
6720 47972 47973 47974 47975 47976 47977 47978 47979 47980
6721 47982 47983 47984 47985 47986
6722 47988 47989 47990 47991 47992
6723 47994 47995
6724 47997 47998 47999 48000
6725 48002 48003 48004 48005 48006 48007 48008 48009
6726 48011 48012 48013 48014 48015 48016 48017 48018 48019
6728 48021 48022 48023 48024 48025 48026 48027 48028 48029
6729 48031 48032 48033 48034 48035 48036 48037 48038 48039
6730 48041 48042 48043 48044 48045 48046 48047 48048 48049
6732 48051 48052 48053 48054 48055 48056 48057 48058
6733 48060 48061
6734 48063
6735 48065 48066 48067 48068 48069 48070
6736 48072 48073 48074 48075 48076 48077 48078 48079 48080
6737 48082 48083 48084
6738 48086 48087 48088 48089 48090 48091 48092 48093 48094
6741 48096
6742 48098 48099 48100 48101 48102 48103 48104 48105 48106
6744 48108 48109 48110 48111 48112 48113 48114 48115 48116
6745 48118 48119 48120 48121 48122 48123 48124 48125 48126
6746 48128 48129 48130 48131 48132 48133 48134 48135 48136
6747 48138 48139 48140 48141 48142 48143 48144 48145 48146
6748 48148 48149 48150 48151
6749 48153 48154 48155 48156 48157 48158 48159 48160
6752 48162
6753 48164 48165 48166 48167 48168 48169 48170 48171 48172
6754 48174 48175 48176 48177 48178 48179 48180 48181 48182
6755 48184 48185 48186 48187 48188
6756 48190 48191 48192 48193 48194 48195 48196 48197 48198
6757 48200 48201 48202 48203 48204
6758 48206 48207 48208 48209 48210 48211 48212 48213 48214
6759 48216
6760 48218 48219 48220 48221 48222 48223 48224 48225 48226
6761 48228 48229 48230 48231 48232
6762 48234 48235 48236 48237 48238
6764 48240 48241 48242 48243 48244 48245 48246 48247 48248
6765 48250 48251 48252 48253 48254 48255 48256 48257 48258
6767 48260 48261 48262 48263
6769 48265 48266 48267 48268 48269 48270 48271 48272 48273
6770 48275 48276 48277 48278 48279 48280 48281 48282 48283
6772 48285 48286 48287 48288 48289 48290 48291 48292 48293
6773 48295 48296 48297
6775 48299 48300
6776 48302 48303 48304 48305
6777 48307 48308 48309 48310
6778 48312 48313 48314 48315 48316 48317 48318
6780 48320 48321
6781 48323 48324
6782 48326 48327 48328
6783 48330 48331 48332 48333 48334 48335 48336 48337 48338
6784 48340
6785 48342 48343 48344 48345 48346 48347 48348 48349 48350
6786 48352
6787 48354 48355 48356 48357 48358 48359 48360 48361 48362
6788 48364 48365
6789 48367 48368 48369 48370 48371 48372 48373
6790 48375 48376
6791 48378 48379 48380 48381 48382 48383 48384 48385 48386
6792 48388 48389 48390 48391 48392 48393 48394 48395 48396
6794 48398 48399 48400 48401 48402 48403 48404 48405 48406
6797 48408
6798 48410 48411 48412 48413 48414 48415 48416 48417 48418
6799 48420 48421 48422 48423 48424 48425 48426 48427 48428
6800 48430 48431 48432 48433 48434 48435 48436 48437
6801 48439 48440 48441 48442 48443 48444 48445 48446 48447
6802 48449 48450
6803 48452 48453 48454 48455 48456 48457 48458 48459 48460
6804 48462
6806 48464 48465 48466 48467
6807 48469 48470 48471 48472 48473
6808 48475 48476 48477 48478 48479 48480 48481 48482 48483
6809 48485 48486 48487 48488 48489 48490 48491 48492 48493
6810 48495 48496 48497 48498 48499 48500 48501 48502 48503
6812 48505
6813 48507 48508 48509 48510 48511 48512 48513 48514 48515
6814 48517 48518 48519 48520 48521
6816 48523 48524 48525 48526 48527 48528 48529 48530 48531
6817 48533 48534 48535 48536 48537 48538 48539 48540 48541
6818 48543 48544 48545 48546 48547 48548 48549 48550 48551
6819 48553 48554 48555 48556 48557
6821 48559 48560 48561 48562 48563 48564 48565 48566 48567
6822 48569 48570 48571 48572 48573
6824 48575 48576 48577 48578 48579 48580 48581 48582 48583
6825 48585 48586 48587 48588 48589 48590 48591 48592 48593
6826 48595 48596 48597 48598 48599 48600 48601 48602 48603
6827 48605 48606 48607 48608 48609 48610 48611 48612 48613
6828 48615 48616 48617 48618 48619 48620 48621 48622 48623
6829 48625 48626
6831 48628 48629 48630 48631 48632 48633 48634 48635 48636
6832 48638 48639 48640 48641
6833 48643 48644 48645 48646 48647 48648 48649 48650 48651
6834 48653 48654 48655 48656 48657 48658 48659 48660 48661
6837 48663 48664 48665 48666 48667 48668 48669 48670 48671
6838 48673 48674 48675 48676 48677
6840 48679 48680 48681
6841 48683 48684 48685 48686 48687 48688 48689 48690 48691
6842 48693
6844 48695 48696 48697 48698 48699 48700 48701
6845 48703 48704 48705 48706 48707 48708 48709 48710
6846 48712 48713 48714 48715 48716 48717 48718 48719 48720
6847 48722 48723 48724 48725 48726 48727 48728 48729 48730
6849 48732 48733 48734 48735
6850 48737 48738 48739 48740 48741 48742 48743 48744 48745
6851 48747 48748 48749 48750 48751 48752 48753 48754 48755
6852 48757 48758
6853 48760 48761 48762
6854 48764 48765 48766 48767 48768 48769 48770 48771 48772
6855 48774 48775 48776 48777 48778 48779 48780 48781 48782
6856 48784
6857 48786 48787 48788 48789 48790 48791 48792 48793 48794
6858 48796 48797 48798
6859 48800 48801 48802 48803 48804 48805 48806 48807 48808
6860 48810 48811 48812 48813 48814 48815 48816 48817 48818
6862 48820 48821 48822
6863 48824 48825 48826
6864 48828 48829 48830 48831 48832 48833 48834 48835 48836
6865 48838 48839 48840 48841 48842
6866 48844 48845 48846 48847 48848 48849 48850 48851 48852
6867 48854 48855 48856 48857 48858 48859 48860 48861 48862
6868 48864 48865 48866 48867 48868 48869 48870
6869 48872 48873 48874 48875 48876 48877 48878 48879 48880
6870 48882 48883 48884 48885 48886 48887 48888 48889 48890
6871 48892
6872 48894 48895 48896 48897 48898 48899 48900 48901 48902
6874 48904 48905 48906
6876 48908 48909 48910 48911 48912 48913 48914 48915
6877 48917 48918 48919 48920 48921 48922 48923 48924 48925
6878 48927 48928 48929 48930 48931 48932 48933 48934 48935
6879 48937 48938 48939 48940 48941 48942
6880 48944 48945 48946 48947 48948 48949 48950 48951 48952
6882 48954 48955 48956 48957 48958 48959 48960 48961 48962
6883 48964
6884 48966 48967 48968 48969 48970 48971 48972 48973 48974
6886 48976 48977 48978 48979 48980 48981 48982 48983 48984
6887 48986 48987 48988 48989 48990 48991 48992 48993 48994
6889 48996 48997 48998 48999 49000 49001 49002 49003 49004
6890 49006 49007 49008 49009 49010 49011 49012 49013 49014
6891 49016 49017 49018 49019 49020 49021 49022 49023 49024
6893 49026 49027 49028 49029 49030 49031 49032 49033 49034
6894 49036
6895 49038 49039 49040 49041 49042 49043 49044
6897 49046 49047 49048 49049 49050 49051 49052 49053 49054
6898 49056 49057 49058 49059 49060 49061 49062
6899 49064 49065 49066 49067 49068 49069 49070 49071 49072
6900 49074 49075 49076 49077 49078
6901 49080 49081 49082 49083 49084 49085
6902 49087 49088 49089 49090 49091 49092 49093 49094 49095
6903 49097
6904 49099 49100 49101 49102 49103 49104 49105 49106 49107
6905 49109 49110 49111 49112 49113 49114 49115 49116 49117
6906 49119 49120 49121 49122 49123 49124 49125 49126 49127
6907 49129 49130 49131 49132 49133 49134 49135 49136 49137
6908 49139 49140 49141 49142 49143 49144 49145 49146 49147
6909 49149 49150 49151 49152 49153 49154 49155 49156 49157
6910 49159 49160 49161 49162 49163 49164 49165 49166 49167
6911 49169 49170 49171 49172 49173 49174 49175 49176 49177
6912 49179 49180 49181 49182 49183 49184 49185 49186 49187
6915 49189 49190 49191 49192 49193 49194 49195 49196
6916 49198 49199
6917 49201 49202 49203 49204 49205 49206
6918 49208 49209 49210 49211 49212 49213 49214 49215 49216
6919 49218 49219 49220 49221 49222 49223 49224 49225 49226
6921 49228 49229 49230 49231
6922 49233 49234 49235 49236 49237 49238 49239 49240 49241
6923 49243 49244 49245 49246 49247 49248 49249 49250
6924 49252 49253
6926 49255 49256 49257 49258 49259 49260 49261 49262 49263
6927 49265 49266 49267
6929 49269 49270 49271 49272 49273 49274
6930 49276 49277
6931 49279
6932 49281 49282 49283 49284 49285 49286 49287 49288 49289
6933 49291 49292 49293 49294 49295 49296 49297 49298 49299
6934 49301 49302
6935 49304 49305 49306 49307 49308 49309 49310 49311 49312
6936 49314 49315 49316
6938 49318 49319 49320
6939 49322
6940 49324 49325 49326 49327 49328
6941 49330 49331
6942 49333 49334 49335 49336 49337 49338 49339 49340 49341
6943 49343 49344 49345
6945 49347 49348 49349 49350 49351 49352 49353 49354 49355
6946 49357 49358 49359 49360 49361 49362 49363 49364 49365
6947 49367 49368 49369 49370 49371 49372 49373 49374 49375
6949 49377
6950 49379 49380 49381 49382 49383 49384 49385
6951 49387 49388 49389 49390 49391 49392 49393 49394 49395
6952 49397 49398
6953 49400 49401 49402 49403 49404 49405 49406
6955 49408 49409 49410 49411 49412
6956 49414 49415 49416 49417
6957 49419 49420 49421 49422 49423 49424 49425 49426 49427
6958 49429 49430
6959 49432 49433 49434 49435 49436 49437
6960 49439 49440 49441
6961 49443 49444 49445 49446 49447 49448 49449 49450 49451
6964 49453 49454 49455 49456 49457 49458 49459 49460 49461
6965 49463 49464 49465 49466 49467 49468 49469 49470 49471
6966 49473 49474 49475 49476 49477 49478 49479 49480 49481
6967 49483 49484 49485 49486 49487 49488 49489 49490 49491
6968 49493 49494 49495 49496
6969 49498 49499 49500
6970 49502 49503 49504 49505 49506 49507 49508 49509
6971 49511 49512 49513 49514 49515 49516 49517 49518 49519
6972 49521 49522 49523 49524 49525 49526 49527 49528 49529
6973 49531 49532 49533 49534 49535 49536 49537 49538 49539
6974 49541 49542 49543 49544
6975 49546 49547 49548
6976 49550 49551 49552 49553 49554 49555 49556 49557 49558
6977 49560 49561 49562 49563 49564 49565
6978 49567 49568 49569 49570 49571 49572 49573 49574 49575
6979 49577 49578 49579 49580 49581 49582 49583 49584 49585
6980 49587 49588
6981 49590
6982 49592 49593 49594 49595 49596 49597 49598 49599 49600
6983 49602 49603
6984 49605 49606 49607 49608 49609 49610 49611 49612 49613
6985 49615 49616 49617 49618 49619 49620 49621 49622 49623
6987 49625 49626 49627 49628 49629 49630 49631 49632 49633
6989 49635 49636 49637
6991 49639 49640 49641 49642 49643 49644 49645 49646 49647
6992 49649 49650 49651 49652
6993 49654 49655 49656 49657 49658 49659 49660 49661 49662
6994 49664 49665 49666 49667 49668 49669 49670 49671 49672
6995 49674 49675 49676 49677 49678 49679 49680 49681 49682
6996 49684 49685 49686 49687 49688 49689 49690 49691 49692
6997 49694
6998 49696
6999 49698 49699
7000 49701 49702 49703 49704 49705 49706 49707 49708 49709
7001 49711 49712 49713 49714 49715 49716 49717 49718 49719
7002 49721 49722 49723 49724 49725 49726 49727 49728 49729
7003 49731 49732 49733 49734 49735 49736 49737 49738 49739
7005 49741 49742 49743 49744 49745 49746 49747 49748 49749
7006 49751 49752 49753 49754 49755 49756 49757
7007 49759 49760 49761 49762 49763 49764 49765 49766 49767
7008 49769 49770
7009 49772 49773 49774 49775 49776 49777 49778 49779 49780
7010 49782 49783 49784 49785 49786 49787 49788 49789 49790
7011 49792 49793 49794 49795 49796 49797 49798 49799 49800
7012 49802 49803 49804 49805
7014 49807 49808 49809 49810 49811 49812
7015 49814 49815 49816 49817 49818 49819 49820 49821 49822
7016 49824 49825 49826 49827 49828 49829 49830 49831 49832
7017 49834 49835 49836
7018 49838 49839 49840
7019 49842 49843 49844 49845 49846 49847 49848 49849 49850
7020 49852 49853 49854 49855
7021 49857 49858 49859 49860 49861 49862 49863 49864 49865
7024 49867 49868 49869 49870
7026 49872 49873 49874 49875 49876 49877 49878 49879 49880
7027 49882
7028 49884 49885
7029 49887
7030 49889
7031 49891 49892 49893 49894 49895 49896 49897 49898 49899
7032 49901 49902 49903 49904 49905 49906 49907 49908 49909
7033 49911 49912 49913 49914 49915 49916 49917 49918 49919
7035 49921 49922 49923 49924 49925 49926 49927 49928 49929
7036 49931 49932 49933 49934 49935 49936 49937 49938 49939
7037 49941 49942 49943 49944 49945 49946 49947 49948 49949
7039 49951
7040 49953 49954 49955 49956 49957
7041 49959 49960 49961 49962 49963
7042 49965 49966 49967 49968 49969 49970 49971 49972 49973
7043 49975 49976 49977 49978 49979 49980 49981 49982
7044 49984 49985 49986 49987 49988 49989 49990 49991 49992
7045 49994 49995 49996 49997 49998 49999 50000 50001 50002
7047 50004 50005 50006 50007 50008 50009 50010 50011 50012
7048 50014 50015 50016 50017 50018
7049 50020 50021 50022 50023 50024 50025 50026 50027 50028
7051 50030 50031 50032 50033 50034
7052 50036 50037 50038 50039 50040 50041 50042
7053 50044 50045 50046 50047 50048 50049 50050 50051 50052
7055 50054 50055 50056 50057 50058 50059 50060 50061 50062
7056 50064 50065 50066 50067 50068
7057 50070 50071 50072 50073 50074 50075 50076
7058 50078 50079 50080 50081 50082 50083 50084 50085 50086
7059 50088
7060 50090 50091 50092 50093 50094 50095 50096 50097 50098
7061 50100 50101 50102 50103 50104 50105 50106 50107 50108
7062 50110 50111 50112 50113 50114 50115 50116 50117 50118
7063 50120 50121 50122 50123 50124 50125 50126 50127 50128
7066 50130 50131
7068 50133 50134 50135 50136 50137 50138 50139 50140 50141
7069 50143 50144 50145 50146 50147 50148 50149 50150 50151
7071 50153 50154 50155 50156 50157 50158 50159 50160 50161
7072 50163 50164 50165 50166 50167 50168 50169 50170 50171
7073 50173 50174 50175 50176 50177 50178 50179 50180 50181
7074 50183 50184 50185 50186 50187
7075 50189 50190 50191 50192 50193 50194 50195 50196 50197
7076 50199 50200 50201 50202 50203 50204 50205 50206 50207
7077 50209 50210 50211
7078 50213 50214 50215 50216 50217 50218
7079 50220 50221 50222 50223 50224
7081 50226
7082 50228 50229 50230 50231 50232 50233 50234
7084 50236 50237 50238 50239 50240 50241 50242 50243 50244
7085 50246 50247 50248 50249 50250 50251 50252 50253 50254
7086 50256 50257 50258 50259 50260 50261 50262
7087 50264 50265 50266 50267 50268 50269 50270 50271 50272
7088 50274 50275 50276 50277 50278
7089 50280 50281 50282 50283 50284 50285 50286 50287 50288
7092 50290 50291 50292 50293 50294 50295 50296 50297 50298
7093 50300 50301 50302 50303 50304 50305 50306 50307 50308
7094 50310 50311 50312 50313 50314 50315 50316 50317 50318
7096 50320
7097 50322 50323 50324 50325 50326 50327 50328 50329 50330
7099 50332
7100 50334 50335 50336 50337 50338 50339 50340 50341 50342
7101 50344 50345 50346 50347 50348 50349 50350 50351 50352
7102 50354 50355 50356 50357 50358 50359 50360
7103 50362 50363 50364 50365
7104 50367 50368 50369 50370 50371
7105 50373 50374 50375 50376 50377 50378 50379 50380 50381
7106 50383 50384 50385 50386 50387 50388 50389 50390 50391
7107 50393 50394 50395 50396 50397 50398 50399
7109 50401 50402 50403 50404
7110 50406
7113 50408 50409 50410 50411 50412 50413 50414 50415 50416
7114 50418 50419 50420 50421 50422 50423 50424
7115 50426 50427 50428 50429 50430 50431
7116 50433 50434 50435 50436 50437 50438 50439 50440 50441
7117 50443 50444 50445 50446 50447 50448 50449 50450 50451
7118 50453 50454
7120 50456 50457 50458 50459 50460 50461 50462 50463 50464
7122 50466 50467 50468 50469 50470 50471 50472 50473 50474
7123 50476 50477 50478 50479 50480 50481 50482 50483 50484
7124 50486 50487
7125 50489 50490
7126 50492 50493 50494 50495 50496 50497 50498 50499 50500
7128 50502 50503 50504 50505
7129 50507
7130 50509 50510
7131 50512 50513 50514 50515 50516 50517 50518 50519 50520
7132 50522 50523 50524 50525 50526 50527 50528 50529 50530
7133 50532 50533 50534
7134 50536 50537 50538 50539 50540 50541 50542 50543 50544
7135 50546 50547 50548 50549 50550 50551 50552 50553 50554
7136 50556 50557 50558
7137 50560 50561 50562 50563 50564
7138 50566 50567 50568 50569 50570 50571 50572 50573 50574
7139 50576 50577
7140 50579 50580 50581 50582 50583 50584 50585 50586 50587
7141 50589 50590 50591 50592 50593
7143 50595 50596 50597 50598
7144 50600
7145 50602 50603 50604 50605 50606 50607 50608 50609 50610
7146 50612 50613 50614 50615 50616 50617 50618 50619 50620
7147 50622 50623 50624 50625 50626 50627 50628 50629
7148 50631 50632 50633 50634 50635 50636 50637
7150 50639 50640 50641 50642 50643 50644 50645 50646 50647
7151 50649 50650 50651 50652 50653 50654 50655 50656 50657
7152 50659 50660 50661 50662 50663
7153 50665 50666 50667 50668 50669 50670 50671 50672 50673
7154 50675 50676 50677 50678
7155 50680 50681 50682 50683 50684 50685 50686 50687 50688
7156 50690 50691 50692 50693
7158 50695 50696 50697 50698 50699 50700 50701 50702 50703
7160 50705
7161 50707 50708 50709 50710 50711 50712 50713 50714 50715
7162 50717 50718 50719 50720 50721
7163 50723 50724 50725 50726 50727 50728 50729 50730 50731
7164 50733 50734 50735 50736 50737 50738 50739 50740 50741
7165 50743 50744 50745 50746 50747 50748 50749 50750 50751
7166 50753 50754 50755 50756
7167 50758 50759 50760 50761 50762 50763 50764 50765
7168 50767 50768 50769 50770 50771 50772 50773 50774 50775
7169 50777 50778 50779
7170 50781 50782 50783 50784 50785
7171 50787 50788 50789 50790 50791 50792
7172 50794 50795 50796 50797 50798 50799 50800 50801 50802
7173 50804 50805 50806 50807 50808 50809 50810 50811 50812
7175 50814 50815 50816
7176 50818 50819 50820 50821 50822 50823 50824 50825 50826
7177 50828 50829 50830
7178 50832 50833 50834 50835 50836 50837 50838
7179 50840 50841 50842 50843
7180 50845 50846 50847 50848 50849 50850 50851 50852 50853
7181 50855 50856
7182 50858 50859 50860 50861 50862 50863 50864 50865 50866
7184 50868 50869 50870
7186 50872 50873 50874 50875 50876 50877 50878 50879 50880
7187 50882 50883 50884 50885
7188 50887 50888
7189 50890
7191 50892 50893 50894
7192 50896 50897 50898 50899 50900 50901 50902 50903 50904
7193 50906 50907 50908 50909 50910 50911
7194 50913 50914 50915
7195 50917
7196 50919 50920 50921 50922 50923 50924 50925 50926 50927
7197 50929 50930 50931 50932 50933 50934 50935 50936 50937
7198 50939
7199 50941 50942 50943 50944 50945 50946 50947 50948 50949
7200 50951 50952 50953 50954 50955 50956 50957 50958 50959
7201 50961 50962 50963 50964 50965 50966 50967 50968 50969
7202 50971 50972 50973 50974 50975 50976 50977 50978 50979
7203 50981 50982 50983 50984 50985 50986 50987
7204 50989 50990 50991 50992 50993 50994 50995 50996 50997
7206 50999 51000 51001
7207 51003 51004 51005 51006 51007
7208 51009 51010 51011 51012 51013 51014 51015 51016 51017
7209 51019 51020 51021 51022 51023
7210 51025 51026 51027 51028 51029 51030
7211 51032 51033 51034
7212 51036 51037 51038 51039 51040 51041 51042 51043 51044
7213 51046
7214 51048 51049 51050 51051 51052 51053 51054 51055 51056
7216 51058 51059 51060 51061 51062 51063 51064 51065 51066
7217 51068 51069 51070 51071 51072 51073 51074 51075 51076
7220 51078 51079 51080 51081 51082 51083 51084 51085 51086
7221 51088 51089 51090
7222 51092 51093 51094 51095 51096 51097 51098 51099 51100
7223 51102 51103
7224 51105 51106 51107 51108 51109 51110 51111 51112 51113
7225 51115 51116 51117 51118 51119 51120 51121 51122 51123
7227 51125 51126 51127 51128 51129 51130 51131 51132 51133
7228 51135 51136 51137 51138 51139
7229 51141 51142 51143 51144 51145 51146 51147 51148 51149
7230 51151 51152 51153 51154 51155 51156 51157 51158 51159
7232 51161 51162 51163 51164 51165 51166 51167 51168 51169
7233 51171 51172 51173 51174 51175 51176 51177 51178 51179
7234 51181 51182 51183 51184 51185 51186 51187 51188 51189
7235 51191 51192 51193 51194 51195 51196 51197 51198 51199
7236 51201 51202 51203 51204 51205 51206 51207 51208 51209
7237 51211 51212
7240 51214 51215 51216 51217
7241 51219 51220 51221 51222 51223 51224 51225 51226 51227
7242 51229 51230 51231 51232 51233 51234 51235 51236 51237
7243 51239 51240 51241 51242 51243 51244 51245 51246 51247
7245 51249
7246 51251 51252 51253 51254 51255 51256 51257 51258 51259
7247 51261 51262 51263 51264 51265 51266 51267 51268 51269
7248 51271 51272 51273 51274 51275
7249 51277 51278 51279 51280 51281 51282 51283 51284 51285
7250 51287 51288 51289 51290 51291 51292 51293 51294 51295
7252 51297 51298 51299 51300 51301 51302 51303 51304
7254 51306 51307 51308 51309 51310 51311 51312 51313 51314
7255 51316 51317 51318
7256 51320 51321 51322 51323 51324 51325 51326 51327 51328
7257 51330 51331 51332 51333 51334 51335 51336 51337 51338
7258 51340 51341 51342 51343 51344 51345 51346 51347 51348
7259 51350 51351 51352 51353 51354 51355 51356 51357 51358
7260 51360 51361 51362 51363 51364 51365 51366 51367 51368
7261 51370 51371 51372
7262 51374 51375
7267 51377 51378 51379 51380 51381 51382 51383 51384 51385
7268 51387 51388 51389 51390 51391 51392 51393 51394 51395
7269 51397 51398 51399 51400 51401
7270 51403 51404 51405
7271 51407 51408
7273 51410 51411
7275 51413 51414 51415 51416 51417 51418 51419 51420 51421
7276 51423 51424 51425 51426 51427 51428 51429 51430 51431
7277 51433
7278 51435 51436 51437 51438 51439 51440 51441 51442 51443
7280 51445
7281 51447 51448 51449 51450 51451 51452 51453 51454 51455
7282 51457
7283 51459 51460 51461 51462 51463 51464 51465 51466 51467
7285 51469 51470 51471 51472 51473 51474 51475 51476 51477
7286 51479 51480 51481 51482 51483 51484 51485 51486 51487
7287 51489 51490 51491 51492 51493 51494 51495 51496 51497
7288 51499 51500 51501 51502
7289 51504
7291 51506 51507 51508 51509 51510 51511 51512 51513 51514
7292 51516 51517 51518 51519 51520 51521 51522 51523 51524
7293 51526 51527 51528 51529 51530 51531 51532 51533 51534
7294 51536 51537 51538
7295 51540 51541 51542 51543 51544 51545 51546 51547 51548
7296 51550 51551 51552 51553 51554 51555 51556 51557 51558
7297 51560 51561 51562 51563 51564 51565 51566 51567 51568
7298 51570 51571 51572 51573 51574 51575 51576 51577 51578
7299 51580 51581 51582
7300 51584 51585
7301 51587 51588 51589 51590 51591 51592 51593
7302 51595 51596
7303 51598 51599 51600 51601 51602 51603 51604 51605 51606
7304 51608 51609 51610
7305 51612 51613 51614 51615 51616 51617 51618 51619 51620
7306 51622 51623 51624 51625 51626 51627 51628 51629 51630
7307 51632 51633 51634 51635 51636 51637 51638
7308 51640 51641 51642 51643 51644 51645 51646 51647 51648
7309 51650 51651 51652 51653 51654 51655 51656 51657 51658
7310 51660 51661 51662 51663 51664 51665
7312 51667 51668 51669 51670 51671
7313 51673 51674 51675
7314 51677 51678 51679 51680 51681 51682 51683
7315 51685 51686 51687 51688 51689 51690 51691 51692
7316 51694 51695 51696 51697 51698
7317 51700 51701 51702 51703 51704 51705 51706 51707 51708
7318 51710 51711 51712 51713 51714 51715 51716 51717 51718
7319 51720 51721 51722 51723 51724 51725 51726 51727 51728
7320 51730 51731 51732 51733 51734
7321 51736 51737 51738 51739 51740 51741 51742
7322 51744 51745
7324 51747
7325 51749 51750 51751 51752 51753 51754 51755 51756 51757
7326 51759 51760 51761
7328 51763
7329 51765 51766 51767 51768 51769 51770 51771 51772 51773
7330 51775 51776 51777 51778 51779
7332 51781
7334 51783 51784 51785 51786 51787
7335 51789 51790 51791 51792 51793
7336 51795 51796 51797 51798 51799 51800 51801 51802 51803
7337 51805 51806
7338 51808 51809 51810 51811 51812 51813 51814 51815 51816
7339 51818 51819 51820 51821 51822 51823
7341 51825 51826
7343 51828 51829 51830 51831
7344 51833 51834 51835 51836 51837 51838 51839 51840 51841
7345 51843 51844 51845 51846 51847 51848 51849 51850 51851
7346 51853 51854 51855 51856 51857 51858 51859 51860
7348 51862 51863 51864 51865 51866 51867
7349 51869 51870 51871 51872 51873 51874
7350 51876 51877 51878 51879 51880 51881 51882 51883
7351 51885 51886 51887 51888 51889 51890 51891 51892 51893
7352 51895
7353 51897 51898 51899 51900 51901 51902 51903 51904 51905
7354 51907 51908 51909 51910 51911 51912 51913 51914 51915
7355 51917 51918 51919 51920 51921
7359 51923 51924 51925 51926 51927 51928 51929 51930 51931
7360 51933 51934
7361 51936 51937 51938 51939 51940 51941 51942 51943 51944
7362 51946 51947 51948 51949 51950 51951
7363 51953 51954 51955 51956 51957 51958 51959 51960 51961
7364 51963 51964 51965 51966 51967 51968 51969 51970 51971
7365 51973 51974 51975 51976 51977 51978 51979 51980 51981
7366 51983 51984 51985 51986
7367 51988 51989
7368 51991 51992 51993 51994 51995 51996 51997 51998 51999
7369 52001 52002 52003 52004 52005 52006 52007 52008
7370 52010 52011 52012 52013 52014
7372 52016 52017 52018 52019 52020 52021 52022 52023 52024
7373 52026 52027 52028 52029 52030 52031 52032 52033 52034
7374 52036 52037 52038 52039 52040 52041 52042 52043 52044
7375 52046 52047 52048 52049
7376 52051 52052 52053 52054 52055 52056 52057 52058 52059
7377 52061 52062
7378 52064 52065 52066
7379 52068 52069 52070 52071 52072
7380 52074 52075 52076
7381 52078
7382 52080 52081 52082
7383 52084 52085 52086 52087 52088 52089 52090 52091 52092
7384 52094 52095 52096 52097 52098 52099 52100 52101 52102
7385 52104 52105 52106 52107 52108 52109
7387 52111 52112 52113 52114 52115 52116 52117 52118 52119
7389 52121
7390 52123 52124
7391 52126 52127 52128 52129 52130 52131 52132 52133 52134
7392 52136 52137 52138 52139 52140
7394 52142 52143 52144 52145 52146 52147 52148 52149 52150
7396 52152 52153 52154 52155 52156 52157 52158 52159 52160
7397 52162 52163 52164 52165 52166 52167 52168 52169 52170
7398 52172 52173 52174 52175 52176 52177 52178 52179 52180
7399 52182 52183
7401 52185
7403 52187 52188
7404 52190 52191 52192 52193
7405 52195 52196 52197 52198 52199
7406 52201 52202 52203 52204 52205 52206 52207 52208 52209
7407 52211 52212 52213 52214 52215 52216 52217 52218 52219
7408 52221 52222 52223 52224 52225 52226 52227 52228 52229
7409 52231 52232 52233 52234 52235 52236 52237 52238 52239
7410 52241 52242 52243 52244 52245 52246 52247
7411 52249 52250 52251 52252 52253 52254 52255 52256 52257
7412 52259 52260
7413 52262
7414 52264 52265 52266 52267 52268 52269
7415 52271 52272
7416 52274 52275 52276 52277 52278 52279 52280 52281
7417 52283 52284 52285 52286 52287 52288 52289 52290 52291
7418 52293
7420 52295 52296 52297 52298 52299 52300 52301 52302 52303
7421 52305
7422 52307 52308
7423 52310
7424 52312 52313 52314 52315 52316 52317 52318 52319 52320
7426 52322 52323 52324 52325 52326 52327
7427 52329 52330 52331 52332 52333 52334 52335
7428 52337 52338
7429 52340 52341 52342 52343 52344 52345 52346
7430 52348
7431 52350 52351 52352 52353 52354 52355 52356 52357 52358
7432 52360 52361 52362 52363 52364 52365
7434 52367 52368 52369 52370 52371 52372 52373 52374 52375
7436 52377 52378 52379 52380 52381 52382 52383 52384 52385
7437 52387
7438 52389 52390 52391 52392 52393 52394 52395 52396 52397
7439 52399
7440 52401 52402 52403 52404
7443 52406 52407 52408
7445 52410 52411 52412 52413 52414 52415 52416 52417 52418
7446 52420 52421 52422 52423 52424 52425 52426 52427 52428
7447 52430 52431 52432 52433 52434 52435 52436 52437 52438
7449 52440 52441 52442 52443 52444 52445 52446 52447 52448
7450 52450 52451
7451 52453 52454 52455 52456 52457 52458 52459 52460 52461
7452 52463 52464 52465 52466 52467 52468 52469 52470 52471
7453 52473 52474 52475 52476 52477 52478
7454 52480 52481
7455 52483 52484 52485 52486 52487 52488 52489 52490 52491
7456 52493 52494 52495 52496
7457 52498 52499 52500 52501 52502 52503 52504
7458 52506 52507 52508 52509 52510 52511 52512 52513 52514
7459 52516
7460 52518 52519 52520 52521 52522 52523 52524 52525 52526
7461 52528 52529 52530
7462 52532 52533 52534 52535 52536 52537 52538 52539 52540
7463 52542 52543 52544
7464 52546 52547 52548 52549 52550
7465 52552
7466 52554 52555 52556 52557
7467 52559 52560 52561 52562 52563 52564 52565 52566 52567
7468 52569 52570 52571 52572 52573 52574 52575 52576 52577
7470 52579 52580
7471 52582 52583 52584 52585 52586
7472 52588 52589 52590 52591 52592 52593 52594 52595 52596
7473 52598 52599 52600 52601 52602 52603 52604 52605 52606
7474 52608
7475 52610
7476 52612 52613 52614 52615 52616 52617 52618 52619 52620
7477 52622 52623 52624 52625 52626 52627 52628 52629 52630
7478 52632 52633 52634 52635 52636 52637 52638 52639 52640
7479 52642 52643 52644 52645 52646 52647
7480 52649 52650 52651 52652 52653 52654 52655 52656 52657
7482 52659 52660 52661 52662 52663 52664 52665 52666 52667
7483 52669 52670 52671 52672 52673 52674 52675 52676 52677
7484 52679
7485 52681 52682 52683 52684
7487 52686 52687 52688
7488 52690
7489 52692 52693 52694 52695
7490 52697 52698 52699 52700 52701
7491 52703 52704 52705 52706 52707 52708
7492 52710
7493 52712 52713 52714 52715 52716 52717
7494 52719 52720 52721 52722 52723
7495 52725
7496 52727 52728 52729 52730 52731 52732 52733 52734 52735
7498 52737 52738 52739 52740 52741 52742 52743 52744
7500 52746 52747 52748 52749 52750 52751 52752 52753 52754
7501 52756 52757 52758 52759
7502 52761 52762 52763 52764 52765 52766
7503 52768 52769 52770 52771 52772 52773 52774 52775 52776
7504 52778 52779
7505 52781 52782
7506 52784 52785 52786 52787 52788 52789 52790 52791
7507 52793 52794 52795 52796 52797 52798 52799 52800 52801
7508 52803 52804 52805 52806 52807 52808 52809 52810 52811
7509 52813
7510 52815 52816 52817 52818
7511 52820 52821
7512 52823 52824 52825 52826 52827 52828 52829 52830 52831
7514 52833
7518 52835 52836
7519 52838 52839
7520 52841 52842 52843 52844 52845 52846 52847 52848 52849
7521 52851 52852 52853 52854 52855 52856 52857 52858 52859
7522 52861 52862 52863 52864 52865 52866 52867 52868 52869
7523 52871 52872 52873
7524 52875 52876 52877 52878 52879 52880 52881 52882 52883
7525 52885 52886
7526 52888
7527 52890 52891 52892 52893 52894 52895 52896 52897 52898
7528 52900 52901 52902 52903 52904 52905 52906 52907 52908
7529 52910 52911 52912 52913 52914 52915
7530 52917 52918 52919 52920 52921 52922 52923 52924 52925
7531 52927 52928 52929 52930 52931 52932 52933 52934 52935
7532 52937 52938 52939 52940 52941 52942 52943 52944 52945
7533 52947 52948
7534 52950 52951 52952 52953 52954
7535 52956 52957 52958 52959 52960 52961 52962 52963 52964
7536 52966 52967 52968 52969 52970
7537 52972 52973 52974 52975 52976 52977 52978
7539 52980 52981 52982 52983 52984 52985 52986 52987 52988
7540 52990 52991 52992 52993 52994 52995 52996 52997 52998
7541 53000 53001 53002 53003 53004 53005 53006 53007
7542 53009 53010 53011 53012
7543 53014 53015 53016
7544 53018 53019 53020 53021 53022 53023 53024 53025
7545 53027 53028 53029 53030 53031 53032
7546 53034 53035 53036 53037
7547 53039 53040 53041 53042 53043 53044 53045 53046
7548 53048 53049
7550 53051 53052 53053 53054 53055
7551 53057 53058 53059 53060 53061
7552 53063
7555 53065 53066 53067 53068 53069 53070 53071 53072 53073
7556 53075
7557 53077 53078
7558 53080 53081 53082 53083
7559 53085 53086 53087 53088 53089 53090 53091 53092 53093
7560 53095 53096 53097 53098 53099 53100 53101
7561 53103 53104 53105 53106 53107 53108 53109 53110 53111
7562 53113 53114 53115 53116 53117 53118 53119 53120 53121
7563 53123 53124 53125 53126 53127 53128 53129 53130 53131
7564 53133 53134 53135
7565 53137 53138 53139 53140 53141 53142 53143 53144 53145
7566 53147 53148 53149 53150 53151 53152 53153 53154 53155
7567 53157
7568 53159 53160 53161 53162 53163
7569 53165 53166 53167 53168 53169 53170 53171 53172 53173
7570 53175 53176 53177 53178 53179
7571 53181 53182 53183 53184 53185 53186
7573 53188 53189 53190 53191 53192 53193 53194 53195 53196
7574 53198 53199 53200
7576 53202 53203 53204 53205 53206
7578 53208
7579 53210 53211 53212 53213 53214 53215 53216 53217 53218
7581 53220 53221 53222 53223 53224 53225 53226 53227 53228
7582 53230 53231 53232 53233 53234 53235 53236 53237 53238
7584 53240 53241 53242 53243 53244 53245 53246 53247 53248
7585 53250 53251 53252 53253 53254 53255 53256 53257 53258
7586 53260 53261 53262 53263 53264
7587 53266 53267 53268 53269 53270 53271 53272 53273 53274
7590 53276 53277 53278 53279 53280 53281 53282 53283 53284
7591 53286 53287 53288 53289 53290 53291 53292 53293 53294
7592 53296 53297
7593 53299 53300 53301 53302 53303 53304 53305 53306 53307
7594 53309 53310 53311 53312 53313
7595 53315
7597 53317 53318 53319 53320 53321 53322 53323 53324 53325
7600 53327 53328 53329 53330
7601 53332 53333 53334 53335 53336
7602 53338 53339 53340 53341 53342 53343 53344 53345 53346
7603 53348 53349 53350
7605 53352 53353 53354 53355
7606 53357 53358 53359 53360 53361 53362 53363 53364 53365
7607 53367 53368 53369 53370 53371 53372 53373 53374 53375
7608 53377 53378 53379 53380 53381
7609 53383 53384 53385
7610 53387 53388 53389 53390 53391 53392 53393 53394 53395
7611 53397 53398 53399
7613 53401 53402 53403 53404 53405
7614 53407 53408 53409 53410 53411 53412 53413 53414 53415
7615 53417
7616 53419 53420
7617 53422 53423 53424
7618 53426 53427 53428 53429 53430 53431 53432 53433 53434
7620 53436 53437 53438
7621 53440 53441 53442 53443 53444 53445 53446 53447 53448
7622 53450 53451 53452 53453 53454 53455 53456 53457 53458
7624 53460 53461 53462 53463 53464 53465 53466 53467 53468
7625 53470 53471 53472 53473 53474 53475 53476 53477 53478
7626 53480 53481 53482 53483 53484 53485 53486 53487 53488
7627 53490 53491 53492
7628 53494 53495 53496 53497 53498 53499 53500 53501
7629 53503 53504 53505 53506
7630 53508 53509
7631 53511 53512
7632 53514 53515 53516
7633 53518 53519 53520 53521 53522 53523 53524 53525 53526
7634 53528 53529 53530 53531 53532 53533 53534 53535 53536
7635 53538 53539 53540
7637 53542
7639 53544 53545 53546 53547 53548 53549 53550 53551 53552
7640 53554 53555 53556 53557 53558 53559 53560 53561 53562
7641 53564 53565
7642 53567 53568 53569 53570 53571
7643 53573 53574 53575 53576 53577 53578
7644 53580 53581 53582 53583 53584 53585 53586 53587 53588
7647 53590 53591 53592 53593 53594 53595 53596 53597 53598
7648 53600 53601 53602
7649 53604 53605 53606 53607
7651 53609 53610 53611 53612 53613 53614 53615 53616 53617
7652 53619
7653 53621
7655 53623 53624 53625
7656 53627 53628 53629 53630 53631 53632 53633 53634 53635
7658 53637 53638 53639 53640 53641 53642
7659 53644 53645 53646 53647
7660 53649 53650 53651 53652 53653 53654 53655 53656 53657
7661 53659 53660 53661 53662 53663 53664
7663 53666 53667 53668 53669 53670 53671 53672 53673 53674
7664 53676 53677 53678 53679 53680 53681 53682 53683 53684
7665 53686 53687 53688 53689 53690 53691 53692
7666 53694
7667 53696 53697
7668 53699
7669 53701 53702 53703
7670 53705 53706 53707 53708 53709 53710 53711
7671 53713
7672 53715 53716 53717
7674 53719 53720 53721 53722
7675 53724 53725 53726 53727 53728 53729 53730 53731 53732
7678 53734 53735 53736 53737 53738 53739 53740 53741 53742
7679 53744 53745 53746 53747 53748 53749 53750 53751 53752
7680 53754 53755 53756 53757 53758 53759 53760 53761 53762
7681 53764 53765 53766 53767 53768 53769 53770 53771 53772
7682 53774 53775 53776 53777 53778 53779 53780 53781 53782
7683 53784 53785 53786 53787 53788 53789 53790
7684 53792 53793 53794 53795 53796 53797 53798 53799 53800
7685 53802
7686 53804 53805 53806 53807 53808 53809 53810 53811 53812
7687 53814 53815
7688 53817 53818 53819 53820 53821 53822
7690 53824
7692 53826 53827 53828 53829 53830 53831 53832 53833 53834
7693 53836 53837 53838 53839 53840 53841 53842 53843 53844
7695 53846 53847
7697 53849 53850 53851 53852 53853 53854 53855 53856 53857
7698 53859 53860 53861 53862 53863 53864 53865 53866
7699 53868
7701 53870 53871 53872 53873 53874 53875 53876 53877 53878
7702 53880 53881
7703 53883 53884 53885 53886 53887 53888 53889
7704 53891
7706 53893 53894 53895 53896 53897 53898 53899 53900
7707 53902 53903 53904 53905 53906 53907 53908 53909 53910
7708 53912
7709 53914 53915 53916 53917 53918 53919 53920 53921 53922
7711 53924 53925 53926 53927 53928 53929 53930 53931 53932
7712 53934 53935 53936 53937
7713 53939
7714 53941 53942 53943 53944 53945 53946 53947 53948 53949
7715 53951 53952 53953 53954 53955 53956 53957 53958 53959
7716 53961 53962 53963 53964 53965 53966 53967 53968 53969
7717 53971 53972 53973
7719 53975 53976
7720 53978 53979 53980 53981 53982 53983
7721 53985 53986 53987 53988 53989 53990 53991
7722 53993 53994 53995 53996 53997 53998 53999 54000
7723 54002 54003 54004 54005 54006 54007 54008 54009 54010
7724 54012 54013 54014
7726 54016 54017 54018 54019 54020 54021 54022 54023 54024
7727 54026 54027 54028 54029 54030 54031 54032 54033 54034
7728 54036 54037 54038 54039 54040 54041 54042 54043 54044
7729 54046 54047 54048 54049 54050 54051 54052 54053 54054
7730 54056 54057
7731 54059 54060 54061 54062 54063 54064 54065 54066 54067
7732 54069 54070 54071 54072 54073 54074 54075 54076 54077
7733 54079 54080 54081 54082 54083 54084 54085 54086 54087
7734 54089 54090 54091 54092 54093 54094 54095 54096 54097
7736 54099 54100 54101 54102 54103 54104 54105 54106 54107
7737 54109 54110 54111 54112 54113 54114 54115
7738 54117 54118 54119 54120 54121 54122 54123 54124
7739 54126 54127
7740 54129 54130 54131 54132 54133 54134 54135 54136 54137
7741 54139 54140 54141 54142 54143 54144 54145 54146 54147
7743 54149 54150 54151
7744 54153
7746 54155
7747 54157 54158 54159 54160 54161 54162 54163 54164
7748 54166 54167 54168 54169 54170 54171
7749 54173 54174 54175 54176 54177 54178 54179 54180 54181
7750 54183 54184 54185 54186 54187 54188 54189 54190 54191
7751 54193 54194 54195 54196 54197 54198 54199 54200 54201
7752 54203 54204 54205
7753 54207 54208
7754 54210 54211
7756 54213 54214 54215 54216 54217 54218 54219 54220 54221
7757 54223 54224 54225 54226
7758 54228
7759 54230 54231 54232
7760 54234 54235 54236 54237 54238 54239 54240
7761 54242
7762 54244 54245 54246 54247 54248 54249 54250 54251 54252
7763 54254 54255 54256 54257 54258 54259 54260 54261 54262
7764 54264 54265 54266 54267 54268 54269 54270 54271 54272
7765 54274 54275
7766 54277 54278
7768 54280 54281 54282 54283 54284 54285 54286 54287 54288
7769 54290 54291 54292 54293 54294 54295 54296 54297 54298
7770 54300 54301 54302 54303 54304 54305 54306 54307 54308
7771 54310
7772 54312
7773 54314 54315 54316 54317 54318 54319 54320 54321 54322
7774 54324 54325 54326
7775 54328 54329 54330
7776 54332 54333 54334 54335 54336 54337 54338 54339 54340
7777 54342 54343 54344 54345 54346 54347 54348 54349 54350
7778 54352
7779 54354 54355
7780 54357
7781 54359 54360
7782 54362 54363 54364 54365
7783 54367 54368 54369 54370 54371 54372 54373 54374 54375
7784 54377 54378 54379 54380 54381 54382 54383 54384 54385
7785 54387
7787 54389 54390 54391 54392 54393 54394 54395 54396 54397
7788 54399
7791 54401 54402 54403 54404 54405 54406 54407 54408 54409
7792 54411 54412 54413 54414 54415 54416 54417 54418 54419
7794 54421 54422 54423 54424 54425 54426 54427 54428 54429
7795 54431 54432 54433 54434 54435 54436 54437 54438
7796 54440 54441 54442 54443 54444 54445 54446 54447 54448
7797 54450 54451 54452 54453 54454 54455 54456
7798 54458 54459 54460 54461 54462
7799 54464 54465 54466 54467 54468 54469 54470 54471 54472
7800 54474 54475 54476 54477 54478 54479 54480 54481 54482
7801 54484
7802 54486 54487 54488 54489 54490 54491 54492 54493 54494
7803 54496 54497
7804 54499 54500 54501 54502 54503 54504 54505 54506 54507
7805 54509 54510 54511 54512 54513 54514 54515 54516
7806 54518 54519 54520 54521
7807 54523 54524 54525 54526 54527 54528 54529 54530 54531
7809 54533 54534 54535 54536 54537 54538 54539 54540 54541
7810 54543 54544 54545 54546
7811 54548 54549
7812 54551 54552 54553 54554 54555 54556 54557 54558 54559
7813 54561 54562 54563 54564 54565 54566 54567 54568 54569
7814 54571 54572 54573 54574 54575
7815 54577 54578 54579 54580 54581 54582 54583 54584 54585
7816 54587 54588 54589 54590 54591
7819 54593 54594 54595 54596
7820 54598 54599 54600 54601 54602
7821 54604
7822 54606 54607 54608 54609 54610 54611 54612 54613 54614
7823 54616 54617 54618 54619 54620 54621 54622 54623 54624
7825 54626 54627 54628 54629 54630 54631
7826 54633
7827 54635 54636 54637 54638 54639 54640 54641 54642
7828 54644 54645 54646 54647
7829 54649 54650
7830 54652 54653 54654 54655 54656 54657 54658 54659 54660
7831 54662 54663 54664 54665
7833 54667 54668 54669 54670 54671 54672 54673 54674 54675
7835 54677
7836 54679 54680 54681 54682 54683 54684 54685 54686 54687
7837 54689 54690 54691 54692 54693 54694 54695 54696 54697
7838 54699 54700 54701 54702 54703 54704 54705 54706 54707
7839 54709 54710 54711
7840 54713 54714 54715 54716 54717 54718 54719 54720 54721
7841 54723 54724 54725 54726 54727 54728 54729 54730 54731
7842 54733 54734 54735 54736 54737 54738 54739
7843 54741 54742 54743 54744 54745 54746
7844 54748 54749
7845 54751 54752 54753 54754 54755 54756 54757 54758 54759
7847 54761 54762 54763 54764 54765 54766 54767 54768 54769
7848 54771 54772 54773 54774 54775 54776 54777 54778 54779
7849 54781 54782 54783 54784 54785 54786 54787 54788 54789
7851 54791 54792 54793 54794
7852 54796 54797 54798 54799 54800 54801 54802 54803 54804
7853 54806 54807
7854 54809 54810
7855 54812 54813
7856 54815 54816 54817
7857 54819 54820 54821 54822 54823 54824 54825
7858 54827 54828 54829 54830 54831 54832 54833 54834 54835
7859 54837 54838 54839
7860 54841 54842 54843 54844
7861 54846 54847 54848 54849 54850 54851 54852 54853 54854
7862 54856 54857
7863 54859 54860 54861 54862 54863 54864
7864 54866 54867 54868
7865 54870 54871 54872 54873 54874 54875 54876 54877 54878
7866 54880 54881 54882
7867 54884 54885 54886 54887 54888 54889 54890 54891 54892
7868 54894 54895 54896 54897 54898 54899 54900 54901 54902
7870 54904 54905 54906 54907 54908 54909 54910 54911 54912
7871 54914 54915 54916 54917 54918 54919 54920 54921 54922
7872 54924 54925 54926 54927 54928 54929
7873 54931 54932 54933 54934
7875 54936 54937 54938 54939 54940
7876 54942 54943 54944 54945 54946 54947 54948 54949 54950
7877 54952 54953 54954
7878 54956 54957 54958
7879 54960 54961 54962 54963 54964 54965 54966
7880 54968 54969 54970 54971 54972 54973 54974 54975 54976
7881 54978 54979
7883 54981 54982 54983 54984 54985 54986 54987 54988
7884 54990 54991 54992 54993 54994 54995 54996 54997 54998
7885 55000 55001 55002 55003 55004 55005 55006 55007
7886 55009 55010 55011 55012 55013 55014
7887 55016 55017 55018 55019 55020 55021 55022 55023 55024
7888 55026 55027 55028 55029 55030 55031
7889 55033
7891 55035 55036 55037 55038 55039 55040 55041 55042 55043
7892 55045 55046 55047 55048 55049 55050 55051 55052 55053
7893 55055 55056
7894 55058 55059 55060
7895 55062 55063 55064 55065 55066 55067 55068 55069 55070
7896 55072 55073 55074 55075 55076 55077
7897 55079 55080
7898 55082 55083 55084 55085 55086 55087 55088
7899 55090 55091 55092 55093 55094 55095 55096 55097 55098
7900 55100 55101 55102
7902 55104 55105 55106
7903 55108 55109 55110 55111 55112 55113 55114 55115 55116
7904 55118 55119 55120 55121 55122 55123 55124 55125 55126
7905 55128 55129 55130
7907 55132 55133 55134 55135 55136
7908 55138
7909 55140 55141 55142 55143 55144 55145 55146
7910 55148
7911 55150 55151 55152 55153 55154 55155 55156 55157 55158
7912 55160 55161 55162 55163 55164 55165 55166 55167 55168
7913 55170 55171 55172 55173 55174 55175 55176 55177 55178
7914 55180 55181 55182 55183 55184 55185 55186 55187 55188
7915 55190 55191 55192 55193 55194 55195 55196 55197
7917 55199
7918 55201 55202 55203
7919 55205 55206 55207 55208 55209 55210
7920 55212 55213 55214 55215 55216 55217 55218 55219 55220
7922 55222 55223 55224 55225 55226 55227 55228 55229 55230
7923 55232 55233 55234 55235 55236 55237 55238 55239 55240
7924 55242 55243 55244 55245 55246 55247 55248 55249 55250
7925 55252 55253 55254 55255 55256 55257 55258 55259 55260
7926 55262 55263 55264 55265 55266 55267 55268 55269
7927 55271 55272 55273 55274 55275 55276 55277 55278 55279
7928 55281
7929 55283 55284
7930 55286 55287 55288 55289 55290 55291 55292 55293 55294
7931 55296 55297 55298 55299 55300 55301 55302
7933 55304 55305
7934 55307 55308 55309 55310 55311 55312 55313 55314 55315
7936 55317 55318 55319 55320 55321 55322 55323 55324 55325
7937 55327 55328 55329 55330 55331 55332 55333 55334 55335
7938 55337 55338 55339 55340 55341 55342 55343 55344 55345
7940 55347 55348 55349 55350
7941 55352 55353
7943 55355 55356 55357 55358 55359 55360 55361 55362 55363
7944 55365 55366 55367 55368 55369
7946 55371 55372 55373
7947 55375 55376 55377
7948 55379
7949 55381 55382 55383 55384 55385 55386 55387 55388
7950 55390 55391 55392 55393 55394 55395 55396 55397 55398
7951 55400 55401
7952 55403
7954 55405 55406 55407 55408 55409 55410 55411 55412 55413
7955 55415 55416 55417
7956 55419 55420 55421
7957 55423 55424 55425
7958 55427 55428 55429 55430 55431
7959 55433 55434 55435 55436 55437 55438 55439 55440 55441
7960 55443
7962 55445 55446 55447 55448 55449 55450 55451 55452 55453
7963 55455 55456 55457 55458 55459 55460 55461 55462 55463
7964 55465 55466 55467 55468 55469 55470 55471
7965 55473 55474 55475 55476 55477 55478 55479 55480 55481
7967 55483 55484
7969 55486 55487 55488 55489 55490
7970 55492 55493 55494 55495 55496 55497 55498 55499 55500
7971 55502 55503 55504 55505 55506 55507 55508 55509 55510
7973 55512 55513 55514 55515 55516 55517 55518 55519 55520
7974 55522 55523 55524
7975 55526 55527 55528 55529 55530 55531 55532 55533 55534
7977 55536 55537 55538 55539 55540 55541 55542 55543 55544
7979 55546 55547 55548
7980 55550
7981 55552 55553 55554 55555 55556 55557 55558 55559 55560
7982 55562 55563 55564 55565 55566 55567 55568 55569 55570
7983 55572 55573 55574 55575
7985 55577 55578 55579 55580 55581 55582 55583 55584 55585
7987 55587 55588 55589
7988 55591 55592 55593 55594 55595 55596 55597 55598
7989 55600 55601 55602 55603 55604 55605 55606 55607 55608
7990 55610
7991 55612
7992 55614 55615 55616 55617 55618 55619 55620
7993 55622 55623 55624 55625 55626
7994 55628 55629 55630 55631 55632 55633 55634 55635 55636
7995 55638 55639 55640 55641 55642 55643 55644 55645 55646
7996 55648 55649
7997 55651 55652 55653 55654 55655 55656 55657 55658 55659
7999 55661 55662 55663 55664 55665 55666 55667 55668 55669
8001 55671 55672 55673 55674 55675 55676 55677 55678 55679
8002 55681
8003 55683 55684 55685
8004 55687
8007 55689 55690 55691 55692 55693
8009 55695
8010 55697 55698 55699 55700 55701 55702 55703 55704 55705
8012 55707 55708 55709 55710 55711 55712 55713 55714 55715
8013 55717 55718 55719 55720 55721 55722 55723 55724
8014 55726 55727 55728 55729 55730
8015 55732 55733 55734 55735 55736 55737 55738
8016 55740 55741 55742
8017 55744 55745 55746 55747 55748 55749 55750
8018 55752 55753 55754 55755 55756 55757 55758 55759 55760
8019 55762 55763 55764 55765 55766 55767 55768 55769 55770
8020 55772 55773 55774 55775 55776 55777 55778 55779 55780
8021 55782 55783 55784 55785 55786 55787
8022 55789 55790 55791 55792
8023 55794 55795 55796 55797 55798 55799 55800 55801
8024 55803 55804 55805 55806 55807 55808 55809 55810 55811
8025 55813 55814 55815 55816 55817 55818 55819 55820 55821
8027 55823 55824 55825 55826 55827 55828 55829 55830
8029 55832
8030 55834 55835
8031 55837 55838 55839 55840 55841 55842 55843 55844 55845
8033 55847 55848 55849 55850 55851 55852 55853 55854 55855
8034 55857 55858 55859
8035 55861 55862 55863 55864 55865 55866
8036 55868 55869 55870 55871 55872 55873 55874 55875 55876
8037 55878 55879 55880 55881 55882 55883 55884
8038 55886 55887 55888 55889 55890 55891 55892 55893 55894
8039 55896 55897 55898 55899 55900 55901 55902 55903 55904
8040 55906 55907 55908 55909 55910 55911 55912 55913 55914
8041 55916 55917 55918 55919 55920 55921 55922 55923 55924
8042 55926 55927 55928 55929 55930 55931
8043 55933 55934 55935 55936
8044 55938 55939 55940 55941
8045 55943 55944 55945 55946 55947 55948 55949
8046 55951 55952 55953
8048 55955 55956 55957 55958
8049 55960 55961 55962
8050 55964 55965 55966 55967 55968 55969 55970 55971 55972
8051 55974 55975 55976 55977 55978
8052 55980 55981 55982 55983 55984 55985 55986 55987 55988
8055 55990 55991 55992 55993 55994 55995
8056 55997 55998 55999
8057 56001 56002 56003 56004 56005 56006 56007 56008 56009
8058 56011 56012 56013
8059 56015
8060 56017 56018 56019 56020 56021 56022 56023 56024 56025
8061 56027 56028 56029 56030 56031 56032 56033 56034 56035
8062 56037
8064 56039 56040 56041 56042 56043
8065 56045 56046
8066 56048 56049 56050 56051 56052 56053 56054 56055 56056
8067 56058 56059 56060
8068 56062 56063 56064
8069 56066 56067
8070 56069 56070 56071 56072 56073
8071 56075
8072 56077 56078 56079 56080 56081
8073 56083 56084 56085 56086 56087 56088 56089 56090 56091
8074 56093 56094
8076 56096 56097 56098 56099 56100 56101 56102 56103 56104
8077 56106 56107 56108 56109 56110 56111 56112 56113 56114
8078 56116 56117 56118 56119 56120
8079 56122 56123
8080 56125 56126 56127 56128 56129 56130 56131 56132
8081 56134 56135 56136 56137 56138 56139 56140 56141 56142
8082 56144 56145 56146 56147 56148 56149 56150 56151 56152
8083 56154 56155 56156 56157 56158 56159 56160 56161
8085 56163 56164 56165 56166 56167
8086 56169 56170 56171
8088 56173 56174 56175 56176 56177 56178 56179 56180 56181
8090 56183 56184 56185 56186 56187 56188 56189 56190 56191
8092 56193 56194 56195 56196 56197 56198 56199 56200 56201
8095 56203 56204 56205 56206 56207 56208 56209 56210 56211
8096 56213 56214 56215 56216 56217 56218 56219 56220 56221
8097 56223
8098 56225 56226 56227
8099 56229 56230 56231 56232 56233 56234 56235 56236 56237
8100 56239 56240 56241 56242 56243 56244 56245 56246 56247
8101 56249 56250 56251
8102 56253
8103 56255 56256 56257 56258 56259 56260 56261 56262 56263
8104 56265 56266
8105 56268 56269 56270 56271 56272 56273 56274 56275
8106 56277 56278 56279 56280
8107 56282
8108 56284 56285 56286 56287 56288 56289 56290 56291 56292
8109 56294 56295 56296 56297 56298 56299 56300 56301 56302
8110 56304 56305 56306 56307 56308 56309 56310 56311 56312
8111 56314 56315 56316 56317 56318 56319 56320 56321 56322
8112 56324 56325 56326 56327
8113 56329 56330 56331 56332 56333 56334 56335
8114 56337 56338 56339 56340 56341 56342 56343
8115 56345 56346 56347 56348 56349 56350 56351 56352 56353
8117 56355 56356 56357 56358 56359 56360 56361 56362 56363
8118 56365 56366 56367 56368 56369 56370 56371 56372 56373
8119 56375 56376 56377 56378 56379
8121 56381 56382
8122 56384 56385 56386 56387 56388 56389 56390 56391 56392
8123 56394 56395 56396 56397 56398 56399
8124 56401 56402 56403 56404 56405 56406
8125 56408 56409 56410 56411 56412
8126 56414 56415 56416 56417 56418 56419 56420 56421
8127 56423
8128 56425 56426 56427
8129 56429 56430 56431 56432 56433 56434 56435 56436 56437
8130 56439
8131 56441 56442 56443 56444 56445 56446 56447 56448 56449
8132 56451 56452 56453 56454 56455
8133 56457 56458 56459
8135 56461 56462 56463 56464 56465 56466 56467 56468 56469
8136 56471
8137 56473 56474 56475 56476 56477
8138 56479
8139 56481 56482 56483 56484 56485 56486
8140 56488 56489
8141 56491 56492 56493
8142 56495
8143 56497 56498 56499 56500 56501 56502 56503 56504 56505
8144 56507 56508 56509 56510 56511 56512 56513 56514 56515
8145 56517 56518 56519
8146 56521
8147 56523 56524 56525 56526 56527 56528 56529 56530 56531
8148 56533 56534 56535 56536 56537 56538 56539 56540 56541
8149 56543
8150 56545 56546 56547 56548 56549
8151 56551
8152 56553 56554 56555
8153 56557 56558 56559 56560 56561 56562 56563 56564 56565
8154 56567 56568 56569 56570 56571 56572 56573 56574 56575
8155 56577
8156 56579 56580 56581 56582 56583 56584 56585 56586 56587
8158 56589 56590 56591 56592 56593 56594 56595 56596 56597
8159 56599 56600 56601 56602 56603 56604 56605 56606 56607
8160 56609 56610 56611 56612 56613 56614 56615 56616 56617
8162 56619 56620 56621 56622 56623 56624 56625 56626 56627
8163 56629 56630 56631 56632 56633 56634 56635 56636 56637
8164 56639 56640 56641 56642 56643
8165 56645 56646 56647 56648
8166 56650
8167 56652
8168 56654 56655 56656 56657 56658 56659 56660 56661 56662
8169 56664 56665 56666
8170 56668 56669 56670 56671 56672 56673 56674 56675 56676
8171 56678 56679 56680 56681 56682 56683 56684 56685 56686
8172 56688 56689
8174 56691 56692 56693 56694 56695
8175 56697 56698 56699
8176 56701 56702 56703 56704 56705 56706 56707 56708 56709
8177 56711 56712 56713 56714 56715
8178 56717
8179 56719 56720 56721 56722 56723
8180 56725 56726 56727 56728 56729 56730 56731 56732 56733
8181 56735 56736 56737 56738 56739
8182 56741
8184 56743 56744
8185 56746 56747 56748 56749 56750 56751 56752 56753 56754
8186 56756 56757 56758 56759 56760 56761 56762 56763 56764
8187 56766 56767 56768 56769 56770 56771 56772 56773 56774
8188 56776 56777 56778 56779 56780 56781 56782 56783 56784
8189 56786
8191 56788 56789 56790
8192 56792
8193 56794
8194 56796 56797 56798 56799 56800 56801 56802 56803 56804
8195 56806 56807 56808 56809 56810 56811 56812 56813
8196 56815 56816 56817 56818 56819 56820 56821 56822 56823
8197 56825 56826 56827 56828 56829 56830
8198 56832 56833 56834 56835 56836 56837 56838
8200 56840 56841 56842 56843 56844 56845 56846 56847
8201 56849
8202 56851
8203 56853
8204 56855 56856 56857 56858 56859 56860 56861 56862 56863
8205 56865 56866 56867 56868 56869 56870 56871
8206 56873 56874
8208 56876 56877 56878 56879 56880 56881
8209 56883 56884 56885 56886
8211 56888
8212 56890 56891 56892 56893 56894 56895 56896 56897
8213 56899 56900 56901 56902 56903 56904 56905 56906 56907
8214 56909 56910 56911 56912 56913 56914 56915 56916 56917
8215 56919 56920 56921 56922 56923 56924 56925 56926 56927
8216 56929 56930 56931 56932
8217 56934 56935 56936
8218 56938 56939
8219 56941 56942 56943 56944 56945 56946 56947 56948 56949
8220 56951 56952 56953 56954 56955 56956 56957 56958 56959
8221 56961 56962 56963 56964 56965 56966 56967 56968 56969
8222 56971 56972 56973 56974 56975 56976 56977 56978 56979
8223 56981 56982 56983 56984 56985 56986 56987 56988 56989
8224 56991 56992 56993 56994
8225 56996 56997 56998 56999 57000 57001 57002 57003 57004
8226 57006 57007 57008 57009 57010 57011 57012 57013 57014
8227 57016 57017 57018 57019 57020 57021 57022 57023 57024
8228 57026 57027 57028 57029 57030 57031 57032 57033
8229 57035 57036 57037 57038 57039 57040 57041 57042 57043
8230 57045 57046 57047
8232 57049 57050 57051 57052 57053 57054 57055 57056
8234 57058 57059 57060 57061 57062 57063 57064 57065 57066
8235 57068 57069 57070 57071 57072 57073 57074 57075 57076
8236 57078 57079
8237 57081 57082 57083 57084 57085 57086 57087 57088 57089
8240 57091 57092 57093 57094 57095 57096 57097 57098 57099
8241 57101 57102 57103 57104 57105 57106 57107 57108
8242 57110 57111 57112 57113 57114 57115 57116 57117 57118
8243 57120 57121
8244 57123 57124 57125 57126 57127 57128
8245 57130 57131 57132 57133 57134 57135 57136 57137 57138
8246 57140 57141 57142 57143 57144 57145 57146 57147 57148
8247 57150 57151 57152 57153 57154 57155 57156 57157 57158
8249 57160 57161 57162
8250 57164
8251 57166
8252 57168
8253 57170 57171
8254 57173 57174 57175 57176 57177 57178 57179 57180 57181
8255 57183
8257 57185 57186 57187
8259 57189 57190 57191 57192 57193 57194 57195 57196 57197
8260 57199 57200
8261 57202
8262 57204 57205 57206 57207 57208 57209 57210 57211 57212
8263 57214 57215 57216 57217 57218 57219 57220 57221
8264 57223
8265 57225
8266 57227 57228 57229
8267 57231 57232
8268 57234 57235 57236
8269 57238 57239 57240 57241 57242 57243 57244 57245 57246
8270 57248 57249 57250 57251 57252 57253 57254 57255 57256
8271 57258 57259 57260 57261 57262
8272 57264
8273 57266 57267 57268 57269 57270 57271 57272 57273 57274
8274 57276 57277 57278 57279 57280 57281
8275 57283 57284 57285 57286
8276 57288 57289 57290 57291 57292 57293 57294 57295 57296
8278 57298 57299 57300 57301 57302 57303 57304 57305 57306
8279 57308 57309 57310 57311 57312 57313 57314 57315 57316
8281 57318 57319 57320 57321 57322
8282 57324 57325
8283 57327 57328
8284 57330 57331 57332 57333 57334 57335 57336 57337 57338
8285 57340 57341 57342
8286 57344 57345 57346 57347 57348 57349 57350 57351 57352
8287 57354 57355 57356 57357 57358 57359
8288 57361 57362 57363 57364 57365 57366 57367 57368 57369
8289 57371
8290 57373 57374 57375 57376 57377 57378 57379 57380 57381
8291 57383 57384 57385 57386 57387 57388
8292 57390 57391 57392 57393 57394 57395
8293 57397 57398 57399 57400 57401 57402 57403 57404 57405
8294 57407 57408 57409 57410 57411
8296 57413 57414 57415 57416 57417 57418 57419 57420 57421
8297 57423
8298 57425 57426 57427 57428 57429 57430 57431 57432 57433
8300 57435 57436 57437 57438 57439 57440 57441 57442 57443
8301 57445 57446 57447 57448 57449 57450 57451 57452 57453
8302 57455 57456 57457
8304 57459 57460 57461 57462 57463 57464 57465 57466 57467
8307 57469 57470 57471 57472 57473 57474 57475 57476 57477
8308 57479 57480 57481 57482 57483
8309 57485 57486 57487 57488 57489 57490 57491 57492 57493
8310 57495
8311 57497 57498 57499 57500 57501 57502 57503 57504 57505
8312 57507 57508 57509 57510 57511
8313 57513 57514 57515 57516 57517 57518
8314 57520 57521 57522 57523
8315 57525 57526 57527 57528 57529 57530 57531 57532 57533
8316 57535 57536 57537 57538 57539 57540 57541 57542 57543
8317 57545 57546 57547 57548 57549 57550 57551 57552 57553
8318 57555 57556 57557 57558 57559 57560 57561 57562 57563
8319 57565
8320 57567
8321 57569 57570 57571 57572 57573 57574 57575
8323 57577
8324 57579 57580 57581 57582 57583 57584 57585 57586 57587
8325 57589 57590 57591 57592 57593 57594 57595
8326 57597 57598 57599 57600 57601 57602 57603 57604 57605
8328 57607 57608 57609 57610 57611 57612 57613 57614 57615
8329 57617 57618 57619 57620 57621 57622 57623 57624 57625
8330 57627 57628 57629 57630 57631 57632 57633 57634 57635
8331 57637 57638 57639 57640 57641 57642 57643 57644 57645
8332 57647 57648 57649 57650 57651 57652
8333 57654 57655 57656 57657 57658 57659 57660
8334 57662 57663 57664 57665 57666 57667 57668 57669 57670
8335 57672 57673 57674 57675 57676
8336 57678 57679 57680 57681 57682 57683 57684 57685 57686
8337 57688 57689 57690 57691
8338 57693 57694 57695 57696 57697 57698 57699 57700 57701
8339 57703 57704 57705 57706 57707 57708
8340 57710 57711 57712 57713 57714 57715 57716 57717 57718
8341 57720 57721 57722 57723 57724 57725
8342 57727 57728 57729 57730 57731 57732
8343 57734 57735 57736 57737 57738 57739 57740 57741 57742
8344 57744 57745 57746 57747 57748 57749 57750 57751 57752
8345 57754 57755 57756 57757 57758
8346 57760 57761 57762 57763 57764
8347 57766
8348 57768
8349 57770 57771 57772 57773 57774 57775 57776 57777 57778
8350 57780 57781 57782 57783 57784 57785 57786 57787 57788
8351 57790 57791
8352 57793 57794 57795 57796 57797 57798 57799 57800 57801
8353 57803 57804 57805 57806 57807 57808 57809 57810 57811
8355 57813 57814 57815 57816 57817
8356 57819 57820 57821 57822 57823 57824 57825 57826 57827
8357 57829
8358 57831 57832 57833
8359 57835 57836 57837 57838 57839 57840 57841 57842 57843
8360 57845
8361 57847 57848 57849 57850 57851 57852 57853 57854 57855
8362 57857 57858
8363 57860
8365 57862 57863 57864
8367 57866 57867
8368 57869 57870 57871 57872 57873 57874 57875 57876
8369 57878 57879 57880 57881 57882
8370 57884 57885 57886 57887 57888 57889 57890 57891 57892
8373 57894 57895 57896
8375 57898 57899 57900 57901 57902 57903
8376 57905 57906
8377 57908 57909 57910 57911 57912
8378 57914 57915 57916 57917
8379 57919
8380 57921 57922 57923
8381 57925 57926 57927 57928 57929 57930 57931 57932 57933
8382 57935 57936 57937 57938 57939 57940
8383 57942 57943 57944 57945
8384 57947 57948 57949 57950 57951 57952 57953 57954 57955
8385 57957 57958
8386 57960 57961 57962 57963 57964
8387 57966 57967 57968
8388 57970 57971 57972 57973 57974 57975 57976 57977 57978
8389 57980 57981 57982 57983 57984 57985 57986 57987 57988
8390 57990 57991 57992 57993 57994 57995 57996 57997 57998
8391 58000 58001 58002 58003 58004 58005 58006
8392 58008 58009
8393 58011 58012 58013 58014 58015 58016 58017 58018
8394 58020 58021 58022 58023 58024 58025 58026 58027 58028
8395 58030
8396 58032 58033 58034 58035 58036 58037 58038 58039 58040
8397 58042 58043 58044 58045 58046 58047 58048 58049 58050
8398 58052
8399 58054 58055 58056
8400 58058
8401 58060 58061 58062 58063 58064 58065 58066 58067 58068
8402 58070 58071
8403 58073 58074 58075 58076 58077 58078 58079 58080 58081
8405 58083
8406 58085 58086 58087 58088 58089 58090 58091 58092 58093
8407 58095 58096 58097 58098 58099 58100
8409 58102 58103 58104 58105 58106 58107
8410 58109 58110 58111 58112 58113 58114 58115 58116 58117
8411 58119 58120 58121 58122 58123 58124 58125 58126 58127
8412 58129 58130 58131
8413 58133 58134 58135 58136 58137 58138 58139 58140 58141
8414 58143 58144 58145 58146 58147 58148 58149
8415 58151 58152 58153 58154 58155
8417 58157 58158
8418 58160 58161 58162 58163 58164 58165 58166 58167 58168
8419 58170 58171 58172
8421 58174 58175 58176 58177 58178 58179 58180 58181 58182
8422 58184 58185 58186 58187 58188 58189 58190 58191 58192
8423 58194
8424 58196 58197 58198 58199 58200 58201
8425 58203 58204 58205 58206 58207 58208 58209
8426 58211 58212 58213 58214 58215 58216 58217 58218 58219
8428 58221 58222
8429 58224 58225 58226 58227 58228 58229 58230 58231 58232
8430 58234 58235 58236 58237
8431 58239 58240 58241 58242
8432 58244 58245 58246 58247 58248 58249 58250 58251
8433 58253 58254 58255 58256 58257 58258 58259 58260 58261
8434 58263 58264
8438 58266 58267 58268 58269 58270 58271 58272 58273 58274
8439 58276 58277 58278 58279 58280 58281
8440 58283 58284 58285 58286 58287 58288 58289
8443 58291 58292 58293 58294 58295 58296 58297 58298 58299
8444 58301 58302 58303 58304 58305 58306 58307 58308 58309
8445 58311 58312 58313
8447 58315 58316 58317 58318 58319
8448 58321 58322 58323 58324 58325 58326 58327 58328 58329
8450 58331
8451 58333 58334 58335 58336 58337
8452 58339 58340 58341 58342 58343 58344 58345 58346 58347
8453 58349
8454 58351 58352 58353 58354 58355 58356 58357 58358 58359
8455 58361 58362 58363 58364
8456 58366
8457 58368 58369 58370 58371 58372 58373 58374 58375 58376
8459 58378 58379 58380 58381 58382 58383 58384 58385 58386
8460 58388 58389 58390
8461 58392 58393 58394 58395 58396 58397
8462 58399 58400 58401 58402 58403 58404 58405 58406 58407
8463 58409 58410 58411 58412 58413
8464 58415 58416 58417 58418 58419 58420 58421
8465 58423
8466 58425 58426
8467 58428 58429 58430 58431 58432 58433 58434 58435 58436
8468 58438 58439 58440 58441 58442 58443 58444 58445 58446
8469 58448 58449 58450 58451 58452 58453
8470 58455 58456 58457 58458 58459 58460 58461 58462 58463
8471 58465 58466 58467 58468 58469 58470 58471 58472 58473
8472 58475 58476 58477 58478 58479 58480 58481 58482
8473 58484 58485 58486 58487 58488 58489 58490 58491 58492
8474 58494 58495 58496
8475 58498 58499 58500 58501
8476 58503 58504 58505 58506 58507
8477 58509 58510 58511 58512 58513 58514 58515 58516
8479 58518 58519 58520 58521 58522 58523 58524 58525 58526
8480 58528 58529 58530 58531 58532 58533
8481 58535 58536 58537 58538 58539 58540 58541 58542
8483 58544 58545
8484 58547 58548 58549 58550 58551 58552 58553 58554 58555
8485 58557
8486 58559 58560 58561 58562 58563 58564 58565 58566 58567
8487 58569 58570 58571 58572 58573 58574 58575 58576 58577
8488 58579 58580
8489 58582 58583 58584 58585
8490 58587 58588 58589 58590
8491 58592 58593 58594 58595 58596 58597 58598 58599 58600
8492 58602 58603 58604 58605 58606 58607 58608 58609 58610
8493 58612 58613 58614 58615 58616 58617 58618 58619 58620
8494 58622
8497 58624
8500 58626 58627 58628 58629 58630 58631 58632 58633 58634
8501 58636 58637 58638
8502 58640 58641 58642 58643 58644 58645 58646 58647 58648
8503 58650 58651 58652
8504 58654 58655 58656 58657 58658 58659 58660 58661 58662
8505 58664 58665 58666 58667 58668 58669 58670 58671 58672
8506 58674 58675 58676 58677 58678 58679 58680 58681 58682
8507 58684
8508 58686 58687 58688 58689 58690 58691 58692 58693 58694
8509 58696 58697 58698 58699 58700
8510 58702 58703 58704 58705
8511 58707 58708 58709 58710 58711 58712 58713 58714 58715
8512 58717 58718 58719 58720 58721 58722 58723 58724 58725
8513 58727 58728 58729 58730
8514 58732 58733 58734 58735 58736 58737 58738 58739 58740
8516 58742 58743 58744 58745 58746 58747 58748 58749 58750
8517 58752 58753 58754
8518 58756 58757
8519 58759 58760 58761 58762 58763 58764 58765 58766 58767
8520 58769 58770 58771 58772 58773 58774 58775 58776 58777
8522 58779
8523 58781 58782 58783 58784 58785 58786 58787 58788 58789
8524 58791
8525 58793
8526 58795 58796 58797 58798 58799
8528 58801 58802 58803 58804 58805 58806 58807
8529 58809 58810 58811 58812 58813 58814 58815
8530 58817 58818 58819 58820 58821 58822 58823
8531 58825 58826 58827
8532 58829 58830 58831 58832 58833 58834 58835 58836 58837
8533 58839 58840 58841 58842 58843 58844 58845 58846 58847
8534 58849 58850 58851 58852 58853 58854 58855
8537 58857 58858 58859 58860 58861 58862 58863 58864 58865
8539 58867
8542 58869 58870 58871 58872 58873 58874 58875 58876
8543 58878
8544 58880 58881 58882
8545 58884
8548 58886 58887 58888 58889 58890 58891 58892 58893 58894
8549 58896 58897 58898 58899 58900 58901 58902
8550 58904 58905 58906 58907 58908 58909
8551 58911 58912
8552 58914 58915 58916 58917 58918 58919 58920 58921 58922
8553 58924
8554 58926 58927 58928 58929
8555 58931 58932 58933 58934 58935
8556 58937 58938 58939 58940 58941 58942 58943 58944 58945
8557 58947 58948 58949 58950 58951 58952 58953 58954 58955
8558 58957 58958 58959 58960 58961 58962 58963
8559 58965 58966 58967
8560 58969
8561 58971 58972 58973 58974
8562 58976
8564 58978 58979 58980 58981 58982 58983 58984 58985 58986
8565 58988 58989 58990 58991 58992 58993 58994 58995 58996
8567 58998 58999 59000 59001 59002 59003 59004 59005 59006
8568 59008 59009
8569 59011 59012 59013 59014 59015 59016 59017 59018 59019
8570 59021
8571 59023 59024 59025 59026
8572 59028 59029 59030 59031 59032
8573 59034 59035 59036 59037 59038 59039 59040 59041 59042
8574 59044 59045 59046 59047 59048 59049 59050 59051 59052
8576 59054 59055 59056 59057 59058 59059 59060 59061 59062
8578 59064 59065 59066 59067 59068 59069
8579 59071 59072 59073 59074 59075 59076 59077 59078 59079
8580 59081 59082 59083 59084 59085 59086 59087 59088 59089
8581 59091 59092 59093 59094 59095 59096 59097
8582 59099 59100 59101 59102 59103 59104 59105 59106 59107
8583 59109 59110
8584 59112 59113 59114 59115 59116 59117
8585 59119
8586 59121 59122 59123 59124 59125 59126 59127 59128 59129
8587 59131 59132
8589 59134 59135 59136 59137 59138 59139
8590 59141 59142 59143 59144 59145 59146 59147 59148 59149
8591 59151 59152 59153 59154 59155 59156 59157
8592 59159
8593 59161 59162 59163 59164
8594 59166 59167 59168 59169
8595 59171
8596 59173 59174 59175 59176 59177 59178 59179 59180 59181
8597 59183 59184 59185 59186 59187 59188 59189 59190 59191
8598 59193 59194 59195 59196
8599 59198 59199 59200 59201 59202 59203 59204 59205 59206
8601 59208 59209 59210 59211
8602 59213 59214 59215
8603 59217 59218 59219 59220 59221 59222 59223 59224 59225
8604 59227 59228 59229 59230 59231 59232 59233 59234
8605 59236
8606 59238
8607 59240
8608 59242 59243 59244 59245 59246 59247 59248
8609 59250 59251 59252 59253 59254 59255 59256 59257 59258
8610 59260 59261 59262 59263 59264 59265 59266 59267 59268
8611 59270 59271 59272
8612 59274 59275 59276
8613 59278 59279
8614 59281
8615 59283 59284 59285 59286 59287 59288 59289 59290
8616 59292 59293 59294 59295 59296 59297 59298 59299 59300
8617 59302 59303 59304 59305 59306 59307 59308 59309 59310
8618 59312 59313 59314 59315 59316 59317 59318 59319 59320
8619 59322 59323 59324 59325 59326 59327 59328
8620 59330 59331 59332 59333
8621 59335 59336 59337 59338 59339 59340 59341 59342 59343
8622 59345 59346 59347 59348 59349 59350 59351 59352 59353
8623 59355 59356 59357 59358 59359 59360 59361
8624 59363 59364 59365 59366 59367 59368 59369 59370 59371
8625 59373 59374 59375 59376 59377 59378 59379
8626 59381 59382 59383 59384
8627 59386 59387 59388 59389 59390 59391
8628 59393 59394 59395 59396 59397 59398
8629 59400 59401 59402 59403 59404 59405 59406 59407 59408
8630 59410 59411 59412
8631 59414
8632 59416 59417
8633 59419 59420 59421 59422 59423
8635 59425
8636 59427 59428 59429
8638 59431 59432 59433 59434 59435 59436 59437 59438 59439
8639 59441 59442 59443 59444 59445 59446 59447 59448 59449
8640 59451 59452
8641 59454 59455 59456 59457 59458 59459 59460 59461 59462
8643 59464 59465 59466 59467 59468 59469 59470 59471 59472
8644 59474 59475
8647 59477 59478
8648 59480 59481 59482 59483 59484 59485 59486 59487
8649 59489 59490 59491 59492 59493 59494 59495 59496 59497
8650 59499 59500 59501
8651 59503 59504
8652 59506 59507 59508 59509 59510 59511 59512 59513
8653 59515 59516
8655 59518
8656 59520
8657 59522 59523 59524 59525 59526 59527 59528 59529 59530
8658 59532 59533 59534 59535 59536 59537 59538
8659 59540 59541
8660 59543 59544 59545 59546 59547 59548 59549
8661 59551 59552 59553 59554 59555 59556 59557 59558 59559
8662 59561 59562 59563 59564 59565 59566 59567 59568 59569
8664 59571 59572 59573
8665 59575 59576 59577 59578 59579 59580 59581 59582 59583
8666 59585 59586 59587 59588 59589 59590 59591 59592 59593
8667 59595 59596 59597 59598 59599 59600 59601 59602 59603
8668 59605 59606
8669 59608 59609 59610 59611 59612
8670 59614 59615 59616 59617 59618 59619 59620 59621 59622
8671 59624 59625 59626 59627 59628 59629 59630 59631 59632
8672 59634 59635
8674 59637 59638 59639 59640 59641 59642 59643 59644 59645
8675 59647 59648 59649 59650 59651
8676 59653 59654 59655 59656 59657 59658 59659 59660 59661
8677 59663
8678 59665
8679 59667 59668
8683 59670 59671 59672 59673 59674 59675
8684 59677 59678
8687 59680
8688 59682 59683 59684 59685 59686 59687 59688 59689 59690
8689 59692 59693 59694 59695 59696 59697 59698 59699 59700
8690 59702 59703 59704 59705 59706 59707 59708 59709 59710
8691 59712 59713 59714 59715 59716 59717 59718 59719 59720
8692 59722 59723 59724 59725 59726
8693 59728 59729 59730 59731 59732 59733 59734 59735 59736
8694 59738 59739
8696 59741 59742 59743
8697 59745 59746 59747 59748 59749 59750 59751 59752 59753
8698 59755 59756 59757 59758
8699 59760 59761 59762 59763 59764 59765 59766 59767 59768
8701 59770 59771
8702 59773 59774 59775 59776 59777
8703 59779 59780 59781 59782
8704 59784
8705 59786 59787 59788 59789
8707 59791 59792 59793 59794 59795 59796 59797 59798 59799
8708 59801 59802
8709 59804 59805 59806 59807 59808 59809 59810 59811 59812
8710 59814 59815 59816 59817
8711 59819 59820 59821 59822 59823 59824 59825 59826 59827
8712 59829 59830
8713 59832
8714 59834 59835 59836 59837 59838 59839 59840 59841 59842
8715 59844 59845 59846 59847 59848
8717 59850 59851 59852
8718 59854
8719 59856 59857 59858 59859 59860 59861 59862 59863 59864
8720 59866
8721 59868 59869 59870
8722 59872 59873 59874 59875 59876 59877
8723 59879 59880 59881 59882 59883 59884
8724 59886 59887 59888 59889 59890 59891 59892 59893 59894
8725 59896 59897 59898 59899 59900 59901
8726 59903 59904 59905 59906 59907 59908 59909 59910 59911
8727 59913 59914 59915 59916 59917 59918 59919 59920 59921
8728 59923 59924 59925
8729 59927 59928 59929 59930 59931 59932 59933 59934 59935
8730 59937 59938 59939 59940 59941 59942 59943 59944 59945
8732 59947 59948 59949 59950 59951 59952 59953 59954 59955
8733 59957 59958 59959 59960 59961 59962 59963 59964 59965
8734 59967
8735 59969 59970 59971 59972 59973 59974 59975
8736 59977 59978 59979 59980 59981 59982 59983 59984 59985
8737 59987
8738 59989 59990 59991 59992 59993 59994 59995 59996 59997
8739 59999 60000 60001 60002 60003 60004 60005 60006 60007
8740 60009 60010 60011 60012
8742 60014
8744 60016 60017 60018 60019 60020 60021 60022 60023 60024
8745 60026 60027 60028 60029 60030 60031 60032 60033 60034
8746 60036 60037 60038 60039 60040
8748 60042 60043 60044 60045 60046 60047 60048 60049 60050
8749 60052 60053 60054 60055 60056 60057 60058 60059 60060
8751 60062 60063
8752 60065 60066 60067
8753 60069 60070 60071 60072 60073 60074 60075 60076 60077
8754 60079 60080 60081 60082 60083 60084 60085 60086
8757 60088 60089 60090 60091 60092
8760 60094 60095 60096
8761 60098 60099
8762 60101 60102 60103
8764 60105 60106 60107 60108 60109 60110 60111 60112 60113
8765 60115 60116 60117 60118 60119 60120 60121 60122 60123
8766 60125 60126 60127 60128 60129 60130 60131 60132
8769 60134
8770 60136 60137
8771 60139 60140 60141 60142 60143 60144
8773 60146 60147
8774 60149 60150 60151 60152 60153
8775 60155 60156 60157
8777 60159 60160 60161 60162 60163 60164 60165 60166 60167
8778 60169 60170 60171 60172 60173 60174 60175 60176 60177
8779 60179 60180 60181 60182 60183 60184 60185 60186 60187
8780 60189 60190 60191 60192 60193 60194 60195 60196 60197
8782 60199 60200 60201
8784 60203 60204 60205 60206 60207 60208 60209 60210 60211
8785 60213 60214
8786 60216 60217
8789 60219 60220 60221 60222 60223 60224 60225 60226 60227
8791 60229
8792 60231 60232 60233 60234 60235 60236 60237 60238 60239
8793 60241 60242 60243 60244 60245 60246 60247 60248 60249
8795 60251 60252 60253 60254 60255 60256
8796 60258 60259 60260 60261 60262 60263 60264 60265 60266
8797 60268 60269 60270 60271 60272 60273
8798 60275 60276 60277 60278 60279
8799 60281 60282
8800 60284 60285 60286 60287 60288 60289 60290 60291 60292
8801 60294 60295 60296 60297 60298 60299 60300 60301
8802 60303 60304 60305 60306 60307 60308 60309 60310 60311
8804 60313 60314 60315 60316 60317 60318 60319 60320 60321
8805 60323 60324 60325 60326 60327 60328 60329 60330 60331
8806 60333 60334 60335 60336 60337 60338 60339 60340 60341
8808 60343
8809 60345 60346 60347 60348 60349 60350 60351 60352 60353
8810 60355
8811 60357 60358
8812 60360
8813 60362 60363 60364 60365 60366 60367 60368 60369 60370
8814 60372 60373
8815 60375 60376 60377 60378 60379 60380 60381 60382 60383
8817 60385
8819 60387
8820 60389 60390 60391 60392 60393 60394 60395 60396 60397
8821 60399 60400 60401 60402 60403
8822 60405 60406 60407 60408 60409 60410 60411 60412 60413
8823 60415 60416 60417 60418 60419 60420 60421 60422 60423
8824 60425 60426
8825 60428 60429 60430 60431 60432 60433 60434 60435 60436
8827 60438 60439 60440 60441 60442 60443 60444 60445 60446
8829 60448 60449 60450 60451 60452
8831 60454 60455 60456 60457 60458 60459
8833 60461 60462 60463 60464
8836 60466 60467 60468 60469 60470 60471 60472 60473 60474
8837 60476
8839 60478 60479 60480 60481 60482 60483 60484 60485 60486
8840 60488 60489 60490 60491 60492 60493 60494 60495 60496
8841 60498
8842 60500 60501 60502 60503 60504 60505 60506 60507 60508
8843 60510 60511 60512
8844 60514 60515
8845 60517 60518 60519 60520 60521 60522 60523 60524 60525
8849 60527 60528
8850 60530 60531
8851 60533 60534 60535 60536 60537 60538 60539 60540 60541
8853 60543 60544 60545 60546 60547 60548 60549 60550 60551
8855 60553 60554 60555
8856 60557 60558 60559 60560 60561 60562 60563 60564 60565
8857 60567 60568 60569
8858 60571 60572 60573 60574 60575 60576 60577 60578 60579
8860 60581 60582 60583
8861 60585 60586 60587 60588 60589 60590 60591 60592 60593
8862 60595
8864 60597
8865 60599 60600 60601
8866 60603 60604 60605 60606 60607 60608 60609 60610 60611
8867 60613 60614 60615 60616
8868 60618 60619 60620 60621 60622
8870 60624 60625 60626 60627 60628
8871 60630
8873 60632 60633 60634 60635 60636 60637 60638
8875 60640 60641 60642 60643 60644 60645 60646
8878 60648 60649
8879 60651 60652 60653 60654 60655 60656 60657 60658 60659
8880 60661 60662
8881 60664 60665 60666 60667 60668 60669 60670 60671 60672
8882 60674 60675
8884 60677 60678 60679 60680 60681
8887 60683 60684
8888 60686 60687 60688 60689
8889 60691
8890 60693 60694 60695 60696 60697 60698 60699 60700 60701
8891 60703 60704 60705 60706 60707 60708 60709 60710 60711
8892 60713
8894 60715 60716 60717 60718 60719 60720 60721 60722 60723
8895 60725 60726
8896 60728 60729 60730
8897 60732 60733 60734 60735
8898 60737 60738 60739 60740 60741
8899 60743 60744 60745 60746 60747 60748 60749 60750 60751
8900 60753 60754 60755 60756 60757 60758
8902 60760 60761 60762 60763
8903 60765 60766 60767 60768 60769 60770 60771
8905 60773 60774 60775 60776 60777 60778 60779 60780 60781
8906 60783 60784 60785
8907 60787 60788 60789 60790 60791 60792 60793
8908 60795
8909 60797 60798 60799 60800 60801 60802 60803 60804 60805
8910 60807 60808 60809 60810 60811 60812
8912 60814 60815 60816 60817 60818 60819 60820 60821 60822
8913 60824 60825 60826
8914 60828 60829
8915 60831 60832 60833 60834 60835 60836 60837 60838 60839
8916 60841 60842 60843 60844 60845 60846 60847 60848
8917 60850 60851 60852 60853 60854 60855
8918 60857 60858 60859 60860 60861 60862 60863 60864 60865
8919 60867 60868
8920 60870 60871
8921 60873
8922 60875 60876 60877
8923 60879
8924 60881 60882 60883 60884 60885 60886 60887 60888 60889
8925 60891 60892 60893 60894
8926 60896 60897 60898
8927 60900 60901 60902 60903 60904
8928 60906 60907 60908 60909 60910 60911 60912 60913 60914
8930 60916 60917 60918 60919 60920 60921 60922 60923 60924
8931 60926 60927 60928 60929 60930 60931 60932 60933 60934
8932 60936 60937 60938 60939 60940 60941
8933 60943 60944 60945 60946 60947
8935 60949 60950 60951 60952 60953 60954 60955 60956
8937 60958 60959 60960 60961 60962 60963 60964 60965 60966
8939 60968
8940 60970
8942 60972 60973 60974 60975 60976 60977 60978 60979 60980
8943 60982 60983 60984 60985 60986 60987 60988 60989 60990
8944 60992 60993 60994 60995 60996 60997 60998 60999 61000
8945 61002 61003 61004 61005
8946 61007 61008 61009 61010 61011 61012 61013 61014
8947 61016 61017 61018 61019
8948 61021
8949 61023 61024 61025 61026
8950 61028 61029 61030 61031
8951 61033 61034 61035 61036 61037 61038 61039 61040 61041
8952 61043 61044
8953 61046 61047 61048 61049 61050 61051 61052 61053 61054
8954 61056 61057 61058 61059 61060
8955 61062 61063 61064 61065 61066 61067 61068 61069 61070
8956 61072 61073 61074 61075
8957 61077 61078 61079 61080 61081
8958 61083 61084 61085
8959 61087
8960 61089 61090 61091
8961 61093 61094 61095 61096 61097 61098 61099 61100 61101
8962 61103 61104 61105 61106 61107 61108 61109 61110 61111
8964 61113 61114 61115 61116 61117 61118 61119 61120 61121
8966 61123
8967 61125 61126 61127 61128 61129 61130 61131 61132 61133
8968 61135 61136 61137 61138 61139 61140 61141 61142 61143
8971 61145 61146 61147 61148 61149 61150 61151 61152 61153
8972 61155 61156 61157 61158 61159 61160 61161 61162
8973 61164 61165 61166 61167 61168
8974 61170 61171 61172 61173 61174 61175
8975 61177 61178 61179 61180
8977 61182 61183 61184 61185 61186 61187 61188 61189 61190
8979 61192
8980 61194
8981 61196 61197 61198 61199
8982 61201 61202 61203 61204 61205 61206 61207 61208 61209
8983 61211 61212 61213 61214 61215 61216 61217 61218 61219
8984 61221 61222 61223 61224 61225 61226 61227 61228 61229
8985 61231
8986 61233 61234 61235 61236 61237 61238 61239 61240 61241
8987 61243 61244 61245 61246 61247 61248 61249 61250 61251
8990 61253
8991 61255 61256
8992 61258 61259 61260 61261 61262 61263 61264 61265 61266
8993 61268 61269 61270 61271 61272 61273 61274
8994 61276 61277 61278 61279 61280 61281 61282 61283 61284
8995 61286 61287 61288 61289 61290 61291
8997 61293 61294 61295 61296 61297 61298 61299 61300 61301
8998 61303 61304 61305 61306 61307 61308 61309 61310 61311
8999 61313 61314 61315 61316 61317 61318 61319 61320 61321
9000 61323 61324 61325 61326 61327 61328 61329 61330 61331
9001 61333 61334 61335 61336 61337 61338 61339 61340 61341
9002 61343 61344 61345 61346 61347 61348 61349 61350 61351
9003 61353 61354 61355 61356 61357 61358 61359 61360 61361
9004 61363 61364 61365 61366 61367
9005 61369 61370 61371 61372 61373 61374 61375
9006 61377 61378 61379 61380 61381 61382 61383 61384 61385
9008 61387 61388 61389 61390 61391 61392 61393 61394 61395
9009 61397 61398 61399 61400 61401 61402 61403 61404 61405
9010 61407 61408 61409 61410 61411 61412 61413 61414 61415
9011 61417 61418 61419 61420 61421 61422 61423 61424 61425
9012 61427 61428 61429 61430 61431 61432 61433 61434 61435
9013 61437 61438 61439
9014 61441 61442
9015 61444 61445 61446 61447 61448 61449 61450
9016 61452
9018 61454 61455 61456 61457 61458
9019 61460 61461 61462
9021 61464 61465 61466 61467 61468 61469 61470 61471 61472
9022 61474 61475 61476 61477 61478 61479 61480 61481 61482
9023 61484 61485 61486 61487 61488 61489 61490 61491 61492
9024 61494
9026 61496 61497 61498 61499 61500 61501 61502 61503 61504
9028 61506 61507
9029 61509 61510
9030 61512
9031 61514 61515 61516 61517 61518 61519 61520 61521 61522
9033 61524 61525 61526 61527
9034 61529
9036 61531 61532 61533 61534 61535 61536 61537 61538 61539
9037 61541 61542 61543 61544
9038 61546 61547 61548
9039 61550 61551 61552
9040 61554 61555 61556 61557 61558 61559 61560 61561 61562
9042 61564 61565 61566 61567 61568 61569 61570 61571
9044 61573 61574 61575 61576 61577 61578 61579 61580 61581
9045 61583 61584 61585 61586 61587 61588 61589 61590 61591
9046 61593 61594 61595
9047 61597 61598 61599 61600 61601 61602 61603
9049 61605 61606 61607 61608 61609 61610 61611 61612 61613
9050 61615 61616 61617 61618 61619
9052 61621 61622 61623 61624 61625 61626 61627 61628 61629
9053 61631 61632 61633
9054 61635
9055 61637 61638 61639 61640 61641 61642 61643 61644 61645
9058 61647 61648 61649 61650 61651 61652 61653 61654 61655
9059 61657 61658 61659 61660 61661 61662 61663
9060 61665 61666 61667 61668 61669 61670 61671 61672 61673
9061 61675 61676 61677 61678 61679 61680 61681 61682 61683
9064 61685 61686 61687
9065 61689 61690 61691 61692 61693 61694 61695 61696 61697
9067 61699 61700
9068 61702 61703 61704 61705 61706 61707 61708 61709 61710
9069 61712 61713 61714 61715 61716 61717 61718
9070 61720 61721 61722 61723 61724 61725
9071 61727 61728 61729 61730 61731 61732 61733 61734
9072 61736
9076 61738 61739 61740
9077 61742
9078 61744 61745 61746 61747 61748 61749 61750 61751
9079 61753 61754 61755 61756 61757 61758 61759 61760 61761
9080 61763 61764 61765 61766 61767 61768 61769 61770 61771
9081 61773 61774 61775 61776 61777 61778 61779 61780 61781
9082 61783
9083 61785 61786
9084 61788 61789 61790 61791
9085 61793 61794 61795 61796 61797 61798 61799 61800 61801
9086 61803 61804 61805 61806 61807 61808 61809 61810 61811
9087 61813 61814 61815 61816 61817 61818 61819 61820 61821
9088 61823
9090 61825 61826 61827
9091 61829
9092 61831 61832 61833 61834 61835
9094 61837 61838 61839 61840 61841 61842 61843 61844 61845
9095 61847 61848 61849 61850 61851 61852
9096 61854 61855 61856
9097 61858 61859 61860 61861 61862 61863 61864 61865 61866
9098 61868 61869 61870
9099 61872 61873 61874 61875 61876 61877 61878 61879 61880
9101 61882 61883 61884 61885
9103 61887 61888 61889 61890 61891 61892 61893 61894
9104 61896 61897 61898 61899 61900 61901 61902 61903 61904
9106 61906 61907 61908 61909
9107 61911 61912 61913 61914
9108 61916 61917 61918 61919 61920 61921
9109 61923 61924 61925 61926 61927 61928 61929 61930 61931
9112 61933
9114 61935 61936 61937 61938
9115 61940 61941 61942 61943 61944 61945 61946 61947
9116 61949 61950 61951 61952 61953 61954 61955 61956 61957
9117 61959 61960 61961 61962 61963 61964 61965 61966 61967
9118 61969
9119 61971
9120 61973 61974 61975 61976 61977 61978 61979 61980 61981
9121 61983 61984 61985
9122 61987 61988 61989 61990 61991 61992
9123 61994
9124 61996 61997 61998 61999 62000 62001 62002
9125 62004 62005 62006 62007 62008 62009
9126 62011 62012 62013 62014 62015 62016 62017 62018 62019
9127 62021
9128 62023 62024 62025 62026 62027 62028 62029 62030 62031
9129 62033
9130 62035 62036 62037 62038 62039
9131 62041
9132 62043 62044 62045 62046
9134 62048 62049 62050 62051 62052 62053 62054 62055 62056
9135 62058 62059
9136 62061 62062 62063 62064 62065 62066
9137 62068 62069 62070 62071 62072
9138 62074 62075 62076 62077 62078 62079 62080 62081 62082
9139 62084 62085
9140 62087
9141 62089 62090
9143 62092 62093 62094 62095
9145 62097 62098 62099 62100 62101 62102 62103 62104
9146 62106 62107 62108 62109
9147 62111 62112 62113
9148 62115 62116 62117 62118 62119 62120
9149 62122 62123 62124 62125 62126 62127 62128 62129 62130
9151 62132 62133 62134 62135 62136 62137 62138 62139 62140
9152 62142 62143 62144 62145 62146 62147 62148
9153 62150 62151 62152 62153 62154 62155 62156 62157 62158
9156 62160 62161 62162 62163 62164 62165 62166 62167 62168
9158 62170 62171 62172 62173 62174 62175 62176 62177 62178
9159 62180 62181 62182 62183 62184 62185 62186 62187 62188
9161 62190 62191 62192
9162 62194 62195 62196 62197 62198 62199 62200 62201 62202
9163 62204 62205
9169 62207 62208 62209 62210 62211
9170 62213 62214 62215 62216 62217 62218 62219 62220 62221
9172 62223 62224 62225 62226 62227 62228 62229 62230 62231
9174 62233 62234 62235 62236
9175 62238 62239 62240 62241 62242 62243 62244 62245 62246
9176 62248 62249 62250 62251 62252 62253
9177 62255
9178 62257 62258 62259 62260 62261 62262 62263 62264 62265
9179 62267 62268 62269 62270 62271 62272 62273 62274
9180 62276 62277 62278 62279 62280 62281
9181 62283 62284 62285 62286 62287 62288 62289 62290 62291
9182 62293 62294 62295 62296 62297 62298 62299
9183 62301 62302 62303 62304
9184 62306 62307 62308 62309 62310 62311 62312 62313 62314
9185 62316 62317 62318 62319 62320 62321 62322 62323 62324
9186 62326 62327 62328 62329 62330 62331 62332 62333 62334
9187 62336
9188 62338 62339 62340 62341 62342 62343
9189 62345 62346 62347 62348 62349 62350 62351 62352 62353
9190 62355 62356 62357 62358
9191 62360 62361 62362 62363 62364 62365 62366 62367 62368
9192 62370 62371
9193 62373 62374 62375 62376 62377
9194 62379 62380 62381 62382 62383 62384 62385 62386 62387
9195 62389 62390 62391 62392 62393 62394 62395 62396 62397
9196 62399 62400 62401 62402 62403
9197 62405 62406 62407 62408 62409 62410 62411 62412 62413
9198 62415 62416 62417 62418
9199 62420 62421 62422 62423 62424 62425 62426 62427 62428
9200 62430 62431 62432 62433 62434 62435 62436 62437 62438
9201 62440 62441
9202 62443 62444 62445 62446 62447 62448 62449
9203 62451 62452 62453 62454 62455 62456 62457 62458 62459
9204 62461 62462 62463 62464 62465 62466 62467 62468 62469
9206 62471 62472 62473 62474 62475 62476 62477 62478 62479
9207 62481 62482
9208 62484 62485 62486 62487 62488 62489 62490 62491 62492
9209 62494 62495 62496 62497 62498 62499 62500
9210 62502 62503 62504 62505 62506 62507
9211 62509
9213 62511
9214 62513 62514 62515 62516 62517 62518 62519 62520 62521
9215 62523 62524 62525 62526 62527 62528 62529 62530 62531
9216 62533
9217 62535 62536 62537 62538 62539 62540 62541 62542 62543
9218 62545
9219 62547 62548 62549 62550 62551 62552 62553 62554 62555
9221 62557
9222 62559 62560 62561 62562 62563 62564 62565 62566 62567
9223 62569
9224 62571 62572 62573
9225 62575
9226 62577 62578 62579 62580 62581 62582 62583 62584 62585
9228 62587 62588
9229 62590 62591 62592 62593 62594 62595 62596 62597 62598
9230 62600
9231 62602 62603 62604 62605 62606 62607 62608 62609 62610
9232 62612 62613 62614
9233 62616 62617 62618 62619 62620 62621
9234 62623 62624 62625 62626 62627 62628 62629 62630 62631
9236 62633 62634 62635 62636 62637 62638 62639 62640 62641
9237 62643 62644
9238 62646 62647 62648 62649 62650 62651 62652 62653 62654
9239 62656 62657 62658
9240 62660 62661
9241 62663 62664
9242 62666 62667 62668 62669 62670 62671 62672 62673 62674
9244 62676 62677 62678 62679 62680 62681 62682 62683 62684
9245 62686 62687 62688 62689 62690 62691 62692 62693 62694
9246 62696 62697 62698 62699 62700 62701 62702 62703 62704
9248 62706 62707 62708 62709
9249 62711 62712 62713 62714 62715 62716 62717 62718 62719
9250 62721
9253 62723 62724 62725 62726 62727 62728 62729 62730 62731
9254 62733 62734 62735 62736 62737 62738 62739 62740 62741
9255 62743 62744 62745 62746 62747 62748 62749 62750 62751
9256 62753
9257 62755 62756 62757 62758 62759
9258 62761 62762
9261 62764 62765 62766 62767 62768 62769 62770
9262 62772 62773
9263 62775 62776 62777 62778
9264 62780 62781 62782 62783 62784 62785 62786 62787 62788
9266 62790
9267 62792
9268 62794 62795 62796 62797 62798 62799 62800 62801 62802
9269 62804 62805 62806 62807 62808 62809 62810 62811 62812
9270 62814 62815 62816 62817 62818 62819 62820 62821 62822
9271 62824 62825 62826 62827 62828 62829 62830 62831 62832
9272 62834 62835 62836 62837 62838 62839 62840 62841
9273 62843 62844 62845 62846 62847 62848
9274 62850 62851 62852 62853 62854 62855 62856 62857 62858
9276 62860 62861
9277 62863 62864 62865 62866 62867 62868 62869 62870 62871
9278 62873 62874 62875 62876 62877 62878 62879 62880 62881
9279 62883 62884 62885 62886 62887 62888 62889 62890 62891
9280 62893 62894 62895 62896 62897 62898 62899 62900 62901
9281 62903
9282 62905 62906 62907 62908 62909 62910 62911 62912 62913
9283 62915 62916 62917 62918 62919 62920 62921 62922 62923
9284 62925 62926 62927 62928
9285 62930
9286 62932 62933 62934 62935 62936 62937 62938 62939 62940
9288 62942 62943 62944 62945 62946
9289 62948 62949 62950
9290 62952 62953 62954 62955
9291 62957 62958 62959 62960
9293 62962 62963 62964 62965 62966 62967 62968
9294 62970 62971 62972 62973 62974 62975 62976 62977 62978
9295 62980 62981 62982 62983 62984 62985 62986 62987 62988
9297 62990 62991 62992 62993
9298 62995 62996 62997 62998 62999 63000
9299 63002 63003 63004 63005 63006 63007 63008 63009 63010
9300 63012 63013 63014 63015 63016 63017 63018 63019
9301 63021 63022
9302 63024 63025 63026 63027 63028 63029 63030 63031 63032
9303 63034 63035 63036 63037 63038 63039 63040 63041 63042
9304 63044 63045 63046 63047 63048
9305 63050 63051 63052 63053 63054 63055 63056 63057 63058
9306 63060 63061 63062
9307 63064 63065 63066 63067 63068 63069 63070 63071 63072
9308 63074 63075 63076
9311 63078 63079 63080 63081 63082 63083 63084
9313 63086 63087 63088 63089 63090 63091 63092 63093 63094
9314 63096 63097 63098 63099 63100 63101 63102 63103 63104
9315 63106 63107
9317 63109 63110 63111
9318 63113 63114 63115 63116 63117 63118 63119 63120 63121
9323 63123 63124 63125 63126 63127
9324 63129 63130 63131
9327 63133 63134 63135
9328 63137 63138
9329 63140 63141 63142 63143 63144 63145 63146 63147 63148
9331 63150 63151 63152 63153 63154
9332 63156 63157 63158 63159 63160 63161 63162 63163 63164
9333 63166 63167 63168 63169 63170 63171 63172 63173
9334 63175 63176 63177 63178 63179
9335 63181 63182 63183
9336 63185 63186 63187 63188 63189 63190 63191 63192 63193
9337 63195 63196 63197 63198 63199 63200 63201 63202 63203
9338 63205 63206 63207 63208 63209 63210 63211 63212 63213
9339 63215 63216 63217
9340 63219 63220 63221
9341 63223 63224 63225 63226
9342 63228
9343 63230 63231
9344 63233 63234 63235
9345 63237 63238 63239 63240 63241 63242 63243 63244 63245
9346 63247 63248 63249
9347 63251 63252 63253 63254 63255 63256 63257
9348 63259 63260 63261
9350 63263
9351 63265 63266 63267 63268
9352 63270 63271 63272 63273 63274 63275 63276 63277 63278
9353 63280 63281 63282 63283 63284 63285 63286 63287 63288
9354 63290 63291 63292 63293 63294 63295
9355 63297
9356 63299 63300 63301
9357 63303 63304 63305 63306 63307 63308 63309 63310 63311
9358 63313
9360 63315 63316 63317 63318 63319
9361 63321 63322 63323 63324 63325
9362 63327 63328 63329 63330 63331 63332 63333 63334 63335
9363 63337 63338
9364 63340 63341 63342 63343 63344 63345 63346 63347 63348
9365 63350 63351 63352 63353 63354 63355
9366 63357 63358
9367 63360 63361 63362 63363 63364 63365 63366 63367 63368
9368 63370 63371 63372
9370 63374
9371 63376 63377 63378 63379 63380 63381 63382 63383 63384
9373 63386 63387 63388 63389 63390 63391 63392
9375 63394 63395 63396 63397
9376 63399 63400
9377 63402
9378 63404 63405 63406 63407 63408 63409
9379 63411 63412 63413 63414 63415 63416 63417 63418 63419
9381 63421 63422
9382 63424 63425 63426 63427 63428 63429 63430 63431 63432
9384 63434 63435 63436 63437
9385 63439 63440 63441 63442 63443 63444 63445 63446 63447
9386 63449
9388 63451 63452 63453 63454 63455 63456
9389 63458
9390 63460 63461 63462 63463
9391 63465 63466 63467 63468 63469 63470 63471 63472 63473
9393 63475 63476 63477 63478 63479 63480 63481 63482 63483
9394 63485 63486 63487 63488 63489 63490 63491 63492 63493
9395 63495 63496 63497 63498 63499 63500 63501 63502 63503
9397 63505 63506 63507 63508 63509 63510 63511 63512 63513
9398 63515
9399 63517 63518 63519 63520 63521 63522 63523 63524 63525
9400 63527 63528 63529 63530 63531 63532 63533 63534 63535
9401 63537 63538 63539 63540 63541 63542 63543 63544 63545
9402 63547 63548 63549 63550 63551 63552 63553 63554 63555
9403 63557 63558 63559 63560 63561 63562 63563 63564 63565
9406 63567
9407 63569 63570 63571 63572 63573 63574
9408 63576
9409 63578 63579
9411 63581 63582 63583 63584 63585
9412 63587 63588 63589 63590
9413 63592 63593 63594 63595 63596 63597 63598 63599 63600
9414 63602 63603 63604 63605 63606 63607 63608 63609 63610
9415 63612 63613 63614 63615 63616 63617 63618 63619 63620
9416 63622 63623 63624 63625 63626 63627 63628 63629 63630
9417 63632 63633 63634 63635 63636 63637 63638
9419 63640 63641 63642 63643 63644 63645 63646 63647 63648
9420 63650
9421 63652
9422 63654 63655 63656
9424 63658 63659 63660 63661 63662 63663 63664
9425 63666 63667 63668 63669 63670 63671 63672 63673 63674
9426 63676 63677
9427 63679
9428 63681 63682 63683
9429 63685 63686 63687
9430 63689
9432 63691 63692 63693 63694 63695 63696 63697 63698 63699
9433 63701
9434 63703 63704 63705 63706 63707 63708 63709 63710 63711
9435 63713 63714 63715 63716
9436 63718 63719 63720 63721 63722 63723 63724 63725 63726
9437 63728 63729 63730 63731 63732 63733
9438 63735 63736 63737 63738 63739 63740 63741 63742 63743
9439 63745 63746 63747 63748 63749 63750 63751 63752 63753
9441 63755 63756 63757
9442 63759 63760 63761 63762 63763
9443 63765 63766 63767 63768 63769 63770
9444 63772 63773 63774 63775 63776
9445 63778
9446 63780
9447 63782
9449 63784 63785 63786
9450 63788 63789 63790 63791 63792 63793 63794 63795 63796
9451 63798 63799 63800 63801 63802 63803 63804 63805 63806
9453 63808 63809 63810 63811 63812 63813 63814 63815 63816
9454 63818 63819 63820 63821 63822 63823 63824 63825
9456 63827 63828 63829 63830
9457 63832 63833
9459 63835 63836 63837
9460 63839
9461 63841 63842 63843 63844 63845 63846 63847 63848 63849
9462 63851 63852 63853 63854 63855 63856 63857 63858 63859
9463 63861 63862 63863 63864 63865 63866 63867 63868 63869
9464 63871 63872 63873 63874 63875 63876 63877 63878 63879
9467 63881
9469 63883 63884 63885 63886 63887 63888 63889 63890 63891
9471 63893 63894 63895 63896 63897
9472 63899 63900 63901 63902 63903 63904 63905 63906 63907
9473 63909 63910 63911 63912 63913 63914
9474 63916 63917 63918 63919 63920 63921
9475 63923 63924 63925 63926
9476 63928
9477 63930 63931 63932 63933 63934 63935 63936 63937 63938
9478 63940 63941 63942 63943 63944 63945 63946 63947 63948
9480 63950 63951
9481 63953 63954
9482 63956 63957 63958 63959 63960 63961 63962 63963 63964
9483 63966 63967 63968 63969 63970
9485 63972 63973
9486 63975 63976 63977 63978 63979 63980 63981
9490 63983
9491 63985 63986 63987 63988 63989 63990 63991 63992 63993
9492 63995 63996 63997
9493 63999 64000 64001 64002 64003 64004 64005
9494 64007 64008
9495 64010 64011 64012 64013 64014 64015 64016
9496 64018 64019 64020
9497 64022 64023 64024 64025 64026 64027 64028 64029 64030
9498 64032 64033 64034 64035 64036 64037
9499 64039 64040 64041
9501 64043 64044 64045 64046 64047 64048 64049 64050 64051
9502 64053 64054 64055 64056 64057 64058 64059 64060
9503 64062 64063 64064
9505 64066 64067
9506 64069
9507 64071
9512 64073 64074 64075
9513 64077 64078 64079 64080 64081 64082
9516 64084 64085 64086
9517 64088 64089 64090
9518 64092 64093 64094 64095
9520 64097 64098 64099
9522 64101 64102 64103 64104 64105 64106 64107 64108 64109
9523 64111 64112 64113 64114
9524 64116 64117 64118 64119 64120 64121 64122 64123 64124
9525 64126 64127 64128 64129 64130 64131 64132 64133 64134
9526 64136 64137 64138 64139 64140 64141 64142 64143 64144
9527 64146 64147 64148 64149 64150 64151 64152 64153 64154
9528 64156 64157
9529 64159 64160 64161 64162 64163 64164 64165 64166 64167
9530 64169
9531 64171 64172
9532 64174
9533 64176 64177 64178 64179 64180 64181 64182 64183 64184
9534 64186 64187
9535 64189 64190 64191 64192 64193 64194 64195 64196
9537 64198
9538 64200 64201 64202 64203 64204 64205 64206 64207 64208
9539 64210 64211 64212 64213 64214 64215 64216 64217 64218
9540 64220
9541 64222 64223 64224 64225 64226 64227 64228 64229 64230
9542 64232
9543 64234 64235 64236 64237 64238 64239 64240 64241 64242
9544 64244 64245 64246 64247 64248 64249 64250 64251 64252
9547 64254
9548 64256 64257
9549 64259 64260 64261 64262 64263 64264 64265 64266 64267
9550 64269 64270 64271 64272 64273 64274 64275 64276 64277
9551 64279 64280 64281 64282 64283 64284 64285 64286
9553 64288 64289 64290 64291 64292
9554 64294
9556 64296 64297 64298 64299 64300 64301 64302 64303 64304
9557 64306
9558 64308 64309 64310 64311
9559 64313 64314 64315 64316 64317 64318 64319 64320 64321
9560 64323 64324 64325 64326 64327 64328 64329 64330
9563 64332 64333
9565 64335 64336 64337 64338 64339 64340 64341 64342 64343
9567 64345 64346 64347 64348
9572 64350 64351 64352 64353 64354 64355 64356 64357 64358
9574 64360 64361 64362 64363 64364 64365 64366 64367 64368
9576 64370
9577 64372 64373 64374 64375 64376 64377 64378 64379 64380
9578 64382 64383 64384 64385 64386 64387 64388 64389 64390
9579 64392 64393 64394
9580 64396 64397 64398 64399 64400 64401 64402 64403 64404
9581 64406 64407 64408 64409 64410
9582 64412
9583 64414 64415 64416 64417 64418 64419
9584 64421 64422
9585 64424 64425 64426
9587 64428 64429
9588 64431 64432 64433 64434 64435 64436 64437
9589 64439 64440 64441 64442 64443 64444 64445 64446
9590 64448 64449 64450 64451 64452 64453 64454 64455
9591 64457 64458 64459 64460 64461 64462 64463 64464 64465
9593 64467 64468 64469 64470 64471 64472
9595 64474 64475 64476 64477 64478 64479 64480 64481
9596 64483
9597 64485 64486
9598 64488
9599 64490 64491 64492 64493 64494 64495 64496 64497 64498
9600 64500 64501 64502 64503 64504 64505 64506
9601 64508
9602 64510 64511 64512 64513 64514 64515
9603 64517
9604 64519
9605 64521 64522 64523 64524
9607 64526 64527 64528 64529 64530 64531 64532 64533 64534
9608 64536 64537 64538 64539
9609 64541 64542 64543 64544 64545 64546 64547 64548 64549
9610 64551 64552 64553 64554 64555 64556 64557 64558 64559
9611 64561 64562
9612 64564 64565 64566 64567 64568 64569 64570 64571 64572
9613 64574 64575 64576 64577 64578 64579 64580 64581 64582
9614 64584 64585 64586 64587 64588 64589 64590 64591 64592
9615 64594
9616 64596 64597 64598 64599 64600 64601 64602 64603 64604
9617 64606 64607 64608 64609 64610 64611 64612 64613 64614
9618 64616 64617 64618 64619 64620 64621 64622 64623 64624
9619 64626 64627 64628 64629 64630 64631 64632 64633 64634
9621 64636 64637
9622 64639 64640 64641 64642 64643 64644 64645 64646 64647
9623 64649 64650 64651 64652 64653 64654 64655 64656 64657
9624 64659
9625 64661 64662
9627 64664 64665 64666 64667 64668 64669 64670 64671 64672
9628 64674
9630 64676
9631 64678 64679 64680 64681 64682 64683 64684 64685 64686
9632 64688 64689 64690 64691 64692 64693 64694 64695
9633 64697 64698 64699 64700 64701 64702 64703 64704 64705
9634 64707 64708 64709 64710 64711
9635 64713 64714 64715 64716
9637 64718 64719
9638 64721 64722 64723
9639 64725 64726 64727 64728 64729 64730 64731 64732 64733
9640 64735 64736 64737 64738
9641 64740 64741 64742
9642 64744 64745 64746 64747 64748 64749
9643 64751 64752 64753 64754 64755
9646 64757 64758 64759 64760 64761 64762 64763 64764 64765
9647 64767 64768 64769 64770 64771 64772 64773 64774 64775
9648 64777 64778 64779
9649 64781 64782 64783 64784
9650 64786 64787 64788 64789 64790 64791 64792
9651 64794
9652 64796 64797 64798 64799 64800 64801
9653 64803 64804 64805 64806 64807 64808 64809 64810 64811
9654 64813 64814 64815
9655 64817 64818 64819 64820 64821 64822 64823 64824 64825
9656 64827 64828 64829
9659 64831 64832 64833 64834 64835 64836 64837 64838 64839
9660 64841 64842 64843 64844 64845
9661 64847 64848 64849 64850 64851 64852 64853 64854 64855
9662 64857
9663 64859 64860 64861 64862 64863 64864 64865 64866 64867
9666 64869 64870 64871
9667 64873 64874 64875 64876 64877
9668 64879 64880 64881
9669 64883 64884 64885 64886 64887 64888 64889 64890 64891
9670 64893 64894 64895 64896 64897
9671 64899 64900 64901 64902 64903 64904 64905 64906 64907
9672 64909 64910 64911 64912 64913 64914 64915 64916 64917
9673 64919 64920 64921 64922
9674 64924 64925 64926 64927 64928 64929 64930 64931 64932
9675 64934 64935
9676 64937 64938 64939 64940
9679 64942 64943 64944 64945 64946 64947 64948 64949 64950
9680 64952 64953 64954 64955 64956 64957
9681 64959 64960 64961 64962 64963 64964 64965 64966 64967
9682 64969 64970 64971 64972 64973 64974 64975
9683 64977 64978
9686 64980 64981 64982 64983 64984 64985 64986 64987 64988
9687 64990 64991 64992 64993 64994 64995 64996 64997 64998
9688 65000 65001
9689 65003 65004
9690 65006 65007 65008 65009 65010 65011 65012 65013 65014
9691 65016 65017 65018 65019 65020 65021 65022 65023 65024
9692 65026 65027 65028 65029 65030 65031 65032 65033 65034
9694 65036 65037 65038
9695 65040 65041 65042 65043 65044 65045 65046 65047 65048
9696 65050 65051
9697 65053
9698 65055 65056 65057 65058
9700 65060 65061 65062 65063 65064
9701 65066 65067
9702 65069 65070 65071 65072 65073 65074 65075 65076 65077
9704 65079 65080
9705 65082 65083
9706 65085 65086 65087 65088 65089 65090 65091 65092 65093
9707 65095 65096 65097
9708 65099 65100 65101
9709 65103 65104 65105 65106 65107 65108 65109 65110 65111
9711 65113 65114
9712 65116 65117 65118
9713 65120 65121 65122 65123 65124
9715 65126 65127 65128 65129 65130 65131 65132 65133 65134
9716 65136 65137 65138
9717 65140 65141 65142 65143 65144 65145 65146 65147 65148
9719 65150 65151 65152
9720 65154
9722 65156 65157 65158 65159 65160 65161 65162 65163 65164
9724 65166 65167 65168 65169 65170 65171 65172 65173 65174
9725 65176 65177
9726 65179 65180 65181 65182 65183 65184 65185 65186 65187
9727 65189 65190 65191 65192 65193 65194 65195 65196 65197
9730 65199 65200
9731 65202
9732 65204 65205 65206
9733 65208 65209 65210 65211 65212 65213 65214 65215 65216
9734 65218
9735 65220 65221 65222 65223 65224 65225 65226 65227 65228
9736 65230 65231
9737 65233 65234
9738 65236 65237 65238 65239 65240
9739 65242 65243 65244 65245 65246 65247 65248 65249 65250
9740 65252 65253 65254 65255 65256 65257 65258 65259 65260
9741 65262 65263
9742 65265 65266 65267 65268 65269
9743 65271 65272
9744 65274 65275 65276 65277 65278 65279 65280 65281 65282
9745 65284 65285
9746 65287 65288 65289 65290 65291 65292 65293
9747 65295 65296 65297 65298 65299 65300 65301 65302 65303
9749 65305 65306 65307
9750 65309
9751 65311 65312
9752 65314 65315 65316 65317 65318 65319 65320 65321 65322
9754 65324 65325 65326 65327
9756 65329 65330 65331
9757 65333 65334 65335 65336 65337 65338
9758 65340 65341 65342 65343 65344 65345
9759 65347 65348 65349 65350 65351 65352 65353 65354
9760 65356 65357 65358 65359 65360 65361 65362 65363 65364
9761 65366 65367 65368 65369 65370 65371 65372 65373 65374
9763 65376
9764 65378 65379 65380 65381 65382 65383 65384 65385 65386
9765 65388 65389 65390 65391
9767 65393 65394 65395 65396 65397
9768 65399 65400 65401 65402 65403 65404 65405 65406 65407
9769 65409 65410 65411 65412 65413 65414 65415 65416 65417
9770 65419 65420 65421 65422 65423 65424 65425 65426 65427
9771 65429 65430 65431 65432 65433 65434 65435 65436 65437
9772 65439 65440 65441 65442 65443 65444 65445 65446 65447
9773 65449 65450 65451
9774 65453 65454 65455 65456 65457 65458
9775 65460 65461 65462 65463 65464 65465 65466
9776 65468 65469
9777 65471 65472 65473 65474 65475 65476 65477 65478 65479
9778 65481
9779 65483 65484 65485 65486 65487 65488
9780 65490 65491 65492 65493 65494 65495 65496 65497
9783 65499 65500 65501 65502
9784 65504 65505 65506 65507 65508 65509 65510 65511 65512
9786 65514 65515 65516 65517 65518 65519
9788 65521
9789 65523 65524 65525 65526 65527 65528 65529 65530
9790 65532 65533 65534 65535 65536 65537 65538 65539 65540
9791 65542 65543 65544 65545 65546 65547 65548 65549 65550
9792 65552 65553
9793 65555 65556 65557 65558 65559 65560 65561 65562 65563
9794 65565 65566 65567
9795 65569
9796 65571 65572 65573 65574 65575 65576
9798 65578
9799 65580 65581 65582 65583 65584 65585 65586 65587 65588
9800 65590 65591 65592 65593 65594 65595 65596 65597 65598
9802 65600 65601 65602
9803 65604 65605
9804 65607 65608 65609 65610 65611 65612 65613 65614 65615
9805 65617 65618 65619 65620 65621 65622 65623 65624 65625
9806 65627
9807 65629 65630 65631 65632
9808 65634 65635 65636 65637 65638
9809 65640 65641 65642 65643 65644 65645
9811 65647 65648 65649 65650 65651 65652 65653 65654
9812 65656 65657 65658 65659 65660 65661 65662 65663 65664
9813 65666 65667
9814 65669
9815 65671 65672 65673 65674 65675
9816 65677 65678 65679 65680 65681 65682 65683
9817 65685 65686 65687 65688 65689 65690
9818 65692 65693 65694 65695 65696
9819 65698 65699 65700
9820 65702 65703 65704 65705 65706 65707 65708 65709 65710
9821 65712 65713 65714 65715 65716 65717 65718 65719 65720
9822 65722 65723 65724 65725 65726 65727 65728 65729 65730
9823 65732 65733 65734 65735 65736
9824 65738
9825 65740 65741
9826 65743 65744
9827 65746 65747 65748 65749 65750 65751 65752 65753 65754
9829 65756 65757 65758 65759 65760
9831 65762 65763 65764 65765 65766 65767 65768 65769 65770
9832 65772 65773 65774 65775 65776 65777 65778 65779
9833 65781 65782 65783 65784 65785 65786
9834 65788 65789 65790 65791 65792 65793 65794 65795
9835 65797 65798
9836 65800 65801 65802 65803 65804 65805 65806 65807 65808
9837 65810 65811 65812 65813 65814 65815
9838 65817
9841 65819
9842 65821 65822 65823 65824 65825 65826 65827 65828 65829
9843 65831 65832 65833 65834
9844 65836 65837 65838 65839
9846 65841
9847 65843
9848 65845 65846 65847 65848 65849 65850 65851 65852 65853
9854 65855 65856 65857 65858 65859 65860 65861 65862
9855 65864 65865 65866 65867 65868 65869 65870 65871 65872
9856 65874 65875
9857 65877 65878 65879 65880 65881 65882 65883 65884 65885
9858 65887 65888 65889 65890 65891 65892 65893 65894
9859 65896 65897 65898 65899 65900 65901 65902 65903
9860 65905 65906 65907 65908 65909 65910 65911 65912 65913
9861 65915
9862 65917 65918 65919 65920 65921 65922
9863 65924 65925
9864 65927 65928 65929 65930 65931 65932 65933 65934 65935
9865 65937 65938 65939 65940 65941 65942 65943 65944
9866 65946 65947 65948 65949 65950
9867 65952 65953 65954 65955 65956
9868 65958
9869 65960 65961 65962 65963 65964 65965 65966 65967 65968
9870 65970 65971 65972
9874 65974 65975
9876 65977 65978
9877 65980 65981 65982 65983 65984 65985 65986 65987 65988
9878 65990 65991 65992 65993 65994
9879 65996 65997 65998 65999 66000 66001 66002 66003 66004
9880 66006 66007 66008 66009 66010 66011
9881 66013 66014 66015 66016 66017 66018
9882 66020 66021 66022 66023 66024 66025 66026 66027 66028
9883 66030 66031 66032 66033 66034 66035 66036 66037 66038
9884 66040 66041 66042 66043 66044 66045 66046 66047 66048
9885 66050 66051 66052 66053 66054 66055 66056 66057 66058
9886 66060 66061 66062 66063 66064 66065 66066 66067 66068
9887 66070 66071 66072 66073 66074 66075 66076 66077 66078
9888 66080 66081 66082 66083 66084 66085 66086 66087 66088
9889 66090 66091 66092 66093
9890 66095 66096 66097 66098 66099
9891 66101 66102 66103 66104 66105 66106 66107 66108 66109
9894 66111 66112 66113
9895 66115 66116 66117 66118 66119 66120 66121 66122 66123
9896 66125 66126 66127 66128 66129 66130 66131 66132 66133
9897 66135 66136 66137 66138 66139 66140 66141 66142 66143
9898 66145 66146 66147 66148 66149 66150 66151 66152
9900 66154
9901 66156 66157
9902 66159
9904 66161 66162 66163 66164 66165 66166 66167
9905 66169 66170 66171 66172 66173 66174 66175 66176 66177
9907 66179 66180
9908 66182 66183 66184 66185 66186 66187
9911 66189
9912 66191 66192
9914 66194 66195 66196 66197 66198 66199 66200
9915 66202 66203 66204 66205 66206 66207 66208 66209 66210
9916 66212 66213
9917 66215 66216
9918 66218 66219 66220 66221 66222 66223 66224 66225 66226
9919 66228 66229 66230 66231
9920 66233 66234 66235 66236 66237 66238 66239 66240 66241
9921 66243
9922 66245 66246 66247 66248 66249
9923 66251 66252 66253 66254 66255 66256 66257 66258 66259
9924 66261
9925 66263
9927 66265 66266 66267 66268 66269 66270 66271 66272 66273
9928 66275
9930 66277 66278 66279 66280 66281 66282
9931 66284 66285
9932 66287 66288
9933 66290 66291 66292 66293 66294 66295 66296
9934 66298 66299 66300 66301 66302 66303 66304
9937 66306 66307 66308 66309 66310 66311 66312 66313 66314
9939 66316 66317 66318 66319 66320 66321 66322 66323 66324
9940 66326 66327 66328 66329 66330 66331 66332
9942 66334 66335 66336 66337 66338 66339 66340 66341 66342
9943 66344
9947 66346 66347
9948 66349 66350 66351
9949 66353 66354 66355 66356 66357 66358 66359 66360 66361
9950 66363 66364 66365 66366 66367 66368 66369 66370 66371
9951 66373 66374 66375 66376 66377 66378 66379 66380
9952 66382 66383 66384 66385
9953 66387 66388
9954 66390
9955 66392 66393 66394 66395 66396 66397 66398 66399 66400
9956 66402 66403 66404 66405 66406 66407 66408 66409 66410
9958 66412 66413 66414 66415 66416 66417 66418 66419 66420
9959 66422 66423 66424 66425 66426 66427 66428 66429 66430
9960 66432 66433
9962 66435
9963 66437 66438 66439 66440 66441 66442 66443 66444 66445
9964 66447 66448 66449 66450 66451 66452
9968 66454 66455 66456 66457 66458
9969 66460 66461 66462 66463 66464
9971 66466 66467 66468 66469 66470 66471 66472 66473 66474
9972 66476 66477 66478 66479 66480 66481 66482 66483 66484
9973 66486 66487 66488 66489 66490 66491 66492 66493
9974 66495 66496 66497
9976 66499 66500 66501 66502 66503 66504 66505 66506 66507
9978 66509 66510
9979 66512 66513 66514 66515
9980 66517 66518
9981 66520 66521 66522 66523 66524 66525 66526 66527
9983 66529 66530 66531
9985 66533 66534 66535 66536 66537 66538
9987 66540 66541 66542 66543 66544 66545 66546 66547 66548
9988 66550 66551
9992 66553 66554 66555 66556
9993 66558 66559 66560 66561 66562
9994 66564 66565 66566 66567 66568 66569
9995 66571 66572 66573 66574 66575 66576 66577 66578
9998 66580
9999 66582 66583 66584 66585 66586 66587
10000 66589 66590 66591 66592 66593
10001 66595 66596 66597 66598 66599
10002 66601 66602 66603
10003 66605
10006 66607 66608 66609 66610 66611 66612 66613 66614 66615
10007 66617
10008 66619 66620 66621 66622 66623 66624 66625 66626 66627
10009 66629 66630 66631 66632 66633 66634 66635 66636 66637
10010 66639 66640 66641 66642 66643 66644 66645 66646 66647
10012 66649
10014 66651
10016 66653 66654 66655
10017 66657 66658 66659
10018 66661 66662 66663
10019 66665 66666 66667 66668 66669 66670 66671 66672 66673
10020 66675
10021 66677
10023 66679 66680 66681
10024 66683 66684 66685 66686 66687 66688 66689 66690 66691
10025 66693 66694
10026 66696 66697 66698 66699 66700 66701 66702 66703
10027 66705 66706 66707 66708 66709 66710 66711 66712 66713
10028 66715 66716 66717 66718 66719
10030 66721 66722 66723 66724 66725 66726 66727 66728 66729
10031 66731 66732 66733 66734 66735 66736 66737 66738 66739
10032 66741 66742 66743 66744 66745 66746 66747 66748 66749
10034 66751
10035 66753 66754 66755 66756 66757
10036 66759 66760 66761 66762 66763 66764 66765 66766 66767
10037 66769 66770
10038 66772 66773 66774 66775 66776 66777 66778
10040 66780 66781 66782 66783 66784 66785 66786 66787 66788
10041 66790 66791 66792 66793 66794 66795
10042 66797 66798 66799 66800 66801 66802 66803 66804 66805
10043 66807 66808 66809
10044 66811 66812 66813 66814 66815
10045 66817 66818
10046 66820 66821 66822 66823 66824 66825 66826 66827 66828
10047 66830 66831 66832 66833 66834 66835 66836 66837 66838
10048 66840
10049 66842 66843
10050 66845
10051 66847 66848 66849 66850 66851 66852 66853 66854
10052 66856 66857 66858 66859 66860 66861 66862 66863
10053 66865 66866 66867 66868 66869 66870 66871 66872 66873
10054 66875 66876 66877 66878 66879 66880 66881 66882 66883
10055 66885 66886 66887 66888 66889
10056 66891 66892 66893 66894 66895 66896 66897 66898 66899
10057 66901 66902 66903 66904 66905 66906 66907 66908 66909
10058 66911 66912 66913 66914 66915 66916 66917 66918 66919
10059 66921 66922 66923 66924
10060 66926 66927 66928 66929
10061 66931 66932 66933 66934 66935 66936 66937 66938 66939
10063 66941
10065 66943
10066 66945 66946 66947 66948
10068 66950 66951 66952
10070 66954 66955 66956 66957 66958 66959 66960 66961 66962
10071 66964
10072 66966 66967 66968 66969 66970 66971 66972 66973 66974
10073 66976 66977
10074 66979 66980 66981 66982 66983 66984
10075 66986 66987 66988 66989
10076 66991 66992 66993 66994 66995 66996 66997 66998
10077 67000 67001 67002 67003 67004 67005 67006 67007
10078 67009 67010 67011 67012 67013
10079 67015 67016 67017 67018 67019 67020 67021 67022 67023
10082 67025 67026
10084 67028
10085 67030 67031 67032 67033 67034 67035
10087 67037 67038 67039 67040 67041 67042
10088 67044 67045 67046 67047 67048 67049 67050 67051 67052
10089 67054 67055 67056 67057 67058 67059 67060 67061 67062
10090 67064 67065
10091 67067 67068 67069 67070 67071 67072 67073 67074 67075
10092 67077 67078 67079 67080 67081 67082 67083 67084 67085
10093 67087 67088 67089 67090 67091 67092 67093 67094 67095
10094 67097 67098 67099 67100 67101 67102 67103 67104 67105
10098 67107 67108 67109 67110 67111 67112 67113 67114 67115
10099 67117 67118 67119 67120 67121 67122 67123 67124 67125
10100 67127
10101 67129 67130 67131 67132
10102 67134 67135 67136 67137 67138
10103 67140
10104 67142 67143 67144 67145 67146 67147 67148
10105 67150 67151 67152 67153 67154 67155 67156 67157 67158
10106 67160 67161 67162 67163 67164
10107 67166 67167 67168 67169 67170 67171 67172 67173 67174
10108 67176 67177 67178 67179 67180 67181 67182 67183 67184
10109 67186 67187 67188
10110 67190 67191 67192 67193 67194 67195 67196
10111 67198
10112 67200 67201 67202 67203 67204 67205
10113 67207 67208 67209
10114 67211
10115 67213 67214 67215
10116 67217 67218 67219
10117 67221 67222 67223 67224 67225 67226 67227 67228 67229
10118 67231 67232 67233 67234 67235 67236 67237 67238
10119 67240 67241
10120 67243 67244 67245 67246 67247 67248 67249 67250
10121 67252 67253 67254 67255 67256
10122 67258 67259 67260 67261 67262
10123 67264 67265
10124 67267 67268 67269 67270 67271 67272
10126 67274
10127 67276 67277 67278 67279 67280 67281 67282 67283
10128 67285
10129 67287 67288 67289 67290
10131 67292 67293 67294 67295
10132 67297 67298 67299 67300 67301 67302 67303 67304 67305
10133 67307 67308 67309
10135 67311 67312 67313 67314 67315
10136 67317 67318 67319 67320 67321 67322 67323 67324 67325
10138 67327 67328 67329 67330 67331 67332 67333 67334 67335
10140 67337 67338 67339 67340 67341 67342 67343 67344 67345
10141 67347 67348
10143 67350 67351 67352 67353
10144 67355 67356 67357 67358 67359 67360 67361 67362 67363
10145 67365 67366 67367
10146 67369 67370 67371 67372 67373 67374 67375 67376 67377
10147 67379 67380 67381
10148 67383 67384
10149 67386 67387
10150 67389
10152 67391 67392 67393 67394 67395 67396 67397 67398 67399
10153 67401 67402 67403
10154 67405 67406 67407 67408 67409 67410 67411 67412 67413
10155 67415 67416 67417 67418 67419 67420 67421
10156 67423 67424 67425 67426 67427 67428 67429 67430 67431
10158 67433 67434 67435 67436 67437 67438 67439 67440 67441
10159 67443
10160 67445 67446 67447 67448 67449 67450 67451 67452 67453
10161 67455 67456 67457 67458 67459 67460 67461 67462 67463
10162 67465 67466 67467 67468 67469 67470 67471 67472 67473
10163 67475
10164 67477 67478 67479 67480 67481 67482 67483
10165 67485 67486 67487
10166 67489 67490 67491 67492 67493 67494 67495
10168 67497 67498
10169 67500 67501 67502 67503 67504 67505
10170 67507 67508 67509 67510 67511 67512 67513 67514 67515
10171 67517
10173 67519 67520 67521 67522 67523 67524 67525 67526
10174 67528 67529 67530 67531 67532 67533 67534 67535 67536
10175 67538 67539
10177 67541
10179 67543 67544 67545 67546 67547 67548 67549 67550 67551
10180 67553 67554 67555 67556 67557 67558 67559 67560 67561
10181 67563 67564 67565
10183 67567 67568 67569 67570 67571 67572 67573 67574
10184 67576 67577 67578 67579 67580 67581 67582
10186 67584 67585 67586 67587 67588 67589 67590 67591 67592
10187 67594 67595 67596 67597 67598 67599 67600 67601 67602
10188 67604 67605 67606 67607 67608 67609 67610 67611 67612
10189 67614
10190 67616 67617 67618 67619 67620
10191 67622 67623 67624 67625 67626 67627 67628 67629 67630
10192 67632 67633 67634
10193 67636
10194 67638 67639 67640
10195 67642
10198 67644 67645 67646 67647 67648 67649 67650 67651 67652
10199 67654 67655
10200 67657 67658
10201 67660 67661 67662 67663 67664 67665 67666 67667 67668
10202 67670 67671 67672 67673
10203 67675 67676 67677 67678 67679 67680
10204 67682
10205 67684 67685 67686 67687 67688 67689 67690 67691 67692
10206 67694 67695 67696 67697
10207 67699 67700 67701 67702 67703 67704 67705 67706 67707
10208 67709 67710
10209 67712 67713 67714 67715 67716 67717 67718 67719 67720
10210 67722 67723 67724 67725 67726
10211 67728 67729 67730 67731 67732 67733 67734 67735 67736
10214 67738 67739 67740 67741 67742 67743 67744
10215 67746 67747 67748 67749 67750 67751 67752
10216 67754 67755 67756 67757 67758 67759
10217 67761 67762 67763
10218 67765 67766 67767 67768 67769 67770 67771 67772 67773
10220 67775 67776 67777 67778 67779
10221 67781
10222 67783 67784 67785 67786 67787 67788 67789 67790 67791
10223 67793 67794 67795 67796 67797 67798 67799 67800 67801
10224 67803 67804 67805 67806 67807 67808 67809 67810 67811
10225 67813 67814 67815 67816 67817 67818 67819 67820 67821
10226 67823 67824 67825 67826 67827 67828 67829
10227 67831 67832 67833 67834 67835 67836 67837 67838 67839
10228 67841 67842 67843 67844 67845 67846 67847 67848 67849
10229 67851 67852 67853 67854 67855 67856
10231 67858
10233 67860 67861 67862 67863 67864 67865 67866 67867 67868
10234 67870 67871 67872 67873 67874
10235 67876 67877
10236 67879 67880 67881 67882 67883 67884 67885 67886 67887
10237 67889 67890 67891 67892
10238 67894 67895 67896 67897 67898
10239 67900 67901 67902 67903
10240 67905 67906 67907 67908 67909 67910 67911
10242 67913 67914 67915 67916 67917 67918 67919 67920 67921
10243 67923 67924
10244 67926 67927 67928 67929 67930 67931
10245 67933 67934 67935 67936 67937
10246 67939 67940
10248 67942 67943 67944 67945 67946 67947 67948 67949 67950
10250 67952
10251 67954
10254 67956 67957 67958 67959 67960 67961 67962 67963 67964
10255 67966 67967 67968 67969 67970 67971
10258 67973 67974 67975 67976 67977 67978 67979 67980 67981
10259 67983 67984
10260 67986 67987 67988
10263 67990
10264 67992
10266 67994 67995 67996
10267 67998 67999 68000
10268 68002 68003 68004 68005 68006 68007
10269 68009 68010 68011 68012 68013 68014
10270 68016 68017 68018
10271 68020 68021 68022 68023 68024
10272 68026 68027 68028 68029 68030 68031 68032 68033 68034
10273 68036 68037 68038 68039 68040 68041 68042 68043
10274 68045
10276 68047
10277 68049 68050 68051 68052 68053 68054 68055 68056 68057
10279 68059
10280 68061 68062 68063 68064 68065 68066 68067 68068 68069
10281 68071 68072 68073 68074 68075 68076 68077 68078 68079
10282 68081 68082 68083 68084 68085
10283 68087 68088 68089
10284 68091
10285 68093 68094 68095
10286 68097 68098
10287 68100 68101 68102 68103 68104 68105 68106 68107 68108
10288 68110 68111
10290 68113 68114 68115 68116
10293 68118 68119 68120 68121 68122 68123 68124
10294 68126 68127 68128 68129 68130 68131 68132
10296 68134 68135 68136 68137 68138 68139 68140 68141 68142
10297 68144 68145 68146 68147 68148 68149 68150 68151 68152
10298 68154 68155 68156 68157
10299 68159 68160 68161 68162 68163 68164
10300 68166
10301 68168 68169 68170 68171 68172 68173 68174 68175 68176
10302 68178
10303 68180 68181 68182 68183 68184 68185 68186 68187 68188
10304 68190 68191 68192 68193 68194
10305 68196 68197 68198 68199 68200 68201 68202 68203
10306 68205 68206 68207
10307 68209 68210 68211 68212 68213 68214 68215
10308 68217
10309 68219
10311 68221 68222 68223 68224 68225 68226 68227 68228
10312 68230 68231 68232 68233 68234 68235
10313 68237 68238
10314 68240 68241
10315 68243 68244 68245 68246 68247 68248 68249 68250 68251
10318 68253 68254 68255 68256 68257 68258 68259 68260 68261
10319 68263 68264 68265 68266 68267 68268 68269 68270 68271
10320 68273 68274 68275 68276 68277 68278 68279 68280
10322 68282 68283 68284 68285 68286 68287 68288 68289 68290
10323 68292 68293 68294 68295 68296
10324 68298
10327 68300 68301 68302 68303 68304 68305 68306 68307 68308
10328 68310 68311 68312 68313
10329 68315 68316 68317 68318 68319 68320 68321 68322 68323
10330 68325 68326 68327 68328 68329 68330 68331 68332 68333
10332 68335 68336 68337 68338 68339
10334 68341 68342 68343 68344
10335 68346 68347 68348
10336 68350 68351
10337 68353 68354 68355 68356 68357 68358 68359 68360 68361
10338 68363 68364 68365 68366 68367 68368 68369 68370 68371
10339 68373 68374 68375 68376 68377 68378 68379 68380 68381
10341 68383 68384 68385
10342 68387 68388 68389 68390 68391 68392 68393 68394 68395
10343 68397 68398 68399 68400
10344 68402 68403 68404 68405
10345 68407 68408 68409 68410 68411
10346 68413 68414 68415 68416
10347 68418 68419 68420 68421
10348 68423 68424 68425
10349 68427 68428
10350 68430 68431 68432
10351 68434 68435 68436 68437 68438 68439 68440 68441 68442
10352 68444 68445 68446 68447 68448 68449 68450 68451 68452
10353 68454 68455 68456 68457
10354 68459 68460 68461 68462 68463 68464 68465 68466 68467
10355 68469 68470 68471 68472 68473 68474 68475 68476 68477
10359 68479 68480 68481 68482
10361 68484 68485 68486 68487 68488 68489 68490 68491 68492
10362 68494
10363 68496 68497 68498 68499 68500
10364 68502 68503 68504 68505
10365 68507 68508
10366 68510 68511 68512 68513 68514 68515 68516 68517 68518
10367 68520 68521 68522 68523 68524 68525 68526 68527 68528
10369 68530
10370 68532 68533
10372 68535 68536 68537 68538 68539 68540 68541 68542
10376 68544 68545 68546
10377 68548 68549 68550 68551 68552 68553 68554 68555 68556
10379 68558
10380 68560 68561 68562 68563 68564 68565 68566 68567 68568
10381 68570
10383 68572 68573 68574 68575 68576 68577 68578
10385 68580 68581 68582 68583
10386 68585
10387 68587 68588 68589 68590 68591 68592 68593 68594 68595
10388 68597 68598 68599
10389 68601
10392 68603 68604 68605
10393 68607 68608 68609 68610
10394 68612 68613 68614 68615 68616 68617 68618 68619 68620
10395 68622 68623
10396 68625 68626
10397 68628 68629 68630 68631 68632
10399 68634 68635
10400 68637
10401 68639 68640 68641 68642 68643 68644 68645
10402 68647 68648 68649 68650 68651 68652 68653 68654 68655
10403 68657 68658 68659 68660 68661 68662 68663 68664 68665
10404 68667 68668
10405 68670 68671 68672 68673 68674 68675 68676 68677 68678
10407 68680 68681 68682
10408 68684 68685 68686 68687 68688 68689 68690 68691 68692
10409 68694 68695 68696
10410 68698 68699 68700 68701 68702 68703 68704 68705 68706
10411 68708 68709 68710
10412 68712 68713 68714
10413 68716 68717
10414 68719 68720 68721 68722 68723
10415 68725 68726
10416 68728 68729 68730 68731 68732 68733 68734 68735 68736
10418 68738 68739 68740 68741 68742 68743
10419 68745 68746 68747 68748
10420 68750 68751 68752 68753 68754 68755 68756 68757 68758
10421 68760 68761 68762
10422 68764 68765 68766 68767 68768 68769 68770 68771 68772
10423 68774 68775 68776 68777 68778 68779 68780 68781 68782
10424 68784 68785 68786 68787 68788
10425 68790 68791 68792 68793
10427 68795 68796 68797 68798 68799 68800 68801 68802 68803
10428 68805 68806 68807
10429 68809 68810 68811 68812 68813 68814 68815 68816 68817
10430 68819 68820 68821
10431 68823 68824 68825 68826 68827 68828 68829 68830 68831
10432 68833 68834 68835 68836
10433 68838 68839 68840 68841 68842 68843 68844 68845 68846
10434 68848 68849 68850
10435 68852 68853 68854 68855
10437 68857 68858 68859 68860 68861 68862 68863 68864 68865
10438 68867 68868 68869 68870
10440 68872 68873 68874 68875 68876 68877 68878
10441 68880 68881 68882 68883 68884 68885 68886 68887
10442 68889
10443 68891
10444 68893 68894 68895 68896 68897 68898 68899 68900 68901
10445 68903 68904 68905 68906 68907 68908 68909 68910 68911
10446 68913
10447 68915 68916 68917 68918 68919 68920 68921 68922 68923
10448 68925 68926 68927
10449 68929 68930 68931 68932 68933 68934 68935 68936 68937
10450 68939 68940 68941
10451 68943 68944
10452 68946 68947 68948 68949 68950
10453 68952 68953 68954 68955 68956 68957
10454 68959
10455 68961 68962 68963 68964 68965 68966 68967 68968 68969
10456 68971
10457 68973 68974
10458 68976 68977 68978
10460 68980 68981
10461 68983 68984 68985 68986 68987
10462 68989
10463 68991
10464 68993
10465 68995 68996 68997 68998 68999 69000 69001 69002 69003
10466 69005 69006 69007 69008 69009 69010 69011 69012 69013
10468 69015 69016
10469 69018
10471 69020
10472 69022 69023 69024 69025
10473 69027 69028 69029 69030 69031
10475 69033 69034 69035 69036 69037 69038 69039 69040 69041
10476 69043 69044 69045 69046 69047
10477 69049 69050 69051 69052
10479 69054 69055 69056
10480 69058 69059
10481 69061 69062 69063 69064 69065 69066 69067 69068 69069
10482 69071 69072
10484 69074
10485 69076 69077 69078 69079 69080 69081 69082
10486 69084 69085
10488 69087 69088 69089 69090 69091 69092 69093 69094 69095
10489 69097 69098 69099
10490 69101 69102 69103 69104 69105 69106 69107
10491 69109 69110 69111 69112 69113 69114 69115 69116 69117
10492 69119 69120 69121 69122 69123 69124 69125 69126 69127
10493 69129 69130 69131 69132 69133 69134
10494 69136 69137 69138 69139 69140 69141 69142 69143 69144
10495 69146 69147 69148
10496 69150 69151 69152 69153 69154 69155 69156 69157 69158
10497 69160 69161 69162 69163 69164 69165 69166 69167
10498 69169 69170
10500 69172 69173 69174 69175
10501 69177 69178 69179 69180 69181 69182 69183 69184 69185
10503 69187 69188 69189 69190
10504 69192 69193 69194 69195 69196 69197 69198
10505 69200 69201 69202
10506 69204 69205 69206 69207 69208 69209 69210 69211 69212
10507 69214
10508 69216 69217 69218 69219 69220
10509 69222
10510 69224 69225 69226 69227 69228
10511 69230 69231 69232 69233 69234 69235 69236 69237 69238
10512 69240 69241 69242 69243 69244 69245 69246 69247
10513 69249 69250 69251 69252
10514 69254 69255 69256 69257 69258 69259 69260 69261 69262
10515 69264 69265 69266 69267 69268 69269 69270
10516 69272 69273 69274
10518 69276
10519 69278
10521 69280 69281 69282 69283
10524 69285 69286 69287 69288
10525 69290 69291 69292 69293 69294 69295 69296 69297 69298
10526 69300 69301 69302 69303 69304 69305 69306 69307 69308
10527 69310 69311 69312 69313 69314 69315 69316 69317 69318
10528 69320 69321 69322 69323 69324 69325 69326 69327
10530 69329 69330 69331 69332 69333 69334 69335 69336 69337
10531 69339 69340 69341 69342
10532 69344 69345 69346 69347
10533 69349 69350 69351 69352 69353 69354 69355 69356 69357
10534 69359 69360 69361 69362
10536 69364 69365 69366 69367 69368 69369 69370 69371 69372
10537 69374 69375 69376 69377 69378 69379 69380 69381 69382
10538 69384 69385 69386
10540 69388
10541 69390 69391 69392 69393 69394
10542 69396 69397 69398
10546 69400
10547 69402
10548 69404 69405 69406 69407 69408 69409 69410
10550 69412 69413 69414 69415 69416 69417 69418 69419 69420
10551 69422 69423 69424 69425 69426
10552 69428 69429 69430 69431 69432 69433 69434 69435 69436
10553 69438 69439
10555 69441 69442 69443 69444 69445
10556 69447 69448 69449 69450 69451 69452 69453 69454
10557 69456 69457 69458 69459 69460 69461 69462 69463 69464
10558 69466 69467 69468
10559 69470 69471 69472
10560 69474 69475 69476 69477 69478 69479 69480 69481 69482
10562 69484 69485 69486 69487 69488
10563 69490 69491 69492 69493 69494 69495 69496 69497 69498
10564 69500 69501 69502 69503 69504 69505 69506 69507 69508
10565 69510 69511 69512 69513
10566 69515 69516 69517 69518 69519 69520 69521
10568 69523 69524 69525 69526 69527 69528 69529
10569 69531 69532 69533 69534 69535 69536 69537 69538 69539
10571 69541 69542 69543 69544 69545 69546 69547 69548 69549
10572 69551 69552 69553 69554 69555 69556 69557 69558 69559
10574 69561 69562 69563 69564 69565 69566
10575 69568 69569 69570
10576 69572 69573 69574 69575 69576 69577 69578 69579 69580
10578 69582 69583 69584 69585 69586 69587 69588 69589 69590
10579 69592 69593
10581 69595 69596 69597 69598 69599 69600 69601 69602 69603
10582 69605 69606 69607 69608
10584 69610 69611 69612 69613 69614 69615 69616 69617 69618
10585 69620 69621 69622 69623 69624 69625 69626 69627 69628
10587 69630 69631 69632 69633 69634 69635 69636 69637 69638
10588 69640 69641 69642 69643 69644
10589 69646 69647 69648 69649 69650 69651 69652 69653 69654
10592 69656 69657 69658 69659 69660 69661 69662 69663 69664
10593 69666 69667 69668 69669 69670 69671 69672 69673 69674
10594 69676 69677
10595 69679 69680 69681 69682 69683 69684 69685 69686 69687
10596 69689
10597 69691 69692 69693 69694 69695 69696 69697 69698 69699
10599 69701
10600 69703 69704 69705
10601 69707 69708
10602 69710
10603 69712 69713 69714 69715 69716 69717 69718 69719 69720
10604 69722 69723 69724 69725
10605 69727 69728 69729 69730 69731
10606 69733 69734
10607 69736
10609 69738 69739 69740 69741 69742 69743 69744
10610 69746 69747 69748
10611 69750 69751 69752 69753 69754
10613 69756 69757
10614 69759 69760 69761 69762 69763 69764 69765 69766 69767
10615 69769 69770 69771
10616 69773 69774 69775 69776 69777 69778 69779
10617 69781
10618 69783 69784
10619 69786 69787
10620 69789 69790
10623 69792 69793 69794 69795 69796 69797 69798 69799 69800
10624 69802 69803 69804 69805 69806 69807 69808 69809
10625 69811 69812 69813 69814 69815 69816 69817 69818 69819
10626 69821
10627 69823 69824 69825
10628 69827 69828 69829 69830 69831 69832 69833 69834 69835
10630 69837 69838
10631 69840 69841 69842 69843
10632 69845 69846 69847 69848 69849 69850 69851 69852 69853
10633 69855 69856 69857 69858 69859 69860 69861 69862 69863
10634 69865 69866 69867 69868 69869 69870 69871 69872 69873
10636 69875 69876 69877 69878 69879 69880 69881 69882
10637 69884 69885 69886 69887 69888 69889
10638 69891 69892 69893 69894 69895 69896 69897
10640 69899 69900
10641 69902 69903 69904
10643 69906
10644 69908 69909 69910 69911 69912 69913 69914 69915
10645 69917 69918 69919 69920 69921
10647 69923 69924 69925 69926 69927 69928 69929 69930 69931
10648 69933 69934 69935 69936 69937 69938 69939 69940 69941
10649 69943 69944 69945 69946 69947 69948 69949 69950
10650 69952
10652 69954 69955 69956 69957 69958 69959 69960 69961 69962
10653 69964 69965 69966 69967 69968 69969 69970 69971 69972
10654 69974 69975 69976
10656 69978 69979 69980 69981 69982 69983 69984
10657 69986 69987 69988 69989 69990 69991 69992 69993
10658 69995 69996 69997 69998 69999 70000 70001 70002 70003
10659 70005 70006 70007
10660 70009 70010 70011 70012 70013 70014 70015 70016 70017
10661 70019 70020
10662 70022 70023 70024 70025 70026
10663 70028 70029 70030 70031 70032 70033
10665 70035 70036 70037 70038 70039 70040 70041 70042 70043
10666 70045 70046 70047 70048 70049 70050 70051 70052 70053
10668 70055 70056 70057 70058 70059 70060 70061 70062 70063
10669 70065 70066 70067 70068 70069 70070 70071 70072 70073
10670 70075 70076 70077 70078 70079 70080 70081 70082 70083
10671 70085 70086
10672 70088 70089 70090 70091
10675 70093 70094 70095 70096
10677 70098
10678 70100 70101 70102 70103 70104 70105 70106 70107 70108
10679 70110 70111
10680 70113
10681 70115 70116
10682 70118 70119
10683 70121 70122 70123 70124
10685 70126 70127 70128 70129 70130
10688 70132 70133 70134 70135 70136 70137 70138 70139 70140
10689 70142 70143 70144 70145 70146 70147 70148 70149 70150
10691 70152 70153 70154 70155 70156 70157 70158 70159 70160
10692 70162
10693 70164 70165 70166
10694 70168
10695 70170 70171 70172 70173
10697 70175 70176 70177 70178 70179 70180
10698 70182 70183 70184 70185 70186 70187 70188 70189 70190
10699 70192
10701 70194 70195 70196 70197 70198 70199
10702 70201
10703 70203
10704 70205 70206
10705 70208 70209 70210
10706 70212 70213 70214 70215 70216 70217 70218
10707 70220 70221 70222 70223 70224 70225 70226 70227 70228
10708 70230 70231 70232 70233
10709 70235 70236
10711 70238 70239 70240 70241 70242 70243 70244 70245 70246
10712 70248 70249 70250 70251 70252 70253 70254 70255 70256
10713 70258 70259 70260 70261 70262 70263 70264 70265 70266
10715 70268 70269 70270 70271
10716 70273 70274 70275 70276 70277 70278 70279 70280
10717 70282
10718 70284 70285 70286
10719 70288 70289
10720 70291 70292 70293 70294 70295 70296 70297 70298 70299
10721 70301 70302 70303 70304
10722 70306 70307 70308 70309 70310 70311 70312 70313 70314
10723 70316 70317 70318 70319 70320 70321 70322 70323 70324
10724 70326 70327 70328
10725 70330 70331
10726 70333 70334 70335 70336
10727 70338 70339 70340 70341 70342 70343 70344 70345 70346
10729 70348 70349 70350 70351 70352
10730 70354 70355 70356 70357 70358 70359 70360 70361 70362
10731 70364
10733 70366 70367
10734 70369 70370 70371 70372 70373 70374 70375 70376 70377
10735 70379 70380 70381 70382 70383 70384 70385 70386
10736 70388 70389 70390 70391 70392 70393 70394 70395
10737 70397 70398 70399 70400 70401 70402 70403 70404 70405
10739 70407 70408 70409 70410 70411
10740 70413 70414 70415 70416 70417 70418 70419 70420 70421
10742 70423 70424 70425 70426 70427 70428 70429 70430 70431
10743 70433 70434 70435 70436 70437 70438 70439 70440 70441
10744 70443
10745 70445 70446
10746 70448 70449 70450 70451 70452 70453 70454 70455 70456
10747 70458 70459 70460 70461 70462 70463
10748 70465 70466 70467
10749 70469 70470
10750 70472 70473
10753 70475
10754 70477 70478 70479 70480 70481 70482 70483 70484 70485
10756 70487 70488 70489 70490 70491 70492 70493 70494 70495
10757 70497 70498 70499 70500 70501 70502 70503 70504 70505
10758 70507 70508 70509 70510 70511 70512 70513 70514
10759 70516 70517 70518
10762 70520 70521 70522 70523 70524 70525
10763 70527 70528
10765 70530 70531
10766 70533 70534 70535 70536 70537 70538 70539 70540 70541
10767 70543 70544 70545
10768 70547 70548
10769 70550 70551 70552 70553 70554 70555 70556
10770 70558 70559 70560
10771 70562 70563 70564
10772 70566
10773 70568
10774 70570 70571 70572 70573 70574 70575 70576 70577 70578
10775 70580 70581 70582 70583 70584 70585 70586 70587 70588
10777 70590
10778 70592
10779 70594 70595
10781 70597 70598 70599 70600 70601
10782 70603 70604 70605 70606 70607 70608 70609 70610 70611
10783 70613 70614 70615 70616 70617 70618 70619 70620 70621
10784 70623 70624 70625 70626
10785 70628 70629 70630 70631 70632 70633 70634 70635 70636
10788 70638 70639 70640 70641 70642 70643 70644 70645 70646
10789 70648 70649 70650
10790 70652 70653 70654 70655 70656 70657 70658 70659 70660
10791 70662 70663 70664 70665 70666 70667
10792 70669 70670 70671 70672 70673 70674 70675 70676 70677
10794 70679 70680
10795 70682 70683
10796 70685
10797 70687 70688
10798 70690 70691 70692 70693 70694 70695
10800 70697 70698 70699 70700 70701 70702
10802 70704
10804 70706 70707
10805 70709 70710
10807 70712 70713 70714 70715 70716 70717 70718 70719 70720
10808 70722
10811 70724 70725 70726
10813 70728 70729 70730 70731
10814 70733 70734 70735 70736 70737 70738 70739 70740 70741
10815 70743 70744 70745
10816 70747 70748 70749 70750 70751 70752 70753
10817 70755 70756 70757 70758 70759 70760 70761 70762 70763
10818 70765 70766
10819 70768 70769 70770 70771 70772 70773 70774 70775 70776
10820 70778
10821 70780 70781
10822 70783 70784 70785 70786 70787 70788 70789 70790 70791
10823 70793 70794
10825 70796 70797 70798 70799 70800 70801 70802 70803 70804
10826 70806 70807
10827 70809 70810 70811 70812 70813 70814 70815 70816 70817
10829 70819 70820
10830 70822 70823
10831 70825 70826
10832 70828 70829 70830 70831 70832 70833
10833 70835 70836 70837
10834 70839 70840 70841
10835 70843 70844 70845 70846 70847 70848 70849 70850 70851
10836 70853 70854 70855 70856 70857 70858 70859 70860 70861
10838 70863 70864 70865 70866 70867 70868
10841 70870 70871 70872 70873 70874 70875 70876 70877
10844 70879 70880 70881 70882 70883 70884 70885 70886 70887
10845 70889 70890 70891 70892 70893 70894 70895 70896 70897
10846 70899 70900 70901
10847 70903 70904
10848 70906 70907 70908 70909 70910 70911 70912 70913 70914
10849 70916 70917 70918 70919 70920 70921 70922
10850 70924 70925 70926
10851 70928 70929
10852 70931
10854 70933 70934 70935 70936 70937 70938 70939 70940
10855 70942 70943 70944 70945 70946 70947 70948 70949 70950
10856 70952 70953 70954 70955 70956 70957 70958 70959 70960
10857 70962 70963 70964 70965
10859 70967
10860 70969 70970 70971 70972 70973 70974 70975 70976 70977
10861 70979 70980 70981 70982 70983 70984 70985 70986 70987
10862 70989 70990 70991 70992 70993 70994
10863 70996 70997 70998 70999 71000 71001 71002 71003 71004
10864 71006 71007 71008
10865 71010
10866 71012 71013 71014 71015
10867 71017
10868 71019
10869 71021 71022 71023 71024 71025 71026 71027 71028
10870 71030 71031
10871 71033 71034 71035 71036 71037 71038
10873 71040
10875 71042 71043 71044 71045 71046 71047 71048 71049 71050
10876 71052 71053 71054 71055 71056 71057 71058 71059 71060
10877 71062 71063 71064
10878 71066 71067 71068 71069 71070
10879 71072 71073
10880 71075 71076 71077 71078 71079 71080 71081 71082 71083
10881 71085
10882 71087
10883 71089 71090
10884 71092 71093 71094
10885 71096 71097 71098 71099 71100 71101 71102 71103 71104
10888 71106 71107 71108 71109 71110
10889 71112 71113 71114 71115 71116 71117
10890 71119
10891 71121 71122 71123 71124 71125 71126 71127 71128 71129
10892 71131 71132
10893 71134
10895 71136 71137 71138
10897 71140
10899 71142 71143 71144 71145
10900 71147 71148 71149 71150 71151
10902 71153 71154 71155 71156
10903 71158 71159 71160 71161 71162 71163 71164 71165 71166
10904 71168 71169 71170 71171 71172 71173 71174 71175 71176
10905 71178 71179 71180 71181
10907 71183 71184 71185 71186
10908 71188 71189
10909 71191 71192 71193
10910 71195 71196
10911 71198 71199 71200
10912 71202 71203
10913 71205 71206 71207 71208 71209 71210 71211 71212 71213
10914 71215 71216 71217 71218
10915 71220 71221 71222 71223 71224 71225 71226
10916 71228 71229 71230 71231 71232 71233 71234 71235 71236
10918 71238 71239
10919 71241
10920 71243 71244 71245 71246 71247 71248
10921 71250 71251 71252 71253 71254 71255 71256 71257 71258
10923 71260 71261 71262 71263 71264 71265
10924 71267 71268 71269 71270 71271 71272 71273 71274 71275
10925 71277
10926 71279 71280 71281 71282 71283 71284 71285 71286 71287
10927 71289
10928 71291 71292 71293 71294
10929 71296 71297 71298 71299
10930 71301 71302 71303 71304 71305 71306 71307 71308 71309
10931 71311 71312
10933 71314
10935 71316 71317 71318 71319 71320 71321 71322 71323 71324
10936 71326
10937 71328 71329 71330 71331 71332 71333 71334 71335 71336
10938 71338 71339 71340 71341 71342 71343 71344
10939 71346 71347 71348 71349 71350 71351 71352 71353 71354
10940 71356
10941 71358 71359 71360
10943 71362 71363 71364
10944 71366 71367 71368
10945 71370 71371 71372 71373 71374 71375 71376 71377 71378
10946 71380 71381 71382 71383 71384 71385
10947 71387
10948 71389 71390 71391 71392
10949 71394 71395 71396
10950 71398 71399
10951 71401 71402
10952 71404 71405 71406 71407 71408 71409 71410 71411 71412
10953 71414 71415 71416 71417 71418 71419 71420 71421 71422
10954 71424 71425
10955 71427 71428 71429
10956 71431 71432 71433 71434
10957 71436 71437 71438
10960 71440 71441 71442 71443 71444 71445 71446 71447
10961 71449 71450 71451
10962 71453 71454 71455
10963 71457 71458 71459 71460 71461 71462 71463 71464 71465
10964 71467 71468 71469 71470 71471 71472 71473 71474 71475
10965 71477 71478
10966 71480 71481 71482 71483 71484 71485 71486 71487 71488
10967 71490 71491 71492 71493 71494 71495 71496 71497 71498
10968 71500
10970 71502 71503 71504 71505 71506 71507 71508 71509 71510
10972 71512 71513
10976 71515 71516 71517 71518 71519 71520 71521 71522 71523
10977 71525 71526 71527 71528 71529 71530 71531 71532 71533
10978 71535 71536 71537 71538 71539 71540 71541 71542 71543
10979 71545 71546 71547 71548 71549 71550 71551
10980 71553
10981 71555 71556
10982 71558
10984 71560
10985 71562 71563 71564 71565 71566 71567 71568 71569 71570
10986 71572 71573 71574 71575 71576 71577 71578 71579 71580
10987 71582
10988 71584
10989 71586 71587 71588 71589 71590 71591 71592 71593 71594
10990 71596 71597 71598 71599 71600 71601 71602 71603
10992 71605 71606 71607 71608 71609 71610 71611 71612 71613
10993 71615 71616 71617 71618 71619 71620 71621 71622 71623
10994 71625 71626 71627 71628 71629 71630 71631
10995 71633 71634 71635 71636 71637
10996 71639
10998 71641 71642 71643 71644 71645 71646 71647 71648 71649
10999 71651 71652 71653 71654 71655 71656
11000 71658 71659 71660 71661 71662 71663 71664 71665 71666
11001 71668
11002 71670 71671 71672 71673 71674 71675 71676 71677 71678
11003 71680 71681 71682 71683 71684 71685 71686 71687 71688
11004 71690 71691 71692
11006 71694 71695 71696 71697 71698 71699 71700 71701 71702
11007 71704 71705 71706 71707 71708 71709 71710
11009 71712 71713 71714 71715
11010 71717 71718
11011 71720 71721 71722 71723 71724 71725 71726
11013 71728 71729 71730 71731 71732 71733 71734 71735 71736
11015 71738 71739
11017 71741 71742 71743 71744 71745
11018 71747
11019 71749 71750 71751 71752 71753 71754 71755 71756 71757
11020 71759 71760 71761 71762 71763 71764 71765 71766
11022 71768
11023 71770
11025 71772
11026 71774 71775 71776 71777 71778 71779 71780 71781 71782
11028 71784 71785 71786 71787 71788 71789 71790 71791 71792
11029 71794
11030 71796 71797 71798 71799
11031 71801
11032 71803 71804 71805 71806
11033 71808 71809
11034 71811 71812 71813
11036 71815
11037 71817 71818 71819 71820 71821 71822 71823 71824 71825
11038 71827 71828 71829 71830 71831 71832 71833 71834
11039 71836 71837
11041 71839 71840
11042 71842 71843 71844 71845
11043 71847 71848 71849 71850 71851 71852 71853 71854 71855
11044 71857 71858 71859
11046 71861 71862 71863 71864 71865 71866 71867 71868 71869
11047 71871
11049 71873 71874 71875 71876 71877 71878 71879 71880 71881
11050 71883 71884 71885 71886 71887 71888
11051 71890 71891 71892 71893 71894 71895 71896 71897 71898
11052 71900 71901
11053 71903
11055 71905 71906 71907
11056 71909 71910 71911
11059 71913 71914
11060 71916 71917 71918 71919 71920 71921 71922 71923 71924
11061 71926 71927 71928 71929
11063 71931 71932 71933
11064 71935 71936 71937 71938 71939 71940 71941 71942 71943
11065 71945 71946 71947 71948 71949 71950 71951 71952 71953
11066 71955 71956 71957 71958 71959 71960 71961 71962 71963
11067 71965 71966
11068 71968 71969 71970 71971 71972 71973 71974 71975
11072 71977
11073 71979
11074 71981 71982 71983
11075 71985 71986 71987
11077 71989
11078 71991 71992 71993 71994 71995 71996 71997 71998 71999
11079 72001 72002 72003 72004 72005 72006
11080 72008 72009
11081 72011 72012 72013
11082 72015 72016 72017 72018 72019 72020 72021 72022 72023
11083 72025 72026 72027 72028 72029 72030 72031 72032 72033
11084 72035
11085 72037 72038 72039
11086 72041
11088 72043 72044
11089 72046 72047 72048 72049 72050 72051 72052 72053 72054
11090 72056 72057 72058 72059 72060 72061 72062 72063 72064
11091 72066 72067 72068 72069 72070 72071 72072 72073 72074
11092 72076 72077 72078 72079 72080
11093 72082 72083 72084 72085 72086
11094 72088 72089 72090 72091 72092
11095 72094 72095
11097 72097
11101 72099
11102 72101 72102
11103 72104 72105
11104 72107 72108 72109 72110 72111 72112
11106 72114 72115
11107 72117 72118 72119 72120 72121 72122 72123 72124 72125
11108 72127 72128 72129
11110 72131 72132 72133 72134 72135 72136
11111 72138 72139
11112 72141 72142
11113 72144 72145 72146 72147 72148 72149 72150 72151 72152
11114 72154 72155 72156 72157 72158 72159 72160
11115 72162 72163 72164 72165 72166 72167 72168 72169 72170
11117 72172 72173 72174 72175 72176 72177 72178 72179 72180
11118 72182
11119 72184 72185 72186 72187 72188 72189 72190 72191 72192
11120 72194 72195
11122 72197
11124 72199 72200
11125 72202 72203 72204 72205
11126 72207 72208 72209 72210 72211 72212 72213
11128 72215
11130 72217 72218 72219 72220 72221 72222
11132 72224 72225
11134 72227 72228 72229 72230 72231
11135 72233 72234 72235 72236
11136 72238 72239
11137 72241 72242 72243 72244 72245
11139 72247 72248 72249 72250 72251 72252 72253 72254
11140 72256 72257 72258 72259 72260 72261 72262 72263 72264
11141 72266 72267 72268
11142 72270
11143 72272 72273 72274 72275 72276 72277 72278 72279
11144 72281 72282 72283 72284 72285 72286 72287 72288 72289
11145 72291 72292
11147 72294 72295 72296 72297
11148 72299 72300 72301 72302 72303 72304 72305 72306 72307
11149 72309 72310 72311
11150 72313 72314 72315 72316 72317 72318 72319 72320 72321
11152 72323 72324 72325 72326 72327 72328 72329 72330 72331
11153 72333
11154 72335 72336 72337 72338 72339 72340 72341 72342 72343
11156 72345
11157 72347 72348 72349 72350
11158 72352 72353 72354 72355 72356 72357 72358 72359 72360
11159 72362 72363 72364 72365
11160 72367
11162 72369 72370 72371 72372 72373 72374 72375 72376 72377
11163 72379 72380 72381 72382 72383 72384 72385 72386 72387
11166 72389 72390 72391 72392 72393 72394
11167 72396
11168 72398 72399 72400 72401 72402 72403 72404 72405 72406
11169 72408 72409 72410 72411 72412 72413 72414 72415 72416
11170 72418 72419 72420
11171 72422 72423
11173 72425 72426 72427 72428 72429 72430 72431 72432 72433
11175 72435 72436 72437 72438 72439 72440 72441 72442 72443
11176 72445 72446 72447 72448 72449 72450 72451 72452 72453
11177 72455 72456 72457
11179 72459 72460 72461 72462 72463
11180 72465 72466 72467 72468 72469 72470 72471 72472 72473
11181 72475 72476 72477 72478 72479 72480
11183 72482 72483 72484 72485 72486 72487 72488 72489 72490
11184 72492 72493 72494 72495 72496 72497
11185 72499 72500 72501 72502 72503 72504 72505 72506 72507
11186 72509 72510 72511 72512 72513 72514 72515
11187 72517 72518 72519 72520 72521 72522 72523
11189 72525 72526
11191 72528 72529 72530 72531 72532 72533
11192 72535 72536 72537 72538 72539 72540 72541 72542 72543
11194 72545
11195 72547 72548 72549 72550 72551 72552 72553
11196 72555 72556 72557 72558 72559 72560 72561 72562 72563
11197 72565 72566
11199 72568 72569
11200 72571
11201 72573 72574 72575 72576 72577 72578 72579 72580 72581
11202 72583 72584 72585 72586 72587
11203 72589 72590 72591 72592 72593 72594 72595 72596 72597
11204 72599 72600 72601 72602 72603 72604 72605 72606 72607
11205 72609 72610 72611 72612 72613 72614 72615 72616 72617
11206 72619 72620 72621 72622 72623 72624 72625
11207 72627 72628 72629 72630
11208 72632 72633 72634 72635 72636 72637 72638 72639 72640
11210 72642 72643 72644 72645 72646 72647 72648 72649 72650
11213 72652 72653 72654 72655 72656 72657
11214 72659 72660 72661 72662 72663 72664 72665
11216 72667 72668 72669 72670 72671 72672 72673 72674 72675
11218 72677 72678 72679 72680
11219 72682
11220 72684 72685 72686 72687 72688 72689 72690
11221 72692 72693 72694 72695 72696
11222 72698 72699 72700 72701 72702 72703 72704 72705 72706
11224 72708 72709 72710 72711 72712 72713 72714 72715
11225 72717 72718 72719 72720 72721 72722
11226 72724 72725 72726 72727 72728 72729 72730 72731 72732
11227 72734 72735
11228 72737 72738 72739 72740 72741 72742 72743 72744 72745
11229 72747 72748 72749 72750 72751 72752 72753 72754 72755
11231 72757
11232 72759 72760 72761 72762
11233 72764 72765 72766 72767 72768 72769
11234 72771
11236 72773 72774 72775 72776 72777
11237 72779 72780 72781 72782 72783 72784 72785 72786
11238 72788 72789
11239 72791 72792 72793 72794 72795 72796 72797 72798 72799
11240 72801 72802 72803 72804 72805 72806 72807 72808 72809
11241 72811 72812 72813 72814 72815 72816 72817 72818 72819
11242 72821 72822
11243 72824 72825 72826
11245 72828 72829 72830 72831
11246 72833
11247 72835
11250 72837 72838 72839 72840 72841 72842 72843 72844 72845
11251 72847 72848
11253 72850 72851 72852 72853 72854 72855 72856 72857 72858
11255 72860 72861
11256 72863 72864 72865 72866 72867 72868 72869 72870 72871
11257 72873 72874 72875 72876 72877 72878 72879
11258 72881 72882 72883 72884 72885 72886 72887
11261 72889 72890 72891
11262 72893
11264 72895 72896 72897 72898 72899 72900 72901 72902 72903
11266 72905 72906 72907 72908 72909 72910 72911
11267 72913
11268 72915 72916 72917 72918
11270 72920 72921 72922 72923 72924
11273 72926 72927 72928 72929 72930 72931 72932 72933 72934
11274 72936 72937
11275 72939 72940 72941 72942 72943 72944 72945 72946 72947
11276 72949 72950 72951 72952 72953 72954 72955 72956 72957
11278 72959 72960 72961 72962 72963 72964 72965 72966 72967
11279 72969 72970
11280 72972 72973 72974 72975 72976 72977 72978 72979 72980
11281 72982 72983 72984 72985 72986
11283 72988 72989 72990 72991 72992 72993 72994 72995 72996
11284 72998 72999 73000 73001
11285 73003 73004 73005 73006 73007 73008 73009 73010 73011
11287 73013 73014 73015 73016 73017 73018 73019 73020 73021
11288 73023 73024 73025 73026 73027 73028 73029 73030
11289 73032 73033 73034 73035 73036 73037 73038
11290 73040 73041 73042 73043 73044 73045 73046 73047 73048
11291 73050 73051
11293 73053
11294 73055 73056 73057 73058 73059
11295 73061 73062
11297 73064 73065 73066 73067 73068 73069 73070 73071 73072
11298 73074 73075 73076 73077
11299 73079 73080 73081 73082
11300 73084 73085 73086 73087 73088
11301 73090
11302 73092 73093 73094 73095 73096 73097 73098 73099 73100
11303 73102 73103 73104 73105 73106 73107 73108 73109
11304 73111 73112 73113 73114 73115 73116 73117
11306 73119 73120 73121 73122 73123
11307 73125 73126 73127 73128 73129 73130 73131 73132 73133
11308 73135 73136 73137 73138 73139 73140 73141 73142 73143
11309 73145 73146 73147 73148 73149 73150 73151
11311 73153 73154 73155 73156
11312 73158 73159 73160 73161 73162 73163 73164 73165 73166
11313 73168
11314 73170 73171 73172 73173
11316 73175 73176
11320 73178 73179
11321 73181 73182
11322 73184 73185 73186 73187 73188
11323 73190 73191 73192 73193 73194 73195 73196
11324 73198 73199 73200 73201
11325 73203
11327 73205 73206 73207 73208 73209 73210 73211 73212 73213
11329 73215 73216
11331 73218 73219 73220 73221 73222 73223 73224 73225 73226
11332 73228 73229 73230 73231 73232
11333 73234 73235 73236 73237 73238 73239 73240 73241 73242
11334 73244
11335 73246 73247 73248
11338 73250 73251 73252 73253 73254 73255 73256 73257
11341 73259 73260 73261 73262 73263 73264 73265
11342 73267 73268 73269
11343 73271 73272 73273 73274
11346 73276 73277 73278 73279 73280 73281
11347 73283 73284 73285 73286 73287 73288 73289 73290 73291
11348 73293 73294 73295 73296
11349 73298
11350 73300 73301
11352 73303 73304 73305 73306 73307 73308 73309 73310 73311
11357 73313 73314 73315 73316 73317
11358 73319
11359 73321 73322 73323 73324 73325 73326 73327 73328 73329
11360 73331 73332 73333 73334 73335 73336 73337 73338 73339
11361 73341 73342 73343
11362 73345 73346 73347 73348 73349
11364 73351 73352 73353 73354 73355 73356 73357 73358 73359
11365 73361 73362 73363 73364 73365 73366 73367 73368
11367 73370 73371 73372 73373 73374
11368 73376
11369 73378 73379 73380 73381
11371 73383 73384 73385 73386 73387 73388 73389 73390 73391
11372 73393 73394 73395 73396 73397 73398 73399
11374 73401 73402 73403
11375 73405 73406 73407 73408
11376 73410
11377 73412 73413
11378 73415 73416 73417 73418 73419 73420 73421
11379 73423 73424 73425 73426 73427 73428
11380 73430 73431 73432 73433 73434 73435 73436 73437 73438
11381 73440 73441 73442
11382 73444 73445 73446 73447 73448 73449 73450 73451 73452
11383 73454 73455
11384 73457 73458 73459 73460 73461 73462 73463 73464 73465
11386 73467 73468 73469 73470 73471 73472 73473 73474 73475
11388 73477 73478 73479 73480 73481
11389 73483
11390 73485
11391 73487 73488 73489 73490 73491 73492 73493 73494
11392 73496 73497 73498 73499 73500 73501
11393 73503 73504
11394 73506 73507 73508 73509
11395 73511 73512 73513 73514 73515 73516 73517 73518 73519
11396 73521 73522 73523 73524 73525 73526 73527 73528 73529
11398 73531 73532 73533 73534
11399 73536 73537 73538 73539 73540 73541 73542
11400 73544 73545 73546 73547 73548 73549 73550 73551 73552
11401 73554 73555
11403 73557 73558 73559 73560 73561 73562
11404 73564 73565 73566
11405 73568 73569 73570
11407 73572 73573 73574 73575 73576 73577 73578 73579 73580
11409 73582 73583 73584
11410 73586 73587 73588 73589
11411 73591 73592 73593 73594
11412 73596 73597 73598 73599 73600 73601
11413 73603 73604 73605 73606
11414 73608 73609 73610
11415 73612 73613 73614 73615 73616 73617 73618 73619 73620
11416 73622 73623 73624 73625 73626 73627 73628 73629 73630
11417 73632 73633
11418 73635 73636 73637
11420 73639 73640 73641
11423 73643
11424 73645 73646 73647 73648
11425 73650 73651 73652 73653 73654
11427 73656 73657 73658 73659 73660 73661 73662 73663 73664
11428 73666
11429 73668 73669 73670 73671 73672 73673 73674 73675 73676
11430 73678 73679 73680 73681 73682 73683 73684 73685 73686
11431 73688 73689 73690 73691 73692 73693 73694 73695 73696
11432 73698 73699 73700
11433 73702 73703 73704 73705 73706 73707 73708
11434 73710 73711 73712 73713 73714
11435 73716 73717 73718 73719 73720 73721 73722 73723 73724
11438 73726 73727
11440 73729 73730
11441 73732 73733 73734 73735
11442 73737 73738 73739 73740 73741 73742
11443 73744 73745 73746 73747 73748 73749 73750 73751 73752
11444 73754 73755 73756 73757 73758 73759 73760 73761 73762
11445 73764 73765
11447 73767
11448 73769 73770 73771 73772 73773 73774 73775 73776 73777
11449 73779 73780 73781 73782 73783 73784 73785 73786 73787
11450 73789 73790 73791
11452 73793 73794 73795 73796 73797 73798 73799 73800 73801
11453 73803 73804 73805 73806 73807 73808 73809 73810 73811
11454 73813 73814 73815 73816
11456 73818
11457 73820
11458 73822 73823 73824 73825
11459 73827 73828 73829
11461 73831 73832 73833 73834 73835
11462 73837 73838
11463 73840
11464 73842
11465 73844 73845 73846
11466 73848 73849 73850 73851 73852 73853 73854 73855 73856
11467 73858
11468 73860
11469 73862 73863 73864 73865 73866 73867 73868 73869 73870
11472 73872 73873
11473 73875 73876 73877
11474 73879 73880
11475 73882 73883
11476 73885 73886 73887 73888 73889 73890 73891 73892 73893
11477 73895 73896
11478 73898 73899 73900 73901
11480 73903 73904 73905 73906 73907 73908 73909 73910 73911
11482 73913 73914 73915
11483 73917 73918
11485 73920 73921 73922
11486 73924 73925 73926 73927 73928
11487 73930 73931 73932 73933 73934 73935 73936 73937 73938
11489 73940 73941 73942
11492 73944 73945 73946 73947 73948
11493 73950 73951 73952
11494 73954 73955 73956 73957 73958 73959 73960 73961 73962
11497 73964 73965 73966
11498 73968
11499 73970 73971 73972
11500 73974 73975 73976 73977 73978
11502 73980 73981 73982
11503 73984 73985 73986 73987 73988 73989 73990 73991 73992
11504 73994 73995 73996 73997 73998
11505 74000 74001
11506 74003 74004 74005
11507 74007 74008 74009 74010 74011
11511 74013
11512 74015 74016 74017 74018 74019
11514 74021 74022 74023 74024
11516 74026 74027 74028 74029 74030 74031 74032 74033 74034
11517 74036
11518 74038
11520 74040
11521 74042 74043 74044 74045 74046 74047 74048 74049 74050
11524 74052 74053 74054 74055 74056 74057 74058 74059 74060
11525 74062 74063 74064
11528 74066 74067 74068 74069 74070 74071 74072 74073
11529 74075 74076 74077 74078 74079 74080 74081 74082 74083
11530 74085
11532 74087 74088
11533 74090 74091 74092 74093 74094 74095 74096 74097 74098
11534 74100 74101 74102 74103 74104 74105 74106 74107 74108
11535 74110 74111 74112 74113 74114 74115 74116 74117 74118
11536 74120
11537 74122 74123 74124 74125 74126 74127
11538 74129
11539 74131 74132 74133 74134 74135 74136 74137 74138 74139
11540 74141
11541 74143 74144 74145 74146 74147 74148 74149 74150 74151
11542 74153 74154 74155 74156 74157 74158 74159 74160
11543 74162 74163 74164 74165
11544 74167 74168 74169 74170 74171 74172 74173 74174 74175
11546 74177 74178 74179 74180 74181 74182 74183 74184 74185
11547 74187 74188 74189
11548 74191 74192 74193 74194 74195
11549 74197 74198 74199 74200 74201 74202 74203 74204 74205
11550 74207 74208 74209 74210 74211 74212 74213 74214 74215
11551 74217 74218 74219 74220 74221 74222 74223 74224 74225
11553 74227 74228 74229 74230 74231 74232 74233 74234 74235
11554 74237 74238 74239 74240 74241 74242 74243 74244 74245
11555 74247 74248 74249 74250 74251 74252 74253 74254 74255
11556 74257 74258 74259 74260 74261 74262
11558 74264
11559 74266
11560 74268 74269 74270 74271 74272 74273 74274 74275
11562 74277 74278 74279 74280 74281 74282 74283 74284 74285
11563 74287 74288 74289 74290 74291 74292
11564 74294 74295 74296 74297 74298 74299 74300 74301 74302
11565 74304 74305 74306 74307 74308 74309 74310 74311 74312
11566 74314 74315 74316
11568 74318 74319 74320 74321 74322 74323 74324 74325 74326
11569 74328 74329 74330 74331 74332 74333 74334 74335 74336
11571 74338 74339
11572 74341 74342 74343 74344 74345 74346 74347 74348 74349
11573 74351 74352 74353 74354 74355 74356 74357 74358 74359
11574 74361 74362
11575 74364 74365 74366 74367 74368 74369 74370 74371 74372
11576 74374 74375 74376 74377 74378 74379
11579 74381 74382 74383 74384
11581 74386 74387 74388 74389
11582 74391 74392 74393 74394 74395 74396 74397
11583 74399 74400 74401 74402 74403 74404 74405 74406 74407
11584 74409 74410 74411 74412 74413 74414 74415 74416 74417
11586 74419 74420 74421 74422
11588 74424 74425 74426 74427
11589 74429 74430 74431
11590 74433 74434 74435 74436 74437 74438 74439 74440 74441
11591 74443 74444 74445 74446 74447 74448 74449 74450 74451
11592 74453 74454 74455 74456 74457 74458 74459
11593 74461 74462 74463 74464 74465 74466 74467 74468
11595 74470
11596 74472 74473 74474 74475 74476
11598 74478 74479 74480 74481 74482 74483 74484 74485 74486
11599 74488 74489 74490 74491 74492 74493
11600 74495 74496 74497 74498 74499 74500 74501 74502 74503
11601 74505 74506
11602 74508 74509 74510 74511 74512 74513 74514 74515 74516
11603 74518 74519 74520 74521
11604 74523
11605 74525 74526 74527 74528 74529 74530 74531 74532 74533
11607 74535
11608 74537 74538 74539 74540 74541
11609 74543
11610 74545
11612 74547
11613 74549 74550
11614 74552 74553 74554 74555 74556 74557 74558 74559 74560
11615 74562 74563 74564
11616 74566 74567 74568 74569 74570
11617 74572 74573
11618 74575 74576 74577
11619 74579 74580
11620 74582 74583 74584 74585 74586 74587 74588 74589 74590
11621 74592
11623 74594 74595 74596 74597 74598 74599 74600 74601 74602
11624 74604
11625 74606
11626 74608
11627 74610
11628 74612 74613 74614 74615
11629 74617 74618
11630 74620 74621 74622 74623 74624 74625 74626 74627 74628
11631 74630 74631
11632 74633
11634 74635 74636 74637
11635 74639 74640 74641 74642 74643 74644 74645 74646 74647
11636 74649 74650 74651 74652 74653 74654 74655 74656 74657
11637 74659 74660 74661 74662 74663 74664 74665 74666 74667
11638 74669 74670 74671 74672 74673 74674 74675 74676 74677
11639 74679 74680 74681 74682 74683 74684 74685
11640 74687 74688 74689 74690 74691 74692 74693 74694 74695
11641 74697 74698 74699 74700 74701 74702 74703
11642 74705 74706 74707 74708 74709 74710 74711
11643 74713
11645 74715 74716 74717 74718 74719 74720 74721 74722 74723
11646 74725 74726 74727 74728 74729 74730 74731 74732 74733
11647 74735
11648 74737 74738 74739 74740 74741 74742 74743 74744 74745
11649 74747 74748 74749 74750 74751 74752
11650 74754 74755 74756 74757 74758
11651 74760 74761 74762 74763 74764 74765 74766 74767 74768
11652 74770 74771 74772 74773 74774 74775
11654 74777
11655 74779 74780 74781 74782 74783 74784 74785 74786 74787
11657 74789 74790 74791
11660 74793 74794 74795 74796 74797
11665 74799
11666 74801 74802 74803 74804 74805 74806
11667 74808 74809 74810
11669 74812 74813 74814 74815 74816 74817 74818 74819 74820
11670 74822 74823 74824 74825
11671 74827
11672 74829
11673 74831 74832 74833 74834 74835 74836 74837 74838 74839
11674 74841 74842
11675 74844 74845 74846 74847 74848 74849 74850 74851 74852
11676 74854 74855 74856 74857 74858 74859 74860 74861 74862
11678 74864 74865 74866
11679 74868 74869 74870 74871
11680 74873
11682 74875 74876 74877 74878 74879 74880 74881 74882 74883
11683 74885 74886 74887
11684 74889 74890 74891 74892 74893 74894 74895 74896 74897
11685 74899 74900 74901 74902 74903 74904 74905 74906 74907
11686 74909 74910
11688 74912 74913 74914 74915
11689 74917 74918 74919 74920 74921 74922 74923 74924 74925
11690 74927 74928 74929 74930 74931 74932 74933 74934 74935
11691 74937 74938 74939 74940
11692 74942 74943 74944 74945 74946 74947 74948 74949 74950
11693 74952
11695 74954 74955 74956
11696 74958
11697 74960 74961 74962
11698 74964 74965 74966 74967 74968 74969 74970 74971 74972
11699 74974 74975 74976
11700 74978
11701 74980 74981 74982 74983 74984 74985 74986 74987 74988
11702 74990 74991 74992 74993 74994 74995 74996 74997
11704 74999 75000 75001 75002 75003 75004
11705 75006 75007 75008 75009 75010 75011 75012 75013 75014
11706 75016 75017 75018 75019 75020 75021 75022 75023 75024
11707 75026 75027
11709 75029 75030
11710 75032 75033 75034 75035
11711 75037 75038 75039
11712 75041 75042 75043 75044 75045 75046 75047 75048 75049
11714 75051 75052
11715 75054 75055
11716 75057 75058 75059 75060 75061 75062 75063 75064 75065
11718 75067 75068 75069 75070 75071
11719 75073 75074 75075 75076 75077 75078 75079 75080 75081
11720 75083 75084 75085 75086 75087 75088 75089 75090
11721 75092 75093 75094 75095
11722 75097 75098 75099 75100 75101 75102 75103 75104 75105
11725 75107
11726 75109 75110 75111 75112 75113 75114
11727 75116 75117
11728 75119 75120
11729 75122 75123 75124 75125 75126 75127 75128 75129 75130
11731 75132 75133 75134 75135
11732 75137 75138 75139 75140
11733 75142
11734 75144 75145 75146
11737 75148 75149 75150 75151 75152
11739 75154 75155 75156 75157 75158 75159 75160 75161 75162
11740 75164 75165 75166 75167 75168
11741 75170
11742 75172 75173 75174 75175 75176 75177 75178 75179 75180
11745 75182
11747 75184 75185 75186 75187 75188 75189 75190 75191 75192
11748 75194 75195 75196 75197 75198 75199 75200 75201 75202
11750 75204 75205
11752 75207 75208 75209 75210 75211 75212 75213 75214
11753 75216 75217 75218 75219 75220 75221 75222 75223 75224
11754 75226 75227 75228 75229
11755 75231 75232 75233 75234
11756 75236 75237
11758 75239 75240 75241
11759 75243 75244 75245 75246 75247
11760 75249
11762 75251 75252 75253 75254 75255 75256 75257 75258 75259
11763 75261 75262 75263
11764 75265 75266
11765 75268
11766 75270 75271 75272 75273 75274
11767 75276
11769 75278 75279 75280
11771 75282 75283 75284 75285 75286 75287 75288 75289
11773 75291 75292 75293 75294
11774 75296 75297 75298 75299 75300 75301 75302 75303 75304
11775 75306 75307 75308 75309 75310 75311 75312 75313 75314
11777 75316 75317 75318 75319 75320 75321 75322 75323 75324
11778 75326 75327 75328 75329 75330 75331 75332 75333
11780 75335
11781 75337 75338 75339 75340 75341 75342 75343
11782 75345 75346 75347 75348 75349 75350 75351 75352 75353
11783 75355 75356 75357 75358 75359 75360 75361 75362 75363
11784 75365 75366 75367 75368 75369 75370 75371 75372 75373
11785 75375 75376 75377 75378 75379 75380 75381 75382 75383
11787 75385 75386 75387 75388
11788 75390 75391 75392 75393 75394
11790 75396
11791 75398 75399 75400 75401
11792 75403 75404
11793 75406
11794 75408 75409 75410 75411 75412 75413 75414 75415 75416
11795 75418
11796 75420 75421
11797 75423
11798 75425 75426 75427 75428 75429 75430 75431 75432 75433
11800 75435 75436 75437 75438 75439 75440 75441 75442 75443
11801 75445 75446 75447 75448
11802 75450 75451 75452 75453 75454 75455 75456 75457
11803 75459 75460 75461 75462
11804 75464 75465 75466 75467 75468
11805 75470 75471 75472
11806 75474 75475 75476 75477 75478 75479 75480 75481
11808 75483
11810 75485 75486 75487 75488 75489 75490 75491 75492
11811 75494 75495 75496 75497 75498 75499 75500 75501 75502
11812 75504 75505 75506 75507 75508 75509 75510 75511
11814 75513 75514 75515 75516 75517 75518 75519
11815 75521
11816 75523 75524
11817 75526 75527
11819 75529 75530 75531 75532 75533 75534 75535 75536 75537
11820 75539
11821 75541 75542 75543 75544 75545 75546 75547 75548 75549
11822 75551 75552 75553 75554 75555 75556 75557 75558 75559
11823 75561 75562 75563 75564 75565 75566 75567
11824 75569 75570 75571 75572
11825 75574 75575 75576 75577 75578 75579 75580 75581 75582
11826 75584 75585 75586 75587 75588 75589 75590 75591 75592
11827 75594
11828 75596 75597 75598 75599 75600 75601 75602 75603 75604
11829 75606 75607 75608 75609 75610 75611 75612 75613 75614
11830 75616 75617 75618 75619 75620 75621 75622 75623 75624
11831 75626
11832 75628
11834 75630 75631 75632 75633 75634 75635 75636 75637 75638
11835 75640 75641
11836 75643 75644 75645 75646 75647 75648 75649 75650 75651
11837 75653 75654 75655 75656 75657 75658 75659 75660 75661
11838 75663 75664 75665 75666 75667 75668
11839 75670 75671
11840 75673 75674 75675
11841 75677 75678 75679 75680 75681 75682 75683 75684 75685
11842 75687
11843 75689
11845 75691 75692 75693
11847 75695
11849 75697 75698 75699 75700
11851 75702 75703 75704 75705 75706 75707 75708 75709 75710
11852 75712 75713 75714
11853 75716 75717 75718 75719
11854 75721
11855 75723 75724 75725 75726 75727 75728
11856 75730 75731 75732 75733 75734
11859 75736 75737 75738 75739
11860 75741 75742 75743 75744 75745 75746 75747 75748 75749
11861 75751 75752 75753 75754 75755 75756 75757 75758 75759
11862 75761 75762 75763
11863 75765
11864 75767 75768 75769 75770
11865 75772 75773 75774 75775 75776 75777
11866 75779 75780 75781 75782 75783 75784 75785 75786 75787
11867 75789 75790 75791 75792 75793 75794 75795 75796 75797
11868 75799 75800 75801
11869 75803 75804 75805 75806 75807 75808
11870 75810 75811 75812
11871 75814 75815 75816 75817 75818
11876 75820 75821 75822 75823 75824 75825 75826 75827 75828
11877 75830 75831 75832 75833 75834 75835 75836 75837 75838
11879 75840 75841 75842 75843 75844 75845 75846 75847 75848
11880 75850 75851 75852 75853 75854 75855
11886 75857 75858 75859 75860 75861
11889 75863 75864 75865 75866 75867 75868 75869
11890 75871 75872 75873 75874 75875 75876
11891 75878 75879 75880 75881 75882 75883 75884 75885 75886
11892 75888 75889 75890 75891
11893 75893 75894 75895
11894 75897
11895 75899 75900
11896 75902 75903 75904 75905 75906 75907 75908 75909 75910
11897 75912 75913 75914 75915 75916 75917 75918 75919 75920
11898 75922 75923 75924 75925 75926 75927 75928 75929 75930
11900 75932 75933 75934 75935 75936 75937 75938 75939 75940
11901 75942 75943 75944 75945
11902 75947
11903 75949
11904 75951 75952 75953 75954 75955 75956 75957 75958 75959
11906 75961 75962 75963 75964 75965 75966 75967
11909 75969 75970 75971
11910 75973 75974 75975 75976 75977 75978 75979 75980 75981
11911 75983
11912 75985 75986 75987
11913 75989
11914 75991 75992 75993 75994
11916 75996 75997 75998 75999 76000
11918 76002 76003 76004 76005 76006 76007 76008 76009 76010
11920 76012 76013 76014 76015 76016
11921 76018 76019 76020 76021 76022
11923 76024
11924 76026 76027 76028 76029 76030 76031 76032 76033 76034
11925 76036
11926 76038
11928 76040
11929 76042 76043 76044 76045 76046 76047 76048 76049 76050
11931 76052
11932 76054 76055 76056 76057 76058 76059 76060 76061 76062
11933 76064 76065
11934 76067 76068 76069 76070 76071 76072 76073 76074 76075
11935 76077
11936 76079 76080 76081 76082 76083 76084 76085 76086 76087
11939 76089
11942 76091 76092 76093
11943 76095 76096 76097 76098 76099 76100 76101 76102 76103
11944 76105 76106
11945 76108 76109 76110 76111 76112
11946 76114
11948 76116 76117 76118 76119 76120 76121 76122 76123 76124
11950 76126 76127 76128 76129 76130
11951 76132 76133 76134 76135 76136 76137 76138 76139 76140
11952 76142 76143 76144
11953 76146 76147 76148 76149 76150 76151 76152 76153 76154
11954 76156 76157 76158
11956 76160 76161 76162 76163 76164 76165 76166 76167 76168
11957 76170 76171 76172
11958 76174 76175 76176
11959 76178 76179 76180 76181 76182 76183 76184 76185 76186
11962 76188 76189
11963 76191 76192 76193
11967 76195 76196 76197 76198 76199 76200 76201 76202
11968 76204 76205 76206 76207 76208 76209 76210 76211 76212
11969 76214
11971 76216 76217
11972 76219 76220 76221 76222 76223
11973 76225 76226
11974 76228 76229 76230 76231 76232 76233
11975 76235 76236 76237
11976 76239 76240
11981 76242 76243
11982 76245 76246
11983 76248 76249 76250 76251 76252 76253 76254 76255 76256
11984 76258 76259 76260 76261
11985 76263
11986 76265 76266 76267 76268 76269 76270 76271 76272
11987 76274 76275 76276 76277 76278 76279
11988 76281 76282 76283 76284 76285
11989 76287 76288 76289 76290 76291 76292 76293 76294 76295
11992 76297 76298 76299 76300 76301 76302 76303 76304 76305
11993 76307 76308 76309 76310 76311 76312
11994 76314 76315
11995 76317
11996 76319 76320 76321 76322 76323 76324 76325 76326 76327
11997 76329 76330 76331 76332 76333 76334 76335 76336 76337
11998 76339 76340 76341 76342 76343 76344
11999 76346
12001 76348
12002 76350 76351 76352 76353 76354 76355 76356 76357 76358
12003 76360
12005 76362 76363 76364 76365 76366 76367 76368 76369 76370
12006 76372 76373 76374 76375 76376 76377 76378 76379 76380
12008 76382
12010 76384 76385 76386
12011 76388 76389 76390
12013 76392 76393 76394 76395 76396 76397 76398 76399 76400
12014 76402 76403 76404 76405 76406 76407 76408 76409 76410
12015 76412 76413 76414 76415 76416 76417 76418 76419
12016 76421 76422
12017 76424 76425
12018 76427 76428 76429 76430
12020 76432 76433 76434 76435 76436 76437 76438 76439 76440
12021 76442 76443 76444 76445 76446 76447 76448 76449 76450
12022 76452 76453
12023 76455
12024 76457 76458 76459 76460
12025 76462 76463 76464
12026 76466 76467 76468 76469
12029 76471 76472 76473 76474 76475
12031 76477 76478 76479 76480 76481 76482 76483 76484
12032 76486 76487 76488 76489 76490
12033 76492 76493 76494 76495 76496 76497 76498 76499 76500
12034 76502 76503 76504 76505 76506
12036 76508 76509 76510
12037 76512 76513
12038 76515
12039 76517 76518 76519 76520 76521 76522 76523 76524 76525
12040 76527 76528
12041 76530 76531 76532 76533 76534 76535
12042 76537 76538 76539
12043 76541 76542 76543 76544 76545 76546 76547 76548 76549
12045 76551
12046 76553 76554 76555 76556 76557
12048 76559 76560 76561 76562 76563
12049 76565 76566 76567
12050 76569 76570 76571 76572
12051 76574 76575 76576 76577 76578 76579 76580
12052 76582 76583 76584
12054 76586 76587 76588 76589 76590 76591 76592 76593 76594
12057 76596 76597 76598 76599
12058 76601 76602 76603 76604 76605 76606 76607 76608 76609
12059 76611 76612 76613
12060 76615
12061 76617 76618 76619
12062 76621 76622 76623
12063 76625 76626 76627
12064 76629 76630 76631 76632 76633 76634
12068 76636
12069 76638 76639 76640
12071 76642 76643
12072 76645
12073 76647 76648 76649 76650 76651 76652 76653 76654
12074 76656 76657 76658 76659 76660 76661 76662 76663 76664
12075 76666
12076 76668 76669 76670 76671 76672 76673 76674 76675 76676
12077 76678 76679 76680 76681 76682 76683 76684 76685 76686
12078 76688 76689 76690 76691 76692 76693 76694
12079 76696 76697 76698 76699 76700 76701 76702
12080 76704 76705 76706 76707 76708 76709 76710 76711 76712
12081 76714 76715 76716 76717 76718 76719
12082 76721 76722 76723 76724 76725 76726
12084 76728 76729 76730 76731 76732 76733 76734 76735 76736
12085 76738 76739 76740 76741 76742 76743 76744 76745 76746
12086 76748 76749 76750 76751 76752 76753 76754
12088 76756 76757
12089 76759 76760 76761 76762 76763 76764 76765 76766 76767
12091 76769 76770 76771 76772 76773 76774 76775 76776 76777
12092 76779 76780 76781 76782 76783 76784 76785
12093 76787 76788 76789 76790 76791 76792 76793
12097 76795 76796 76797 76798 76799 76800 76801 76802 76803
12098 76805 76806 76807 76808 76809 76810 76811 76812
12099 76814 76815 76816 76817 76818 76819 76820 76821 76822
12100 76824 76825 76826
12101 76828 76829
12102 76831
12103 76833 76834 76835 76836 76837 76838 76839 76840 76841
12104 76843 76844 76845 76846 76847 76848 76849 76850 76851
12105 76853 76854 76855 76856 76857
12107 76859 76860 76861 76862
12108 76864
12109 76866 76867 76868 76869 76870 76871 76872 76873 76874
12110 76876
12112 76878
12113 76880 76881
12115 76883 76884 76885 76886 76887 76888 76889 76890 76891
12116 76893 76894
12117 76896 76897
12118 76899 76900 76901 76902 76903 76904 76905 76906 76907
12119 76909 76910 76911 76912 76913 76914 76915 76916 76917
12121 76919 76920 76921 76922 76923 76924 76925 76926 76927
12122 76929
12123 76931 76932 76933
12124 76935 76936 76937 76938 76939 76940 76941 76942 76943
12125 76945 76946 76947
12126 76949 76950 76951
12128 76953 76954 76955 76956 76957 76958 76959
12129 76961 76962 76963 76964 76965 76966 76967 76968 76969
12131 76971 76972
12132 76974 76975 76976 76977 76978 76979 76980 76981 76982
12133 76984 76985
12134 76987 76988
12136 76990 76991 76992 76993 76994 76995 76996 76997 76998
12137 77000 77001 77002 77003
12138 77005
12139 77007 77008 77009 77010 77011 77012 77013 77014 77015
12140 77017 77018
12142 77020 77021 77022 77023 77024 77025
12143 77027 77028 77029 77030 77031 77032 77033 77034 77035
12144 77037 77038 77039 77040
12146 77042 77043
12147 77045 77046
12148 77048
12149 77050 77051
12152 77053 77054
12153 77056 77057 77058 77059 77060 77061 77062 77063 77064
12157 77066 77067 77068 77069 77070 77071 77072 77073 77074
12159 77076
12160 77078 77079 77080
12162 77082
12163 77084 77085 77086 77087 77088 77089 77090
12164 77092 77093 77094 77095 77096 77097 77098 77099 77100
12166 77102 77103 77104 77105 77106
12169 77108 77109 77110 77111 77112 77113 77114
12170 77116 77117 77118 77119 77120 77121 77122 77123 77124
12171 77126 77127 77128 77129 77130
12172 77132 77133 77134 77135
12173 77137 77138 77139 77140 77141
12174 77143 77144 77145 77146
12175 77148 77149 77150
12176 77152 77153 77154 77155 77156 77157 77158 77159 77160
12178 77162 77163 77164 77165 77166
12181 77168 77169 77170 77171 77172 77173 77174 77175 77176
12182 77178
12184 77180 77181
12185 77183 77184 77185 77186
12186 77188 77189 77190 77191 77192 77193 77194 77195
12187 77197 77198 77199 77200
12188 77202 77203 77204 77205 77206
12189 77208 77209
12190 77211
12191 77213 77214 77215
12193 77217 77218 77219
12194 77221
12195 77223 77224 77225 77226 77227
12196 77229 77230 77231 77232 77233 77234 77235 77236 77237
12197 77239 77240 77241 77242 77243 77244 77245 77246
12198 77248
12200 77250 77251
12201 77253 77254 77255 77256 77257 77258 77259
12202 77261 77262
12203 77264 77265 77266 77267 77268 77269 77270 77271 77272
12204 77274 77275 77276 77277 77278 77279 77280 77281 77282
12205 77284 77285
12206 77287
12207 77289 77290 77291 77292 77293 77294 77295 77296 77297
12208 77299
12210 77301
12211 77303
12213 77305 77306 77307 77308 77309 77310
12214 77312 77313 77314 77315 77316 77317 77318 77319 77320
12215 77322 77323 77324 77325 77326 77327 77328 77329
12217 77331 77332 77333 77334 77335 77336 77337 77338
12218 77340 77341 77342 77343 77344 77345 77346 77347 77348
12219 77350 77351 77352 77353 77354 77355 77356 77357 77358
12220 77360
12221 77362 77363 77364 77365 77366 77367 77368 77369 77370
12222 77372 77373 77374
12223 77376 77377 77378 77379 77380 77381 77382 77383 77384
12224 77386 77387 77388 77389 77390
12226 77392 77393
12227 77395 77396
12228 77398 77399 77400 77401 77402 77403 77404
12229 77406 77407 77408 77409 77410 77411 77412 77413 77414
12230 77416 77417 77418 77419 77420
12231 77422 77423
12232 77425
12234 77427 77428 77429
12235 77431 77432 77433 77434 77435 77436 77437 77438 77439
12236 77441 77442 77443 77444 77445 77446 77447 77448 77449
12237 77451 77452 77453 77454 77455 77456 77457 77458 77459
12238 77461 77462 77463 77464 77465 77466 77467
12239 77469 77470 77471 77472 77473 77474 77475 77476
12240 77478 77479
12244 77481 77482 77483 77484 77485 77486 77487 77488 77489
12245 77491 77492 77493
12246 77495
12247 77497 77498 77499 77500 77501 77502 77503 77504 77505
12252 77507 77508 77509 77510 77511 77512 77513 77514 77515
12255 77517 77518 77519
12256 77521 77522 77523 77524 77525 77526 77527 77528 77529
12257 77531 77532 77533
12258 77535
12260 77537 77538 77539 77540
12261 77542 77543 77544 77545 77546 77547 77548
12262 77550 77551 77552 77553 77554
12263 77556 77557 77558 77559 77560
12266 77562 77563 77564 77565 77566 77567
12269 77569 77570 77571 77572 77573 77574 77575 77576 77577
12272 77579 77580
12273 77582
12274 77584
12275 77586 77587
12276 77589 77590
12277 77592
12280 77594 77595 77596 77597 77598 77599 77600
12281 77602 77603 77604 77605 77606 77607 77608 77609 77610
12282 77612 77613 77614 77615 77616
12283 77618 77619 77620 77621 77622
12285 77624
12286 77626 77627 77628 77629 77630
12287 77632 77633 77634 77635
12288 77637
12289 77639 77640 77641 77642 77643 77644 77645 77646 77647
12290 77649 77650 77651 77652 77653 77654 77655 77656 77657
12291 77659 77660 77661 77662 77663
12292 77665 77666 77667 77668 77669 77670
12293 77672 77673 77674
12294 77676 77677 77678 77679 77680 77681 77682 77683 77684
12295 77686
12296 77688 77689
12297 77691 77692 77693 77694 77695 77696 77697 77698 77699
12300 77701
12301 77703 77704 77705 77706 77707 77708 77709 77710 77711
12304 77713 77714 77715 77716 77717
12305 77719 77720 77721 77722 77723 77724 77725 77726 77727
12306 77729 77730 77731 77732 77733 77734 77735 77736 77737
12307 77739 77740 77741 77742 77743 77744 77745 77746 77747
12308 77749 77750 77751 77752 77753 77754 77755 77756 77757
12310 77759
12311 77761 77762 77763 77764 77765 77766 77767 77768 77769
12312 77771
12313 77773
12314 77775 77776 77777 77778 77779
12315 77781 77782 77783
12317 77785 77786 77787 77788 77789 77790 77791 77792 77793
12318 77795
12319 77797 77798 77799
12320 77801 77802 77803 77804
12322 77806 77807
12323 77809 77810 77811 77812 77813 77814 77815
12324 77817 77818
12325 77820 77821 77822 77823
12326 77825 77826 77827 77828 77829 77830 77831 77832 77833
12327 77835 77836 77837 77838
12328 77840
12330 77842 77843
12331 77845 77846 77847 77848 77849 77850 77851 77852
12334 77854 77855
12335 77857 77858 77859 77860 77861 77862 77863 77864 77865
12336 77867 77868 77869 77870 77871 77872 77873 77874
12337 77876
12338 77878
12339 77880
12340 77882 77883 77884 77885 77886
12342 77888 77889 77890 77891 77892 77893
12343 77895 77896 77897 77898 77899 77900 77901 77902 77903
12345 77905 77906 77907 77908 77909 77910 77911 77912 77913
12346 77915
12348 77917
12349 77919 77920 77921 77922
12350 77924 77925 77926 77927 77928 77929 77930 77931
12351 77933 77934
12352 77936 77937 77938 77939 77940 77941 77942 77943
12354 77945
12355 77947 77948 77949 77950 77951 77952 77953 77954 77955
12356 77957
12357 77959 77960 77961 77962 77963 77964 77965 77966 77967
12360 77969 77970 77971 77972
12363 77974 77975 77976 77977 77978 77979 77980 77981
12364 77983 77984 77985
12365 77987
12366 77989
12367 77991 77992 77993 77994 77995 77996 77997 77998
12368 78000 78001 78002 78003 78004 78005 78006 78007 78008
12371 78010 78011 78012 78013 78014 78015 78016 78017 78018
12372 78020 78021 78022 78023 78024 78025 78026 78027 78028
12373 78030 78031 78032 78033 78034 78035 78036
12374 78038 78039 78040 78041 78042 78043 78044 78045 78046
12375 78048 78049 78050
12377 78052 78053 78054 78055 78056 78057 78058
12379 78060 78061 78062 78063
12380 78065 78066 78067
12381 78069 78070 78071
12383 78073
12386 78075 78076 78077 78078 78079 78080 78081 78082 78083
12387 78085
12390 78087
12391 78089 78090 78091 78092 78093 78094 78095 78096 78097
12392 78099 78100 78101
12393 78103 78104 78105
12394 78107
12396 78109 78110
12398 78112 78113 78114 78115 78116 78117 78118 78119 78120
12399 78122
12400 78124 78125 78126 78127 78128
12401 78130 78131 78132 78133 78134 78135 78136 78137 78138
12402 78140 78141 78142 78143
12403 78145
12405 78147 78148 78149 78150 78151 78152 78153 78154 78155
12406 78157 78158
12407 78160 78161
12409 78163 78164 78165 78166 78167 78168 78169
12410 78171 78172 78173 78174 78175 78176 78177 78178
12412 78180
12414 78182 78183 78184 78185 78186 78187 78188 78189 78190
12415 78192 78193 78194 78195 78196 78197 78198 78199
12416 78201 78202 78203 78204 78205 78206 78207 78208 78209
12417 78211
12418 78213 78214 78215 78216 78217 78218 78219 78220 78221
12419 78223 78224 78225 78226
12421 78228 78229 78230 78231 78232 78233 78234 78235 78236
12423 78238 78239 78240 78241 78242 78243 78244 78245
12424 78247 78248 78249
12425 78251 78252 78253 78254 78255 78256 78257 78258 78259
12426 78261 78262 78263 78264 78265 78266 78267 78268
12428 78270 78271 78272 78273 78274 78275 78276 78277 78278
12429 78280 78281 78282 78283 78284
12430 78286 78287 78288 78289 78290 78291 78292 78293 78294
12431 78296 78297 78298 78299 78300 78301 78302 78303 78304
12432 78306 78307
12434 78309
12436 78311 78312 78313 78314 78315
12437 78317 78318
12439 78320 78321 78322 78323 78324 78325 78326 78327 78328
12440 78330 78331 78332 78333 78334 78335 78336
12441 78338 78339
12443 78341 78342 78343 78344 78345
12445 78347 78348 78349
12446 78351 78352 78353 78354 78355 78356 78357 78358 78359
12447 78361 78362 78363 78364
12448 78366 78367 78368 78369 78370 78371 78372 78373 78374
12450 78376 78377 78378 78379 78380 78381
12452 78383
12453 78385 78386 78387 78388 78389 78390 78391 78392 78393
12454 78395 78396 78397 78398 78399 78400 78401 78402 78403
12455 78405 78406 78407 78408 78409 78410 78411 78412 78413
12456 78415
12457 78417 78418 78419
12458 78421 78422 78423
12459 78425
12460 78427 78428 78429 78430
12461 78432 78433
12463 78435 78436 78437 78438 78439 78440 78441 78442 78443
12464 78445
12465 78447 78448 78449
12466 78451 78452 78453
12467 78455 78456 78457 78458 78459 78460 78461 78462 78463
12468 78465 78466 78467 78468
12469 78470 78471 78472 78473 78474 78475 78476 78477 78478
12470 78480 78481 78482 78483 78484 78485 78486 78487
12471 78489 78490 78491
12472 78493 78494
12473 78496 78497 78498 78499
12474 78501 78502 78503
12476 78505 78506 78507 78508 78509 78510 78511 78512 78513
12477 78515
12482 78517 78518 78519 78520 78521 78522 78523 78524 78525
12483 78527 78528 78529 78530 78531
12484 78533 78534 78535 78536 78537 78538 78539 78540 78541
12487 78543 78544 78545 78546
12488 78548 78549 78550
12489 78552 78553
12490 78555 78556 78557
12491 78559 78560
12492 78562 78563 78564 78565 78566 78567 78568 78569 78570
12493 78572 78573 78574 78575 78576 78577 78578 78579 78580
12494 78582 78583 78584 78585
12495 78587 78588 78589 78590 78591 78592 78593
12496 78595 78596 78597 78598 78599 78600 78601 78602 78603
12497 78605 78606 78607 78608
12498 78610 78611 78612 78613 78614 78615 78616 78617
12499 78619 78620 78621 78622 78623 78624 78625 78626 78627
12500 78629 78630 78631 78632 78633 78634 78635 78636 78637
12501 78639 78640
12502 78642 78643 78644 78645 78646
12503 78648 78649 78650 78651 78652 78653 78654 78655 78656
12504 78658 78659 78660
12505 78662
12506 78664 78665 78666 78667 78668 78669 78670 78671 78672
12507 78674
12508 78676
12509 78678 78679 78680 78681 78682 78683 78684 78685 78686
12510 78688
12512 78690 78691 78692
12513 78694 78695 78696 78697 78698
12514 78700 78701 78702 78703 78704 78705 78706
12515 78708
12516 78710 78711
12518 78713 78714
12520 78716 78717 78718 78719
12522 78721 78722
12524 78724
12525 78726 78727 78728 78729 78730 78731 78732 78733 78734
12526 78736 78737 78738 78739 78740 78741 78742 78743 78744
12527 78746 78747 78748 78749 78750
12528 78752 78753 78754 78755 78756 78757 78758 78759 78760
12529 78762
12530 78764 78765 78766 78767 78768 78769 78770 78771
12531 78773
12532 78775
12533 78777 78778 78779 78780
12534 78782 78783 78784
12535 78786
12536 78788 78789 78790 78791 78792 78793
12537 78795
12538 78797 78798 78799
12539 78801 78802 78803 78804 78805 78806 78807 78808 78809
12540 78811 78812 78813 78814 78815
12541 78817 78818 78819 78820 78821 78822
12543 78824 78825 78826 78827 78828 78829 78830 78831 78832
12544 78834 78835 78836 78837 78838 78839 78840 78841 78842
12545 78844 78845 78846 78847 78848 78849 78850 78851 78852
12546 78854
12548 78856 78857
12550 78859
12551 78861 78862 78863 78864
12552 78866 78867 78868 78869 78870 78871 78872 78873
12556 78875 78876 78877 78878 78879 78880 78881 78882 78883
12557 78885 78886 78887 78888 78889 78890 78891 78892 78893
12558 78895 78896 78897
12559 78899
12560 78901
12561 78903
12563 78905 78906 78907 78908 78909 78910
12564 78912 78913 78914 78915 78916 78917
12565 78919 78920 78921 78922 78923 78924 78925
12566 78927 78928 78929
12567 78931 78932 78933 78934
12568 78936 78937 78938 78939 78940 78941 78942 78943 78944
12569 78946 78947 78948 78949 78950 78951 78952 78953 78954
12570 78956 78957 78958 78959 78960 78961 78962 78963 78964
12572 78966 78967 78968 78969 78970 78971 78972 78973 78974
12574 78976 78977 78978 78979 78980 78981 78982 78983 78984
12575 78986 78987 78988 78989 78990 78991
12576 78993
12577 78995
12579 78997 78998 78999 79000
12580 79002
12581 79004 79005
12582 79007 79008 79009 79010 79011
12584 79013
12585 79015 79016 79017 79018
12586 79020 79021 79022 79023 79024 79025 79026 79027
12587 79029 79030 79031 79032 79033 79034 79035 79036 79037
12588 79039
12591 79041 79042 79043 79044 79045 79046 79047 79048 79049
12592 79051 79052 79053 79054
12593 79056 79057 79058 79059 79060
12594 79062 79063 79064
12595 79066 79067 79068 79069 79070 79071 79072 79073 79074
12597 79076 79077 79078 79079 79080 79081 79082 79083 79084
12598 79086 79087 79088 79089
12599 79091 79092 79093 79094 79095 79096 79097 79098 79099
12600 79101 79102 79103
12601 79105 79106 79107 79108 79109 79110 79111 79112 79113
12602 79115 79116 79117 79118 79119
12603 79121
12604 79123 79124 79125 79126 79127 79128 79129 79130 79131
12606 79133 79134 79135
12608 79137 79138 79139 79140 79141 79142 79143 79144 79145
12609 79147 79148 79149 79150 79151 79152
12611 79154 79155
12613 79157
12614 79159 79160
12615 79162 79163 79164 79165 79166 79167 79168 79169 79170
12616 79172 79173 79174 79175 79176 79177 79178 79179 79180
12618 79182 79183 79184
12619 79186 79187 79188 79189 79190 79191 79192 79193 79194
12620 79196 79197 79198 79199 79200 79201 79202 79203 79204
12621 79206 79207 79208 79209 79210 79211 79212 79213 79214
12622 79216
12624 79218 79219 79220
12625 79222 79223
12626 79225
12627 79227 79228 79229 79230 79231 79232 79233 79234 79235
12628 79237 79238 79239 79240
12629 79242 79243 79244 79245 79246 79247
12631 79249 79250
12632 79252 79253 79254 79255
12633 79257 79258
12634 79260 79261 79262 79263 79264 79265
12635 79267 79268 79269 79270 79271 79272 79273 79274 79275
12637 79277 79278 79279 79280 79281 79282 79283 79284 79285
12638 79287 79288 79289 79290 79291 79292
12639 79294 79295 79296 79297 79298 79299
12641 79301 79302 79303 79304 79305
12642 79307 79308 79309 79310 79311 79312 79313 79314
12644 79316 79317 79318
12646 79320 79321 79322 79323 79324 79325
12647 79327 79328 79329 79330 79331 79332 79333 79334 79335
12648 79337
12649 79339 79340
12650 79342 79343 79344 79345 79346 79347 79348 79349
12652 79351 79352 79353 79354
12653 79356 79357 79358 79359 79360 79361 79362 79363 79364
12654 79366 79367 79368 79369 79370 79371 79372 79373 79374
12655 79376 79377 79378 79379 79380 79381
12656 79383 79384 79385
12657 79387 79388 79389
12658 79391 79392 79393 79394 79395 79396 79397 79398 79399
12659 79401 79402 79403 79404 79405
12661 79407 79408 79409 79410 79411 79412 79413 79414
12662 79416 79417 79418 79419 79420 79421 79422 79423 79424
12664 79426 79427 79428 79429 79430 79431 79432 79433 79434
12665 79436 79437 79438 79439
12666 79441
12668 79443 79444
12669 79446 79447 79448
12670 79450 79451 79452 79453 79454 79455 79456 79457 79458
12671 79460 79461 79462
12672 79464
12673 79466 79467 79468 79469 79470 79471
12674 79473 79474 79475 79476 79477 79478 79479 79480 79481
12675 79483 79484
12676 79486 79487 79488 79489 79490 79491 79492 79493 79494
12677 79496 79497 79498 79499 79500
12678 79502 79503 79504 79505
12679 79507 79508 79509 79510 79511
12681 79513 79514 79515 79516
12682 79518 79519
12683 79521 79522 79523 79524
12685 79526 79527 79528 79529
12686 79531 79532 79533 79534 79535 79536 79537 79538 79539
12687 79541 79542 79543 79544 79545 79546 79547
12688 79549 79550 79551 79552
12689 79554 79555 79556
12691 79558 79559 79560 79561 79562
12692 79564 79565 79566 79567 79568
12693 79570 79571 79572 79573 79574 79575 79576
12694 79578 79579 79580
12695 79582 79583 79584 79585 79586 79587 79588
12697 79590 79591 79592 79593 79594 79595 79596 79597 79598
12699 79600
12700 79602 79603 79604 79605 79606
12701 79608 79609 79610 79611
12702 79613 79614 79615 79616 79617 79618 79619 79620 79621
12703 79623 79624 79625
12704 79627
12705 79629 79630 79631 79632 79633
12706 79635 79636 79637 79638 79639 79640 79641 79642 79643
12707 79645 79646 79647 79648 79649
12709 79651
12711 79653 79654 79655
12713 79657 79658 79659 79660
12714 79662 79663
12715 79665
12717 79667 79668 79669
12718 79671 79672 79673 79674
12719 79676 79677 79678 79679 79680 79681 79682 79683 79684
12722 79686 79687 79688 79689 79690 79691 79692 79693 79694
12723 79696 79697
12724 79699 79700 79701 79702 79703 79704
12725 79706 79707 79708 79709 79710
12726 79712 79713 79714 79715 79716 79717 79718 79719 79720
12727 79722 79723 79724 79725 79726 79727 79728 79729 79730
12728 79732 79733 79734 79735
12730 79737 79738 79739 79740 79741 79742 79743
12731 79745 79746 79747 79748
12732 79750 79751
12734 79753
12736 79755 79756 79757 79758 79759 79760 79761 79762 79763
12737 79765
12738 79767 79768 79769 79770 79771 79772 79773 79774 79775
12739 79777
12740 79779 79780 79781 79782 79783 79784 79785 79786
12741 79788 79789 79790 79791 79792 79793 79794 79795 79796
12742 79798
12743 79800 79801 79802 79803 79804 79805 79806 79807 79808
12744 79810
12745 79812 79813 79814
12747 79816
12748 79818 79819 79820
12749 79822 79823 79824
12750 79826 79827 79828
12751 79830 79831 79832 79833 79834 79835 79836
12753 79838 79839
12754 79841
12755 79843
12757 79845 79846
12758 79848 79849 79850 79851 79852 79853 79854 79855 79856
12759 79858
12760 79860 79861
12761 79863 79864 79865 79866 79867
12762 79869 79870 79871 79872 79873 79874
12763 79876 79877 79878 79879 79880 79881 79882 79883 79884
12764 79886 79887
12765 79889
12766 79891 79892 79893 79894 79895 79896 79897 79898 79899
12767 79901 79902 79903 79904 79905 79906 79907 79908 79909
12768 79911 79912 79913 79914 79915 79916 79917 79918 79919
12770 79921 79922 79923 79924 79925 79926 79927
12771 79929 79930 79931
12772 79933 79934 79935 79936 79937 79938 79939 79940 79941
12774 79943 79944 79945 79946 79947 79948 79949 79950 79951
12776 79953 79954 79955 79956 79957 79958 79959 79960
12777 79962 79963 79964
12778 79966
12779 79968
12780 79970
12781 79972 79973 79974 79975 79976 79977
12782 79979
12783 79981 79982 79983 79984 79985 79986
12784 79988 79989 79990 79991 79992 79993 79994 79995 79996
12787 79998
12788 80000 80001 80002 80003 80004 80005 80006 80007 80008
12789 80010 80011 80012 80013 80014 80015 80016
12790 80018 80019 80020 80021 80022 80023 80024 80025 80026
12791 80028
12792 80030 80031 80032 80033 80034 80035 80036
12793 80038 80039 80040 80041 80042 80043 80044 80045
12794 80047 80048 80049 80050 80051 80052 80053
12795 80055 80056 80057 80058 80059 80060 80061 80062 80063
12796 80065 80066
12797 80068 80069 80070 80071
12798 80073 80074 80075
12799 80077 80078
12800 80080 80081 80082 80083 80084 80085
12803 80087 80088 80089
12805 80091 80092 80093 80094 80095
12806 80097 80098 80099 80100 80101 80102 80103 80104 80105
12807 80107 80108 80109
12809 80111 80112 80113 80114 80115 80116 80117 80118
12810 80120
12811 80122 80123 80124
12812 80126 80127 80128
12814 80130 80131
12816 80133 80134 80135 80136 80137 80138
12817 80140 80141
12818 80143 80144 80145 80146 80147 80148 80149 80150 80151
12819 80153 80154 80155 80156 80157 80158 80159
12820 80161 80162 80163 80164 80165 80166 80167 80168 80169
12821 80171 80172
12822 80174 80175 80176 80177
12824 80179 80180 80181 80182 80183 80184 80185 80186 80187
12825 80189 80190 80191 80192 80193 80194 80195
12826 80197 80198 80199 80200 80201 80202 80203 80204 80205
12828 80207 80208
12830 80210 80211 80212 80213 80214 80215 80216 80217 80218
12831 80220 80221 80222 80223 80224 80225 80226 80227 80228
12832 80230 80231 80232 80233 80234 80235 80236
12834 80238 80239 80240 80241 80242 80243 80244 80245 80246
12835 80248 80249 80250 80251 80252 80253 80254 80255
12836 80257 80258
12838 80260 80261 80262 80263 80264 80265 80266 80267
12839 80269 80270 80271 80272 80273
12840 80275 80276 80277 80278 80279 80280 80281
12841 80283 80284 80285 80286 80287 80288
12842 80290 80291 80292 80293 80294 80295 80296 80297 80298
12843 80300
12844 80302 80303 80304 80305 80306 80307 80308 80309 80310
12845 80312 80313 80314 80315 80316 80317 80318 80319 80320
12846 80322 80323 80324 80325 80326 80327 80328 80329 80330
12847 80332
12848 80334 80335 80336 80337 80338 80339 80340 80341 80342
12849 80344 80345
12855 80347 80348 80349 80350
12856 80352 80353 80354 80355
12857 80357 80358 80359 80360 80361 80362
12858 80364 80365 80366 80367 80368 80369
12861 80371 80372
12862 80374 80375 80376 80377 80378 80379 80380 80381 80382
12863 80384 80385 80386 80387 80388 80389 80390 80391 80392
12864 80394 80395 80396 80397 80398 80399 80400 80401 80402
12865 80404 80405 80406 80407 80408 80409 80410
12866 80412 80413 80414
12867 80416
12868 80418 80419 80420 80421 80422 80423 80424 80425 80426
12869 80428 80429 80430 80431 80432 80433
12871 80435 80436 80437 80438 80439 80440 80441 80442 80443
12872 80445 80446 80447 80448
12873 80450 80451 80452 80453
12874 80455 80456 80457 80458 80459 80460 80461 80462
12875 80464
12876 80466 80467 80468
12877 80470 80471 80472 80473 80474 80475 80476 80477 80478
12878 80480
12880 80482 80483 80484 80485 80486 80487 80488 80489 80490
12881 80492 80493 80494 80495 80496
12882 80498 80499 80500 80501
12884 80503 80504 80505 80506 80507 80508
12885 80510 80511 80512 80513 80514 80515 80516 80517 80518
12887 80520 80521 80522 80523 80524 80525 80526
12888 80528 80529 80530
12891 80532 80533 80534 80535 80536 80537 80538 80539 80540
12893 80542 80543 80544 80545 80546 80547 80548 80549 80550
12894 80552 80553 80554
12895 80556 80557
12897 80559 80560 80561 80562 80563
12899 80565 80566 80567 80568 80569
12900 80571 80572 80573
12901 80575 80576 80577 80578 80579 80580 80581 80582 80583
12902 80585
12903 80587 80588 80589 80590
12904 80592
12905 80594 80595 80596
12906 80598 80599 80600 80601 80602 80603 80604 80605 80606
12908 80608
12909 80610
12910 80612 80613 80614 80615 80616 80617
12911 80619
12912 80621 80622 80623 80624 80625 80626 80627 80628 80629
12915 80631 80632 80633 80634 80635 80636 80637
12916 80639
12917 80641 80642 80643 80644
12918 80646 80647 80648 80649
12919 80651 80652
12920 80654 80655
12921 80657
12922 80659 80660 80661 80662 80663 80664 80665 80666 80667
12923 80669 80670 80671
12924 80673
12925 80675 80676 80677 80678 80679 80680 80681 80682
12927 80684 80685 80686 80687 80688 80689 80690 80691 80692
12928 80694
12930 80696 80697 80698 80699 80700 80701 80702 80703
12932 80705 80706 80707 80708 80709 80710 80711 80712 80713
12933 80715 80716 80717 80718 80719 80720 80721 80722 80723
12935 80725 80726 80727 80728 80729 80730 80731 80732
12936 80734 80735 80736
12937 80738 80739 80740
12938 80742 80743 80744
12939 80746 80747 80748 80749 80750
12940 80752
12942 80754 80755 80756 80757
12943 80759
12944 80761 80762
12946 80764 80765
12947 80767 80768 80769 80770 80771
12949 80773 80774 80775 80776 80777 80778 80779
12952 80781 80782 80783 80784 80785 80786
12954 80788 80789 80790 80791 80792 80793 80794 80795 80796
12955 80798 80799 80800 80801 80802 80803 80804 80805 80806
12956 80808
12957 80810 80811 80812 80813 80814 80815 80816 80817 80818
12958 80820 80821 80822 80823 80824 80825 80826 80827 80828
12959 80830 80831 80832 80833 80834 80835 80836 80837 80838
12960 80840 80841 80842 80843 80844 80845 80846 80847 80848
12962 80850 80851 80852 80853 80854 80855 80856 80857 80858
12963 80860 80861 80862 80863 80864 80865 80866 80867 80868
12964 80870 80871
12965 80873 80874 80875 80876 80877 80878 80879 80880 80881
12966 80883
12967 80885 80886 80887
12968 80889
12969 80891 80892 80893 80894
12970 80896 80897 80898 80899 80900 80901 80902 80903 80904
12971 80906
12972 80908
12973 80910 80911
12975 80913 80914 80915 80916 80917 80918
12976 80920 80921 80922 80923 80924 80925 80926 80927 80928
12977 80930 80931 80932 80933 80934 80935 80936 80937 80938
12978 80940 80941 80942 80943 80944 80945 80946 80947
12979 80949 80950 80951 80952 80953 80954 80955 80956
12980 80958
12981 80960 80961 80962 80963 80964 80965 80966 80967 80968
12982 80970 80971 80972 80973
12983 80975 80976
12985 80978 80979 80980
12986 80982 80983
12988 80985 80986 80987 80988 80989
12989 80991
12990 80993
12991 80995 80996 80997 80998 80999
12992 81001 81002 81003 81004 81005 81006 81007 81008 81009
12995 81011 81012 81013 81014 81015 81016 81017 81018 81019
12996 81021 81022 81023 81024
12997 81026
12999 81028 81029 81030 81031 81032 81033 81034 81035 81036
13000 81038 81039 81040 81041
13001 81043 81044
13002 81046 81047 81048 81049 81050 81051 81052 81053 81054
13003 81056 81057 81058 81059 81060 81061
13004 81063 81064 81065 81066 81067 81068 81069 81070 81071
13005 81073 81074 81075 81076 81077 81078 81079 81080 81081
13006 81083
13008 81085 81086 81087
13009 81089 81090 81091 81092 81093 81094 81095 81096 81097
13011 81099 81100 81101 81102 81103 81104 81105 81106 81107
13012 81109
13013 81111 81112 81113 81114 81115 81116 81117 81118 81119
13017 81121
13018 81123 81124 81125 81126 81127 81128 81129 81130 81131
13019 81133 81134 81135 81136 81137
13020 81139 81140 81141
13022 81143 81144 81145 81146
13024 81148 81149 81150 81151 81152 81153 81154 81155 81156
13025 81158 81159
13028 81161 81162
13029 81164 81165 81166 81167 81168 81169 81170 81171 81172
13030 81174
13031 81176 81177 81178 81179 81180 81181 81182 81183 81184
13032 81186 81187 81188 81189 81190 81191 81192 81193
13033 81195 81196 81197 81198 81199 81200 81201 81202 81203
13034 81205 81206
13036 81208 81209 81210 81211 81212 81213 81214 81215 81216
13037 81218 81219
13038 81221 81222
13040 81224
13041 81226 81227 81228 81229 81230 81231 81232 81233 81234
13042 81236
13043 81238 81239 81240 81241
13044 81243 81244
13045 81246
13046 81248 81249 81250 81251 81252 81253 81254 81255 81256
13047 81258 81259 81260 81261 81262 81263
13049 81265
13052 81267 81268 81269 81270
13053 81272 81273 81274 81275 81276 81277
13056 81279
13057 81281 81282 81283 81284 81285 81286 81287 81288 81289
13060 81291 81292 81293 81294 81295
13061 81297 81298 81299 81300 81301
13062 81303 81304 81305 81306 81307 81308 81309 81310 81311
13065 81313 81314
13066 81316
13069 81318 81319 81320 81321 81322 81323 81324 81325 81326
13070 81328 81329 81330 81331 81332 81333 81334
13071 81336 81337 81338 81339 81340 81341 81342 81343 81344
13072 81346 81347 81348 81349 81350 81351 81352 81353 81354
13074 81356 81357 81358 81359
13075 81361 81362 81363 81364 81365 81366 81367 81368 81369
13076 81371 81372 81373 81374 81375 81376 81377 81378 81379
13077 81381
13078 81383
13079 81385 81386 81387 81388 81389 81390 81391 81392 81393
13081 81395 81396 81397 81398 81399 81400 81401
13086 81403 81404 81405 81406 81407 81408 81409 81410
13087 81412
13089 81414
13090 81416 81417 81418 81419 81420 81421 81422 81423 81424
13093 81426 81427 81428 81429 81430 81431 81432
13094 81434 81435 81436
13095 81438 81439
13096 81441 81442
13097 81444
13098 81446
13099 81448
13100 81450
13101 81452 81453 81454 81455 81456 81457
13102 81459 81460
13103 81462 81463 81464 81465 81466 81467 81468 81469 81470
13104 81472 81473 81474 81475 81476 81477 81478 81479 81480
13106 81482 81483 81484 81485 81486 81487 81488 81489 81490
13107 81492 81493 81494 81495 81496 81497 81498 81499 81500
13108 81502 81503 81504 81505 81506
13109 81508 81509
13111 81511 81512
13112 81514 81515
13113 81517 81518 81519 81520 81521 81522 81523 81524 81525
13114 81527 81528 81529
13115 81531 81532 81533 81534
13116 81536 81537 81538
13117 81540 81541 81542 81543 81544 81545 81546 81547 81548
13119 81550
13120 81552 81553
13121 81555 81556 81557 81558 81559 81560 81561 81562 81563
13122 81565 81566 81567
13123 81569 81570 81571 81572 81573 81574 81575 81576 81577
13125 81579 81580 81581 81582 81583 81584 81585 81586
13126 81588 81589 81590 81591
13127 81593 81594
13128 81596 81597 81598
13130 81600 81601
13131 81603
13132 81605
13135 81607 81608 81609 81610 81611 81612
13136 81614 81615 81616
13137 81618 81619 81620 81621 81622 81623 81624
13138 81626
13139 81628 81629 81630 81631 81632 81633 81634 81635 81636
13140 81638 81639 81640 81641
13141 81643 81644 81645 81646
13144 81648 81649 81650 81651 81652 81653 81654 81655 81656
13146 81658 81659 81660 81661 81662 81663 81664 81665
13147 81667 81668 81669 81670 81671 81672 81673 81674 81675
13149 81677 81678 81679 81680
13150 81682 81683 81684 81685 81686 81687 81688 81689
13151 81691 81692 81693 81694 81695 81696 81697 81698 81699
13152 81701 81702
13153 81704 81705 81706 81707 81708 81709 81710
13154 81712 81713 81714 81715 81716
13155 81718 81719
13158 81721 81722 81723 81724 81725 81726
13159 81728 81729 81730 81731 81732 81733
13160 81735 81736 81737 81738 81739 81740 81741 81742 81743
13162 81745 81746 81747 81748 81749 81750
13163 81752 81753 81754 81755 81756 81757 81758 81759 81760
13164 81762 81763 81764
13165 81766 81767
13168 81769 81770 81771 81772 81773
13169 81775 81776 81777 81778 81779 81780 81781
13172 81783 81784
13173 81786
13175 81788 81789
13176 81791 81792
13177 81794 81795
13178 81797
13180 81799 81800
13181 81802 81803 81804 81805
13183 81807 81808 81809 81810 81811 81812 81813 81814 81815
13184 81817 81818 81819 81820 81821 81822
13185 81824 81825 81826 81827 81828 81829 81830 81831 81832
13186 81834
13187 81836
13188 81838 81839 81840
13189 81842 81843 81844 81845 81846
13190 81848 81849 81850
13192 81852
13193 81854 81855 81856
13194 81858 81859 81860 81861 81862
13195 81864
13196 81866 81867 81868 81869 81870 81871 81872 81873 81874
13197 81876 81877 81878 81879 81880 81881 81882
13199 81884
13200 81886
13201 81888 81889 81890 81891 81892 81893 81894 81895
13204 81897
13205 81899
13206 81901 81902 81903 81904 81905 81906 81907 81908 81909
13207 81911 81912
13209 81914 81915
13210 81917 81918 81919 81920 81921 81922 81923 81924 81925
13211 81927
13213 81929 81930 81931 81932 81933 81934 81935 81936 81937
13216 81939 81940 81941 81942 81943 81944 81945 81946 81947
13217 81949 81950
13218 81952 81953
13219 81955 81956 81957 81958
13220 81960 81961 81962
13221 81964 81965 81966 81967 81968 81969 81970 81971 81972
13222 81974 81975 81976 81977 81978 81979 81980 81981 81982
13223 81984 81985 81986 81987 81988 81989 81990
13224 81992 81993 81994 81995 81996
13225 81998 81999 82000 82001 82002 82003 82004 82005 82006
13226 82008 82009 82010 82011 82012 82013 82014 82015 82016
13227 82018
13230 82020 82021 82022 82023 82024
13232 82026 82027 82028 82029 82030 82031
13234 82033 82034 82035 82036 82037
13235 82039 82040 82041 82042 82043 82044 82045 82046
13239 82048 82049 82050
13240 82052 82053 82054 82055
13241 82057 82058 82059
13244 82061 82062
13245 82064 82065
13246 82067 82068 82069 82070 82071
13247 82073
13248 82075 82076 82077 82078 82079 82080 82081 82082
13250 82084 82085
13252 82087 82088 82089 82090 82091 82092 82093 82094
13253 82096 82097 82098 82099 82100 82101 82102 82103 82104
13254 82106 82107 82108 82109 82110 82111 82112 82113 82114
13255 82116
13256 82118 82119 82120 82121 82122
13257 82124
13258 82126 82127 82128 82129 82130
13259 82132 82133 82134 82135 82136 82137 82138 82139 82140
13260 82142
13261 82144
13262 82146 82147 82148 82149 82150 82151 82152 82153 82154
13264 82156 82157 82158 82159 82160 82161 82162
13265 82164
13266 82166 82167 82168 82169
13267 82171 82172 82173 82174 82175 82176 82177 82178 82179
13268 82181 82182 82183 82184 82185 82186 82187 82188
13269 82190 82191 82192 82193 82194
13272 82196 82197 82198 82199 82200
13273 82202 82203 82204 82205
13274 82207 82208 82209
13275 82211 82212 82213 82214 82215 82216
13276 82218
13277 82220 82221 82222 82223 82224 82225 82226 82227 82228
13278 82230
13280 82232 82233 82234 82235
13281 82237 82238 82239 82240 82241 82242
13282 82244 82245 82246 82247 82248 82249 82250 82251 82252
13283 82254 82255 82256
13284 82258 82259 82260 82261 82262 82263 82264 82265 82266
13287 82268 82269 82270 82271 82272 82273
13288 82275 82276 82277 82278 82279 82280 82281 82282 82283
13289 82285 82286 82287 82288 82289 82290
13291 82292 82293
13293 82295 82296
13294 82298 82299 82300 82301 82302 82303 82304
13295 82306
13296 82308 82309 82310 82311 82312 82313 82314 82315 82316
13297 82318 82319 82320 82321
13300 82323 82324 82325 82326 82327 82328 82329 82330 82331
13303 82333
13304 82335
13305 82337 82338 82339 82340 82341 82342 82343 82344 82345
13307 82347 82348 82349
13308 82351 82352 82353
13309 82355
13310 82357 82358
13311 82360
13313 82362 82363 82364 82365 82366 82367 82368 82369 82370
13316 82372 82373 82374 82375 82376 82377 82378 82379 82380
13318 82382 82383 82384 82385 82386 82387 82388 82389 82390
13320 82392 82393 82394 82395 82396 82397 82398
13322 82400 82401 82402
13323 82404
13324 82406 82407 82408 82409 82410 82411 82412
13325 82414 82415 82416 82417 82418
13326 82420 82421 82422
13330 82424 82425 82426
13331 82428 82429
13332 82431 82432 82433 82434 82435 82436 82437 82438 82439
13333 82441 82442 82443 82444 82445 82446 82447
13335 82449 82450 82451
13336 82453 82454 82455 82456 82457 82458 82459 82460 82461
13338 82463
13339 82465
13340 82467 82468 82469 82470
13341 82472 82473 82474 82475 82476 82477 82478 82479 82480
13342 82482 82483
13343 82485
13344 82487
13346 82489
13349 82491 82492 82493
13350 82495
13352 82497 82498 82499 82500 82501 82502 82503 82504 82505
13353 82507
13354 82509 82510 82511 82512 82513 82514 82515 82516 82517
13355 82519 82520
13357 82522 82523 82524 82525 82526 82527 82528 82529 82530
13358 82532 82533 82534 82535
13360 82537
13361 82539 82540 82541
13362 82543 82544 82545 82546 82547 82548 82549 82550 82551
13364 82553 82554 82555 82556 82557 82558 82559 82560
13366 82562 82563
13367 82565 82566
13369 82568 82569 82570 82571 82572 82573
13370 82575
13377 82577 82578 82579 82580 82581 82582 82583 82584 82585
13378 82587 82588
13379 82590 82591 82592 82593 82594 82595 82596 82597 82598
13380 82600 82601 82602 82603 82604 82605 82606 82607 82608
13382 82610 82611 82612
13383 82614 82615
13384 82617 82618 82619 82620 82621 82622 82623
13385 82625
13386 82627 82628 82629 82630
13387 82632 82633 82634
13388 82636 82637
13390 82639
13394 82641 82642 82643 82644 82645 82646 82647 82648 82649
13396 82651 82652 82653 82654 82655 82656 82657 82658 82659
13397 82661 82662 82663 82664 82665 82666 82667 82668
13398 82670 82671 82672 82673 82674 82675 82676 82677 82678
13399 82680 82681 82682 82683 82684 82685
13400 82687
13401 82689 82690 82691 82692 82693
13402 82695
13405 82697
13406 82699 82700 82701 82702 82703
13407 82705 82706 82707 82708 82709 82710 82711 82712 82713
13410 82715 82716
13412 82718 82719 82720 82721
13413 82723 82724
13414 82726 82727
13416 82729 82730
13417 82732
13419 82734 82735 82736 82737 82738
13420 82740 82741 82742 82743 82744 82745 82746 82747 82748
13422 82750
13426 82752 82753
13428 82755 82756 82757
13429 82759
13430 82761
13431 82763 82764 82765 82766 82767 82768
13432 82770 82771 82772 82773 82774 82775
13433 82777 82778
13434 82780 82781
13435 82783 82784 82785
13437 82787 82788 82789
13439 82791 82792
13442 82794 82795 82796 82797 82798 82799
13444 82801 82802
13446 82804 82805 82806 82807 82808 82809
13447 82811 82812 82813 82814 82815 82816 82817 82818 82819
13448 82821 82822
13449 82824 82825 82826 82827
13450 82829 82830 82831
13452 82833 82834 82835 82836 82837
13454 82839 82840 82841
13455 82843
13456 82845 82846 82847 82848 82849 82850 82851 82852 82853
13457 82855
13458 82857 82858 82859 82860 82861 82862 82863 82864
13459 82866 82867 82868 82869 82870 82871 82872 82873
13460 82875 82876 82877 82878 82879 82880 82881 82882 82883
13462 82885 82886 82887 82888 82889 82890 82891 82892 82893
13463 82895 82896 82897 82898 82899 82900 82901
13464 82903 82904 82905
13465 82907 82908 82909
13466 82911 82912 82913 82914
13467 82916 82917 82918 82919 82920 82921 82922 82923 82924
13469 82926 82927 82928 82929 82930 82931 82932 82933 82934
13470 82936 82937 82938
13474 82940 82941 82942 82943
13475 82945 82946 82947
13478 82949 82950 82951 82952 82953
13480 82955 82956 82957 82958 82959 82960 82961 82962 82963
13481 82965 82966 82967 82968
13482 82970 82971 82972 82973
13483 82975 82976 82977 82978
13484 82980 82981
13485 82983 82984 82985 82986
13486 82988 82989 82990 82991 82992 82993 82994 82995 82996
13487 82998
13488 83000 83001 83002 83003 83004 83005 83006 83007 83008
13489 83010 83011 83012
13490 83014
13491 83016 83017 83018 83019 83020 83021 83022 83023
13492 83025 83026 83027 83028 83029 83030 83031 83032 83033
13494 83035 83036 83037 83038
13495 83040 83041
13496 83043 83044 83045 83046 83047 83048 83049
13497 83051
13498 83053 83054
13499 83056 83057 83058 83059 83060
13500 83062 83063 83064 83065 83066 83067 83068 83069 83070
13501 83072 83073 83074 83075 83076
13502 83078 83079 83080 83081 83082
13503 83084 83085
13504 83087
13505 83089 83090 83091 83092 83093
13506 83095 83096 83097 83098 83099 83100 83101 83102 83103
13507 83105 83106 83107 83108 83109 83110 83111 83112 83113
13511 83115 83116 83117 83118 83119 83120 83121
13512 83123
13513 83125
13514 83127 83128 83129
13515 83131 83132
13516 83134 83135 83136 83137 83138
13517 83140 83141 83142 83143 83144 83145
13518 83147 83148 83149 83150 83151
13520 83153 83154 83155
13521 83157 83158 83159
13522 83161 83162 83163
13523 83165 83166 83167
13524 83169 83170 83171
13527 83173
13528 83175 83176 83177 83178 83179 83180
13529 83182 83183 83184
13530 83186
13531 83188 83189 83190 83191 83192 83193 83194 83195 83196
13532 83198 83199 83200 83201 83202 83203 83204 83205 83206
13534 83208 83209 83210 83211 83212 83213
13535 83215 83216 83217 83218
13536 83220 83221
13538 83223
13542 83225 83226 83227 83228 83229 83230 83231
13543 83233 83234 83235 83236 83237
13545 83239
13546 83241 83242 83243 83244 83245 83246 83247 83248
13547 83250 83251 83252
13548 83254 83255 83256 83257 83258 83259
13550 83261 83262 83263 83264 83265
13551 83267 83268 83269 83270 83271 83272 83273 83274 83275
13552 83277 83278 83279 83280 83281
13553 83283 83284 83285
13554 83287 83288 83289 83290 83291 83292 83293 83294 83295
13555 83297
13556 83299 83300 83301 83302 83303 83304
13557 83306 83307
13559 83309 83310 83311 83312 83313 83314
13560 83316
13561 83318 83319 83320 83321 83322 83323 83324 83325 83326
13562 83328 83329 83330 83331 83332
13563 83334 83335 83336 83337 83338 83339 83340
13564 83342
13566 83344 83345 83346 83347 83348 83349 83350 83351 83352
13568 83354 83355 83356
13570 83358
13571 83360 83361
13572 83363 83364 83365 83366 83367 83368 83369 83370 83371
13573 83373 83374 83375
13574 83377 83378 83379 83380 83381 83382 83383 83384
13578 83386 83387 83388 83389 83390 83391 83392 83393 83394
13579 83396 83397
13581 83399 83400 83401 83402 83403
13582 83405 83406 83407 83408 83409 83410 83411 83412 83413
13583 83415 83416 83417 83418 83419 83420 83421 83422 83423
13584 83425
13585 83427 83428 83429 83430 83431 83432 83433
13586 83435 83436
13588 83438 83439 83440 83441 83442 83443 83444 83445 83446
13589 83448 83449
13590 83451 83452 83453 83454
13592 83456 83457 83458
13593 83460
13594 83462 83463 83464 83465 83466 83467 83468 83469 83470
13596 83472 83473 83474 83475 83476 83477 83478 83479 83480
13597 83482
13600 83484 83485 83486 83487 83488 83489 83490 83491
13602 83493 83494 83495 83496 83497 83498 83499 83500 83501
13603 83503 83504 83505 83506 83507 83508
13604 83510 83511
13606 83513
13607 83515
13608 83517 83518 83519 83520 83521 83522 83523 83524 83525
13609 83527 83528 83529 83530 83531
13610 83533 83534 83535
13611 83537 83538 83539 83540 83541 83542 83543 83544 83545
13612 83547 83548
13614 83550 83551 83552 83553 83554 83555 83556 83557
13615 83559
13616 83561
13619 83563 83564 83565
13621 83567 83568 83569 83570 83571 83572 83573 83574 83575
13622 83577 83578 83579 83580 83581 83582 83583 83584 83585
13623 83587 83588 83589 83590
13624 83592
13625 83594 83595 83596 83597
13627 83599 83600 83601 83602 83603 83604 83605
13628 83607 83608 83609
13631 83611 83612 83613 83614 83615 83616
13632 83618 83619 83620 83621 83622 83623 83624 83625 83626
13633 83628 83629
13634 83631 83632
13635 83634 83635 83636 83637 83638 83639 83640
13639 83642 83643
13640 83645 83646 83647 83648 83649 83650 83651 83652 83653
13641 83655 83656 83657 83658 83659 83660 83661 83662 83663
13642 83665 83666 83667 83668 83669 83670 83671
13643 83673 83674 83675
13645 83677 83678 83679 83680 83681
13646 83683
13647 83685 83686 83687 83688 83689 83690 83691 83692
13648 83694 83695 83696 83697 83698 83699
13649 83701 83702
13651 83704 83705 83706 83707 83708 83709 83710 83711 83712
13653 83714 83715 83716 83717 83718 83719 83720 83721 83722
13654 83724 83725 83726
13656 83728 83729 83730 83731
13657 83733 83734 83735 83736 83737 83738 83739 83740 83741
13658 83743
13659 83745 83746 83747 83748 83749 83750 83751
13661 83753 83754 83755 83756 83757 83758 83759 83760 83761
13662 83763 83764 83765 83766 83767 83768 83769 83770 83771
13663 83773 83774
13664 83776 83777 83778 83779 83780 83781 83782 83783 83784
13665 83786
13666 83788 83789 83790 83791 83792 83793 83794 83795 83796
13667 83798
13669 83800
13670 83802
13671 83804 83805
13672 83807 83808 83809 83810 83811 83812 83813 83814 83815
13675 83817 83818 83819 83820 83821 83822 83823 83824 83825
13677 83827
13679 83829 83830
13680 83832
13681 83834 83835 83836 83837 83838 83839 83840 83841 83842
13682 83844 83845 83846 83847 83848 83849 83850
13684 83852
13686 83854
13687 83856 83857
13688 83859 83860 83861 83862 83863
13690 83865 83866
13692 83868 83869 83870 83871
13693 83873 83874 83875 83876 83877 83878 83879 83880 83881
13694 83883 83884 83885 83886 83887 83888 83889 83890 83891
13695 83893 83894 83895
13696 83897 83898 83899 83900 83901 83902 83903 83904
13697 83906 83907 83908 83909
13698 83911 83912 83913 83914 83915 83916 83917 83918
13700 83920 83921 83922 83923 83924 83925 83926 83927 83928
13701 83930 83931 83932 83933 83934 83935 83936 83937 83938
13703 83940 83941 83942 83943 83944 83945 83946 83947 83948
13705 83950 83951
13706 83953 83954 83955 83956 83957 83958
13707 83960 83961 83962 83963
13708 83965
13711 83967 83968 83969 83970 83971 83972 83973 83974 83975
13712 83977 83978 83979
13716 83981 83982 83983 83984
13719 83986 83987 83988 83989 83990
13720 83992 83993 83994 83995 83996 83997 83998 83999 84000
13722 84002 84003 84004 84005 84006 84007
13723 84009 84010 84011 84012
13724 84014 84015 84016 84017 84018 84019 84020 84021 84022
13726 84024 84025 84026 84027 84028 84029
13727 84031 84032 84033 84034 84035 84036 84037 84038 84039
13728 84041 84042 84043
13729 84045 84046 84047 84048 84049 84050
13730 84052 84053
13731 84055
13732 84057 84058 84059 84060 84061 84062 84063 84064 84065
13733 84067 84068
13734 84070 84071 84072
13736 84074 84075 84076 84077 84078 84079 84080 84081 84082
13737 84084 84085 84086 84087 84088 84089 84090
13738 84092 84093 84094
13740 84096
13742 84098 84099
13743 84101 84102 84103 84104 84105 84106
13744 84108 84109 84110
13745 84112 84113 84114 84115 84116 84117 84118
13746 84120
13747 84122 84123 84124
13748 84126 84127 84128 84129 84130 84131 84132 84133 84134
13750 84136 84137 84138 84139
13752 84141 84142 84143 84144 84145 84146 84147 84148 84149
13753 84151
13754 84153 84154
13755 84156 84157 84158 84159 84160 84161 84162 84163 84164
13756 84166 84167 84168
13758 84170 84171 84172
13760 84174 84175 84176 84177 84178 84179
13761 84181 84182 84183 84184 84185 84186 84187 84188 84189
13762 84191 84192 84193
13763 84195 84196 84197 84198 84199 84200 84201 84202 84203
13764 84205 84206
13766 84208 84209 84210 84211 84212
13767 84214 84215 84216 84217 84218
13768 84220
13769 84222
13770 84224 84225 84226 84227 84228 84229 84230 84231 84232
13772 84234 84235
13773 84237 84238 84239 84240 84241 84242 84243
13774 84245 84246 84247
13775 84249 84250 84251
13777 84253 84254 84255 84256
13778 84258 84259 84260 84261 84262 84263 84264 84265 84266
13782 84268 84269 84270 84271 84272
13783 84274
13784 84276
13785 84278 84279 84280 84281 84282 84283 84284 84285 84286
13786 84288 84289 84290 84291 84292 84293 84294 84295 84296
13787 84298 84299 84300 84301 84302 84303 84304 84305 84306
13789 84308 84309 84310 84311
13790 84313 84314 84315 84316 84317 84318 84319 84320 84321
13792 84323
13794 84325 84326 84327 84328
13795 84330
13796 84332 84333 84334 84335 84336 84337 84338 84339
13798 84341 84342 84343 84344 84345 84346 84347 84348 84349
13800 84351 84352
13801 84354
13802 84356 84357
13803 84359 84360 84361 84362 84363 84364 84365 84366 84367
13804 84369
13805 84371 84372
13807 84374 84375 84376 84377
13808 84379 84380 84381 84382 84383 84384 84385 84386 84387
13809 84389 84390 84391 84392
13810 84394 84395 84396 84397 84398 84399 84400 84401
13811 84403 84404 84405 84406 84407
13812 84409 84410 84411 84412 84413 84414 84415 84416
13813 84418 84419 84420 84421 84422 84423 84424 84425 84426
13815 84428 84429 84430 84431 84432 84433 84434 84435 84436
13818 84438 84439 84440
13820 84442
13821 84444 84445 84446 84447 84448 84449 84450 84451 84452
13822 84454 84455
13823 84457 84458 84459 84460 84461 84462 84463 84464 84465
13825 84467 84468 84469 84470
13826 84472 84473
13827 84475 84476 84477 84478 84479 84480 84481 84482
13828 84484 84485 84486 84487 84488 84489 84490 84491 84492
13829 84494 84495 84496
13830 84498 84499 84500 84501 84502 84503 84504
13831 84506
13833 84508
13834 84510 84511 84512 84513
13836 84515
13837 84517 84518
13838 84520 84521 84522 84523
13839 84525 84526 84527 84528 84529
13840 84531 84532 84533 84534 84535
13842 84537
13843 84539 84540
13844 84542 84543 84544 84545 84546 84547 84548 84549 84550
13845 84552
13846 84554 84555 84556 84557
13847 84559
13848 84561 84562 84563 84564 84565 84566 84567 84568 84569
13849 84571 84572
13851 84574 84575 84576 84577 84578 84579 84580 84581
13852 84583 84584
13855 84586 84587 84588 84589 84590 84591 84592 84593 84594
13856 84596
13857 84598
13859 84600 84601 84602 84603 84604 84605 84606 84607 84608
13861 84610 84611 84612 84613 84614 84615 84616 84617 84618
13862 84620 84621 84622 84623 84624 84625
13863 84627 84628 84629
13864 84631 84632 84633 84634
13865 84636 84637 84638 84639
13866 84641 84642 84643
13868 84645 84646 84647 84648 84649 84650 84651 84652 84653
13869 84655
13871 84657 84658 84659 84660 84661 84662 84663 84664 84665
13873 84667 84668 84669 84670 84671 84672 84673 84674
13874 84676 84677 84678 84679 84680 84681 84682 84683 84684
13875 84686
13876 84688
13877 84690 84691 84692 84693 84694 84695 84696 84697 84698
13879 84700 84701 84702 84703 84704 84705 84706 84707 84708
13880 84710 84711 84712 84713 84714 84715 84716 84717 84718
13882 84720 84721 84722 84723 84724 84725 84726 84727
13883 84729 84730
13884 84732
13885 84734 84735 84736 84737 84738
13887 84740 84741 84742 84743 84744 84745 84746
13888 84748 84749
13889 84751 84752 84753 84754 84755 84756 84757 84758 84759
13890 84761 84762 84763 84764 84765 84766 84767 84768
13891 84770 84771 84772 84773 84774 84775 84776
13892 84778 84779 84780 84781 84782 84783
13893 84785 84786 84787 84788 84789 84790 84791 84792 84793
13894 84795 84796 84797 84798 84799 84800 84801 84802 84803
13895 84805 84806 84807 84808 84809 84810 84811 84812 84813
13896 84815
13897 84817 84818 84819 84820 84821 84822 84823 84824 84825
13899 84827 84828 84829 84830 84831 84832 84833 84834
13900 84836 84837
13901 84839 84840
13902 84842 84843 84844 84845 84846 84847 84848 84849 84850
13903 84852 84853
13904 84855 84856 84857 84858 84859 84860 84861 84862 84863
13905 84865 84866 84867 84868 84869 84870
13906 84872 84873
13907 84875 84876 84877
13908 84879 84880 84881 84882 84883 84884 84885 84886
13909 84888 84889 84890 84891 84892 84893 84894
13910 84896 84897 84898 84899 84900 84901 84902 84903 84904
13912 84906 84907 84908 84909
13914 84911 84912 84913 84914 84915 84916 84917 84918 84919
13915 84921 84922 84923 84924 84925
13916 84927 84928
13918 84930 84931 84932 84933 84934 84935
13919 84937 84938 84939 84940 84941 84942
13924 84944 84945 84946
13927 84948 84949 84950 84951
13930 84953 84954 84955 84956 84957
13932 84959 84960
13934 84962 84963 84964
13935 84966 84967 84968 84969
13936 84971 84972 84973 84974
13939 84976 84977 84978 84979 84980
13940 84982 84983 84984
13942 84986 84987
13943 84989 84990 84991 84992
13945 84994 84995 84996 84997 84998 84999 85000 85001
13947 85003 85004 85005 85006
13949 85008
13952 85010 85011 85012
13953 85014 85015 85016 85017 85018 85019 85020 85021
13955 85023
13956 85025
13957 85027 85028 85029 85030 85031 85032
13958 85034
13959 85036 85037 85038 85039 85040 85041 85042 85043 85044
13960 85046 85047 85048 85049 85050 85051 85052 85053
13961 85055 85056
13962 85058
13963 85060 85061
13964 85063 85064 85065
13965 85067 85068 85069 85070 85071
13966 85073 85074
13967 85076 85077 85078 85079
13968 85081 85082 85083 85084 85085 85086 85087 85088 85089
13969 85091
13970 85093 85094 85095 85096 85097 85098 85099 85100 85101
13972 85103 85104 85105 85106 85107 85108 85109 85110 85111
13975 85113 85114 85115 85116 85117 85118 85119 85120
13976 85122
13978 85124
13983 85126 85127
13984 85129 85130 85131 85132 85133 85134 85135 85136
13985 85138 85139 85140 85141
13986 85143 85144 85145
13987 85147 85148 85149 85150 85151 85152
13990 85154 85155 85156 85157
13992 85159 85160 85161 85162 85163 85164 85165 85166 85167
13993 85169 85170 85171 85172 85173 85174 85175 85176 85177
13994 85179
13995 85181 85182 85183 85184
13997 85186 85187 85188 85189 85190 85191 85192 85193 85194
13998 85196 85197 85198 85199
14000 85201 85202 85203 85204 85205 85206 85207 85208 85209
14001 85211 85212 85213 85214 85215 85216 85217 85218 85219
14002 85221 85222 85223 85224 85225 85226 85227
14003 85229 85230 85231 85232 85233
14004 85235 85236
14005 85238 85239 85240 85241 85242 85243 85244 85245 85246
14006 85248 85249 85250 85251 85252 85253 85254
14009 85256 85257 85258 85259 85260 85261 85262 85263 85264
14011 85266 85267 85268
14013 85270 85271 85272
14015 85274 85275
14016 85277 85278 85279
14017 85281 85282 85283 85284 85285 85286 85287 85288 85289
14018 85291 85292 85293 85294 85295 85296
14020 85298 85299 85300
14021 85302 85303
14022 85305 85306 85307 85308 85309 85310 85311 85312 85313
14023 85315 85316 85317 85318 85319 85320 85321 85322 85323
14025 85325
14026 85327 85328 85329
14027 85331 85332
14028 85334
14029 85336
14030 85338 85339 85340 85341 85342 85343
14031 85345 85346 85347 85348 85349 85350 85351 85352 85353
14032 85355 85356 85357 85358 85359 85360 85361 85362 85363
14033 85365 85366 85367
14034 85369 85370 85371 85372
14036 85374 85375 85376 85377 85378 85379 85380 85381 85382
14038 85384 85385 85386
14039 85388 85389 85390 85391
14040 85393
14041 85395 85396 85397 85398 85399 85400 85401 85402 85403
14042 85405 85406 85407 85408 85409 85410 85411 85412
14043 85414 85415 85416 85417 85418 85419 85420 85421 85422
14044 85424 85425 85426 85427 85428 85429 85430 85431 85432
14045 85434
14046 85436 85437 85438 85439 85440 85441 85442 85443 85444
14047 85446 85447 85448 85449 85450 85451
14048 85453 85454 85455
14050 85457 85458 85459
14051 85461 85462 85463 85464 85465 85466 85467 85468 85469
14052 85471 85472 85473 85474 85475 85476 85477 85478 85479
14054 85481
14055 85483 85484 85485 85486 85487 85488 85489 85490 85491
14056 85493 85494 85495 85496 85497 85498 85499 85500 85501
14057 85503 85504 85505 85506
14058 85508 85509 85510 85511 85512 85513 85514 85515 85516
14059 85518 85519 85520 85521 85522 85523 85524 85525 85526
14061 85528 85529 85530 85531 85532 85533
14063 85535
14064 85537 85538 85539 85540
14066 85542 85543 85544 85545 85546 85547 85548 85549 85550
14068 85552 85553 85554 85555 85556
14069 85558 85559 85560 85561 85562 85563 85564 85565 85566
14070 85568 85569
14072 85571 85572 85573 85574 85575 85576 85577 85578
14073 85580 85581 85582 85583 85584
14074 85586 85587
14075 85589 85590 85591
14076 85593 85594 85595 85596
14077 85598
14078 85600 85601 85602 85603 85604 85605 85606 85607 85608
14079 85610 85611 85612
14080 85614 85615
14081 85617 85618 85619 85620 85621
14082 85623 85624 85625
14083 85627 85628 85629
14084 85631 85632 85633 85634 85635 85636
14085 85638 85639 85640 85641 85642
14086 85644
14087 85646 85647 85648
14088 85650 85651
14089 85653 85654 85655 85656 85657 85658 85659 85660 85661
14090 85663 85664 85665 85666 85667 85668 85669 85670
14091 85672 85673 85674 85675 85676 85677
14092 85679
14093 85681 85682 85683 85684 85685 85686 85687 85688
14097 85690 85691 85692
14098 85694
14099 85696 85697 85698 85699 85700 85701 85702 85703 85704
14100 85706
14101 85708 85709 85710 85711 85712 85713 85714 85715 85716
14103 85718 85719 85720 85721 85722 85723 85724 85725 85726
14104 85728 85729 85730 85731 85732 85733
14105 85735 85736 85737 85738 85739 85740 85741 85742 85743
14106 85745 85746 85747 85748 85749 85750 85751 85752
14107 85754 85755 85756
14109 85758 85759 85760 85761
14110 85763 85764
14111 85766 85767 85768 85769 85770 85771 85772 85773
14113 85775 85776 85777 85778 85779 85780
14114 85782 85783
14115 85785 85786 85787 85788 85789
14117 85791 85792
14118 85794 85795 85796 85797 85798 85799 85800
14119 85802 85803
14120 85805 85806 85807 85808 85809 85810 85811 85812
14121 85814
14122 85816 85817 85818 85819 85820 85821 85822 85823
14124 85825 85826 85827 85828
14125 85830 85831 85832 85833
14126 85835 85836 85837 85838 85839
14128 85841 85842
14131 85844 85845 85846 85847 85848
14132 85850
14133 85852 85853
14135 85855 85856 85857 85858 85859 85860 85861 85862 85863
14136 85865 85866 85867 85868 85869 85870 85871 85872 85873
14138 85875 85876 85877 85878 85879 85880 85881
14139 85883 85884 85885 85886 85887 85888 85889
14140 85891
14141 85893
14142 85895 85896 85897 85898
14144 85900
14145 85902
14147 85904
14148 85906 85907 85908 85909
14149 85911
14152 85913 85914 85915 85916 85917 85918 85919
14153 85921
14154 85923 85924 85925 85926 85927 85928 85929 85930 85931
14156 85933 85934 85935 85936 85937 85938 85939 85940
14157 85942 85943 85944
14158 85946 85947 85948 85949 85950 85951 85952 85953 85954
14159 85956 85957 85958 85959 85960 85961 85962 85963 85964
14160 85966 85967 85968 85969 85970 85971 85972 85973 85974
14162 85976 85977
14164 85979 85980 85981 85982
14165 85984 85985 85986 85987
14166 85989 85990 85991 85992 85993 85994 85995 85996 85997
14167 85999
14169 86001 86002 86003 86004 86005 86006 86007 86008 86009
14170 86011 86012 86013 86014 86015 86016 86017 86018 86019
14171 86021 86022
14172 86024 86025 86026
14173 86028 86029 86030 86031 86032 86033 86034 86035
14175 86037
14176 86039
14179 86041 86042
14181 86044
14182 86046
14185 86048 86049
14186 86051 86052 86053 86054 86055 86056 86057 86058
14187 86060 86061 86062 86063 86064 86065 86066 86067 86068
14188 86070 86071 86072 86073 86074 86075 86076
14190 86078 86079 86080 86081 86082 86083 86084 86085
14191 86087 86088 86089
14192 86091 86092 86093 86094 86095 86096 86097 86098 86099
14193 86101 86102
14194 86104 86105
14197 86107 86108 86109 86110 86111
14198 86113 86114 86115 86116
14199 86118
14201 86120
14202 86122 86123 86124
14203 86126 86127 86128 86129 86130 86131 86132 86133 86134
14204 86136 86137
14205 86139 86140 86141 86142 86143 86144 86145 86146 86147
14206 86149
14208 86151 86152 86153 86154
14209 86156 86157 86158 86159 86160 86161
14211 86163 86164 86165 86166
14212 86168 86169 86170 86171 86172 86173 86174
14213 86176 86177 86178 86179 86180 86181 86182
14214 86184 86185 86186 86187 86188 86189
14215 86191 86192 86193 86194 86195 86196 86197 86198
14217 86200
14218 86202
14220 86204 86205 86206 86207 86208 86209
14221 86211
14222 86213
14223 86215 86216
14227 86218 86219 86220 86221 86222 86223 86224 86225 86226
14229 86228
14231 86230
14236 86232 86233 86234 86235
14237 86237 86238 86239 86240 86241 86242 86243 86244 86245
14239 86247 86248 86249 86250
14241 86252 86253 86254
14242 86256 86257 86258 86259 86260
14244 86262 86263
14245 86265 86266 86267 86268 86269
14246 86271 86272 86273 86274 86275 86276 86277 86278 86279
14247 86281
14249 86283 86284
14250 86286 86287
14251 86289
14253 86291 86292 86293 86294
14254 86296 86297 86298 86299 86300 86301 86302
14258 86304 86305 86306 86307 86308 86309
14260 86311 86312 86313
14261 86315 86316 86317
14262 86319 86320 86321 86322 86323 86324 86325 86326 86327
14263 86329 86330 86331 86332
14264 86334 86335 86336
14266 86338 86339 86340 86341 86342 86343 86344
14267 86346 86347 86348
14268 86350 86351 86352
14269 86354 86355 86356
14270 86358 86359
14272 86361 86362 86363 86364 86365 86366 86367 86368 86369
14274 86371 86372 86373 86374 86375 86376
14276 86378
14277 86380 86381 86382 86383 86384 86385
14278 86387 86388 86389 86390 86391 86392 86393 86394 86395
14280 86397 86398 86399 86400 86401 86402 86403 86404 86405
14281 86407 86408 86409 86410 86411
14282 86413 86414 86415
14283 86417 86418 86419
14284 86421 86422 86423 86424
14286 86426 86427 86428 86429 86430
14287 86432 86433 86434 86435
14289 86437 86438 86439 86440 86441 86442 86443 86444 86445
14290 86447 86448 86449
14292 86451 86452 86453 86454 86455 86456 86457 86458
14294 86460
14295 86462
14296 86464 86465 86466 86467
14301 86469 86470 86471 86472 86473 86474
14302 86476 86477
14303 86479 86480 86481 86482 86483 86484 86485
14305 86487 86488 86489 86490 86491 86492 86493 86494 86495
14306 86497 86498 86499 86500 86501
14307 86503
14308 86505 86506
14309 86508 86509
14310 86511
14311 86513 86514 86515 86516
14312 86518
14313 86520 86521 86522 86523 86524 86525 86526 86527 86528
14314 86530 86531 86532 86533 86534 86535
14315 86537
14316 86539
14317 86541 86542 86543 86544 86545 86546
14320 86548 86549 86550 86551 86552 86553 86554 86555 86556
14321 86558
14323 86560 86561 86562 86563 86564 86565 86566 86567 86568
14324 86570 86571 86572
14325 86574 86575 86576 86577 86578 86579 86580 86581
14328 86583 86584
14329 86586 86587 86588 86589 86590 86591 86592 86593
14330 86595 86596 86597 86598
14331 86600 86601 86602 86603 86604 86605
14333 86607 86608 86609 86610 86611
14334 86613
14337 86615 86616 86617 86618 86619
14339 86621 86622
14340 86624 86625 86626
14341 86628 86629 86630 86631 86632 86633
14342 86635 86636 86637 86638
14343 86640
14345 86642 86643 86644
14347 86646 86647 86648 86649 86650 86651 86652 86653
14348 86655 86656
14349 86658
14351 86660 86661
14352 86663 86664 86665 86666 86667 86668 86669 86670 86671
14353 86673
14355 86675 86676 86677 86678 86679 86680 86681 86682 86683
14358 86685 86686
14360 86688 86689 86690 86691 86692 86693
14361 86695 86696 86697
14362 86699 86700 86701 86702
14363 86704 86705 86706 86707 86708 86709 86710
14364 86712 86713 86714
14366 86716 86717 86718 86719 86720 86721 86722 86723 86724
14367 86726 86727
14368 86729 86730 86731
14369 86733 86734 86735 86736
14373 86738 86739 86740
14374 86742 86743 86744 86745 86746
14376 86748 86749 86750 86751 86752 86753 86754 86755 86756
14378 86758 86759 86760
14379 86762 86763 86764 86765 86766
14380 86768 86769
14381 86771
14382 86773 86774
14383 86776 86777 86778 86779 86780 86781
14384 86783 86784 86785 86786
14385 86788 86789
14387 86791 86792 86793 86794
14388 86796 86797 86798 86799 86800 86801 86802
14389 86804 86805 86806 86807 86808 86809 86810
14390 86812 86813
14391 86815 86816
14392 86818 86819 86820 86821
14393 86823 86824 86825 86826 86827 86828 86829 86830 86831
14394 86833 86834 86835 86836 86837 86838 86839 86840 86841
14395 86843
14396 86845 86846
14397 86848 86849 86850 86851 86852
14400 86854 86855 86856 86857 86858 86859 86860
14403 86862 86863
14407 86865 86866 86867
14408 86869 86870 86871 86872 86873 86874 86875 86876 86877
14409 86879 86880 86881 86882 86883 86884 86885 86886
14412 86888 86889 86890 86891 86892 86893
14415 86895 86896
14416 86898 86899 86900 86901 86902 86903 86904 86905 86906
14421 86908 86909 86910
14422 86912 86913
14423 86915 86916 86917 86918 86919 86920 86921 86922 86923
14424 86925
14431 86927
14434 86929 86930 86931 86932 86933 86934
14436 86936 86937
14437 86939
14438 86941 86942
14441 86944 86945 86946 86947 86948
14442 86950
14443 86952
14444 86954 86955 86956
14445 86958 86959 86960 86961 86962 86963 86964 86965 86966
14446 86968 86969 86970 86971 86972
14447 86974 86975 86976 86977 86978
14448 86980 86981 86982 86983
14449 86985
14451 86987 86988 86989 86990 86991 86992 86993 86994 86995
14452 86997 86998 86999 87000 87001
14453 87003 87004 87005
14457 87007 87008 87009 87010 87011 87012
14458 87014 87015 87016 87017
14460 87019 87020
14462 87022
14463 87024 87025
14464 87027
14465 87029 87030
14466 87032
14467 87034
14468 87036
14470 87038 87039 87040 87041 87042 87043 87044 87045 87046
14471 87048 87049 87050 87051
14472 87053 87054
14475 87056 87057
14477 87059 87060 87061 87062 87063 87064 87065 87066 87067
14478 87069
14480 87071 87072 87073 87074
14481 87076
14482 87078 87079 87080 87081
14483 87083
14484 87085 87086
14485 87088 87089 87090 87091 87092 87093
14486 87095
14489 87097 87098 87099
14490 87101
14491 87103
14494 87105
14495 87107
14496 87109
14497 87111 87112 87113 87114 87115 87116 87117
14498 87119 87120 87121 87122 87123 87124 87125 87126 87127
14499 87129
14500 87131 87132 87133 87134 87135 87136 87137 87138
14501 87140
14502 87142 87143
14503 87145 87146
14504 87148
14505 87150 87151 87152 87153 87154 87155 87156 87157 87158
14506 87160 87161 87162 87163 87164 87165 87166 87167 87168
14508 87170
14509 87172 87173 87174 87175 87176 87177 87178 87179 87180
14510 87182
14511 87184 87185 87186
14512 87188 87189 87190 87191 87192 87193 87194 87195 87196
14513 87198
14514 87200
14515 87202 87203
14516 87205 87206
14517 87208
14520 87210 87211 87212 87213 87214 87215
14522 87217
14524 87219 87220 87221 87222 87223 87224 87225
14526 87227 87228 87229
14527 87231
14528 87233 87234 87235 87236 87237 87238
14530 87240 87241 87242 87243
14531 87245 87246 87247 87248 87249 87250 87251
14532 87253 87254 87255 87256 87257 87258
14533 87260
14534 87262 87263 87264 87265 87266 87267 87268 87269 87270
14535 87272 87273
14536 87275 87276 87277 87278 87279 87280
14537 87282 87283 87284 87285 87286 87287 87288 87289 87290
14539 87292 87293 87294
14541 87296 87297 87298 87299
14543 87301 87302 87303 87304 87305 87306 87307 87308 87309
14545 87311 87312 87313 87314 87315 87316
14546 87318 87319 87320 87321 87322 87323 87324
14548 87326 87327
14552 87329 87330 87331 87332 87333
14553 87335 87336 87337 87338 87339 87340 87341
14554 87343 87344 87345 87346 87347 87348 87349 87350 87351
14555 87353 87354 87355 87356 87357 87358 87359 87360 87361
14556 87363
14557 87365 87366 87367 87368
14558 87370 87371 87372 87373 87374 87375 87376
14560 87378 87379
14562 87381 87382
14566 87384 87385 87386 87387
14567 87389 87390 87391 87392
14568 87394 87395 87396
14569 87398 87399 87400 87401 87402 87403 87404 87405 87406
14570 87408
14571 87410
14572 87412
14574 87414
14575 87416 87417 87418
14576 87420 87421 87422 87423
14577 87425 87426 87427 87428 87429 87430 87431 87432 87433
14578 87435 87436 87437 87438 87439 87440 87441 87442 87443
14579 87445
14580 87447 87448 87449 87450 87451 87452 87453 87454 87455
14582 87457 87458 87459
14585 87461 87462 87463 87464
14586 87466 87467 87468 87469 87470 87471 87472 87473 87474
14587 87476 87477 87478 87479 87480 87481 87482 87483 87484
14588 87486 87487
14589 87489
14591 87491 87492 87493 87494 87495 87496 87497
14595 87499 87500
14598 87502 87503 87504 87505 87506
14599 87508
14601 87510 87511 87512 87513 87514 87515 87516 87517 87518
14602 87520 87521 87522 87523
14603 87525 87526 87527 87528
14604 87530 87531
14606 87533 87534 87535 87536 87537
14608 87539
14609 87541
14610 87543 87544 87545 87546 87547
14613 87549 87550 87551 87552 87553 87554 87555 87556
14614 87558 87559 87560 87561 87562 87563 87564 87565
14615 87567 87568
14617 87570 87571 87572
14618 87574 87575 87576 87577 87578 87579 87580 87581 87582
14619 87584 87585 87586
14620 87588
14621 87590 87591 87592 87593 87594 87595 87596 87597 87598
14622 87600 87601 87602 87603 87604
14624 87606 87607 87608 87609 87610 87611 87612 87613 87614
14625 87616 87617 87618
14626 87620 87621 87622 87623
14630 87625 87626 87627 87628 87629 87630 87631
14631 87633 87634 87635 87636 87637 87638 87639 87640 87641
14633 87643
14634 87645 87646 87647 87648 87649 87650 87651 87652 87653
14635 87655
14636 87657 87658 87659 87660 87661 87662
14637 87664 87665 87666 87667 87668 87669 87670
14638 87672
14639 87674
14643 87676 87677 87678 87679 87680 87681 87682
14644 87684
14645 87686 87687 87688
14646 87690 87691 87692
14647 87694 87695 87696 87697 87698 87699 87700 87701 87702
14648 87704 87705 87706
14649 87708 87709 87710 87711 87712 87713
14651 87715 87716 87717 87718 87719 87720
14653 87722
14654 87724 87725 87726 87727 87728 87729 87730 87731 87732
14655 87734 87735 87736 87737 87738 87739 87740 87741 87742
14656 87744 87745 87746 87747 87748 87749 87750 87751
14657 87753
14658 87755 87756
14659 87758 87759 87760 87761 87762 87763 87764 87765 87766
14661 87768 87769 87770
14662 87772
14663 87774 87775 87776 87777
14664 87779 87780 87781
14666 87783 87784 87785 87786 87787 87788
14668 87790 87791 87792 87793 87794
14669 87796 87797 87798 87799
14671 87801 87802 87803 87804
14672 87806 87807 87808 87809 87810 87811 87812 87813 87814
14674 87816 87817 87818 87819 87820 87821 87822 87823 87824
14677 87826 87827 87828 87829 87830 87831 87832 87833 87834
14678 87836 87837 87838 87839 87840 87841 87842 87843 87844
14680 87846 87847
14682 87849 87850 87851 87852 87853 87854 87855 87856 87857
14683 87859 87860 87861 87862 87863
14684 87865 87866 87867 87868 87869 87870 87871 87872 87873
14685 87875 87876 87877 87878 87879 87880 87881 87882 87883
14687 87885 87886 87887 87888 87889 87890 87891 87892 87893
14688 87895 87896 87897 87898
14689 87900 87901 87902 87903 87904 87905 87906 87907 87908
14691 87910 87911 87912 87913 87914 87915 87916 87917 87918
14692 87920 87921 87922 87923 87924 87925
14693 87927 87928 87929 87930
14695 87932
14696 87934 87935 87936 87937 87938 87939 87940
14697 87942 87943 87944
14699 87946 87947 87948
14700 87950
14701 87952
14702 87954 87955 87956 87957 87958 87959 87960 87961 87962
14703 87964 87965 87966 87967 87968 87969 87970 87971 87972
14704 87974 87975 87976 87977 87978 87979 87980 87981 87982
14705 87984 87985
14709 87987 87988 87989 87990
14710 87992 87993 87994 87995
14712 87997 87998 87999 88000 88001 88002 88003 88004
14715 88006 88007 88008 88009 88010 88011 88012 88013 88014
14716 88016 88017 88018
14717 88020 88021 88022 88023 88024 88025 88026 88027
14718 88029 88030 88031 88032 88033 88034 88035 88036 88037
14720 88039 88040 88041 88042 88043 88044
14721 88046 88047 88048 88049 88050 88051
14723 88053
14724 88055 88056 88057
14726 88059 88060 88061 88062
14727 88064 88065 88066 88067 88068
14728 88070 88071 88072
14729 88074 88075
14730 88077
14732 88079 88080 88081 88082
14733 88084 88085 88086 88087 88088 88089 88090 88091 88092
14734 88094
14735 88096 88097 88098 88099 88100 88101 88102 88103 88104
14737 88106 88107 88108
14738 88110
14740 88112 88113 88114 88115
14741 88117 88118 88119
14742 88121
14743 88123 88124 88125 88126 88127
14745 88129
14747 88131 88132 88133
14749 88135 88136
14750 88138 88139
14752 88141
14753 88143 88144 88145 88146 88147 88148 88149 88150 88151
14754 88153 88154 88155 88156 88157 88158 88159 88160
14755 88162
14759 88164 88165
14761 88167 88168 88169 88170 88171 88172 88173 88174
14762 88176 88177 88178 88179 88180 88181 88182 88183 88184
14763 88186 88187
14764 88189 88190 88191 88192 88193 88194 88195
14765 88197 88198 88199 88200 88201 88202 88203 88204 88205
14766 88207 88208 88209 88210 88211 88212 88213 88214 88215
14767 88217 88218 88219 88220 88221 88222 88223 88224 88225
14768 88227 88228 88229 88230 88231 88232
14769 88234 88235 88236 88237 88238
14770 88240
14772 88242
14773 88244 88245 88246 88247
14774 88249
14776 88251
14777 88253 88254
14780 88256 88257
14781 88259 88260 88261 88262 88263 88264
14782 88266 88267 88268 88269 88270 88271 88272 88273 88274
14783 88276 88277 88278 88279 88280 88281 88282 88283 88284
14784 88286 88287 88288 88289
14785 88291 88292
14786 88294 88295 88296 88297 88298 88299 88300 88301 88302
14787 88304 88305 88306 88307 88308 88309
14789 88311 88312 88313
14790 88315
14792 88317 88318 88319 88320 88321 88322 88323 88324 88325
14793 88327 88328
14794 88330 88331 88332 88333 88334 88335 88336
14795 88338
14796 88340
14798 88342
14801 88344 88345 88346
14802 88348
14803 88350 88351 88352 88353 88354 88355 88356 88357 88358
14804 88360 88361 88362 88363 88364 88365 88366 88367 88368
14805 88370 88371
14806 88373 88374 88375 88376 88377
14807 88379 88380 88381 88382 88383 88384 88385
14808 88387 88388 88389 88390 88391
14811 88393 88394 88395 88396 88397 88398 88399 88400 88401
14812 88403 88404 88405 88406 88407 88408 88409 88410 88411
14813 88413 88414 88415 88416 88417 88418 88419 88420 88421
14814 88423 88424 88425 88426 88427 88428
14815 88430 88431 88432 88433 88434
14816 88436
14817 88438 88439 88440 88441 88442
14818 88444 88445 88446 88447 88448 88449 88450 88451 88452
14819 88454 88455 88456 88457 88458 88459 88460 88461 88462
14820 88464 88465 88466 88467 88468
14821 88470 88471 88472
14822 88474 88475 88476 88477 88478
14824 88480
14825 88482 88483 88484
14826 88486
14827 88488
14829 88490 88491 88492 88493 88494 88495
14832 88497 88498 88499 88500 88501 88502 88503 88504 88505
14833 88507
14835 88509 88510 88511 88512 88513 88514 88515
14836 88517 88518 88519 88520 88521 88522 88523
14837 88525 88526 88527 88528 88529 88530 88531 88532 88533
14838 88535 88536 88537 88538 88539 88540 88541 88542
14839 88544
14840 88546 88547 88548
14841 88550 88551 88552 88553 88554 88555 88556 88557 88558
14842 88560
14843 88562 88563 88564 88565
14845 88567 88568
14846 88570 88571 88572 88573 88574 88575 88576 88577 88578
14848 88580 88581 88582
14849 88584
14850 88586
14851 88588
14852 88590 88591 88592
14853 88594 88595
14855 88597 88598 88599 88600 88601 88602 88603
14856 88605 88606 88607 88608 88609 88610 88611 88612 88613
14857 88615 88616 88617 88618 88619
14858 88621
14859 88623
14860 88625 88626 88627 88628 88629 88630 88631 88632 88633
14861 88635 88636 88637 88638 88639
14862 88641 88642 88643 88644 88645 88646 88647 88648 88649
14863 88651
14864 88653 88654 88655 88656 88657
14865 88659 88660 88661 88662 88663 88664 88665 88666 88667
14866 88669 88670
14867 88672 88673
14868 88675
14870 88677 88678
14871 88680
14872 88682 88683
14874 88685 88686 88687 88688 88689 88690 88691 88692 88693
14875 88695 88696 88697 88698 88699 88700
14876 88702 88703 88704 88705 88706
14877 88708 88709 88710 88711 88712
14878 88714
14879 88716 88717 88718 88719 88720 88721 88722 88723 88724
14880 88726
14881 88728 88729 88730
14882 88732 88733 88734 88735 88736 88737 88738 88739 88740
14884 88742
14885 88744 88745 88746 88747 88748 88749 88750 88751 88752
14887 88754 88755 88756 88757 88758 88759
14888 88761 88762
14889 88764
14891 88766 88767 88768 88769 88770 88771 88772 88773
14892 88775
14893 88777 88778 88779 88780
14894 88782 88783 88784 88785 88786 88787
14896 88789 88790
14899 88792 88793 88794 88795 88796 88797 88798 88799 88800
14900 88802 88803 88804 88805 88806 88807 88808 88809
14901 88811
14902 88813 88814 88815 88816 88817 88818 88819 88820 88821
14903 88823 88824 88825 88826
14904 88828 88829 88830 88831 88832 88833 88834 88835 88836
14906 88838 88839 88840 88841
14907 88843 88844 88845 88846 88847
14908 88849 88850
14909 88852 88853 88854 88855
14910 88857 88858 88859
14911 88861 88862
14913 88864 88865 88866 88867
14915 88869 88870
14916 88872 88873 88874 88875 88876 88877 88878 88879 88880
14917 88882 88883 88884 88885 88886 88887 88888
14919 88890 88891 88892 88893
14922 88895 88896 88897
14924 88899
14925 88901 88902 88903 88904 88905 88906 88907 88908
14926 88910 88911 88912 88913 88914 88915 88916 88917 88918
14927 88920 88921 88922 88923 88924 88925 88926 88927
14928 88929 88930 88931
14929 88933 88934 88935
14931 88937 88938 88939
14932 88941 88942 88943
14933 88945 88946
14934 88948 88949 88950 88951 88952 88953 88954
14935 88956 88957 88958 88959 88960 88961 88962 88963 88964
14936 88966 88967 88968 88969 88970 88971 88972 88973
14938 88975 88976 88977 88978 88979 88980 88981 88982
14939 88984
14940 88986 88987
14941 88989
14942 88991
14943 88993
14944 88995 88996 88997 88998 88999 89000 89001
14946 89003 89004 89005 89006 89007 89008 89009 89010 89011
14948 89013 89014
14949 89016
14952 89018 89019 89020 89021 89022 89023 89024 89025 89026
14955 89028 89029 89030 89031
14957 89033 89034 89035
14959 89037 89038
14960 89040 89041 89042 89043 89044 89045 89046 89047 89048
14962 89050 89051 89052
14963 89054 89055 89056 89057 89058 89059 89060 89061 89062
14964 89064 89065 89066
14967 89068 89069
14968 89071 89072
14969 89074 89075 89076 89077
14970 89079
14971 89081 89082 89083 89084 89085
14973 89087
14975 89089 89090 89091 89092 89093 89094 89095 89096 89097
14976 89099 89100
14979 89102
14980 89104 89105
14982 89107 89108 89109
14985 89111 89112 89113 89114 89115 89116 89117 89118
14986 89120 89121 89122
14988 89124 89125 89126 89127
14989 89129 89130 89131 89132 89133 89134
14990 89136
14992 89138 89139 89140 89141
14995 89143
14996 89145
14997 89147 89148 89149 89150 89151 89152 89153 89154 89155
14998 89157 89158 89159 89160 89161 89162 89163 89164 89165
14999 89167 89168 89169 89170
15000 89172 89173 89174 89175 89176 89177 89178 89179
15001 89181
15002 89183 89184
15003 89186 89187
15005 89189 89190 89191 89192
15006 89194 89195 89196 89197 89198 89199 89200 89201 89202
15007 89204 89205 89206 89207
15010 89209 89210 89211 89212 89213 89214 89215 89216 89217
15012 89219
15013 89221
15014 89223 89224
15015 89226 89227 89228 89229 89230
15017 89232 89233 89234 89235 89236 89237 89238 89239 89240
15018 89242 89243
15021 89245 89246
15022 89248 89249
15023 89251 89252 89253 89254 89255 89256 89257
15025 89259 89260 89261 89262 89263
15027 89265
15028 89267 89268 89269
15029 89271 89272
15031 89274 89275 89276 89277 89278 89279
15032 89281 89282 89283 89284 89285 89286 89287 89288 89289
15033 89291
15036 89293 89294 89295 89296 89297
15037 89299
15038 89301 89302 89303 89304 89305 89306 89307 89308 89309
15039 89311 89312
15040 89314 89315 89316 89317
15044 89319 89320 89321 89322 89323
15045 89325 89326 89327 89328 89329 89330 89331 89332 89333
15047 89335 89336 89337 89338
15048 89340 89341 89342 89343 89344
15049 89346 89347 89348 89349 89350 89351 89352 89353 89354
15055 89356
15056 89358 89359
15057 89361 89362 89363 89364 89365 89366 89367 89368 89369
15059 89371 89372 89373 89374 89375 89376 89377 89378 89379
15060 89381 89382 89383 89384 89385 89386 89387
15061 89389 89390 89391 89392 89393 89394
15063 89396
15064 89398 89399 89400 89401 89402 89403 89404
15066 89406
15067 89408
15068 89410 89411 89412 89413 89414 89415 89416 89417 89418
15069 89420 89421 89422 89423
15070 89425 89426
15072 89428 89429 89430 89431 89432 89433 89434 89435
15073 89437
15075 89439 89440 89441
15081 89443
15083 89445 89446 89447 89448 89449 89450 89451 89452 89453
15084 89455 89456
15085 89458 89459 89460 89461 89462 89463 89464 89465 89466
15086 89468 89469 89470 89471
15087 89473 89474 89475 89476
15088 89478 89479 89480 89481 89482 89483 89484 89485 89486
15089 89488
15090 89490
15093 89492
15096 89494 89495
15097 89497 89498
15098 89500
15099 89502 89503 89504
15100 89506 89507
15101 89509 89510 89511 89512 89513 89514 89515
15103 89517
15104 89519 89520 89521
15105 89523
15106 89525 89526 89527 89528 89529
15107 89531
15108 89533 89534
15111 89536
15114 89538
15115 89540 89541
15117 89543 89544 89545
15118 89547 89548 89549 89550 89551 89552
15120 89554 89555 89556 89557 89558 89559 89560
15121 89562 89563
15122 89565 89566 89567 89568 89569 89570 89571
15124 89573 89574 89575 89576 89577 89578 89579 89580 89581
15125 89583 89584 89585 89586 89587 89588 89589 89590
15129 89592 89593 89594 89595 89596 89597 89598 89599 89600
15130 89602 89603 89604 89605 89606 89607 89608 89609 89610
15133 89612 89613 89614 89615 89616 89617 89618 89619 89620
15134 89622 89623 89624 89625 89626
15135 89628
15138 89630 89631
15139 89633 89634 89635
15140 89637 89638 89639 89640
15141 89642 89643 89644 89645 89646
15142 89648 89649 89650
15143 89652 89653
15144 89655 89656 89657 89658
15145 89660 89661
15146 89663 89664
15148 89666
15149 89668 89669 89670 89671 89672
15150 89674 89675 89676 89677 89678
15151 89680
15153 89682
15155 89684 89685 89686
15156 89688
15157 89690 89691 89692 89693 89694 89695 89696 89697 89698
15159 89700
15161 89702 89703 89704 89705 89706 89707 89708 89709 89710
15162 89712 89713 89714 89715
15163 89717 89718 89719 89720 89721 89722 89723 89724 89725
15164 89727 89728 89729
15166 89731 89732 89733 89734 89735 89736 89737
15167 89739
15169 89741
15170 89743 89744
15171 89746 89747 89748 89749 89750
15172 89752 89753 89754 89755 89756 89757 89758
15175 89760
15176 89762 89763 89764 89765 89766 89767 89768 89769 89770
15177 89772 89773
15178 89775 89776 89777
15179 89779 89780 89781 89782 89783 89784 89785 89786 89787
15181 89789
15182 89791 89792 89793 89794 89795
15184 89797 89798 89799 89800
15185 89802 89803 89804 89805 89806 89807 89808 89809
15186 89811
15187 89813 89814 89815 89816
15188 89818
15189 89820 89821
15190 89823
15192 89825
15193 89827
15194 89829 89830
15196 89832 89833 89834 89835 89836
15198 89838 89839 89840 89841 89842 89843 89844
15199 89846 89847 89848 89849 89850 89851 89852 89853 89854
15202 89856 89857
15203 89859
15204 89861 89862 89863
15207 89865 89866 89867 89868 89869 89870
15208 89872 89873 89874 89875 89876 89877 89878 89879 89880
15210 89882 89883 89884 89885 89886 89887
15213 89889 89890 89891
15214 89893 89894 89895 89896 89897 89898 89899 89900 89901
15215 89903 89904 89905 89906 89907 89908 89909 89910 89911
15217 89913 89914
15218 89916 89917 89918 89919
15219 89921
15220 89923
15221 89925
15222 89927 89928
15223 89930 89931 89932
15224 89934 89935 89936 89937 89938 89939 89940 89941 89942
15226 89944 89945
15230 89947 89948 89949 89950 89951 89952 89953 89954 89955
15234 89957 89958 89959 89960 89961 89962 89963 89964 89965
15236 89967
15237 89969 89970 89971 89972 89973
15238 89975 89976 89977
15239 89979 89980 89981 89982 89983 89984 89985 89986 89987
15240 89989 89990 89991 89992 89993 89994
15242 89996
15243 89998 89999 90000 90001 90002 90003 90004 90005 90006
15244 90008
15245 90010
15246 90012 90013 90014 90015 90016 90017 90018 90019 90020
15247 90022 90023 90024
15248 90026 90027 90028 90029 90030 90031 90032 90033
15250 90035 90036 90037 90038 90039 90040 90041
15251 90043 90044 90045 90046 90047
15254 90049 90050
15255 90052 90053 90054 90055 90056 90057 90058 90059 90060
15256 90062 90063
15257 90065
15258 90067 90068 90069 90070
15259 90072 90073 90074 90075 90076 90077 90078 90079 90080
15261 90082 90083 90084 90085 90086 90087 90088 90089 90090
15262 90092
15263 90094
15264 90096 90097 90098 90099
15265 90101
15266 90103 90104 90105
15267 90107 90108 90109 90110 90111 90112 90113 90114
15268 90116
15269 90118
15270 90120
15272 90122 90123
15273 90125 90126 90127 90128
15275 90130 90131 90132 90133 90134
15276 90136 90137 90138 90139 90140 90141 90142 90143
15278 90145 90146 90147 90148 90149
15279 90151 90152
15281 90154 90155 90156
15282 90158 90159 90160
15285 90162 90163 90164 90165 90166 90167 90168
15286 90170 90171 90172 90173 90174 90175 90176 90177 90178
15287 90180 90181 90182
15288 90184 90185 90186 90187 90188 90189 90190 90191 90192
15289 90194 90195 90196 90197 90198 90199 90200 90201
15290 90203 90204 90205 90206 90207 90208 90209 90210 90211
15291 90213 90214 90215 90216 90217 90218 90219 90220 90221
15292 90223
15293 90225 90226
15294 90228 90229 90230 90231
15297 90233 90234 90235 90236 90237 90238 90239 90240 90241
15298 90243 90244
15299 90246 90247 90248 90249 90250 90251 90252 90253
15300 90255 90256 90257
15302 90259 90260 90261 90262 90263 90264 90265 90266 90267
15303 90269 90270
15304 90272 90273
15306 90275 90276 90277
15307 90279 90280 90281 90282 90283 90284
15308 90286 90287 90288
15310 90290
15312 90292 90293 90294 90295 90296 90297 90298 90299 90300
15317 90302
15318 90304 90305 90306 90307 90308 90309 90310 90311 90312
15323 90314
15324 90316 90317 90318 90319 90320 90321 90322 90323 90324
15326 90326 90327
15327 90329 90330 90331 90332 90333
15328 90335 90336 90337 90338 90339 90340 90341 90342 90343
15329 90345 90346 90347
15330 90349
15331 90351
15332 90353 90354 90355 90356 90357 90358 90359
15333 90361 90362
15335 90364 90365
15336 90367 90368 90369 90370 90371 90372 90373 90374 90375
15338 90377
15340 90379 90380 90381 90382 90383 90384 90385 90386
15342 90388 90389 90390
15343 90392 90393 90394 90395 90396 90397 90398 90399 90400
15344 90402 90403 90404 90405 90406 90407
15347 90409 90410 90411 90412 90413 90414
15350 90416 90417 90418 90419
15351 90421 90422 90423 90424 90425
15352 90427
15355 90429 90430
15356 90432
15357 90434 90435 90436 90437
15358 90439 90440
15360 90442 90443 90444
15361 90446 90447 90448 90449 90450 90451
15363 90453 90454 90455 90456 90457 90458 90459 90460 90461
15364 90463 90464 90465 90466 90467 90468 90469 90470 90471
15365 90473 90474 90475 90476 90477 90478 90479 90480 90481
15366 90483 90484 90485
15367 90487 90488
15368 90490 90491
15370 90493 90494 90495 90496 90497 90498 90499 90500 90501
15375 90503 90504 90505
15376 90507 90508 90509 90510 90511 90512 90513 90514 90515
15378 90517 90518 90519 90520 90521 90522 90523 90524
15379 90526 90527 90528 90529 90530
15380 90532
15382 90534 90535 90536
15383 90538 90539 90540 90541 90542 90543 90544
15384 90546
15386 90548 90549 90550 90551
15388 90553 90554 90555 90556 90557 90558
15389 90560 90561
15392 90563
15393 90565 90566 90567
15394 90569
15395 90571 90572 90573 90574 90575 90576 90577
15396 90579 90580 90581 90582 90583
15397 90585 90586 90587 90588 90589 90590 90591 90592 90593
15399 90595 90596 90597 90598 90599 90600 90601 90602 90603
15402 90605
15403 90607 90608 90609
15406 90611 90612 90613 90614 90615 90616 90617 90618 90619
15407 90621 90622 90623 90624 90625 90626
15408 90628
15409 90630 90631 90632 90633 90634 90635 90636
15410 90638 90639 90640 90641 90642 90643 90644 90645 90646
15411 90648
15412 90650 90651 90652 90653 90654 90655 90656 90657 90658
15414 90660 90661 90662 90663 90664
15416 90666 90667 90668 90669 90670 90671 90672 90673 90674
15417 90676 90677
15419 90679 90680 90681 90682 90683
15422 90685 90686
15425 90688 90689 90690 90691 90692 90693 90694 90695 90696
15426 90698 90699 90700 90701 90702 90703 90704 90705
15427 90707 90708 90709 90710 90711 90712 90713 90714 90715
15429 90717 90718 90719 90720 90721 90722 90723 90724 90725
15431 90727 90728 90729 90730 90731 90732 90733 90734 90735
15432 90737
15433 90739 90740 90741 90742 90743 90744 90745 90746 90747
15436 90749 90750 90751 90752 90753
15437 90755 90756 90757 90758 90759 90760
15438 90762 90763 90764
15439 90766 90767
15440 90769 90770 90771 90772 90773 90774 90775 90776 90777
15441 90779 90780 90781 90782 90783 90784 90785 90786 90787
15442 90789 90790
15443 90792 90793 90794 90795 90796 90797 90798 90799
15445 90801
15446 90803
15447 90805 90806 90807 90808 90809 90810
15450 90812 90813 90814 90815 90816 90817 90818 90819 90820
15451 90822 90823 90824
15452 90826 90827 90828 90829 90830 90831
15454 90833 90834 90835 90836 90837 90838 90839 90840 90841
15455 90843 90844 90845 90846 90847 90848 90849 90850 90851
15456 90853 90854
15458 90856 90857 90858 90859 90860 90861 90862 90863 90864
15460 90866 90867 90868 90869 90870
15461 90872 90873 90874 90875
15464 90877 90878 90879 90880
15465 90882 90883 90884 90885 90886 90887 90888 90889 90890
15467 90892 90893 90894 90895 90896
15468 90898 90899 90900 90901 90902 90903 90904 90905 90906
15469 90908
15470 90910 90911 90912 90913 90914
15473 90916 90917 90918 90919
15476 90921 90922
15479 90924 90925
15480 90927 90928 90929 90930 90931 90932
15482 90934 90935 90936
15486 90938 90939 90940
15487 90942
15491 90944
15493 90946 90947 90948 90949
15495 90951 90952
15496 90954 90955 90956 90957 90958 90959 90960 90961
15498 90963
15502 90965 90966 90967 90968 90969
15503 90971 90972 90973 90974 90975 90976
15504 90978 90979 90980 90981 90982 90983 90984 90985 90986
15505 90988 90989 90990 90991
15507 90993 90994 90995 90996 90997 90998 90999 91000 91001
15508 91003
15510 91005
15511 91007 91008 91009 91010 91011 91012 91013 91014 91015
15512 91017 91018 91019 91020
15513 91022 91023 91024 91025 91026 91027 91028
15514 91030 91031 91032
15515 91034 91035 91036 91037 91038 91039 91040 91041 91042
15518 91044 91045
15520 91047 91048 91049
15522 91051 91052 91053 91054
15523 91056 91057 91058 91059 91060 91061 91062 91063
15524 91065 91066 91067 91068
15526 91070 91071 91072
15528 91074 91075 91076 91077 91078 91079 91080 91081 91082
15529 91084 91085
15530 91087 91088 91089 91090
15532 91092 91093 91094 91095 91096
15533 91098 91099 91100 91101 91102
15534 91104 91105 91106 91107 91108 91109 91110 91111 91112
15535 91114 91115 91116 91117 91118 91119 91120
15536 91122 91123 91124
15537 91126 91127 91128
15538 91130 91131
15539 91133 91134 91135 91136
15541 91138 91139 91140 91141 91142 91143
15542 91145 91146 91147 91148 91149 91150 91151 91152 91153
15543 91155 91156 91157 91158 91159 91160 91161 91162 91163
15545 91165
15546 91167 91168 91169 91170 91171 91172 91173 91174 91175
15547 91177 91178 91179
15548 91181
15549 91183 91184 91185 91186 91187 91188 91189 91190 91191
15550 91193 91194 91195 91196 91197 91198 91199 91200 91201
15551 91203 91204 91205 91206 91207
15552 91209 91210 91211 91212 91213 91214 91215 91216 91217
15553 91219 91220 91221 91222 91223
15554 91225
15555 91227 91228 91229 91230 91231 91232
15556 91234 91235 91236 91237 91238 91239 91240 91241 91242
15557 91244 91245
15558 91247 91248 91249 91250 91251 91252 91253
15560 91255
15561 91257 91258 91259 91260
15562 91262
15563 91264 91265 91266 91267 91268 91269 91270 91271 91272
15564 91274
15566 91276 91277 91278 91279 91280 91281 91282 91283 91284
15567 91286 91287 91288
15568 91290 91291 91292 91293 91294 91295 91296 91297 91298
15572 91300 91301 91302 91303 91304 91305 91306
15573 91308 91309 91310 91311 91312 91313 91314 91315 91316
15574 91318
15575 91320 91321 91322 91323 91324 91325 91326
15576 91328 91329
15577 91331
15578 91333 91334 91335 91336 91337 91338 91339 91340 91341
15580 91343 91344
15581 91346 91347
15582 91349 91350 91351 91352
15585 91354 91355
15586 91357 91358 91359 91360 91361 91362 91363
15589 91365
15590 91367 91368
15591 91370
15593 91372
15596 91374 91375 91376 91377 91378
15597 91380 91381 91382
15598 91384 91385 91386 91387 91388 91389 91390 91391 91392
15599 91394 91395
15600 91397
15601 91399
15604 91401 91402
15605 91404 91405 91406 91407 91408 91409 91410 91411 91412
15607 91414 91415 91416
15608 91418 91419 91420
15610 91422 91423 91424 91425 91426 91427 91428 91429 91430
15611 91432 91433 91434 91435
15612 91437 91438 91439
15613 91441 91442 91443 91444 91445 91446 91447 91448
15614 91450 91451 91452 91453 91454 91455
15617 91457
15618 91459 91460
15619 91462 91463
15620 91465 91466 91467
15621 91469 91470 91471 91472 91473 91474 91475 91476 91477
15624 91479
15625 91481 91482 91483 91484 91485 91486 91487 91488 91489
15627 91491
15628 91493 91494
15629 91496 91497 91498
15631 91500 91501 91502 91503 91504
15633 91506 91507
15634 91509 91510 91511 91512 91513 91514
15635 91516 91517
15636 91519 91520 91521 91522 91523
15637 91525
15638 91527 91528 91529 91530
15639 91532 91533 91534 91535 91536 91537 91538 91539 91540
15640 91542 91543 91544 91545 91546
15641 91548 91549 91550
15644 91552 91553
15645 91555 91556 91557 91558 91559 91560 91561 91562 91563
15646 91565 91566 91567 91568
15647 91570 91571 91572 91573 91574 91575 91576 91577 91578
15648 91580 91581 91582
15650 91584 91585
15651 91587 91588 91589 91590 91591 91592 91593 91594 91595
15652 91597 91598 91599
15653 91601 91602 91603 91604
15654 91606 91607 91608 91609 91610 91611 91612
15655 91614 91615 91616 91617 91618 91619 91620 91621 91622
15656 91624 91625
15658 91627 91628 91629 91630 91631 91632 91633 91634 91635
15659 91637 91638 91639 91640
15661 91642 91643 91644 91645 91646 91647 91648 91649 91650
15662 91652 91653
15663 91655 91656 91657 91658 91659 91660 91661 91662
15664 91664 91665 91666 91667 91668 91669 91670 91671 91672
15665 91674 91675 91676 91677 91678 91679 91680 91681 91682
15666 91684 91685 91686 91687 91688 91689 91690 91691 91692
15667 91694 91695 91696
15671 91698 91699 91700 91701 91702 91703 91704 91705 91706
15675 91708 91709 91710 91711 91712 91713 91714 91715 91716
15677 91718 91719 91720 91721
15679 91723 91724 91725 91726
15681 91728 91729 91730 91731
15682 91733
15683 91735 91736 91737 91738 91739 91740 91741 91742
15686 91744 91745 91746 91747 91748 91749 91750 91751 91752
15687 91754 91755 91756 91757 91758 91759 91760 91761
15688 91763 91764
15689 91766 91767 91768
15690 91770 91771 91772 91773 91774 91775 91776 91777 91778
15694 91780 91781
15695 91783
15696 91785 91786 91787 91788 91789 91790 91791 91792 91793
15697 91795 91796 91797 91798 91799 91800 91801 91802 91803
15698 91805
15699 91807 91808 91809
15700 91811
15701 91813 91814 91815 91816
15702 91818 91819 91820
15703 91822
15704 91824 91825 91826 91827 91828 91829
15705 91831 91832
15707 91834 91835 91836 91837 91838 91839 91840 91841 91842
15708 91844 91845 91846 91847 91848 91849
15709 91851 91852
15711 91854 91855
15712 91857 91858 91859 91860 91861 91862 91863
15713 91865 91866 91867 91868 91869
15714 91871
15715 91873
15717 91875 91876 91877 91878 91879 91880
15718 91882 91883
15719 91885 91886
15720 91888 91889 91890
15721 91892 91893 91894 91895 91896 91897 91898 91899 91900
15723 91902
15726 91904 91905 91906 91907
15728 91909 91910
15729 91912 91913
15730 91915 91916 91917
15731 91919 91920 91921 91922
15732 91924
15733 91926
15734 91928
15735 91930 91931 91932 91933 91934 91935 91936 91937
15736 91939 91940 91941 91942 91943 91944 91945 91946 91947
15739 91949
15740 91951 91952 91953 91954 91955
15741 91957 91958 91959 91960 91961 91962 91963 91964 91965
15742 91967 91968 91969 91970 91971 91972 91973
15743 91975
15746 91977
15747 91979 91980 91981 91982
15751 91984 91985 91986
15752 91988 91989 91990 91991 91992 91993 91994 91995 91996
15754 91998 91999
15755 92001 92002 92003 92004 92005 92006 92007
15758 92009
15761 92011 92012 92013 92014 92015 92016
15762 92018 92019 92020 92021 92022 92023 92024 92025 92026
15764 92028 92029 92030
15765 92032
15766 92034
15767 92036
15769 92038 92039 92040 92041 92042 92043 92044
15770 92046 92047 92048 92049 92050 92051 92052 92053
15771 92055
15773 92057
15774 92059
15776 92061 92062 92063 92064
15777 92066 92067
15778 92069 92070 92071 92072 92073 92074 92075 92076
15780 92078
15781 92080 92081 92082
15782 92084 92085 92086
15783 92088 92089 92090 92091 92092 92093 92094 92095 92096
15784 92098 92099
15785 92101 92102 92103
15787 92105 92106 92107 92108 92109 92110 92111
15789 92113 92114 92115 92116 92117
15790 92119 92120
15791 92122 92123 92124 92125 92126 92127
15792 92129 92130
15793 92132
15794 92134 92135 92136 92137 92138 92139 92140 92141 92142
15795 92144 92145 92146 92147
15799 92149 92150
15800 92152 92153 92154 92155 92156 92157 92158
15801 92160 92161 92162 92163 92164 92165 92166 92167 92168
15802 92170
15803 92172 92173 92174 92175 92176
15804 92178
15805 92180 92181 92182
15807 92184 92185 92186 92187
15808 92189 92190 92191 92192 92193 92194 92195 92196 92197
15810 92199 92200 92201 92202 92203 92204
15812 92206 92207 92208 92209
15815 92211 92212
15816 92214 92215 92216 92217 92218 92219 92220 92221 92222
15818 92224 92225 92226 92227 92228 92229 92230 92231 92232
15819 92234 92235 92236
15820 92238 92239 92240
15822 92242 92243
15823 92245 92246 92247 92248 92249 92250 92251 92252
15824 92254 92255 92256 92257 92258 92259
15825 92261 92262 92263 92264 92265
15826 92267
15827 92269
15829 92271 92272 92273 92274
15830 92276 92277 92278 92279
15831 92281 92282 92283 92284 92285 92286 92287 92288 92289
15832 92291
15835 92293 92294 92295 92296
15837 92298 92299 92300 92301 92302 92303 92304 92305 92306
15838 92308
15839 92310 92311 92312 92313 92314 92315 92316 92317 92318
15840 92320
15842 92322 92323 92324 92325 92326 92327 92328 92329 92330
15843 92332 92333 92334
15844 92336 92337 92338
15845 92340 92341 92342 92343
15846 92345
15847 92347
15849 92349 92350 92351 92352 92353 92354 92355 92356 92357
15850 92359
15852 92361 92362 92363 92364 92365
15853 92367 92368 92369 92370 92371 92372 92373 92374 92375
15854 92377 92378
15855 92380 92381 92382 92383 92384 92385 92386 92387 92388
15856 92390
15857 92392 92393
15858 92395 92396
15859 92398 92399 92400 92401
15860 92403 92404
15862 92406 92407
15863 92409 92410 92411 92412 92413 92414
15864 92416 92417 92418 92419 92420 92421 92422 92423 92424
15865 92426 92427 92428 92429 92430 92431 92432 92433
15866 92435 92436
15867 92438
15868 92440 92441 92442 92443 92444 92445
15870 92447
15872 92449 92450 92451
15873 92453 92454
15874 92456 92457 92458 92459 92460 92461 92462 92463 92464
15875 92466 92467 92468 92469 92470 92471 92472 92473
15877 92475
15878 92477 92478 92479
15880 92481 92482 92483 92484 92485 92486 92487 92488 92489
15881 92491
15882 92493 92494 92495 92496 92497
15884 92499 92500
15887 92502
15888 92504 92505 92506 92507
15889 92509 92510 92511 92512 92513 92514 92515 92516 92517
15891 92519 92520 92521
15892 92523
15893 92525 92526 92527 92528 92529 92530 92531 92532 92533
15894 92535
15895 92537
15896 92539 92540 92541 92542 92543 92544 92545 92546 92547
15897 92549
15898 92551 92552 92553 92554
15899 92556 92557 92558 92559 92560 92561 92562 92563
15900 92565 92566 92567 92568 92569
15902 92571
15903 92573 92574 92575 92576 92577
15905 92579 92580
15906 92582 92583 92584
15909 92586 92587 92588 92589 92590 92591
15911 92593 92594
15913 92596
15914 92598 92599 92600
15915 92602 92603 92604 92605 92606 92607 92608 92609 92610
15916 92612 92613
15917 92615
15918 92617
15920 92619 92620
15922 92622 92623
15923 92625
15924 92627 92628 92629 92630 92631 92632 92633
15925 92635 92636 92637 92638 92639
15926 92641 92642 92643 92644 92645
15927 92647 92648 92649 92650 92651 92652 92653 92654 92655
15928 92657
15930 92659
15932 92661 92662 92663 92664 92665 92666 92667
15936 92669 92670 92671 92672 92673 92674 92675 92676 92677
15937 92679 92680 92681 92682
15939 92684 92685 92686 92687 92688 92689 92690
15941 92692 92693 92694
15942 92696
15943 92698 92699 92700 92701 92702 92703
15944 92705 92706 92707 92708 92709
15946 92711
15947 92713 92714 92715
15948 92717 92718
15950 92720
15951 92722 92723 92724 92725
15955 92727 92728
15956 92730 92731 92732 92733
15960 92735 92736
15963 92738 92739 92740 92741 92742 92743 92744 92745 92746
15964 92748 92749 92750 92751
15965 92753 92754
15966 92756 92757 92758
15969 92760 92761 92762 92763
15974 92765 92766 92767 92768 92769
15975 92771
15978 92773 92774 92775 92776 92777
15980 92779 92780 92781 92782 92783 92784 92785
15981 92787 92788 92789
15982 92791
15983 92793 92794 92795 92796 92797 92798 92799 92800
15984 92802 92803 92804 92805 92806 92807 92808 92809 92810
15985 92812 92813 92814 92815 92816 92817 92818 92819 92820
15986 92822 92823 92824 92825 92826 92827 92828 92829 92830
15987 92832 92833 92834 92835 92836
15988 92838 92839 92840 92841
15989 92843 92844 92845 92846 92847 92848 92849 92850
15990 92852 92853 92854 92855 92856
15995 92858 92859 92860 92861 92862 92863 92864 92865 92866
15996 92868 92869 92870 92871 92872
15998 92874 92875 92876 92877 92878 92879 92880 92881 92882
15999 92884 92885 92886
16001 92888 92889 92890 92891 92892 92893 92894 92895 92896
16002 92898 92899 92900
16003 92902 92903 92904 92905 92906
16005 92908
16006 92910 92911 92912 92913 92914 92915 92916 92917 92918
16008 92920 92921 92922 92923 92924 92925 92926 92927 92928
16010 92930 92931 92932 92933 92934
16011 92936
16012 92938 92939 92940 92941
16013 92943 92944
16017 92946 92947 92948
16019 92950 92951 92952
16020 92954 92955 92956 92957 92958 92959 92960 92961 92962
16021 92964 92965 92966
16024 92968 92969 92970 92971 92972 92973 92974 92975
16026 92977
16029 92979 92980 92981 92982 92983 92984
16032 92986 92987 92988 92989 92990
16035 92992
16036 92994 92995 92996
16038 92998
16039 93000
16042 93002 93003 93004 93005 93006 93007 93008 93009 93010
16044 93012 93013
16047 93015 93016 93017 93018 93019
16050 93021
16051 93023 93024 93025 93026 93027 93028 93029 93030 93031
16052 93033
16054 93035 93036 93037 93038 93039 93040 93041 93042 93043
16055 93045 93046 93047 93048 93049 93050 93051 93052 93053
16056 93055 93056 93057 93058 93059 93060 93061 93062 93063
16058 93065 93066 93067
16059 93069 93070 93071 93072 93073 93074 93075 93076 93077
16060 93079 93080
16061 93082 93083 93084
16062 93086
16063 93088 93089 93090 93091
16064 93093 93094 93095
16065 93097 93098 93099
16066 93101
16067 93103 93104 93105 93106
16068 93108 93109 93110 93111 93112 93113 93114
16069 93116
16072 93118 93119 93120
16073 93122 93123 93124
16075 93126 93127 93128 93129
16076 93131
16079 93133 93134 93135
16080 93137 93138 93139
16081 93141
16082 93143 93144 93145
16085 93147 93148 93149
16087 93151 93152 93153 93154 93155 93156 93157
16089 93159 93160 93161
16090 93163
16091 93165 93166 93167
16092 93169
16093 93171 93172
16095 93174
16096 93176 93177
16097 93179 93180 93181 93182 93183 93184 93185 93186 93187
16100 93189 93190 93191 93192
16103 93194 93195 93196 93197 93198
16104 93200
16105 93202 93203 93204 93205 93206 93207 93208 93209 93210
16106 93212
16108 93214 93215 93216 93217 93218 93219 93220
16109 93222 93223 93224
16111 93226
16112 93228 93229 93230
16113 93232
16116 93234 93235 93236 93237 93238 93239 93240 93241 93242
16118 93244 93245 93246 93247 93248 93249 93250 93251 93252
16119 93254
16121 93256
16122 93258 93259 93260
16124 93262 93263 93264 93265 93266 93267 93268 93269 93270
16125 93272 93273 93274 93275 93276
16126 93278 93279 93280 93281 93282 93283
16127 93285
16128 93287 93288 93289 93290 93291 93292 93293 93294 93295
16130 93297 93298
16131 93300 93301 93302 93303 93304 93305 93306 93307 93308
16132 93310 93311
16134 93313
16136 93315 93316 93317
16137 93319 93320 93321 93322 93323 93324 93325 93326 93327
16138 93329 93330
16139 93332 93333 93334 93335
16141 93337
16142 93339 93340 93341 93342 93343 93344 93345 93346
16143 93348
16144 93350 93351
16145 93353 93354 93355 93356 93357 93358 93359 93360 93361
16146 93363 93364 93365 93366
16149 93368 93369 93370 93371 93372 93373 93374 93375 93376
16150 93378
16151 93380 93381
16152 93383 93384 93385 93386 93387 93388 93389 93390
16153 93392 93393 93394 93395 93396 93397 93398 93399 93400
16154 93402
16156 93404 93405
16158 93407 93408 93409
16159 93411 93412
16160 93414
16161 93416
16162 93418
16164 93420 93421 93422 93423 93424 93425 93426 93427 93428
16165 93430 93431 93432
16166 93434
16168 93436 93437 93438
16169 93440 93441
16172 93443 93444 93445 93446 93447 93448
16174 93450 93451 93452 93453 93454
16175 93456 93457
16176 93459
16177 93461 93462 93463 93464
16178 93466 93467 93468 93469 93470 93471
16179 93473
16180 93475 93476 93477 93478 93479
16181 93481 93482 93483 93484 93485 93486 93487 93488 93489
16182 93491 93492 93493 93494
16183 93496
16189 93498 93499 93500 93501 93502 93503
16191 93505 93506 93507 93508 93509 93510
16193 93512 93513 93514 93515 93516 93517 93518 93519 93520
16194 93522 93523 93524 93525 93526 93527 93528 93529 93530
16196 93532 93533 93534 93535 93536 93537 93538
16197 93540
16198 93542
16199 93544 93545
16200 93547
16201 93549 93550 93551 93552 93553 93554 93555 93556 93557
16202 93559 93560
16203 93562 93563
16205 93565 93566 93567 93568 93569 93570 93571 93572 93573
16207 93575 93576
16208 93578
16209 93580 93581 93582 93583 93584 93585 93586 93587 93588
16210 93590 93591 93592 93593 93594 93595 93596 93597 93598
16211 93600 93601 93602 93603 93604
16212 93606 93607 93608
16213 93610 93611
16214 93613 93614 93615 93616
16215 93618 93619 93620 93621 93622 93623 93624 93625 93626
16216 93628 93629 93630 93631 93632 93633 93634 93635 93636
16217 93638 93639
16218 93641 93642
16219 93644
16222 93646 93647
16224 93649 93650 93651 93652 93653 93654
16226 93656 93657
16227 93659 93660 93661 93662 93663 93664 93665 93666 93667
16228 93669 93670 93671 93672 93673 93674
16229 93676 93677 93678 93679 93680 93681 93682 93683 93684
16230 93686
16234 93688
16236 93690
16237 93692 93693 93694 93695 93696 93697 93698 93699 93700
16238 93702 93703 93704
16239 93706
16241 93708 93709 93710
16243 93712 93713
16245 93715 93716 93717 93718 93719 93720 93721
16246 93723 93724 93725
16248 93727 93728
16249 93730 93731 93732 93733 93734 93735 93736 93737
16253 93739 93740 93741 93742 93743 93744 93745 93746 93747
16256 93749 93750 93751
16257 93753 93754 93755 93756 93757
16259 93759 93760 93761 93762 93763 93764
16260 93766 93767
16262 93769 93770
16263 93772 93773
16264 93775 93776 93777
16265 93779 93780 93781 93782 93783 93784 93785 93786 93787
16266 93789 93790
16269 93792 93793 93794 93795 93796 93797 93798 93799 93800
16271 93802
16273 93804 93805 93806
16274 93808 93809
16275 93811 93812 93813 93814 93815 93816 93817
16278 93819 93820 93821 93822 93823 93824 93825 93826 93827
16279 93829
16283 93831
16285 93833 93834 93835 93836 93837 93838 93839
16287 93841 93842 93843 93844 93845 93846 93847 93848 93849
16288 93851 93852
16289 93854
16290 93856 93857 93858 93859 93860 93861 93862
16291 93864
16294 93866
16295 93868 93869 93870
16296 93872 93873 93874 93875 93876 93877 93878 93879 93880
16297 93882 93883
16298 93885 93886
16299 93888 93889
16300 93891 93892 93893 93894 93895
16301 93897 93898 93899 93900 93901 93902 93903 93904 93905
16303 93907 93908 93909 93910 93911
16305 93913
16306 93915 93916 93917 93918
16307 93920 93921 93922 93923
16308 93925
16309 93927 93928
16310 93930 93931 93932 93933 93934 93935 93936 93937 93938
16311 93940 93941
16312 93943 93944 93945 93946
16313 93948
16314 93950
16315 93952 93953
16316 93955 93956 93957 93958 93959 93960 93961 93962 93963
16319 93965 93966 93967 93968 93969 93970
16320 93972
16322 93974
16324 93976 93977
16326 93979
16327 93981 93982
16328 93984
16329 93986 93987 93988 93989 93990 93991 93992 93993 93994
16332 93996 93997 93998 93999 94000 94001 94002 94003 94004
16333 94006 94007 94008 94009 94010 94011 94012 94013 94014
16334 94016 94017 94018 94019 94020 94021 94022 94023 94024
16335 94026
16337 94028 94029 94030
16338 94032 94033 94034 94035 94036 94037
16339 94039 94040 94041 94042
16340 94044 94045 94046 94047 94048 94049 94050 94051 94052
16341 94054 94055 94056 94057 94058 94059 94060 94061 94062
16342 94064 94065 94066 94067 94068 94069 94070 94071
16343 94073 94074
16344 94076 94077 94078 94079 94080 94081
16347 94083 94084 94085 94086 94087 94088 94089 94090 94091
16349 94093
16351 94095 94096 94097 94098 94099 94100 94101
16354 94103 94104
16356 94106 94107 94108 94109 94110 94111 94112 94113 94114
16357 94116
16359 94118 94119 94120 94121 94122 94123 94124 94125 94126
16361 94128 94129 94130 94131 94132 94133 94134 94135 94136
16363 94138 94139 94140
16364 94142
16366 94144 94145 94146 94147 94148 94149 94150 94151 94152
16367 94154
16370 94156 94157 94158 94159
16371 94161 94162 94163 94164
16372 94166 94167 94168
16376 94170 94171
16377 94173
16379 94175 94176 94177 94178 94179 94180 94181 94182 94183
16380 94185 94186 94187 94188 94189 94190 94191 94192 94193
16382 94195 94196 94197 94198 94199 94200 94201 94202
16383 94204
16384 94206
16386 94208
16387 94210 94211 94212 94213 94214 94215 94216 94217
16388 94219
16391 94221 94222 94223 94224 94225 94226 94227 94228 94229
16394 94231
16396 94233 94234 94235 94236
16400 94238 94239 94240 94241 94242 94243
16401 94245 94246 94247 94248 94249 94250
16404 94252 94253 94254
16405 94256 94257
16408 94259 94260 94261 94262 94263 94264 94265 94266 94267
16409 94269 94270 94271 94272 94273
16410 94275
16412 94277
16413 94279 94280 94281 94282 94283 94284 94285 94286 94287
16414 94289 94290 94291 94292 94293 94294 94295 94296 94297
16416 94299 94300 94301 94302 94303 94304 94305
16417 94307 94308 94309
16418 94311
16420 94313 94314 94315
16421 94317
16422 94319 94320 94321 94322 94323 94324 94325 94326 94327
16423 94329
16425 94331
16428 94333 94334 94335 94336 94337 94338 94339
16429 94341 94342 94343 94344 94345 94346 94347 94348 94349
16430 94351 94352 94353
16431 94355
16432 94357 94358 94359 94360
16433 94362 94363 94364 94365 94366 94367
16436 94369 94370 94371 94372 94373 94374 94375 94376 94377
16437 94379 94380 94381 94382 94383 94384 94385 94386 94387
16438 94389 94390
16440 94392 94393 94394 94395
16441 94397 94398 94399 94400 94401 94402 94403 94404
16443 94406
16444 94408 94409 94410 94411 94412 94413 94414
16445 94416
16446 94418 94419
16448 94421 94422 94423 94424 94425 94426 94427 94428 94429
16449 94431 94432
16452 94434 94435 94436 94437 94438 94439
16453 94441 94442 94443 94444 94445 94446 94447 94448 94449
16454 94451 94452 94453 94454 94455
16456 94457 94458
16459 94460
16462 94462 94463 94464 94465 94466 94467 94468 94469 94470
16464 94472 94473 94474 94475 94476 94477 94478 94479 94480
16465 94482
16466 94484 94485 94486 94487 94488
16467 94490
16468 94492 94493 94494 94495 94496 94497
16469 94499
16470 94501
16471 94503 94504 94505
16474 94507
16479 94509 94510 94511 94512 94513 94514
16480 94516
16481 94518 94519
16482 94521 94522 94523 94524
16483 94526 94527 94528
16485 94530 94531 94532
16486 94534
16488 94536 94537 94538 94539 94540 94541 94542 94543
16489 94545
16490 94547 94548
16492 94550 94551
16493 94553 94554
16495 94556 94557 94558 94559
16498 94561 94562
16500 94564 94565 94566 94567
16501 94569 94570 94571
16502 94573 94574
16505 94576 94577
16506 94579 94580
16507 94582 94583 94584 94585 94586 94587 94588 94589
16510 94591
16511 94593
16512 94595
16513 94597
16516 94599 94600 94601 94602
16517 94604
16518 94606 94607 94608 94609 94610 94611
16519 94613 94614 94615 94616 94617
16523 94619 94620 94621 94622 94623 94624
16525 94626 94627
16528 94629 94630 94631
16530 94633
16534 94635 94636 94637
16535 94639 94640
16536 94642 94643 94644
16539 94646
16540 94648 94649 94650 94651 94652 94653
16541 94655 94656
16542 94658
16544 94660 94661 94662
16546 94664 94665 94666 94667 94668
16549 94670 94671 94672
16551 94674 94675 94676 94677 94678
16552 94680 94681 94682 94683 94684
16554 94686 94687 94688 94689 94690
16555 94692 94693 94694
16556 94696 94697
16557 94699
16558 94701 94702 94703 94704
16562 94706 94707 94708 94709 94710 94711
16563 94713 94714 94715 94716
16564 94718 94719 94720 94721
16565 94723 94724 94725 94726 94727 94728 94729 94730 94731
16566 94733
16567 94735 94736 94737 94738 94739 94740
16569 94742 94743 94744 94745
16570 94747 94748
16571 94750 94751
16572 94753 94754 94755 94756
16574 94758 94759 94760 94761 94762 94763 94764 94765 94766
16575 94768
16577 94770 94771 94772
16578 94774 94775 94776 94777 94778 94779 94780 94781 94782
16579 94784 94785 94786 94787
16581 94789
16582 94791
16583 94793
16584 94795 94796 94797
16585 94799 94800 94801 94802 94803 94804 94805 94806 94807
16588 94809 94810
16589 94812 94813 94814 94815
16591 94817
16592 94819 94820 94821 94822
16593 94824 94825 94826 94827
16594 94829 94830 94831 94832 94833
16595 94835 94836 94837 94838 94839 94840 94841
16596 94843 94844 94845 94846 94847 94848 94849 94850
16597 94852 94853 94854
16598 94856
16599 94858 94859
16602 94861 94862 94863 94864 94865 94866 94867 94868 94869
16603 94871 94872 94873 94874 94875 94876
16604 94878 94879
16605 94881 94882
16607 94884 94885 94886 94887
16608 94889 94890 94891 94892
16609 94894 94895 94896 94897 94898 94899 94900 94901 94902
16610 94904
16613 94906
16615 94908 94909 94910 94911 94912 94913 94914
16617 94916 94917 94918 94919
16620 94921 94922 94923 94924 94925 94926 94927 94928 94929
16626 94931 94932
16627 94934
16628 94936 94937
16630 94939 94940 94941 94942 94943 94944
16631 94946
16633 94948 94949 94950 94951 94952 94953 94954 94955 94956
16635 94958
16636 94960
16641 94962
16642 94964 94965 94966 94967 94968 94969 94970 94971 94972
16643 94974 94975 94976 94977 94978 94979 94980 94981 94982
16645 94984
16647 94986 94987 94988 94989 94990 94991 94992 94993 94994
16648 94996 94997
16650 94999 95000 95001 95002
16651 95004 95005 95006 95007 95008 95009 95010 95011 95012
16652 95014 95015 95016 95017 95018 95019 95020
16654 95022 95023 95024
16656 95026 95027
16657 95029 95030
16658 95032 95033 95034 95035 95036 95037 95038 95039 95040
16660 95042
16661 95044 95045 95046 95047 95048 95049
16663 95051 95052 95053 95054 95055 95056 95057 95058 95059
16664 95061
16665 95063 95064
16666 95066 95067 95068
16670 95070 95071
16671 95073 95074
16673 95076 95077 95078 95079 95080 95081 95082 95083 95084
16674 95086 95087 95088 95089 95090 95091 95092
16678 95094 95095 95096 95097 95098 95099 95100 95101 95102
16679 95104 95105 95106 95107 95108 95109
16681 95111 95112
16682 95114
16683 95116 95117 95118 95119 95120 95121 95122 95123 95124
16685 95126 95127
16687 95129 95130 95131 95132 95133 95134
16688 95136 95137
16689 95139 95140 95141 95142
16690 95144
16692 95146 95147 95148 95149 95150 95151 95152 95153 95154
16693 95156 95157 95158 95159 95160 95161 95162 95163 95164
16696 95166 95167 95168
16697 95170 95171 95172 95173 95174 95175 95176 95177
16698 95179 95180 95181 95182 95183 95184 95185 95186 95187
16699 95189
16700 95191
16701 95193
16702 95195
16703 95197 95198 95199 95200 95201
16707 95203 95204 95205 95206 95207 95208 95209 95210 95211
16708 95213 95214 95215 95216 95217 95218
16709 95220
16711 95222 95223 95224 95225 95226 95227 95228 95229 95230
16713 95232 95233 95234 95235 95236 95237 95238 95239 95240
16715 95242 95243 95244
16716 95246 95247
16717 95249 95250
16718 95252 95253 95254 95255
16719 95257
16720 95259
16722 95261 95262
16724 95264 95265 95266 95267 95268 95269 95270 95271 95272
16725 95274 95275 95276 95277 95278 95279 95280 95281 95282
16726 95284 95285 95286 95287 95288
16727 95290 95291
16728 95293 95294 95295 95296 95297 95298 95299 95300 95301
16729 95303
16730 95305 95306 95307
16731 95309 95310 95311 95312
16734 95314 95315 95316 95317
16735 95319 95320 95321 95322 95323 95324 95325
16737 95327
16738 95329 95330 95331 95332 95333 95334 95335 95336 95337
16739 95339 95340 95341 95342 95343 95344 95345
16740 95347
16741 95349 95350 95351
16742 95353 95354 95355 95356 95357 95358 95359 95360 95361
16743 95363 95364 95365 95366 95367 95368 95369 95370 95371
16744 95373 95374 95375 95376 95377 95378 95379 95380 95381
16747 95383
16752 95385 95386
16753 95388 95389 95390 95391 95392 95393 95394 95395 95396
16754 95398 95399
16756 95401 95402
16757 95404 95405 95406 95407 95408 95409 95410 95411 95412
16759 95414 95415
16760 95417 95418 95419
16761 95421 95422
16762 95424 95425
16763 95427 95428 95429 95430 95431 95432 95433 95434 95435
16764 95437 95438 95439 95440 95441
16766 95443 95444 95445 95446 95447
16769 95449 95450
16771 95452
16772 95454 95455
16773 95457 95458 95459 95460
16774 95462 95463
16775 95465 95466 95467
16778 95469 95470 95471
16779 95473
16780 95475 95476 95477 95478
16781 95480 95481 95482 95483 95484 95485 95486
16783 95488 95489 95490 95491 95492 95493 95494
16784 95496 95497 95498 95499 95500 95501 95502 95503 95504
16785 95506
16787 95508 95509 95510 95511 95512
16789 95514
16790 95516 95517 95518 95519 95520 95521 95522 95523 95524
16791 95526 95527 95528 95529 95530 95531 95532 95533 95534
16792 95536
16793 95538
16795 95540 95541 95542
16796 95544 95545 95546 95547 95548 95549 95550 95551 95552
16800 95554 95555 95556 95557 95558 95559 95560 95561 95562
16801 95564
16806 95566 95567 95568 95569 95570 95571 95572 95573 95574
16808 95576
16809 95578 95579 95580
16813 95582 95583
16814 95585 95586 95587 95588 95589 95590 95591 95592 95593
16816 95595 95596 95597 95598
16821 95600 95601 95602
16823 95604
16824 95606 95607 95608
16825 95610 95611 95612
16826 95614 95615
16827 95617 95618
16828 95620 95621 95622 95623 95624 95625 95626 95627 95628
16829 95630
16832 95632 95633 95634 95635 95636 95637 95638 95639 95640
16833 95642 95643 95644 95645 95646 95647 95648
16834 95650 95651 95652 95653
16835 95655 95656 95657 95658 95659 95660 95661 95662 95663
16836 95665 95666 95667 95668 95669 95670 95671 95672
16837 95674 95675 95676 95677 95678
16840 95680 95681 95682 95683 95684 95685 95686 95687 95688
16841 95690
16842 95692 95693
16843 95695
16844 95697 95698
16845 95700 95701 95702 95703 95704 95705 95706 95707 95708
16847 95710 95711 95712 95713 95714 95715 95716 95717 95718
16848 95720 95721 95722
16850 95724
16851 95726 95727 95728
16852 95730 95731 95732 95733 95734
16853 95736 95737 95738 95739
16854 95741 95742 95743 95744 95745 95746 95747 95748 95749
16855 95751 95752
16856 95754
16857 95756 95757 95758 95759 95760 95761 95762
16860 95764 95765 95766 95767 95768
16862 95770 95771 95772 95773 95774 95775 95776
16863 95778 95779 95780
16864 95782 95783 95784 95785
16866 95787 95788
16867 95790 95791 95792 95793 95794 95795
16868 95797 95798 95799 95800
16870 95802 95803 95804 95805 95806 95807 95808 95809
16872 95811 95812 95813 95814 95815 95816 95817 95818 95819
16874 95821
16879 95823
16882 95825 95826
16884 95828 95829 95830 95831 95832 95833 95834 95835
16886 95837 95838 95839
16888 95841 95842 95843 95844
16889 95846 95847 95848 95849 95850
16890 95852 95853 95854 95855 95856 95857 95858 95859 95860
16893 95862 95863 95864
16894 95866 95867 95868 95869
16895 95871 95872 95873 95874
16897 95876
16898 95878 95879 95880
16899 95882
16900 95884 95885 95886 95887 95888 95889 95890
16901 95892 95893 95894 95895 95896
16904 95898 95899 95900
16905 95902 95903 95904 95905 95906 95907 95908 95909 95910
16906 95912 95913
16907 95915
16908 95917
16909 95919 95920 95921 95922 95923 95924 95925 95926 95927
16910 95929 95930 95931 95932
16912 95934 95935 95936
16913 95938
16914 95940 95941 95942
16915 95944 95945 95946 95947 95948 95949 95950 95951 95952
16917 95954 95955 95956
16918 95958 95959 95960 95961 95962 95963 95964 95965 95966
16919 95968 95969 95970 95971 95972 95973
16920 95975
16921 95977 95978
16922 95980 95981 95982 95983 95984 95985 95986 95987 95988
16923 95990 95991 95992 95993
16924 95995 95996 95997 95998 95999 96000 96001 96002 96003
16925 96005
16926 96007 96008
16927 96010 96011 96012 96013
16928 96015 96016 96017
16930 96019 96020 96021 96022 96023 96024
16931 96026
16932 96028 96029
16933 96031
16937 96033
16938 96035 96036
16942 96038 96039 96040
16943 96042 96043 96044 96045 96046 96047 96048 96049 96050
16944 96052
16946 96054
16947 96056
16948 96058 96059 96060
16950 96062 96063
16952 96065 96066 96067 96068 96069
16953 96071
16954 96073 96074 96075 96076
16957 96078 96079 96080 96081 96082 96083 96084 96085 96086
16958 96088 96089 96090 96091
16960 96093 96094
16961 96096
16962 96098
16965 96100 96101 96102 96103 96104 96105
16967 96107 96108 96109
16969 96111 96112 96113 96114
16970 96116 96117 96118
16971 96120 96121
16972 96123 96124 96125 96126 96127 96128
16974 96130 96131 96132 96133 96134 96135 96136
16977 96138 96139 96140 96141 96142
16979 96144
16980 96146 96147 96148
16984 96150 96151 96152 96153 96154 96155 96156 96157 96158
16986 96160 96161 96162 96163 96164 96165 96166 96167
16987 96169 96170 96171 96172
16988 96174 96175 96176 96177 96178 96179 96180 96181 96182
16989 96184
16991 96186
16992 96188 96189
16997 96191 96192 96193
16998 96195 96196 96197 96198
17000 96200 96201 96202 96203 96204 96205 96206 96207 96208
17001 96210 96211 96212 96213 96214 96215 96216 96217 96218
17002 96220 96221 96222 96223 96224
17003 96226 96227
17004 96229 96230 96231 96232 96233 96234 96235 96236 96237
17005 96239
17007 96241 96242
17008 96244 96245
17011 96247 96248
17013 96250 96251 96252 96253
17015 96255 96256 96257 96258 96259
17017 96261 96262 96263 96264 96265
17019 96267 96268 96269 96270 96271
17021 96273 96274
17024 96276 96277 96278 96279 96280 96281 96282 96283
17025 96285 96286 96287 96288 96289 96290 96291 96292 96293
17026 96295 96296 96297
17029 96299
17030 96301 96302 96303 96304 96305 96306 96307
17037 96309 96310 96311 96312 96313 96314 96315 96316
17038 96318 96319 96320 96321 96322 96323 96324 96325 96326
17041 96328 96329 96330 96331 96332 96333 96334 96335 96336
17043 96338 96339 96340 96341 96342 96343 96344 96345 96346
17044 96348 96349 96350 96351 96352 96353 96354 96355 96356
17045 96358 96359 96360 96361 96362 96363 96364 96365 96366
17046 96368 96369
17047 96371 96372 96373 96374
17052 96376 96377 96378
17053 96380 96381 96382 96383 96384 96385 96386 96387 96388
17054 96390 96391 96392 96393
17055 96395 96396 96397
17057 96399 96400 96401
17058 96403
17061 96405
17063 96407
17064 96409
17065 96411
17066 96413 96414 96415 96416
17067 96418
17068 96420 96421
17069 96423
17070 96425 96426 96427 96428 96429 96430 96431 96432 96433
17072 96435
17075 96437 96438 96439 96440 96441 96442 96443 96444 96445
17076 96447 96448
17077 96450
17080 96452 96453 96454 96455 96456 96457 96458 96459 96460
17081 96462 96463 96464 96465 96466 96467
17082 96469 96470 96471 96472 96473
17083 96475 96476 96477
17084 96479 96480
17085 96482
17086 96484
17090 96486
17092 96488 96489
17093 96491 96492
17094 96494 96495 96496 96497 96498 96499
17095 96501 96502 96503 96504 96505
17096 96507 96508
17097 96510
17099 96512 96513
17100 96515 96516 96517 96518
17101 96520 96521 96522 96523 96524 96525 96526 96527 96528
17102 96530 96531 96532 96533 96534 96535 96536 96537 96538
17103 96540 96541
17104 96543 96544 96545 96546 96547 96548 96549 96550 96551
17106 96553 96554
17108 96556 96557 96558
17111 96560
17114 96562 96563 96564 96565 96566 96567 96568 96569 96570
17116 96572 96573 96574 96575 96576 96577
17117 96579 96580
17118 96582 96583 96584 96585 96586
17119 96588 96589 96590 96591 96592 96593
17120 96595
17121 96597 96598
17122 96600 96601 96602 96603 96604
17125 96606 96607 96608 96609 96610 96611 96612 96613 96614
17126 96616 96617 96618 96619 96620
17128 96622 96623 96624
17129 96626 96627
17130 96629 96630 96631 96632
17131 96634 96635 96636
17133 96638 96639
17136 96641 96642
17138 96644 96645 96646 96647
17140 96649 96650 96651 96652 96653
17143 96655 96656 96657 96658 96659 96660 96661
17144 96663
17147 96665
17148 96667
17150 96669 96670
17152 96672 96673
17154 96675 96676 96677 96678
17156 96680
17160 96682 96683 96684 96685 96686 96687
17163 96689 96690
17165 96692 96693
17166 96695 96696 96697 96698
17170 96700
17171 96702 96703 96704 96705
17172 96707
17173 96709 96710 96711 96712 96713 96714 96715 96716 96717
17174 96719 96720 96721
17175 96723 96724 96725 96726
17176 96728 96729 96730 96731 96732 96733 96734 96735 96736
17179 96738 96739 96740 96741 96742 96743 96744 96745 96746
17180 96748 96749 96750 96751
17181 96753 96754 96755 96756 96757 96758 96759
17183 96761 96762 96763 96764 96765 96766 96767
17185 96769
17186 96771 96772 96773 96774 96775
17187 96777 96778 96779 96780
17189 96782 96783 96784 96785 96786
17190 96788 96789
17193 96791
17197 96793 96794 96795
17198 96797 96798 96799 96800 96801
17200 96803
17201 96805 96806 96807 96808 96809
17202 96811 96812 96813 96814
17203 96816
17204 96818 96819 96820 96821 96822 96823 96824 96825 96826
17205 96828 96829
17207 96831
17208 96833
17209 96835 96836
17211 96838 96839 96840 96841 96842
17215 96844 96845 96846 96847 96848
17216 96850 96851 96852 96853 96854 96855 96856 96857 96858
17222 96860 96861 96862 96863 96864
17225 96866 96867 96868 96869
17226 96871 96872 96873 96874
17228 96876 96877 96878
17229 96880
17231 96882 96883 96884 96885 96886 96887 96888
17232 96890 96891 96892 96893 96894 96895 96896 96897 96898
17234 96900 96901
17235 96903
17236 96905 96906 96907 96908 96909 96910 96911 96912 96913
17239 96915 96916 96917 96918 96919
17240 96921 96922 96923 96924
17243 96926
17244 96928 96929 96930 96931 96932
17245 96934 96935 96936 96937 96938 96939 96940 96941
17246 96943 96944 96945 96946
17248 96948 96949
17251 96951 96952
17252 96954 96955
17253 96957 96958 96959 96960 96961 96962 96963 96964 96965
17254 96967 96968
17255 96970
17256 96972 96973 96974 96975
17257 96977
17258 96979 96980 96981 96982 96983 96984 96985
17260 96987 96988 96989 96990 96991 96992 96993 96994 96995
17261 96997 96998 96999 97000 97001 97002 97003
17264 97005
17266 97007 97008 97009 97010
17267 97012
17268 97014 97015 97016 97017 97018 97019
17269 97021 97022 97023
17270 97025 97026
17271 97028 97029 97030 97031
17273 97033 97034 97035 97036
17274 97038 97039 97040 97041
17275 97043 97044
17277 97046 97047 97048
17279 97050 97051
17280 97053 97054
17282 97056 97057 97058 97059 97060 97061 97062 97063 97064
17283 97066 97067 97068 97069
17284 97071
17287 97073 97074 97075 97076 97077
17288 97079 97080
17289 97082 97083 97084 97085 97086 97087 97088 97089 97090
17291 97092
17292 97094 97095
17293 97097 97098 97099 97100 97101 97102 97103 97104
17295 97106 97107 97108
17297 97110 97111 97112
17298 97114
17300 97116 97117 97118 97119
17301 97121
17303 97123
17304 97125 97126 97127 97128 97129 97130
17307 97132 97133 97134 97135 97136 97137 97138 97139 97140
17310 97142 97143 97144
17311 97146
17312 97148 97149
17313 97151 97152 97153
17316 97155 97156 97157 97158 97159
17318 97161 97162
17319 97164 97165 97166 97167 97168 97169 97170 97171
17320 97173 97174
17321 97176
17322 97178 97179 97180 97181 97182 97183 97184
17324 97186 97187 97188 97189 97190
17326 97192 97193 97194 97195 97196 97197 97198 97199 97200
17327 97202 97203 97204
17329 97206 97207 97208
17330 97210 97211 97212
17331 97214 97215 97216 97217 97218 97219 97220
17332 97222 97223 97224 97225 97226 97227 97228 97229 97230
17333 97232 97233
17335 97235
17336 97237 97238 97239 97240 97241 97242 97243 97244 97245
17337 97247 97248 97249 97250 97251
17338 97253 97254 97255
17339 97257 97258 97259 97260 97261 97262 97263 97264
17340 97266 97267 97268
17342 97270
17343 97272 97273 97274 97275 97276 97277
17344 97279
17345 97281 97282 97283 97284 97285 97286 97287 97288 97289
17346 97291
17348 97293 97294 97295 97296 97297
17349 97299
17350 97301 97302
17351 97304 97305 97306 97307 97308
17352 97310 97311 97312
17353 97314 97315 97316 97317 97318 97319 97320 97321 97322
17354 97324 97325 97326 97327 97328 97329 97330 97331 97332
17356 97334
17357 97336
17358 97338 97339
17359 97341 97342 97343 97344 97345 97346 97347 97348 97349
17364 97351
17365 97353 97354 97355 97356 97357 97358 97359 97360 97361
17366 97363 97364 97365 97366
17367 97368
17368 97370 97371 97372 97373
17369 97375 97376 97377
17370 97379 97380 97381
17371 97383 97384 97385 97386 97387 97388 97389 97390
17373 97392 97393 97394 97395 97396 97397 97398 97399
17374 97401 97402 97403 97404 97405 97406
17376 97408
17377 97410
17378 97412 97413 97414 97415 97416 97417 97418 97419 97420
17379 97422 97423 97424 97425 97426 97427 97428 97429 97430
17381 97432 97433
17383 97435 97436 97437 97438 97439
17385 97441 97442 97443
17387 97445 97446 97447
17391 97449
17392 97451 97452 97453 97454 97455 97456 97457
17394 97459
17396 97461 97462 97463
17397 97465 97466 97467 97468 97469 97470 97471 97472
17399 97474 97475 97476 97477 97478 97479 97480 97481 97482
17401 97484 97485 97486 97487 97488 97489 97490 97491 97492
17402 97494 97495 97496
17404 97498 97499
17405 97501 97502 97503 97504 97505 97506 97507
17406 97509 97510 97511 97512 97513 97514 97515 97516 97517
17407 97519 97520 97521 97522
17408 97524
17409 97526
17410 97528 97529 97530
17412 97532 97533 97534 97535
17414 97537 97538 97539
17417 97541
17422 97543 97544 97545 97546 97547 97548 97549 97550 97551
17423 97553 97554 97555 97556 97557 97558 97559 97560 97561
17424 97563 97564 97565 97566 97567 97568
17426 97570 97571
17427 97573 97574 97575
17429 97577
17430 97579 97580 97581
17433 97583 97584
17434 97586
17436 97588 97589 97590
17439 97592
17442 97594 97595 97596
17446 97598 97599 97600 97601 97602 97603 97604 97605 97606
17447 97608 97609
17449 97611 97612 97613 97614 97615
17451 97617 97618
17454 97620 97621 97622 97623
17456 97625 97626 97627
17457 97629
17459 97631 97632 97633 97634 97635 97636 97637 97638 97639
17460 97641 97642 97643 97644 97645 97646
17461 97648
17463 97650 97651 97652 97653 97654
17469 97656
17470 97658
17471 97660 97661 97662 97663 97664 97665 97666 97667 97668
17472 97670 97671 97672 97673 97674
17474 97676 97677 97678
17477 97680 97681 97682 97683
17479 97685 97686 97687 97688 97689 97690 97691 97692
17480 97694 97695 97696 97697 97698 97699 97700 97701 97702
17481 97704 97705 97706
17484 97708 97709 97710 97711 97712 97713 97714 97715 97716
17485 97718 97719
17486 97721
17490 97723 97724
17491 97726 97727 97728 97729 97730 97731 97732 97733
17492 97735
17496 97737 97738 97739 97740
17497 97742
17498 97744 97745 97746 97747 97748 97749
17499 97751 97752 97753 97754 97755 97756 97757 97758 97759
17501 97761
17502 97763 97764 97765 97766 97767 97768 97769
17503 97771
17504 97773 97774 97775 97776
17505 97778 97779 97780
17506 97782
17507 97784 97785 97786
17509 97788 97789 97790 97791 97792 97793
17511 97795
17513 97797 97798
17514 97800 97801
17515 97803 97804 97805 97806
17516 97808 97809 97810 97811 97812 97813 97814 97815 97816
17517 97818 97819 97820 97821 97822 97823 97824 97825 97826
17518 97828
17519 97830 97831
17521 97833 97834 97835 97836 97837 97838 97839 97840 97841
17524 97843 97844
17525 97846 97847 97848 97849 97850
17527 97852 97853 97854 97855
17528 97857 97858 97859
17530 97861 97862 97863
17533 97865 97866 97867 97868 97869 97870 97871 97872 97873
17534 97875 97876 97877 97878 97879 97880 97881 97882 97883
17536 97885
17537 97887 97888 97889 97890 97891 97892 97893 97894 97895
17538 97897 97898 97899 97900 97901
17539 97903
17540 97905
17541 97907
17542 97909 97910 97911 97912 97913 97914 97915
17543 97917 97918 97919 97920 97921 97922 97923
17545 97925 97926 97927 97928 97929 97930 97931 97932 97933
17549 97935 97936 97937
17550 97939 97940 97941 97942 97943 97944 97945 97946 97947
17552 97949 97950 97951 97952 97953 97954 97955 97956 97957
17553 97959 97960 97961 97962 97963 97964
17554 97966
17555 97968
17557 97970 97971 97972 97973
17560 97975 97976 97977 97978 97979 97980 97981
17561 97983 97984 97985 97986 97987
17562 97989
17565 97991 97992
17566 97994 97995 97996 97997 97998 97999 98000 98001
17567 98003
17569 98005
17570 98007
17571 98009 98010 98011
17572 98013 98014
17573 98016 98017 98018 98019 98020 98021
17574 98023
17575 98025 98026 98027
17577 98029 98030 98031 98032
17578 98034 98035 98036
17579 98038 98039
17581 98041 98042 98043 98044 98045 98046 98047 98048 98049
17582 98051 98052 98053 98054 98055
17584 98057 98058 98059 98060
17585 98062
17586 98064 98065 98066
17587 98068 98069 98070 98071 98072 98073 98074 98075 98076
17588 98078 98079 98080 98081
17589 98083 98084
17591 98086
17593 98088
17594 98090 98091 98092 98093
17595 98095 98096 98097 98098 98099 98100 98101 98102
17596 98104 98105 98106 98107 98108 98109
17599 98111 98112
17600 98114
17601 98116
17602 98118 98119 98120 98121 98122
17603 98124 98125 98126 98127 98128 98129 98130 98131 98132
17604 98134
17606 98136
17608 98138 98139 98140 98141
17609 98143 98144
17611 98146 98147 98148 98149
17612 98151
17613 98153 98154 98155 98156 98157 98158 98159 98160 98161
17615 98163 98164
17616 98166 98167 98168
17619 98170 98171 98172 98173 98174 98175 98176 98177 98178
17621 98180 98181 98182 98183 98184 98185
17622 98187 98188 98189 98190 98191 98192 98193 98194
17625 98196
17626 98198 98199 98200
17627 98202 98203 98204 98205 98206 98207
17629 98209 98210 98211 98212 98213 98214
17632 98216 98217 98218 98219 98220 98221 98222 98223 98224
17633 98226 98227 98228 98229 98230 98231 98232 98233 98234
17635 98236
17637 98238 98239 98240 98241 98242 98243 98244 98245 98246
17638 98248 98249 98250
17641 98252 98253 98254 98255
17643 98257 98258 98259
17644 98261
17645 98263 98264 98265 98266 98267 98268
17646 98270
17648 98272 98273 98274 98275 98276 98277 98278
17649 98280 98281 98282 98283 98284 98285 98286 98287 98288
17650 98290 98291 98292
17651 98294 98295 98296 98297 98298 98299
17655 98301 98302
17656 98304
17658 98306 98307 98308 98309 98310 98311 98312 98313 98314
17659 98316 98317 98318 98319
17660 98321 98322
17661 98324 98325 98326 98327
17663 98329 98330
17666 98332 98333 98334
17667 98336 98337 98338 98339 98340
17668 98342 98343 98344 98345
17669 98347
17671 98349
17673 98351 98352 98353 98354 98355 98356 98357
17677 98359 98360
17679 98362 98363 98364 98365 98366
17680 98368 98369 98370
17682 98372 98373 98374 98375 98376
17685 98378
17686 98380
17687 98382
17691 98384 98385 98386 98387 98388
17693 98390 98391 98392 98393 98394
17695 98396 98397 98398 98399 98400 98401 98402 98403 98404
17698 98406 98407 98408
17701 98410 98411 98412 98413
17703 98415 98416 98417 98418 98419 98420 98421 98422 98423
17704 98425 98426 98427 98428 98429 98430 98431
17705 98433 98434
17706 98436 98437
17707 98439 98440 98441 98442
17708 98444 98445 98446 98447 98448 98449
17709 98451 98452 98453
17710 98455 98456
17715 98458 98459 98460
17716 98462 98463 98464 98465 98466 98467 98468 98469 98470
17717 98472
17718 98474 98475 98476 98477 98478 98479 98480 98481 98482
17722 98484 98485 98486 98487 98488 98489 98490 98491 98492
17723 98494 98495
17724 98497 98498 98499 98500 98501 98502 98503
17725 98505 98506 98507 98508 98509 98510 98511 98512 98513
17727 98515 98516
17728 98518 98519 98520
17730 98522
17732 98524
17733 98526 98527 98528
17735 98530
17737 98532 98533 98534 98535 98536 98537 98538 98539
17738 98541
17740 98543 98544
17742 98546
17744 98548
17748 98550 98551 98552 98553 98554 98555 98556 98557
17749 98559 98560 98561 98562
17751 98564 98565 98566 98567 98568 98569
17752 98571
17755 98573 98574 98575
17757 98577
17758 98579 98580
17759 98582 98583
17760 98585 98586 98587
17761 98589 98590
17762 98592 98593 98594 98595 98596 98597 98598 98599 98600
17763 98602 98603 98604 98605
17764 98607 98608 98609
17769 98611 98612 98613 98614 98615 98616 98617 98618 98619
17770 98621
17771 98623 98624
17774 98626 98627 98628 98629
17775 98631 98632 98633 98634 98635 98636 98637 98638 98639
17776 98641 98642 98643 98644 98645 98646
17777 98648 98649 98650 98651 98652 98653 98654 98655 98656
17778 98658 98659
17779 98661 98662 98663 98664 98665 98666 98667
17780 98669
17781 98671
17782 98673 98674 98675 98676 98677 98678 98679 98680 98681
17783 98683 98684 98685 98686 98687
17786 98689 98690 98691 98692 98693
17787 98695 98696 98697 98698 98699 98700 98701 98702 98703
17788 98705
17790 98707 98708
17792 98710
17793 98712 98713 98714 98715 98716 98717
17794 98719 98720 98721 98722 98723 98724 98725
17795 98727
17796 98729 98730 98731 98732 98733 98734 98735 98736 98737
17798 98739
17799 98741 98742
17801 98744 98745 98746 98747 98748 98749
17802 98751 98752 98753 98754 98755 98756 98757 98758 98759
17803 98761 98762 98763
17805 98765
17806 98767
17808 98769
17809 98771 98772
17811 98774 98775 98776 98777 98778 98779
17813 98781 98782 98783 98784 98785
17817 98787 98788 98789 98790 98791
17818 98793 98794 98795
17819 98797
17820 98799 98800 98801
17823 98803 98804
17825 98806 98807
17826 98809 98810 98811 98812
17827 98814
17830 98816
17832 98818 98819 98820
17833 98822 98823 98824
17834 98826 98827
17835 98829 98830 98831 98832 98833 98834 98835
17836 98837 98838 98839 98840 98841 98842
17837 98844 98845 98846
17839 98848
17840 98850 98851 98852 98853
17841 98855 98856 98857 98858 98859
17842 98861
17844 98863
17845 98865 98866 98867
17847 98869 98870 98871 98872 98873 98874 98875 98876 98877
17848 98879 98880 98881 98882 98883 98884 98885 98886 98887
17849 98889 98890
17850 98892
17851 98894
17855 98896 98897 98898
17857 98900
17858 98902 98903 98904 98905 98906 98907
17861 98909 98910
17862 98912 98913 98914 98915 98916 98917 98918 98919 98920
17863 98922
17864 98924 98925 98926 98927 98928 98929 98930 98931 98932
17865 98934 98935 98936
17866 98938 98939 98940 98941
17868 98943 98944 98945 98946 98947 98948 98949
17869 98951
17870 98953 98954
17871 98956 98957
17872 98959 98960
17873 98962
17874 98964
17875 98966
17876 98968 98969 98970 98971 98972 98973 98974 98975 98976
17879 98978 98979 98980 98981 98982 98983 98984 98985 98986
17881 98988 98989 98990 98991 98992 98993 98994 98995
17882 98997 98998 98999
17883 99001 99002 99003 99004 99005 99006 99007 99008
17884 99010
17885 99012 99013 99014
17886 99016
17887 99018
17889 99020
17891 99022 99023
17892 99025 99026
17893 99028 99029 99030 99031 99032 99033 99034 99035 99036
17894 99038 99039 99040 99041
17895 99043 99044
17896 99046 99047 99048 99049 99050
17897 99052 99053 99054 99055
17898 99057
17899 99059
17900 99061 99062 99063 99064 99065 99066 99067 99068 99069
17901 99071
17902 99073 99074
17903 99076
17906 99078 99079
17907 99081 99082 99083 99084 99085 99086 99087 99088 99089
17908 99091 99092 99093 99094 99095 99096 99097 99098
17910 99100 99101
17911 99103 99104
17912 99106 99107
17914 99109 99110
17915 99112 99113 99114 99115 99116 99117 99118 99119
17916 99121 99122
17918 99124 99125 99126
17921 99128 99129 99130 99131 99132 99133 99134 99135 99136
17922 99138 99139 99140 99141 99142 99143 99144 99145 99146
17924 99148
17927 99150
17931 99152 99153
17932 99155
17933 99157 99158 99159
17934 99161
17935 99163 99164
17936 99166
17937 99168 99169
17938 99171 99172 99173
17939 99175
17940 99177
17941 99179 99180 99181
17942 99183 99184 99185 99186 99187 99188 99189 99190 99191
17943 99193 99194 99195 99196 99197
17944 99199
17947 99201
17948 99203 99204
17949 99206 99207
17950 99209 99210 99211
17951 99213 99214 99215 99216 99217 99218 99219 99220 99221
17952 99223
17955 99225
17957 99227 99228 99229 99230 99231 99232 99233 99234 99235
17958 99237
17959 99239
17961 99241 99242 99243 99244 99245 99246 99247
17962 99249 99250 99251 99252
17963 99254
17964 99256 99257 99258 99259 99260 99261 99262 99263 99264
17965 99266 99267
17966 99269
17969 99271 99272
17970 99274 99275 99276 99277 99278 99279
17972 99281
17974 99283 99284 99285 99286 99287 99288 99289 99290 99291
17975 99293 99294 99295 99296 99297 99298
17976 99300 99301 99302
17977 99304
17980 99306 99307 99308 99309
17981 99311
17983 99313 99314 99315
17984 99317
17986 99319 99320 99321 99322 99323
17987 99325
17988 99327
17991 99329
17992 99331 99332 99333
17993 99335 99336 99337 99338 99339 99340 99341 99342 99343
17994 99345
17996 99347 99348
17997 99350 99351
17998 99353 99354
17999 99356 99357 99358 99359 99360 99361 99362 99363 99364
18001 99366
18004 99368 99369 99370 99371
18008 99373
18009 99375 99376 99377
18013 99379 99380
18014 99382
18016 99384
18017 99386 99387
18021 99389 99390 99391 99392 99393
18022 99395 99396 99397 99398 99399 99400 99401
18023 99403
18024 99405 99406 99407 99408 99409 99410 99411 99412 99413
18025 99415
18028 99417 99418 99419 99420 99421
18029 99423 99424 99425
18030 99427 99428 99429 99430
18031 99432
18035 99434
18036 99436 99437 99438 99439 99440 99441
18037 99443 99444 99445
18038 99447 99448 99449 99450 99451 99452 99453 99454 99455
18039 99457 99458 99459
18040 99461
18041 99463 99464 99465 99466 99467 99468 99469 99470 99471
18043 99473
18044 99475 99476
18045 99478 99479 99480 99481 99482 99483
18046 99485 99486 99487 99488 99489 99490 99491 99492 99493
18048 99495 99496 99497 99498 99499 99500 99501 99502 99503
18051 99505 99506 99507 99508 99509 99510 99511 99512 99513
18054 99515 99516 99517 99518 99519
18058 99521 99522 99523 99524 99525 99526 99527 99528 99529
18059 99531 99532
18060 99534 99535 99536 99537
18062 99539
18066 99541 99542
18068 99544 99545 99546 99547 99548 99549 99550 99551 99552
18070 99554 99555 99556 99557 99558 99559 99560 99561
18072 99563 99564 99565 99566 99567 99568
18073 99570 99571 99572 99573 99574 99575
18074 99577 99578 99579 99580 99581 99582 99583 99584 99585
18076 99587 99588 99589
18077 99591 99592 99593 99594 99595 99596 99597
18078 99599 99600
18080 99602 99603 99604 99605
18083 99607 99608 99609
18085 99611 99612
18086 99614 99615
18087 99617
18088 99619 99620
18089 99622
18091 99624 99625 99626 99627 99628 99629
18092 99631 99632 99633 99634 99635 99636 99637 99638
18094 99640 99641 99642 99643 99644 99645 99646 99647 99648
18096 99650 99651
18097 99653
18098 99655
18099 99657 99658 99659 99660
18101 99662 99663 99664 99665
18103 99667 99668 99669 99670
18104 99672 99673 99674
18105 99676 99677 99678 99679
18106 99681 99682 99683 99684 99685 99686 99687 99688 99689
18110 99691 99692 99693 99694 99695 99696 99697 99698 99699
18112 99701
18113 99703 99704
18115 99706 99707 99708 99709 99710
18116 99712 99713
18118 99715
18119 99717
18120 99719 99720 99721 99722
18121 99724
18122 99726
18123 99728 99729 99730 99731 99732
18125 99734 99735 99736 99737 99738 99739 99740 99741 99742
18126 99744 99745 99746 99747 99748 99749 99750 99751 99752
18127 99754 99755 99756
18130 99758
18131 99760
18132 99762
18133 99764 99765
18135 99767
18136 99769
18137 99771 99772 99773 99774 99775 99776 99777
18138 99779 99780 99781 99782 99783 99784 99785 99786 99787
18141 99789 99790
18144 99792 99793 99794
18145 99796 99797 99798 99799 99800 99801 99802 99803 99804
18149 99806 99807 99808 99809 99810 99811 99812 99813 99814
18151 99816 99817
18152 99819 99820 99821 99822 99823 99824
18153 99826 99827 99828 99829 99830 99831 99832 99833 99834
18155 99836 99837 99838 99839 99840
18156 99842 99843 99844
18158 99846
18159 99848
18161 99850 99851
18162 99853 99854 99855 99856 99857
18164 99859 99860
18165 99862 99863 99864 99865 99866 99867 99868
18166 99870 99871 99872 99873 99874 99875 99876 99877 99878
18168 99880 99881 99882 99883 99884 99885 99886
18169 99888 99889
18170 99891 99892 99893
18171 99895 99896 99897 99898 99899 99900 99901 99902 99903
18173 99905 99906 99907
18175 99909
18176 99911 99912 99913 99914
18177 99916 99917
18180 99919 99920 99921 99922 99923 99924
18181 99926 99927 99928 99929 99930 99931 99932 99933
18184 99935 99936 99937 99938
18186 99940
18188 99942 99943 99944 99945 99946 99947 99948 99949 99950
18189 99952 99953 99954
18190 99956
18191 99958
18193 99960
18194 99962
18195 99964 99965 99966 99967
18196 99969 99970 99971 99972 99973
18199 99975 99976
18200 99978 99979 99980
18201 99982
18202 99984
18203 99986 99987 99988
18204 99990 99991 99992 99993
18208 99995 99996 99997 99998 99999 100000 100001
18210 100003 100004 100005 100006 100007 100008 100009 100010
18211 100012 100013 100014 100015 100016
18213 100018 100019 100020
18214 100022
18215 100024 100025 100026 100027
18216 100029
18217 100031 100032 100033 100034 100035 100036 100037 100038 100039
18219 100041 100042 100043
18220 100045
18221 100047 100048 100049 100050 100051
18222 100053 100054 100055 100056
18223 100058 100059 100060 100061
18224 100063 100064 100065 100066 100067
18225 100069
18226 100071 100072 100073
18227 100075 100076 100077
18228 100079 100080 100081 100082
18229 100084
18231 100086 100087 100088 100089 100090 100091
18232 100093 100094 100095 100096
18234 100098
18236 100100 100101 100102 100103
18237 100105 100106 100107 100108 100109 100110
18238 100112 100113 100114 100115 100116 100117 100118 100119 100120
18239 100122 100123 100124 100125 100126 100127 100128 100129 100130
18242 100132
18243 100134 100135
18245 100137 100138 100139 100140
18246 100142
18248 100144 100145 100146
18249 100148
18251 100150 100151 100152 100153 100154 100155 100156 100157 100158
18253 100160 100161 100162 100163
18254 100165 100166 100167 100168 100169 100170
18255 100172 100173 100174 100175 100176
18257 100178 100179 100180 100181
18258 100183
18259 100185 100186 100187 100188 100189 100190 100191 100192 100193
18260 100195 100196 100197
18261 100199
18264 100201 100202
18265 100204
18268 100206 100207
18269 100209 100210 100211 100212 100213 100214 100215 100216 100217
18270 100219
18274 100221
18275 100223 100224
18277 100226 100227
18278 100229 100230 100231
18283 100233 100234 100235
18284 100237
18285 100239
18286 100241 100242 100243
18287 100245 100246
18291 100248 100249 100250 100251 100252 100253 100254 100255 100256
18292 100258 100259 100260 100261 100262 100263 100264
18293 100266 100267 100268 100269
18294 100271 100272
18295 100274 100275 100276
18297 100278 100279 100280 100281 100282
18299 100284 100285 100286 100287
18301 100289
18302 100291
18303 100293 100294 100295
18304 100297
18307 100299
18309 100301 100302 100303 100304 100305
18312 100307 100308
18313 100310 100311
18314 100313 100314
18316 100316 100317 100318 100319 100320 100321
18317 100323 100324 100325 100326 100327 100328 100329 100330 100331
18319 100333
18322 100335 100336
18323 100338
18324 100340 100341 100342 100343
18326 100345 100346 100347 100348 100349 100350 100351 100352
18328 100354 100355 100356 100357 100358 100359
18329 100361 100362 100363 100364 100365 100366 100367 100368 100369
18332 100371 100372 100373
18333 100375 100376 100377 100378 100379 100380 100381 100382 100383
18335 100385
18336 100387
18339 100389 100390 100391 100392 100393 100394 100395 100396 100397
18340 100399 100400 100401
18341 100403 100404 100405
18343 100407 100408 100409 100410 100411 100412 100413 100414 100415
18345 100417 100418 100419
18346 100421
18347 100423
18348 100425
18350 100427 100428
18351 100430 100431
18352 100433 100434 100435 100436 100437 100438 100439 100440 100441
18353 100443 100444 100445 100446 100447 100448 100449 100450 100451
18358 100453 100454 100455 100456 100457
18359 100459 100460 100461 100462
18360 100464 100465
18363 100467 100468 100469 100470
18366 100472 100473 100474
18368 100476 100477
18369 100479 100480 100481 100482 100483 100484 100485 100486 100487
18370 100489 100490 100491 100492 100493 100494 100495
18371 100497 100498
18372 100500
18373 100502
18374 100504 100505 100506 100507 100508 100509 100510 100511 100512
18377 100514 100515 100516 100517 100518
18378 100520 100521 100522
18379 100524 100525 100526 100527 100528 100529 100530 100531 100532
18381 100534 100535 100536 100537 100538 100539 100540 100541 100542
18382 100544
18384 100546 100547 100548 100549
18386 100551 100552 100553
18387 100555 100556 100557 100558 100559 100560
18388 100562 100563 100564 100565 100566 100567 100568 100569 100570
18390 100572
18391 100574
18392 100576
18393 100578 100579 100580 100581 100582 100583 100584 100585 100586
18395 100588 100589 100590 100591
18396 100593 100594 100595 100596 100597 100598 100599 100600 100601
18397 100603 100604 100605 100606 100607 100608
18398 100610 100611 100612 100613 100614 100615 100616 100617 100618
18401 100620 100621 100622 100623 100624
18404 100626 100627 100628 100629
18405 100631
18408 100633 100634 100635 100636 100637
18409 100639 100640 100641 100642
18410 100644 100645 100646
18411 100648 100649 100650
18412 100652 100653 100654 100655
18414 100657 100658 100659 100660 100661 100662
18416 100664
18418 100666 100667 100668 100669 100670 100671 100672 100673 100674
18419 100676 100677 100678 100679 100680 100681 100682
18421 100684
18422 100686 100687 100688 100689 100690
18423 100692
18424 100694 100695
18425 100697 100698 100699 100700
18426 100702
18427 100704
18429 100706 100707 100708 100709 100710 100711
18430 100713 100714 100715
18432 100717
18433 100719
18434 100721 100722 100723 100724 100725 100726 100727 100728
18435 100730 100731 100732 100733 100734 100735
18436 100737 100738 100739 100740 100741 100742 100743 100744 100745
18437 100747
18439 100749 100750 100751 100752 100753 100754 100755 100756 100757
18441 100759 100760 100761 100762 100763 100764
18442 100766
18443 100768
18445 100770 100771
18447 100773 100774 100775 100776 100777
18448 100779
18452 100781 100782 100783 100784 100785
18453 100787
18454 100789 100790
18455 100792 100793
18458 100795 100796 100797 100798 100799
18459 100801 100802 100803 100804 100805
18460 100807 100808
18461 100810
18463 100812
18464 100814 100815 100816 100817 100818
18465 100820 100821 100822 100823
18466 100825 100826 100827
18467 100829
18469 100831 100832 100833 100834 100835 100836
18473 100838
18474 100840 100841 100842
18475 100844 100845
18476 100847
18477 100849 100850
18478 100852 100853 100854
18479 100856 100857 100858
18480 100860 100861 100862 100863 100864
18484 100866 100867 100868 100869
18485 100871
18486 100873 100874 100875
18487 100877
18489 100879 100880 100881 100882 100883 100884 100885
18492 100887 100888 100889 100890 100891 100892
18494 100894 100895 100896 100897
18495 100899 100900 100901 100902 100903 100904 100905 100906 100907
18496 100909 100910 100911 100912 100913 100914 100915 100916 100917
18497 100919 100920
18498 100922 100923 100924 100925 100926 100927 100928 100929
18500 100931 100932 100933 100934
18502 100936
18503 100938
18505 100940 100941 100942 100943 100944 100945 100946 100947 100948
18506 100950 100951 100952 100953
18507 100955 100956 100957 100958 100959
18509 100961
18510 100963 100964 100965
18511 100967 100968 100969
18513 100971 100972 100973 100974 100975 100976
18518 100978 100979
18520 100981 100982 100983
18522 100985
18523 100987 100988 100989 100990 100991 100992
18525 100994
18526 100996 100997 100998 100999
18528 101001
18529 101003 101004 101005 101006
18530 101008
18533 101010
18536 101012
18538 101014 101015 101016 101017 101018
18539 101020 101021 101022 101023 101024 101025
18540 101027
18543 101029
18544 101031
18546 101033
18547 101035 101036 101037
18548 101039
18551 101041
18553 101043 101044 101045
18554 101047
18555 101049 101050 101051 101052 101053
18557 101055 101056 101057 101058 101059 101060
18558 101062 101063 101064 101065 101066 101067 101068 101069
18559 101071 101072 101073 101074 101075 101076 101077 101078 101079
18562 101081
18563 101083 101084
18564 101086 101087 101088 101089 101090 101091 101092
18567 101094 101095
18568 101097 101098 101099 101100
18569 101102
18572 101104 101105 101106
18573 101108 101109
18574 101111
18577 101113 101114 101115 101116 101117
18578 101119 101120 101121 101122 101123 101124 101125 101126 101127
18580 101129 101130
18582 101132 101133 101134 101135 101136 101137 101138 101139 101140
18583 101142 101143 101144 101145 101146 101147 101148
18585 101150 101151 101152
18587 101154
18590 101156
18591 101158 101159 101160 101161 101162
18592 101164 101165
18595 101167 101168
18597 101170 101171 101172 101173 101174 101175
18599 101177 101178 101179 101180
18600 101182 101183 101184 101185 101186 101187 101188 101189 101190
18602 101192 101193 101194 101195 101196
18603 101198 101199 101200 101201
18606 101203
18610 101205 101206 101207 101208 101209 101210 101211 101212
18611 101214 101215 101216 101217 101218 101219
18612 101221 101222 101223 101224 101225 101226
18614 101228 101229 101230 101231 101232 101233
18615 101235 101236 101237 101238 101239 101240 101241 101242
18616 101244 101245 101246
18617 101248 101249 101250
18618 101252 101253 101254 101255 101256 101257 101258 101259 101260
18620 101262 101263 101264 101265 101266 101267 101268 101269
18621 101271
18623 101273 101274 101275 101276 101277 101278 101279 101280
18624 101282
18625 101284 101285 101286 101287 101288 101289 101290 101291 101292
18626 101294 101295 101296 101297 101298 101299 101300 101301 101302
18627 101304 101305 101306
18628 101308 101309 101310 101311 101312 101313 101314 101315 101316
18630 101318 101319 101320 101321 101322
18632 101324 101325
18633 101327 101328 101329 101330
18637 101332 101333 101334 101335 101336
18640 101338 101339 101340 101341
18643 101343 101344 101345 101346
18646 101348 101349 101350 101351
18649 101353 101354 101355
18650 101357 101358 101359 101360 101361
18652 101363 101364 101365 101366 101367 101368 101369 101370 101371
18653 101373 101374
18654 101376
18655 101378 101379 101380 101381 101382 101383 101384 101385 101386
18656 101388 101389 101390
18659 101392 101393 101394
18660 101396 101397 101398 101399
18661 101401
18664 101403
18666 101405 101406 101407 101408 101409 101410
18669 101412
18670 101414
18671 101416
18673 101418 101419 101420 101421 101422
18674 101424 101425 101426
18675 101428 101429
18676 101431 101432 101433 101434 101435 101436 101437 101438 101439
18678 101441 101442 101443
18679 101445 101446 101447
18680 101449 101450 101451 101452 101453 101454 101455 101456 101457
18681 101459 101460
18683 101462 101463 101464
18685 101466
18688 101468 101469 101470 101471 101472 101473
18689 101475 101476 101477
18694 101479
18695 101481 101482 101483
18696 101485 101486 101487 101488 101489 101490 101491 101492
18697 101494
18698 101496
18699 101498 101499 101500
18700 101502 101503 101504
18701 101506
18702 101508 101509 101510
18703 101512 101513 101514
18705 101516
18707 101518 101519
18709 101521 101522
18710 101524 101525 101526 101527 101528 101529 101530 101531 101532
18712 101534 101535 101536 101537 101538 101539 101540
18713 101542 101543 101544 101545 101546 101547 101548 101549 101550
18714 101552
18716 101554 101555 101556 101557 101558
18718 101560 101561
18719 101563 101564 101565 101566 101567 101568
18720 101570
18721 101572 101573 101574 101575 101576 101577
18722 101579
18723 101581
18724 101583 101584
18727 101586
18729 101588
18730 101590
18732 101592
18733 101594 101595 101596 101597
18734 101599
18737 101601 101602 101603
18738 101605 101606 101607
18739 101609 101610 101611
18740 101613 101614 101615 101616 101617
18741 101619 101620 101621 101622 101623
18742 101625 101626
18744 101628
18745 101630 101631 101632 101633 101634 101635 101636
18746 101638
18747 101640 101641 101642
18748 101644 101645 101646
18749 101648 101649 101650
18751 101652 101653
18755 101655 101656 101657 101658
18758 101660 101661 101662 101663
18759 101665 101666 101667
18760 101669 101670 101671 101672 101673 101674 101675 101676 101677
18761 101679 101680 101681
18764 101683 101684 101685 101686 101687 101688 101689 101690 101691
18765 101693
18766 101695 101696 101697
18767 101699 101700 101701 101702 101703 101704 101705 101706
18768 101708
18769 101710 101711 101712 101713 101714 101715 101716 101717 101718
18770 101720 101721 101722 101723 101724 101725 101726
18771 101728
18772 101730 101731
18773 101733 101734
18776 101736
18777 101738 101739 101740 101741 101742 101743 101744 101745 101746
18782 101748
18783 101750 101751 101752 101753 101754 101755 101756 101757 101758
18784 101760 101761 101762 101763
18787 101765 101766 101767 101768
18789 101770 101771 101772 101773 101774 101775
18792 101777 101778 101779 101780 101781 101782 101783 101784 101785
18794 101787 101788 101789 101790 101791 101792
18795 101794
18796 101796 101797 101798
18799 101800 101801 101802 101803
18801 101805
18802 101807 101808 101809 101810
18804 101812 101813 101814 101815 101816 101817 101818 101819 101820
18805 101822 101823 101824 101825
18808 101827 101828
18811 101830 101831 101832 101833 101834 101835 101836
18813 101838 101839 101840 101841 101842
18816 101844
18817 101846
18818 101848 101849 101850
18819 101852 101853
18821 101855 101856 101857 101858 101859 101860 101861 101862
18823 101864
18824 101866
18827 101868 101869 101870 101871 101872
18828 101874
18829 101876 101877 101878 101879
18832 101881 101882 101883
18833 101885 101886
18834 101888 101889 101890 101891 101892 101893 101894 101895 101896
18835 101898
18839 101900 101901 101902 101903 101904 101905 101906 101907
18840 101909 101910 101911
18843 101913 101914 101915
18845 101917
18846 101919
18848 101921
18849 101923 101924
18850 101926 101927 101928 101929 101930 101931
18851 101933 101934 101935 101936
18852 101938
18858 101940 101941 101942 101943 101944 101945 101946 101947 101948
18860 101950 101951 101952 101953 101954 101955
18861 101957 101958
18862 101960 101961 101962 101963 101964 101965 101966 101967 101968
18864 101970
18866 101972 101973 101974 101975 101976 101977 101978 101979 101980
18867 101982
18868 101984 101985 101986 101987
18869 101989 101990 101991 101992 101993 101994 101995 101996 101997
18870 101999 102000 102001 102002 102003
18871 102005
18872 102007 102008 102009
18873 102011
18874 102013 102014 102015 102016 102017 102018
18879 102020
18880 102022
18881 102024 102025 102026 102027 102028 102029 102030 102031 102032
18882 102034 102035 102036 102037
18884 102039
18885 102041
18886 102043 102044 102045 102046 102047 102048 102049 102050 102051
18888 102053 102054 102055 102056 102057 102058 102059 102060 102061
18889 102063
18890 102065 102066 102067 102068 102069 102070
18891 102072 102073 102074 102075
18892 102077 102078 102079
18895 102081 102082 102083 102084 102085 102086 102087 102088 102089
18896 102091 102092 102093 102094 102095 102096 102097 102098 102099
18897 102101
18898 102103
18901 102105
18904 102107 102108 102109 102110 102111 102112
18906 102114 102115 102116
18910 102118
18911 102120 102121
18912 102123
18913 102125 102126 102127 102128 102129 102130
18914 102132
18917 102134
18918 102136 102137 102138 102139 102140 102141 102142 102143 102144
18920 102146 102147 102148 102149 102150
18921 102152 102153 102154 102155 102156 102157 102158 102159 102160
18922 102162 102163 102164 102165
18923 102167 102168 102169 102170 102171 102172 102173 102174
18924 102176 102177 102178 102179
18925 102181 102182
18927 102184 102185 102186 102187 102188 102189 102190
18928 102192 102193 102194 102195 102196 102197 102198 102199 102200
18931 102202 102203 102204 102205 102206
18932 102208
18935 102210 102211
18938 102213 102214 102215 102216 102217 102218 102219 102220 102221
18940 102223 102224
18941 102226
18942 102228 102229 102230 102231 102232 102233 102234 102235
18944 102237 102238
18949 102240 102241
18950 102243 102244 102245 102246 102247 102248 102249
18951 102251
18953 102253
18954 102255 102256
18955 102258 102259
18956 102261
18959 102263 102264 102265 102266 102267 102268
18960 102270
18961 102272 102273 102274
18963 102276
18964 102278 102279 102280 102281
18965 102283
18966 102285
18970 102287
18971 102289
18973 102291 102292 102293 102294
18974 102296 102297 102298 102299 102300
18975 102302 102303
18976 102305 102306 102307 102308
18977 102310 102311 102312 102313 102314
18978 102316 102317 102318 102319
18979 102321
18982 102323
18983 102325 102326 102327 102328 102329 102330 102331 102332 102333
18985 102335
18987 102337 102338
18988 102340 102341
18993 102343
18996 102345
18997 102347 102348 102349
18999 102351 102352 102353 102354 102355 102356 102357 102358 102359
19000 102361 102362 102363 102364 102365 102366 102367 102368 102369
19001 102371
19005 102373 102374 102375 102376 102377
19007 102379 102380 102381 102382 102383 102384 102385 102386 102387
19008 102389 102390 102391 102392
19010 102394 102395 102396 102397 102398
19011 102400
19014 102402 102403 102404 102405
19015 102407 102408
19016 102410 102411
19017 102413 102414
19019 102416 102417
19021 102419 102420
19023 102422 102423 102424
19024 102426 102427
19025 102429 102430 102431 102432 102433 102434 102435 102436 102437
19028 102439 102440
19031 102442
19032 102444
19036 102446 102447 102448 102449 102450 102451 102452 102453 102454
19037 102456 102457
19038 102459
19040 102461
19041 102463 102464
19042 102466 102467 102468 102469 102470 102471 102472 102473
19046 102475 102476 102477 102478 102479 102480 102481 102482 102483
19047 102485 102486
19048 102488
19049 102490 102491 102492 102493 102494 102495 102496
19050 102498
19051 102500 102501
19057 102503
19058 102505
19059 102507 102508 102509 102510 102511 102512
19062 102514 102515 102516 102517
19064 102519
19065 102521 102522
19066 102524 102525 102526
19068 102528 102529
19069 102531 102532 102533 102534 102535 102536 102537 102538 102539
19070 102541 102542 102543 102544
19071 102546 102547 102548 102549 102550 102551 102552 102553 102554
19073 102556 102557 102558 102559 102560 102561 102562
19074 102564 102565 102566 102567
19076 102569 102570
19079 102572 102573 102574 102575 102576 102577 102578 102579 102580
19080 102582 102583
19081 102585
19082 102587 102588 102589 102590 102591 102592 102593 102594 102595
19083 102597
19085 102599 102600 102601
19087 102603
19089 102605 102606 102607 102608 102609 102610 102611
19090 102613 102614 102615 102616 102617 102618 102619
19092 102621 102622 102623 102624 102625 102626
19096 102628 102629
19097 102631
19100 102633 102634 102635 102636 102637 102638 102639 102640 102641
19101 102643 102644 102645
19102 102647 102648
19103 102650 102651 102652 102653
19104 102655
19107 102657 102658
19109 102660 102661 102662 102663 102664 102665 102666 102667 102668
19110 102670 102671
19112 102673 102674 102675 102676 102677 102678 102679 102680 102681
19113 102683
19114 102685 102686
19115 102688 102689
19116 102691
19117 102693 102694
19118 102696
19119 102698
19121 102700 102701 102702
19125 102704 102705
19128 102707 102708 102709 102710 102711 102712
19129 102714 102715 102716 102717
19132 102719 102720 102721 102722 102723 102724 102725 102726 102727
19137 102729 102730 102731 102732
19141 102734
19142 102736
19143 102738 102739
19147 102741 102742
19148 102744 102745
19150 102747 102748 102749 102750 102751 102752 102753 102754 102755
19151 102757 102758 102759
19152 102761
19153 102763 102764 102765 102766 102767
19154 102769 102770 102771 102772 102773 102774 102775 102776 102777
19157 102779 102780
19158 102782 102783 102784 102785 102786 102787 102788 102789 102790
19159 102792
19160 102794 102795
19161 102797 102798 102799 102800 102801 102802
19162 102804 102805 102806
19163 102808 102809 102810 102811
19164 102813
19165 102815 102816 102817 102818
19166 102820 102821
19167 102823
19168 102825 102826 102827
19170 102829
19171 102831 102832 102833
19172 102835
19173 102837 102838 102839
19174 102841 102842
19175 102844 102845
19176 102847 102848 102849 102850 102851
19179 102853 102854
19181 102856
19182 102858 102859 102860 102861
19184 102863 102864 102865
19186 102867 102868
19187 102870 102871 102872 102873 102874 102875
19188 102877 102878 102879
19189 102881 102882 102883 102884 102885 102886
19191 102888
19194 102890
19199 102892 102893 102894
19200 102896
19201 102898 102899 102900 102901 102902 102903 102904 102905 102906
19203 102908 102909 102910 102911 102912 102913 102914 102915 102916
19205 102918 102919 102920 102921
19206 102923
19208 102925
19209 102927 102928
19213 102930 102931
19214 102933
19215 102935
19216 102937 102938 102939 102940 102941 102942 102943 102944 102945
19217 102947 102948 102949 102950 102951
19218 102953
19219 102955 102956 102957 102958 102959 102960
19221 102962 102963 102964 102965 102966 102967 102968
19223 102970 102971 102972 102973
19225 102975 102976
19226 102978
19227 102980 102981 102982 102983
19228 102985 102986 102987
19229 102989 102990 102991 102992
19230 102994 102995 102996 102997 102998 102999 103000 103001
19232 103003 103004 103005 103006 103007 103008 103009
19233 103011 103012 103013
19235 103015
19236 103017 103018
19238 103020
19239 103022 103023
19242 103025 103026 103027 103028
19243 103030 103031 103032
19245 103034 103035 103036 103037 103038 103039 103040
19246 103042
19247 103044 103045
19248 103047 103048 103049 103050 103051 103052 103053
19251 103055 103056 103057
19252 103059
19257 103061
19259 103063 103064 103065 103066 103067
19264 103069
19265 103071
19266 103073 103074 103075
19267 103077
19269 103079 103080 103081 103082 103083 103084 103085 103086
19271 103088
19272 103090
19273 103092 103093 103094 103095 103096
19274 103098
19276 103100 103101 103102 103103 103104 103105 103106 103107 103108
19278 103110 103111 103112 103113 103114
19280 103116 103117 103118 103119 103120
19281 103122 103123 103124 103125 103126 103127 103128 103129 103130
19282 103132 103133
19284 103135
19285 103137
19287 103139
19288 103141 103142 103143
19289 103145
19290 103147
19292 103149
19295 103151
19300 103153
19301 103155 103156 103157 103158 103159
19303 103161 103162 103163
19306 103165
19307 103167 103168
19308 103170
19309 103172
19310 103174 103175 103176
19312 103178 103179 103180 103181 103182 103183 103184 103185 103186
19313 103188 103189 103190 103191 103192 103193 103194 103195 103196
19314 103198
19315 103200 103201 103202 103203
19318 103205
19319 103207
19320 103209 103210 103211 103212
19321 103214
19322 103216 103217
19326 103219 103220 103221 103222 103223
19328 103225 103226 103227
19329 103229 103230 103231
19330 103233 103234 103235 103236
19331 103238
19333 103240
19335 103242 103243
19336 103245
19337 103247 103248 103249 103250 103251
19338 103253 103254
19339 103256
19341 103258 103259 103260 103261 103262 103263
19342 103265
19343 103267 103268 103269 103270
19344 103272
19346 103274 103275 103276 103277 103278
19349 103280 103281 103282 103283
19351 103285
19353 103287
19356 103289 103290 103291
19358 103293 103294 103295 103296 103297 103298 103299 103300 103301
19359 103303 103304 103305 103306 103307 103308 103309 103310
19360 103312 103313 103314 103315 103316 103317 103318 103319 103320
19361 103322 103323 103324
19365 103326 103327 103328 103329 103330
19366 103332 103333 103334 103335 103336
19367 103338 103339 103340 103341
19368 103343 103344
19369 103346 103347
19371 103349 103350
19372 103352 103353 103354 103355 103356 103357
19373 103359
19375 103361 103362
19376 103364 103365 103366
19378 103368
19381 103370 103371 103372 103373
19383 103375 103376 103377 103378 103379 103380 103381
19384 103383 103384 103385 103386 103387 103388 103389 103390 103391
19386 103393 103394 103395 103396 103397
19387 103399 103400 103401 103402 103403
19388 103405 103406 103407
19390 103409
19393 103411
19394 103413 103414 103415 103416
19397 103418
19398 103420 103421 103422 103423 103424
19401 103426 103427 103428 103429 103430
19402 103432
19403 103434
19405 103436 103437 103438 103439 103440 103441 103442
19406 103444 103445 103446 103447 103448 103449 103450 103451
19407 103453 103454 103455 103456 103457 103458
19411 103460
19412 103462
19413 103464 103465 103466 103467 103468 103469 103470 103471 103472
19416 103474 103475
19419 103477 103478
19422 103480 103481
19423 103483 103484
19424 103486 103487 103488
19425 103490 103491 103492 103493
19426 103495
19431 103497 103498
19432 103500
19436 103502
19438 103504 103505 103506 103507 103508 103509 103510 103511 103512
19439 103514 103515
19440 103517 103518
19441 103520 103521 103522 103523 103524
19442 103526 103527 103528 103529 103530
19443 103532 103533 103534 103535 103536
19446 103538 103539 103540 103541 103542 103543 103544 103545 103546
19448 103548 103549 103550 103551 103552 103553 103554 103555 103556
19450 103558
19452 103560 103561 103562 103563
19454 103565 103566 103567
19455 103569
19457 103571
19460 103573
19461 103575
19462 103577 103578 103579
19463 103581 103582
19464 103584 103585 103586 103587 103588 103589
19465 103591
19467 103593
19470 103595 103596 103597 103598 103599 103600
19472 103602
19475 103604
19476 103606 103607
19480 103609 103610
19481 103612
19483 103614
19486 103616 103617 103618 103619 103620 103621 103622 103623 103624
19487 103626 103627 103628 103629 103630 103631 103632 103633 103634
19488 103636 103637 103638 103639 103640 103641 103642 103643
19496 103645 103646
19497 103648 103649 103650 103651
19498 103653 103654 103655
19499 103657 103658
19500 103660 103661
19501 103663 103664 103665 103666 103667 103668 103669 103670 103671
19502 103673 103674 103675
19503 103677 103678
19504 103680
19505 103682 103683
19509 103685 103686
19512 103688 103689 103690 103691
19513 103693 103694 103695
19514 103697 103698 103699 103700
19515 103702 103703 103704 103705 103706 103707 103708 103709 103710
19516 103712 103713
19518 103715
19521 103717 103718 103719 103720
19522 103722 103723
19523 103725 103726 103727 103728
19525 103730 103731 103732 103733
19526 103735
19527 103737 103738
19529 103740 103741
19530 103743 103744 103745 103746 103747 103748
19531 103750 103751
19533 103753 103754 103755
19536 103757 103758
19538 103760
19540 103762
19542 103764
19543 103766 103767 103768 103769 103770 103771 103772 103773 103774
19544 103776 103777
19547 103779 103780 103781 103782
19549 103784
19551 103786 103787 103788 103789 103790 103791 103792 103793 103794
19552 103796 103797
19553 103799 103800 103801 103802 103803 103804 103805
19554 103807 103808
19556 103810
19557 103812 103813 103814 103815 103816 103817
19561 103819
19562 103821 103822 103823
19563 103825 103826 103827 103828 103829 103830 103831 103832 103833
19564 103835 103836
19569 103838 103839 103840 103841
19570 103843 103844 103845
19571 103847
19573 103849 103850 103851 103852 103853 103854 103855 103856
19574 103858
19575 103860
19576 103862
19577 103864 103865
19578 103867
19579 103869 103870
19580 103872
19581 103874 103875
19582 103877
19584 103879 103880 103881 103882 103883 103884 103885 103886
19589 103888
19596 103890 103891 103892 103893 103894 103895 103896 103897 103898
19597 103900 103901 103902 103903
19600 103905 103906 103907 103908 103909 103910
19601 103912 103913 103914
19602 103916 103917 103918
19603 103920
19605 103922
19606 103924
19607 103926
19608 103928
19609 103930 103931
19610 103933
19612 103935 103936 103937
19614 103939 103940 103941
19615 103943 103944
19616 103946 103947
19619 103949 103950 103951 103952 103953 103954 103955 103956 103957
19620 103959
19621 103961
19622 103963 103964 103965 103966 103967 103968 103969 103970 103971
19623 103973 103974
19625 103976 103977
19628 103979 103980 103981 103982 103983 103984 103985 103986 103987
19630 103989 103990 103991 103992
19631 103994
19633 103996 103997 103998 103999
19634 104001 104002 104003 104004 104005 104006 104007 104008 104009
19636 104011 104012 104013
19637 104015 104016 104017 104018 104019
19639 104021
19641 104023 104024 104025 104026 104027 104028 104029 104030 104031
19643 104033 104034
19647 104036 104037
19648 104039
19649 104041 104042
19650 104044 104045 104046
19652 104048
19654 104050
19655 104052 104053
19656 104055 104056
19658 104058 104059
19659 104061
19662 104063 104064
19665 104066 104067
19666 104069 104070
19667 104072 104073 104074 104075 104076 104077 104078
19668 104080 104081 104082 104083 104084
19670 104086 104087 104088 104089 104090 104091 104092 104093 104094
19671 104096 104097 104098
19673 104100 104101 104102
19674 104104
19675 104106 104107
19676 104109
19680 104111 104112
19681 104114
19682 104116 104117 104118
19683 104120 104121 104122 104123 104124 104125
19684 104127
19687 104129 104130
19689 104132
19690 104134 104135 104136
19691 104138
19692 104140
19695 104142 104143 104144 104145
19696 104147
19697 104149 104150 104151 104152 104153 104154
19698 104156 104157
19700 104159
19701 104161
19704 104163 104164 104165 104166 104167 104168 104169 104170 104171
19705 104173 104174 104175 104176
19706 104178 104179 104180 104181 104182
19707 104184 104185 104186 104187
19709 104189 104190
19710 104192 104193 104194 104195
19715 104197
19717 104199
19718 104201 104202 104203 104204 104205 104206
19719 104208 104209 104210
19720 104212 104213 104214 104215
19721 104217 104218
19722 104220
19723 104222
19725 104224 104225
19727 104227 104228 104229 104230
19728 104232 104233
19730 104235 104236 104237 104238 104239 104240
19731 104242 104243
19732 104245
19733 104247
19736 104249 104250
19737 104252 104253 104254 104255 104256
19739 104258
19740 104260
19742 104262 104263 104264
19744 104266 104267 104268 104269 104270
19745 104272 104273 104274
19746 104276 104277 104278 104279 104280 104281 104282 104283 104284
19747 104286 104287 104288 104289 104290
19750 104292 104293
19751 104295 104296 104297 104298 104299 104300 104301 104302
19752 104304 104305 104306 104307 104308
19754 104310 104311
19756 104313 104314
19757 104316 104317 104318
19758 104320
19759 104322 104323 104324 104325 104326 104327 104328 104329 104330
19760 104332
19763 104334 104335 104336 104337 104338 104339
19766 104341 104342 104343
19767 104345 104346 104347 104348 104349 104350 104351 104352 104353
19768 104355 104356 104357
19769 104359
19770 104361 104362
19771 104364 104365
19772 104367 104368 104369 104370 104371 104372
19774 104374 104375
19775 104377 104378 104379 104380
19776 104382
19777 104384
19779 104386 104387 104388
19781 104390 104391 104392 104393 104394 104395 104396 104397 104398
19782 104400
19783 104402 104403 104404 104405 104406 104407 104408 104409 104410
19784 104412 104413
19786 104415 104416 104417
19790 104419
19792 104421
19793 104423 104424
19795 104426 104427 104428 104429 104430 104431 104432
19796 104434 104435
19798 104437 104438 104439 104440 104441 104442
19799 104444 104445 104446
19802 104448 104449
19804 104451
19805 104453 104454 104455 104456 104457 104458 104459 104460
19808 104462
19809 104464 104465 104466 104467 104468 104469 104470
19810 104472
19811 104474 104475 104476 104477 104478 104479 104480 104481 104482
19812 104484 104485 104486 104487 104488 104489 104490 104491 104492
19815 104494 104495 104496
19816 104498 104499
19818 104501 104502 104503 104504 104505 104506 104507
19819 104509
19820 104511 104512 104513 104514 104515 104516 104517 104518
19823 104520 104521 104522 104523 104524
19824 104526 104527
19825 104529 104530 104531 104532 104533 104534 104535 104536 104537
19827 104539
19829 104541 104542 104543 104544 104545 104546 104547
19831 104549
19832 104551 104552 104553 104554 104555 104556 104557 104558 104559
19833 104561 104562 104563
19834 104565 104566 104567
19837 104569
19838 104571 104572 104573 104574 104575 104576 104577 104578 104579
19841 104581 104582
19842 104584 104585 104586 104587 104588 104589
19845 104591
19849 104593 104594 104595 104596
19850 104598 104599
19852 104601 104602 104603 104604 104605 104606
19853 104608
19855 104610
19856 104612
19858 104614 104615 104616 104617 104618 104619 104620 104621 104622
19859 104624 104625 104626 104627 104628 104629 104630
19861 104632
19865 104634
19866 104636 104637 104638 104639 104640 104641
19867 104643 104644
19868 104646 104647 104648
19870 104650
19871 104652 104653 104654 104655 104656 104657 104658 104659
19872 104661 104662
19873 104664
19874 104666
19875 104668
19877 104670 104671
19878 104673 104674 104675 104676 104677 104678 104679 104680 104681
19879 104683 104684 104685
19882 104687
19883 104689 104690
19884 104692 104693
19887 104695
19889 104697 104698 104699 104700 104701
19890 104703 104704 104705 104706 104707 104708 104709 104710
19893 104712 104713 104714 104715 104716 104717 104718 104719 104720
19897 104722 104723 104724
19903 104726
19909 104728
19910 104730 104731 104732
19911 104734 104735
19912 104737
19913 104739 104740 104741 104742 104743
19916 104745 104746
19919 104748
19920 104750 104751 104752 104753 104754 104755
19921 104757 104758 104759 104760 104761 104762 104763 104764 104765
19923 104767 104768 104769 104770 104771
19925 104773
19926 104775 104776
19927 104778 104779 104780 104781
19928 104783
19930 104785 104786
19932 104788 104789 104790 104791 104792 104793 104794 104795
19934 104797 104798 104799 104800 104801 104802 104803 104804 104805
19936 104807
19937 104809 104810
19938 104812 104813
19941 104815 104816 104817 104818 104819 104820 104821 104822 104823
19942 104825
19943 104827 104828
19944 104830 104831 104832 104833 104834 104835 104836 104837 104838
19945 104840
19948 104842 104843 104844 104845 104846
19949 104848 104849 104850 104851 104852 104853 104854 104855 104856
19950 104858 104859 104860 104861 104862 104863 104864 104865
19954 104867
19955 104869
19956 104871
19957 104873
19959 104875
19961 104877
19962 104879
19964 104881 104882 104883 104884 104885 104886 104887 104888 104889
19965 104891 104892 104893 104894 104895
19966 104897 104898 104899 104900 104901 104902 104903 104904 104905
19967 104907
19968 104909 104910 104911 104912 104913 104914
19970 104916
19971 104918 104919 104920
19974 104922
19975 104924
19976 104926 104927 104928 104929
19977 104931
19978 104933 104934 104935
19979 104937 104938 104939 104940
19980 104942
19981 104944
19982 104946
19985 104948 104949 104950 104951
19986 104953 104954 104955 104956
19988 104958 104959 104960
19989 104962 104963 104964 104965 104966
19993 104968 104969 104970
19995 104972 104973 104974
19998 104976 104977
20000 104979 104980 104981 104982 104983 104984 104985 104986
20002 104988 104989
20007 104991 104992
20008 104994 104995
20009 104997 104998 104999 105000 105001
20010 105003
20013 105005 105006 105007 105008
20014 105010 105011 105012
20015 105014 105015 105016
20017 105018 105019 105020 105021 105022
20018 105024 105025 105026 105027 105028 105029 105030 105031
20021 105033
20022 105035 105036
20023 105038 105039 105040
20025 105042 105043
20026 105045 105046 105047 105048
20027 105050 105051 105052 105053 105054 105055 105056 105057
20028 105059
20029 105061 105062 105063 105064 105065 105066 105067 105068 105069
20031 105071 105072 105073 105074 105075 105076 105077
20033 105079
20035 105081 105082 105083 105084 105085 105086
20036 105088 105089 105090 105091 105092
20038 105094 105095 105096 105097 105098
20039 105100 105101 105102 105103 105104 105105 105106 105107 105108
20040 105110 105111 105112 105113 105114 105115 105116
20042 105118 105119
20046 105121 105122 105123 105124
20048 105126 105127 105128 105129 105130 105131
20050 105133 105134 105135 105136 105137 105138 105139 105140 105141
20052 105143 105144 105145
20053 105147 105148 105149 105150 105151 105152 105153 105154 105155
20056 105157 105158
20057 105160 105161 105162 105163 105164 105165 105166 105167 105168
20058 105170 105171 105172 105173 105174 105175 105176 105177 105178
20060 105180 105181 105182 105183 105184 105185 105186 105187 105188
20061 105190 105191 105192 105193 105194 105195 105196 105197 105198
20065 105200 105201
20066 105203 105204 105205 105206 105207 105208 105209
20070 105211 105212 105213 105214 105215
20072 105217 105218 105219 105220 105221 105222 105223
20073 105225
20078 105227 105228 105229 105230 105231 105232 105233 105234
20081 105236 105237
20083 105239 105240 105241 105242 105243 105244 105245 105246 105247
20084 105249 105250
20086 105252 105253 105254 105255
20087 105257 105258 105259
20088 105261 105262 105263 105264
20089 105266
20091 105268 105269 105270 105271 105272 105273 105274 105275 105276
20092 105278 105279 105280 105281 105282
20093 105284 105285 105286 105287 105288 105289 105290 105291 105292
20094 105294
20095 105296 105297 105298 105299
20096 105301 105302
20097 105304
20098 105306 105307
20099 105309
20100 105311
20101 105313 105314 105315 105316 105317
20102 105319 105320 105321 105322
20103 105324 105325 105326
20105 105328
20106 105330
20107 105332
20111 105334
20114 105336 105337 105338 105339
20115 105341
20117 105343 105344 105345 105346 105347 105348
20119 105350
20121 105352
20123 105354 105355 105356
20126 105358 105359 105360 105361 105362
20127 105364 105365
20129 105367
20132 105369 105370 105371
20134 105373 105374 105375 105376 105377
20135 105379 105380
20136 105382 105383 105384 105385 105386
20137 105388
20138 105390 105391
20139 105393 105394 105395 105396 105397 105398 105399 105400 105401
20140 105403 105404 105405 105406
20143 105408 105409 105410 105411 105412 105413
20145 105415 105416
20146 105418 105419 105420 105421 105422
20148 105424
20149 105426 105427
20150 105429
20152 105431
20153 105433 105434 105435 105436 105437 105438 105439 105440 105441
20155 105443 105444 105445 105446 105447
20156 105449 105450 105451
20157 105453 105454 105455 105456 105457
20158 105459 105460 105461 105462
20159 105464 105465 105466 105467 105468 105469 105470 105471 105472
20160 105474 105475 105476 105477 105478 105479 105480 105481 105482
20161 105484 105485 105486 105487 105488 105489 105490 105491 105492
20163 105494 105495 105496 105497 105498 105499 105500
20164 105502 105503 105504
20165 105506 105507
20166 105509 105510 105511 105512
20168 105514 105515 105516 105517
20170 105519
20171 105521 105522 105523 105524 105525 105526 105527
20173 105529 105530
20176 105532 105533 105534
20177 105536 105537 105538
20178 105540
20179 105542 105543
20180 105545
20181 105547 105548 105549 105550 105551 105552
20182 105554
20183 105556
20187 105558
20188 105560 105561 105562
20189 105564
20191 105566 105567 105568 105569 105570 105571 105572
20192 105574 105575
20193 105577
20196 105579 105580
20197 105582 105583 105584 105585
20199 105587 105588
20201 105590 105591 105592
20202 105594
20203 105596
20207 105598 105599 105600 105601 105602 105603 105604 105605 105606
20208 105608 105609 105610 105611
20209 105613
20211 105615
20212 105617 105618
20213 105620
20214 105622 105623
20215 105625
20217 105627 105628 105629
20218 105631
20219 105633
20221 105635 105636 105637 105638
20223 105640 105641 105642
20225 105644
20227 105646 105647 105648 105649
20228 105651 105652 105653
20229 105655 105656 105657
20230 105659
20232 105661
20233 105663 105664 105665 105666 105667 105668 105669 105670 105671
20234 105673
20235 105675 105676
20237 105678
20241 105680 105681 105682 105683 105684 105685 105686 105687 105688
20242 105690 105691
20245 105693
20246 105695 105696
20247 105698
20250 105700 105701 105702 105703 105704 105705 105706 105707 105708
20252 105710 105711 105712
20253 105714 105715
20254 105717 105718
20257 105720 105721 105722 105723 105724 105725
20259 105727 105728 105729 105730
20260 105732 105733 105734 105735 105736
20261 105738 105739
20262 105741 105742
20263 105744 105745
20264 105747 105748
20268 105750 105751 105752
20269 105754 105755 105756 105757
20271 105759 105760 105761
20272 105763
20273 105765 105766 105767 105768 105769 105770
20276 105772
20277 105774 105775 105776 105777 105778 105779 105780 105781 105782
20278 105784 105785 105786
20280 105788 105789
20283 105791
20284 105793 105794 105795
20285 105797 105798 105799 105800 105801 105802 105803 105804 105805
20289 105807 105808 105809 105810 105811 105812 105813 105814 105815
20290 105817
20291 105819 105820 105821
20292 105823 105824 105825
20293 105827 105828 105829 105830
20294 105832
20295 105834 105835
20296 105837
20299 105839 105840 105841 105842 105843 105844 105845 105846 105847
20300 105849 105850 105851 105852 105853 105854 105855 105856 105857
20301 105859 105860 105861
20302 105863
20303 105865 105866
20305 105868
20307 105870
20310 105872
20312 105874 105875
20313 105877 105878 105879 105880 105881 105882 105883 105884 105885
20318 105887 105888 105889 105890
20319 105892
20320 105894 105895
20322 105897 105898 105899 105900
20323 105902
20324 105904
20325 105906 105907 105908 105909 105910
20326 105912
20327 105914 105915 105916 105917 105918 105919 105920
20329 105922 105923 105924 105925 105926
20330 105928 105929 105930
20331 105932 105933 105934 105935 105936 105937 105938 105939 105940
20332 105942 105943 105944 105945
20333 105947 105948 105949 105950 105951 105952 105953 105954 105955
20334 105957
20336 105959 105960 105961 105962
20338 105964 105965 105966 105967 105968
20339 105970 105971 105972 105973
20341 105975 105976
20342 105978 105979 105980 105981 105982 105983 105984 105985 105986
20343 105988 105989
20344 105991 105992 105993 105994 105995
20346 105997 105998
20347 106000 106001
20349 106003 106004 106005 106006 106007 106008 106009 106010 106011
20350 106013
20352 106015
20353 106017 106018
20355 106020 106021 106022 106023 106024
20356 106026 106027 106028 106029 106030
20357 106032 106033 106034
20358 106036 106037 106038
20359 106040 106041 106042 106043 106044 106045 106046 106047 106048
20361 106050
20362 106052 106053 106054 106055 106056
20364 106058 106059
20365 106061 106062 106063
20366 106065
20367 106067 106068 106069 106070 106071 106072 106073 106074 106075
20369 106077 106078 106079 106080 106081 106082
20370 106084 106085
20371 106087 106088 106089 106090 106091 106092
20372 106094 106095
20373 106097
20374 106099
20375 106101 106102 106103 106104 106105 106106 106107
20379 106109 106110 106111 106112 106113 106114 106115 106116
20380 106118 106119 106120 106121 106122 106123 106124 106125 106126
20382 106128
20384 106130 106131
20385 106133 106134 106135 106136
20387 106138 106139 106140
20388 106142 106143 106144
20389 106146 106147 106148 106149
20390 106151 106152 106153 106154 106155
20392 106157 106158 106159 106160 106161 106162
20393 106164 106165 106166 106167 106168 106169
20394 106171
20397 106173 106174 106175
20401 106177
20402 106179 106180
20403 106182 106183
20404 106185 106186 106187 106188 106189 106190 106191 106192 106193
20406 106195 106196
20416 106198 106199 106200 106201 106202 106203
20421 106205 106206 106207 106208 106209 106210 106211 106212 106213
20422 106215 106216 106217 106218
20424 106220 106221
20428 106223
20429 106225 106226 106227 106228 106229 106230 106231 106232
20430 106234 106235
20431 106237 106238
20432 106240
20433 106242 106243
20434 106245 106246 106247
20436 106249 106250 106251 106252 106253 106254 106255 106256
20437 106258 106259 106260 106261 106262 106263
20438 106265
20439 106267 106268
20440 106270 106271
20444 106273
20445 106275 106276 106277 106278 106279
20446 106281 106282
20448 106284 106285 106286 106287 106288 106289 106290 106291 106292
20450 106294
20451 106296 106297 106298 106299 106300
20452 106302
20454 106304 106305 106306 106307
20455 106309
20456 106311 106312 106313
20457 106315 106316 106317
20461 106319
20463 106321 106322 106323 106324 106325 106326 106327 106328 106329
20464 106331 106332
20466 106334 106335 106336
20467 106338
20469 106340 106341
20473 106343 106344 106345 106346 106347 106348 106349 106350
20475 106352 106353
20476 106355 106356 106357
20477 106359
20478 106361 106362 106363 106364
20479 106366 106367 106368 106369 106370 106371 106372
20481 106374 106375
20484 106377 106378 106379 106380 106381 106382 106383 106384 106385
20486 106387 106388
20490 106390
20491 106392
20496 106394
20499 106396 106397
20500 106399 106400
20501 106402 106403 106404 106405 106406 106407 106408
20503 106410 106411 106412 106413 106414 106415 106416 106417 106418
20504 106420 106421 106422 106423 106424 106425 106426
20505 106428
20509 106430
20510 106432 106433 106434
20512 106436
20513 106438 106439 106440 106441
20516 106443 106444 106445 106446 106447 106448 106449
20517 106451
20519 106453
20520 106455 106456 106457
20521 106459 106460 106461
20522 106463 106464 106465 106466 106467 106468 106469 106470
20524 106472
20525 106474
20526 106476 106477 106478 106479 106480 106481 106482
20528 106484 106485 106486 106487 106488 106489 106490 106491
20530 106493
20531 106495 106496 106497 106498 106499 106500
20532 106502 106503 106504 106505 106506 106507 106508 106509
20533 106511 106512 106513
20534 106515 106516 106517 106518 106519 106520 106521
20535 106523 106524 106525 106526
20536 106528 106529 106530 106531 106532 106533 106534 106535
20539 106537 106538 106539
20540 106541 106542 106543 106544 106545 106546 106547
20543 106549 106550 106551 106552 106553
20544 106555
20545 106557 106558 106559 106560 106561 106562 106563 106564 106565
20547 106567 106568 106569 106570 106571 106572 106573 106574
20550 106576
20552 106578 106579 106580 106581 106582
20553 106584 106585 106586 106587
20554 106589 106590
20555 106592 106593 106594
20556 106596
20557 106598 106599 106600 106601
20558 106603
20559 106605 106606 106607 106608 106609 106610 106611 106612
20560 106614
20561 106616
20562 106618 106619 106620 106621 106622 106623 106624 106625 106626
20564 106628 106629 106630 106631 106632
20565 106634 106635 106636 106637 106638 106639 106640 106641 106642
20569 106644
20570 106646 106647
20572 106649 106650 106651 106652 106653 106654
20575 106656 106657
20576 106659
20577 106661 106662 106663 106664 106665 106666 106667 106668 106669
20578 106671 106672
20580 106674 106675
20581 106677 106678
20583 106680 106681 106682 106683 106684 106685 106686
20586 106688
20587 106690 106691 106692 106693 106694 106695
20590 106697 106698 106699 106700
20591 106702
20592 106704
20593 106706 106707 106708 106709 106710 106711 106712
20595 106714 106715
20597 106717 106718
20599 106720
20600 106722
20601 106724
20602 106726 106727
20604 106729 106730 106731 106732 106733
20605 106735 106736 106737 106738 106739 106740 106741 106742 106743
20608 106745 106746 106747 106748 106749 106750 106751 106752 106753
20609 106755 106756 106757
20610 106759 106760 106761
20612 106763 106764 106765 106766 106767 106768 106769 106770 106771
20613 106773 106774 106775 106776 106777 106778 106779 106780 106781
20614 106783 106784 106785 106786 106787 106788 106789 106790 106791
20616 106793
20619 106795 106796 106797
20622 106799 106800 106801 106802 106803 106804
20625 106806
20626 106808 106809 106810
20627 106812 106813 106814 106815 106816 106817 106818 106819 106820
20629 106822
20630 106824 106825 106826 106827
20631 106829 106830 106831
20632 106833 106834 106835 106836 106837 106838 106839 106840 106841
20633 106843 106844 106845 106846
20634 106848 106849 106850 106851
20635 106853 106854
20640 106856 106857
20641 106859 106860
20642 106862 106863 106864 106865
20643 106867 106868 106869 106870 106871
20645 106873
20646 106875
20647 106877
20650 106879 106880 106881 106882 106883 106884 106885 106886 106887
20651 106889
20652 106891 106892 106893 106894 106895 106896 106897 106898 106899
20654 106901 106902 106903 106904
20655 106906
20656 106908 106909
20657 106911 106912
20658 106914
20659 106916 106917 106918 106919 106920 106921 106922
20660 106924
20665 106926
20666 106928
20667 106930 106931
20668 106933 106934 106935 106936 106937 106938 106939
20671 106941
20672 106943 106944 106945 106946 106947 106948
20674 106950 106951 106952 106953 106954 106955 106956 106957 106958
20675 106960
20676 106962
20677 106964
20678 106966
20679 106968 106969 106970 106971
20682 106973 106974 106975 106976
20685 106978
20687 106980 106981 106982
20689 106984 106985 106986 106987 106988 106989
20690 106991 106992 106993 106994 106995
20691 106997 106998 106999
20693 107001 107002 107003 107004
20694 107006
20695 107008
20697 107010 107011 107012
20699 107014 107015 107016
20701 107018
20702 107020 107021 107022 107023 107024 107025 107026 107027
20703 107029
20705 107031
20708 107033 107034 107035 107036 107037 107038 107039 107040 107041
20709 107043 107044 107045
20712 107047 107048
20716 107050 107051 107052
20717 107054
20719 107056 107057 107058 107059
20721 107061 107062 107063
20722 107065 107066 107067
20724 107069 107070 107071 107072 107073 107074 107075
20726 107077 107078 107079 107080 107081 107082 107083 107084 107085
20727 107087
20728 107089 107090 107091 107092 107093 107094 107095 107096 107097
20729 107099
20736 107101 107102 107103 107104
20737 107106 107107 107108 107109 107110 107111 107112 107113 107114
20738 107116 107117 107118 107119 107120 107121
20745 107123 107124 107125
20746 107127 107128 107129 107130 107131 107132
20747 107134 107135 107136 107137 107138 107139
20748 107141 107142 107143 107144 107145 107146 107147 107148 107149
20749 107151 107152 107153
20754 107155
20756 107157 107158 107159 107160 107161 107162 107163
20757 107165 107166
20758 107168
20759 107170
20760 107172 107173 107174
20762 107176
20763 107178 107179
20764 107181 107182 107183 107184 107185 107186 107187 107188 107189
20765 107191 107192 107193
20767 107195
20768 107197 107198 107199
20769 107201
20770 107203 107204 107205 107206
20771 107208
20774 107210 107211 107212 107213 107214
20776 107216 107217
20781 107219
20783 107221 107222 107223 107224
20784 107226 107227 107228 107229 107230 107231
20785 107233 107234 107235 107236 107237 107238 107239 107240
20786 107242 107243 107244 107245 107246
20787 107248 107249 107250 107251 107252 107253
20791 107255 107256 107257 107258
20794 107260 107261 107262 107263 107264
20795 107266 107267 107268 107269 107270 107271 107272
20796 107274 107275 107276 107277 107278 107279 107280 107281 107282
20797 107284
20799 107286 107287 107288 107289 107290 107291
20800 107293 107294
20801 107296
20803 107298
20804 107300 107301 107302
20805 107304
20806 107306 107307 107308
20807 107310 107311
20811 107313 107314
20812 107316 107317
20814 107319 107320 107321 107322 107323 107324 107325 107326 107327
20815 107329 107330 107331 107332 107333
20817 107335 107336
20821 107338 107339 107340
20823 107342 107343
20824 107345
20825 107347
20827 107349 107350 107351
20828 107353 107354 107355 107356
20830 107358 107359 107360
20832 107362 107363 107364
20834 107366
20836 107368 107369 107370 107371 107372 107373 107374 107375 107376
20839 107378 107379
20840 107381 107382 107383 107384 107385 107386 107387 107388
20841 107390 107391 107392 107393 107394 107395 107396 107397
20847 107399 107400 107401
20849 107403
20850 107405
20851 107407 107408 107409 107410 107411 107412 107413 107414 107415
20852 107417 107418
20854 107420 107421 107422
20855 107424 107425
20856 107427 107428 107429 107430 107431 107432
20857 107434 107435 107436 107437 107438 107439 107440 107441 107442
20858 107444
20859 107446 107447
20861 107449 107450 107451 107452
20862 107454 107455 107456 107457
20865 107459 107460 107461 107462 107463
20866 107465
20869 107467 107468 107469 107470
20873 107472 107473
20874 107475 107476 107477 107478 107479 107480 107481 107482 107483
20875 107485 107486 107487
20877 107489
20878 107491 107492
20879 107494 107495
20881 107497 107498
20882 107500
20883 107502
20887 107504 107505 107506 107507 107508
20890 107510 107511 107512 107513 107514 107515
20891 107517 107518 107519 107520
20892 107522 107523 107524
20894 107526 107527
20896 107529 107530 107531 107532 107533 107534 107535 107536
20898 107538 107539
20900 107541 107542
20905 107544
20906 107546 107547 107548 107549 107550
20908 107552
20909 107554 107555 107556
20910 107558
20911 107560 107561
20912 107563
20913 107565 107566
20916 107568
20917 107570 107571 107572 107573 107574
20918 107576
20919 107578
20920 107580 107581 107582 107583
20922 107585 107586
20924 107588 107589 107590 107591
20926 107593
20927 107595 107596 107597 107598 107599
20929 107601
20930 107603 107604 107605 107606 107607 107608 107609 107610
20933 107612 107613 107614 107615 107616 107617 107618 107619
20934 107621
20935 107623
20936 107625
20940 107627 107628 107629 107630 107631 107632 107633 107634
20941 107636 107637 107638 107639 107640 107641
20942 107643 107644 107645 107646
20943 107648
20944 107650 107651 107652 107653 107654 107655 107656
20946 107658 107659 107660 107661 107662 107663 107664
20947 107666 107667 107668 107669 107670 107671
20948 107673 107674
20950 107676
20951 107678 107679 107680 107681
20953 107683 107684 107685 107686
20954 107688 107689 107690 107691 107692 107693 107694 107695 107696
20955 107698 107699 107700 107701 107702
20957 107704 107705
20958 107707 107708 107709 107710
20960 107712 107713 107714 107715 107716 107717 107718
20963 107720 107721 107722 107723 107724 107725 107726 107727 107728
20965 107730
20966 107732 107733 107734
20967 107736 107737 107738 107739 107740 107741 107742 107743 107744
20972 107746
20973 107748
20974 107750 107751 107752 107753 107754 107755 107756 107757 107758
20975 107760
20976 107762 107763
20977 107765 107766 107767 107768
20978 107770
20981 107772 107773 107774 107775 107776 107777 107778 107779 107780
20982 107782 107783
20985 107785
20986 107787 107788 107789 107790 107791 107792 107793
20987 107795
20988 107797 107798
20989 107800 107801 107802
20991 107804 107805
20992 107807 107808 107809 107810 107811 107812
20994 107814 107815 107816 107817 107818 107819
20995 107821 107822 107823
20996 107825 107826
20997 107828 107829 107830
20998 107832 107833 107834 107835 107836 107837 107838 107839 107840
20999 107842
21003 107844 107845 107846 107847 107848 107849 107850 107851
21005 107853 107854 107855 107856
21008 107858 107859 107860 107861
21010 107863 107864 107865
21011 107867 107868 107869 107870 107871
21012 107873 107874 107875 107876 107877 107878 107879 107880 107881
21014 107883 107884
21019 107886 107887 107888 107889 107890 107891 107892 107893 107894
21020 107896
21023 107898
21024 107900 107901 107902
21027 107904
21029 107906 107907 107908 107909
21033 107911
21035 107913 107914 107915 107916
21036 107918 107919
21039 107921 107922 107923 107924 107925 107926 107927 107928 107929
21040 107931 107932
21041 107934
21044 107936 107937 107938 107939 107940 107941 107942 107943 107944
21050 107946
21051 107948 107949 107950 107951 107952 107953 107954 107955 107956
21052 107958 107959 107960 107961 107962 107963
21053 107965
21054 107967 107968 107969 107970 107971 107972 107973
21056 107975 107976 107977 107978 107979 107980 107981 107982
21057 107984 107985 107986 107987
21058 107989 107990 107991 107992 107993
21061 107995 107996 107997 107998
21062 108000
21063 108002 108003
21065 108005
21068 108007 108008 108009 108010 108011 108012
21070 108014
21071 108016 108017 108018
21072 108020 108021 108022
21073 108024 108025
21074 108027
21075 108029
21076 108031
21077 108033 108034
21078 108036
21079 108038 108039 108040
21081 108042 108043 108044 108045 108046
21087 108048
21088 108050
21090 108052
21091 108054 108055 108056 108057 108058
21093 108060 108061 108062 108063 108064
21094 108066
21095 108068 108069 108070 108071 108072 108073 108074 108075 108076
21097 108078 108079 108080 108081 108082 108083 108084
21101 108086
21104 108088 108089
21106 108091
21107 108093
21108 108095 108096
21109 108098
21110 108100 108101 108102 108103 108104 108105 108106 108107 108108
21111 108110 108111 108112
21112 108114 108115 108116 108117
21113 108119
21115 108121
21118 108123 108124
21119 108126 108127 108128 108129 108130 108131
21122 108133
21123 108135
21124 108137
21126 108139 108140
21130 108142 108143 108144
21131 108146 108147 108148 108149
21132 108151 108152 108153 108154 108155 108156 108157
21133 108159
21134 108161
21135 108163 108164 108165 108166 108167 108168
21136 108170 108171
21137 108173 108174
21139 108176 108177 108178 108179 108180 108181 108182 108183 108184
21140 108186 108187 108188 108189
21141 108191
21143 108193 108194 108195 108196 108197 108198 108199 108200
21147 108202 108203 108204 108205 108206
21148 108208
21150 108210
21158 108212 108213 108214 108215 108216
21159 108218 108219
21160 108221 108222 108223 108224 108225 108226 108227 108228 108229
21162 108231 108232 108233 108234 108235 108236 108237
21165 108239 108240 108241
21166 108243 108244 108245 108246 108247 108248
21167 108250
21168 108252 108253
21169 108255 108256 108257
21172 108259 108260 108261
21176 108263 108264 108265 108266 108267 108268 108269 108270 108271
21177 108273
21178 108275 108276 108277 108278
21179 108280
21181 108282
21182 108284
21185 108286 108287
21186 108289
21187 108291 108292
21188 108294
21190 108296 108297 108298 108299 108300 108301 108302
21191 108304
21192 108306
21194 108308
21197 108310 108311 108312
21198 108314 108315 108316 108317 108318 108319
21199 108321
21200 108323 108324 108325 108326
21202 108328
21203 108330 108331
21204 108333
21206 108335
21207 108337 108338 108339 108340 108341 108342 108343 108344 108345
21209 108347 108348 108349
21211 108351 108352 108353
21212 108355 108356 108357
21213 108359
21216 108361 108362 108363
21217 108365 108366 108367
21218 108369
21219 108371
21220 108373 108374 108375
21222 108377 108378
21224 108380
21226 108382 108383 108384 108385 108386 108387 108388 108389 108390
21227 108392 108393 108394 108395 108396
21230 108398 108399 108400 108401 108402 108403 108404 108405 108406
21231 108408 108409 108410 108411 108412
21232 108414
21233 108416 108417 108418 108419 108420 108421 108422 108423 108424
21235 108426 108427 108428 108429 108430 108431 108432 108433 108434
21236 108436 108437 108438
21237 108440 108441 108442 108443
21239 108445 108446 108447 108448 108449 108450 108451 108452 108453
21240 108455 108456 108457 108458 108459 108460 108461 108462
21241 108464
21242 108466
21244 108468
21247 108470 108471 108472
21251 108474 108475
21254 108477 108478
21256 108480 108481 108482 108483 108484 108485 108486
21260 108488 108489 108490 108491
21261 108493 108494
21263 108496 108497
21265 108499 108500 108501 108502 108503 108504 108505
21266 108507 108508 108509
21269 108511 108512 108513 108514 108515 108516 108517 108518 108519
21270 108521 108522 108523 108524 108525 108526 108527 108528 108529
21271 108531 108532 108533 108534 108535 108536 108537 108538 108539
21272 108541 108542 108543 108544 108545 108546 108547
21275 108549 108550 108551 108552 108553
21276 108555
21277 108557 108558 108559 108560 108561 108562 108563
21280 108565
21281 108567 108568 108569 108570 108571
21283 108573
21284 108575 108576 108577 108578 108579
21285 108581
21287 108583 108584 108585
21288 108587 108588 108589 108590 108591
21292 108593
21293 108595
21294 108597 108598
21298 108600 108601
21299 108603 108604 108605 108606 108607 108608 108609 108610 108611
21303 108613 108614 108615
21306 108617 108618 108619
21309 108621 108622 108623 108624 108625 108626 108627 108628 108629
21310 108631 108632 108633 108634
21311 108636 108637 108638 108639 108640 108641 108642 108643 108644
21312 108646 108647
21313 108649
21316 108651 108652 108653 108654 108655 108656 108657 108658
21318 108660 108661 108662 108663 108664 108665
21319 108667 108668
21321 108670 108671 108672 108673 108674 108675 108676 108677
21323 108679 108680 108681 108682 108683 108684 108685
21324 108687 108688 108689
21328 108691
21331 108693
21333 108695
21338 108697 108698 108699 108700 108701 108702
21341 108704
21342 108706 108707 108708 108709 108710 108711 108712 108713 108714
21343 108716
21345 108718
21346 108720
21347 108722 108723 108724 108725 108726 108727 108728 108729 108730
21349 108732 108733 108734 108735
21352 108737 108738 108739
21354 108741 108742
21357 108744 108745 108746 108747 108748 108749 108750 108751 108752
21358 108754
21360 108756 108757 108758 108759 108760 108761 108762 108763 108764
21362 108766 108767 108768 108769
21363 108771
21364 108773 108774 108775
21370 108777 108778 108779 108780
21373 108782 108783
21374 108785 108786 108787 108788 108789
21379 108791
21381 108793
21383 108795 108796
21385 108798
21386 108800
21387 108802
21388 108804 108805 108806
21391 108808 108809 108810 108811 108812
21396 108814 108815 108816 108817 108818 108819 108820 108821 108822
21398 108824 108825
21400 108827 108828 108829 108830 108831
21402 108833 108834 108835 108836 108837 108838
21406 108840
21407 108842 108843 108844 108845 108846 108847
21409 108849 108850 108851
21412 108853 108854 108855 108856 108857 108858 108859 108860 108861
21413 108863
21414 108865 108866
21415 108868 108869 108870 108871 108872
21416 108874
21417 108876 108877 108878
21418 108880 108881 108882 108883 108884 108885 108886 108887 108888
21419 108890 108891 108892 108893 108894 108895 108896 108897 108898
21420 108900 108901 108902 108903 108904 108905 108906 108907 108908
21421 108910 108911 108912 108913 108914
21422 108916
21423 108918
21425 108920 108921 108922 108923 108924 108925
21426 108927 108928 108929 108930 108931
21427 108933 108934
21428 108936 108937
21429 108939 108940 108941 108942 108943 108944 108945 108946 108947
21433 108949 108950
21435 108952
21439 108954
21440 108956 108957
21443 108959
21445 108961
21446 108963 108964 108965
21447 108967
21450 108969 108970 108971 108972 108973 108974 108975
21453 108977
21455 108979 108980 108981 108982 108983 108984 108985
21456 108987
21458 108989
21459 108991 108992 108993 108994 108995 108996
21460 108998 108999 109000 109001 109002
21461 109004
21462 109006 109007 109008 109009
21464 109011
21467 109013
21472 109015 109016 109017 109018 109019 109020 109021 109022
21473 109024
21474 109026
21475 109028
21476 109030 109031 109032
21477 109034
21478 109036 109037
21479 109039 109040 109041
21481 109043 109044 109045 109046 109047 109048
21485 109050
21486 109052 109053 109054 109055
21487 109057 109058 109059 109060 109061 109062
21488 109064 109065 109066 109067 109068 109069 109070 109071 109072
21489 109074
21491 109076 109077
21492 109079
21493 109081 109082
21495 109084 109085 109086 109087 109088 109089
21496 109091 109092
21497 109094 109095 109096 109097 109098 109099 109100 109101 109102
21500 109104 109105 109106 109107 109108
21501 109110
21502 109112
21504 109114 109115 109116 109117
21505 109119 109120 109121 109122 109123 109124 109125 109126
21506 109128 109129 109130 109131 109132 109133 109134 109135 109136
21507 109138 109139
21508 109141
21509 109143 109144
21510 109146
21511 109148
21513 109150
21514 109152 109153
21515 109155 109156 109157 109158 109159 109160 109161 109162 109163
21516 109165 109166 109167 109168 109169 109170 109171 109172
21517 109174 109175 109176 109177 109178 109179
21518 109181 109182
21519 109184 109185 109186
21521 109188 109189 109190 109191 109192 109193 109194
21523 109196 109197
21524 109199 109200
21525 109202 109203
21527 109205 109206 109207
21529 109209
21531 109211 109212
21533 109214 109215 109216 109217 109218 109219 109220 109221 109222
21534 109224 109225 109226 109227
21535 109229 109230 109231 109232 109233 109234 109235
21537 109237
21539 109239 109240
21540 109242 109243 109244 109245 109246
21541 109248
21543 109250 109251 109252 109253 109254 109255 109256 109257
21544 109259 109260 109261 109262 109263 109264 109265
21546 109267 109268 109269
21547 109271 109272
21549 109274
21550 109276 109277 109278 109279
21552 109281
21553 109283 109284 109285 109286 109287 109288 109289 109290 109291
21557 109293 109294 109295
21558 109297
21559 109299
21560 109301 109302 109303 109304
21561 109306 109307 109308 109309
21562 109311
21563 109313 109314 109315 109316 109317 109318 109319 109320 109321
21564 109323 109324 109325 109326
21565 109328 109329 109330 109331 109332
21568 109334
21573 109336
21574 109338
21575 109340 109341 109342
21576 109344 109345 109346 109347
21579 109349 109350
21585 109352 109353 109354
21587 109356 109357
21590 109359
21591 109361
21592 109363 109364
21594 109366 109367
21596 109369 109370 109371
21597 109373
21598 109375 109376 109377
21599 109379 109380 109381 109382 109383
21600 109385 109386 109387
21601 109389
21603 109391 109392 109393 109394 109395 109396 109397 109398 109399
21606 109401 109402 109403 109404 109405 109406 109407
21608 109409 109410
21613 109412 109413 109414
21614 109416 109417 109418
21615 109420 109421 109422 109423 109424 109425 109426
21616 109428
21617 109430
21619 109432 109433 109434 109435 109436 109437 109438
21620 109440 109441 109442 109443 109444 109445 109446 109447 109448
21621 109450
21623 109452
21624 109454 109455 109456
21625 109458 109459 109460 109461 109462 109463 109464
21626 109466 109467 109468 109469 109470
21629 109472 109473 109474
21631 109476 109477 109478
21632 109480 109481 109482 109483 109484 109485 109486 109487 109488
21634 109490 109491 109492
21639 109494
21640 109496
21642 109498
21644 109500
21646 109502
21648 109504
21649 109506 109507 109508 109509 109510 109511
21650 109513 109514 109515 109516 109517
21651 109519 109520 109521 109522 109523 109524 109525 109526 109527
21653 109529 109530
21654 109532 109533 109534
21655 109536 109537 109538 109539 109540 109541 109542 109543 109544
21656 109546 109547 109548 109549
21658 109551 109552 109553 109554
21661 109556 109557 109558 109559 109560
21662 109562
21663 109564
21664 109566 109567
21665 109569 109570 109571
21667 109573 109574 109575
21669 109577 109578 109579 109580 109581 109582 109583
21672 109585 109586
21674 109588 109589
21675 109591
21677 109593 109594 109595
21682 109597 109598 109599 109600
21684 109602
21686 109604 109605 109606 109607
21687 109609 109610
21688 109612
21689 109614
21690 109616 109617 109618 109619 109620 109621 109622
21693 109624
21695 109626 109627 109628 109629
21697 109631 109632
21698 109634
21700 109636 109637
21704 109639 109640 109641 109642 109643
21706 109645 109646 109647 109648
21707 109650
21710 109652 109653 109654
21713 109656 109657 109658 109659
21714 109661
21715 109663 109664 109665 109666 109667 109668 109669 109670 109671
21718 109673 109674 109675
21719 109677
21720 109679 109680 109681 109682
21723 109684
21724 109686
21725 109688
21726 109690 109691 109692 109693 109694 109695 109696 109697 109698
21727 109700 109701 109702 109703 109704 109705
21729 109707 109708 109709 109710 109711 109712 109713 109714
21730 109716
21731 109718
21733 109720 109721 109722
21735 109724
21737 109726
21738 109728 109729
21739 109731 109732 109733
21740 109735 109736 109737
21741 109739
21743 109741 109742 109743 109744
21744 109746
21747 109748
21749 109750
21750 109752 109753 109754
21751 109756 109757
21753 109759
21755 109761 109762 109763 109764 109765 109766 109767
21756 109769 109770 109771
21757 109773 109774
21760 109776
21762 109778 109779 109780 109781 109782
21763 109784
21765 109786
21767 109788 109789 109790 109791 109792 109793 109794
21768 109796 109797 109798
21769 109800
21770 109802 109803 109804
21771 109806 109807 109808 109809 109810 109811 109812 109813 109814
21772 109816 109817 109818 109819
21773 109821
21774 109823
21775 109825 109826
21780 109828
21781 109830 109831 109832 109833 109834
21783 109836
21788 109838 109839 109840
21789 109842 109843
21790 109845 109846 109847 109848 109849 109850 109851 109852 109853
21791 109855 109856
21793 109858 109859
21794 109861
21795 109863 109864 109865 109866 109867 109868 109869 109870 109871
21797 109873 109874
21800 109876
21801 109878
21802 109880
21804 109882 109883
21806 109885
21807 109887
21808 109889 109890
21809 109892 109893 109894
21810 109896 109897 109898
21811 109900
21814 109902 109903 109904
21816 109906 109907
21817 109909 109910 109911 109912 109913 109914 109915 109916 109917
21818 109919 109920 109921 109922
21820 109924 109925 109926 109927 109928
21821 109930 109931 109932
21822 109934 109935 109936 109937 109938 109939 109940
21823 109942 109943
21825 109945 109946 109947 109948
21830 109950
21831 109952 109953 109954 109955 109956 109957
21833 109959
21834 109961 109962
21840 109964 109965 109966
21842 109968
21844 109970 109971 109972
21846 109974 109975 109976 109977 109978 109979
21847 109981 109982 109983
21850 109985 109986 109987 109988
21851 109990 109991 109992
21852 109994 109995 109996 109997
21853 109999 110000 110001
21854 110003
21855 110005 110006 110007
21856 110009 110010 110011 110012 110013 110014
21858 110016 110017 110018
21859 110020 110021 110022
21862 110024 110025 110026
21863 110028
21864 110030 110031
21865 110033 110034 110035 110036 110037 110038 110039 110040 110041
21867 110043
21868 110045
21870 110047
21872 110049 110050 110051
21873 110053 110054 110055 110056 110057 110058 110059 110060 110061
21874 110063 110064 110065
21875 110067 110068 110069
21876 110071
21880 110073 110074 110075
21882 110077 110078 110079 110080 110081
21886 110083 110084 110085
21888 110087
21889 110089 110090 110091 110092
21890 110094
21891 110096 110097 110098
21893 110100
21894 110102
21895 110104 110105 110106 110107 110108 110109 110110 110111 110112
21896 110114 110115 110116
21898 110118 110119 110120 110121
21899 110123
21902 110125 110126
21903 110128 110129 110130 110131 110132 110133 110134 110135 110136
21904 110138 110139 110140 110141 110142 110143 110144 110145
21905 110147 110148 110149 110150 110151
21908 110153 110154 110155
21909 110157 110158
21910 110160
21911 110162 110163 110164 110165 110166
21914 110168
21915 110170 110171 110172
21916 110174 110175 110176 110177
21918 110179
21919 110181 110182 110183 110184 110185
21921 110187 110188 110189 110190 110191 110192 110193
21922 110195 110196 110197
21927 110199 110200 110201 110202
21930 110204 110205 110206 110207 110208 110209 110210 110211 110212
21931 110214 110215 110216 110217
21932 110219 110220
21933 110222 110223 110224
21934 110226 110227 110228 110229
21935 110231
21940 110233 110234
21941 110236 110237
21944 110239 110240 110241 110242
21945 110244 110245 110246
21947 110248 110249 110250
21948 110252 110253 110254 110255 110256 110257 110258 110259
21949 110261
21954 110263 110264
21956 110266 110267
21959 110269
21961 110271
21962 110273
21963 110275 110276 110277 110278 110279
21964 110281 110282
21965 110284 110285 110286
21966 110288 110289 110290 110291 110292
21969 110294 110295 110296 110297 110298 110299 110300
21970 110302 110303 110304 110305 110306 110307 110308 110309
21971 110311 110312 110313 110314 110315 110316
21973 110318 110319 110320 110321 110322 110323 110324 110325 110326
21974 110328 110329 110330 110331 110332 110333 110334 110335 110336
21975 110338
21976 110340 110341 110342 110343
21977 110345
21978 110347 110348
21982 110350 110351 110352 110353 110354 110355 110356 110357 110358
21985 110360
21988 110362
21989 110364 110365
21990 110367
21992 110369 110370
21994 110372 110373 110374 110375
21995 110377
21999 110379 110380 110381 110382 110383 110384 110385
22000 110387 110388 110389 110390
22002 110392 110393
22003 110395 110396 110397 110398
22004 110400
22007 110402
22008 110404 110405 110406 110407 110408 110409 110410 110411 110412
22010 110414
22014 110416 110417 110418 110419 110420 110421 110422 110423
22016 110425 110426 110427 110428 110429 110430 110431 110432 110433
22017 110435 110436
22019 110438 110439 110440 110441
22020 110443 110444 110445 110446
22023 110448 110449
22024 110451 110452 110453 110454 110455 110456
22025 110458
22027 110460
22028 110462 110463 110464 110465
22029 110467 110468 110469 110470 110471 110472 110473 110474 110475
22031 110477
22032 110479 110480 110481 110482
22033 110484 110485 110486 110487 110488 110489 110490 110491 110492
22034 110494 110495 110496
22035 110498
22036 110500
22037 110502
22041 110504 110505
22042 110507 110508 110509 110510 110511 110512
22043 110514 110515
22049 110517
22051 110519 110520 110521 110522 110523 110524 110525 110526 110527
22052 110529 110530 110531 110532 110533 110534 110535 110536
22054 110538 110539 110540
22055 110542
22058 110544 110545
22059 110547 110548
22066 110550
22067 110552 110553
22069 110555
22077 110557 110558 110559 110560 110561 110562 110563
22078 110565 110566
22080 110568 110569 110570 110571 110572 110573 110574 110575 110576
22084 110578 110579 110580
22085 110582
22086 110584 110585
22087 110587 110588 110589
22088 110591 110592 110593
22089 110595
22090 110597 110598 110599 110600 110601 110602 110603 110604 110605
22095 110607
22096 110609
22100 110611 110612 110613
22102 110615 110616 110617 110618
22103 110620 110621 110622
22104 110624 110625 110626 110627
22105 110629 110630 110631 110632 110633 110634 110635 110636
22106 110638 110639
22107 110641 110642 110643
22108 110645
22109 110647 110648
22110 110650
22111 110652 110653 110654
22112 110656 110657 110658 110659 110660 110661 110662
22113 110664 110665
22116 110667 110668 110669 110670 110671 110672 110673 110674 110675
22117 110677
22119 110679
22121 110681
22122 110683 110684 110685 110686 110687
22123 110689
22125 110691
22128 110693 110694
22131 110696 110697 110698 110699
22136 110701
22137 110703 110704 110705 110706 110707 110708
22138 110710
22139 110712
22143 110714
22147 110716
22149 110718
22151 110720 110721 110722 110723
22153 110725
22155 110727
22157 110729 110730 110731 110732 110733 110734 110735
22158 110737
22159 110739
22160 110741 110742 110743 110744 110745 110746 110747
22161 110749 110750 110751 110752 110753 110754 110755 110756 110757
22163 110759 110760 110761 110762 110763 110764 110765
22165 110767 110768 110769 110770 110771 110772 110773 110774 110775
22168 110777 110778 110779 110780 110781
22169 110783 110784 110785 110786
22170 110788 110789 110790 110791 110792
22176 110794 110795 110796 110797 110798 110799 110800 110801 110802
22178 110804 110805 110806 110807 110808 110809
22179 110811 110812 110813
22180 110815 110816 110817 110818 110819 110820 110821
22182 110823 110824 110825
22183 110827
22184 110829 110830 110831 110832 110833 110834
22185 110836 110837 110838 110839
22190 110841 110842 110843 110844
22191 110846 110847 110848
22194 110850
22196 110852 110853 110854 110855 110856 110857 110858 110859
22198 110861 110862
22199 110864
22202 110866 110867
22203 110869
22204 110871 110872 110873 110874 110875 110876 110877
22206 110879
22208 110881 110882
22209 110884 110885 110886 110887 110888 110889
22211 110891 110892 110893 110894 110895 110896
22213 110898
22214 110900 110901 110902 110903 110904 110905 110906 110907 110908
22221 110910 110911
22222 110913 110914
22224 110916 110917
22226 110919 110920 110921 110922
22227 110924 110925
22228 110927 110928 110929
22230 110931 110932
22231 110934 110935 110936
22233 110938
22234 110940 110941 110942 110943 110944 110945 110946 110947 110948
22238 110950 110951
22240 110953 110954 110955
22241 110957 110958
22242 110960
22243 110962 110963 110964 110965 110966
22244 110968
22245 110970 110971
22246 110973 110974 110975
22249 110977 110978 110979 110980 110981 110982 110983 110984 110985
22250 110987 110988 110989
22251 110991 110992 110993
22252 110995 110996 110997 110998
22254 111000 111001 111002 111003
22255 111005 111006 111007 111008
22257 111010 111011
22258 111013 111014 111015 111016 111017 111018
22260 111020 111021
22262 111023 111024
22270 111026
22272 111028 111029 111030
22275 111032 111033
22276 111035 111036 111037
22278 111039 111040 111041 111042 111043
22281 111045
22284 111047
22285 111049 111050
22286 111052
22287 111054 111055 111056 111057
22288 111059 111060 111061 111062 111063
22290 111065
22291 111067
22292 111069 111070 111071 111072 111073 111074 111075 111076 111077
22297 111079 111080
22298 111082 111083 111084 111085 111086 111087 111088 111089 111090
22301 111092 111093 111094 111095
22304 111097 111098 111099 111100 111101 111102 111103 111104 111105
22305 111107
22306 111109 111110 111111 111112 111113 111114 111115 111116 111117
22310 111119 111120 111121
22311 111123
22318 111125
22319 111127 111128
22320 111130
22321 111132 111133 111134 111135 111136 111137 111138 111139
22325 111141 111142 111143 111144 111145 111146 111147
22326 111149 111150 111151 111152 111153 111154 111155 111156 111157
22329 111159 111160 111161
22332 111163
22334 111165 111166 111167 111168
22338 111170 111171 111172 111173 111174 111175 111176 111177 111178
22340 111180 111181
22342 111183
22343 111185 111186 111187 111188 111189 111190 111191 111192 111193
22344 111195
22347 111197
22349 111199 111200 111201 111202
22351 111204
22353 111206 111207 111208 111209 111210 111211 111212 111213 111214
22354 111216 111217 111218 111219 111220 111221 111222 111223 111224
22355 111226
22356 111228 111229 111230 111231 111232 111233 111234
22360 111236 111237
22362 111239 111240
22363 111242
22365 111244 111245 111246 111247
22366 111249
22367 111251
22368 111253 111254
22369 111256
22371 111258 111259 111260
22372 111262 111263 111264 111265 111266
22373 111268
22376 111270
22378 111272 111273
22379 111275 111276 111277 111278
22382 111280 111281 111282 111283 111284
22383 111286
22384 111288 111289
22386 111291
22388 111293
22389 111295
22390 111297 111298
22391 111300 111301 111302 111303 111304 111305 111306 111307 111308
22393 111310 111311 111312 111313
22395 111315 111316 111317
22396 111319 111320
22397 111322
22399 111324
22404 111326 111327 111328 111329 111330 111331
22406 111333 111334 111335 111336 111337 111338 111339 111340 111341
22409 111343
22410 111345 111346
22411 111348 111349
22415 111351 111352 111353 111354 111355
22416 111357 111358
22418 111360 111361
22419 111363 111364 111365 111366 111367 111368 111369 111370 111371
22420 111373 111374 111375 111376 111377 111378 111379 111380 111381
22421 111383 111384 111385 111386
22422 111388 111389
22424 111391 111392
22427 111394 111395 111396 111397 111398
22429 111400
22430 111402 111403 111404 111405 111406 111407 111408 111409 111410
22431 111412 111413 111414 111415 111416 111417 111418 111419 111420
22433 111422 111423 111424 111425 111426 111427 111428
22435 111430 111431 111432
22440 111434 111435
22446 111437
22447 111439
22448 111441
22450 111443
22451 111445
22453 111447 111448 111449 111450 111451 111452 111453 111454 111455
22454 111457 111458 111459 111460
22455 111462 111463
22456 111465 111466
22457 111468
22458 111470 111471 111472 111473
22460 111475
22461 111477
22463 111479 111480
22464 111482
22467 111484
22471 111486 111487 111488
22472 111490 111491 111492 111493
22473 111495
22476 111497 111498 111499 111500
22477 111502 111503
22478 111505
22479 111507
22481 111509
22482 111511 111512
22485 111514 111515
22488 111517 111518 111519 111520
22489 111522 111523
22491 111525 111526 111527 111528 111529 111530
22493 111532
22498 111534
22499 111536
22500 111538 111539 111540
22501 111542
22503 111544 111545 111546 111547 111548 111549 111550
22504 111552 111553 111554 111555 111556 111557 111558 111559 111560
22505 111562
22506 111564
22508 111566 111567 111568 111569 111570 111571 111572
22509 111574 111575
22510 111577 111578
22511 111580 111581
22512 111583 111584
22515 111586 111587 111588 111589 111590 111591 111592 111593 111594
22517 111596
22518 111598 111599 111600 111601
22521 111603 111604 111605 111606 111607 111608 111609 111610 111611
22524 111613 111614 111615 111616 111617 111618 111619 111620 111621
22525 111623 111624 111625 111626
22529 111628 111629
22531 111631 111632 111633 111634
22532 111636
22533 111638
22535 111640 111641 111642 111643 111644
22537 111646 111647 111648 111649 111650 111651 111652 111653 111654
22542 111656 111657 111658 111659
22543 111661 111662
22546 111664 111665 111666
22547 111668
22548 111670
22551 111672
22553 111674 111675
22554 111677 111678 111679
22556 111681 111682 111683 111684 111685 111686 111687 111688
22561 111690 111691 111692 111693 111694
22562 111696
22563 111698
22566 111700 111701 111702 111703 111704 111705 111706 111707 111708
22567 111710
22569 111712
22570 111714
22572 111716 111717 111718 111719
22573 111721
22574 111723 111724 111725 111726 111727 111728 111729 111730 111731
22575 111733 111734 111735
22578 111737
22579 111739 111740
22583 111742 111743 111744 111745
22585 111747 111748 111749 111750 111751 111752 111753 111754 111755
22587 111757
22589 111759 111760 111761 111762 111763 111764 111765 111766 111767
22591 111769 111770
22594 111772
22595 111774 111775
22596 111777 111778
22599 111780 111781 111782 111783 111784 111785 111786
22601 111788 111789 111790 111791
22602 111793 111794
22603 111796 111797 111798 111799 111800 111801 111802
22606 111804
22607 111806 111807 111808 111809 111810 111811 111812 111813 111814
22608 111816
22609 111818
22612 111820 111821 111822 111823 111824 111825
22617 111827 111828
22619 111830
22623 111832 111833
22626 111835 111836 111837 111838 111839
22627 111841 111842 111843 111844 111845 111846 111847 111848 111849
22629 111851 111852
22634 111854
22638 111856
22639 111858 111859
22642 111861 111862
22643 111864
22644 111866
22645 111868
22648 111870
22650 111872
22651 111874 111875 111876 111877
22654 111879 111880 111881
22655 111883
22656 111885 111886 111887
22657 111889
22659 111891 111892
22664 111894
22669 111896 111897
22670 111899 111900 111901 111902 111903 111904 111905 111906 111907
22671 111909
22674 111911 111912 111913 111914
22677 111916
22678 111918 111919 111920
22679 111922
22681 111924
22682 111926 111927 111928
22683 111930 111931 111932
22684 111934 111935 111936
22685 111938 111939
22687 111941 111942 111943 111944 111945 111946 111947 111948
22690 111950
22693 111952
22694 111954 111955 111956 111957 111958
22695 111960 111961 111962 111963 111964 111965
22696 111967 111968 111969 111970
22698 111972 111973
22700 111975
22702 111977 111978
22703 111980 111981 111982 111983 111984 111985 111986 111987 111988
22704 111990 111991
22706 111993 111994 111995 111996
22708 111998 111999
22712 112001 112002 112003 112004 112005 112006 112007 112008 112009
22714 112011 112012 112013 112014 112015 112016 112017
22718 112019
22719 112021 112022
22720 112024 112025 112026 112027 112028 112029 112030 112031 112032
22721 112034
22722 112036 112037
22724 112039 112040 112041
22725 112043
22727 112045
22728 112047
22729 112049 112050 112051
22731 112053 112054 112055 112056 112057 112058
22732 112060
22736 112062 112063 112064 112065 112066 112067 112068
22737 112070 112071 112072 112073 112074 112075 112076 112077
22739 112079 112080
22740 112082
22741 112084 112085 112086 112087
22743 112089
22744 112091 112092 112093
22745 112095 112096
22751 112098
22753 112100
22757 112102 112103
22759 112105
22760 112107
22761 112109 112110 112111 112112 112113
22762 112115
22767 112117
22769 112119 112120 112121 112122 112123 112124 112125 112126 112127
22770 112129
22773 112131 112132 112133 112134 112135
22774 112137 112138 112139 112140 112141 112142 112143
22777 112145
22778 112147 112148
22781 112150 112151 112152
22784 112154
22785 112156
22786 112158 112159 112160 112161
22788 112163 112164
22791 112166
22795 112168 112169
22796 112171
22797 112173 112174 112175 112176
22798 112178
22800 112180
22802 112182 112183 112184 112185
22804 112187
22805 112189 112190
22807 112192 112193 112194
22808 112196
22810 112198 112199 112200 112201 112202 112203 112204 112205 112206
22815 112208 112209
22816 112211 112212 112213 112214 112215 112216 112217 112218 112219
22819 112221 112222 112223 112224
22823 112226 112227
22824 112229 112230 112231 112232 112233 112234 112235
22825 112237 112238 112239 112240 112241 112242 112243
22829 112245 112246 112247 112248 112249 112250 112251 112252
22831 112254
22834 112256
22836 112258
22837 112260 112261
22839 112263 112264 112265
22840 112267
22845 112269 112270 112271
22846 112273
22847 112275 112276 112277 112278 112279
22850 112281 112282
22851 112284
22852 112286 112287 112288
22854 112290 112291 112292 112293 112294
22855 112296 112297 112298 112299
22856 112301
22857 112303 112304
22858 112306
22859 112308 112309 112310 112311 112312 112313
22860 112315
22861 112317 112318
22865 112320 112321
22870 112323 112324 112325
22871 112327
22873 112329 112330
22874 112332 112333 112334 112335 112336 112337
22876 112339 112340
22878 112342
22879 112344
22884 112346 112347 112348
22887 112350 112351
22889 112353 112354 112355 112356 112357 112358 112359 112360 112361
22890 112363
22891 112365 112366 112367 112368 112369 112370
22892 112372 112373 112374
22893 112376
22899 112378
22901 112380
22903 112382
22910 112384 112385 112386 112387
22912 112389
22914 112391 112392 112393 112394 112395 112396 112397 112398 112399
22916 112401 112402 112403
22917 112405 112406 112407
22918 112409
22919 112411 112412
22921 112414 112415
22922 112417
22923 112419
22924 112421
22925 112423 112424 112425 112426 112427 112428 112429
22933 112431 112432
22935 112434
22937 112436
22942 112438 112439 112440 112441
22944 112443 112444 112445 112446 112447 112448 112449 112450 112451
22945 112453
22946 112455
22947 112457
22949 112459
22950 112461 112462 112463 112464 112465
22951 112467 112468 112469 112470 112471 112472
22952 112474
22953 112476
22955 112478
22958 112480
22962 112482 112483
22964 112485 112486
22965 112488
22967 112490 112491 112492 112493
22969 112495 112496 112497 112498 112499 112500
22972 112502
22975 112504
22976 112506 112507
22978 112509
22980 112511 112512 112513 112514 112515 112516
22983 112518
22984 112520
22987 112522
22990 112524 112525
22991 112527
22992 112529
22994 112531
22995 112533 112534 112535 112536 112537 112538 112539 112540 112541
22996 112543 112544 112545 112546 112547
23000 112549 112550 112551 112552
23001 112554 112555 112556 112557 112558 112559
23002 112561 112562
23008 112564 112565 112566 112567
23011 112569 112570
23013 112572
23014 112574 112575 112576 112577 112578 112579 112580 112581 112582
23015 112584
23016 112586 112587 112588
23019 112590 112591
23021 112593 112594 112595 112596 112597 112598 112599 112600 112601
23023 112603 112604
23024 112606
23028 112608
23033 112610
23036 112612
23040 112614
23042 112616
23048 112618 112619
23049 112621 112622 112623 112624 112625
23054 112627 112628 112629
23056 112631 112632 112633 112634 112635 112636 112637 112638 112639
23057 112641
23058 112643
23060 112645 112646 112647 112648 112649 112650 112651 112652 112653
23064 112655
23067 112657 112658 112659 112660
23068 112662
23070 112664
23071 112666
23072 112668
23073 112670
23074 112672 112673 112674 112675 112676 112677
23075 112679 112680
23076 112682
23077 112684 112685
23078 112687
23080 112689
23082 112691
23087 112693 112694 112695 112696 112697 112698
23089 112700
23094 112702 112703 112704 112705 112706
23095 112708
23096 112710 112711
23098 112713 112714 112715 112716 112717 112718 112719 112720
23100 112722 112723 112724 112725 112726 112727 112728 112729 112730
23101 112732
23102 112734 112735
23105 112737
23108 112739
23109 112741
23110 112743 112744
23111 112746
23114 112748
23122 112750 112751
23124 112753
23125 112755 112756
23126 112758 112759 112760 112761 112762
23129 112764
23133 112766
23134 112768 112769
23136 112771
23147 112773 112774
23153 112776
23154 112778 112779 112780 112781 112782
23155 112784 112785 112786 112787 112788 112789 112790 112791 112792
23156 112794
23157 112796
23159 112798 112799 112800 112801 112802 112803 112804
23160 112806
23161 112808
23162 112810
23163 112812
23164 112814 112815 112816 112817 112818 112819 112820
23167 112822 112823 112824 112825 112826 112827
23168 112829 112830 112831
23169 112833 112834
23170 112836 112837 112838 112839 112840 112841 112842 112843
23171 112845 112846
23173 112848 112849 112850
23174 112852 112853 112854
23175 112856 112857 112858 112859 112860 112861
23178 112863 112864 112865 112866 112867 112868
23179 112870 112871 112872 112873 112874
23180 112876 112877 112878
23182 112880 112881 112882 112883
23183 112885 112886 112887 112888 112889 112890
23184 112892 112893 112894 112895 112896 112897
23187 112899 112900
23188 112902
23189 112904
23190 112906
23191 112908
23192 112910 112911 112912
23193 112914 112915 112916 112917
23195 112919
23198 112921
23199 112923
23201 112925
23202 112927 112928 112929 112930 112931
23206 112933 112934 112935
23208 112937
23213 112939 112940
23215 112942 112943
23216 112945 112946 112947
23219 112949
23220 112951
23221 112953 112954 112955
23222 112957 112958 112959 112960 112961
23223 112963 112964
23227 112966 112967
23228 112969 112970 112971 112972 112973 112974 112975 112976 112977
23232 112979 112980 112981 112982 112983 112984 112985 112986 112987
23234 112989 112990 112991 112992 112993 112994 112995 112996 112997
23236 112999 113000 113001 113002 113003 113004 113005 113006 113007
23237 113009 113010 113011 113012
23240 113014 113015
23242 113017 113018
23243 113020 113021 113022
23244 113024 113025
23246 113027 113028 113029 113030
23249 113032
23250 113034 113035
23252 113037
23255 113039
23258 113041 113042
23259 113044 113045 113046
23261 113048
23262 113050
23264 113052
23266 113054
23268 113056 113057 113058
23269 113060 113061 113062 113063 113064 113065 113066 113067 113068
23270 113070 113071 113072
23271 113074 113075
23272 113077 113078 113079 113080 113081 113082 113083 113084
23273 113086
23275 113088 113089 113090 113091 113092 113093
23276 113095 113096 113097
23277 113099 113100
23281 113102
23282 113104 113105 113106
23283 113108
23288 113110 113111 113112 113113 113114
23289 113116 113117 113118
23290 113120 113121 113122 113123 113124 113125 113126 113127 113128
23291 113130
23294 113132
23295 113134 113135 113136 113137 113138 113139 113140 113141
23296 113143 113144
23298 113146 113147 113148 113149
23299 113151 113152 113153
23303 113155
23304 113157 113158 113159 113160 113161
23307 113163
23308 113165
23309 113167 113168
23311 113170 113171
23312 113173 113174 113175 113176
23313 113178 113179
23315 113181 113182
23319 113184
23320 113186 113187 113188 113189
23322 113191
23325 113193 113194 113195 113196
23327 113198 113199
23328 113201 113202
23329 113204
23332 113206 113207 113208 113209 113210
23333 113212
23336 113214 113215 113216 113217
23337 113219
23338 113221 113222 113223 113224 113225
23340 113227 113228
23343 113230
23346 113232
23347 113234 113235
23348 113237 113238 113239 113240 113241 113242 113243 113244
23351 113246 113247 113248 113249 113250 113251 113252 113253 113254
23352 113256 113257 113258 113259
23353 113261 113262 113263
23356 113265
23357 113267 113268 113269 113270 113271 113272
23358 113274 113275 113276 113277
23360 113279 113280 113281 113282 113283 113284 113285 113286 113287
23361 113289 113290
23362 113292
23365 113294
23366 113296 113297 113298 113299 113300 113301 113302
23369 113304 113305 113306 113307 113308 113309 113310 113311 113312
23370 113314
23371 113316 113317 113318 113319 113320 113321 113322 113323 113324
23375 113326
23377 113328 113329
23379 113331
23380 113333 113334 113335 113336 113337 113338 113339
23381 113341
23382 113343 113344 113345 113346 113347 113348 113349 113350 113351
23385 113353
23386 113355 113356
23387 113358 113359
23388 113361 113362
23389 113364
23392 113366 113367 113368 113369 113370 113371 113372 113373 113374
23394 113376 113377
23395 113379
23396 113381
23397 113383
23400 113385 113386 113387
23401 113389
23404 113391
23405 113393 113394
23406 113396 113397 113398 113399 113400 113401 113402 113403 113404
23407 113406
23409 113408 113409 113410
23412 113412
23415 113414 113415 113416 113417 113418 113419 113420 113421 113422
23419 113424 113425 113426
23420 113428 113429
23422 113431 113432 113433 113434 113435 113436 113437
23424 113439 113440
23428 113442
23429 113444 113445
23430 113447
23432 113449
23433 113451 113452
23435 113454
23436 113456
23437 113458 113459 113460
23440 113462 113463 113464 113465
23441 113467 113468 113469 113470 113471
23442 113473
23443 113475 113476 113477
23444 113479 113480
23447 113482 113483
23448 113485 113486 113487 113488 113489 113490 113491 113492
23449 113494 113495
23452 113497
23454 113499
23455 113501 113502
23456 113504
23457 113506
23459 113508 113509
23461 113511
23464 113513 113514 113515 113516 113517 113518 113519 113520 113521
23466 113523
23467 113525
23471 113527
23472 113529 113530
23474 113532 113533
23475 113535 113536
23477 113538
23478 113540 113541
23479 113543
23483 113545 113546
23484 113548
23486 113550 113551
23492 113553
23493 113555 113556 113557 113558 113559 113560 113561 113562
23496 113564 113565 113566 113567
23497 113569
23504 113571 113572 113573 113574 113575 113576 113577 113578
23505 113580
23510 113582 113583
23511 113585 113586
23513 113588
23518 113590
23519 113592
23520 113594
23522 113596
23525 113598
23527 113600 113601 113602 113603 113604 113605 113606
23528 113608 113609 113610 113611
23529 113613 113614 113615
23531 113617
23533 113619
23537 113621 113622
23540 113624 113625 113626
23542 113628
23545 113630 113631
23546 113633 113634
23547 113636 113637
23550 113639 113640
23551 113642 113643 113644 113645 113646 113647 113648
23555 113650
23559 113652
23560 113654 113655 113656 113657 113658 113659 113660 113661 113662
23561 113664 113665
23562 113667
23563 113669
23564 113671 113672 113673 113674 113675 113676 113677
23565 113679 113680 113681 113682
23569 113684 113685 113686 113687
23571 113689
23573 113691 113692
23574 113694
23577 113696
23578 113698 113699
23581 113701 113702
23585 113704 113705 113706 113707 113708 113709
23586 113711 113712 113713 113714 113715 113716 113717 113718 113719
23590 113721 113722 113723 113724 113725 113726 113727 113728 113729
23591 113731 113732 113733
23592 113735
23593 113737 113738 113739
23594 113741
23596 113743 113744 113745 113746 113747 113748
23597 113750 113751 113752 113753 113754
23598 113756 113757 113758
23600 113760
23601 113762 113763 113764 113765 113766 113767 113768 113769 113770
23602 113772 113773
23604 113775 113776 113777 113778 113779 113780 113781
23606 113783 113784 113785 113786 113787 113788 113789 113790 113791
23608 113793
23609 113795 113796
23610 113798 113799
23612 113801
23614 113803
23617 113805 113806 113807 113808 113809 113810 113811
23618 113813 113814
23620 113816
23622 113818 113819
23624 113821 113822 113823 113824 113825
23627 113827 113828 113829 113830 113831
23631 113833
23632 113835 113836 113837 113838 113839 113840
23633 113842
23635 113844
23636 113846
23638 113848 113849
23642 113851 113852 113853
23645 113855
23648 113857
23651 113859 113860
23654 113862 113863
23655 113865 113866 113867 113868 113869 113870
23657 113872
23658 113874 113875 113876 113877 113878 113879
23659 113881 113882 113883
23660 113885 113886 113887 113888 113889 113890
23662 113892 113893 113894 113895
23665 113897
23668 113899
23670 113901
23673 113903
23675 113905
23676 113907 113908 113909
23681 113911
23682 113913
23683 113915
23684 113917 113918 113919 113920 113921
23686 113923 113924
23687 113926
23689 113928
23690 113930
23692 113932 113933 113934 113935 113936 113937 113938 113939 113940
23693 113942
23694 113944 113945 113946 113947 113948 113949 113950 113951 113952
23695 113954 113955 113956 113957
23696 113959
23697 113961 113962 113963
23698 113965 113966 113967 113968 113969 113970 113971 113972 113973
23700 113975
23701 113977 113978 113979
23706 113981 113982
23708 113984 113985 113986
23710 113988 113989 113990 113991 113992 113993 113994 113995
23713 113997 113998 113999 114000
23714 114002 114003
23716 114005
23717 114007
23718 114009 114010
23720 114012 114013
23724 114015 114016 114017 114018 114019
23726 114021 114022 114023 114024 114025 114026
23727 114028
23730 114030 114031 114032 114033 114034 114035 114036 114037 114038
23732 114040 114041 114042
23735 114044
23738 114046 114047 114048 114049 114050 114051 114052
23740 114054 114055 114056 114057 114058
23741 114060 114061 114062 114063 114064
23742 114066 114067 114068
23744 114070 114071
23747 114073 114074 114075 114076 114077 114078 114079 114080 114081
23748 114083 114084
23749 114086 114087 114088 114089
23750 114091 114092 114093 114094 114095
23752 114097 114098 114099
23753 114101 114102 114103 114104 114105
23754 114107 114108
23756 114110
23757 114112
23761 114114 114115 114116 114117 114118 114119 114120 114121 114122
23765 114124 114125
23767 114127 114128 114129 114130 114131 114132 114133 114134 114135
23768 114137 114138 114139 114140 114141 114142 114143 114144
23774 114146 114147
23775 114149 114150 114151 114152 114153 114154 114155
23776 114157 114158
23777 114160
23781 114162 114163
23782 114165 114166 114167 114168 114169 114170 114171
23783 114173 114174 114175 114176 114177 114178 114179 114180 114181
23785 114183
23786 114185 114186 114187
23787 114189
23788 114191 114192 114193 114194 114195 114196
23793 114198 114199 114200 114201 114202 114203 114204
23795 114206
23797 114208 114209
23799 114211
23801 114213 114214 114215 114216 114217 114218 114219
23803 114221 114222 114223
23806 114225 114226 114227 114228 114229 114230 114231 114232 114233
23807 114235
23809 114237
23810 114239 114240 114241 114242 114243 114244
23814 114246 114247 114248 114249 114250 114251
23818 114253 114254
23821 114256 114257
23826 114259 114260 114261 114262 114263 114264 114265
23830 114267 114268 114269 114270
23835 114272 114273
23838 114275
23839 114277 114278 114279 114280
23841 114282 114283 114284
23842 114286
23844 114288 114289 114290 114291 114292 114293 114294 114295
23845 114297
23847 114299 114300 114301
23849 114303
23853 114305
23854 114307
23856 114309 114310
23857 114312 114313
23858 114315
23859 114317 114318
23861 114320
23863 114322 114323
23865 114325 114326 114327
23866 114329
23868 114331
23869 114333
23871 114335
23874 114337 114338 114339
23875 114341 114342 114343 114344 114345 114346 114347 114348
23876 114350 114351 114352
23877 114354
23878 114356 114357 114358 114359
23879 114361 114362
23880 114364 114365 114366 114367 114368 114369 114370 114371
23881 114373
23883 114375
23884 114377
23891 114379 114380 114381 114382 114383 114384 114385
23892 114387 114388 114389 114390 114391 114392 114393 114394 114395
23893 114397
23900 114399 114400 114401
23901 114403
23906 114405 114406
23907 114408
23908 114410
23910 114412 114413
23913 114415 114416 114417 114418 114419
23914 114421 114422
23917 114424
23918 114426
23921 114428
23922 114430 114431 114432 114433 114434 114435 114436 114437 114438
23923 114440 114441 114442 114443
23924 114445 114446
23926 114448 114449
23928 114451
23930 114453
23931 114455 114456
23932 114458 114459 114460
23938 114462 114463 114464 114465 114466
23939 114468 114469
23941 114471 114472
23942 114474
23943 114476 114477 114478 114479 114480
23944 114482 114483 114484
23945 114486 114487 114488 114489 114490
23947 114492 114493
23951 114495 114496 114497
23954 114499 114500 114501 114502
23955 114504 114505
23956 114507
23958 114509 114510 114511 114512 114513
23962 114515 114516
23964 114518 114519 114520
23970 114522
23972 114524 114525
23974 114527 114528
23975 114530 114531 114532 114533
23976 114535 114536 114537 114538
23977 114540 114541 114542 114543 114544 114545
23979 114547 114548 114549 114550
23980 114552 114553 114554 114555 114556
23981 114558 114559 114560
23982 114562
23983 114564
23984 114566 114567 114568
23987 114570
23988 114572
23990 114574
23992 114576
23993 114578 114579 114580 114581 114582
23995 114584
23996 114586
23997 114588
23998 114590 114591 114592 114593 114594 114595 114596 114597 114598
24002 114600
24004 114602 114603 114604 114605 114606 114607 114608 114609 114610
24005 114612
24008 114614 114615
24010 114617 114618 114619 114620 114621
24011 114623
24012 114625
24017 114627
24018 114629
24019 114631 114632 114633 114634 114635 114636 114637 114638
24023 114640 114641 114642
24024 114644 114645 114646 114647
24032 114649 114650 114651 114652 114653
24034 114655 114656 114657 114658 114659
24036 114661 114662 114663 114664 114665 114666 114667
24037 114669 114670
24038 114672
24039 114674 114675 114676 114677 114678 114679
24042 114681
24043 114683
24045 114685
24046 114687 114688 114689 114690
24047 114692 114693 114694
24057 114696 114697 114698
24059 114700 114701
24061 114703 114704 114705
24063 114707 114708 114709
24065 114711 114712 114713
24066 114715
24068 114717 114718 114719 114720
24069 114722 114723
24071 114725 114726 114727
24074 114729 114730
24075 114732 114733
24076 114735
24078 114737
24079 114739 114740 114741 114742 114743 114744 114745 114746 114747
24080 114749
24082 114751 114752 114753 114754 114755
24083 114757 114758
24084 114760 114761 114762
24087 114764 114765
24090 114767 114768 114769 114770 114771 114772 114773
24092 114775 114776 114777 114778
24094 114780
24095 114782 114783 114784
24096 114786 114787 114788 114789 114790 114791 114792
24097 114794 114795
24099 114797 114798
24100 114800
24101 114802
24105 114804 114805 114806 114807 114808 114809 114810 114811 114812
24106 114814
24107 114816 114817
24108 114819 114820
24110 114822 114823
24111 114825
24112 114827
24116 114829 114830
24118 114832
24119 114834 114835 114836 114837 114838
24133 114840 114841 114842
24134 114844 114845
24135 114847 114848 114849
24137 114851 114852
24138 114854
24140 114856
24143 114858 114859
24144 114861 114862 114863 114864 114865
24145 114867
24146 114869 114870
24151 114872
24152 114874 114875
24156 114877 114878
24158 114880 114881 114882 114883 114884
24159 114886 114887
24161 114889
24162 114891
24163 114893 114894 114895 114896 114897 114898 114899 114900 114901
24164 114903 114904 114905
24165 114907
24167 114909 114910 114911 114912
24172 114914
24173 114916 114917
24174 114919 114920
24176 114922 114923 114924 114925
24177 114927
24178 114929 114930
24180 114932 114933
24181 114935 114936 114937
24184 114939 114940 114941
24185 114943 114944 114945 114946 114947 114948 114949 114950
24186 114952 114953 114954 114955 114956 114957 114958 114959 114960
24187 114962 114963 114964 114965 114966
24188 114968
24189 114970
24190 114972
24194 114974 114975 114976
24195 114978 114979 114980
24197 114982 114983
24199 114985 114986 114987 114988 114989 114990 114991 114992 114993
24200 114995 114996
24201 114998 114999 115000 115001 115002 115003
24205 115005 115006
24206 115008 115009
24213 115011
24214 115013
24215 115015 115016
24220 115018
24221 115020
24223 115022 115023 115024
24224 115026
24225 115028 115029 115030 115031
24227 115033 115034 115035 115036 115037 115038 115039
24232 115041 115042 115043
24235 115045
24238 115047
24239 115049 115050 115051 115052 115053 115054
24240 115056 115057 115058 115059
24241 115061 115062 115063 115064 115065 115066
24242 115068 115069 115070 115071 115072 115073 115074 115075 115076
24246 115078
24247 115080
24250 115082 115083
24252 115085
24253 115087 115088 115089 115090 115091 115092 115093
24255 115095
24256 115097 115098 115099
24259 115101 115102
24263 115104 115105
24267 115107 115108
24268 115110 115111
24274 115113 115114
24277 115116 115117
24280 115119 115120 115121
24282 115123 115124
24286 115126 115127 115128
24289 115130 115131 115132
24291 115134
24292 115136 115137 115138
24293 115140 115141 115142 115143 115144 115145 115146
24295 115148 115149 115150 115151 115152 115153 115154 115155 115156
24296 115158
24298 115160
24303 115162 115163
24304 115165 115166
24305 115168
24309 115170 115171 115172 115173 115174 115175
24312 115177
24315 115179 115180 115181 115182 115183 115184 115185 115186 115187
24316 115189 115190
24318 115192 115193 115194
24319 115196
24322 115198 115199 115200 115201
24323 115203 115204
24325 115206 115207
24328 115209
24329 115211
24330 115213 115214
24331 115216 115217 115218 115219 115220 115221 115222 115223 115224
24333 115226 115227 115228 115229 115230 115231 115232 115233 115234
24334 115236
24339 115238
24340 115240
24342 115242
24343 115244
24345 115246
24348 115248 115249 115250 115251
24349 115253
24350 115255 115256 115257 115258 115259 115260
24351 115262
24352 115264
24353 115266
24354 115268 115269 115270
24355 115272 115273 115274 115275
24357 115277 115278 115279
24358 115281 115282
24363 115284
24365 115286
24367 115288 115289 115290 115291 115292 115293 115294 115295
24368 115297 115298
24369 115300
24370 115302
24372 115304
24373 115306 115307 115308 115309 115310 115311 115312 115313
24374 115315 115316 115317 115318
24376 115320 115321 115322 115323 115324
24378 115326 115327 115328
24379 115330
24381 115332 115333 115334 115335
24382 115337
24384 115339 115340 115341 115342
24385 115344 115345 115346 115347
24386 115349
24387 115351 115352 115353
24388 115355 115356
24390 115358 115359 115360
24393 115362 115363
24401 115365
24403 115367 115368 115369 115370
24408 115372 115373 115374
24409 115376 115377
24411 115379 115380
24414 115382 115383 115384 115385 115386 115387 115388 115389
24415 115391 115392
24416 115394 115395
24418 115397
24421 115399 115400
24422 115402
24423 115404 115405 115406 115407 115408 115409 115410
24424 115412 115413
24425 115415 115416
24426 115418 115419
24427 115421
24429 115423 115424 115425
24430 115427 115428
24431 115430 115431 115432 115433 115434
24434 115436 115437
24435 115439 115440 115441 115442
24438 115444
24440 115446 115447
24443 115449
24449 115451 115452 115453 115454 115455
24450 115457
24451 115459
24452 115461
24453 115463 115464
24455 115466
24456 115468 115469
24457 115471
24459 115473
24461 115475 115476
24466 115478 115479
24469 115481 115482 115483 115484 115485
24472 115487 115488 115489 115490
24473 115492
24474 115494 115495 115496 115497 115498 115499 115500 115501 115502
24475 115504
24477 115506 115507
24480 115509 115510 115511 115512 115513 115514 115515 115516
24483 115518 115519 115520 115521 115522 115523 115524 115525 115526
24489 115528
24490 115530
24491 115532
24494 115534 115535 115536 115537
24495 115539
24498 115541 115542 115543 115544 115545 115546 115547 115548
24499 115550
24500 115552 115553 115554
24501 115556 115557
24502 115559 115560
24505 115562
24506 115564 115565
24511 115567
24513 115569 115570 115571
24514 115573
24515 115575
24516 115577 115578
24517 115580
24522 115582 115583 115584
24525 115586 115587
24526 115589
24527 115591
24530 115593 115594 115595 115596 115597 115598 115599 115600 115601
24532 115603 115604 115605 115606 115607 115608 115609 115610 115611
24536 115613 115614 115615
24542 115617 115618 115619
24543 115621 115622 115623 115624 115625 115626 115627 115628 115629
24544 115631 115632 115633
24545 115635
24549 115637 115638
24551 115640 115641 115642 115643 115644
24553 115646
24554 115648 115649 115650 115651 115652 115653
24555 115655
24556 115657
24559 115659
24560 115661
24561 115663
24562 115665
24564 115667 115668
24566 115670 115671
24568 115673 115674
24570 115676 115677 115678
24573 115680
24574 115682
24576 115684 115685 115686 115687 115688 115689 115690 115691 115692
24578 115694 115695 115696
24579 115698
24580 115700 115701 115702
24582 115704 115705 115706 115707
24584 115709 115710 115711 115712
24586 115714 115715 115716
24587 115718 115719 115720 115721
24590 115723 115724
24592 115726
24593 115728 115729 115730 115731 115732
24594 115734 115735 115736 115737 115738 115739 115740 115741 115742
24596 115744 115745 115746 115747 115748 115749
24598 115751 115752
24601 115754 115755 115756
24602 115758
24603 115760
24604 115762
24606 115764 115765
24608 115767
24611 115769 115770
24617 115772 115773 115774 115775
24619 115777 115778
24621 115780 115781 115782
24625 115784 115785
24631 115787 115788 115789 115790
24632 115792
24633 115794
24635 115796 115797
24637 115799 115800
24643 115802 115803 115804 115805 115806 115807 115808 115809 115810
24645 115812 115813
24650 115815 115816 115817 115818
24655 115820 115821
24657 115823
24658 115825 115826
24659 115828 115829
24660 115831
24661 115833 115834
24662 115836 115837 115838
24663 115840 115841 115842
24664 115844 115845
24665 115847
24668 115849 115850 115851 115852 115853 115854
24669 115856 115857 115858
24670 115860 115861 115862
24673 115864 115865 115866 115867
24674 115869 115870 115871 115872 115873
24678 115875
24680 115877
24681 115879
24682 115881 115882 115883
24683 115885 115886
24686 115888 115889
24687 115891
24689 115893 115894 115895 115896
24690 115898
24692 115900 115901
24694 115903 115904 115905 115906 115907 115908 115909 115910 115911
24696 115913 115914
24698 115916
24700 115918 115919 115920 115921 115922 115923 115924 115925 115926
24701 115928 115929 115930 115931 115932
24702 115934
24703 115936
24704 115938
24708 115940
24709 115942 115943 115944 115945 115946
24710 115948 115949 115950
24712 115952 115953
24714 115955
24715 115957 115958 115959 115960 115961 115962 115963
24716 115965 115966 115967 115968 115969
24718 115971 115972 115973 115974
24719 115976 115977 115978 115979
24721 115981 115982
24723 115984 115985 115986 115987 115988
24724 115990
24725 115992
24726 115994 115995
24727 115997
24729 115999 116000
24730 116002 116003
24733 116005 116006
24734 116008 116009 116010 116011
24737 116013 116014 116015
24740 116017 116018 116019 116020
24742 116022 116023 116024 116025 116026 116027 116028 116029 116030
24743 116032 116033 116034 116035 116036 116037 116038 116039 116040
24747 116042
24748 116044 116045 116046 116047 116048 116049
24750 116051 116052
24753 116054 116055 116056
24754 116058 116059 116060
24756 116062 116063
24758 116065 116066 116067
24760 116069
24761 116071
24763 116073
24765 116075 116076 116077 116078
24768 116080
24771 116082
24772 116084 116085
24773 116087 116088
24774 116090 116091
24775 116093
24777 116095 116096 116097 116098 116099 116100 116101
24780 116103
24781 116105 116106 116107 116108 116109 116110
24783 116112
24784 116114
24787 116116 116117
24789 116119
24793 116121
24795 116123 116124
24796 116126 116127 116128
24797 116130
24800 116132 116133 116134
24804 116136 116137 116138 116139 116140 116141 116142 116143 116144
24806 116146 116147 116148 116149 116150 116151 116152 116153 116154
24807 116156 116157 116158
24808 116160 116161 116162 116163 116164
24810 116166 116167
24816 116169 116170 116171 116172
24818 116174 116175
24822 116177
24827 116179
24830 116181 116182
24831 116184 116185
24833 116187 116188 116189 116190 116191 116192 116193
24834 116195 116196 116197 116198 116199
24839 116201
24840 116203
24844 116205
24846 116207
24847 116209 116210 116211
24848 116213
24849 116215 116216 116217 116218 116219 116220 116221 116222
24851 116224 116225 116226 116227 116228 116229 116230 116231 116232
24852 116234 116235 116236
24856 116238 116239 116240 116241 116242 116243 116244
24857 116246
24858 116248
24860 116250
24864 116252
24865 116254 116255 116256
24868 116258 116259
24869 116261 116262 116263
24870 116265 116266
24871 116268
24873 116270
24875 116272 116273 116274 116275
24876 116277
24877 116279
24878 116281 116282 116283 116284 116285
24879 116287 116288 116289 116290
24883 116292 116293 116294 116295 116296 116297 116298
24884 116300 116301 116302 116303 116304 116305 116306 116307 116308
24889 116310 116311 116312 116313
24891 116315 116316 116317 116318 116319 116320 116321 116322 116323
24892 116325 116326
24893 116328 116329
24894 116331 116332
24899 116334 116335 116336 116337 116338 116339 116340 116341 116342
24900 116344
24902 116346 116347 116348 116349 116350
24906 116352 116353
24910 116355 116356 116357
24913 116359
24915 116361 116362
24916 116364 116365
24917 116367 116368
24919 116370 116371 116372 116373 116374
24920 116376 116377
24922 116379 116380 116381 116382
24923 116384 116385
24925 116387
24929 116389
24932 116391 116392
24934 116394
24937 116396 116397
24939 116399 116400 116401
24941 116403 116404
24942 116406
24945 116408
24946 116410
24947 116412 116413
24950 116415
24952 116417
24956 116419 116420 116421 116422 116423 116424 116425
24959 116427
24960 116429
24961 116431
24962 116433 116434 116435 116436 116437
24963 116439 116440 116441
24965 116443
24966 116445 116446 116447 116448 116449
24967 116451 116452 116453 116454 116455 116456 116457 116458 116459
24970 116461
24972 116463
24973 116465 116466 116467 116468 116469 116470 116471
24974 116473 116474 116475
24975 116477
24976 116479
24979 116481
24981 116483 116484 116485 116486 116487
24982 116489 116490 116491 116492
24984 116494
24986 116496
24987 116498 116499 116500 116501
24989 116503 116504 116505
24990 116507 116508 116509
24995 116511
24997 116513 116514 116515
25000 116517
25002 116519
25005 116521
25007 116523
25008 116525
25011 116527 116528 116529 116530 116531 116532 116533 116534 116535
25012 116537 116538 116539 116540
25015 116542
25016 116544
25021 116546
25022 116548
25023 116550
25025 116552
25026 116554
25029 116556 116557 116558 116559
25031 116561 116562 116563 116564 116565
25032 116567
25033 116569
25034 116571
25036 116573
25037 116575
25040 116577
25043 116579
25045 116581 116582 116583 116584 116585
25048 116587 116588 116589
25052 116591
25053 116593 116594 116595 116596 116597
25054 116599
25056 116601 116602 116603 116604 116605 116606
25059 116608
25060 116610 116611
25061 116613
25067 116615
25069 116617 116618 116619
25073 116621 116622 116623 116624
25074 116626
25077 116628
25078 116630 116631
25079 116633 116634
25081 116636 116637 116638 116639 116640 116641 116642 116643
25082 116645 116646 116647 116648 116649 116650 116651 116652 116653
25084 116655
25088 116657 116658 116659 116660
25091 116662
25093 116664 116665
25094 116667 116668 116669 116670 116671 116672 116673 116674 116675
25096 116677 116678 116679 116680 116681
25098 116683
25099 116685 116686
25100 116688 116689 116690
25102 116692 116693
25103 116695 116696 116697 116698
25104 116700 116701 116702
25105 116704
25106 116706 116707
25107 116709 116710 116711 116712 116713 116714 116715 116716 116717
25108 116719 116720
25109 116722 116723 116724 116725 116726 116727 116728
25112 116730 116731 116732
25115 116734 116735 116736
25122 116738
25123 116740 116741 116742 116743 116744 116745 116746 116747 116748
25125 116750
25128 116752 116753 116754 116755 116756 116757 116758
25129 116760 116761
25130 116763 116764
25134 116766 116767
25136 116769
25142 116771 116772 116773
25143 116775
25146 116777 116778
25147 116780 116781 116782
25148 116784
25150 116786 116787 116788 116789 116790 116791 116792
25153 116794
25155 116796 116797 116798 116799
25157 116801
25160 116803
25165 116805 116806 116807
25166 116809 116810
25167 116812 116813
25168 116815 116816
25174 116818 116819 116820 116821 116822 116823 116824
25176 116826
25181 116828
25183 116830
25184 116832 116833 116834 116835 116836
25185 116838
25188 116840
25189 116842 116843 116844 116845
25190 116847
25191 116849 116850 116851
25192 116853
25193 116855
25195 116857 116858 116859
25198 116861
25200 116863
25202 116865 116866 116867 116868 116869
25205 116871
25206 116873
25212 116875 116876 116877 116878 116879 116880 116881 116882 116883
25213 116885
25217 116887 116888
25218 116890
25220 116892 116893 116894 116895 116896 116897 116898 116899 116900
25222 116902
25224 116904 116905
25225 116907
25226 116909 116910
25229 116912
25230 116914 116915 116916 116917 116918 116919 116920
25232 116922
25234 116924 116925 116926 116927 116928 116929 116930 116931 116932
25236 116934 116935 116936 116937 116938 116939 116940 116941 116942
25239 116944
25242 116946 116947 116948 116949
25243 116951 116952 116953
25244 116955
25246 116957
25247 116959
25248 116961 116962 116963 116964 116965
25250 116967 116968
25251 116970 116971
25252 116973
25254 116975
25255 116977 116978 116979 116980
25257 116982 116983 116984
25258 116986
25259 116988
25262 116990 116991
25263 116993 116994 116995
25265 116997
25266 116999
25269 117001
25270 117003 117004
25273 117006 117007 117008
25274 117010
25276 117012 117013 117014
25277 117016 117017 117018 117019 117020
25281 117022
25283 117024 117025 117026
25284 117028
25288 117030 117031 117032 117033 117034 117035 117036
25291 117038 117039 117040 117041 117042
25296 117044 117045
25302 117047 117048 117049
25303 117051
25305 117053
25307 117055
25308 117057 117058
25311 117060
25314 117062 117063 117064
25317 117066 117067 117068 117069 117070 117071 117072
25320 117074 117075 117076 117077 117078
25321 117080
25322 117082
25324 117084 117085 117086 117087 117088 117089 117090 117091 117092
25325 117094 117095 117096 117097 117098 117099 117100 117101 117102
25326 117104
25327 117106 117107 117108
25328 117110 117111 117112
25329 117114 117115
25334 117117 117118 117119 117120 117121
25338 117123
25340 117125 117126
25341 117128 117129 117130
25342 117132
25343 117134
25344 117136 117137 117138
25345 117140 117141 117142 117143 117144 117145 117146 117147 117148
25347 117150
25348 117152
25354 117154 117155 117156 117157 117158 117159 117160 117161 117162
25356 117164 117165
25357 117167 117168 117169 117170
25360 117172 117173
25361 117175 117176 117177 117178 117179
25362 117181
25364 117183
25366 117185
25368 117187 117188 117189 117190
25369 117192 117193 117194 117195 117196 117197 117198 117199 117200
25370 117202 117203 117204 117205
25374 117207 117208
25377 117210 117211 117212
25378 117214 117215 117216 117217
25379 117219 117220
25380 117222
25381 117224 117225 117226 117227
25382 117229
25383 117231
25384 117233 117234
25385 117236 117237
25387 117239 117240
25388 117242
25389 117244 117245 117246
25390 117248 117249 117250 117251
25391 117253 117254 117255 117256 117257
25394 117259
25395 117261 117262 117263 117264 117265 117266 117267 117268
25398 117270 117271 117272
25399 117274
25401 117276 117277 117278 117279 117280
25402 117282 117283
25403 117285
25404 117287 117288 117289 117290
25407 117292 117293 117294 117295 117296 117297 117298 117299 117300
25409 117302 117303 117304 117305 117306 117307 117308 117309 117310
25413 117312 117313 117314 117315
25414 117317
25415 117319 117320
25416 117322 117323 117324 117325
25418 117327
25420 117329 117330 117331 117332 117333 117334 117335 117336 117337
25423 117339 117340 117341 117342
25424 117344
25425 117346
25428 117348 117349 117350 117351 117352 117353
25429 117355
25431 117357
25432 117359 117360 117361
25433 117363 117364 117365 117366
25434 117368 117369
25435 117371 117372 117373 117374 117375
25438 117377 117378
25439 117380 117381 117382 117383
25442 117385 117386 117387 117388 117389 117390 117391 117392 117393
25443 117395 117396
25445 117398 117399
25447 117401 117402 117403 117404
25448 117406 117407 117408 117409 117410 117411 117412 117413 117414
25450 117416 117417 117418 117419 117420 117421 117422
25452 117424 117425
25453 117427 117428
25454 117430 117431 117432 117433
25455 117435 117436 117437 117438 117439 117440
25456 117442 117443
25457 117445 117446
25460 117448
25464 117450
25465 117452
25466 117454 117455 117456
25472 117458 117459 117460
25474 117462 117463
25475 117465 117466
25477 117468
25479 117470
25480 117472 117473 117474
25482 117476 117477 117478
25483 117480
25487 117482
25488 117484
25489 117486 117487 117488 117489 117490 117491 117492 117493 117494
25490 117496 117497
25491 117499 117500 117501
25492 117503 117504 117505 117506
25493 117508 117509 117510 117511
25494 117513 117514 117515 117516 117517 117518 117519
25495 117521 117522 117523 117524 117525
25498 117527
25503 117529
25504 117531 117532
25510 117534 117535 117536 117537
25512 117539
25514 117541 117542 117543
25516 117545 117546
25517 117548
25520 117550 117551 117552
25521 117554
25522 117556
25525 117558
25527 117560 117561 117562
25530 117564 117565 117566 117567 117568 117569 117570 117571 117572
25531 117574 117575 117576
25535 117578
25539 117580 117581
25541 117583
25544 117585 117586
25545 117588 117589 117590 117591 117592 117593
25547 117595 117596
25549 117598 117599 117600 117601 117602 117603
25554 117605
25557 117607
25558 117609 117610 117611
25559 117613 117614 117615 117616 117617
25561 117619 117620
25562 117622 117623
25564 117625
25565 117627
25566 117629 117630 117631 117632 117633 117634 117635 117636 117637
25567 117639 117640 117641 117642 117643 117644 117645 117646 117647
25569 117649
25571 117651 117652 117653 117654 117655 117656 117657
25572 117659
25575 117661
25576 117663
25579 117665 117666 117667
25582 117669
25583 117671 117672
25585 117674
25586 117676
25588 117678 117679
25589 117681 117682
25593 117684 117685 117686 117687
25594 117689 117690 117691
25595 117693 117694
25601 117696 117697
25605 117699 117700 117701
25608 117703
25610 117705 117706
25611 117708 117709 117710 117711
25615 117713 117714 117715
25618 117717 117718 117719 117720
25620 117722 117723 117724 117725
25624 117727
25628 117729
25629 117731 117732 117733
25631 117735 117736 117737
25632 117739 117740
25633 117742 117743 117744 117745 117746 117747 117748 117749 117750
25634 117752
25636 117754
25638 117756
25645 117758
25646 117760 117761 117762 117763
25647 117765 117766 117767 117768
25651 117770 117771
25652 117773 117774 117775 117776 117777 117778 117779 117780 117781
25655 117783 117784 117785 117786 117787 117788 117789 117790 117791
25656 117793 117794
25657 117796
25664 117798 117799
25665 117801 117802 117803 117804
25668 117806 117807 117808 117809 117810
25669 117812 117813
25671 117815
25672 117817
25673 117819
25674 117821 117822 117823 117824 117825 117826 117827 117828 117829
25675 117831 117832 117833 117834 117835
25677 117837 117838 117839 117840 117841 117842 117843 117844 117845
25679 117847 117848 117849 117850 117851 117852 117853 117854 117855
25680 117857 117858
25681 117860
25682 117862 117863 117864 117865 117866 117867
25686 117869 117870 117871 117872 117873
25688 117875 117876
25689 117878 117879 117880
25690 117882 117883
25692 117885
25694 117887 117888 117889 117890 117891 117892 117893 117894 117895
25695 117897
25697 117899
25699 117901 117902 117903
25700 117905
25705 117907 117908 117909
25706 117911 117912 117913 117914 117915 117916 117917 117918 117919
25707 117921
25708 117923
25709 117925
25711 117927 117928 117929
25712 117931 117932
25713 117934 117935 117936 117937 117938 117939
25716 117941
25719 117943 117944 117945 117946 117947 117948 117949 117950 117951
25721 117953 117954 117955 117956 117957 117958 117959 117960 117961
25724 117963 117964 117965 117966 117967 117968 117969 117970 117971
25725 117973 117974 117975 117976 117977 117978 117979 117980 117981
25726 117983
25727 117985
25728 117987 117988 117989 117990 117991 117992 117993 117994 117995
25730 117997 117998 117999 118000 118001 118002 118003 118004
25731 118006 118007 118008
25733 118010 118011 118012
25734 118014
25735 118016
25736 118018
25737 118020 118021 118022 118023
25739 118025
25741 118027 118028 118029 118030 118031 118032
25742 118034 118035 118036
25744 118038 118039 118040 118041 118042
25749 118044 118045
25750 118047 118048 118049
25752 118051 118052 118053 118054
25755 118056
25759 118058 118059 118060
25760 118062 118063
25763 118065 118066 118067 118068
25765 118070 118071 118072 118073 118074 118075 118076 118077 118078
25767 118080 118081 118082 118083
25768 118085
25770 118087
25773 118089
25776 118091
25780 118093 118094 118095
25781 118097 118098 118099
25782 118101 118102 118103 118104 118105 118106 118107
25787 118109
25790 118111
25791 118113 118114
25793 118116 118117
25794 118119
25795 118121
25799 118123 118124 118125 118126 118127 118128
25800 118130
25801 118132 118133 118134
25802 118136 118137
25804 118139 118140 118141 118142
25805 118144 118145 118146 118147 118148 118149 118150 118151 118152
25807 118154
25809 118156
25810 118158 118159 118160 118161 118162 118163 118164
25811 118166 118167
25812 118169
25813 118171
25815 118173
25816 118175 118176 118177 118178 118179 118180
25820 118182
25823 118184 118185 118186 118187 118188 118189 118190 118191 118192
25824 118194
25825 118196 118197
25826 118199 118200 118201 118202 118203 118204 118205 118206
25827 118208 118209 118210 118211
25828 118213
25830 118215 118216
25832 118218 118219
25835 118221
25837 118223
25838 118225
25839 118227 118228 118229 118230 118231 118232 118233 118234 118235
25844 118237 118238
25846 118240 118241 118242 118243 118244
25848 118246 118247 118248 118249 118250
25850 118252
25851 118254 118255
25852 118257
25853 118259 118260 118261 118262 118263 118264 118265 118266 118267
25858 118269
25859 118271
25861 118273
25862 118275 118276
25867 118278
25868 118280
25869 118282
25871 118284 118285 118286 118287 118288 118289 118290 118291 118292
25872 118294 118295
25873 118297 118298 118299 118300
25874 118302
25880 118304 118305 118306 118307
25882 118309 118310 118311 118312 118313 118314
25883 118316 118317 118318 118319
25884 118321 118322 118323 118324 118325 118326 118327 118328
25887 118330
25889 118332 118333
25894 118335
25895 118337 118338 118339 118340 118341 118342
25899 118344
25902 118346
25903 118348
25911 118350
25913 118352 118353
25914 118355 118356
25915 118358 118359 118360
25917 118362 118363 118364 118365
25919 118367
25920 118369
25921 118371 118372
25922 118374 118375 118376
25926 118378 118379 118380 118381 118382 118383 118384 118385 118386
25927 118388
25928 118390 118391 118392 118393
25929 118395
25930 118397 118398
25931 118400
25932 118402 118403
25933 118405 118406 118407 118408
25935 118410 118411 118412 118413 118414 118415 118416
25937 118418 118419 118420
25938 118422 118423
25939 118425
25940 118427
25944 118429 118430 118431 118432
25945 118434 118435 118436
25946 118438 118439
25948 118441
25950 118443 118444 118445 118446 118447
25951 118449
25956 118451 118452
25962 118454 118455 118456 118457
25964 118459 118460
25965 118462
25966 118464
25967 118466 118467 118468
25968 118470
25970 118472
25971 118474 118475 118476 118477 118478 118479
25972 118481
25973 118483
25974 118485 118486 118487 118488 118489
25975 118491
25977 118493 118494 118495
25978 118497 118498 118499 118500 118501 118502
25980 118504 118505
25983 118507
25984 118509 118510 118511 118512 118513 118514 118515 118516 118517
25989 118519 118520 118521 118522 118523 118524 118525 118526 118527
25990 118529 118530 118531 118532 118533 118534 118535 118536 118537
25993 118539 118540 118541 118542 118543 118544 118545 118546 118547
25995 118549 118550 118551 118552 118553
25997 118555 118556
25999 118558 118559 118560 118561 118562 118563 118564 118565
26000 118567
26002 118569 118570 118571 118572 118573 118574
26003 118576 118577 118578 118579 118580 118581 118582 118583 118584
26005 118586
26008 118588 118589
26009 118591 118592
26011 118594 118595 118596 118597 118598 118599 118600
26013 118602 118603 118604
26014 118606 118607 118608 118609 118610
26020 118612 118613
26022 118615
26023 118617 118618
26032 118620 118621 118622 118623
26033 118625 118626 118627 118628 118629 118630 118631 118632 118633
26034 118635
26037 118637 118638 118639 118640 118641 118642 118643 118644 118645
26039 118647 118648 118649 118650 118651
26040 118653
26041 118655 118656 118657 118658 118659 118660 118661 118662
26043 118664
26044 118666 118667
26045 118669 118670
26047 118672 118673 118674
26048 118676
26051 118678 118679
26052 118681
26054 118683
26056 118685
26057 118687 118688 118689 118690 118691 118692 118693 118694 118695
26059 118697 118698
26061 118700 118701 118702
26063 118704 118705
26064 118707 118708
26067 118710
26069 118712
26071 118714
26072 118716 118717
26073 118719 118720 118721 118722 118723 118724 118725
26075 118727 118728 118729 118730
26080 118732 118733
26081 118735 118736
26082 118738 118739
26085 118741 118742 118743
26089 118745 118746 118747
26090 118749 118750
26097 118752 118753
26102 118755 118756
26105 118758
26108 118760 118761 118762 118763 118764 118765 118766 118767 118768
26111 118770
26114 118772
26119 118774 118775 118776 118777 118778 118779 118780 118781 118782
26121 118784 118785
26122 118787
26123 118789
26124 118791 118792 118793 118794 118795 118796 118797 118798
26126 118800
26128 118802 118803
26131 118805
26135 118807
26136 118809 118810 118811 118812 118813 118814 118815 118816
26138 118818 118819 118820 118821 118822
26140 118824
26143 118826
26144 118828
26148 118830 118831
26149 118833 118834
26150 118836 118837 118838 118839 118840 118841 118842 118843
26151 118845
26152 118847
26154 118849
26156 118851 118852
26159 118854
26161 118856 118857 118858 118859 118860 118861 118862 118863 118864
26164 118866
26166 118868 118869
26168 118871
26170 118873
26173 118875 118876
26174 118878 118879 118880 118881 118882 118883 118884 118885 118886
26178 118888 118889
26179 118891 118892
26182 118894 118895 118896 118897 118898 118899 118900
26183 118902 118903 118904
26184 118906
26186 118908
26189 118910 118911
26193 118913
26198 118915
26202 118917
26207 118919 118920 118921 118922 118923 118924
26210 118926 118927
26212 118929 118930 118931 118932 118933 118934 118935 118936 118937
26216 118939 118940
26217 118942 118943 118944 118945
26219 118947
26220 118949 118950 118951
26221 118953 118954 118955 118956
26223 118958
26225 118960
26228 118962 118963 118964
26229 118966
26230 118968 118969 118970 118971 118972
26232 118974
26235 118976
26236 118978
26238 118980
26240 118982 118983 118984 118985 118986
26242 118988
26244 118990 118991 118992 118993
26245 118995 118996
26247 118998
26248 119000 119001 119002 119003 119004 119005
26250 119007
26251 119009 119010
26253 119012 119013 119014 119015 119016 119017 119018 119019
26254 119021
26256 119023 119024 119025 119026 119027 119028
26257 119030 119031 119032
26259 119034 119035 119036
26261 119038 119039 119040 119041 119042 119043 119044 119045 119046
26262 119048
26264 119050
26266 119052 119053 119054 119055
26267 119057
26269 119059 119060 119061 119062
26270 119064 119065 119066 119067 119068 119069 119070 119071 119072
26276 119074 119075
26279 119077 119078
26280 119080 119081 119082 119083
26281 119085 119086 119087
26283 119089 119090 119091
26286 119093
26287 119095 119096 119097 119098 119099 119100 119101
26289 119103 119104 119105 119106 119107 119108
26293 119110 119111 119112
26294 119114
26296 119116
26297 119118
26298 119120
26303 119122 119123 119124
26304 119126 119127 119128 119129 119130 119131 119132 119133 119134
26305 119136 119137 119138 119139 119140
26306 119142 119143 119144 119145 119146
26313 119148
26314 119150 119151
26317 119153
26318 119155 119156
26321 119158
26324 119160 119161 119162
26326 119164 119165 119166 119167 119168 119169
26340 119171
26341 119173 119174 119175 119176 119177 119178 119179
26345 119181
26347 119183 119184
26348 119186 119187
26351 119189 119190
26355 119192 119193
26356 119195 119196 119197 119198 119199
26360 119201 119202
26363 119204 119205 119206 119207 119208 119209 119210
26364 119212 119213
26365 119215 119216 119217 119218 119219
26367 119221 119222
26370 119224 119225 119226
26371 119228 119229 119230
26376 119232 119233
26378 119235 119236
26379 119238 119239 119240 119241 119242 119243 119244 119245
26380 119247
26382 119249 119250 119251
26384 119253 119254
26387 119256
26388 119258
26391 119260
26392 119262 119263 119264
26395 119266 119267
26396 119269
26399 119271
26404 119273 119274 119275 119276 119277 119278 119279 119280
26405 119282 119283 119284 119285 119286
26406 119288 119289 119290 119291 119292
26407 119294 119295 119296
26410 119298
26411 119300 119301
26412 119303
26416 119305 119306 119307 119308 119309 119310 119311 119312
26417 119314 119315
26418 119317
26419 119319 119320 119321
26423 119323
26426 119325 119326
26428 119328
26430 119330
26432 119332
26435 119334 119335 119336
26436 119338 119339 119340 119341 119342 119343 119344 119345 119346
26437 119348
26438 119350 119351 119352 119353 119354 119355
26441 119357 119358 119359 119360 119361
26442 119363 119364
26443 119366 119367
26445 119369 119370 119371 119372
26449 119374 119375
26452 119377 119378
26456 119380
26457 119382
26459 119384
26465 119386
26470 119388 119389 119390 119391 119392 119393 119394 119395
26471 119397 119398
26474 119400 119401
26478 119403
26479 119405
26480 119407 119408
26484 119410 119411 119412 119413 119414 119415 119416
26485 119418
26488 119420 119421
26490 119423
26491 119425
26492 119427
26493 119429 119430 119431 119432 119433 119434 119435 119436
26495 119438
26499 119440
26500 119442
26501 119444 119445
26502 119447
26503 119449
26506 119451
26509 119453
26510 119455
26512 119457
26513 119459 119460
26514 119462
26515 119464 119465
26516 119467
26518 119469
26520 119471 119472 119473 119474 119475 119476
26521 119478 119479 119480 119481 119482 119483 119484 119485 119486
26523 119488
26529 119490 119491 119492 119493 119494 119495 119496 119497 119498
26532 119500 119501 119502 119503 119504 119505 119506 119507 119508
26533 119510
26538 119512
26540 119514 119515 119516
26543 119518
26544 119520 119521 119522 119523
26545 119525 119526
26548 119528 119529 119530 119531 119532 119533
26553 119535 119536 119537
26555 119539
26556 119541 119542 119543 119544 119545 119546
26559 119548
26561 119550
26562 119552 119553 119554
26564 119556
26575 119558 119559 119560 119561 119562 119563 119564 119565 119566
26578 119568 119569
26579 119571
26581 119573 119574 119575 119576 119577 119578 119579
26585 119581 119582
26586 119584
26589 119586 119587
26590 119589 119590 119591 119592 119593
26592 119595 119596 119597
26596 119599
26598 119601 119602
26601 119604
26602 119606
26610 119608
26611 119610
26614 119612
26620 119614
26621 119616
26622 119618
26624 119620 119621
26625 119623
26626 119625
26627 119627 119628 119629 119630 119631
26628 119633
26630 119635
26632 119637
26635 119639 119640
26636 119642 119643 119644 119645 119646 119647
26637 119649
26640 119651
26642 119653 119654 119655 119656 119657 119658
26647 119660 119661 119662 119663 119664
26648 119666 119667 119668 119669 119670 119671 119672 119673 119674
26651 119676
26655 119678 119679 119680
26657 119682
26658 119684
26660 119686 119687 119688
26661 119690
26662 119692 119693 119694 119695
26666 119697 119698
26668 119700 119701 119702 119703 119704
26670 119706
26671 119708
26672 119710 119711
26673 119713 119714 119715
26676 119717
26678 119719 119720 119721 119722
26684 119724 119725 119726 119727 119728 119729 119730 119731 119732
26685 119734 119735 119736 119737
26686 119739 119740 119741
26689 119743
26690 119745 119746 119747
26691 119749 119750
26692 119752
26693 119754 119755 119756 119757 119758 119759 119760 119761 119762
26694 119764
26695 119766 119767
26698 119769
26703 119771 119772
26705 119774
26707 119776 119777 119778 119779
26708 119781 119782 119783
26710 119785
26714 119787 119788
26715 119790
26716 119792 119793 119794 119795 119796 119797 119798
26719 119800 119801 119802 119803 119804
26720 119806 119807
26722 119809 119810 119811 119812 119813 119814 119815 119816 119817
26723 119819 119820
26726 119822 119823
26727 119825 119826 119827
26729 119829 119830 119831
26732 119833 119834
26734 119836 119837 119838 119839
26738 119841 119842 119843 119844 119845
26740 119847 119848 119849 119850 119851 119852 119853 119854 119855
26741 119857 119858
26743 119860 119861
26744 119863 119864 119865 119866
26749 119868 119869
26750 119871 119872 119873 119874 119875 119876 119877 119878 119879
26754 119881 119882 119883 119884 119885 119886 119887 119888 119889
26756 119891
26760 119893 119894 119895 119896 119897
26761 119899 119900 119901
26764 119903
26766 119905 119906
26768 119908 119909 119910 119911 119912 119913 119914 119915 119916
26769 119918 119919
26770 119921
26771 119923
26775 119925
26776 119927
26780 119929 119930
26781 119932 119933 119934 119935
26784 119937 119938 119939 119940
26789 119942
26792 119944 119945 119946 119947
26794 119949 119950 119951 119952 119953 119954 119955 119956 119957
26803 119959
26804 119961 119962 119963
26809 119965 119966 119967
26810 119969 119970
26812 119972 119973 119974
26813 119976 119977
26819 119979
26821 119981 119982 119983 119984
26823 119986 119987 119988
26825 119990 119991 119992
26827 119994 119995 119996
26828 119998 119999 120000 120001
26830 120003
26834 120005
26835 120007
26837 120009 120010 120011
26844 120013
26848 120015
26849 120017 120018 120019 120020
26854 120022 120023 120024
26860 120026 120027 120028 120029
26863 120031
26864 120033
26867 120035 120036 120037 120038 120039 120040 120041 120042 120043
26869 120045 120046 120047 120048
26870 120050 120051 120052 120053 120054 120055 120056 120057
26872 120059 120060 120061 120062 120063 120064 120065
26873 120067 120068 120069 120070
26875 120072
26877 120074
26878 120076 120077
26880 120079 120080 120081
26881 120083
26882 120085
26884 120087 120088
26888 120090 120091
26889 120093
26890 120095 120096
26891 120098
26895 120100 120101 120102 120103 120104 120105
26896 120107
26897 120109
26900 120111 120112
26901 120114 120115
26902 120117 120118 120119 120120
26904 120122
26906 120124 120125
26908 120127 120128 120129 120130 120131 120132 120133 120134
26909 120136
26910 120138 120139
26914 120141
26916 120143 120144 120145 120146 120147 120148 120149 120150 120151
26917 120153
26918 120155 120156 120157
26919 120159
26923 120161
26925 120163
26927 120165 120166 120167 120168
26935 120170 120171
26941 120173
26942 120175 120176 120177 120178
26945 120180
26946 120182
26953 120184 120185 120186 120187 120188 120189 120190 120191 120192
26954 120194 120195
26957 120197 120198 120199 120200 120201 120202 120203 120204 120205
26962 120207 120208 120209 120210
26963 120212
26964 120214 120215 120216 120217 120218
26965 120220
26970 120222 120223
26971 120225
26980 120227 120228 120229 120230
26984 120232 120233
26985 120235 120236 120237 120238 120239 120240
26986 120242
26987 120244 120245 120246 120247 120248 120249 120250 120251 120252
26991 120254 120255 120256 120257
26992 120259 120260
26993 120262
26996 120264
26997 120266 120267
26999 120269 120270 120271 120272 120273 120274 120275 120276 120277
27001 120279 120280 120281 120282
27003 120284
27008 120286
27013 120288 120289
27016 120291
27017 120293
27019 120295 120296
27020 120298 120299
27021 120301 120302 120303
27023 120305 120306
27024 120308
27026 120310
27027 120312 120313
27029 120315 120316 120317 120318 120319 120320
27030 120322
27031 120324 120325 120326 120327 120328 120329
27032 120331
27036 120333 120334 120335
27038 120337
27040 120339 120340 120341 120342 120343 120344
27042 120346
27046 120348 120349
27047 120351 120352 120353 120354
27050 120356
27051 120358 120359
27052 120361 120362 120363 120364 120365 120366
27053 120368
27054 120370 120371 120372
27057 120374
27058 120376
27063 120378 120379
27064 120381
27070 120383 120384 120385 120386 120387 120388 120389 120390
27072 120392 120393 120394 120395
27077 120397 120398 120399
27081 120401 120402
27084 120404 120405
27085 120407 120408 120409 120410
27087 120412
27088 120414
27089 120416 120417 120418 120419
27091 120421
27095 120423 120424
27097 120426 120427 120428 120429
27098 120431
27099 120433 120434 120435 120436 120437 120438
27103 120440
27104 120442
27111 120444
27114 120446 120447 120448 120449 120450
27116 120452
27117 120454
27120 120456
27122 120458 120459 120460
27123 120462
27124 120464 120465 120466 120467 120468 120469 120470 120471 120472
27126 120474 120475 120476 120477 120478
27127 120480
27130 120482 120483
27132 120485 120486
27136 120488
27139 120490
27143 120492 120493 120494 120495
27144 120497
27147 120499 120500 120501 120502 120503
27148 120505
27151 120507 120508 120509
27154 120511 120512 120513 120514 120515 120516 120517 120518 120519
27157 120521 120522
27161 120524 120525 120526 120527 120528 120529 120530
27162 120532
27166 120534 120535 120536 120537 120538 120539 120540 120541 120542
27169 120544 120545 120546 120547
27175 120549
27177 120551 120552
27178 120554 120555 120556
27179 120558 120559 120560
27180 120562 120563 120564
27185 120566 120567 120568 120569
27186 120571 120572 120573 120574 120575 120576 120577 120578 120579
27187 120581 120582 120583 120584 120585
27188 120587 120588 120589
27191 120591
27194 120593
27197 120595
27199 120597 120598 120599 120600 120601 120602 120603 120604 120605
27214 120607
27215 120609
27218 120611 120612 120613 120614 120615
27219 120617 120618 120619
27220 120621
27224 120623
27226 120625
27227 120627
27228 120629 120630 120631 120632
27229 120634 120635 120636 120637 120638
27231 120640 120641
27233 120643
27235 120645 120646
27238 120648
27241 120650
27245 120652
27247 120654 120655 120656 120657 120658 120659 120660
27248 120662
27250 120664 120665
27251 120667 120668 120669
27252 120671 120672 120673 120674
27254 120676 120677 120678
27255 120680 120681
27261 120683 120684
27265 120686 120687 120688 120689 120690
27269 120692 120693 120694 120695 120696 120697 120698 120699 120700
27270 120702 120703 120704 120705 120706 120707 120708 120709 120710
27272 120712 120713 120714 120715 120716 120717 120718 120719 120720
27276 120722 120723 120724 120725 120726
27279 120728 120729 120730
27285 120732 120733 120734 120735 120736
27289 120738 120739 120740
27291 120742 120743 120744 120745 120746 120747 120748 120749 120750
27294 120752 120753
27295 120755 120756
27296 120758 120759 120760 120761 120762 120763
27297 120765 120766 120767 120768 120769
27301 120771 120772
27302 120774 120775 120776 120777 120778
27303 120780
27304 120782 120783 120784
27306 120786
27308 120788 120789
27311 120791 120792
27312 120794
27313 120796 120797
27315 120799 120800 120801 120802 120803
27317 120805 120806 120807 120808 120809 120810 120811 120812 120813
27319 120815 120816 120817 120818
27320 120820
27321 120822 120823 120824 120825 120826 120827
27323 120829
27324 120831 120832 120833 120834
27329 120836
27330 120838 120839
27332 120841
27336 120843 120844 120845 120846 120847 120848 120849 120850 120851
27338 120853
27339 120855
27341 120857
27342 120859 120860 120861
27343 120863 120864 120865 120866 120867 120868 120869 120870
27346 120872 120873 120874 120875 120876 120877 120878 120879
27347 120881 120882 120883
27348 120885 120886 120887 120888 120889
27353 120891
27357 120893
27358 120895 120896 120897
27360 120899 120900 120901
27362 120903 120904
27363 120906
27364 120908
27366 120910 120911
27370 120913 120914
27374 120916 120917 120918 120919 120920 120921 120922 120923 120924
27375 120926
27377 120928
27380 120930
27382 120932 120933 120934 120935
27383 120937 120938 120939 120940
27385 120942
27387 120944
27388 120946
27389 120948 120949 120950 120951
27390 120953 120954
27393 120956 120957 120958 120959 120960 120961
27399 120963 120964 120965 120966 120967 120968 120969 120970 120971
27400 120973
27401 120975 120976
27403 120978
27405 120980 120981
27409 120983 120984
27411 120986 120987 120988
27412 120990 120991 120992 120993 120994 120995 120996
27414 120998 120999
27417 121001 121002
27418 121004 121005 121006 121007 121008 121009 121010
27419 121012 121013 121014
27423 121016 121017 121018
27426 121020 121021 121022 121023 121024 121025 121026 121027 121028
27428 121030
27430 121032 121033 121034
27431 121036 121037 121038 121039 121040
27432 121042 121043
27433 121045 121046
27434 121048 121049
27435 121051
27436 121053
27438 121055 121056
27439 121058 121059 121060 121061 121062
27440 121064 121065 121066 121067 121068 121069 121070 121071 121072
27442 121074 121075 121076
27443 121078
27445 121080
27446 121082
27448 121084 121085 121086 121087 121088
27450 121090 121091 121092 121093 121094 121095 121096 121097 121098
27451 121100
27452 121102
27455 121104
27458 121106 121107 121108 121109
27459 121111 121112
27460 121114 121115 121116
27462 121118 121119
27463 121121 121122
27466 121124 121125
27470 121127 121128 121129 121130 121131 121132 121133 121134 121135
27473 121137
27474 121139
27476 121141 121142 121143 121144 121145
27482 121147 121148 121149
27484 121151
27485 121153
27489 121155 121156 121157
27490 121159 121160 121161 121162
27493 121164 121165 121166
27496 121168
27501 121170
27502 121172 121173
27505 121175
27509 121177
27511 121179 121180 121181 121182
27513 121184
27517 121186 121187 121188
27521 121190 121191 121192 121193
27523 121195
27527 121197 121198
27528 121200
27529 121202 121203 121204 121205
27531 121207 121208
27532 121210 121211 121212 121213 121214 121215
27533 121217
27537 121219 121220
27539 121222
27541 121224
27542 121226
27543 121228
27546 121230
27548 121232 121233 121234 121235 121236
27549 121238
27560 121240 121241 121242 121243
27561 121245
27562 121247 121248 121249 121250
27564 121252 121253 121254 121255 121256 121257 121258 121259 121260
27565 121262 121263 121264 121265 121266 121267 121268
27566 121270
27568 121272 121273
27569 121275
27570 121277
27576 121279
27577 121281
27578 121283 121284
27586 121286 121287 121288 121289 121290 121291
27589 121293
27591 121295
27592 121297 121298 121299 121300 121301 121302 121303
27594 121305 121306 121307
27599 121309
27604 121311
27605 121313
27606 121315 121316
27610 121318 121319 121320
27611 121322
27612 121324
27616 121326
27619 121328
27624 121330
27625 121332 121333 121334
27626 121336
27633 121338
27635 121340
27638 121342 121343 121344 121345
27640 121347
27643 121349 121350 121351 121352 121353 121354 121355
27645 121357
27646 121359 121360 121361 121362
27650 121364 121365
27651 121367 121368 121369 121370
27653 121372
27657 121374 121375
27658 121377 121378
27664 121380 121381
27665 121383 121384 121385 121386 121387 121388 121389 121390 121391
27668 121393 121394 121395 121396
27672 121398
27677 121400 121401 121402 121403
27678 121405
27683 121407 121408
27686 121410 121411
27692 121413
27694 121415 121416 121417 121418 121419 121420 121421 121422 121423
27696 121425
27697 121427
27698 121429 121430
27700 121432 121433
27701 121435 121436 121437 121438 121439
27702 121441 121442
27703 121444
27706 121446
27708 121448 121449
27712 121451
27714 121453
27717 121455 121456 121457 121458
27718 121460 121461 121462 121463 121464
27719 121466
27721 121468 121469
27722 121471 121472 121473 121474 121475 121476 121477 121478
27727 121480 121481 121482 121483 121484 121485 121486
27728 121488 121489 121490
27732 121492
27733 121494 121495
27735 121497 121498
27736 121500
27737 121502 121503 121504 121505 121506 121507
27738 121509
27741 121511
27743 121513 121514 121515 121516 121517
27746 121519
27749 121521 121522 121523
27751 121525 121526 121527 121528 121529 121530 121531 121532 121533
27754 121535 121536 121537 121538 121539
27760 121541 121542 121543
27764 121545 121546 121547
27772 121549
27780 121551
27782 121553 121554
27783 121556
27784 121558
27788 121560
27791 121562
27794 121564
27796 121566
27801 121568
27803 121570 121571 121572 121573 121574
27805 121576 121577
27807 121579 121580 121581 121582 121583 121584
27816 121586 121587 121588
27818 121590 121591 121592 121593
27820 121595
27824 121597
27825 121599 121600 121601 121602
27826 121604 121605
27827 121607 121608 121609 121610 121611
27828 121613 121614
27830 121616 121617 121618 121619
27832 121621
27834 121623 121624
27835 121626 121627 121628
27840 121630 121631 121632
27841 121634 121635 121636 121637 121638 121639 121640
27844 121642 121643 121644 121645 121646
27846 121648 121649 121650 121651 121652 121653
27852 121655 121656 121657 121658 121659 121660
27853 121662 121663 121664
27857 121666 121667 121668 121669 121670 121671 121672 121673 121674
27861 121676 121677
27862 121679 121680
27863 121682
27865 121684
27868 121686 121687 121688
27869 121690
27871 121692
27873 121694 121695 121696
27874 121698 121699
27875 121701 121702 121703 121704 121705 121706 121707 121708
27876 121710 121711 121712 121713 121714 121715 121716 121717 121718
27877 121720
27878 121722
27883 121724
27886 121726 121727
27887 121729 121730 121731
27888 121733
27893 121735
27895 121737
27896 121739
27898 121741 121742 121743 121744
27901 121746 121747 121748 121749
27903 121751 121752 121753 121754
27905 121756 121757
27907 121759 121760
27912 121762
27915 121764
27917 121766 121767 121768 121769 121770 121771
27921 121773
27928 121775
27929 121777
27933 121779
27934 121781 121782
27935 121784 121785
27938 121787 121788 121789 121790 121791 121792 121793 121794 121795
27940 121797
27942 121799 121800
27943 121802 121803
27944 121805 121806
27946 121808
27951 121810
27954 121812
27957 121814 121815 121816 121817 121818 121819 121820 121821 121822
27958 121824
27960 121826 121827 121828 121829 121830 121831 121832 121833 121834
27962 121836 121837
27971 121839
27973 121841
27974 121843 121844
27975 121846
27976 121848 121849 121850
27979 121852 121853
27981 121855 121856 121857 121858 121859 121860 121861 121862 121863
27982 121865
27987 121867 121868 121869
27991 121871
27994 121873 121874 121875
27999 121877
28000 121879 121880 121881 121882 121883
28001 121885
28004 121887
28005 121889 121890
28006 121892
28007 121894
28009 121896 121897
28013 121899 121900 121901
28015 121903
28017 121905 121906
28018 121908 121909
28020 121911
28023 121913
28024 121915 121916 121917 121918 121919 121920 121921 121922 121923
28025 121925
28028 121927 121928
28030 121930 121931 121932 121933 121934 121935
28039 121937 121938
28044 121940 121941 121942 121943
28045 121945
28049 121947 121948 121949
28053 121951
28055 121953 121954 121955 121956 121957 121958 121959
28056 121961
28058 121963 121964 121965 121966 121967 121968 121969 121970
28062 121972 121973
28064 121975 121976 121977 121978 121979 121980 121981 121982 121983
28066 121985 121986 121987
28070 121989 121990
28073 121992 121993
28074 121995
28075 121997 121998 121999 122000 122001
28076 122003 122004 122005 122006 122007
28077 122009
28078 122011 122012 122013 122014 122015 122016
28080 122018 122019 122020
28082 122022
28083 122024
28085 122026
28086 122028 122029
28089 122031
28091 122033 122034 122035 122036 122037
28096 122039
28102 122041 122042 122043 122044
28103 122046 122047 122048 122049
28104 122051 122052 122053 122054 122055 122056 122057 122058 122059
28106 122061
28108 122063
28109 122065
28111 122067 122068 122069 122070 122071
28114 122073 122074
28115 122076
28116 122078
28118 122080
28120 122082
28123 122084 122085
28126 122087 122088 122089 122090 122091
28131 122093 122094 122095
28134 122097 122098 122099 122100
28135 122102 122103
28136 122105
28139 122107
28140 122109 122110 122111 122112
28144 122114
28145 122116 122117 122118
28151 122120
28152 122122 122123 122124 122125 122126 122127
28153 122129
28155 122131
28156 122133 122134 122135 122136 122137
28157 122139
28158 122141 122142 122143 122144 122145 122146 122147 122148 122149
28163 122151 122152 122153
28164 122155 122156 122157
28165 122159 122160
28166 122162 122163 122164
28167 122166
28168 122168 122169 122170 122171 122172 122173 122174 122175 122176
28170 122178 122179 122180
28172 122182 122183 122184 122185
28174 122187
28177 122189
28182 122191 122192 122193
28183 122195
28186 122197 122198 122199
28187 122201 122202 122203 122204
28188 122206
28195 122208 122209
28197 122211 122212 122213 122214
28202 122216
28207 122218
28211 122220
28212 122222 122223
28215 122225 122226 122227
28217 122229
28218 122231 122232 122233 122234 122235 122236
28219 122238
28220 122240 122241 122242 122243 122244
28221 122246
28226 122248 122249 122250 122251 122252 122253 122254 122255
28227 122257 122258 122259
28228 122261 122262 122263
28229 122265 122266 122267
28232 122269 122270
28233 122272
28235 122274 122275
28237 122277
28241 122279 122280
28242 122282
28243 122284 122285 122286 122287 122288 122289 122290
28246 122292 122293
28247 122295 122296
28248 122298
28252 122300
28255 122302 122303 122304 122305 122306 122307 122308 122309 122310
28256 122312 122313 122314 122315
28258 122317 122318 122319
28259 122321
28260 122323 122324 122325
28261 122327 122328 122329
28262 122331
28263 122333
28267 122335
28271 122337 122338 122339 122340
28272 122342
28273 122344
28276 122346 122347
28277 122349 122350
28278 122352
28281 122354
28282 122356
28283 122358
28285 122360 122361
28287 122363 122364
28289 122366 122367
28290 122369 122370
28291 122372
28292 122374 122375
28294 122377 122378 122379 122380 122381 122382
28295 122384 122385
28298 122387 122388 122389 122390 122391 122392 122393 122394
28301 122396
28307 122398 122399 122400 122401
28308 122403 122404
28309 122406
28313 122408 122409 122410
28314 122412 122413 122414
28316 122416
28317 122418 122419 122420 122421
28321 122423
28322 122425 122426 122427 122428 122429
28341 122431 122432
28342 122434
28344 122436 122437
28347 122439
28348 122441 122442 122443
28349 122445 122446 122447 122448 122449 122450
28350 122452
28351 122454 122455
28353 122457 122458 122459
28356 122461 122462
28357 122464
28359 122466
28360 122468
28361 122470 122471
28363 122473 122474 122475 122476 122477
28364 122479 122480 122481 122482 122483
28368 122485 122486 122487
28372 122489
28376 122491 122492 122493 122494
28380 122496 122497 122498 122499 122500 122501 122502 122503 122504
28381 122506 122507
28382 122509
28385 122511
28386 122513 122514 122515
28388 122517 122518
28389 122520
28391 122522
28392 122524
28395 122526 122527 122528 122529 122530 122531 122532 122533 122534
28397 122536
28399 122538 122539
28400 122541
28403 122543
28413 122545 122546
28414 122548 122549 122550
28416 122552 122553
28419 122555
28421 122557
28422 122559 122560 122561 122562
28423 122564
28425 122566 122567 122568 122569
28427 122571 122572
28429 122574 122575
28434 122577
28437 122579
28441 122581
28448 122583 122584 122585 122586
28449 122588 122589 122590 122591 122592 122593 122594 122595 122596
28452 122598 122599 122600 122601
28453 122603
28456 122605 122606
28457 122608 122609
28458 122611 122612
28459 122614 122615 122616
28460 122618 122619
28466 122621 122622
28468 122624 122625 122626 122627 122628 122629 122630 122631 122632
28471 122634 122635 122636 122637
28472 122639
28473 122641 122642
28475 122644 122645
28476 122647 122648 122649 122650 122651 122652 122653 122654 122655
28480 122657
28481 122659 122660 122661
28485 122663
28486 122665
28488 122667
28492 122669 122670 122671 122672
28493 122674
28495 122676 122677
28496 122679 122680 122681 122682 122683
28499 122685
28500 122687 122688 122689 122690 122691 122692 122693 122694 122695
28506 122697 122698 122699
28508 122701 122702 122703 122704 122705 122706 122707 122708 122709
28510 122711 122712 122713
28520 122715 122716 122717 122718 122719 122720 122721 122722 122723
28522 122725 122726
28524 122728 122729
28527 122731 122732 122733 122734
28529 122736 122737 122738 122739 122740 122741
28530 122743 122744 122745
28532 122747 122748
28534 122750
28536 122752
28537 122754
28544 122756
28545 122758 122759 122760
28547 122762 122763
28548 122765 122766 122767
28550 122769 122770 122771
28553 122773
28556 122775
28558 122777
28563 122779
28566 122781
28567 122783 122784 122785 122786
28571 122788 122789 122790 122791 122792 122793 122794 122795 122796
28572 122798 122799 122800
28574 122802
28576 122804
28577 122806
28583 122808 122809 122810
28584 122812 122813
28587 122815 122816 122817
28589 122819 122820
28591 122822 122823 122824 122825 122826 122827 122828 122829 122830
28592 122832 122833 122834
28595 122836 122837
28596 122839
28597 122841
28599 122843
28600 122845 122846 122847 122848 122849 122850
28601 122852
28605 122854
28607 122856
28608 122858
28610 122860 122861
28613 122863 122864 122865
28615 122867
28616 122869 122870
28617 122872 122873 122874 122875 122876
28618 122878 122879
28619 122881
28620 122883 122884
28625 122886
28627 122888 122889 122890 122891 122892 122893 122894 122895 122896
28632 122898 122899 122900 122901
28636 122903 122904 122905 122906 122907 122908 122909
28637 122911 122912 122913 122914
28638 122916 122917 122918 122919 122920 122921 122922 122923 122924
28639 122926 122927 122928 122929
28641 122931 122932 122933 122934 122935 122936 122937 122938 122939
28645 122941 122942 122943 122944 122945 122946 122947
28649 122949
28650 122951
28657 122953
28662 122955 122956
28663 122958
28668 122960 122961 122962
28669 122964 122965 122966
28672 122968 122969 122970
28673 122972 122973
28677 122975 122976 122977
28679 122979 122980 122981 122982
28681 122984
28684 122986
28687 122988 122989
28688 122991 122992 122993 122994
28692 122996
28693 122998 122999 123000
28694 123002
28696 123004 123005 123006
28698 123008 123009 123010 123011
28703 123013 123014 123015 123016 123017 123018 123019 123020 123021
28710 123023
28717 123025 123026 123027 123028
28718 123030 123031
28720 123033
28721 123035 123036 123037 123038
28724 123040
28726 123042 123043 123044 123045 123046
28727 123048 123049 123050 123051 123052
28728 123054
28731 123056 123057 123058
28734 123060
28738 123062
28739 123064
28741 123066
28743 123068 123069 123070
28745 123072 123073 123074 123075
28747 123077
28749 123079 123080 123081 123082 123083 123084
28751 123086 123087
28753 123089 123090 123091
28754 123093 123094 123095
28755 123097 123098
28757 123100 123101 123102 123103
28758 123105 123106
28762 123108
28763 123110
28764 123112
28766 123114 123115 123116 123117 123118 123119 123120 123121 123122
28767 123124 123125
28768 123127
28769 123129 123130 123131 123132 123133 123134 123135 123136
28774 123138
28775 123140 123141 123142 123143 123144 123145 123146 123147 123148
28777 123150 123151
28778 123153 123154
28781 123156
28782 123158
28783 123160
28784 123162 123163 123164 123165
28788 123167 123168 123169
28790 123171
28791 123173
28792 123175 123176 123177 123178 123179 123180
28793 123182
28794 123184 123185
28797 123187
28799 123189 123190 123191 123192 123193
28802 123195
28804 123197 123198
28806 123200 123201
28811 123203 123204 123205 123206 123207
28818 123209 123210 123211 123212 123213
28819 123215 123216 123217
28821 123219 123220
28823 123222 123223 123224 123225 123226
28824 123228 123229
28833 123231 123232 123233
28834 123235
28837 123237 123238 123239 123240 123241 123242
28838 123244 123245
28842 123247
28843 123249 123250
28848 123252
28849 123254
28851 123256
28854 123258 123259 123260 123261
28856 123263
28860 123265
28863 123267
28864 123269
28867 123271
28873 123273
28875 123275 123276
28881 123278
28883 123280
28886 123282
28889 123284 123285 123286 123287
28890 123289 123290 123291 123292 123293 123294
28893 123296
28894 123298
28900 123300 123301
28901 123303 123304 123305 123306 123307 123308
28904 123310 123311 123312 123313 123314
28905 123316 123317 123318 123319 123320
28906 123322 123323 123324 123325
28907 123327
28909 123329 123330 123331
28910 123333 123334
28912 123336
28916 123338 123339
28918 123341
28922 123343
28924 123345
28925 123347 123348
28927 123350 123351
28928 123353 123354 123355
28929 123357
28931 123359 123360 123361 123362 123363 123364 123365 123366 123367
28938 123369
28941 123371 123372
28943 123374 123375 123376
28947 123378
28949 123380
28951 123382 123383
28953 123385 123386 123387
28954 123389 123390 123391 123392 123393 123394 123395 123396 123397
28960 123399 123400 123401
28963 123403
28966 123405 123406 123407 123408 123409
28967 123411
28971 123413 123414 123415 123416 123417 123418
28972 123420 123421
28976 123423 123424
28977 123426 123427 123428 123429
28978 123431 123432 123433
28979 123435 123436 123437 123438
28981 123440 123441
28984 123443 123444 123445 123446 123447 123448 123449 123450 123451
28986 123453 123454 123455
28988 123457
28990 123459 123460 123461 123462 123463 123464
28993 123466 123467 123468 123469 123470 123471 123472 123473 123474
28994 123476 123477 123478 123479 123480 123481 123482 123483 123484
28997 123486 123487
29000 123489 123490 123491 123492 123493 123494
29001 123496 123497
29002 123499
29003 123501
29004 123503 123504 123505
29005 123507 123508 123509 123510
29007 123512 123513
29009 123515 123516
29010 123518 123519
29014 123521
29018 123523
29019 123525 123526 123527 123528 123529 123530
29021 123532 123533 123534
29023 123536 123537
29024 123539 123540
29026 123542
29027 123544 123545
29030 123547 123548
29031 123550
29034 123552 123553 123554 123555 123556
29035 123558
29036 123560 123561
29039 123563 123564 123565
29040 123567 123568 123569 123570 123571
29042 123573 123574 123575
29043 123577 123578 123579 123580 123581
29046 123583 123584 123585
29047 123587
29048 123589
29049 123591 123592
29050 123594 123595 123596
29052 123598
29053 123600 123601
29056 123603 123604
29057 123606 123607 123608 123609
29058 123611
29059 123613 123614
29060 123616 123617 123618 123619 123620
29061 123622
29064 123624 123625 123626 123627 123628 123629 123630 123631 123632
29065 123634 123635 123636 123637 123638 123639
29067 123641 123642 123643 123644 123645
29068 123647
29069 123649
29070 123651 123652 123653 123654
29073 123656 123657
29074 123659 123660 123661 123662
29075 123664
29079 123666
29080 123668 123669
29081 123671
29085 123673 123674
29088 123676
29092 123678
29093 123680 123681
29096 123683 123684 123685 123686 123687 123688 123689 123690 123691
29097 123693 123694 123695
29100 123697 123698 123699
29101 123701 123702 123703 123704 123705 123706 123707 123708 123709
29104 123711 123712
29111 123714 123715 123716 123717
29115 123719 123720
29117 123722 123723 123724
29119 123726 123727
29120 123729 123730 123731 123732 123733 123734 123735 123736 123737
29122 123739
29127 123741 123742
29129 123744
29131 123746 123747 123748 123749 123750 123751 123752 123753 123754
29133 123756
29135 123758 123759 123760 123761 123762
29138 123764
29139 123766 123767 123768 123769 123770 123771 123772
29140 123774
29143 123776 123777 123778 123779
29145 123781 123782
29146 123784 123785 123786 123787
29148 123789
29150 123791
29151 123793
29158 123795 123796
29161 123798 123799 123800 123801
29162 123803 123804 123805 123806 123807 123808 123809 123810 123811
29163 123813 123814
29165 123816 123817
29169 123819
29175 123821
29178 123823 123824
29180 123826 123827 123828 123829 123830 123831 123832
29181 123834
29184 123836 123837
29186 123839
29189 123841 123842 123843 123844 123845 123846 123847 123848 123849
29193 123851 123852 123853 123854
29194 123856
29196 123858 123859 123860 123861
29199 123863
29200 123865
29201 123867
29203 123869 123870 123871 123872 123873 123874 123875 123876 123877
29204 123879
29205 123881 123882 123883
29207 123885 123886 123887 123888 123889
29209 123891 123892
29212 123894
29213 123896
29215 123898
29216 123900 123901
29217 123903 123904 123905 123906
29218 123908 123909
29223 123911
29225 123913 123914 123915 123916 123917 123918
29226 123920
29227 123922 123923
29229 123925 123926 123927 123928 123929 123930 123931 123932 123933
29230 123935 123936
29231 123938
29232 123940
29234 123942 123943 123944 123945 123946 123947 123948 123949 123950
29237 123952
29245 123954 123955 123956 123957 123958
29247 123960
29249 123962 123963 123964 123965 123966 123967 123968 123969 123970
29256 123972 123973
29257 123975 123976
29262 123978
29268 123980
29273 123982 123983 123984
29274 123986 123987
29275 123989 123990 123991 123992 123993
29276 123995
29277 123997 123998 123999 124000 124001 124002
29279 124004
29280 124006
29282 124008 124009 124010 124011 124012
29285 124014 124015 124016 124017
29289 124019
29291 124021 124022
29293 124024 124025 124026
29298 124028 124029 124030 124031 124032 124033
29302 124035 124036 124037 124038 124039 124040 124041 124042
29304 124044 124045 124046
29306 124048
29307 124050
29309 124052 124053
29311 124055 124056 124057
29314 124059
29315 124061
29317 124063
29318 124065 124066 124067 124068 124069 124070 124071 124072 124073
29319 124075
29328 124077
29333 124079
29334 124081
29338 124083 124084 124085 124086 124087 124088
29339 124090 124091
29340 124093
29344 124095 124096
29347 124098 124099 124100 124101
29351 124103
29353 124105 124106
29354 124108 124109 124110 124111
29357 124113 124114 124115 124116
29359 124118
29360 124120 124121 124122 124123 124124
29361 124126 124127
29362 124129 124130 124131
29364 124133 124134 124135
29365 124137
29366 124139 124140 124141 124142
29367 124144 124145 124146 124147 124148 124149 124150 124151 124152
29369 124154 124155
29371 124157 124158
29373 124160 124161 124162
29375 124164 124165
29377 124167 124168 124169 124170 124171 124172 124173 124174 124175
29379 124177 124178 124179
29383 124181
29384 124183
29385 124185
29390 124187 124188 124189
29393 124191
29398 124193 124194 124195
29399 124197 124198 124199 124200 124201 124202 124203 124204 124205
29405 124207 124208
29410 124210
29416 124212 124213
29420 124215 124216 124217
29421 124219 124220 124221 124222
29422 124224 124225
29424 124227 124228 124229
29430 124231
29434 124233
29435 124235 124236 124237 124238 124239 124240 124241 124242 124243
29436 124245 124246 124247 124248 124249 124250 124251 124252 124253
29437 124255 124256
29438 124258
29442 124260 124261 124262
29444 124264 124265
29445 124267
29446 124269
29447 124271 124272
29450 124274
29455 124276
29456 124278 124279
29457 124281 124282 124283 124284
29458 124286
29463 124288 124289 124290 124291 124292 124293
29467 124295
29468 124297 124298
29473 124300 124301
29475 124303 124304
29476 124306
29477 124308 124309
29478 124311 124312 124313 124314
29479 124316
29480 124318 124319 124320
29482 124322 124323
29484 124325
29485 124327
29487 124329
29488 124331 124332
29489 124334
29490 124336 124337
29492 124339 124340
29494 124342
29495 124344 124345
29497 124347 124348
29500 124350 124351
29504 124353 124354
29507 124356 124357
29509 124359
29514 124361
29516 124363
29520 124365
29521 124367
29523 124369 124370
29525 124372 124373 124374 124375 124376 124377 124378 124379 124380
29526 124382 124383
29527 124385
29528 124387 124388 124389 124390
29532 124392 124393 124394 124395 124396 124397 124398 124399 124400
29534 124402 124403 124404
29535 124406
29540 124408
29543 124410 124411 124412 124413
29548 124415 124416
29550 124418
29552 124420
29553 124422
29556 124424
29558 124426
29559 124428 124429 124430
29561 124432 124433
29563 124435 124436
29564 124438 124439
29572 124441
29573 124443 124444
29574 124446
29575 124448
29576 124450 124451
29578 124453
29582 124455
29584 124457 124458 124459
29586 124461 124462 124463
29591 124465 124466 124467 124468
29592 124470 124471 124472
29596 124474 124475
29602 124477 124478
29607 124480 124481 124482 124483 124484 124485 124486 124487 124488
29609 124490
29610 124492 124493 124494 124495 124496 124497 124498 124499 124500
29611 124502 124503 124504 124505 124506
29613 124508
29615 124510
29616 124512 124513 124514 124515 124516
29618 124518
29620 124520 124521
29621 124523
29624 124525 124526
29633 124528 124529
29643 124531 124532 124533
29645 124535 124536 124537
29647 124539
29656 124541
29657 124543
29660 124545 124546
29661 124548
29663 124550
29667 124552
29668 124554
29671 124556 124557 124558 124559 124560
29673 124562
29674 124564 124565
29683 124567 124568 124569 124570 124571
29684 124573 124574
29686 124576 124577
29694 124579
29695 124581 124582 124583
29696 124585 124586
29704 124588
29705 124590 124591
29713 124593
29714 124595
29715 124597
29716 124599
29717 124601
29718 124603
29719 124605
29722 124607
29724 124609 124610 124611
29729 124613
29730 124615
29734 124617 124618
29743 124620 124621
29745 124623 124624 124625
29748 124627 124628
29755 124630
29756 124632
29761 124634 124635 124636
29762 124638 124639 124640 124641
29763 124643 124644 124645
29764 124647
29765 124649
29769 124651 124652 124653 124654 124655 124656 124657 124658 124659
29770 124661 124662 124663 124664 124665 124666 124667 124668 124669
29773 124671 124672
29775 124674
29777 124676 124677
29781 124679
29785 124681
29786 124683 124684 124685 124686 124687 124688
29788 124690 124691
29793 124693
29798 124695
29799 124697
29801 124699
29803 124701 124702 124703 124704 124705
29808 124707 124708
29812 124710
29815 124712
29817 124714 124715 124716 124717 124718 124719 124720
29818 124722 124723 124724
29819 124726
29821 124728 124729 124730 124731 124732 124733 124734
29828 124736
29833 124738 124739
29836 124741
29840 124743 124744 124745 124746 124747
29845 124749
29846 124751 124752 124753 124754
29850 124756
29854 124758
29855 124760
29856 124762
29857 124764 124765 124766 124767 124768 124769
29859 124771 124772
29863 124774 124775
29866 124777 124778 124779
29867 124781
29869 124783 124784
29872 124786
29877 124788
29879 124790 124791 124792 124793
29880 124795 124796 124797 124798
29881 124800
29888 124802
29890 124804
29892 124806
29894 124808 124809
29896 124811 124812 124813
29898 124815 124816 124817 124818 124819 124820 124821 124822 124823
29903 124825
29904 124827 124828 124829 124830
29905 124832
29906 124834 124835
29910 124837
29916 124839 124840 124841 124842 124843 124844 124845 124846 124847
29918 124849
29921 124851 124852
29922 124854 124855 124856
29923 124858
29924 124860
29926 124862 124863 124864
29928 124866 124867
29934 124869
29939 124871
29940 124873
29942 124875
29945 124877 124878 124879 124880 124881 124882 124883 124884 124885
29946 124887
29950 124889 124890 124891 124892 124893 124894
29954 124896
29958 124898 124899
29959 124901 124902 124903
29962 124905 124906
29963 124908
29965 124910 124911 124912
29966 124914
29968 124916 124917
29972 124919
29973 124921
29975 124923 124924 124925
29977 124927
29978 124929
29980 124931
29981 124933
29983 124935 124936 124937 124938
29985 124940 124941 124942 124943 124944 124945 124946
29988 124948
29991 124950 124951
29995 124953 124954
29996 124956
30000 124958 124959
30002 124961 124962 124963 124964 124965 124966 124967 124968 124969
30004 124971 124972 124973 124974
30005 124976
30006 124978 124979
30007 124981
30009 124983 124984
30017 124986
30022 124988 124989
30023 124991 124992
30026 124994
30031 124996
30034 124998
30039 125000 125001
30040 125003
30048 125005 125006 125007
30049 125009
30052 125011
30055 125013 125014 125015 125016 125017
30056 125019
30059 125021
30063 125023 125024 125025 125026
30068 125028 125029
30069 125031 125032 125033
30072 125035
30077 125037 125038 125039
30080 125041 125042 125043 125044
30081 125046
30088 125048
30092 125050
30096 125052 125053 125054 125055 125056 125057
30097 125059 125060 125061
30100 125063
30106 125065 125066
30107 125068 125069 125070 125071
30108 125073
30109 125075
30114 125077
30116 125079 125080
30120 125082 125083
30126 125085 125086 125087 125088 125089
30130 125091 125092 125093 125094 125095 125096 125097 125098 125099
30134 125101
30135 125103 125104 125105 125106 125107 125108 125109 125110 125111
30137 125113 125114
30138 125116
30142 125118 125119 125120
30143 125122 125123
30146 125125
30148 125127
30151 125129
30153 125131
30154 125133
30156 125135
30157 125137
30159 125139 125140 125141
30161 125143 125144
30166 125146 125147 125148
30167 125150
30168 125152 125153
30171 125155 125156 125157 125158
30179 125160 125161
30181 125163
30183 125165 125166 125167
30184 125169
30187 125171
30190 125173
30191 125175 125176
30192 125178
30198 125180
30201 125182 125183 125184 125185 125186 125187 125188 125189 125190
30202 125192 125193 125194 125195 125196 125197
30205 125199
30207 125201
30209 125203 125204 125205
30212 125207 125208
30213 125210 125211 125212
30214 125214
30215 125216
30216 125218
30218 125220 125221
30219 125223 125224
30220 125226 125227
30221 125229
30222 125231 125232 125233 125234 125235 125236 125237 125238 125239
30227 125241
30228 125243
30232 125245
30235 125247
30236 125249
30239 125251 125252 125253
30241 125255 125256 125257 125258 125259 125260 125261
30244 125263
30246 125265 125266
30247 125268 125269 125270 125271
30250 125273
30251 125275
30252 125277 125278
30253 125280
30254 125282 125283 125284 125285 125286 125287 125288 125289
30256 125291
30259 125293 125294 125295
30261 125297
30264 125299
30265 125301
30266 125303 125304
30267 125306
30270 125308 125309 125310 125311 125312 125313 125314 125315 125316
30275 125318
30276 125320
30277 125322 125323
30280 125325 125326 125327 125328
30283 125330 125331 125332 125333 125334 125335 125336 125337 125338
30285 125340 125341
30287 125343 125344
30293 125346
30294 125348 125349
30296 125351 125352 125353
30297 125355 125356
30298 125358
30299 125360
30301 125362
30306 125364 125365
30310 125367 125368
30318 125370
30319 125372
30323 125374 125375 125376 125377 125378 125379 125380 125381 125382
30324 125384 125385 125386 125387 125388 125389 125390 125391 125392
30325 125394
30330 125396
30332 125398 125399
30336 125401
30341 125403 125404 125405 125406 125407 125408
30343 125410
30345 125412 125413
30349 125415 125416
30350 125418 125419
30355 125421 125422
30356 125424 125425 125426
30358 125428
30361 125430 125431 125432 125433 125434 125435 125436
30374 125438
30377 125440 125441
30378 125443
30379 125445
30380 125447 125448 125449 125450
30381 125452 125453
30384 125455
30385 125457 125458 125459
30386 125461 125462
30389 125464
30392 125466 125467
30393 125469 125470 125471 125472 125473 125474 125475 125476 125477
30396 125479
30397 125481 125482 125483 125484
30399 125486
30401 125488
30405 125490 125491
30413 125493
30419 125495 125496 125497 125498 125499
30421 125501 125502 125503
30422 125505 125506
30423 125508
30424 125510
30426 125512 125513
30430 125515 125516 125517
30431 125519
30438 125521
30444 125523
30447 125525
30457 125527 125528
30459 125530 125531 125532 125533
30460 125535
30464 125537
30470 125539
30474 125541
30475 125543
30476 125545
30478 125547
30482 125549 125550 125551
30483 125553
30484 125555
30487 125557 125558 125559 125560 125561 125562 125563 125564 125565
30490 125567 125568 125569 125570 125571 125572 125573 125574 125575
30492 125577
30493 125579 125580 125581 125582
30494 125584 125585 125586 125587 125588 125589
30495 125591
30503 125593
30504 125595
30505 125597
30506 125599 125600
30508 125602 125603 125604
30512 125606
30513 125608 125609 125610 125611 125612 125613
30514 125615
30516 125617 125618
30517 125620
30518 125622 125623
30520 125625
30521 125627
30522 125629 125630
30527 125632
30529 125634 125635
30534 125637
30535 125639 125640
30536 125642 125643
30537 125645 125646 125647 125648 125649 125650 125651 125652 125653
30539 125655
30542 125657
30547 125659
30549 125661 125662
30550 125664 125665 125666 125667 125668 125669 125670 125671
30552 125673 125674 125675 125676
30555 125678 125679 125680
30558 125682 125683 125684 125685 125686 125687 125688
30560 125690 125691 125692
30568 125694 125695
30569 125697 125698 125699 125700 125701
30570 125703 125704 125705 125706 125707 125708 125709 125710 125711
30571 125713
30572 125715
30573 125717 125718 125719 125720 125721
30575 125723 125724 125725 125726 125727 125728
30577 125730
30578 125732 125733 125734 125735 125736
30579 125738 125739
30581 125741 125742
30587 125744
30588 125746 125747 125748
30597 125750
30601 125752 125753 125754 125755 125756
30603 125758
30608 125760 125761
30610 125763 125764 125765 125766 125767 125768 125769 125770 125771
30613 125773
30614 125775 125776 125777
30615 125779
30616 125781 125782 125783
30617 125785
30618 125787
30621 125789
30622 125791
30624 125793 125794 125795
30627 125797
30628 125799
30633 125801
30640 125803 125804 125805 125806 125807
30643 125809 125810
30644 125812 125813 125814 125815 125816 125817 125818 125819 125820
30645 125822
30649 125824
30650 125826
30655 125828 125829
30659 125831 125832
30662 125834
30663 125836
30665 125838 125839 125840 125841 125842 125843 125844 125845 125846
30666 125848 125849 125850
30669 125852 125853 125854 125855 125856 125857 125858
30670 125860
30674 125862
30675 125864 125865 125866 125867 125868 125869 125870 125871
30677 125873
30681 125875
30685 125877
30688 125879 125880 125881
30689 125883
30691 125885
30694 125887
30697 125889
30698 125891 125892 125893
30699 125895
30703 125897 125898 125899 125900 125901 125902 125903 125904 125905
30709 125907 125908 125909 125910 125911 125912
30710 125914 125915 125916 125917 125918
30712 125920
30714 125922
30718 125924 125925 125926
30720 125928
30721 125930
30722 125932
30727 125934 125935
30728 125937
30729 125939 125940 125941 125942 125943
30732 125945 125946 125947 125948 125949 125950 125951 125952 125953
30738 125955
30740 125957 125958 125959 125960
30742 125962 125963
30744 125965 125966 125967
30745 125969 125970 125971 125972 125973 125974
30746 125976
30753 125978 125979 125980 125981 125982 125983 125984 125985 125986
30758 125988
30761 125990 125991
30764 125993 125994
30765 125996 125997 125998 125999 126000 126001 126002 126003
30767 126005
30768 126007
30775 126009
30776 126011 126012 126013 126014
30777 126016
30781 126018
30782 126020 126021 126022
30783 126024
30785 126026 126027 126028 126029 126030
30790 126032 126033 126034
30795 126036
30797 126038 126039 126040 126041 126042
30799 126044 126045 126046 126047 126048 126049 126050 126051 126052
30803 126054
30806 126056
30807 126058
30808 126060
30811 126062 126063 126064 126065 126066
30812 126068
30818 126070
30820 126072
30824 126074
30826 126076 126077
30827 126079 126080 126081 126082
30828 126084 126085
30837 126087
30838 126089
30842 126091
30843 126093 126094 126095 126096
30845 126098 126099
30846 126101
30847 126103
30852 126105
30854 126107 126108 126109
30855 126111 126112
30856 126114
30857 126116 126117
30864 126119 126120 126121 126122 126123 126124 126125 126126 126127
30865 126129 126130 126131 126132 126133 126134 126135
30866 126137
30868 126139 126140
30869 126142 126143
30870 126145 126146
30871 126148 126149
30874 126151 126152 126153
30887 126155 126156
30889 126158
30890 126160 126161
30894 126163
30895 126165 126166
30896 126168 126169
30899 126171 126172 126173 126174
30912 126176 126177 126178 126179 126180 126181 126182 126183 126184
30913 126186 126187 126188
30916 126190
30917 126192 126193
30918 126195 126196 126197 126198
30921 126200 126201
30924 126203 126204 126205
30928 126207
30929 126209
30931 126211
30932 126213
30933 126215 126216 126217 126218 126219 126220 126221
30936 126223 126224
30938 126226
30939 126228
30945 126230
30952 126232
30955 126234
30956 126236
30961 126238 126239
30968 126241 126242 126243
30970 126245
30973 126247 126248 126249
30977 126251
30979 126253 126254 126255
30981 126257 126258 126259 126260 126261
30985 126263
30986 126265 126266 126267
30990 126269 126270 126271
30993 126273 126274
30995 126276
30997 126278 126279 126280
30998 126282
31001 126284 126285
31002 126287
31003 126289
31011 126291
31012 126293 126294
31015 126296 126297 126298
31016 126300
31022 126302
31024 126304
31025 126306
31026 126308
31027 126310 126311 126312 126313
31029 126315
31030 126317 126318 126319 126320 126321 126322 126323 126324 126325
31032 126327
31035 126329
31036 126331
31039 126333 126334 126335
31045 126337
31046 126339
31049 126341 126342 126343 126344 126345 126346 126347 126348 126349
31054 126351 126352 126353 126354 126355 126356
31055 126358
31057 126360 126361
31058 126363 126364
31061 126366
31063 126368 126369 126370
31068 126372
31073 126374 126375
31074 126377
31076 126379 126380
31079 126382 126383 126384
31084 126386
31085 126388
31090 126390 126391
31091 126393 126394
31093 126396 126397 126398 126399
31095 126401 126402 126403 126404
31096 126406 126407
31098 126409
31099 126411 126412 126413
31103 126415
31108 126417
31109 126419
31112 126421
31114 126423 126424
31117 126426
31120 126428
31121 126430 126431 126432
31122 126434 126435 126436
31123 126438
31125 126440
31126 126442
31127 126444 126445 126446 126447 126448
31132 126450 126451 126452 126453
31141 126455 126456
31144 126458
31145 126460
31146 126462 126463 126464 126465 126466 126467
31147 126469
31148 126471
31150 126473
31151 126475
31152 126477 126478
31155 126480 126481 126482
31156 126484
31163 126486 126487
31164 126489 126490 126491 126492 126493 126494 126495
31170 126497
31172 126499 126500
31175 126502
31176 126504
31178 126506 126507 126508
31179 126510 126511
31180 126513
31181 126515
31185 126517 126518 126519 126520 126521 126522
31186 126524 126525 126526 126527
31193 126529 126530
31194 126532
31200 126534 126535
31202 126537 126538
31206 126540
31209 126542 126543
31213 126545 126546 126547 126548 126549 126550
31214 126552
31217 126554
31220 126556 126557 126558 126559 126560 126561 126562
31222 126564 126565 126566 126567 126568 126569
31225 126571 126572
31226 126574 126575
31237 126577 126578
31238 126580
31241 126582
31243 126584
31244 126586 126587
31246 126589 126590
31247 126592
31248 126594
31250 126596 126597
31252 126599 126600 126601 126602 126603 126604 126605
31254 126607
31260 126609 126610 126611
31263 126613
31264 126615 126616 126617
31265 126619 126620
31271 126622 126623
31272 126625 126626
31277 126628 126629
31280 126631
31283 126633
31286 126635
31290 126637 126638 126639 126640 126641 126642 126643 126644 126645
31291 126647
31294 126649
31295 126651 126652 126653 126654 126655 126656 126657 126658 126659
31298 126661 126662
31299 126664
31303 126666
31309 126668
31310 126670
31311 126672
31316 126674
31317 126676
31319 126678 126679 126680 126681
31329 126683 126684 126685
31330 126687 126688 126689 126690 126691
31331 126693
31332 126695
31334 126697 126698
31335 126700 126701
31343 126703 126704
31350 126706 126707
31351 126709
31352 126711 126712
31354 126714
31356 126716 126717
31359 126719
31360 126721
31362 126723
31364 126725
31365 126727
31369 126729
31371 126731
31375 126733 126734 126735 126736
31378 126738 126739 126740
31381 126742 126743 126744 126745 126746 126747 126748
31384 126750 126751
31385 126753 126754
31386 126756 126757 126758 126759 126760
31388 126762
31389 126764
31390 126766
31392 126768 126769
31399 126771
31400 126773
31401 126775 126776 126777 126778 126779 126780 126781 126782 126783
31403 126785 126786 126787 126788 126789 126790
31408 126792
31410 126794
31413 126796 126797 126798 126799 126800
31419 126802 126803
31420 126805 126806 126807 126808
31423 126810 126811 126812 126813 126814 126815
31424 126817
31426 126819
31431 126821 126822 126823 126824 126825 126826
31433 126828
31436 126830
31438 126832 126833
31440 126835 126836
31441 126838
31450 126840
31451 126842 126843
31454 126845
31460 126847 126848 126849 126850 126851 126852 126853 126854 126855
31467 126857 126858 126859 126860 126861
31470 126863 126864 126865 126866 126867
31472 126869 126870
31478 126872
31484 126874 126875 126876 126877 126878 126879 126880 126881
31488 126883
31492 126885
31494 126887
31495 126889
31497 126891 126892 126893
31504 126895 126896 126897 126898 126899 126900 126901 126902 126903
31506 126905
31507 126907 126908
31512 126910
31514 126912 126913 126914 126915 126916 126917 126918 126919
31517 126921 126922
31523 126924
31524 126926
31525 126928 126929 126930
31526 126932
31528 126934
31532 126936 126937 126938
31535 126940
31536 126942 126943 126944
31537 126946
31541 126948
31548 126950
31549 126952 126953 126954
31552 126956
31553 126958 126959 126960
31554 126962 126963
31556 126965 126966 126967 126968
31558 126970
31562 126972
31564 126974
31566 126976
31572 126978 126979
31574 126981
31580 126983
31582 126985 126986
31585 126988
31588 126990
31589 126992
31592 126994 126995 126996 126997 126998 126999 127000 127001 127002
31593 127004 127005
31594 127007
31596 127009 127010 127011
31597 127013 127014 127015
31599 127017 127018
31602 127020 127021 127022 127023 127024
31610 127026 127027 127028 127029
31611 127031
31620 127033
31622 127035
31625 127037
31638 127039 127040 127041 127042 127043 127044
31643 127046
31646 127048
31651 127050
31652 127052
31655 127054 127055 127056 127057
31660 127059
31661 127061 127062 127063
31662 127065
31664 127067
31671 127069
31682 127071
31686 127073
31687 127075
31688 127077
31689 127079
31692 127081
31695 127083
31697 127085
31698 127087 127088 127089
31700 127091 127092 127093 127094 127095
31701 127097 127098
31710 127100
31712 127102 127103
31715 127105 127106
31716 127108 127109
31720 127111 127112
31723 127114
31724 127116
31726 127118
31731 127120
31740 127122
31741 127124 127125 127126 127127 127128 127129 127130 127131 127132
31750 127134 127135 127136 127137 127138
31751 127140 127141 127142
31752 127144
31758 127146 127147 127148 127149
31759 127151 127152 127153
31763 127155 127156 127157
31767 127159
31769 127161
31771 127163
31775 127165
31788 127167
31789 127169
31790 127171
31791 127173
31793 127175
31796 127177
31800 127179 127180
31802 127182 127183
31811 127185
31815 127187
31819 127189 127190
31822 127192 127193
31831 127195 127196 127197 127198
31836 127200 127201
31840 127203 127204
31841 127206 127207 127208
31847 127210 127211 127212
31848 127214 127215 127216 127217 127218 127219 127220 127221 127222
31850 127224
31851 127226
31855 127228 127229
31858 127231 127232 127233 127234 127235 127236 127237 127238 127239
31859 127241
31860 127243 127244
31862 127246
31863 127248 127249 127250 127251 127252 127253 127254 127255 127256
31865 127258 127259 127260 127261 127262
31867 127264 127265
31872 127267
31875 127269
31883 127271
31887 127273
31891 127275
31893 127277
31903 127279
31912 127281
31914 127283
31923 127285
31929 127287 127288
31932 127290
31936 127292
31939 127294 127295 127296 127297
31940 127299 127300
31941 127302 127303
31944 127305
31945 127307 127308
31946 127310
31948 127312 127313 127314 127315
31951 127317
31958 127319 127320 127321
31960 127323
31961 127325
31966 127327
31967 127329 127330 127331
31973 127333
31976 127335 127336
31978 127338 127339 127340
31979 127342
31981 127344
31983 127346
31984 127348
31985 127350 127351 127352
31986 127354
31988 127356 127357
31992 127359
31995 127361
31999 127363 127364
32000 127366 127367 127368
32001 127370
32006 127372
32014 127374 127375
32017 127377
32018 127379 127380 127381
32019 127383
32020 127385
32026 127387 127388
32027 127390
32028 127392
32030 127394
32040 127396 127397 127398 127399 127400 127401
32041 127403 127404
32046 127406
32053 127408 127409 127410 127411
32061 127413 127414
32062 127416
32073 127418
32076 127420
32087 127422
32089 127424
32090 127426
32094 127428
32098 127430
32099 127432 127433 127434 127435 127436
32101 127438 127439 127440 127441 127442 127443 127444 127445
32104 127447 127448 127449
32105 127451
32106 127453 127454
32107 127456
32111 127458 127459 127460
32119 127462 127463 127464 127465 127466
32121 127468
32124 127470 127471 127472 127473 127474 127475 127476 127477 127478
32126 127480
32127 127482 127483 127484
32134 127486 127487
32136 127489 127490
32137 127492
32139 127494
32140 127496
32148 127498
32149 127500
32153 127502 127503 127504 127505 127506
32158 127508 127509 127510 127511 127512 127513 127514 127515
32159 127517 127518 127519 127520 127521
32160 127523 127524
32163 127526
32166 127528 127529 127530
32169 127532
32171 127534 127535 127536
32176 127538
32179 127540 127541
32184 127543 127544 127545
32188 127547 127548
32197 127550 127551 127552 127553
32198 127555
32199 127557
32205 127559
32206 127561
32209 127563
32211 127565
32212 127567
32214 127569 127570
32215 127572 127573
32220 127575 127576 127577 127578 127579 127580 127581 127582 127583
32233 127585
32235 127587 127588 127589
32238 127591
32244 127593
32246 127595 127596
32249 127598 127599
32251 127601
32263 127603
32266 127605 127606 127607
32271 127609
32272 127611 127612 127613
32273 127615 127616 127617 127618 127619 127620 127621 127622
32275 127624
32286 127626
32292 127628 127629 127630 127631 127632 127633
32294 127635 127636 127637 127638 127639 127640 127641 127642
32295 127644 127645 127646
32296 127648 127649
32298 127651
32302 127653
32304 127655 127656 127657
32305 127659 127660
32306 127662
32308 127664
32310 127666 127667
32317 127669
32319 127671
32321 127673
32322 127675
32327 127677
32333 127679 127680
32335 127682
32337 127684
32339 127686 127687 127688
32342 127690 127691
32346 127693
32352 127695 127696 127697 127698 127699
32356 127701
32358 127703 127704 127705
32359 127707 127708
32361 127710 127711 127712
32363 127714
32364 127716
32365 127718
32367 127720 127721 127722 127723 127724 127725 127726 127727 127728
32368 127730 127731 127732
32370 127734
32378 127736
32382 127738 127739 127740 127741
32387 127743
32395 127745 127746 127747
32397 127749
32399 127751
32400 127753 127754
32401 127756
32404 127758
32408 127760
32413 127762
32416 127764
32420 127766
32427 127768
32428 127770
32429 127772
32430 127774 127775
32434 127777
32437 127779 127780
32438 127782
32439 127784
32440 127786
32442 127788
32447 127790 127791 127792
32450 127794 127795
32455 127797 127798
32458 127800
32462 127802
32466 127804 127805 127806
32468 127808
32471 127810 127811
32472 127813 127814
32478 127816 127817
32479 127819
32491 127821
32496 127823
32497 127825
32499 127827 127828
32508 127830 127831
32510 127833
32511 127835 127836
32513 127838
32516 127840 127841 127842 127843 127844 127845 127846
32517 127848 127849
32521 127851
32522 127853 127854 127855 127856
32525 127858 127859
32527 127861
32528 127863
32531 127865 127866 127867
32544 127869 127870
32545 127872
32551 127874
32558 127876
32561 127878
32569 127880
32570 127882 127883
32582 127885
32583 127887
32584 127889
32586 127891 127892
32587 127894
32589 127896
32590 127898
32601 127900 127901 127902
32610 127904
32613 127906
32620 127908 127909
32624 127911
32627 127913
32631 127915 127916 127917 127918
32633 127920
32641 127922
32642 127924
32644 127926
32645 127928 127929 127930
32655 127932 127933
32658 127935
32662 127937
32667 127939
32682 127941
32694 127943
32702 127945 127946 127947
32704 127949
32709 127951 127952
32711 127954
32712 127956 127957
32724 127959
32726 127961 127962
32734 127964 127965
32738 127967
32749 127969
32755 127971
32756 127973 127974 127975 127976
32767 127978
32768 127980
32770 127982
32771 127984 127985
32773 127987
32774 127989 127990 127991
32776 127993 127994 127995 127996 127997
32779 127999
32780 128001 128002 128003 128004 128005 128006 128007
32791 128009
32792 128011
32793 128013
32797 128015
32804 128017 128018 128019 128020 128021 128022
32807 128024 128025
32809 128027
32811 128029
32812 128031
32813 128033
32815 128035
32832 128037
32836 128039
32846 128041
32849 128043
32861 128045 128046 128047 128048 128049 128050 128051 128052 128053
32866 128055
32867 128057 128058 128059 128060 128061 128062
32871 128064
32876 128066 128067 128068 128069 128070 128071 128072 128073 128074
32879 128076 128077
32882 128079
32885 128081 128082
32886 128084
32903 128086 128087
32904 128089
32908 128091
32909 128093 128094 128095
32919 128097 128098 128099 128100 128101
32923 128103
32925 128105
32929 128107
32930 128109 128110 128111 128112
32935 128114
32936 128116 128117
32938 128119
32945 128121
32946 128123 128124 128125 128126
32948 128128 128129
32952 128131
32955 128133
32958 128135
32965 128137 128138
32966 128140
32967 128142
32969 128144 128145
32970 128147 128148
32971 128150 128151 128152 128153 128154 128155
32976 128157
32977 128159
32979 128161
32987 128163 128164 128165
32989 128167
32995 128169 128170
33004 128172
33005 128174
33006 128176
33008 128178 128179 128180 128181
33012 128183 128184 128185
33013 128187
33016 128189
33017 128191 128192
33020 128194
33022 128196
33023 128198
33024 128200 128201 128202 128203 128204 128205 128206 128207 128208
33025 128210
33029 128212
33030 128214 128215 128216 128217 128218 128219 128220 128221 128222
33032 128224 128225 128226 128227 128228 128229
33033 128231
33040 128233 128234 128235 128236 128237 128238
33048 128240 128241
33052 128243 128244 128245 128246
33054 128248
33055 128250 128251
33056 128253 128254
33057 128256
33065 128258
33066 128260
33068 128262 128263
33075 128265
33077 128267 128268
33078 128270
33080 128272 128273
33081 128275
33084 128277 128278 128279 128280 128281 128282 128283 128284 128285
33085 128287
33087 128289
33088 128291 128292 128293 128294 128295 128296 128297
33090 128299
33091 128301 128302 128303
33092 128305 128306
33093 128308
33094 128310 128311
33095 128313
33096 128315 128316
33097 128318 128319 128320 128321
33105 128323
33110 128325 128326 128327 128328
33114 128330 128331
33116 128333 128334 128335
33123 128337
33126 128339
33127 128341 128342 128343 128344 128345 128346
33141 128348
33143 128350 128351 128352 128353 128354 128355 128356 128357 128358
33145 128360
33148 128362
33151 128364 128365
33160 128367 128368 128369 128370 128371 128372
33162 128374
33165 128376 128377
33172 128379
33176 128381
33180 128383 128384
33182 128386 128387
33189 128389
33190 128391
33191 128393
33192 128395
33197 128397
33199 128399
33200 128401 128402
33206 128404
33211 128406
33212 128408
33213 128410
33215 128412 128413
33216 128415 128416
33217 128418 128419
33220 128421
33221 128423
33228 128425
33230 128427
33231 128429
33232 128431 128432 128433 128434 128435 128436 128437 128438
33233 128440 128441
33237 128443 128444 128445
33242 128447
33243 128449 128450
33246 128452
33248 128454 128455 128456
33254 128458
33255 128460
33258 128462
33262 128464
33263 128466 128467 128468 128469 128470 128471 128472
33275 128474
33277 128476
33282 128478
33283 128480 128481
33285 128483 128484 128485 128486 128487 128488 128489 128490 128491
33292 128493
33298 128495
33299 128497 128498
33301 128500 128501 128502
33306 128504 128505 128506
33313 128508 128509
33314 128511
33315 128513 128514 128515
33318 128517 128518 128519
33323 128521 128522 128523 128524 128525 128526 128527 128528
33324 128530
33329 128532
33334 128534
33336 128536
33338 128538 128539
33345 128541
33350 128543
33355 128545
33356 128547 128548
33357 128550 128551 128552
33367 128554 128555 128556 128557 128558 128559
33370 128561
33372 128563 128564
33373 128566 128567
33379 128569
33384 128571 128572
33389 128574
33391 128576 128577 128578 128579
33392 128581
33399 128583 128584
33400 128586
33403 128588
33404 128590 128591
33406 128593 128594
33410 128596
33415 128598
33416 128600 128601
33418 128603
33422 128605 128606 128607
33423 128609
33428 128611
33430 128613
33431 128615 128616
33436 128618 128619
33438 128621
33446 128623
33452 128625 128626
33455 128628
33459 128630 128631 128632 128633
33460 128635 128636
33462 128638 128639
33463 128641
33472 128643
33477 128645 128646
33479 128648 128649 128650
33480 128652
33486 128654 128655 128656
33487 128658 128659
33489 128661 128662
33493 128664
33507 128666
33508 128668 128669 128670
33509 128672
33513 128674 128675
33514 128677 128678 128679
33515 128681
33517 128683
33522 128685 128686
33523 128688 128689
33527 128691 128692 128693 128694
33529 128696
33532 128698 128699 128700 128701 128702 128703
33534 128705
33537 128707
33539 128709
33543 128711 128712
33547 128714
33549 128716 128717
33556 128719 128720
33562 128722 128723 128724 128725
33568 128727 128728
33569 128730 128731
33576 128733 128734
33578 128736 128737
33581 128739
33589 128741
33593 128743
33601 128745
33602 128747
33604 128749
33608 128751
33618 128753
33621 128755
33623 128757
33624 128759 128760
33631 128762
33635 128764
33636 128766
33644 128768
33645 128770
33649 128772 128773 128774
33660 128776
33661 128778
33663 128780
33666 128782
33671 128784 128785 128786 128787
33679 128789
33680 128791
33681 128793
33684 128795 128796 128797 128798 128799 128800 128801 128802 128803
33685 128805 128806 128807
33687 128809 128810 128811 128812
33692 128814
33694 128816
33697 128818 128819
33698 128821 128822
33711 128824
33714 128826
33717 128828
33721 128830 128831 128832
33726 128834
33727 128836 128837
33728 128839 128840 128841
33733 128843 128844 128845 128846 128847
33738 128849 128850
33739 128852
33740 128854
33741 128856 128857 128858
33743 128860 128861 128862 128863 128864 128865 128866 128867 128868
33745 128870
33754 128872
33757 128874
33758 128876 128877 128878 128879 128880 128881
33761 128883 128884
33766 128886 128887 128888 128889 128890 128891 128892 128893 128894
33772 128896 128897 128898 128899
33773 128901
33774 128903
33775 128905 128906
33776 128908
33777 128910
33779 128912
33780 128914
33781 128916
33792 128918 128919 128920
33803 128922 128923 128924 128925 128926
33805 128928 128929
33809 128931
33816 128933 128934
33818 128936 128937 128938
33819 128940
33829 128942 128943
33835 128945 128946 128947 128948 128949 128950
33844 128952
33845 128954 128955
33854 128957 128958
33856 128960 128961
33858 128963 128964 128965
33862 128967
33871 128969
33874 128971
33883 128973
33890 128975
33892 128977
33894 128979 128980
33895 128982
33897 128984
33899 128986
33905 128988 128989 128990
33909 128992 128993
33911 128995
33918 128997 128998 128999 129000
33921 129002
33935 129004
33938 129006
33945 129008
33949 129010 129011
33950 129013
33951 129015 129016
33955 129018
33957 129020 129021 129022
33958 129024
33963 129026
33965 129028
33967 129030
33968 129032
33975 129034 129035
33980 129037 129038 129039 129040
33988 129042 129043
33989 129045 129046
33993 129048
33995 129050
34010 129052
34011 129054
34012 129056
34016 129058
34019 129060
34022 129062 129063 129064
34026 129066 129067
34033 129069
34036 129071
34048 129073 129074 129075 129076 129077 129078 129079
34049 129081
34054 129083 129084 129085 129086 129087 129088 129089
34065 129091
34066 129093
34067 129095 129096
34073 129098 129099 129100
34083 129102
34084 129104
34085 129106 129107 129108 129109 129110 129111
34086 129113
34087 129115
34101 129117 129118
34105 129120 129121
34108 129123
34112 129125 129126 129127 129128 129129 129130 129131 129132 129133
34114 129135 129136 129137 129138 129139 129140 129141 129142 129143
34117 129145
34121 129147
34122 129149
34125 129151 129152
34126 129154
34127 129156
34132 129158 129159 129160
34133 129162
34136 129164
34141 129166
34143 129168
34158 129170 129171 129172
34159 129174
34160 129176
34161 129178
34163 129180
34164 129182 129183 129184 129185 129186 129187 129188
34165 129190
34171 129192
34173 129194
34178 129196
34181 129198
34191 129200 129201
34192 129203
34194 129205
34195 129207
34198 129209
34205 129211 129212 129213 129214 129215 129216 129217
34208 129219
34216 129221 129222 129223 129224 129225 129226 129227 129228 129229
34217 129231
34222 129233
34228 129235
34234 129237
34235 129239
34242 129241 129242 129243 129244
34248 129246 129247 129248 129249 129250
34251 129252
34255 129254
34264 129256
34267 129258 129259 129260
34286 129262
34290 129264
34292 129266
34293 129268
34300 129270
34309 129272
34317 129274 129275 129276 129277
34318 129279
34325 129281
34327 129283
34329 129285 129286
34330 129288
34344 129290
34353 129292
34356 129294
34359 129296
34367 129298 129299 129300 129301 129302
34373 129304 129305 129306 129307
34374 129309
34381 129311 129312 129313 129314 129315
34382 129317
34385 129319
34387 129321
34391 129323 129324 129325
34406 129327
34414 129329
34415 129331
34418 129333
34430 129335
34432 129337
34434 129339
34453 129341
34472 129343
34479 129345
34480 129347
34481 129349 129350 129351 129352 129353 129354 129355 129356
34482 129358 129359 129360 129361 129362
34487 129364
34497 129366 129367
34501 129369
34512 129371 129372 129373
34518 129375
34529 129377
34531 129379 129380
34534 129382
34535 129384 129385 129386
34546 129388 129389 129390
34553 129392
34554 129394
34558 129396 129397 129398 129399
34560 129401
34564 129403
34573 129405 129406
34580 129408
34591 129410
34593 129412
34607 129414
34617 129416 129417
34643 129419 129420 129421 129422 129423
34654 129425
34656 129427
34658 129429 129430
34662 129432 129433 129434
34664 129436 129437
34665 129439 129440 129441
34670 129443
34672 129445
34673 129447
34688 129449 129450
34690 129452 129453
34693 129455 129456
34696 129458 129459
34697 129461 129462 129463 129464
34700 129466
34706 129468 129469
34719 129471 129472 129473
34722 129475
34725 129477 129478
34729 129480
34733 129482
34734 129484 129485 129486 129487
34738 129489
34743 129491
34748 129493
34757 129495
34759 129497
34761 129499
34763 129501
34771 129503 129504 129505
34776 129507
34788 129509
34795 129511
34797 129513
34798 129515 129516
34801 129518
34808 129520
34810 129522
34819 129524
34824 129526 129527 129528
34838 129530
34839 129532
34853 129534
34867 129536
34869 129538
34876 129540
34886 129542
34887 129544 129545
34892 129547
34893 129549
34896 129551 129552
34899 129554
34900 129556
34909 129558
34910 129560
34916 129562
34921 129564
34924 129566 129567 129568 129569
34927 129571
34928 129573
34929 129575
34930 129577
34935 129579
34944 129581
34951 129583 129584
34960 129586 129587 129588 129589 129590 129591 129592
34966 129594 129595 129596 129597 129598 129599
34970 129601
34972 129603
34984 129605 129606
34989 129608
34990 129610
34991 129612
34997 129614 129615 129616 129617
35000 129619 129620
35002 129622
35003 129624
35005 129626 129627 129628 129629
35010 129631
35012 129633
35013 129635
35014 129637
35015 129639 129640
35027 129642
35028 129644 129645
35031 129647
35039 129649
35041 129651
35047 129653
35053 129655
35055 129657 129658
35063 129660
35067 129662 129663
35072 129665 129666 129667
35074 129669
35075 129671 129672 129673 129674 129675 129676
35080 129678
35082 129680
35084 129682 129683
35086 129685
35087 129687
35089 129689
35090 129691 129692 129693 129694 129695
35094 129697
35102 129699
35103 129701 129702 129703
35106 129705
35110 129707 129708
35111 129710
35113 129712
35116 129714
35119 129716 129717
35121 129719 129720
35123 129722
35131 129724
35133 129726 129727
35134 129729
35136 129731
35138 129733
35146 129735
35151 129737 129738 129739 129740 129741 129742
35159 129744
35161 129746
35163 129748
35165 129750
35167 129752
35184 129754
35190 129756
35191 129758
35194 129760
35202 129762 129763
35204 129765 129766
35206 129768 129769
35207 129771
35208 129773
35211 129775
35213 129777
35217 129779 129780
35222 129782
35223 129784
35224 129786
35232 129788 129789 129790 129791 129792 129793
35234 129795
35237 129797
35255 129799
35258 129801 129802 129803
35259 129805 129806 129807 129808 129809
35263 129811 129812
35266 129814 129815
35267 129817
35271 129819 129820
35277 129822
35282 129824
35283 129826 129827
35286 129829
35294 129831 129832
35297 129834
35298 129836
35302 129838
35315 129840 129841
35316 129843
35317 129845
35321 129847
35325 129849 129850 129851 129852 129853
35329 129855
35337 129857 129858 129859
35338 129861
35342 129863 129864
35343 129866
35346 129868
35352 129870
35358 129872 129873 129874
35362 129876 129877
35370 129879
35381 129881
35384 129883 129884 129885
35389 129887
35394 129889 129890
35402 129892
35412 129894 129895 129896
35417 129898 129899 129900
35419 129902
35422 129904 129905
35434 129907 129908
35446 129910
35447 129912
35448 129914 129915
35450 129917
35451 129919 129920 129921
35453 129923 129924 129925 129926 129927 129928 129929 129930 129931
35460 129933 129934
35461 129936
35466 129938
35473 129940
35475 129942 129943
35482 129945
35500 129947
35509 129949 129950
35516 129952
35518 129954 129955 129956 129957 129958 129959
35519 129961 129962
35529 129964
35544 129966
35547 129968
35549 129970
35550 129972
35552 129974
35561 129976 129977
35564 129979
35580 129981
35582 129983
35587 129985
35590 129987
35601 129989
35602 129991 129992
35605 129994
35611 129996
35613 129998
35615 130000
35617 130002 130003
35618 130005
35625 130007
35635 130009
35646 130011 130012 130013
35658 130015
35675 130017
35678 130019
35679 130021
35681 130023
35689 130025
35701 130027
35707 130029
35709 130031
35710 130033
35711 130035
35712 130037
35714 130039
35715 130041 130042
35717 130044
35719 130046
35720 130048
35724 130050
35732 130052 130053
35733 130055
35736 130057
35741 130059 130060 130061 130062
35749 130064
35750 130066 130067
35751 130069
35753 130071
35756 130073 130074
35760 130076
35761 130078 130079 130080 130081
35762 130083
35763 130085
35764 130087 130088 130089 130090 130091 130092
35769 130094
35794 130096
35797 130098 130099
35798 130101
35801 130103
35813 130105
35822 130107
35823 130109 130110 130111 130112 130113
35824 130115
35825 130117
35828 130119 130120 130121 130122 130123
35829 130125 130126
35831 130128
35834 130130
35845 130132
35857 130134
35859 130136 130137
35863 130139 130140 130141 130142
35865 130144 130145 130146
35866 130148
35869 130150 130151 130152
35879 130154 130155 130156
35881 130158
35883 130160 130161
35887 130163 130164
35898 130166
35905 130168
35911 130170
35913 130172
35915 130174
35916 130176 130177
35921 130179
35922 130181
35934 130183
35936 130185
35937 130187
35962 130189
35970 130191
35972 130193
35974 130195
35981 130197 130198 130199
35983 130201
35990 130203
36000 130205 130206
36004 130208
36008 130210 130211
36011 130213 130214 130215
36018 130217
36019 130219
36039 130221
36045 130223
36049 130225
36052 130227
36056 130229
36063 130231
36073 130233
36076 130235 130236
36087 130238
36090 130240 130241
36091 130243
36093 130245
36114 130247 130248
36126 130250
36133 130252
36135 130254
36149 130256
36150 130258 130259
36170 130261
36171 130263
36177 130265
36184 130267 130268
36187 130270 130271 130272
36191 130274
36193 130276
36195 130278
36196 130280
36199 130282
36200 130284 130285
36205 130287
36215 130289
36220 130291
36222 130293
36225 130295
36231 130297
36236 130299
36239 130301
36241 130303 130304
36251 130306
36257 130308 130309 130310
36260 130312 130313 130314 130315
36270 130317 130318
36277 130320
36292 130322
36296 130324
36304 130326 130327 130328 130329
36306 130331
36319 130333 130334 130335
36323 130337 130338
36337 130340 130341
36338 130343
36348 130345 130346
36349 130348
36354 130350
36358 130352
36365 130354
36367 130356
36376 130358
36382 130360
36392 130362
36396 130364 130365 130366
36399 130368
36410 130370
36416 130372
36418 130374 130375 130376
36419 130378
36421 130380
36432 130382
36435 130384
36441 130386
36465 130388 130389 130390
36472 130392
36483 130394
36488 130396
36507 130398
36509 130400 130401 130402
36510 130404
36520 130406 130407
36527 130409 130410
36528 130412
36537 130414 130415
36545 130417
36554 130419
36555 130421
36556 130423
36558 130425
36562 130427
36571 130429
36582 130431
36583 130433
36601 130435
36602 130437 130438
36613 130440
36614 130442 130443
36634 130445 130446
36636 130448
36667 130450
36685 130452
36687 130454
36689 130456
36692 130458 130459
36707 130461
36708 130463
36718 130465
36723 130467
36737 130469
36758 130471
36774 130473
36780 130475
36782 130477
36788 130479
36789 130481
36818 130483
36844 130485
36868 130487
36874 130489
36882 130491
36886 130493
36888 130495
36907 130497
36922 130499
36923 130501
36949 130503
36992 130505
36993 130507
37032 130509
37041 130511
37055 130513
37059 130515
37098 130517
37101 130519
37129 130521 130522 130523
37135 130525
37219 130527
