0 56 1 20141129
1 34 6 1 20141215
2 118 2 20150204
3 0 4 3 20150721
4 3 0 20140219
5 83 95 20140620
6 70 26 2 20140711
7 10 21 20141008
8 1 13 4 20150105
9 11 0 20140316
10 18 55 95 20150428
11 118 2 20150805
12 2 3 3 20150919
13 37 37 20140608
14 6 68 20141109
15 3 65 70 20151212
16 1 3 0 20150201
17 28 1 20150223
18 17 0 20140208
19 37 1 20140224
20 43 2 20140413
21 1 24 20140612
22 56 4 20140813
23 37 5 20140909
24 82 6 20141025
25 4 24 28 20 61 79 68 37 7 20150115
26 4 6 8 20150214
27 9 50 20140908
28 19 1 20141001
29 15 2 20150326
30 16 70 20150508
31 3 0 37 4 20150615
32 147 4 0 20140617
33 50 1 20150127
34 21 11 25 99 2 20151006
35 18 9 2 20151020
36 9 4 20151214
37 5 6 5 20151223
38 23 31 20141027
39 14 43 20150320
40 89 2 20151107
41 7 3 20151218
42 74 0 20141024
43 0 6 1 20150212
44 1 2 20150415
45 65 3 20150509
46 1 0 20140329
47 122 1 20141228
48 2 20150123
49 6 4 23 20150224
50 21 1 20150313
51 73 5 20151118
52 1 0 20140105
53 7 50 20140412
54 84 20140911
55 65 3 20141008
56 23 4 20141023
57 21 64 5 20141126
58 23 62 6 20150107
59 21 7 20150408
60 49 52 17 1 8 20150414
61 20 37 20150903
62 70 0 20141030
63 8 25 16 61 1 20150606
64 8 37 24 82 2 20150721
65 43 49 3 20150820
66 6 48 4 20151026
67 54 2 23 20151228
68 72 69 20140320
69 3 1 20141018
70 2 2 20150409
71 9 0 114 73 19 20150903
72 3 44 20140210
73 23 1 20140425
74 65 2 20150403
75 10 3 17 63 3 20150721
76 2 4 20140323
77 21 151 20140502
78 3 2 20150319
79 11 20 52 16 3 20150330
80 0 4 20150515
81 21 5 20150709
82 23 17 5 6 20151213
83 12 41 35 52 19 20150503
84 23 4 20140213
85 3 1 20140506
86 49 2 20140805
87 13 17 69 98 3 20150902
88 18 3 74 4 20151027
89 143 6 1 5 20151121
90 18 1 20151122
91 73 49 0 20140529
92 14 17 113 13 1 20150803
93 49 2 20151112
94 141 0 20140131
95 67 1 20140422
96 103 10 20140602
97 99 17 20140825
98 18 18 68 141 4 20150221
99 34 3 20150519
100 3 0 141 10 6 20150707
101 1 64 7 20150731
102 65 59 8 20151018
103 21 79 0 20140208
104 18 1 20141105
105 21 10 20150129
106 15 56 44 37 3 20150908
107 18 4 20150922
108 2 73 5 20151230
109 79 0 20140509
110 70 1 20150625
111 29 127 3 2 20150716
112 1 16 6 98 3 20151112
113 9 16 20151223
114 4 10 20141115
115 82 4 20141213
116 22 17 2 20150528
117 0 20 26 75 3 20150918
118 18 4 20150920
119 17 0 20150114
120 1 1 20151109
121 0 3 68 77 2 20151130
122 23 0 20150711
123 16 8 0 52 1 20150717
124 79 20140510
125 4 59 17 20140616
126 37 2 20141003
127 17 60 99 37 3 20150612
128 12 36 20150829
129 0 21 20151020
130 73 0 20140921
131 18 9 44 23 1 20150213
132 68 0 20140325
133 3 79 43 72 1 20150114
134 24 2 20150619
135 44 4 20151208
136 24 17 0 20141122
137 19 1 10 11 1 20150308
138 3 6 4 20150606
139 67 20150912
140 17 11 112 100 0 20150127
141 3 158 0 20140510
142 3 63 20140725
143 18 17 20150127
144 73 26 3 20150221
145 99 3 20150601
146 49 44 131 20151010
147 20 7 49 1 13 20151022
148 22 103 20140512
149 23 1 20141001
150 25 22 114 17 78 11 118 2 20150808
151 22 23 98 3 20150908
152 21 6 3 36 4 20151026
153 61 0 20140905
154 44 62 20150908
155 22 9 3 44 2 20151008
156 18 3 20140809
157 7 6 113 19 1 20151003
158 9 0 20140219
159 18 49 20140305
160 1 70 2 20141123
161 23 16 1 24 3 20150411
162 70 50 0 20140904
163 24 118 76 1 20141103
164 24 2 74 50 2 20150929
165 56 3 20140108
166 73 27 20141110
167 21 8 14 95 2 20150109
168 17 0 20141109
169 6 28 31 4 1 20150403
170 127 37 19 2 20150425
171 8 2 1 79 73 20150919
172 18 10 14 73 0 20150420
173 56 4 17 35 73 1 20150613
174 50 43 16 20150721
175 57 19 3 20150830
176 49 141 16 0 20140601
177 63 43 1 20141124
178 48 2 20150211
179 0 22 59 15 3 20150804
180 91 10 0 20140729
181 78 19 20140801
182 63 19 2 20140927
183 28 20150201
184 17 4 20150402
185 25 1 74 68 5 20150719
186 21 0 20140220
187 77 11 20140407
188 16 2 20140416
189 11 3 20140423
190 95 50 69 11 95 4 20150206
191 6 4 53 147 5 20151006
192 21 0 20140928
193 15 24 17 69 1 20151016
194 103 0 20140506
195 37 1 20140510
196 69 3 16 2 20140515
197 69 20140623
198 23 4 20140722
199 37 23 68 5 20140814
200 113 3 6 20141125
201 7 20150322
202 25 39 59 103 8 20150606
203 34 20140821
204 37 43 82 1 20150114
205 56 2 20150608
206 3 3 20150611
207 19 4 20150714
208 23 53 158 117 5 20150926
209 64 0 20140110
210 6 37 20141006
211 43 55 2 20150407
212 9 73 24 77 3 20150815
213 16 4 20151107
214 18 10 20140122
215 2 1 20140615
216 0 3 20150223
217 27 74 48 53 3 20150521
218 131 4 20150529
219 37 5 20151117
220 19 23 0 20140515
221 24 118 1 20150105
222 21 37 26 23 2 20150825
223 26 3 20151230
224 70 0 20140316
225 25 1 20140623
226 18 1 3 17 2 20150311
227 56 0 20141017
228 23 1 20150106
229 24 21 1 1 2 20150201
230 16 20150628
231 9 4 20150813
232 24 68 20151025
233 5 60 0 20140827
234 18 56 48 90 34 1 20150509
235 28 53 3 73 2 20150605
236 1 95 20150627
237 99 3 2 20151125
238 40 0 20140301
239 100 1 20140328
240 17 2 20150719
241 29 21 35 37 3 20150728
242 1 1 24 4 20151204
243 37 49 0 20140317
244 13 1 20140519
245 73 2 20140731
246 50 3 20141023
247 1 0 21 69 4 20150905
248 18 30 20140808
249 9 125 20150223
250 1 21 74 13 2 20150403
251 21 74 24 94 3 20150630
252 133 74 20150207
253 12 99 28 37 1 20150619
254 57 7 17 2 20151109
255 7 0 20141211
256 20 1 20150506
257 4 21 49 61 2 20150728
258 4 0 20140401
259 6 1 20140525
260 3 59 20140904
261 28 24 3 113 3 20151011
262 64 35 20140127
263 118 1 20140224
264 117 2 20141029
265 4 24 0 99 3 20150616
266 3 4 20150902
267 3 37 20141007
268 129 1 20141103
269 3 1 19 58 2 20150120
270 1 3 20150623
271 8 65 20150903
272 18 5 20151027
273 94 0 20141109
274 18 6 10 79 1 20150320
275 56 3 2 20150414
276 40 3 20150606
277 22 19 20151002
278 18 95 57 20150105
279 37 8 9 1 20150122
280 49 65 3 37 2 20150215
281 10 1 3 3 20150909
282 7 11 17 20140205
283 8 1 39 102 1 20150413
284 49 2 20150615
285 17 36 4 0 20140224
286 4 65 1 4 1 20150207
287 22 17 20150519
288 3 20151111
289 4 74 20140308
290 7 34 20140622
291 1 2 20141210
292 4 10 11 3 20150116
293 1 18 118 74 4 20150302
294 68 5 20150524
295 22 26 20150701
296 6 7 20150817
297 56 98 8 20150923
298 159 0 20141211
299 56 16 128 20150206
300 3 36 11 107 2 20150314
301 31 69 0 20140216
302 19 113 1 20140415
303 49 1 16 20140816
304 31 17 2 122 3 20151222
305 68 20141218
306 76 16 1 20150204
307 1 141 25 118 17 26 2 20150609
308 18 1 27 14 3 20150701
309 1 95 20150811
310 25 11 5 20150930
311 0 2 0 20151103
312 3 24 20140323
313 50 1 20140419
314 1 2 20140707
315 1 17 16 20140721
316 31 18 37 1 20150414
317 21 127 17 5 20150511
318 24 3 20150624
319 70 16 0 20140920
320 72 1 20140925
321 49 43 69 68 70 2 20150103
322 52 49 24 4 3 20150929
323 43 0 20141127
324 10 1 20150217
325 8 3 60 16 2 20150412
326 1 3 20151124
327 68 0 20141006
328 1 74 49 99 1 20150505
329 49 27 71 0 20140415
330 2 1 20140605
331 32 8 19 38 2 20150512
332 6 59 20150611
333 31 61 4 20150822
334 33 39 8 49 6 39 103 74 5 20150913
335 0 6 20151003
336 16 7 20151026
337 74 0 20140515
338 95 1 20140901
339 17 2 20140913
340 69 3 20141226
341 3 1 17 58 4 20150701
342 17 0 20140623
343 6 8 43 55 1 20150708
344 21 0 82 40 17 48 2 20151106
345 73 0 20140411
346 19 1 20140503
347 17 2 20150804
348 33 22 10 70 58 20150921
349 39 0 20140323
350 48 18 20151109
351 1 82 46 2 20151121
352 34 98 33 79 3 20151210
353 33 34 20140316
354 24 20150713
355 24 2 20150723
356 8 68 33 3 20150907
357 35 9 1 49 4 20150930
358 6 16 20140219
359 72 63 20140601
360 37 2 20141030
361 13 2 3 74 3 20150131
362 1 4 20151015
363 82 114 5 20151223
364 161 17 20140210
365 21 23 1 20150125
366 3 2 20151106
367 21 18 59 44 3 20151213
368 151 0 20140526
369 95 1 20140701
370 70 2 20140812
371 1 1 3 20150719
372 21 4 1 1 52 141 4 20150918
373 43 68 20151120
374 103 64 0 20140223
375 43 63 1 20140328
376 8 11 58 4 2 20150205
377 36 22 34 58 118 20150304
378 4 3 4 20150603
379 18 7 55 3 20150722
380 74 0 20140202
381 17 20150422
382 10 4 2 20151010
383 9 40 1 3 20151130
384 18 13 0 20140520
385 29 74 1 20140807
386 1 2 20141108
387 36 3 20150525
388 18 26 2 4 20151220
389 128 0 20140328
390 52 36 20140417
391 3 1 2 20150423
392 4 157 3 20150705
393 26 18 16 4 20150804
394 41 18 3 4 5 20150824
395 128 27 6 20150930
396 48 53 20140721
397 0 1 20150107
398 39 20150806
399 22 18 74 3 20151106
400 21 73 20140606
401 25 49 7 20150218
402 1 2 20151116
403 26 72 20140421
404 17 130 20140729
405 4 2 20150422
406 37 30 21 3 20150722
407 21 0 20140814
408 25 7 19 1 20150823
409 13 10 2 20151212
410 28 4 4 0 20141207
411 20 1 20141221
412 11 1 2 2 20150415
413 21 82 45 49 20150529
414 34 4 20150618
415 3 20140315
416 82 44 16 20140719
417 44 2 20140903
418 79 1 151 80 20140910
419 37 36 72 4 20150126
420 18 22 20150924
421 17 3 20140811
422 22 4 19 1 20151229
423 9 11 153 20140422
424 118 1 20141007
425 37 2 20141031
426 1 3 20150413
427 22 4 20150827
428 38 0 127 5 20151020
429 27 6 20151217
430 134 10 20140103
431 9 88 20140405
432 1 2 20150713
433 39 43 2 3 20150817
434 9 0 4 20151109
435 21 14 0 20140419
436 70 1 20141201
437 18 8 3 2 20150517
438 35 4 3 20150607
439 150 120 4 20150619
440 18 22 2 7 11 21 25 27 5 20151126
441 22 135 0 20150512
442 9 56 11 1 20150725
443 49 2 20150817
444 0 20140426
445 8 73 20141126
446 122 2 20141212
447 21 3 20141227
448 49 40 20151111
449 94 0 20151205
450 1 17 11 6 20151223
451 17 0 20140531
452 9 34 1 20140822
453 6 2 20151205
454 8 16 3 20151212
455 37 15 91 0 20150401
456 37 15 6 3 20150911
457 8 2 20151118
458 0 103 0 20140622
459 4 114 20141110
460 18 21 49 10 1 43 2 20150122
461 18 1 38 4 20150320
462 43 52 20140509
463 72 1 20140523
464 2 20141215
465 9 1 20150226
466 49 6 4 20150321
467 37 37 20150606
468 8 1 20 6 20150618
469 17 7 20151122
470 59 0 20140202
471 21 1 20140518
472 16 34 16 2 20140807
473 3 20150729
474 18 21 37 117 20151208
475 18 5 20151209
476 37 0 20140714
477 37 1 20141114
478 72 61 20141118
479 27 88 20150127
480 37 1 1 4 20150425
481 73 0 20140129
482 70 1 20140706
483 20 49 19 17 20141011
484 103 2 82 20150613
485 4 18 1 4 20150708
486 44 5 20151104
487 6 0 20140819
488 49 1 20150110
489 1 106 20150201
490 114 6 114 3 20150514
491 6 21 1 26 70 4 20150610
492 37 26 0 20140223
493 21 1 20140618
494 17 11 2 20140828
495 69 114 20140926
496 1 6 10 2 20150504
497 24 13 0 20140513
498 19 20141122
499 40 4 69 2 20151010
500 26 0 20140805
501 0 37 65 1 20150403
502 25 0 4 0 20150611
503 1 1 20150917
504 70 0 20140325
505 33 1 20140806
506 12 16 68 2 20151030
507 4 118 20140330
508 29 34 1 20140424
509 63 2 20140531
510 29 3 20140716
511 118 4 20140815
512 13 4 19 5 20150523
513 8 23 23 6 20150629
514 134 68 7 20150711
515 14 8 20150812
516 37 0 20140819
517 113 1 20140912
518 1 2 20140926
519 20 3 20150602
520 25 11 59 0 20150605
521 14 5 20150826
522 16 0 73 20150908
523 19 0 20141219
524 52 1 20150331
525 37 2 20150709
526 0 2 1 20150723
527 6 1 24 4 20151107
528 7 45 20141223
529 1 49 90 1 20150226
530 4 2 20150310
531 43 3 20150619
532 7 13 23 20150723
533 39 117 17 31 19 5 20150904
534 23 75 20151213
535 43 0 20140312
536 20 9 10 1 20150518
537 18 2 20150727
538 100 0 20140123
539 70 1 20140430
540 10 6 20140604
541 63 3 20141019
542 22 113 20141024
543 20 37 0 5 20150326
544 17 74 20150108
545 1 4 17 1 20150623
546 117 4 2 20151120
547 41 21 0 0 20150810
548 37 0 20140313
549 18 1 20150128
550 8 9 40 2 20150723
551 139 0 20140121
552 21 79 1 20140302
553 122 82 2 20140721
554 0 109 20140829
555 12 21 75 2 20150601
556 55 70 5 20151108
557 25 0 20140711
558 23 2 17 1 20150515
559 107 65 2 20150613
560 3 2 63 0 20150614
561 25 82 20150702
562 23 0 20140414
563 3 1 20140611
564 104 2 20140809
565 70 20140924
566 2 37 4 20141205
567 58 49 5 20150121
568 22 0 19 6 20150305
569 49 3 59 7 20150521
570 1 4 65 37 8 20150911
571 8 2 19 20150930
572 130 0 20140206
573 6 37 20140405
574 8 4 70 2 20150114
575 3 23 63 3 20151015
576 69 0 20140508
577 74 1 20140826
578 107 90 70 59 20141028
579 79 3 20141130
580 4 20150514
581 42 1 50 71 20150808
582 4 24 21 24 70 72 37 6 20151011
583 43 44 58 0 20141005
584 139 1 20141107
585 64 21 57 2 20150610
586 22 3 20151204
587 24 3 20151205
588 55 50 20140528
589 18 11 20150816
590 18 44 35 2 20150918
591 21 20141220
592 73 59 1 20150715
593 18 13 43 2 20151019
594 21 69 73 3 20151104
595 30 18 16 4 20151111
596 1 134 20140427
597 15 1 20140927
598 23 2 20141027
599 0 25 3 20150915
600 17 68 20151010
601 28 118 5 20151110
602 49 4 20140206
603 26 1 20140610
604 1 36 153 2 20150504
605 73 3 20151222
606 19 74 20140223
607 43 39 65 1 20150627
608 16 20150704
609 25 0 20140619
610 7 20150329
611 65 2 20150614
612 25 0 10 3 20150930
613 37 16 0 20140116
614 13 1 20140130
615 2 20140317
616 4 38 3 20140728
617 112 4 20140909
618 37 5 20141028
619 44 49 20 120 20150113
620 7 7 20150401
621 23 37 23 20150629
622 10 0 20140213
623 75 1 20140428
624 9 37 20140825
625 21 3 20150719
626 0 17 18 20150906
627 48 18 1 6 1 20150910
628 42 14 20140317
629 16 1 20140526
630 24 44 20140802
631 37 24 6 35 20150822
632 26 4 20151214
633 4 128 20140613
634 4 23 11 1 20150225
635 4 2 20150321
636 2 3 20151228
637 50 44 1 16 20141016
638 3 135 20141216
639 24 39 50 2 20150222
640 79 10 0 23 21 11 102 3 20150402
641 57 0 20140112
642 7 1 20140212
643 4 2 20140530
644 2 3 20140923
645 8 37 13 20141107
646 24 39 49 17 20150116
647 135 17 20150621
648 63 100 20140619
649 2 1 20150129
650 8 35 135 20150720
651 8 6 16 3 20151119
652 28 0 20140831
653 23 4 1 20150617
654 2 2 20150618
655 3 1 68 3 20150819
656 16 0 20140718
657 0 1 20140725
658 23 23 20140921
659 39 17 53 20150306
660 1 4 3 4 20150825
661 162 20140414
662 50 158 20140421
663 102 114 90 2 20140707
664 79 2 20141009
665 2 64 20141025
666 2 5 20150125
667 28 61 20150324
668 4 3 82 7 20150624
669 0 28 33 8 20150827
670 8 65 20150906
671 3 45 0 20141207
672 16 1 20150430
673 49 23 10 70 2 20150726
674 6 24 1 3 20151106
675 10 69 20141109
676 47 1 20141212
677 14 2 20141213
678 8 10 14 3 20150310
679 63 3 20150419
680 0 79 14 5 20150524
681 8 7 94 158 113 20150121
682 65 1 20150210
683 6 70 0 20140807
684 15 37 49 38 1 20150718
685 1 68 20150926
686 21 0 20140228
687 117 1 20140624
688 27 11 20140809
689 22 37 20140911
690 20 69 0 61 4 20150930
691 37 35 127 5 20151103
692 37 143 0 20140316
693 26 1 20140721
694 27 2 20140802
695 45 18 4 157 3 20150208
696 20 44 20150329
697 8 1 31 5 20150801
698 2 0 20140402
699 0 23 20140501
700 21 49 151 2 20140511
701 3 59 0 21 3 20150608
702 77 70 4 20150824
703 10 0 20140104
704 1 1 20140425
705 9 1 20141007
706 113 153 20141120
707 6 17 20150519
708 18 118 7 3 69 20150609
709 27 0 20140116
710 3 49 20140411
711 36 52 160 2 20140505
712 49 3 20140622
713 0 4 20141114
714 1 82 24 19 5 20150101
715 10 49 24 11 6 20150217
716 4 44 88 137 7 20150316
717 24 113 20150916
718 28 0 42 0 20150121
719 39 24 34 38 1 20150225
720 9 2 20150319
721 18 18 0 2 20150518
722 24 0 20140904
723 11 1 20141223
724 21 16 113 70 2 20150307
725 28 6 34 57 1 117 64 3 20150527
726 57 4 20150925
727 3 11 20141016
728 90 36 19 20141125
729 1 75 20141205
730 26 18 70 14 31 20150531
731 70 1 20140519
732 65 37 20141218
733 8 37 3 2 20150123
734 44 3 20150511
735 27 4 20150609
736 46 69 7 10 5 20150630
737 72 49 6 20150919
738 28 69 7 20151207
739 82 69 20140718
740 113 20140720
741 6 136 2 20150716
742 1 21 20150827
743 49 0 20140114
744 151 1 20140623
745 59 2 20140725
746 15 3 20141219
747 22 4 20141224
748 23 5 20150305
749 157 6 20150621
750 3 72 48 4 14 7 20150628
751 7 8 20150722
752 69 1 0 20140812
753 24 1 20150417
754 18 15 134 20150803
755 4 0 20150625
756 6 0 20150210
757 8 20 20150605
758 6 15 20150917
759 149 113 0 20150217
760 0 1 20151004
761 69 0 20141029
762 22 154 43 20141030
763 11 145 20141211
764 24 3 20150507
765 37 74 63 4 20150602
766 35 133 163 0 20140411
767 16 1 20140604
768 24 2 20141107
769 24 71 20150217
770 38 57 20 34 4 20150308
771 47 59 20150617
772 18 48 37 90 73 6 20150622
773 56 2 20140202
774 68 0 20140602
775 59 68 20141120
776 48 3 20150214
777 24 3 20150430
778 3 5 20151206
779 48 137 0 20140328
780 70 1 20141205
781 20 2 20150219
782 44 3 20150522
783 2 2 20151028
784 1 21 5 20151209
785 70 0 20140226
786 21 114 20150111
787 1 2 20150228
788 73 3 20150408
789 1 45 20150824
790 16 3 20141204
791 4 70 20150105
792 21 75 2 20150410
793 6 3 20150514
794 47 2 20150622
795 3 73 20151225
796 9 1 0 20140218
797 44 20140713
798 17 2 20140723
799 1 3 20150718
800 1 4 20150912
801 60 110 20150916
802 49 67 69 73 6 20150929
803 1 124 20140705
804 37 26 1 20140926
805 3 2 20150409
806 23 1 4 20150421
807 24 4 20150828
808 44 1 23 20140105
809 44 1 20150309
810 59 1 2 2 20150320
811 18 10 17 17 20151206
812 27 58 36 34 20140204
813 2 1 20140702
814 17 2 20150117
815 120 0 20140705
816 18 1 20151126
817 32 2 20151211
818 30 37 20141226
819 4 20150305
820 35 2 20150420
821 68 3 20150719
822 4 74 74 20140901
823 1 1 20150207
824 1 2 20150316
825 24 17 26 20150512
826 17 0 20140529
827 50 13 20150227
828 6 7 4 1 20150401
829 1 3 20150624
830 6 6 18 58 113 69 59 4 20150828
831 26 0 20140822
832 18 1 20150422
833 21 21 20140530
834 69 1 20140913
835 3 48 20150417
836 24 0 20140624
837 6 162 1 20150321
838 28 2 20151017
839 10 0 20140413
840 24 1 20140712
841 153 2 20141123
842 59 20150406
843 2 4 20150419
844 17 80 0 20140101
845 55 1 20140307
846 37 2 20140418
847 100 4 68 20140506
848 76 1 74 4 20141105
849 20 33 84 20141216
850 53 1 3 121 20150404
851 4 7 20151110
852 1 38 0 20150302
853 20 77 1 20150522
854 1 126 14 17 20150606
855 61 20150627
856 107 4 20150817
857 20 45 20140627
858 36 20150205
859 22 20150313
860 17 3 20150515
861 43 0 20140717
862 34 25 141 1 20150516
863 6 2 20150623
864 8 70 20150728
865 21 13 70 0 20140205
866 15 10 20141018
867 7 2 20141114
868 7 40 112 20150128
869 6 6 3 1 20150303
870 133 5 20150821
871 3 6 20150909
872 43 24 20140807
873 44 1 20140906
874 49 2 20150421
875 44 13 20150708
876 21 0 20140415
877 2 4 23 20150314
878 7 2 20150412
879 3 20151129
880 17 20140330
881 73 17 1 20140418
882 69 68 20150123
883 48 3 20150225
884 3 44 20150724
885 63 0 20151228
886 24 23 20140416
887 2 65 20140419
888 73 37 82 2 20140504
889 1 78 20150410
890 51 4 20150509
891 18 5 20150731
892 75 34 6 20150914
893 4 25 98 50 20151028
894 113 0 20140815
895 3 1 20140912
896 59 2 20150420
897 48 52 20140511
898 56 17 20140605
899 4 37 2 20141016
900 44 20150428
901 48 0 20140415
902 8 1 20150220
903 43 103 20141130
904 1 1 20141202
905 143 35 2 20150221
906 25 3 20151114
907 24 4 20151201
908 11 137 20140827
909 84 1 20141218
910 18 2 20150517
911 22 103 20150525
912 7 74 20150801
913 1 5 20150812
914 37 99 33 0 20140909
915 17 1 20150117
916 25 2 20150308
917 22 82 3 20150514
918 74 0 20140410
919 4 43 1 20140830
920 26 2 20150801
921 17 3 20150816
922 0 4 20150913
923 22 5 20151010
924 73 16 161 20141019
925 22 6 20150106
926 8 51 20150426
927 1 68 4 118 20140401
928 118 73 20140419
929 16 2 20140422
930 49 118 91 3 20140620
931 41 4 20150107
932 3 37 20150414
933 43 37 6 20150712
934 6 7 20150802
935 8 8 20150808
936 24 70 20140301
937 2 63 1 20150227
938 16 2 20150804
939 24 25 20150913
940 18 4 20151204
941 2 0 20140407
942 73 73 72 1 20140928
943 0 2 20150606
944 33 3 20150917
945 14 0 20140603
946 17 1 20140916
947 59 2 20150226
948 11 20140731
949 3 31 1 20140818
950 24 1 20150705
951 50 17 20140106
952 95 70 1 20140407
953 37 2 20140630
954 7 3 20140731
955 44 4 20150116
956 25 16 5 20150801
957 1 6 20151007
958 45 24 20140808
959 4 49 20150121
960 10 39 16 20150701
961 8 145 20140117
962 44 40 20140617
963 21 39 82 2 20150205
964 22 3 20151023
965 29 28 6 23 37 4 20151216
966 123 43 0 20140515
967 65 43 20140614
968 4 102 20140722
969 1 3 20140813
970 70 20140926
971 106 9 4 88 5 20150103
972 6 6 20150506
973 27 7 20151001
974 40 0 20140923
975 72 22 3 35 20150514
976 5 37 20151104
977 37 0 20140311
978 10 1 20140427
979 16 13 20141217
980 65 0 20150127
981 20 20150614
982 58 0 20140715
983 3 0 65 59 21 21 1 20150608
984 10 2 20150712
985 16 3 20150817
986 8 20150831
987 23 5 20151229
988 24 0 20150807
989 53 65 20150924
990 1 0 20140101
991 20 23 20140630
992 24 2 20140911
993 150 3 20150620
994 133 43 20140404
995 1 1 20140430
996 118 2 20140711
997 7 25 20150624
998 18 18 20150721
999 1 5 20150728
1000 37 6 20150811
1001 4 56 1 82 7 20151113
1002 128 70 20140924
1003 19 1 20141022
1004 2 2 20150221
1005 49 1 37 1 127 37 34 3 20150706
1006 49 18 74 4 20150724
1007 48 5 20151122
1008 77 0 20140110
1009 0 1 20140620
1010 72 2 20140814
1011 63 3 20140824
1012 37 44 20150212
1013 48 5 20150222
1014 37 72 144 0 20140128
1015 16 16 20150904
1016 126 2 73 0 20150623
1017 43 1 20151004
1018 106 91 0 20140105
1019 75 20140117
1020 7 14 82 20141115
1021 54 20150512
1022 14 4 20150618
1023 99 5 20150821
1024 56 95 103 0 20140408
1025 87 1 20140614
1026 72 44 20140729
1027 88 3 20140818
1028 3 0 19 49 4 20150122
1029 159 5 20150710
1030 6 20150720
1031 6 70 20140407
1032 23 64 1 20141020
1033 6 2 20141108
1034 7 3 20150128
1035 6 4 20151127
1036 43 5 20151224
1037 1 0 20140204
1038 18 4 20140310
1039 55 55 20140522
1040 45 3 20140902
1041 8 21 23 113 4 20150112
1042 18 37 44 114 5 20150620
1043 18 37 20151115
1044 23 118 20141120
1045 27 65 20150127
1046 8 6 2 20150622
1047 38 0 37 0 20140607
1048 57 16 1 20140630
1049 107 70 2 20150402
1050 48 3 20151204
1051 68 113 20140303
1052 35 31 1 20140603
1053 2 20140621
1054 43 3 20140817
1055 3 43 4 20150425
1056 127 1 5 20150911
1057 4 6 20151016
1058 11 10 0 20141010
1059 8 1 20150407
1060 63 23 2 20150621
1061 68 3 20151123
1062 21 0 20140127
1063 7 43 20140424
1064 9 34 20140526
1065 25 76 3 20140611
1066 22 90 4 20141108
1067 90 5 20141130
1068 57 6 20150106
1069 35 82 20150806
1070 0 8 20151102
1071 16 0 20140217
1072 24 39 20150928
1073 9 43 2 20151027
1074 1 3 20151218
1075 56 60 11 0 20140606
1076 35 4 13 1 20140730
1077 1 2 20150614
1078 16 3 20150723
1079 75 4 20150928
1080 0 25 7 17 75 5 20151129
1081 3 124 124 0 20140610
1082 118 20150107
1083 74 2 20150130
1084 72 3 3 20150226
1085 72 4 20150703
1086 102 19 20151111
1087 14 51 59 20140602
1088 37 10 4 20150109
1089 59 2 20150419
1090 1 44 20150905
1091 9 1 20151006
1092 8 0 20150718
1093 68 20151130
1094 118 0 20141009
1095 3 68 1 20141011
1096 4 2 20150401
1097 56 16 20151130
1098 82 0 20140123
1099 133 1 20140902
1100 24 2 20150505
1101 3 70 37 20140424
1102 17 1 20140525
1103 21 2 20150815
1104 44 0 20140219
1105 63 1 20140305
1106 3 2 20140328
1107 16 20141118
1108 35 4 20150818
1109 57 94 20140211
1110 2 50 20140512
1111 6 2 20150107
1112 45 3 20150320
1113 34 20140408
1114 70 1 20141013
1115 4 2 20141228
1116 18 17 20150215
1117 6 60 20150605
1118 24 49 5 20151128
1119 15 1 0 20140719
1120 27 1 20150403
1121 3 74 0 20140131
1122 74 158 20140724
1123 69 2 20140819
1124 22 3 20150111
1125 13 73 4 20150302
1126 4 5 20150425
1127 20 0 20140419
1128 50 1 20140509
1129 22 2 20150611
1130 1 3 20151214
1131 68 0 20140707
1132 118 1 20140824
1133 37 2 20141105
1134 70 44 20150629
1135 85 116 20150811
1136 8 0 20151013
1137 58 23 20150413
1138 7 6 14 82 91 118 68 1 20151112
1139 118 70 20140520
1140 18 10 20141124
1141 58 56 44 11 2 20150115
1142 59 20150307
1143 37 4 20150611
1144 24 0 21 3 20150626
1145 22 6 20150825
1146 18 7 20151012
1147 29 2 20150607
1148 3 0 23 6 44 1 38 144 1 20151227
1149 4 0 20150609
1150 22 52 20150709
1151 37 59 0 20140214
1152 30 1 20140906
1153 38 2 20141022
1154 26 3 20141223
1155 77 4 20150210
1156 1 39 20150508
1157 19 6 20150726
1158 4 7 20150916
1159 4 0 20150327
1160 49 72 1 135 20140713
1161 82 128 20141023
1162 18 21 20151116
1163 1 10 0 20140610
1164 21 4 20141215
1165 2 2 20150108
1166 21 3 20150511
1167 43 1 78 4 20150717
1168 25 14 20150918
1169 65 76 20151021
1170 137 0 20140824
1171 63 79 1 20140920
1172 17 2 20141002
1173 43 3 20141108
1174 2 4 20150128
1175 55 13 0 20140305
1176 37 1 20140831
1177 4 2 20140904
1178 21 20150112
1179 4 4 20150223
1180 7 5 20150507
1181 8 53 20150719
1182 4 59 20150825
1183 76 145 0 20141010
1184 74 1 20141013
1185 40 2 20150119
1186 1 3 20150120
1187 21 4 20150913
1188 37 28 20151025
1189 133 0 20140118
1190 3 26 20141114
1191 24 16 20150207
1192 3 20150502
1193 37 0 20150308
1194 82 20151010
1195 22 37 19 2 20151129
1196 9 3 20140524
1197 17 21 20140807
1198 18 16 20150406
1199 21 20151110
1200 151 71 0 20140514
1201 16 1 20140922
1202 31 2 20150225
1203 20 3 20150517
1204 24 0 20140310
1205 113 1 20140622
1206 22 1 20150522
1207 11 23 20140724
1208 2 1 20141007
1209 81 118 20150131
1210 3 20150319
1211 59 20150522
1212 13 5 20150530
1213 3 37 21 132 70 37 40 6 20151025
1214 18 7 20151222
1215 1 50 20141008
1216 20 2 135 1 20150728
1217 79 2 20150815
1218 4 3 20151128
1219 1 118 20140309
1220 65 1 1 20140707
1221 61 2 20150418
1222 53 0 20140729
1223 17 43 1 20141124
1224 22 4 3 20150516
1225 2 17 3 20150526
1226 55 49 4 20150625
1227 16 25 20150630
1228 35 6 20151129
1229 1 0 20140302
1230 21 70 1 20141211
1231 8 19 20150910
1232 67 59 3 20151019
1233 21 20151107
1234 16 1 20151111
1235 2 20151122
1236 6 123 20140929
1237 20 16 20150327
1238 24 2 20150508
1239 28 24 121 20150921
1240 22 68 20140921
1241 21 90 72 20150131
1242 1 58 0 20141109
1243 56 3 1 20150701
1244 23 0 20140302
1245 11 50 20140418
1246 125 4 2 20140421
1247 0 37 4 20150422
1248 9 114 20150615
1249 18 0 20140520
1250 116 33 1 20150527
1251 48 7 13 131 2 20150820
1252 103 0 3 20151227
1253 79 0 20140525
1254 3 8 4 3 1 20150830
1255 5 43 2 20150921
1256 65 19 68 20150925
1257 39 39 20151127
1258 22 3 44 5 20151223
1259 37 0 20140608
1260 6 23 71 20150416
1261 20 43 2 20150827
1262 44 20150922
1263 15 4 20151028
1264 20 77 0 20140404
1265 17 68 74 1 20140524
1266 66 40 2 20140606
1267 1 157 154 20140914
1268 9 94 34 20150622
1269 22 17 20140904
1270 1 1 20141214
1271 1 14 2 20150121
1272 82 20 35 3 20150225
1273 4 20151025
1274 11 0 20140310
1275 44 58 1 20150104
1276 3 37 26 73 43 2 20150401
1277 8 4 3 20150426
1278 42 4 20150510
1279 21 5 20150629
1280 68 0 20140626
1281 63 20140928
1282 1 2 20150107
1283 18 48 3 20150209
1284 24 37 4 20150409
1285 3 3 99 0 20141111
1286 29 4 1 20151230
1287 17 65 20141226
1288 63 3 20150207
1289 12 68 2 20150830
1290 58 0 20140123
1291 3 73 20140220
1292 13 2 20140307
1293 21 70 20141010
1294 21 4 20150121
1295 45 17 14 20150530
1296 115 6 20151123
1297 112 67 0 20140725
1298 10 1 20141226
1299 0 149 75 2 20150322
1300 6 4 3 20150515
1301 9 16 20151119
1302 17 14 20140412
1303 4 1 20141019
1304 18 4 2 20150702
1305 94 0 20140330
1306 12 1 20140831
1307 1 37 128 20150501
1308 65 3 20150702
1309 82 0 20140123
1310 20 76 20140131
1311 70 2 20140504
1312 84 3 20141103
1313 69 4 20150418
1314 6 78 5 20150713
1315 24 4 6 20151106
1316 81 0 20150421
1317 0 100 1 20150430
1318 23 4 20150729
1319 29 3 20150901
1320 18 8 37 4 20151130
1321 11 98 20140218
1322 23 95 20140903
1323 68 2 20141022
1324 24 22 72 3 20150201
1325 1 21 20150311
1326 64 5 20150617
1327 62 58 6 20150627
1328 55 75 1 4 7 20151118
1329 18 135 0 20140106
1330 3 121 1 20140207
1331 2 20140211
1332 53 3 20140523
1333 73 4 20140624
1334 52 81 5 20140626
1335 131 6 20140706
1336 3 114 13 7 20141225
1337 6 60 82 20151004
1338 63 37 9 20151108
1339 19 0 20140128
1340 2 1 20140622
1341 87 2 20140626
1342 1 1 20140708
1343 65 68 118 23 20141110
1344 49 63 21 5 20150302
1345 1 16 6 20150606
1346 22 35 20150608
1347 56 49 60 114 20150619
1348 65 0 20140218
1349 9 44 1 20150113
1350 117 38 2 20150305
1351 98 3 20150923
1352 67 0 20140617
1353 22 22 1 1 20150112
1354 3 4 65 2 20150323
1355 20 59 3 20150923
1356 15 50 20140717
1357 18 37 4 20150306
1358 3 23 2 20150820
1359 7 21 15 20150802
1361 70 0 20140321
1362 0 1 20140601
1363 49 17 4 2 20141205
1364 6 18 3 20150125
1365 24 6 20150206
1366 27 5 20150707
1367 1 6 20150729
1368 72 7 20151118
1369 1 0 20141004
1370 0 1 20141020
1371 56 21 20141106
1372 63 15 3 20150814
1373 63 25 70 20151229
1374 3 4 20140114
1375 64 122 1 20150212
1376 4 31 24 20150629
1377 69 76 0 20140728
1378 37 11 20140921
1379 18 34 2 20150123
1380 24 0 20140120
1381 7 94 20150302
1382 0 17 3 2 20150311
1383 6 48 0 20140322
1384 10 1 20140809
1385 18 82 2 20150528
1386 15 0 20140429
1387 73 87 20140830
1388 49 64 20140917
1389 3 3 20150108
1390 25 63 4 20150519
1391 8 135 95 20150926
1392 103 64 20140413
1393 102 113 20141018
1394 28 2 20150306
1395 0 3 20150317
1396 37 113 71 20150411
1397 37 74 5 20150722
1398 67 23 20140614
1399 10 35 20140722
1400 49 1 59 20150211
1401 23 3 20150407
1402 13 4 20150419
1403 3 0 20140414
1404 4 1 20140517
1405 4 3 13 2 20140726
1406 9 39 5 30 113 3 20150121
1407 9 17 20150625
1408 8 5 20151015
1409 65 10 6 20151228
1410 0 95 0 20150323
1411 22 65 45 0 37 23 1 20151123
1412 21 0 20140523
1413 16 11 1 20150127
1414 59 0 20150126
1415 7 25 21 20150312
1416 18 82 1 2 20151130
1417 3 1 20140417
1418 14 131 1 1 20141013
1419 7 11 2 20141203
1420 64 3 20141224
1421 18 4 4 20150516
1422 1 5 20150821
1423 37 6 20151025
1424 50 36 38 0 20140627
1425 66 13 1 20150418
1426 43 2 20150526
1427 106 73 20150723
1428 88 4 20151228
1429 5 0 20140510
1430 21 4 1 20140827
1431 71 2 20150312
1432 20 20150313
1433 7 0 20150121
1434 37 1 20150411
1435 120 2 20150502
1436 21 4 3 20150929
1437 60 70 4 20151106
1438 57 37 0 20150517
1439 9 22 43 20150630
1440 41 61 2 20151122
1441 56 73 0 20150524
1442 55 0 20140409
1443 3 0 120 20150403
1444 68 20150508
1445 70 20140615
1446 72 26 20150323
1447 3 57 22 71 20150419
1448 13 155 3 20151115
1449 4 4 0 20140110
1450 1 1 20140927
1451 6 99 2 20150621
1452 34 0 20140115
1453 113 1 20140330
1454 3 13 2 20140702
1455 5 3 20141229
1456 18 38 4 20150402
1457 24 21 58 78 20150822
1458 39 4 0 20150721
1459 72 0 20140205
1460 10 1 20140602
1461 17 2 20141110
1462 37 3 20141204
1463 3 4 20141213
1464 68 1 5 20150725
1465 20 49 17 6 20151206
1466 37 4 7 20151229
1467 99 0 20140518
1468 17 1 20141014
1469 21 2 20141031
1470 23 3 20150205
1471 36 39 20150319
1472 4 69 5 20150724
1473 75 6 20150806
1474 1 7 20150828
1475 17 3 20140812
1476 4 20141121
1477 18 20 2 20150208
1478 0 37 35 20150426
1479 16 4 20151218
1480 114 19 20140106
1481 3 69 20140620
1482 9 94 2 20151227
1483 25 77 20141221
1484 8 70 74 20150917
1485 100 2 20151122
1486 19 0 20140417
1487 50 36 1 20150126
1488 4 2 20150409
1489 25 53 3 20150704
1490 56 77 0 20140612
1491 11 1 20141021
1492 69 7 2 20150311
1493 26 0 20140111
1494 52 91 20140507
1495 56 59 20140608
1496 17 14 20140715
1497 0 6 4 20150309
1498 22 5 20150430
1499 68 6 20150618
1500 1 7 20151202
1501 22 3 20140117
1502 12 14 73 20140710
1503 99 2 20150813
1504 69 20150816
1505 1 70 4 20151128
1506 88 20140819
1507 20 44 1 20150726
1508 6 43 70 20140721
1509 6 120 20140902
1510 17 75 73 20150902
1511 69 3 20151208
1512 9 17 95 19 20140125
1513 31 1 20140315
1514 68 2 20141203
1515 92 43 3 20150206
1516 37 22 4 20150330
1517 1 5 20151128
1518 1 0 20140712
1519 44 49 1 20140928
1520 17 74 2 20150128
1521 153 3 20150218
1522 32 83 3 11 4 20150429
1523 11 5 20150512
1524 81 6 20151216
1525 55 0 20140109
1526 59 73 20140914
1527 4 78 2 20140920
1528 98 3 20140929
1529 6 69 20141119
1530 8 113 20150524
1531 37 2 6 20151007
1532 9 7 20151104
1533 37 4 20150108
1534 16 44 68 43 1 20150119
1535 35 124 2 20150503
1536 9 3 20150511
1537 57 31 11 20150711
1538 13 0 20140619
1539 44 1 20141014
1540 69 20141031
1541 2 23 3 20141122
1542 6 74 69 20150406
1543 17 37 0 20140531
1544 19 1 20141107
1545 18 37 2 20141214
1546 43 9 2 20150204
1547 18 48 20150502
1548 3 5 20150707
1549 34 6 20151108
1550 6 0 20140201
1551 79 37 1 20140301
1552 0 17 11 20150326
1553 1 3 20150814
1554 8 37 3 20150920
1555 73 64 0 20140608
1556 24 70 1 20140828
1557 21 2 20141012
1558 18 1 3 20150530
1559 17 4 20150531
1560 56 4 20150703
1561 37 0 20140116
1562 72 1 20150902
1563 8 6 2 20151004
1564 67 20151021
1565 2 82 75 20140107
1566 71 130 1 20150111
1567 23 2 20150320
1568 15 0 20141210
1569 72 16 1 20150121
1570 143 0 20140925
1571 153 145 1 20150210
1572 1 0 20140131
1573 3 7 1 20150805
1574 75 20140314
1575 113 117 20140616
1576 4 1 2 20150110
1577 0 0 20140327
1578 23 10 49 1 20140622
1579 153 2 20141005
1580 25 69 20150508
1581 8 37 113 20151017
1582 16 5 20151203
1583 1 0 20141022
1584 118 1 20151114
1585 21 69 2 20151228
1586 55 2 0 20150124
1587 48 69 1 20150319
1588 37 13 20150511
1589 20 6 76 26 26 128 43 20150517
1590 1 4 20151208
1591 73 1 72 20151025
1592 76 0 20140110
1593 74 1 20150428
1594 78 2 20150730
1595 88 3 20151106
1596 3 31 4 74 20140307
1597 17 1 20140911
1598 37 2 20150604
1599 37 20151103
1600 22 63 75 48 4 20151122
1601 88 153 0 20150818
1602 127 0 20140315
1603 21 19 68 20140603
1604 23 1 20140620
1605 120 3 20140727
1606 44 4 20140830
1607 16 18 16 5 20150205
1608 71 4 6 20150617
1609 60 7 20151123
1610 1 8 20151201
1611 17 49 9 20151218
1612 144 0 20140726
1613 77 61 20141119
1614 84 2 20141229
1615 2 73 20150126
1616 4 127 4 20150211
1617 77 0 20140517
1618 17 1 20141222
1619 31 43 2 20150619
1620 9 3 20150726
1621 94 0 20140201
1622 70 27 20140702
1623 82 59 2 20150313
1624 10 3 20150420
1625 1 0 20140107
1626 6 17 1 20151228
1627 23 110 0 20151111
1628 0 0 20150621
1629 23 3 20150907
1630 8 145 2 20151211
1631 23 0 20140908
1632 16 19 20141112
1633 0 16 73 20150408
1634 22 3 20150527
1635 18 1 4 20140207
1636 37 20141212
1637 8 37 2 20150120
1638 7 82 20150414
1639 44 4 20150502
1640 23 0 20140419
1641 106 114 20140428
1642 4 16 2 20151110
1643 21 16 0 20150526
1644 2 20150820
1645 17 95 20140627
1646 36 4 13 1 20141114
1647 25 2 20150303
1648 17 127 3 20150403
1649 19 26 0 20141104
1650 16 17 1 20141209
1651 63 2 20150201
1652 20 3 20150531
1653 3 79 4 20150823
1654 9 34 0 20150308
1655 39 65 1 20150311
1656 127 22 82 11 20151010
1657 25 0 20140130
1658 38 1 20140426
1659 25 50 50 20150129
1660 73 15 20150213
1661 0 49 63 43 20151102
1662 3 1 37 20150419
1663 29 68 0 20140203
1664 61 1 20140628
1665 10 2 20150128
1666 4 44 3 20150610
1667 44 4 20150727
1668 2 24 26 5 20150902
1669 43 113 20140128
1670 2 17 1 20140523
1671 24 38 153 20141011
1672 136 3 20150108
1673 3 4 20150315
1674 28 24 5 20150706
1675 141 33 68 20140113
1676 44 17 20140708
1677 22 2 20140824
1678 18 55 20150430
1679 1 4 20150828
1680 0 91 5 20150903
1681 19 0 20140607
1682 37 1 20140729
1683 16 0 2 20150301
1684 118 3 20150426
1685 49 13 20140627
1686 3 147 20140824
1687 127 2 20141027
1688 1 3 20150126
1689 22 4 20150806
1690 15 5 5 20151225
1691 79 79 0 20140401
1692 16 1 20141217
1693 18 116 20150524
1694 18 2 0 4 48 19 3 20150904
1695 43 69 4 20151106
1696 64 63 0 20150121
1697 26 21 73 20150524
1698 113 0 20140825
1699 21 20141216
1700 49 4 2 20150420
1701 0 65 139 3 20150720
1702 49 10 4 20151003
1703 6 99 74 0 20140118
1704 6 20140306
1705 23 2 20150515
1706 23 24 122 17 20150619
1707 65 39 4 20150822
1708 9 21 20150930
1709 0 141 11 6 20151001
1710 49 3 7 20151011
1711 0 20 0 20140728
1712 17 18 68 3 149 1 20150508
1713 20 4 19 20150601
1714 17 3 20150615
1715 2 19 20151208
1716 21 40 20140719
1717 48 135 1 20150119
1718 107 155 2 20151013
1719 21 0 20140408
1720 68 1 20141107
1721 9 82 2 20150116
1722 37 73 20150128
1723 56 4 20150401
1724 24 41 20150813
1725 58 82 6 20151015
1726 21 3 20140307
1727 0 31 20140504
1728 59 2 20140714
1729 19 3 20141011
1730 115 4 37 4 20150312
1731 18 3 5 20151210
1732 4 0 20140710
1733 3 4 37 1 20140731
1734 103 43 20150725
1735 20 21 11 20151006
1736 65 77 0 20150103
1737 48 0 20140228
1738 1 1 20141118
1739 26 37 2 20150424
1740 21 40 20140111
1741 55 37 1 20150121
1742 8 11 20150215
1743 17 37 0 20150429
1744 90 70 1 20150628
1745 6 4 1 2 20150918
1746 81 26 37 20151028
1747 50 3 20151204
1748 35 0 20140525
1749 74 73 73 1 20140605
1750 68 2 20140815
1751 11 44 20141127
1752 37 77 4 20150708
1753 65 78 5 20150803
1754 114 70 37 6 20150923
1755 8 73 20140117
1756 73 14 1 20141201
1757 75 50 59 20150418
1758 2 35 82 19 23 3 20151113
1759 1 37 20140412
1760 17 4 20150428
1761 34 122 4 0 20140801
1762 0 6 4 1 20150114
1763 1 2 20150306
1764 68 11 20150320
1765 23 0 20140206
1766 15 128 20140713
1767 22 46 2 20141115
1768 56 3 20150704
1769 79 55 20150803
1770 26 0 20140930
1771 3 19 16 14 20141226
1772 2 2 20150505
1773 52 3 20150614
1774 56 4 20151106
1775 24 5 20151128
1776 1 13 20140721
1777 58 1 20150115
1778 1 23 1 2 20150616
1779 76 1 20150621
1780 1 69 98 20151014
1781 10 0 20140314
1782 4 1 20140512
1783 17 3 2 20150331
1784 73 3 20150407
1785 0 4 20150501
1786 11 0 20140401
1787 13 121 1 20140620
1788 14 45 2 20140926
1789 4 8 100 3 20150106
1790 18 4 20150308
1791 1 5 20150321
1792 65 2 20150307
1793 2 3 58 18 4 2 3 1 20150717
1794 3 100 20151001
1795 40 0 20140913
1796 6 19 1 20150225
1797 0 11 20150318
1798 24 3 20150517
1799 1 4 103 4 20150602
1800 8 7 56 114 1 44 35 34 5 20151011
1801 13 0 20140304
1802 37 70 20150114
1803 77 2 20150524
1804 9 24 20151023
1805 9 4 20151116
1806 0 82 0 20141211
1807 3 0 128 1 20150730
1808 14 0 20151012
1809 16 23 20151117
1810 34 4 20151123
1811 0 102 37 5 20151207
1812 17 0 20150203
1813 1 1 20150401
1814 26 2 20150706
1815 4 20151220
1816 37 59 20141003
1817 14 1 20150320
1818 8 2 20150323
1819 135 0 20140925
1820 21 1 20150625
1821 6 2 20151221
1822 21 0 20140213
1823 0 43 69 1 20140720
1824 63 2 20140809
1825 23 20150722
1826 31 4 20150812
1827 35 5 20150827
1828 1 2 74 6 20151110
1829 3 31 0 20140417
1830 1 57 37 112 1 20150422
1831 6 2 20150426
1832 14 3 20150502
1833 39 4 20150705
1834 1 26 11 20150826
1835 1 57 20151210
1836 75 21 7 20151226
1837 33 0 20140216
1838 69 70 20140312
1839 17 33 2 20140531
1840 24 19 20150613
1841 82 33 20150624
1842 3 5 20150927
1843 2 35 20140416
1844 68 1 20150611
1845 1 2 0 2 20150708
1846 4 49 3 17 121 17 63 3 20151208
1847 59 0 20140501
1848 137 1 20140715
1849 18 19 20140912
1850 21 3 20150125
1851 28 0 20150214
1852 0 82 16 1 20150707
1853 58 49 1 62 20150813
1854 78 3 20151030
1855 49 0 20140513
1856 21 1 20140519
1857 22 2 20150110
1858 18 2 19 20150513
1859 63 0 20140130
1860 82 1 20140622
1861 39 2 20150621
1862 44 3 20151128
1863 21 23 20140315
1864 17 102 1 20140505
1865 44 2 20140619
1866 49 24 11 20141206
1867 3 4 20150317
1868 90 4 20141023
1869 1 26 79 1 20150507
1870 6 2 20150916
1871 0 3 56 130 113 35 43 3 20151010
1872 18 48 20150215
1873 37 0 20150430
1874 59 2 20151001
1875 6 0 20140224
1876 17 65 34 20140730
1877 3 2 20141102
1878 33 69 3 20141109
1879 28 4 20150206
1880 1 5 20150315
1881 107 6 20150504
1882 18 3 69 44 23 7 20150703
1883 0 68 77 8 20150915
1884 23 4 53 0 104 114 24 9 20151019
1885 21 49 20141013
1886 3 1 20150317
1887 4 2 20150906
1888 24 44 20151031
1889 49 54 0 20140117
1890 1 1 20141127
1891 49 2 20150427
1892 73 0 20140518
1893 70 1 20140531
1894 22 17 17 100 20150201
1895 4 3 20150213
1896 134 34 0 20140423
1897 2 20140820
1898 23 2 20150304
1899 18 16 3 20150920
1900 57 20151001
1901 53 69 20140312
1902 0 20 20150111
1903 37 2 20150217
1904 6 39 20150311
1905 21 0 20140413
1906 122 1 20140817
1907 11 2 20150422
1908 1 3 20151229
1909 37 102 20150813
1910 21 15 20141216
1911 4 1 20150616
1912 8 82 20150721
1913 13 0 20140104
1914 95 1 20140415
1915 4 6 94 13 2 20150118
1916 0 6 20150311
1917 44 113 20140202
1918 49 20140321
1919 4 2 20140506
1920 20 43 20140912
1921 82 4 20140915
1922 74 5 20150722
1923 59 20151126
1924 124 70 20140103
1925 22 1 20140406
1926 4 16 82 2 20140706
1927 49 20140905
1928 3 4 20141222
1929 2 5 20141230
1930 16 25 20150303
1931 1 5 23 157 162 7 20150505
1932 62 13 37 20151121
1933 8 18 12 17 49 9 20151206
1934 1 0 20140218
1935 16 1 20140802
1936 77 142 20140903
1937 13 3 20151128
1938 37 65 3 20140304
1939 25 1 20140404
1940 43 2 20140617
1941 25 37 3 20140722
1942 6 4 20150807
1943 49 2 20140208
1944 21 138 1 20140529
1945 11 4 2 20140613
1946 113 20140928
1947 16 4 20150216
1948 18 50 20140202
1949 103 1 20141030
1950 2 20150717
1951 49 3 3 20150830
1952 7 7 4 20150929
1953 22 16 159 20150228
1954 50 22 20150821
1955 43 0 20141112
1956 10 1 20150211
1957 28 59 20150616
1958 1 3 20150906
1959 18 1 73 17 20150913
1960 41 5 20151010
1961 37 0 20140727
1962 36 69 1 20140926
1963 57 2 20141210
1964 7 37 44 10 20151117
1965 6 20151228
1966 7 7 20150104
1967 4 141 3 82 20150802
1968 23 2 20150828
1969 133 0 20140928
1970 16 1 20141203
1971 37 153 20150726
1972 88 3 20150829
1973 49 4 20151228
1974 1 0 20140206
1975 3 77 20141019
1976 18 16 1 37 99 2 20150304
1977 59 3 20150316
1978 1 4 20150606
1979 26 1 20150627
1980 1 113 20140605
1981 1 1 20140607
1982 79 2 20140725
1983 114 49 3 20150131
1984 4 4 20150516
1985 74 5 20150905
1986 121 89 0 20140407
1987 14 68 20140415
1988 16 2 20140804
1989 18 17 11 20150314
1990 9 73 20150530
1991 37 94 20150603
1992 49 100 11 20140608
1993 18 1 20151030
1994 2 6 2 20151112
1995 6 19 0 20140203
1996 4 114 20140409
1997 21 2 20140425
1998 13 48 20140516
1999 4 20140524
2000 20 5 20140713
2001 57 82 16 6 20140823
2002 21 20150419
2003 18 128 141 8 20151201
2004 50 149 0 20141020
2005 4 1 20150424
2006 56 2 20150605
2007 1 63 20151023
2008 3 0 20140313
2009 63 1 20150415
2010 19 0 20150810
2011 17 0 20150214
2012 8 1 20150222
2013 18 18 20150919
2014 17 37 0 20141208
2015 16 17 20150201
2016 77 0 20140123
2017 21 4 4 1 20140215
2018 44 69 2 20140514
2019 21 3 20150325
2020 118 4 20150620
2021 8 1 1 5 20150921
2022 24 22 40 21 125 6 20151021
2023 6 157 20140502
2024 124 70 20140525
2025 4 11 20140604
2026 21 3 20140715
2027 0 3 20140928
2028 0 15 19 20150103
2029 36 20150615
2030 3 20151029
2031 0 8 20151103
2032 43 4 20140205
2033 18 1 20140507
2034 1 2 20140606
2035 79 113 34 20141001
2036 56 35 1 4 20150828
2037 49 5 20151221
2038 21 0 20140321
2039 0 1 20141023
2040 2 2 20150215
2041 2 16 20150808
2042 63 4 20151014
2043 5 26 0 20140114
2044 4 1 20140521
2045 2 20141004
2046 22 11 20141029
2047 37 21 23 4 20141225
2048 113 5 20141228
2049 26 21 20150624
2050 35 7 26 7 20150827
2051 17 42 20140424
2052 49 100 1 20141206
2053 2 32 120 13 113 137 141 2 20150808
2054 49 37 20151126
2055 50 0 20150212
2056 16 1 20150522
2057 3 2 20151016
2058 0 0 20140509
2059 58 34 16 20140804
2060 1 2 20140904
2061 68 30 3 20141121
2062 1 4 20150330
2063 23 3 20150817
2064 114 0 20140117
2065 49 20150217
2066 8 2 20150223
2067 8 71 20150322
2068 55 1 27 20150409
2069 0 88 65 5 20150527
2070 2 17 6 20150628
2071 36 0 20140707
2072 24 95 22 127 49 4 1 20150721
2073 22 4 39 2 20151023
2074 4 3 20151106
2075 6 28 24 74 3 17 1 65 4 20151109
2076 4 5 20151202
2077 27 68 20140220
2078 122 75 1 20140224
2079 99 2 20140519
2080 79 24 20140911
2081 6 4 20150614
2082 3 2 68 20150807
2083 3 6 20151205
2084 0 20140112
2085 100 4 20141207
2086 28 52 130 2 20150118
2087 6 3 20150301
2088 8 4 20151102
2089 79 0 20140330
2090 4 113 1 20140404
2091 24 2 20140524
2092 21 26 37 3 20140809
2093 8 4 20150319
2094 1 16 20151124
2095 97 74 122 0 20140130
2096 73 43 20140302
2097 10 2 20141124
2098 87 3 20150121
2099 8 4 20150124
2100 28 0 20150929
2101 3 10 20151101
2102 3 2 20151229
2103 63 0 20140729
2104 8 8 2 1 20150223
2105 16 2 20150523
2106 3 36 20150607
2107 1 122 1 20150620
2108 25 68 0 20140314
2109 18 1 20140608
2110 24 2 20140731
2111 7 64 20150326
2112 20 126 20151203
2113 0 53 0 20141216
2114 100 1 20150613
2115 3 2 20150807
2116 70 3 20150927
2117 69 4 0 20140512
2118 49 1 20141203
2119 48 12 20150327
2120 1 3 20150426
2121 6 4 20151011
2122 0 0 20140122
2123 25 1 20140131
2124 1 2 20141217
2125 57 3 20150131
2126 23 0 20140528
2127 18 21 1 20150315
2128 141 2 20150625
2129 23 3 20151105
2130 28 0 20150318
2131 4 0 20141001
2132 1 4 36 37 1 20150212
2133 8 55 20150318
2134 22 6 117 73 3 20150716
2135 47 3 26 4 4 20151222
2136 43 0 20140524
2137 24 136 13 1 20140812
2138 18 2 20150801
2139 17 0 20151014
2140 19 0 20140130
2141 16 19 20150330
2142 26 1 2 20151209
2143 56 0 20151224
2144 79 20150220
2145 50 1 20151024
2146 4 27 16 89 102 2 20151124
2147 44 16 3 0 20140524
2148 74 1 20150304
2149 44 2 20151119
2150 52 68 20140827
2151 99 1 20140913
2152 64 2 20150512
2153 16 21 1 26 3 20150721
2154 22 15 4 20150927
2155 35 0 20140704
2156 2 61 20140806
2157 63 2 20141119
2158 70 61 3 20141225
2159 0 82 20150515
2160 64 5 20150605
2161 24 6 20150805
2162 59 7 20150922
2163 18 8 20151010
2164 1 1 102 9 20151121
2165 56 0 20140418
2166 130 1 20140802
2167 53 2 20150124
2168 40 3 20150322
2169 73 17 20150702
2170 47 17 16 5 20150725
2171 19 0 20150831
2172 12 0 20140310
2173 18 1 20140603
2174 23 2 20150603
2175 1 3 20151219
2176 1 0 20140419
2177 22 43 1 20150323
2178 9 21 17 20150324
2179 4 3 20150507
2180 37 37 20151215
2181 2 80 0 20140105
2182 1 1 20140424
2183 153 2 20140804
2184 26 3 20141030
2185 25 4 20141201
2186 0 44 20150518
2187 1 6 20150606
2188 44 0 20140203
2189 23 1 20141031
2190 95 2 20150617
2191 77 3 20150707
2192 9 0 6 4 20151021
2193 81 5 20151211
2194 73 0 20150608
2195 22 39 20150526
2196 6 2 20150606
2197 6 4 20141027
2198 8 1 20150131
2199 0 2 20150507
2200 56 17 17 3 20151103
2201 153 13 20140217
2202 3 1 20141220
2203 139 2 20150716
2204 1 18 1 17 153 83 3 20151001
2205 2 17 20151116
2206 10 5 0 20140731
2207 103 1 20140924
2208 13 61 2 20150227
2209 17 3 20150525
2210 77 19 4 20150617
2211 20 38 61 5 20150812
2212 34 11 20150902
2213 61 7 20150910
2214 158 0 20140828
2215 3 4 20141107
2216 23 2 20150522
2217 49 0 20140301
2218 82 20141123
2219 21 0 20150408
2220 21 114 0 20140301
2221 15 20140327
2222 63 70 2 20140422
2223 0 3 20140430
2224 21 4 20150216
2225 50 0 20140103
2226 56 2 20140113
2227 11 38 17 2 20140125
2228 17 17 20141019
2229 0 4 20150401
2230 19 5 20150425
2231 21 78 4 6 20150614
2232 4 62 20150627
2233 103 82 20140122
2234 1 1 20141211
2235 17 9 16 1 33 38 20150512
2236 82 3 20151001
2237 13 36 13 20151205
2238 36 0 20140210
2239 9 1 20140916
2240 19 17 20150116
2241 1 3 17 16 81 3 20150209
2242 16 1 20150528
2243 16 44 15 5 20151203
2244 2 0 20140221
2245 23 1 20140509
2246 4 4 20141009
2247 18 21 3 20150619
2248 0 2 20151121
2249 1 1 2 58 94 70 5 5 20151124
2250 1 0 20140318
2251 69 14 20141030
2252 56 1 70 114 2 20150307
2253 9 3 20150505
2254 8 4 20150612
2255 43 5 20150622
2256 23 6 20151018
2257 11 0 20140725
2258 0 1 20141129
2259 22 2 20150111
2260 4 1 20140401
2261 62 20150206
2262 1 2 20150301
2263 9 20150708
2264 26 20140712
2265 4 1 20140902
2266 43 2 20140926
2267 20 3 20150525
2268 28 98 20150612
2269 41 9 9 63 3 59 58 20150824
2270 37 37 20140828
2271 1 20150813
2272 18 2 20151011
2273 10 3 20151104
2274 7 4 20140226
2275 64 1 20140513
2276 0 79 2 20150101
2277 24 17 4 1 20150228
2278 53 40 20150531
2279 44 5 20150821
2280 2 19 6 20151004
2281 17 0 20150315
2282 22 4 130 20140824
2283 27 1 20141031
2284 16 90 21 20150423
2285 24 3 20150721
2286 132 20150731
2287 3 35 20140106
2288 14 1 20140413
2289 112 2 20140920
2290 6 0 20150302
2291 23 4 20150428
2292 21 0 20140714
2293 4 1 20150127
2294 16 2 20150218
2295 20 9 20150905
2296 3 20140101
2297 17 1 20140107
2298 30 2 20140406
2299 73 3 20140530
2300 34 4 20140702
2301 23 21 20141107
2302 18 6 20150207
2303 12 3 20150922
2304 15 48 8 20151007
2305 23 37 0 20140611
2306 82 1 20150215
2307 7 117 2 20150425
2308 4 20150906
2309 4 26 0 20140512
2310 43 73 20140526
2311 29 20150131
2312 58 3 20150808
2313 18 81 17 0 20150401
2314 1 1 20150810
2315 110 2 20151227
2316 65 103 20140706
2317 36 1 20150611
2318 56 37 73 2 20150924
2319 2 0 20140315
2320 2 1 20140529
2321 57 7 20140802
2322 10 3 20140930
2323 3 73 20141217
2324 1 5 20150804
2325 7 20150829
2326 38 0 20140129
2327 102 1 20140204
2328 70 2 20140508
2329 27 3 20150624
2330 157 4 20151016
2331 74 0 20140802
2332 23 10 20141124
2333 44 2 20150411
2334 73 68 3 20150821
2335 21 99 13 49 20150613
2336 37 7 20150917
2337 17 128 44 127 20150315
2338 22 1 20150828
2339 124 0 20140521
2340 73 1 20140705
2341 42 2 20141203
2342 82 3 20150412
2343 2 2 75 4 20150527
2344 68 5 20151005
2345 6 0 20140601
2346 11 2 20140621
2347 26 2 20150815
2348 37 0 20140614
2349 3 18 0 35 95 1 20150405
2350 6 2 20150608
2351 50 24 52 20140415
2352 22 1 20150121
2353 3 0 20140111
2354 5 4 20150606
2355 6 2 20151021
2356 34 49 20140108
2357 1 1 20140114
2358 99 20140704
2359 123 3 20140925
2360 2 20150510
2361 0 5 20150622
2362 13 6 16 31 6 20150726
2363 21 7 20150831
2364 4 20150923
2365 103 37 0 20140512
2366 23 1 20141011
2367 117 33 20141217
2368 8 3 20150529
2369 24 19 36 23 20150810
2370 22 56 20150929
2371 16 65 20151016
2372 141 0 20140226
2373 69 1 20140524
2374 70 2 20140606
2375 16 3 20141221
2376 8 4 20150412
2377 18 63 137 99 49 10 5 20150919
2378 39 6 20151127
2379 49 20140306
2380 2 1 20140714
2381 16 2 20140822
2382 26 20150127
2383 17 26 20140116
2384 16 1 20140331
2385 60 63 20141105
2386 1 74 43 20150322
2387 0 63 20150329
2388 17 5 20150826
2389 77 77 0 20140906
2390 18 1 20150723
2391 68 1 65 27 20140822
2392 49 1 20150903
2393 1 2 20150922
2394 1 0 20140514
2395 3 1 20141029
2396 18 122 20150215
2397 2 19 20150628
2398 6 16 4 4 20150822
2399 20 127 0 20140804
2400 95 3 20141108
2401 6 2 20150618
2402 21 20151017
2403 9 4 20151230
2404 78 0 20140518
2405 1 1 20140710
2406 3 2 20141024
2407 26 3 20150602
2408 65 4 20150826
2409 68 113 0 20141001
2410 0 1 20141011
2411 52 2 20151211
2412 1 20150305
2413 20 22 20150408
2414 4 0 13 2 20150720
2415 10 17 20140722
2416 67 103 20150127
2417 48 2 20150212
2418 10 3 20150324
2419 3 35 24 82 20150527
2420 22 5 20150807
2421 70 0 20140423
2422 73 1 20140606
2423 22 2 20151127
2424 17 0 20140201
2425 16 1 20150218
2426 18 16 20150502
2427 4 0 20150122
2428 6 20150321
2429 69 74 20150601
2430 3 3 20150614
2431 0 20151230
2432 10 0 20140210
2433 2 20140424
2434 44 114 20141216
2435 22 53 3 20150802
2436 44 0 20150814
2437 1 122 20140318
2438 24 10 69 1 20150411
2439 10 46 20151023
2440 49 44 3 20151112
2441 4 0 20140102
2442 9 20150306
2443 1 2 20150401
2444 21 55 20150501
2445 60 4 20151017
2446 8 37 63 5 20151020
2447 59 6 20151104
2448 134 17 20140228
2449 114 113 20140402
2450 59 37 2 20141023
2451 1 23 99 3 20141110
2452 9 133 20150813
2453 1 5 20150922
2454 69 20151107
2455 22 59 63 20140818
2456 37 1 20140915
2457 22 2 20150629
2458 31 0 20140805
2459 10 1 1 20141027
2460 37 2 20150201
2461 1 65 3 20150825
2462 21 16 20141122
2463 70 58 17 20141202
2464 10 4 2 20150826
2465 11 21 20150929
2466 1 0 20140307
2467 9 1 20150430
2468 74 61 0 20140205
2469 52 17 58 1 20141229
2470 1 45 2 20150323
2471 2 107 20150521
2472 6 0 20141019
2473 74 9 20150115
2474 18 2 20150320
2475 58 135 3 20150908
2476 2 18 2 70 20151028
2477 45 5 20151122
2478 47 0 20140820
2479 20 1 20150518
2480 3 2 20151218
2481 48 17 0 20140405
2482 19 1 20140703
2483 155 2 20141010
2484 56 3 20150812
2485 3 0 20140317
2486 74 113 20150104
2487 63 59 20150508
2488 50 20151228
2489 17 0 20140328
2490 2 17 4 1 20140427
2491 24 2 20150315
2492 1 40 44 20140211
2493 9 25 1 20150518
2494 43 2 20150710
2495 130 3 20151102
2496 3 64 0 20140331
2497 18 123 20140414
2498 22 70 20140531
2499 133 16 20140730
2500 79 87 4 20140826
2501 4 9 20150508
2502 4 118 21 20150624
2503 2 7 20151219
2504 37 0 20140330
2505 37 16 95 20140707
2506 52 19 36 4 2 20150226
2507 1 3 20150520
2508 24 21 40 4 20150712
2509 25 4 20151018
2510 1 73 20140127
2511 64 1 20140912
2512 17 2 20150129
2513 24 3 20151108
2514 2 21 2 88 20151223
2515 56 0 20140530
2516 17 73 20140802
2517 26 2 20140828
2518 2 43 11 20141212
2519 21 4 20150218
2520 0 62 37 5 20150418
2521 4 0 20140105
2522 1 1 20140206
2523 113 11 20140720
2524 21 3 20140828
2525 28 4 20150215
2526 1 5 20150813
2527 7 43 0 20140102
2528 7 16 20141108
2529 73 20141210
2530 16 3 20150114
2531 18 39 20150612
2532 17 25 10 23 20150707
2533 17 6 20150809
2534 3 7 20151020
2535 106 8 20151114
2536 3 73 9 20151223
2537 17 17 0 20140404
2538 21 1 20140728
2539 17 2 20140823
2540 18 21 20150122
2541 74 4 20150207
2542 8 5 20150319
2543 52 29 24 37 129 20150328
2544 22 7 20150807
2545 7 6 1 8 20151103
2546 29 39 70 75 16 9 20151123
2547 37 0 20140914
2549 23 37 80 2 20150524
2550 13 3 20150601
2551 44 37 20140108
2552 30 80 1 20140302
2553 8 37 1 1 33 20150610
2554 9 7 20150629
2555 82 4 20150825
2556 0 0 20141030
2557 21 2 20141115
2558 17 2 20150619
2559 18 3 20151023
2560 56 0 20140616
2561 14 44 20150702
2562 3 69 20141020
2563 73 0 20150413
2564 17 1 26 2 20150712
2565 50 3 20150724
2566 17 0 20140330
2567 22 79 20150224
2568 8 47 24 20 12 73 44 120 82 20150615
2569 3 3 20151223
2570 157 0 20140327
2571 24 11 1 20141025
2572 106 45 39 2 20150128
2573 24 11 20151009
2574 59 20151024
2575 21 74 20140718
2576 3 1 20150810
2577 57 0 20140226
2578 6 28 20150916
2579 5 70 20140730
2580 114 1 20150218
2581 1 2 20150309
2582 56 3 20150927
2583 28 31 20140711
2584 43 24 20140806
2585 52 2 20140901
2586 39 107 20150227
2587 8 19 20150824
2588 8 5 20151028
2589 26 6 20150419
2590 0 18 28 21 23 45 37 1 20150510
2591 65 43 43 20140307
2592 68 1 20150608
2593 73 26 20140224
2594 102 1 20140520
2595 1 2 20140605
2596 10 89 3 20140618
2597 18 4 20141018
2598 18 44 5 20150217
2599 43 6 20150621
2600 114 53 7 20150819
2601 20 4 50 1 68 17 37 8 20150830
2602 10 9 20151122
2603 80 0 20140131
2604 57 20140729
2605 21 58 23 20141016
2606 20 3 20150101
2607 3 4 20150214
2608 102 5 20150816
2609 65 14 20140405
2610 27 52 1 20140817
2611 4 2 20141027
2612 24 3 20150708
2613 52 8 64 19 4 20151123
2614 151 76 20140311
2615 16 1 20140406
2616 28 17 20140412
2617 4 3 20140921
2618 0 4 20150527
2619 8 5 20150827
2620 2 124 17 6 20150831
2621 22 1 3 20150910
2622 39 8 20150920
2623 2 25 20151103
2624 5 59 0 20140105
2625 3 1 20140210
2626 21 2 20140327
2627 118 3 20141112
2628 2 79 20150104
2629 22 4 20150722
2630 3 6 20151215
2631 11 112 20140301
2632 7 1 20151113
2633 21 0 20140125
2634 52 21 121 1 20140207
2635 1 2 20140209
2636 12 78 3 20140811
2637 1 4 20150125
2638 10 5 20150323
2639 18 6 20150608
2640 24 7 20150612
2641 1 52 20140508
2642 37 70 3 1 20150108
2643 86 55 20151012
2644 49 1 20140713
2645 4 141 69 20150420
2646 25 2 20150427
2647 37 3 20151128
2648 98 45 20140123
2649 162 70 26 1 20140612
2650 3 44 162 2 20140805
2651 45 3 20150707
2652 0 18 20151220
2653 4 148 0 20141010
2654 4 64 20141018
2655 4 20141020
2656 21 3 3 20141230
2657 3 74 20150630
2658 65 10 20140627
2659 3 1 20141024
2660 102 23 2 20141204
2661 18 16 20150113
2662 7 4 20150830
2663 3 0 20140712
2664 17 1 20140722
2665 2 2 20141109
2666 28 4 20150406
2667 56 56 20150408
2668 18 63 4 5 20150826
2669 8 1 68 11 6 20151110
2670 20 0 20150115
2671 8 1 20150124
2672 37 8 37 79 16 74 17 20150326
2673 18 72 20150426
2674 26 4 20150824
2675 25 70 0 20140205
2676 63 48 20140208
2677 4 2 20140703
2678 1 3 20140817
2679 8 4 20141120
2680 57 11 5 20150906
2681 0 6 20151104
2682 3 48 20140817
2683 113 1 20141107
2684 13 73 74 2 20150215
2685 7 116 3 20150320
2686 18 22 4 4 20150608
2687 4 16 20150713
2688 22 10 20150528
2689 17 1 20150813
2690 69 2 20151023
2691 78 0 20140616
2692 19 20141203
2693 56 2 20141227
2694 49 1 0 1 95 37 3 20150327
2695 18 4 20150705
2696 24 5 20150722
2697 1 77 20151105
2698 2 7 20151114
2699 57 8 20151201
2700 1 9 20151204
2701 6 0 20150129
2702 7 1 20150222
2703 141 72 62 101 20140521
2704 37 118 20141023
2705 68 45 20141027
2706 7 20150803
2707 22 10 113 26 4 20150905
2708 18 27 20150518
2709 22 49 20150528
2710 4 72 20150719
2711 8 3 20150911
2712 18 122 49 4 20151129
2713 6 0 20140610
2714 0 35 1 20141206
2715 33 2 20150218
2716 6 3 20150528
2717 3 4 20150908
2718 79 19 82 137 5 20151009
2719 73 6 20151114
2720 0 70 45 0 20140417
2721 95 19 20140831
2722 2 2 20140910
2723 44 3 20141219
2724 21 4 20151117
2725 56 22 20151119
2726 132 0 20140722
2727 11 1 20141120
2728 118 2 20150418
2729 9 4 10 4 36 82 3 20150421
2730 50 3 118 20150519
2731 61 5 20150526
2732 18 21 20150904
2733 17 0 20140506
2734 8 16 1 20150202
2735 56 56 1 84 20150524
2736 28 117 20150720
2737 60 0 20140429
2738 20 0 20150227
2739 1 100 0 20141110
2740 7 1 20150318
2741 73 0 20140403
2742 9 1 20150411
2743 17 2 20150904
2744 17 3 20151024
2745 3 3 43 2 20151117
2746 4 44 20140119
2747 11 1 20140131
2748 37 76 2 20141029
2749 130 3 20141126
2750 25 4 20150225
2751 0 135 20150407
2752 21 32 20150825
2753 28 0 20150801
2754 16 20150823
2755 22 2 20150914
2756 6 3 20151114
2757 70 0 20141225
2758 21 1 20150720
2759 28 2 20150814
2760 25 3 20141107
2761 99 64 26 1 20150818
2762 2 2 20150819
2763 0 3 20150821
2764 25 95 20140211
2765 15 1 20140221
2766 4 2 20140616
2767 27 79 20140803
2768 8 14 20150510
2769 70 0 20150313
2770 21 0 20140224
2771 49 6 32 11 115 1 20150210
2772 24 2 20150618
2773 25 43 94 20140505
2774 10 1 20140930
2775 25 79 20150103
2776 1 3 20150203
2777 7 20151029
2778 1 0 20140127
2779 82 1 20140422
2780 3 0 20150323
2781 4 18 44 1 15 82 17 3 20150422
2782 63 4 20151224
2783 25 0 20140127
2784 16 20140415
2785 16 2 20140613
2786 50 3 20150223
2787 17 4 20150926
2788 3 5 20151003
2789 3 1 96 20140616
2790 20 25 59 1 20150703
2791 69 0 20140907
2792 49 48 20150803
2793 20 45 2 20151011
2794 38 0 20140828
2795 17 1 20140904
2796 6 1 4 60 0 20150123
2797 23 20 43 3 124 17 68 3 20150509
2798 6 4 20150515
2799 20 53 20150905
2800 83 3 20140216
2801 46 1 20140228
2802 4 118 2 20140712
2803 37 3 20150218
2804 17 4 20150502
2805 26 2 20151202
2806 1 118 116 20140114
2807 20 37 20140123
2808 0 4 20141105
2809 31 94 20141225
2810 7 50 20151027
2811 8 0 20151113
2812 22 40 7 37 12 75 48 0 20150412
2813 9 11 20150628
2814 113 49 0 20140213
2815 70 1 20140619
2816 2 2 20140715
2817 3 64 1 3 20150208
2818 69 0 20150412
2819 1 20150912
2820 106 69 103 20140314
2821 6 82 20140805
2822 88 2 20141110
2823 9 20150428
2824 22 4 20150510
2825 0 73 20151103
2826 7 44 20140417
2827 3 82 20140509
2828 2 20141128
2829 56 20151204
2830 65 0 20140308
2831 140 70 20140429
2832 56 2 20141108
2833 70 3 20141114
2834 59 1 20150125
2835 23 64 20151208
2836 37 0 20140215
2837 68 1 20140508
2838 43 1 20150515
2839 18 2 3 20150807
2840 1 70 0 20140307
2841 2 17 20140430
2842 10 144 61 1 20150606
2843 20 1 21 95 95 19 20151014
2844 3 20151216
2845 56 3 5 20151229
2846 62 0 20140125
2847 2 1 20150514
2848 98 9 4 20150707
2849 65 120 3 20150925
2850 21 0 20140718
2851 1 1 20150504
2852 48 2 20150610
2853 37 3 20150924
2854 51 23 20140208
2855 4 2 20140409
2856 65 2 20141203
2857 8 59 20150408
2858 1 44 20140302
2859 20 16 20140414
2860 4 2 20150117
2861 33 3 20150125
2862 0 4 20150128
2863 31 3 5 20150615
2864 37 0 20140514
2865 16 1 20140517
2866 100 13 96 2 20140916
2867 8 3 20150608
2868 110 28 21 1 20150623
2869 4 0 20140203
2870 69 1 20150818
2871 116 20151104
2872 0 3 20151111
2873 52 0 20141104
2874 3 1 20141113
2875 73 2 20141203
2876 20 3 20150613
2877 22 127 4 15 4 20150728
2878 23 5 20150807
2879 58 6 20151009
2880 48 3 24 7 20151020
2881 94 8 20151129
2882 7 0 20141105
2883 1 56 1 20150510
2884 12 20141117
2885 37 1 20150118
2886 4 21 20150627
2887 10 70 20140814
2888 127 20150928
2889 47 2 20151104
2890 35 1 20140911
2891 127 1 20150922
2892 0 2 20150928
2893 50 0 20140308
2894 11 1 20140723
2895 4 141 20140923
2896 67 3 20141113
2897 16 4 20151129
2898 7 56 20150130
2899 0 15 20150929
2900 4 95 20140331
2901 1 20140407
2902 55 63 20140803
2903 159 3 20140822
2904 44 102 1 20141013
2905 93 5 20141017
2906 7 73 135 49 1 20150910
2907 8 7 20151017
2908 36 18 64 1 20151021
2909 3 9 20151205
2910 4 69 20140319
2911 4 1 20140627
2912 9 2 20150617
2913 8 23 20150822
2914 37 0 20150125
2915 91 19 0 20140106
2916 88 1 20141104
2917 50 2 20150307
2918 22 1 20150313
2919 0 37 50 20150623
2920 4 0 20141013
2921 3 20150305
2922 17 68 20150720
2923 6 16 3 20151107
2924 21 51 20140407
2925 49 20140917
2926 23 2 20140924
2927 28 61 20150202
2928 1 10 20150705
2929 4 5 20150830
2930 6 2 20150205
2931 4 1 20150309
2932 8 68 20150907
2933 0 3 20151009
2934 119 4 20151104
2935 3 74 20140429
2936 25 1 20141014
2937 73 77 2 20150914
2938 31 3 20150915
2939 23 0 20150617
2940 3 1 20151123
2941 23 19 0 20140405
2942 68 1 20140504
2943 3 2 20141016
2944 13 3 20150401
2946 43 23 5 20150426
2947 3 6 20151109
2948 117 0 20150211
2949 4 35 20150424
2950 28 2 20150620
2951 9 37 3 20150709
2952 37 4 20150810
2953 1 0 20140115
2954 43 27 20140207
2955 4 143 20140328
2956 65 17 3 20140625
2957 43 4 20140708
2958 22 5 20151030
2959 19 70 0 20140216
2960 43 1 20140529
2961 82 2 20140530
2962 87 3 20150529
2963 113 37 4 20150827
2964 65 4 20151215
2965 0 20140221
2966 17 73 118 1 20140228
2967 18 2 20140927
2968 14 129 3 20141030
2969 37 4 20141123
2970 20 5 20150428
2971 6 20151117
2972 1 37 37 20140712
2973 0 20140828
2974 10 2 20141013
2975 24 43 20141113
2976 1 4 20150713
2977 99 5 20150827
2978 1 17 70 20140119
2979 10 26 20140518
2980 65 8 72 2 20150226
2981 18 7 73 20150511
2982 0 1 20151019
2983 8 63 5 20151128
2984 6 4 20150304
2985 44 19 20151027
2986 37 2 20151104
2987 1 0 20140808
2988 135 1 20150731
2989 7 22 20150913
2990 23 0 20140415
2991 50 68 20141025
2992 0 2 20150223
2993 56 3 20150312
2994 23 1 20151202
2995 69 0 20140409
2996 68 1 20140528
2997 15 17 20140709
2998 60 3 20150513
2999 9 17 63 17 58 102 32 4 20151104
3000 3 62 20151230
3001 2 0 20140723
3002 82 1 20150511
3003 1 21 4 17 65 26 63 2 20150621
3004 9 3 20150908
3005 6 3 20140122
3006 17 1 20140810
3007 4 2 20141027
3008 20 71 20150419
3009 9 4 20150812
3010 49 5 20150904
3011 8 24 20151026
3012 1 0 20140903
3013 4 51 20141010
3014 26 69 68 2 20150710
3015 16 3 20151002
3016 3 0 20140623
3017 8 1 20151023
3018 0 20140203
3019 3 20140727
3020 43 2 20141106
3021 4 20150709
3022 73 4 20151107
3023 82 95 0 20140108
3024 17 1 20140118
3025 39 2 20140826
3026 2 49 20141201
3027 21 37 26 20150212
3028 5 20150913
3029 3 49 20140422
3030 6 20140829
3031 7 2 20151009
3032 9 17 20151025
3033 7 4 20151202
3034 21 75 75 0 20140208
3035 4 1 20140311
3036 35 2 20140604
3037 37 16 20141013
3038 0 19 20150203
3039 122 0 20140128
3040 21 43 20150831
3041 18 1 20151011
3042 82 0 20140413
3043 0 70 20140916
3044 31 2 20141031
3045 10 3 20150310
3046 23 4 20150727
3047 23 113 5 20150830
3048 3 0 20140522
3049 56 1 20140907
3050 94 2 20150830
3051 4 110 20140302
3052 6 21 20141111
3053 100 11 20141116
3054 7 42 27 23 3 20151012
3055 2 20151114
3056 3 0 20140123
3057 40 1 20140319
3058 43 2 20140607
3059 69 3 20141002
3060 17 45 4 20141003
3061 73 5 20141122
3062 1 6 20150214
3063 24 7 20150927
3064 29 21 3 25 79 20151104
3065 58 0 20140415
3066 82 1 20140512
3067 162 2 20140709
3068 39 3 20140922
3069 1 103 20141202
3070 15 5 20150109
3071 34 0 20140715
3072 52 1 20140903
3073 73 2 20140904
3074 56 1 20141002
3075 1 4 20150408
3076 18 23 1 20150826
3077 37 6 20151022
3078 2 0 20140507
3079 4 1 20150111
3080 3 1 15 12 2 20150615
3081 8 17 3 136 3 20150818
3082 2 60 4 4 20151127
3083 59 20140502
3084 23 20141017
3085 17 45 20141119
3086 4 20150919
3087 43 58 20140410
3088 4 12 20140501
3089 24 82 20140731
3090 9 72 13 3 20150406
3091 28 46 4 20150531
3092 48 34 20151007
3093 70 0 20140308
3094 3 20140718
3095 130 2 20140926
3096 2 34 20141204
3097 39 20141214
3098 124 5 20150608
3099 18 49 1 6 20150704
3100 44 7 20150809
3101 21 4 0 20140806
3102 4 36 20150107
3103 10 38 20150125
3104 24 77 20150518
3105 3 4 20150818
3106 22 69 20151229
3107 3 40 20140826
3108 3 118 20141026
3109 71 2 20141228
3110 1 1 20150817
3111 0 4 20150909
3112 114 5 20151120
3113 53 3 20140418
3114 21 1 20140716
3115 40 4 2 20150403
3116 23 3 20150430
3117 21 6 16 80 128 4 20151202
3118 0 0 20140815
3119 64 1 20140816
3120 6 2 20150223
3121 3 3 20151116
3122 19 0 20140718
3123 21 124 20140829
3124 88 2 20150813
3125 11 100 20140508
3126 1 1 20141016
3127 3 2 20151206
3128 20 23 19 20140216
3129 81 88 20150305
3130 24 15 6 2 20150327
3131 12 3 20151013
3132 72 0 20141114
3133 56 6 2 1 20150321
3134 2 20150331
3135 3 3 20150802
3136 23 0 20140901
3137 53 44 20140930
3138 65 21 2 20141117
3139 2 20141127
3140 26 4 20141203
3141 56 1 20150501
3142 8 73 6 20150502
3143 18 88 14 7 20150507
3144 1 17 8 20150701
3145 65 0 20150217
3146 2 58 1 20150324
3147 3 2 20150518
3148 84 0 20140302
3149 9 52 20140509
3150 72 2 20140630
3151 26 4 58 3 20140709
3152 52 4 20140917
3153 30 5 20140926
3154 37 6 20141111
3155 0 7 20150115
3156 73 21 20150923
3157 0 0 20140811
3158 29 1 20150611
3159 7 45 20151106
3160 2 71 0 20140304
3161 9 13 20140313
3162 3 2 20140625
3163 1 127 23 20141208
3164 75 16 72 4 20150702
3165 7 3 20151009
3166 70 0 20140327
3167 61 1 20140419
3168 2 2 20151218
3169 17 0 20140325
3170 74 1 20140523
3171 3 4 20140630
3172 20 70 3 20141019
3173 17 4 20151208
3174 9 13 20141230
3175 35 7 20150201
3176 102 2 20150712
3177 1 3 20150804
3178 0 22 20151018
3179 1 6 129 0 20150511
3180 8 1 20150720
3181 20 43 20150902
3182 2 88 27 20140402
3183 88 79 37 1 20140406
3184 43 135 20140711
3185 18 3 20150910
3186 23 0 20140303
3187 5 1 20141013
3188 16 2 20150701
3189 3 1 3 20151014
3190 21 12 20140425
3191 37 26 20140522
3192 21 2 20150129
3193 0 21 20150710
3194 7 22 11 4 20151108
3195 11 103 20140707
3196 9 4 20150508
3197 21 18 53 3 24 82 58 74 20150801
3198 3 3 20150803
3199 17 4 20151002
3200 37 0 20140430
3201 49 20140604
3202 6 2 20140828
3203 113 3 20140909
3204 52 78 20150607
3205 16 5 20150826
3206 126 6 20151115
3207 69 127 0 20140721
3208 39 1 20150507
3209 82 0 20140211
3210 1 1 20140806
3211 73 2 20141104
3212 48 48 20150226
3213 48 0 30 20150411
3214 73 0 20140529
3215 56 3 20140703
3216 82 2 20140720
3217 20 37 20141118
3218 67 4 20150310
3219 56 67 20150314
3220 1 6 20151217
3221 4 0 20140116
3222 129 1 20140305
3223 44 37 20140609
3224 17 16 3 20140903
3225 7 4 20150118
3226 0 4 5 20150910
3227 17 6 20150923
3228 1 0 20140101
3229 102 11 20140907
3230 18 146 20150120
3232 21 3 40 4 20150823
3233 1 10 20150916
3234 43 3 70 20140920
3235 6 1 20150602
3236 76 0 20141125
3237 65 3 20150208
3238 120 25 1 17 2 21 21 151 2 20150415
3239 24 21 20150425
3240 1 1 18 43 37 16 60 4 20150820
3241 135 16 88 34 20150821
3242 74 0 20140101
3243 135 1 20140705
3244 19 2 20141225
3245 17 3 20150310
3246 99 3 14 20150325
3247 8 16 20150807
3248 26 1 20151130
3249 69 69 20140423
3250 81 20140603
3251 74 4 20141205
3252 25 73 20150208
3253 50 3 20150824
3254 24 2 5 20151004
3255 18 43 0 20140722
3256 46 1 20140913
3257 20 2 20141208
3258 44 3 20150428
3259 0 4 20150515
3260 22 1 20150807
3261 17 161 20140602
3262 54 26 115 1 20140721
3263 1 4 20140822
3264 18 4 20150407
3265 8 4 20150607
3266 1 0 20140116
3267 135 20140330
3268 123 2 20141211
3269 63 20141228
3270 8 4 20150614
3271 3 16 20150731
3272 25 37 72 20140406
3273 20 81 1 20140705
3274 4 2 20140916
3275 0 3 20150407
3276 4 79 20140317
3277 14 1 20141110
3278 143 2 20150615
3279 7 21 32 43 3 20151110
3280 55 0 20140830
3281 9 16 19 95 20150416
3282 1 21 4 73 20150502
3283 91 3 20150731
3284 6 0 20140707
3285 15 1 20150224
3286 1 21 20150902
3287 55 0 20140901
3288 3 16 20140904
3289 30 2 20141105
3290 37 3 20150101
3291 22 4 20150612
3292 73 1 34 5 20150727
3293 38 6 20151130
3294 70 61 20140312
3295 50 20140531
3296 4 61 20150228
3297 21 3 20151226
3298 23 49 20140425
3299 2 107 1 20140508
3300 15 20140717
3301 68 79 3 20141007
3302 25 100 20150322
3303 39 5 20151213
3304 64 0 20140201
3305 4 17 20150103
3306 8 3 20151021
3307 49 34 3 20151022
3308 50 114 4 20151208
3309 21 0 20151110
3310 25 16 0 20140106
3311 96 1 20140210
3312 3 20150423
3313 0 17 20150508
3314 22 48 37 4 20151102
3315 102 0 20140507
3316 15 70 1 20141103
3317 1 2 20150109
3318 20 1 20150210
3319 16 23 4 20150911
3320 28 56 20150111
3321 72 1 20150405
3322 23 58 26 95 2 20150622
3323 48 6 0 163 100 37 20151115
3324 0 20150422
3325 33 0 20140528
3326 22 20151111
3327 10 19 129 2 20151116
3328 6 3 20151225
3329 122 0 20140421
3330 67 1 20140506
3331 8 2 20150814
3332 138 3 20151225
3333 21 4 20151229
3334 39 70 0 20140908
3335 9 17 1 20150320
3336 34 69 2 20150423
3337 24 65 20150704
3338 49 4 20150925
3339 18 5 20151001
3340 16 0 20140109
3341 114 1 20140124
3342 6 2 20140211
3343 53 3 20141223
3344 88 37 11 4 20150428
3345 1 23 20150617
3346 8 4 45 6 20150629
3347 2 7 20150821
3348 107 0 20140320
3349 49 1 20140410
3350 23 113 2 20150816
3351 56 36 20150903
3352 22 73 20151009
3353 103 0 20140118
3354 17 79 20140916
3355 1 3 20150404
3356 4 68 3 20150626
3357 3 4 20151025
3358 1 4 5 20151213
3359 26 0 20140105
3360 4 1 20140615
3361 0 2 20141022
3362 24 37 20150614
3363 6 8 57 4 20150625
3364 11 0 20141101
3365 9 52 20151031
3366 43 0 20140212
3367 15 43 20140301
3368 17 2 20140710
3369 21 3 20150411
3370 11 20150921
3371 21 5 20151201
3372 3 19 1 17 84 19 23 0 20150614
3373 82 1 20150815
3374 19 63 7 31 19 4 2 20150908
3375 2 1 73 20150924
3376 81 4 20151124
3377 2 0 20140223
3378 6 1 20140811
3379 5 20140905
3380 2 4 3 20141024
3381 1 110 20151022
3382 5 20151218
3383 56 75 20150501
3384 23 1 20150528
3385 21 24 50 99 20150712
3386 135 68 72 0 20140103
3387 8 1 20150116
3388 65 114 20150913
3389 39 17 88 3 20151018
3390 34 70 0 20140117
3391 1 1 20141024
3392 14 2 20141128
3393 18 56 0 10 20150222
3394 52 3 59 4 20150408
3395 1 121 70 5 20150823
3396 102 6 20150925
3397 9 7 20151207
3398 3 8 20151225
3399 21 23 20140310
3400 6 43 1 20140630
3401 21 109 114 20141215
3402 141 135 70 20150207
3403 6 4 20150228
3404 50 5 20150725
3405 1 95 20150815
3406 17 0 20140208
3407 65 103 55 20140303
3408 3 2 20140512
3409 118 3 20150306
3410 18 75 20150322
3411 1 43 20150402
3412 74 3 113 20140104
3413 145 37 1 20140607
3414 9 2 20140703
3415 4 3 20150719
3416 1 4 20150729
3417 79 58 5 20150813
3418 65 6 20151116
3419 4 0 20141103
3420 68 114 70 1 20150131
3421 21 20150925
3422 21 0 20140205
3423 1 1 20140605
3424 49 17 20140721
3425 24 3 20141211
3426 8 4 20150922
3427 88 74 5 20150928
3428 8 74 20151229
3429 25 3 20150913
3430 37 0 20140219
3431 48 98 20140422
3432 95 2 20141028
3433 20 3 20150408
3434 16 4 20150605
3435 65 0 20140712
3436 82 1 20140927
3437 50 4 70 2 20150302
3438 37 37 108 40 37 70 20150627
3439 3 4 20150924
3440 4 5 20151008
3441 29 6 20151204
3442 21 37 20140309
3443 8 1 20150705
3444 103 2 20150921
3445 49 64 20151106
3446 20 37 58 20151109
3447 114 45 20151128
3448 4 21 4 118 20140114
3449 44 1 20141220
3450 90 23 20150512
3451 55 3 20150714
3452 19 0 20140102
3453 8 1 20140316
3454 19 2 20140322
3455 6 4 3 20141014
3456 0 4 20151018
3457 0 0 20150327
3458 57 3 20150709
3459 2 49 20140820
3460 69 1 20141015
3461 21 2 20150227
3462 6 0 20140105
3463 22 1 20140324
3464 23 81 2 20140408
3465 25 11 1 14 20150610
3466 1 73 20151128
3467 26 0 20140214
3468 2 82 4 20140324
3469 70 2 20140916
3470 56 118 17 3 20140924
3471 22 22 20150430
3472 10 6 19 22 70 95 1 5 20150930
3473 23 0 20140609
3474 16 43 20140710
3475 21 6 20150117
3476 31 3 20150205
3477 49 4 20150525
3478 6 69 5 20150801
3479 114 0 20141121
3480 64 1 20141222
3481 3 33 2 20150519
3482 0 3 20150722
3483 7 34 74 4 20150820
3484 2 33 3 20150922
3485 18 2 6 20151009
3486 4 0 20140129
3487 1 1 20140426
3488 44 2 20141023
3489 0 3 20151026
3490 51 44 20150803
3491 24 92 20150930
3492 29 0 20140725
3493 36 1 20150314
3494 9 4 2 35 2 20150505
3495 6 3 20150821
3496 14 0 20140625
3497 11 1 20141220
3498 49 74 70 2 20150506
3499 63 0 20150808
3500 2 3 20150823
3501 21 110 5 20151029
3502 25 0 20140226
3503 59 11 20140605
3504 95 2 20140730
3505 3 75 3 20141003
3506 1 20141212
3507 18 15 5 20150226
3508 21 61 20150821
3510 61 37 17 1 20150710
3511 6 7 2 20150802
3512 37 6 20140423
3513 7 21 20150108
3514 28 19 16 2 20150117
3515 0 3 20150609
3516 74 4 20150905
3517 15 63 20151115
3518 1 76 0 20140801
3519 1 20150210
3520 35 2 20151027
3521 9 20151110
3522 103 20151217
3523 1 113 20140825
3524 55 49 43 103 1 20150102
3525 24 33 2 20150418
3526 24 3 20150916
3527 1 44 17 64 20140212
3528 33 20140325
3529 7 2 20140628
3530 37 0 16 20150823
3531 87 4 20151009
3532 1 0 20150212
3533 20 1 20150903
3534 3 0 20140920
3535 11 1 20141017
3536 3 2 20150505
3537 14 20151011
3538 4 20151130
3539 37 5 20151206
3540 15 40 0 20140331
3541 135 1 20140710
3542 113 73 20140820
3543 6 56 20150822
3544 18 39 4 20150920
3545 17 0 20140619
3546 68 20140621
3547 1 2 20150619
3548 113 3 20150917
3549 73 0 20140118
3550 27 20141101
3551 101 4 1 20150103
3552 6 20 20150622
3553 17 4 20150627
3554 35 49 5 20151205
3555 6 118 20140207
3556 65 1 20150304
3557 24 19 20150619
3558 1 37 21 23 123 16 0 3 20150825
3559 128 0 20140324
3560 3 1 20140801
3561 8 50 81 37 73 20150215
3562 78 19 3 20150305
3563 18 50 20150730
3564 63 5 20150823
3565 36 0 20140227
3566 26 25 20140328
3567 73 2 20150621
3568 2 29 17 3 13 11 3 20151119
3569 74 4 20151126
3570 1 0 20140219
3571 17 6 20150321
3572 59 2 20150825
3573 3 10 21 3 20151017
3574 37 0 20140104
3575 16 20140505
3576 2 20150722
3577 102 0 20140409
3578 3 1 20140519
3579 0 25 3 131 113 2 20150124
3580 25 3 20150218
3581 15 4 20150516
3582 16 5 20151226
3583 75 0 20141212
3584 99 1 20150426
3585 25 3 20150612
3586 6 18 68 6 3 20150625
3587 125 20140827
3588 90 1 20140903
3589 51 2 20150625
3590 20 3 20150928
3591 73 5 20151216
3592 0 20140724
3593 92 1 20150503
3594 22 2 20150920
3595 123 0 20140210
3596 59 70 20140315
3597 3 2 20151107
3598 65 0 20150112
3599 38 150 20140920
3600 39 19 1 20150326
3601 7 2 20150513
3602 0 3 20151011
3603 5 68 20151217
3604 1 51 20140629
3605 141 61 20140821
3606 3 2 20150222
3607 0 1 23 3 20150409
3608 6 11 20140325
3609 95 16 64 20140607
3610 9 2 20150203
3611 7 3 20150531
3612 39 117 135 20140602
3613 7 1 20140626
3614 48 43 64 2 20150714
3615 56 3 20151029
3616 1 0 20140402
3617 28 50 20140902
3618 22 39 20150106
3619 0 3 20151007
3620 26 43 0 20140109
3621 3 82 1 20140416
3622 23 2 20140610
3623 95 20140930
3624 4 4 20141225
3625 48 82 16 5 20150205
3626 26 6 20150502
3627 6 108 50 7 20151013
3628 9 49 20151031
3629 24 0 20140219
3630 29 1 20150128
3631 24 2 20150403
3632 18 1 20150515
3633 69 0 20140102
3634 16 1 20140212
3635 18 34 2 20140708
3636 28 153 1 20150606
3637 56 28 20151018
3638 17 5 20151209
3639 4 23 20140830
3640 40 1 20141006
3641 9 2 20150129
3642 0 3 20150224
3643 23 4 20151004
3644 49 5 20151206
3645 118 0 20140514
3646 6 75 20140921
3647 3 2 20150319
3648 4 118 20151016
3649 136 0 20140401
3650 10 1 20140720
3651 32 2 20140723
3652 35 20150101
3653 1 109 11 4 20150301
3654 73 21 20150725
3655 31 0 20141022
3656 7 1 20151019
3657 2 15 17 2 20151025
3658 78 3 20151110
3659 70 0 20141214
3660 22 57 17 20151021
3661 9 10 20151201
3662 25 102 20140722
3663 7 2 20150327
3664 1 3 20150731
3665 8 7 37 4 16 145 3 20150915
3666 1 48 20140326
3667 6 1 20140824
3668 74 43 20141129
3669 12 49 20150623
3670 29 0 20140203
3671 21 1 20140918
3672 1 2 20150309
3673 8 3 20150930
3674 22 4 20151004
3675 56 82 20140221
3676 24 1 20141223
3677 6 23 20150515
3678 3 3 20151101
3679 57 0 20140103
3680 4 1 20140702
3681 1 2 20140821
3682 16 1 20150210
3683 3 4 20150226
3684 23 5 20150704
3685 18 82 20140126
3686 110 1 20150205
3687 1 2 20151007
3688 4 59 20140821
3689 55 14 20141119
3690 8 68 20150309
3691 16 0 20140209
3692 22 1 20140522
3693 113 2 20150306
3694 1 65 3 20150315
3695 16 43 14 16 20150530
3696 9 5 20150922
3697 63 6 20151113
3698 3 0 20140816
3699 34 1 20150628
3700 6 2 20150823
3701 10 0 20140308
3702 6 1 20140628
3703 3 2 20150126
3704 18 50 20151025
3705 52 0 20151024
3706 124 3 0 20140104
3707 135 72 20140127
3708 1 27 5 20140325
3709 26 3 20140401
3710 43 4 20150123
3711 4 5 20150128
3712 44 1 20151119
3713 16 0 20140101
3714 75 20140906
3715 20 2 20150106
3716 3 98 3 20150217
3717 44 22 20150220
3718 25 1 20150309
3719 65 0 20140602
3720 11 16 20140619
3721 0 3 72 2 20140706
3722 103 3 20140802
3723 99 63 20150315
3724 18 1 20150512
3725 13 6 20150627
3726 17 7 20150904
3727 1 2 20150907
3728 22 0 20150811
3729 37 68 159 20140924
3730 18 1 20150224
3731 21 2 20151127
3732 9 20151206
3733 95 0 20140204
3734 74 135 68 1 20140323
3735 98 2 20140820
3736 16 3 20150222
3737 3 4 20150506
3738 7 5 20150728
3739 1 6 20151217
3740 1 44 0 20141122
3741 22 1 20150609
3742 122 16 2 20150719
3743 49 3 20151012
3744 7 10 0 20141006
3745 118 1 20150524
3746 18 4 20150602
3747 3 3 20150817
3748 3 22 36 4 20151230
3749 59 0 20140624
3750 63 1 20141126
3751 9 2 20150629
3752 55 3 20151202
3753 114 1 134 20140329
3754 14 1 20141031
3755 6 2 20150109
3756 18 3 20150227
3757 9 4 20150328
3758 71 5 20150530
3759 16 70 37 33 20140213
3760 41 43 20150426
3761 24 37 20150127
3762 18 1 20150529
3763 1 0 20140322
3764 0 1 20140330
3765 40 11 35 2 20140529
3766 18 50 20150208
3767 56 4 20150521
3768 74 14 20140201
3769 4 20140625
3770 109 2 20140823
3771 15 20140915
3772 4 20150520
3773 49 74 20151102
3774 13 0 20140115
3775 24 1 20140126
3776 68 57 5 2 20140219
3777 1 3 20141229
3778 0 4 20150724
3779 24 0 20140522
3780 13 1 20140603
3781 2 2 20140913
3782 42 3 20150319
3783 73 4 20151009
3784 29 22 51 4 37 16 16 5 20151112
3785 9 6 20151201
3786 164 0 20140115
3787 96 79 20141105
3788 7 2 20150321
3789 21 3 20150723
3790 0 20140107
3791 43 1 20150126
3792 17 99 15 2 20150603
3793 68 0 20140601
3794 6 1 20140921
3795 134 2 20150126
3796 62 14 137 31 20150221
3797 1 22 20150917
3798 52 37 20140222
3799 4 15 20151208
3800 1 0 20140722
3801 6 1 20150517
3802 0 2 20150608
3803 19 0 20140219
3804 3 120 20140829
3805 0 44 4 73 1 137 153 33 2 20150529
3806 1 114 20150530
3807 18 3 8 23 16 37 1 4 20151025
3808 1 5 20151129
3809 73 20150521
3810 21 16 0 20140316
3811 17 70 1 20140414
3812 23 2 20140512
3813 79 3 20151120
3814 18 16 20151114
3815 9 20151224
3816 37 0 20140218
3817 3 1 20140803
3818 60 2 20150106
3819 18 66 24 20150608
3820 23 4 20150805
3821 37 20150122
3822 17 1 20150513
3823 64 2 20151018
3824 100 17 3 20151115
3825 1 73 20140805
3826 140 1 20141221
3827 31 2 20151214
3828 23 0 20140211
3829 2 4 1 20140302
3830 0 114 73 2 20140730
3831 16 3 20151222
3832 23 15 0 20150125
3833 17 1 20150425
3834 137 37 20141211
3835 152 1 20150111
3836 37 16 20140603
3837 114 20141018
3838 48 61 20150330
3839 1 20150818
3840 60 50 0 20140314
3841 17 20140528
3842 37 31 20140603
3843 65 68 70 20140811
3844 83 135 20141012
3845 1 5 20150226
3846 49 6 20150717
3847 0 20141117
3848 0 1 20150928
3849 18 2 20151224
3850 157 70 20141122
3851 107 1 20150219
3852 120 49 35 45 2 20151004
3853 44 75 94 20140509
3854 11 1 20140922
3855 37 1 20150510
3856 13 73 0 20150203
3857 37 52 20150820
3858 37 95 20151104
3859 0 20140429
3860 40 1 20141118
3861 18 59 20150226
3862 8 44 20150317
3863 3 107 4 20150605
3864 37 100 5 20151123
3865 47 1 11 4 20150320
3866 13 73 20150404
3867 25 2 20150921
3868 50 3 20151128
3869 52 0 20140222
3870 44 1 20151218
3871 18 73 20141028
3872 16 98 20141218
3873 2 2 20151017
3874 1 38 3 20151101
3875 44 13 0 20140416
3876 69 23 20140811
3877 21 2 20141219
3878 114 79 3 20150306
3879 8 20150523
3880 50 0 20140701
3881 31 1 20140709
3882 4 2 20140910
3883 73 3 20141112
3884 3 4 20150529
3885 1 57 20150610
3886 17 3 74 6 20151218
3887 16 68 20140509
3888 3 59 20140811
3889 8 2 20150812
3890 12 3 20150827
3891 24 0 20140629
3892 8 17 20150110
3893 43 2 20151119
3894 49 2 10 14 14 3 20151211
3895 56 17 37 0 20140117
3896 4 20140408
3897 3 17 20150302
3898 18 37 17 3 20150712
3899 94 7 20151007
3900 2 5 20151010
3901 10 6 20151128
3902 16 37 20140528
3903 47 1 20140707
3904 14 2 20150202
3905 0 3 20150301
3906 22 128 20150418
3907 0 64 11 20151115
3908 35 0 20140207
3909 76 1 20140720
3910 4 50 20150210
3911 37 114 3 20150330
3912 34 0 20140405
3913 4 77 65 16 20140424
3914 37 2 20141110
3915 65 24 3 20150602
3916 52 4 20150711
3917 12 17 49 20141019
3918 2 20150207
3919 44 0 20140303
3920 23 4 20140902
3921 82 155 20141003
3922 15 37 3 20141129
3923 1 1 1 38 33 4 20150226
3924 75 49 3 5 20150326
3925 67 19 20150520
3926 84 0 20140817
3927 17 1 20150203
3928 21 28 20150420
3929 20 3 20150715
3930 10 0 20150802
3931 1 1 20140417
3932 2 73 20140515
3933 1 2 20140901
3934 73 20141027
3935 4 4 20150318
3936 26 49 0 20140821
3937 88 1 20140901
3938 73 0 52 2 20150417
3939 25 3 20150423
3940 22 137 20150928
3941 18 23 5 20151117
3942 11 0 20140429
3943 4 17 1 20140603
3944 79 70 2 20150223
3945 68 3 20150920
3946 4 0 20140627
3947 69 1 20141124
3948 1 2 20150819
3949 3 3 20150914
3950 3 4 20151008
3951 13 6 17 20151112
3952 137 99 20140208
3953 15 1 20141006
3954 74 35 3 46 72 2 20150128
3955 1 20150201
3956 7 11 1 20140102
3957 113 3 20140819
3958 13 2 20141030
3959 1 37 13 3 20141125
3960 11 20150206
3961 5 20150517
3962 11 0 20141113
3963 12 1 20141130
3964 9 2 20151129
3965 64 0 20140329
3966 147 1 20140413
3967 21 68 113 2 20140427
3968 5 90 20141220
3969 6 17 6 4 20150324
3970 88 16 5 20150628
3971 8 72 37 20150716
3972 57 7 20150816
3973 111 8 20151219
3974 21 114 0 20140819
3975 44 37 20150509
3976 20 32 6 102 113 2 20150804
3977 37 37 20151003
3978 70 20140802
3980 1 62 20150407
3981 1 0 20141006
3982 65 1 20150928
3983 18 3 20151230
3984 96 36 20140818
3985 47 17 20151223
3986 1 10 20140322
3987 11 1 20141227
3988 74 2 20150408
3989 17 20140529
3990 59 46 1 20141216
3991 72 2 20150220
3992 25 3 20150225
3993 70 20150508
3994 33 0 20140115
3995 94 1 20140212
3996 10 130 2 20140228
3997 43 3 20140304
3998 20 103 4 20140425
3999 65 23 5 20140617
4000 1 3 20141130
4001 19 7 20150212
4002 3 8 20150418
4003 52 9 20150804
4004 69 10 20140428
4005 69 1 20150215
4006 57 63 20150225
4007 39 23 17 3 20150302
4008 41 4 20150320
4009 24 5 20150415
4010 22 23 20140603
4011 4 105 20141211
4012 0 2 20151011
4013 4 23 20140510
4014 36 1 20140606
4015 29 2 20140607
4016 8 3 20150324
4017 84 0 20140806
4018 3 16 20151225
4019 68 0 20140220
4020 24 82 1 20150213
4021 75 11 20150508
4022 0 68 20150613
4023 22 4 20150620
4024 24 17 20151105
4025 1 100 0 20140811
4026 6 1 20150718
4027 2 0 20150423
4028 31 1 20150719
4029 4 8 72 128 20150930
4030 49 3 20151005
4031 4 0 20140307
4032 157 1 20140626
4033 6 0 20150801
4034 37 10 69 0 20140614
4035 17 1 20151206
4036 49 0 20150701
4037 8 114 20150703
4038 39 0 20150204
4039 67 0 20140227
4040 69 20140604
4041 56 72 137 83 20140611
4042 21 3 20140702
4043 16 20140921
4044 9 65 82 20150206
4045 59 6 20150417
4046 22 135 20150518
4047 3 13 8 20150701
4048 3 36 20150707
4049 6 33 20140103
4050 22 69 1 20140626
4051 43 83 2 20140809
4052 10 3 20150615
4053 76 4 20150903
4054 1 38 20140411
4055 70 1 20140720
4056 17 2 20150616
4057 126 3 16 3 20150619
4058 23 0 20150131
4059 96 20150504
4060 10 43 20140608
4061 133 54 1 20140810
4062 43 2 20140915
4063 17 82 3 20141126
4064 68 3 20150807
4065 10 49 20140215
4066 43 114 1 20141212
4067 44 2 20150218
4068 39 3 20150505
4069 12 135 20150617
4070 6 49 95 151 5 20151109
4071 45 43 20140203
4072 37 1 20140214
4073 4 2 20140414
4074 25 23 20141110
4075 10 64 20141115
4076 9 5 20150502
4077 4 16 3 47 3 10 4 6 6 20150710
4078 91 0 20141130
4079 58 1 20150204
4080 97 17 20150418
4081 13 20150609
4082 92 4 20150705
4083 44 5 20151007
4084 16 0 20140315
4085 16 1 20140711
4086 13 2 20140716
4087 157 3 20150602
4088 0 0 20140320
4089 43 20140615
4090 82 36 23 2 20150615
4091 6 16 20150719
4092 21 3 20150720
4093 56 37 20151003
4094 75 23 6 20151007
4095 100 70 20141026
4096 124 1 20150815
4097 3 60 20150923
4098 7 0 20140211
4099 44 1 20140812
4100 7 78 2 20150409
4101 57 44 20150502
4102 1 70 20150911
4103 39 1 0 20140111
4104 24 1 20141107
4105 19 43 20150125
4106 22 20150226
4107 26 20 19 4 20150301
4108 1 68 0 20141127
4109 59 82 1 20141206
4110 22 2 20150503
4111 37 48 4 3 20150703
4112 37 0 20140114
4113 39 27 20140813
4114 0 2 20150129
4115 44 8 82 114 3 20150508
4116 43 4 20150912
4117 79 2 4 31 5 20151027
4118 63 0 20141020
4119 73 1 20150628
4120 16 0 20140530
4121 152 20141022
4122 25 2 20150620
4123 9 73 98 20140423
4124 82 1 20140729
4125 3 16 2 20140816
4126 70 3 20141011
4127 22 4 20150518
4128 25 5 20150526
4129 56 6 20150731
4130 113 0 20140520
4131 82 1 20140709
4132 3 62 20140808
4133 3 3 20150504
4134 4 4 20150919
4135 25 3 20151205
4136 0 0 20140119
4137 68 1 20140225
4138 19 2 20140824
4139 2 1 20141115
4140 26 4 20150707
4141 1 5 20151006
4142 1 6 20151212
4143 4 11 20140622
4144 44 1 20140906
4145 58 2 20140930
4146 20 16 20150214
4147 9 43 4 20150410
4148 18 5 20150518
4149 70 3 26 20150628
4150 24 0 20140816
4151 1 1 20150301
4152 50 0 2 58 2 20150305
4153 1 78 20151026
4154 4 0 20140509
4155 6 10 20150217
4156 72 17 20150416
4157 56 16 43 3 20151012
4158 0 20141016
4159 29 63 20150720
4160 69 0 20150325
4161 68 0 20140415
4162 25 153 20140527
4163 118 2 20141001
4164 21 3 20150523
4165 3 0 20140218
4166 62 1 20140421
4167 1 2 20140712
4168 7 3 20150213
4169 12 10 20151217
4170 69 0 20140820
4171 4 68 20141013
4172 16 50 20150925
4173 73 127 20140226
4174 43 33 94 59 20140417
4175 88 2 20140512
4176 21 59 17 38 3 20150128
4177 68 4 20150320
4178 0 17 34 5 20150322
4179 2 63 20150704
4180 3 3 7 20150929
4181 144 1 8 20151212
4182 37 0 20140222
4183 21 75 20140511
4184 4 2 20150306
4185 1 1 20150517
4186 103 37 20151109
4187 70 0 20140525
4188 65 143 20140815
4189 38 2 20140819
4190 13 3 20150121
4191 6 4 20150209
4192 24 0 20140112
4193 10 1 20140805
4194 28 2 20150310
4195 8 20151111
4196 114 0 20140527
4197 22 1 20150316
4198 28 3 2 20150408
4199 18 104 20150719
4200 1 4 20150810
4201 49 4 57 5 20151011
4202 16 113 6 20151104
4203 16 2 74 20151211
4204 17 0 20140131
4205 151 95 1 20141224
4206 37 3 20150422
4207 21 1 20150616
4208 18 21 37 4 20150910
4209 35 0 20140213
4210 63 20141012
4211 3 2 20141223
4212 1 3 20150205
4213 149 0 20140220
4214 20 43 20140603
4215 159 48 20141027
4216 65 20150502
4217 70 20150915
4218 130 5 20151217
4219 29 3 20151220
4220 20 0 20140121
4221 70 1 20140222
4222 44 4 2 20141025
4223 22 1 20151124
4224 121 0 20140104
4225 40 1 20140105
4226 20 112 2 20140428
4227 17 3 20140613
4228 9 4 20150518
4229 24 82 20151123
4230 22 2 20140502
4231 27 1 20140817
4232 17 2 20141021
4233 3 20151025
4234 24 68 20140124
4235 37 1 20140222
4236 114 2 20140628
4237 16 84 20140928
4238 37 3 49 20150323
4239 2 52 20150809
4240 3 68 20151219
4241 48 0 20140211
4242 0 20150121
4243 3 8 1 23 2 20150306
4244 15 3 20150425
4245 14 0 17 77 4 20150503
4246 37 73 20140301
4247 3 1 20140804
4248 19 45 20140904
4249 52 3 20150115
4250 16 65 20150505
4251 1 0 20140321
4252 21 52 1 20140329
4253 2 19 2 20140514
4254 49 11 20150708
4255 63 48 20150717
4256 0 5 20151120
4257 4 125 118 0 20150407
4258 18 20150911
4259 21 0 20140618
4260 21 1 20140826
4261 69 4 20141009
4262 6 3 20150104
4263 1 4 20150630
4264 70 5 20150909
4265 17 44 20151024
4266 80 7 20151226
4267 7 19 0 20141104
4268 13 1 20141212
4269 22 21 20150211
4270 8 35 20150922
4271 63 137 17 0 20140514
4272 124 10 20140613
4273 69 2 20141014
4274 8 1 20150318
4275 135 20151220
4276 63 113 0 20140203
4277 127 1 20140604
4278 50 2 20140614
4279 36 3 20150628
4280 1 4 20150818
4281 7 5 20150821
4282 70 13 20140626
4283 3 1 20141216
4284 18 2 20150919
4285 10 113 3 20151015
4286 73 0 20140321
4287 16 1 20140622
4288 17 136 34 2 20150924
4289 0 3 20151028
4290 4 123 68 0 20140620
4291 164 70 20140821
4292 21 69 20150705
4293 37 8 59 10 20151116
4294 95 26 20140530
4295 74 1 20141224
4296 1 37 20150701
4297 26 0 20140108
4298 3 79 20140224
4299 4 2 20141030
4300 2 43 20141230
4301 26 8 8 10 69 34 19 37 4 20150301
4302 16 5 20151127
4303 12 159 20140526
4304 18 62 26 20150418
4305 70 15 20150726
4306 69 3 20151010
4307 10 23 20150101
4308 24 24 50 33 134 1 20150331
4309 1 40 2 20150922
4310 43 20151129
4311 8 1 20150102
4312 0 1 0 20140311
4313 36 17 20141114
4314 59 2 20150527
4315 33 3 20150910
4316 44 49 0 20140413
4317 15 1 20140826
4318 20 0 48 37 2 20150328
4319 1 60 20151121
4320 19 70 20150301
4321 1 0 20140718
4322 27 21 74 4 20150502
4323 78 2 20150701
4324 39 0 20150121
4325 43 20150711
4326 3 44 20140607
4327 7 1 20150510
4328 3 2 20150707
4329 73 3 20150909
4330 99 37 72 0 20140402
4331 73 1 20150625
4332 0 0 20140121
4333 6 19 20140725
4334 21 2 20150404
4335 65 3 20150411
4336 12 4 20150618
4337 18 12 27 20150629
4338 53 20140112
4339 3 19 58 37 130 1 20140403
4340 4 3 20140530
4341 7 55 20140916
4342 144 4 20141006
4343 5 5 20141111
4344 130 6 20150210
4345 18 6 20150818
4346 114 17 20140201
4347 17 1 20141128
4348 6 2 20150301
4349 24 0 0 20140411
4350 3 49 4 1 20140506
4351 28 3 20150219
4352 24 23 3 20150321
4353 52 0 20140128
4354 3 79 1 20140531
4355 99 3 20150414
4356 3 42 35 3 20151007
4357 49 0 20140314
4358 124 20140324
4359 3 79 2 20140610
4360 25 34 20140729
4361 43 3 17 20141109
4362 76 5 20141206
4363 19 0 6 20150212
4364 27 20150801
4365 99 113 19 0 20140128
4366 68 48 1 20140130
4367 70 2 20140831
4368 0 13 20141129
4369 3 20150223
4370 7 5 20150921
4371 58 0 20140802
4372 48 1 20141027
4373 22 2 20150131
4374 8 18 20150208
4375 48 13 20150923
4376 34 1 20141007
4377 2 44 14 48 18 127 17 44 43 1 20150712
4378 50 1 72 2 20150827
4379 17 3 20150921
4380 4 20151013
4381 8 24 0 20140108
4382 23 1 20150906
4383 18 5 2 20151109
4384 9 4 3 20151124
4385 11 0 20140120
4386 3 20140906
4387 3 2 20150813
4388 1 59 20150828
4389 8 59 17 4 20151124
4390 134 58 74 0 20140403
4391 8 1 20141107
4392 3 2 20141230
4393 0 3 20151001
4394 1 97 24 4 20151104
4395 128 23 20140107
4396 96 1 20150728
4397 21 68 20140125
4398 0 4 20140715
4399 24 2 20140726
4400 17 3 20150430
4401 18 79 55 74 48 4 20150808
4402 37 5 20151217
4403 18 44 0 20150127
4404 9 44 20150506
4405 55 92 59 153 17 74 2 20150730
4406 0 3 3 20151122
4407 17 10 17 0 20140112
4408 11 52 1 20140410
4409 9 65 20151125
4410 1 0 20150124
4411 4 1 20150409
4412 8 71 2 20151015
4413 18 139 0 20140709
4414 1 1 20151007
4415 79 1 20140220
4416 26 17 20140522
4417 8 16 20150129
4418 18 59 20151012
4419 1 37 63 0 20140303
4420 73 1 20140507
4421 16 34 2 20141024
4422 102 3 20151120
4423 4 76 0 20150502
4424 24 11 20150609
4425 9 2 20150913
4426 24 17 4 3 20151217
4427 2 53 0 20140816
4428 18 20150907
4429 4 20 20140129
4430 59 1 20140811
4431 37 2 20141122
4432 6 6 20150314
4433 1 10 20140317
4434 24 1 20151124
4435 37 0 20140727
4436 21 49 1 20150114
4437 57 54 2 20150204
4438 44 70 3 20150506
4439 23 4 20150718
4440 94 99 43 5 20150828
4441 1 13 20150912
4442 59 16 20140626
4443 1 19 1 20140702
4444 37 2 20140713
4445 36 3 20141118
4446 68 4 20141215
4447 18 56 20150613
4448 8 49 20150628
4449 39 7 20151006
4450 127 0 20140130
4451 74 2 133 1 20140221
4452 3 64 75 2 20140328
4453 17 17 3 20140523
4454 70 114 4 20140712
4455 1 49 20150611
4456 22 6 20150912
4457 63 0 20140504
4458 35 13 20141027
4459 17 2 20150923
4460 63 0 20151216
4461 3 58 20140707
4462 22 16 16 20141204
4463 103 118 2 20141217
4464 6 3 20151202
4465 26 0 20140123
4466 10 1 20140218
4467 72 2 20140411
4468 37 20140519
4469 99 4 4 20140727
4470 64 5 20140826
4471 23 6 20150304
4472 18 57 20151021
4473 6 75 20140111
4474 24 38 15 1 20150521
4475 4 2 20151018
4476 1 3 20151107
4477 44 0 20140613
4478 60 1 20140730
4479 18 2 20140804
4480 0 64 3 20141213
4481 6 4 20141221
4482 6 9 20150206
4483 19 0 20141108
4484 1 69 1 20141130
4485 1 3 2 20150422
4486 139 3 20150703
4487 53 4 20150914
4488 18 0 0 20150324
4489 28 1 20150717
4490 35 1 11 13 16 2 20151026
4491 127 0 20140522
4492 54 20140822
4493 7 2 20140930
4494 6 3 20150106
4495 7 84 16 120 64 4 20150321
4496 20 5 20150723
4497 16 3 20150924
4498 21 69 4 20140530
4499 4 69 20141209
4500 70 2 20150512
4501 18 23 20150827
4502 6 4 20151119
4503 35 0 20140127
4504 0 37 20140825
4505 11 17 4 2 20150401
4506 20 74 20150530
4507 1 0 20140511
4508 11 1 20141111
4509 49 72 2 20150208
4510 37 28 20150324
4511 20 0 20140419
4512 98 1 20140425
4513 61 2 20140919
4514 59 74 23 3 20141031
4515 7 74 20141107
4516 25 5 20150202
4517 2 0 20150117
4518 17 1 20150604
4519 114 0 20140215
4520 17 1 20140306
4521 45 17 103 20140530
4522 73 95 20141010
4523 3 135 4 20141012
4524 56 5 20150504
4525 64 0 20140424
4526 62 1 20140712
4527 17 11 2 20140803
4528 19 3 20150106
4529 5 4 20150811
4530 126 0 70 5 20151210
4531 1 0 20141022
4532 102 0 20150522
4533 1 1 16 20140404
4534 4 1 20150406
4535 2 20150511
4536 3 0 20140119
4537 4 1 20151117
4538 2 0 20140319
4539 19 20140503
4540 73 2 20140512
4541 13 3 20150116
4542 6 17 20150427
4543 21 6 21 27 12 17 73 5 20151122
4544 1 72 20140508
4545 68 1 20140703
4546 1 2 20141116
4547 4 92 20150519
4548 2 34 0 20140604
4549 20 4 20140727
4550 70 2 20140913
4551 21 3 20151122
4552 1 38 17 0 20140212
4553 26 20140928
4554 2 2 20150601
4555 8 3 20150822
4556 14 4 20150926
4557 45 5 20151004
4558 3 1 20151228
4559 52 70 20140220
4560 19 72 20150128
4561 58 0 20140309
4562 90 1 20140814
4563 69 1 62 2 20150403
4564 37 24 3 20150914
4565 70 37 20151018
4566 6 0 20140124
4567 0 114 49 20140130
4568 6 50 43 20140603
4569 44 20140628
4570 25 4 20141105
4571 1 5 20150224
4572 39 6 20150430
4573 1 70 7 20150605
4574 0 8 20151119
4575 52 0 20140316
4576 16 20140511
4577 114 2 20140905
4578 2 3 20150706
4579 28 3 20151129
4580 94 0 20140419
4581 6 33 1 20141127
4582 21 2 20150226
4583 55 3 20150819
4584 4 113 0 20140222
4585 49 35 21 20141120
4586 24 21 2 20150214
4587 2 65 94 56 21 16 73 3 20150414
4588 28 59 72 64 4 20150419
4589 17 5 20151217
4590 114 0 20140416
4591 88 1 20141212
4592 0 1 20150421
4593 95 3 20151108
4594 0 26 50 11 20151201
4595 36 0 20140903
4596 44 1 20151230
4597 24 76 0 20140722
4598 3 26 4 20141017
4599 42 0 20150112
4600 15 19 20140319
4601 19 0 34 20140326
4602 3 2 20150320
4603 37 162 3 20150502
4604 21 57 20151216
4605 82 70 20140306
4606 70 1 20140504
4607 16 2 20140606
4608 125 20141024
4609 27 4 20151118
4610 16 0 20140530
4611 43 20140707
4612 18 68 2 20140729
4613 44 43 20140804
4614 74 4 20151102
4615 56 78 20140227
4616 32 1 20141117
4617 15 2 20150717
4618 69 3 20150922
4619 27 35 20151127
4620 4 0 20140110
4621 21 43 10 20140513
4622 102 2 20150214
4623 4 3 20150417
4624 37 20140709
4625 8 24 6 9 72 37 1 20150214
4626 17 0 20140929
4627 37 1 20141123
4628 57 65 20150127
4629 67 73 3 20150520
4630 39 38 20150628
4631 21 5 20151014
4632 22 33 6 20151027
4633 95 4 0 20150114
4634 91 1 20150328
4635 60 2 20150529
4636 75 3 20151012
4637 7 0 20150316
4638 23 70 20150509
4639 48 1 20150516
4640 16 20150613
4641 17 3 20150924
4642 3 0 20140206
4643 68 20140208
4644 88 2 20140810
4645 18 11 50 3 20150518
4646 19 4 20150801
4647 7 23 20151026
4648 57 52 20140303
4649 13 26 20140719
4650 2 72 2 20141211
4651 7 3 20151014
4652 135 0 20140128
4653 32 1 20140202
4654 116 2 20141124
4655 99 67 17 118 1 3 20150914
4656 6 4 20151118
4657 7 1 74 37 20140606
4658 95 1 20140909
4659 63 50 113 2 20150109
4660 2 20150111
4661 24 31 4 20150605
4662 72 93 0 20140304
4663 37 1 20140402
4664 3 13 2 20140422
4665 6 61 20140615
4666 71 4 20150109
4667 22 5 20150320
4668 2 1 7 17 6 20150718
4669 17 20151204
4670 4 20141216
4671 104 20150930
4672 28 0 20150101
4673 50 1 20150122
4674 39 2 20150409
4675 49 3 20151012
4676 22 79 4 20151027
4677 3 73 20151220
4678 56 17 137 20141001
4679 32 1 20141002
4680 36 2 20150131
4681 39 3 20150915
4682 113 16 20140326
4683 6 13 20140801
4684 73 23 20140818
4685 23 3 20150121
4686 24 44 23 20150212
4687 17 37 0 20140202
4688 23 1 20140217
4689 1 2 20140804
4690 141 121 20140822
4691 6 17 20150122
4692 21 5 20150727
4693 4 23 20140110
4694 18 17 1 20140424
4695 4 2 20140802
4696 135 19 82 3 20141006
4697 67 99 20150617
4698 50 5 20150620
4699 3 6 20150731
4700 28 0 20150314
4701 3 63 20140906
4702 73 1 20141022
4703 9 6 29 1 120 59 52 2 20150525
4704 100 3 20150922
4705 17 0 20141103
4706 3 1 20141115
4707 18 2 20150711
4708 16 3 20150722
4709 1 4 20151202
4710 10 0 20140314
4711 74 1 20140617
4712 95 2 20140721
4713 48 3 20141115
4714 28 4 20150619
4715 15 75 4 20150815
4716 37 8 10 1 20150828
4717 1 0 20140420
4718 20 26 20140610
4719 11 25 20140624
4720 57 1 20150920
4721 18 39 75 4 20151121
4722 22 21 20151127
4723 3 68 20140124
4724 58 1 20140202
4725 82 11 2 20140321
4726 13 3 20140927
4727 127 4 20150301
4728 52 17 27 5 20150315
4729 17 0 20150331
4730 44 7 73 7 20150502
4731 0 21 64 17 4 20150809
4732 9 9 20151226
4733 70 0 20140926
4734 20 1 20150822
4735 3 0 20140122
4736 16 1 20140526
4737 32 2 20150724
4738 17 20150801
4739 18 4 20151005
4740 57 51 20151110
4741 113 0 20140217
4742 56 10 20140617
4743 39 2 20150813
4744 40 0 20140227
4745 39 36 20150211
4746 4 0 20140317
4747 23 1 20140523
4748 136 2 20140816
4749 29 73 10 20141102
4750 9 4 20141226
4751 3 5 20150306
4752 73 130 20140130
4753 18 37 1 20150107
4754 5 20151103
4755 70 118 0 20140127
4756 17 113 1 20140219
4757 50 2 20140421
4758 73 3 20140930
4759 9 137 4 20150115
4760 15 55 20150416
4761 25 61 6 20150614
4762 3 7 20150730
4763 16 8 20151101
4764 105 0 20150627
4765 17 0 20140919
4766 63 22 20150816
4767 16 18 69 2 20150907
4768 124 43 20140618
4769 50 1 20141112
4770 16 1 6 6 160 2 20150126
4771 16 88 17 14 20150228
4772 7 4 20150608
4773 50 61 103 20140816
4774 26 16 23 1 20150418
4775 4 2 20150817
4776 57 3 20150830
4777 3 0 20140224
4778 29 118 20140618
4779 70 20140712
4780 37 96 150 3 20141004
4781 49 12 16 4 20141110
4782 20 1 20150316
4783 16 6 20150708
4784 52 103 20150714
4785 113 0 20140121
4786 21 31 20140227
4787 93 2 20140530
4788 17 17 20140706
4789 49 1 20140707
4790 1 5 20150126
4791 22 6 20151007
4792 53 1 20140322
4793 11 1 20141223
4794 0 78 20150424
4795 78 56 103 49 43 20150805
4796 9 26 4 20150917
4797 6 80 155 0 20140324
4798 2 1 20140731
4799 1 2 20150930
4800 7 1 20151014
4801 20 68 0 20140101
4802 4 1 20150226
4803 23 2 20151021
4804 1 90 46 20140111
4805 17 69 118 26 20140826
4806 0 2 20150309
4807 27 0 17 3 20150901
4808 25 4 20151118
4809 18 23 20140429
4810 4 122 20140627
4811 3 2 20141223
4812 6 3 20150427
4813 18 1 20150813
4814 4 59 0 20140921
4815 9 1 20150206
4816 18 37 23 157 2 20150403
4817 37 43 20140306
4818 70 20140824
4819 13 2 20150624
4820 21 0 20140503
4821 10 1 20141111
4822 2 22 18 50 39 50 17 1 2 20150311
4823 17 1 20150407
4824 9 82 102 4 20150506
4825 8 16 5 20150621
4826 1 130 6 20150810
4827 3 18 75 7 20151020
4828 58 3 1 8 20151215
4829 23 0 20140119
4830 79 1 20140131
4831 7 99 2 20150301
4832 3 17 3 20150611
4833 14 4 20150826
4834 4 5 20150914
4835 0 0 20140204
4836 70 38 20140505
4837 39 2 20140525
4838 2 3 20141222
4839 25 139 4 20150824
4840 4 5 20151121
4841 6 0 20140114
4842 36 20140413
4843 6 1 20140526
4844 40 3 20140803
4845 3 4 20141011
4846 6 90 20151118
4847 1 1 0 20140204
4848 1 1 20141111
4849 0 18 20 107 78 2 20150617
4850 8 4 20151019
4851 19 49 20151230
4852 6 21 20140511
4853 6 59 6 1 20150224
4854 0 20150406
4855 20 50 75 20150913
4856 4 0 20140508
4857 44 1 20150326
4858 12 2 20150929
4859 65 33 73 20141003
4860 19 1 20150803
4861 28 124 20150914
4862 1 3 20151008
4863 37 0 20140507
4864 10 1 20140718
4865 75 17 20141203
4866 1 20150418
4867 73 23 20151128
4868 19 0 20140122
4869 33 1 20140702
4870 56 17 2 20141001
4871 18 3 20150205
4872 14 43 60 4 20150220
4873 20 39 64 20150628
4874 3 37 20140511
4875 22 48 94 20140926
4876 4 68 20141017
4877 7 3 20141222
4878 21 17 70 72 70 4 20150105
4879 17 43 5 20150722
4880 22 24 20150909
4881 81 20151003
4882 0 110 1 100 20151013
4883 0 20140108
4884 102 1 20140608
4885 0 2 20150426
4886 4 15 20150831
4887 7 17 20140621
4888 3 1 20151216
4889 37 22 20151218
4890 80 49 0 20150307
4891 9 65 20150607
4892 73 113 61 20140720
4893 3 57 70 1 20141101
4894 7 2 20150218
4895 10 74 10 3 20150424
4896 35 4 20151122
4897 35 0 20150306
4898 6 3 20150721
4899 1 110 0 20141009
4900 18 20141122
4901 65 2 20150612
4902 3 3 20151108
4903 81 0 20141209
4904 23 1 20150606
4905 37 26 2 20150918
4906 11 0 20140221
4907 44 1 20140611
4908 36 39 10 20141019
4909 1 36 3 20141211
4910 8 4 20150106
4911 118 0 20140415
4912 73 1 20140717
4913 8 141 20150713
4914 19 0 20140208
4915 25 11 1 20140306
4916 18 2 20151112
4917 7 18 137 3 20151209
4918 113 0 20140111
4919 55 114 20140821
4920 19 2 20141123
4921 22 3 20150314
4922 11 20140406
4923 73 27 1 20150429
4924 53 2 20151007
4925 21 20151129
4926 48 43 43 23 20150103
4927 90 1 20150130
4928 37 22 44 80 20151004
4929 24 3 20151205
4930 81 37 20140217
4931 10 1 20141230
4932 67 2 20150228
4933 106 4 4 3 4 157 70 3 20151218
4934 7 0 20140224
4935 1 1 20140331
4936 9 73 20140522
4937 37 20150123
4938 1 4 20150801
4939 40 5 20150930
4940 56 68 20140207
4941 11 1 20140521
4942 90 2 20140902
4943 9 103 20150117
4944 9 19 20150121
4945 18 22 37 5 20151217
4946 3 3 20140225
4947 1 1 20140303
4948 43 2 20140730
4949 64 10 3 20140903
4950 3 17 23 20141002
4951 23 5 20151029
4952 47 6 20151223
4953 18 0 20140325
4954 51 1 20140331
4955 1 20140818
4956 22 4 3 20150903
4957 22 4 20151209
4958 26 0 20141222
4959 2 37 39 20150625
4960 0 2 20150909
4961 23 9 0 45 67 34 3 20151111
4962 21 25 20151218
4963 50 0 20151002
4964 88 1 20151225
4965 114 0 20140603
4966 3 1 20150510
4967 28 2 20150601
4968 61 0 20140711
4969 70 157 30 89 20140804
4970 56 50 20140825
4971 129 3 20140901
4972 16 68 20150128
4973 9 0 20140204
4975 3 19 20150209
4976 20 17 30 35 122 37 55 10 20150510
4977 37 4 20150520
4978 10 0 20140809
4979 37 1 20151202
4980 1 2 20151209
4981 103 0 20140210
4982 79 1 20140222
4983 17 17 3 2 20150323
4984 18 3 20150607
4985 73 20150630
4986 140 82 44 122 13 5 20150820
4987 157 0 20140806
4988 73 1 20140901
4989 44 144 20140912
4990 4 99 20141021
4991 37 4 20141117
4992 87 5 20151014
4993 117 52 20141011
4994 38 1 20150413
4995 22 74 20140414
4996 65 73 20140621
4997 43 2 20140624
4998 73 3 20141026
4999 24 153 43 23 17 4 20150428
5000 8 5 20151008
5001 130 63 0 20140710
5002 9 36 37 20150424
5003 17 2 20150731
5004 22 100 0 20140513
5005 120 1 20140727
5006 18 153 20151008
5007 0 153 20151110
5008 14 4 20140513
5009 37 1 20140812
5010 35 2 20150223
5011 56 60 20150711
5012 91 4 20151212
5013 67 0 20140208
5014 43 1 20140513
5015 150 31 20141205
5016 12 3 20150416
5017 56 4 20150613
5018 75 19 0 20140123
5019 24 73 20141018
5020 1 1 23 20141221
5021 18 98 20150411
5022 76 1 4 20151122
5023 17 70 20140301
5024 21 20140711
5025 70 68 2 20140922
5026 8 1 20150824
5027 18 4 20150830
5028 7 43 20140825
5029 20 1 20141110
5030 28 22 2 20150411
5031 0 49 20150821
5032 1 76 94 43 20140226
5033 1 20140405
5034 63 2 20140726
5035 1 95 20141018
5036 162 122 20141029
5037 4 113 70 5 20150809
5038 141 6 20151002
5039 19 0 20140419
5040 100 44 20140827
5041 49 1 20150111
5042 44 92 21 18 1 4 21 16 3 20150430
5043 4 95 0 20140811
5044 2 3 24 1 20150211
5045 4 2 20150411
5046 73 0 20140924
5047 34 61 11 1 20141123
5048 1 2 20150224
5049 6 64 20151116
5050 102 0 20140303
5051 133 18 0 3 20151011
5052 3 2 20151230
5053 29 16 20150123
5054 2 21 20140614
5055 48 1 20150203
5056 113 2 20150227
5057 49 4 34 3 20150804
5058 0 39 18 39 11 44 3 73 20150806
5059 9 4 20150130
5060 24 26 20150212
5061 57 4 49 24 20151106
5062 69 38 17 107 20151215
5063 1 69 20140205
5064 24 36 20150128
5065 130 18 13 2 20150428
5066 6 3 20150526
5067 17 68 20140710
5068 3 1 20140831
5069 153 2 20141003
5070 18 3 20150320
5071 0 99 20150609
5072 118 4 5 20151007
5073 17 0 20140606
5074 2 113 103 20140818
5075 53 13 20141004
5076 1 2 20141017
5077 80 4 20150329
5078 3 0 20140827
5079 72 9 20150123
5080 6 24 13 76 2 20150410
5081 16 3 20151220
5082 1 0 20140721
5083 19 1 20140906
5084 22 1 20140924
5085 22 52 20141214
5086 9 43 4 20150218
5087 49 9 77 44 20150306
5088 70 59 20150322
5089 69 18 18 22 6 17 3 7 20150408
5090 9 8 20151003
5091 14 118 9 20151118
5092 68 13 20141210
5093 7 1 20150804
5094 50 67 20150828
5095 59 19 20151123
5096 9 0 20140421
5097 9 4 20150131
5098 20 10 17 20150202
5099 7 24 1 3 20150615
5100 6 4 20150831
5101 2 36 0 20141224
5102 18 20 22 99 1 37 127 1 20150501
5103 37 2 20150930
5104 108 3 20151220
5105 102 37 70 0 20140203
5106 60 20140428
5107 69 2 20141017
5108 24 20141118
5109 8 4 20150207
5110 26 130 5 20151010
5111 0 0 20150702
5112 27 118 20140424
5113 0 1 20140724
5114 58 72 20141211
5115 28 4 20150803
5116 106 4 20151125
5117 18 70 0 20150105
5118 22 1 20150701
5119 113 0 20140610
5120 100 43 20141112
5121 22 2 20150210
5122 6 34 20150316
5123 9 4 20150702
5124 22 59 20140904
5125 23 1 20150224
5126 7 2 20150502
5127 1 0 20140108
5128 25 1 20140512
5129 47 1 20150401
5130 21 3 20151106
5131 24 49 20140208
5132 23 1 20140215
5133 44 18 118 2 20150209
5134 73 21 20151007
5135 22 0 20150623
5136 44 1 20150707
5137 52 2 20151213
5138 43 0 20141122
5139 68 1 20150515
5140 8 0 35 37 20150729
5141 7 72 0 20140506
5142 13 1 20140714
5143 18 2 20150629
5144 17 52 14 20150830
5145 48 4 20150914
5146 22 0 20140721
5147 70 1 20140829
5148 1 2 20150402
5149 1 3 20150908
5150 37 70 20140201
5151 27 1 20140527
5152 2 2 20140731
5153 37 6 20151115
5154 131 0 20140326
5155 79 1 20140803
5156 1 45 20140925
5157 9 70 20141215
5158 10 4 20150211
5159 59 35 20150827
5160 13 0 20140428
5161 69 34 20140930
5162 19 18 4 2 20150305
5163 6 63 35 3 20150313
5164 4 4 20150509
5165 4 5 20150624
5166 106 40 20140726
5167 18 2 20150407
5168 35 1 23 11 2 20150822
5169 3 70 20141014
5170 0 100 20141218
5171 36 20150504
5172 56 21 3 20150519
5173 21 27 20140817
5174 73 1 20150122
5175 8 7 20150511
5176 3 0 20140605
5177 65 20150909
5178 18 20150502
5179 28 61 43 20150820
5180 11 4 0 20140628
5181 7 1 20150322
5182 1 2 20150504
5183 20 0 20140101
5184 11 1 20140123
5185 37 49 20140529
5186 35 3 20150930
5187 73 4 20151215
5188 21 95 0 20140417
5189 24 59 20141220
5190 49 2 20150610
5191 3 24 3 20151028
5192 72 73 1 4 20151214
5193 3 0 20140709
5194 72 1 20150402
5195 103 1 29 88 24 25 2 20150918
5196 6 13 23 4 3 20151228
5197 70 20141018
5198 59 1 20150105
5199 26 122 2 20150928
5200 23 61 0 20140226
5201 3 1 20140301
5202 39 2 20141122
5203 21 3 20150405
5204 50 65 20150410
5205 7 5 20150703
5206 4 0 20140107
5207 84 1 20140327
5208 27 2 20140614
5209 30 3 20150903
5210 3 48 20140818
5211 4 1 11 122 1 20150204
5212 31 2 20151222
5213 118 113 20140508
5214 4 91 1 20140625
5215 18 2 20150826
5216 82 70 20140421
5217 49 24 20140802
5218 52 2 20150401
5219 1 102 20150604
5220 50 4 20150907
5221 1 5 20151111
5222 0 20140430
5223 114 1 20140516
5224 1 2 20140523
5225 9 3 20141105
5226 3 4 20141210
5227 20 5 20150709
5228 2 0 20140425
5229 1 1 20140604
5230 2 2 20141202
5231 99 3 20150727
5232 2 1 4 0 20150406
5233 48 3 20150929
5234 28 0 20140913
5235 6 20150418
5236 26 12 2 20150921
5237 10 13 20141216
5238 6 1 20150404
5239 18 35 20150518
5240 51 49 16 3 20151204
5241 48 48 34 45 68 20151213
5242 70 0 20151214
5243 49 0 20140424
5244 2 4 1 20140518
5245 37 2 20140621
5246 73 3 20140910
5247 21 4 20141027
5248 134 5 20141125
5249 6 20150611
5250 114 7 20151027
5251 1 0 20140519
5252 4 1 20140626
5253 2 20140721
5254 69 104 20141002
5255 37 40 4 20150520
5256 25 20 20150706
5257 23 57 6 20150809
5258 27 1 65 17 20150129
5259 0 1 1 1 20150405
5260 25 2 20150824
5261 4 0 20140121
5262 81 15 20140131
5263 48 1 20151211
5264 69 37 151 0 20140210
5265 11 1 20140620
5266 1 2 20141025
5267 82 3 20141113
5268 17 4 20150205
5269 37 23 16 20151119
5270 4 70 0 20140408
5271 6 20150321
5272 8 39 113 37 2 20150721
5273 39 19 0 20140131
5274 79 50 20140226
5275 37 91 2 20140304
5276 18 20150402
5277 70 59 20140120
5278 12 1 20140222
5279 1 88 20150116
5280 4 3 20150531
5281 3 26 20150703
5282 67 65 20150830
5283 44 6 20151029
5284 1 0 20150209
5285 141 123 33 20150216
5286 28 1 19 20140108
5287 9 21 4 20150809
5288 21 39 20150920
5289 124 0 20140310
5290 15 70 1 20140314
5291 8 2 20150410
5292 7 20150511
5293 3 21 20150618
5294 17 28 3 3 43 149 24 5 20151101
5295 1 6 20151110
5296 15 11 69 0 20140216
5297 119 1 20150215
5298 57 118 20151105
5299 50 0 20140612
5300 18 20 20150308
5301 21 2 20151130
5302 4 74 5 0 20140825
5303 71 0 1 20150817
5304 21 2 20151023
5305 43 0 20150416
5306 28 0 20150929
5307 2 10 2 20151114
5308 122 0 20140413
5309 1 17 1 20141008
5310 59 2 20141205
5311 10 3 20150228
5312 73 0 20140108
5313 11 1 20140216
5314 69 19 20140917
5315 49 37 95 1 1 24 44 37 3 20150629
5316 6 4 20151014
5317 6 0 20150222
5318 5 9 20150313
5319 6 0 20151223
5320 107 20150110
5321 35 20150216
5322 58 69 2 20150821
5323 23 6 43 3 20151003
5324 65 49 20140403
5325 61 59 20140502
5326 44 2 20140521
5327 7 27 3 20150127
5328 0 114 20150408
5329 10 5 20150618
5330 48 0 20140518
5331 18 1 20150125
5332 28 59 20151122
5333 74 37 0 20141230
5334 17 1 20150905
5335 44 68 20151222
5336 69 0 20140531
5337 106 37 44 1 20150329
5338 4 2 20150509
5339 70 1 20150521
5340 9 4 20151027
5341 3 158 5 20151125
5342 3 4 48 20140412
5343 4 17 1 20150411
5344 16 21 20151006
5345 1 3 20151121
5346 10 0 20140302
5347 127 1 20141129
5348 9 37 20151119
5349 13 0 20141215
5350 11 1 20150124
5351 0 9 2 20150728
5352 1 72 3 20150826
5353 24 118 20140304
5354 59 11 20140815
5355 75 65 20140823
5356 18 17 23 20150304
5357 4 20150620
5358 3 107 5 20150822
5359 127 0 20141206
5360 32 37 20150818
5361 4 0 20140214
5362 1 1 20140405
5363 82 2 20140627
5364 70 3 20140920
5365 17 4 20150104
5366 8 40 20140413
5367 95 1 20150824
5368 3 2 20150928
5369 12 3 20151208
5370 37 0 20150314
5371 52 1 20150529
5372 0 128 60 20151018
5373 1 43 20151208
5374 7 0 20140525
5375 0 71 20140603
5376 0 2 20150619
5377 21 20150731
5378 17 3 20150601
5379 14 53 20150124
5380 40 1 20150326
5381 52 2 20150410
5382 16 55 4 3 20150710
5383 8 71 44 4 20151227
5384 1 37 68 0 20140117
5386 72 2 20150629
5387 70 3 20150718
5388 43 133 20151027
5389 20 69 20140831
5390 34 1 20140927
5391 75 2 20141028
5392 37 37 20141217
5393 63 3 4 20141219
5394 3 73 20150118
5395 6 6 20150608
5396 8 7 20150821
5397 8 8 20150824
5398 4 34 11 20140127
5399 7 1 20150612
5400 52 99 20140608
5401 73 1 20151015
5402 4 0 20140921
5403 50 1 20150108
5404 65 20 1 0 81 21 17 2 20150706
5405 73 0 20140117
5406 49 44 20140531
5407 44 74 20150326
5408 16 0 20150701
5409 70 0 20140603
5410 37 1 20140622
5411 17 2 20141116
5412 18 4 20150213
5413 37 0 20140102
5414 18 1 20141113
5415 12 25 20150802
5416 10 0 20140103
5417 151 1 20140429
5418 17 20150630
5419 1 3 20150927
5420 96 95 0 20150408
5421 72 1 20150513
5422 41 1 20150715
5423 8 3 59 3 20150923
5424 39 4 20151023
5425 7 20 43 116 134 73 20151103
5426 17 0 20140530
5427 60 1 20140922
5428 16 2 20141013
5429 37 3 20141211
5430 28 17 20150909
5431 23 10 69 44 135 5 20151115
5432 37 6 20151120
5433 23 34 0 20141002
5434 6 24 20150518
5435 74 2 20150707
5436 2 13 19 20150920
5437 9 4 20151201
5438 11 0 20150130
5439 37 1 20150217
5440 102 0 20140131
5441 21 1 20140319
5442 1 25 20140420
5443 68 3 20140910
5444 4 20150904
5445 65 5 20151024
5446 11 20151120
5447 82 0 20140109
5448 16 74 20140625
5449 79 2 20140705
5450 70 3 20141015
5451 103 70 20141119
5452 1 5 20141218
5453 73 6 20150708
5454 49 0 20140530
5455 70 68 20141112
5456 31 2 20141207
5457 59 3 20150225
5458 48 1 0 20140525
5459 20 51 20140905
5460 3 17 20150619
5461 44 133 20140413
5462 21 1 20141017
5463 109 2 20150521
5464 37 0 20140302
5465 55 1 20140817
5466 3 24 2 20141113
5467 17 6 20150618
5468 18 4 20150706
5469 65 16 75 20140312
5470 16 127 135 13 20140502
5471 18 77 24 110 44 49 24 2 20150324
5472 22 3 20150615
5473 53 4 20140209
5474 37 37 1 20140408
5475 118 2 20140509
5476 21 3 20140619
5477 50 4 20140910
5478 38 62 20150717
5479 6 20150924
5480 37 135 34 0 20140203
5481 37 141 20140425
5482 23 2 20140508
5483 11 3 20141015
5484 0 0 79 4 20150106
5485 16 5 20150511
5486 17 1 61 122 6 20150916
5487 11 0 20140425
5488 39 21 70 20150312
5489 8 49 2 20150526
5490 24 3 20150629
5491 8 0 20140602
5492 21 20141108
5493 42 37 20141124
5494 70 3 20141218
5495 4 4 20150418
5496 23 3 20151024
5497 21 57 0 20140701
5498 1 1 20140702
5499 1 64 68 55 20141114
5500 23 3 20150117
5501 25 0 0 70 120 120 121 4 20151003
5502 37 21 20151221
5503 30 0 20140820
5504 1 1 20150411
5505 3 37 20151129
5506 22 0 20150223
5507 72 37 20150303
5508 79 113 1 20151117
5509 1 84 0 20140209
5510 67 82 20140610
5511 1 23 20151107
5512 2 0 20150810
5513 2 13 1 20150910
5514 58 0 20140825
5515 13 1 20140930
5516 19 2 20141027
5517 3 20141214
5518 24 136 55 4 20150519
5519 7 9 152 13 5 20150703
5520 118 4 20150921
5521 57 7 20150924
5522 35 8 20151022
5523 27 9 20151204
5524 24 118 0 20140723
5525 0 20150421
5526 49 43 0 20140523
5527 16 23 1 20150815
5528 67 24 20150917
5529 98 0 20140817
5530 2 1 20150125
5531 3 2 20150526
5532 10 23 20140721
5533 6 114 20140805
5534 3 2 20150308
5535 1 70 17 24 20150424
5536 69 6 4 20150930
5537 39 154 20151120
5538 37 20141204
5539 49 1 69 1 20150619
5540 106 2 20151103
5541 17 120 24 0 20140405
5542 25 1 20141022
5543 40 20 1 20141129
5544 134 3 20150214
5545 45 0 20150324
5546 1 1 20151207
5547 9 0 20140913
5548 50 1 20141011
5549 43 11 2 20150216
5550 9 70 58 3 20150703
5551 34 4 20151122
5552 73 16 0 20140101
5553 74 1 20140524
5554 114 2 20140902
5555 12 3 20151226
5556 37 73 0 20140301
5557 0 17 1 20140329
5558 33 2 20150307
5559 49 68 4 3 20151014
5560 55 59 20140218
5561 3 1 20140520
5562 21 2 20141122
5563 110 3 20150302
5564 18 102 20150907
5565 21 4 12 5 20151117
5566 3 95 20140207
5567 24 3 23 1 20140602
5568 118 2 20140816
5569 0 15 68 3 20141113
5570 6 4 20150318
5571 16 5 20150524
5572 55 6 20150923
5573 23 49 0 20140531
5574 65 20140814
5575 13 2 20140924
5576 17 3 20141110
5577 59 4 20150315
5578 23 58 20140511
5579 44 1 20140629
5580 118 2 20151023
5581 68 0 20141217
5582 4 70 20151203
5583 113 0 20140709
5584 0 1 20140726
5585 4 2 20150218
5586 0 16 0 20140322
5587 18 1 20150331
5588 113 15 103 0 20140817
5589 65 25 20141219
5590 127 2 20150402
5591 37 3 20150908
5592 0 0 20150601
5593 34 1 79 1 20150721
5594 133 2 20150810
5595 18 3 20150907
5596 118 2 72 20140525
5597 20 20141023
5598 114 2 20150306
5599 8 148 42 68 82 17 37 20150408
5600 26 75 73 4 20150620
5601 3 68 20150824
5602 18 7 20151216
5603 43 0 20140114
5604 102 1 20150802
5605 21 50 20140102
5606 9 60 20140109
5607 4 24 20140609
5608 70 37 3 20140822
5609 63 4 20140907
5610 18 37 5 20150110
5611 19 6 20150222
5612 18 27 7 20151017
5613 6 8 20151127
5614 2 0 20150908
5615 16 0 20140628
5616 3 93 1 20140820
5617 28 0 2 20140905
5618 50 3 20141227
5619 3 4 20150513
5620 2 94 20150614
5621 18 37 20150824
5622 28 1 20141223
5623 24 43 20151011
5624 37 0 20140626
5625 37 113 1 20141020
5626 7 4 20141105
5627 10 13 35 113 69 3 20150705
5628 37 4 20150910
5629 17 4 1 5 20151109
5630 4 6 20151226
5631 72 99 20140908
5632 56 1 20150526
5633 26 2 20150723
5634 0 44 1 20150725
5635 6 4 20151118
5636 8 105 20140401
5637 69 25 20140503
5638 1 2 20141107
5639 1 35 20141206
5640 28 4 20150119
5641 1 5 20151208
5642 1 0 20140625
5643 2 55 82 71 20140815
5644 17 17 4 2 20150424
5645 74 3 20150523
5646 43 4 20150908
5647 37 102 0 20140303
5648 114 79 1 20140623
5649 0 19 70 2 20150410
5650 2 0 1 20150503
5651 6 4 20150516
5652 16 0 20140520
5653 2 4 19 127 70 1 20150627
5654 4 2 20150825
5655 3 3 15 3 20151019
5657 52 0 20141120
5658 0 1 20150118
5659 23 2 20150131
5660 37 37 24 0 1 16 14 68 3 20150421
5661 27 4 20150721
5662 6 0 20140629
5663 3 1 20140916
5664 18 24 20150821
5665 3 20150209
5666 21 44 20151025
5667 39 34 20140212
5668 56 1 20140301
5669 73 2 20140807
5670 125 3 20140912
5671 1 118 20141225
5672 7 5 20150330
5673 6 6 20150806
5674 49 7 19 69 4 7 20150926
5675 3 0 20140605
5676 49 1 20140913
5677 0 2 20151007
5678 57 0 20140507
5679 99 26 1 20141110
5680 32 2 20141229
5681 112 10 20150606
5682 1 20150824
5683 102 0 20150116
5684 16 1 20150309
5685 37 0 20140526
5686 1 1 20140907
5687 26 2 20141113
5688 19 3 20141210
5689 24 4 20150122
5690 6 1 20150415
5691 28 157 6 20150702
5692 21 1 43 20150807
5693 4 13 20140503
5694 37 3 1 20140722
5695 15 2 20140807
5696 3 3 20141023
5697 16 20151202
5698 16 0 20140216
5699 3 1 20140826
5700 1 2 20150720
5701 9 1 20151203
5702 1 0 20141119
5703 95 1 20150414
5704 7 15 20150928
5705 73 0 20140214
5706 20 1 20150511
5707 17 42 0 20140124
5708 37 17 20140510
5709 13 75 2 20140713
5710 16 3 20150306
5711 18 17 4 20150413
5712 3 18 4 114 1 5 20150814
5713 21 10 20140108
5714 37 20140529
5715 42 60 2 20140618
5716 21 3 20141202
5717 8 9 56 49 3 27 21 71 4 20150309
5718 113 74 20150602
5719 8 17 0 20150315
5720 3 1 20150320
5721 44 0 20140407
5722 73 70 20140609
5723 4 2 20140828
5724 4 73 114 4 69 37 79 37 3 20150320
5725 1 4 20150731
5726 3 5 20150813
5727 48 11 20140209
5728 36 39 1 20140901
5729 114 68 2 20150722
5730 10 0 20150904
5731 64 4 20151130
5732 76 0 20140504
5733 16 1 20140601
5734 18 81 20150104
5735 1 3 20150227
5736 16 0 20140308
5737 46 33 20140417
5738 15 2 20140506
5739 37 20141031
5740 21 20151212
5741 10 0 20140308
5742 69 1 20140525
5743 59 2 20141202
5744 29 3 20150105
5745 128 124 20140428
5746 94 4 1 20150114
5747 65 2 20150511
5748 0 3 20150611
5749 50 4 20150721
5750 144 5 20150811
5751 7 112 20140501
5752 1 1 20151107
5753 121 0 20140109
5754 17 21 20150926
5755 15 18 63 17 0 20150416
5756 74 3 20151031
5757 6 20150421
5758 6 10 13 20150504
5759 4 25 1 107 19 43 2 20151129
5760 63 0 20140223
5761 3 72 64 1 20150507
5762 3 2 20151014
5763 14 70 0 20140723
5764 23 1 20141122
5765 6 0 37 2 20150228
5766 74 118 3 20150908
5767 1 21 23 4 20151101
5768 23 5 20151211
5769 68 0 20140303
5770 4 57 20140722
5771 33 2 20141217
5772 3 74 84 3 20150108
5773 49 20150302
5774 4 5 20151203
5775 49 4 20150112
5776 57 9 1 1 20150216
5777 27 79 2 20150916
5778 64 3 20151217
5779 9 6 3 69 58 0 20151004
5780 1 1 20151015
5781 18 0 20141006
5782 7 1 20141214
5783 23 2 20141226
5784 3 3 20150507
5785 73 4 20150522
5786 21 43 20140124
5787 6 20 1 20140906
5788 56 21 20151107
5789 3 101 74 10 57 16 3 20151209
5790 16 0 20140626
5791 50 1 20141013
5792 110 99 2 20141105
5793 1 17 20150422
5794 6 20150919
5795 106 11 20140331
5796 3 1 20150815
5797 154 0 20140809
5798 37 19 17 1 20140907
5799 59 2 20150131
5800 23 118 75 0 20140707
5801 21 0 20150502
5802 8 2 20150717
5803 64 0 20140104
5804 52 1 1 20140707
5805 112 20150227
5806 3 20140427
5807 103 16 1 20140524
5808 40 2 20140705
5809 0 3 20141108
5810 44 4 20141204
5811 22 19 20150711
5812 1 70 6 20150805
5813 37 0 20140813
5814 49 43 20140814
5815 56 2 20150811
5816 49 20151017
5817 11 0 20140402
5818 16 17 20140718
5819 23 2 20151110
5820 1 24 14 34 3 20151210
5821 42 83 20140514
5822 25 1 20141211
5823 23 3 23 2 20150114
5824 79 3 20150127
5825 17 4 20151109
5826 25 100 114 20151129
5827 20 0 20140127
5828 16 63 1 20140606
5829 70 1 2 20141013
5830 72 11 3 20141109
5831 40 4 20150604
5832 4 5 20151113
5833 8 0 20141020
5834 67 1 20150705
5835 3 21 20151127
5836 18 38 3 20151212
5837 155 0 20141026
5838 56 1 20150518
5839 29 2 20150825
5840 74 79 44 95 20151211
5841 10 0 20140908
5842 3 1 20150430
5843 63 70 20140311
5844 24 1 20140903
5845 11 2 20141027
5846 25 20141114
5847 135 4 20141128
5848 23 5 20150217
5849 79 20150621
5850 25 0 4 23 4 1 7 20150831
5851 1 0 3 68 8 20151219
5852 63 127 20141210
5853 8 1 20151012
5854 82 30 0 20140607
5855 82 16 20141130
5856 48 2 20150125
5857 17 36 23 73 100 20151203
5858 7 1 20150208
5859 2 40 17 20140427
5860 37 61 20140507
5861 12 13 20141115
5862 153 70 3 20141229
5863 18 63 20150113
5864 1 5 20150401
5865 26 71 55 6 20150517
5866 23 20140117
5867 10 20140802
5868 71 2 20141119
5869 29 73 20150406
5870 55 98 33 20150803
5871 37 59 20150808
5872 101 6 20150825
5873 57 5 20140304
5874 48 59 20150826
5875 3 3 2 20151015
5876 25 0 20140907
5877 72 1 20141027
5878 20 3 20150211
5879 1 3 20150401
5880 26 69 0 20140206
5881 69 114 1 20140427
5882 124 52 2 20140510
5883 10 3 20150524
5884 72 4 20150711
5885 27 0 20140114
5886 3 20140817
5887 6 2 20150215
5888 153 0 20140712
5889 6 1 20150203
5890 22 2 20150425
5891 24 0 20140115
5892 31 1 20150127
5893 151 79 20140114
5894 95 4 20140906
5895 1 2 20141013
5896 69 3 20151204
5897 70 20140411
5898 2 1 20140815
5899 3 2 20150716
5900 4 37 3 20150803
5901 113 4 20150929
5902 1 0 20140901
5903 3 17 20141223
5904 49 19 27 2 20150610
5905 21 3 20151214
5906 49 137 0 20140220
5907 17 67 20140416
5908 17 2 20151002
5909 3 75 20140311
5910 127 75 1 20140324
5911 1 5 20140608
5912 22 44 20150125
5913 8 12 20150528
5914 8 1 69 20151010
5915 18 4 20151223
5916 21 0 20140318
5917 1 1 20150817
5918 22 2 20150920
5919 17 0 20140410
5920 2 23 20140427
5921 3 2 20140918
5922 21 39 20150210
5923 63 2 52 99 4 20150724
5924 8 5 20151113
5925 16 37 0 20140225
5926 15 148 11 20140624
5927 68 2 20140706
5928 21 82 134 20141009
5929 57 113 20151115
5930 2 0 20140917
5931 23 37 102 82 20150628
5932 17 48 20151215
5933 17 23 124 0 20140418
5934 141 3 1 20140501
5935 128 49 4 123 20141122
5936 74 3 20151003
5937 1 4 20151127
5938 8 18 69 4 122 5 20151130
5939 6 10 20141230
5940 4 1 20150326
5941 99 73 70 2 20150728
5942 80 0 20140424
5943 19 17 20140609
5944 1 2 20140731
5945 18 68 120 20150726
5946 76 4 20150804
5947 9 26 20151028
5948 37 64 20140409
5949 43 1 20141024
5950 22 1 20150317
5951 22 3 20150516
5952 32 68 15 0 20140118
5953 23 1 20140610
5954 57 10 20140619
5955 4 3 20141106
5956 65 122 4 20150217
5957 71 5 20150411
5958 21 10 6 20150507
5959 95 7 20150604
5960 1 8 20150716
5961 82 9 20151018
5962 37 0 20140218
5963 3 1 20140711
5964 4 2 20140922
5965 42 3 20141212
5966 7 4 20150415
5967 18 5 20150827
5968 68 0 20140401
5969 23 1 20140515
5970 9 1 70 2 20150105
5971 21 3 20150119
5972 24 29 23 16 4 20150529
5973 9 5 20150831
5974 3 69 20140907
5975 4 1 20150912
5976 118 1 2 90 2 20151021
5977 8 31 20151109
5978 67 0 20140223
5979 27 26 20140606
5980 65 20151226
5981 113 150 0 20140304
5982 4 1 20140712
5983 20 2 20150127
5984 3 0 20150201
5985 1 98 1 20150330
5986 135 0 20140403
5987 34 95 1 1 20141030
5988 8 129 2 20150705
5989 1 39 5 3 20150818
5990 16 4 20150911
5991 48 0 20141011
5992 1 20150815
5993 7 114 70 0 20140213
5994 3 37 20140618
5995 49 17 2 20140621
5996 34 15 3 20140828
5997 108 4 20150220
5998 37 0 20150425
5999 49 0 77 0 20140324
6000 21 59 20140817
6001 19 23 50 2 20150823
6002 0 3 20150826
6003 0 0 20151011
6004 18 1 20150204
6005 4 100 1 20150430
6006 0 36 20150514
6007 8 68 20150618
6008 62 0 20140319
6009 27 1 20141019
6010 49 16 20150822
6011 73 0 20140225
6012 127 1 20140318
6013 29 2 20150606
6014 49 98 20140519
6015 21 70 1 20140827
6016 56 16 20150228
6017 18 3 20150614
6018 21 18 19 63 75 74 82 20150620
6019 1 28 3 24 5 20151106
6020 24 0 20140213
6021 56 1 20140527
6022 2 2 20141030
6023 19 17 3 20141122
6024 37 4 20150128
6025 18 5 20150725
6026 21 71 20150929
6027 88 0 20141121
6028 59 0 16 37 14 20150409
6029 3 2 20150609
6030 13 0 20140320
6031 17 1 20140513
6032 50 3 20150127
6033 8 57 78 3 20150705
6034 135 4 20150919
6035 8 6 1 20151013
6036 3 126 84 20140223
6037 44 1 20140525
6038 29 39 37 20150203
6039 18 11 44 3 20150607
6040 10 24 24 4 20150715
6041 28 5 20150724
6042 16 6 20151221
6043 3 1 87 20140503
6044 14 1 20140622
6045 3 2 20141108
6046 2 103 3 20150115
6047 1 63 20150314
6048 22 5 20150428
6049 6 3 20140206
6050 1 1 20140609
6051 49 2 20150227
6052 1 3 20150329
6053 9 59 9 81 113 53 52 4 20150623
6054 74 20140201
6055 59 20140612
6056 18 44 20150220
6057 3 20150915
6058 16 0 20140804
6059 84 1 20150329
6060 82 68 20140130
6061 7 19 20140319
6062 68 2 20140606
6063 79 70 20150121
6064 102 4 20150517
6065 27 90 5 20150902
6066 12 6 20151028
6067 18 45 20141116
6068 69 13 1 20150101
6069 4 52 113 65 158 4 15 129 20150209
6070 114 3 20150908
6071 8 4 20151229
6072 0 20140927
6073 21 72 20141027
6074 3 2 20150128
6075 9 26 20150427
6076 37 4 20150617
6077 6 17 20150906
6078 33 25 0 20140207
6079 78 15 20141218
6080 68 59 20151230
6081 1 23 79 20140624
6082 18 102 17 20150315
6083 37 61 20150527
6084 24 27 20150724
6085 18 95 20151125
6086 48 95 0 20140519
6087 49 43 61 122 20140622
6088 2 2 20150608
6089 39 99 0 20140213
6090 84 98 20140222
6091 22 2 20140403
6092 141 3 20140731
6093 129 4 20150108
6094 25 10 43 5 20150721
6095 1 18 22 6 20151228
6096 28 61 0 20140428
6097 17 102 20141209
6098 8 1 20151114
6099 4 4 20150331
6100 7 1 20150422
6101 8 56 130 20150619
6102 10 3 20150728
6103 18 44 20150802
6104 1 20 127 118 69 49 20150903
6105 17 0 20141217
6106 72 3 1 20150901
6107 0 20140110
6108 17 20140803
6109 50 2 20140818
6110 0 39 20141014
6111 37 139 4 20141203
6112 0 37 5 20150625
6113 0 73 4 6 20151203
6114 1 13 0 20150206
6115 6 20 3 1 20150228
6116 8 128 73 27 2 20150430
6117 18 0 20150902
6118 7 19 1 20151103
6119 17 0 20141204
6120 8 3 34 20150618
6121 1 113 33 20151026
6122 26 68 0 20150913
6123 8 1 20151203
6124 22 2 20151227
6125 63 1 20150527
6126 9 1 20150616
6127 18 0 20140321
6128 37 23 43 1 20140607
6129 18 2 20140810
6130 21 137 20141130
6131 24 37 82 20150605
6132 0 1 20150606
6133 20 0 20140719
6134 18 1 20140921
6135 24 79 2 20150528
6136 18 4 32 3 20150622
6137 37 0 20140820
6138 60 146 26 20150417
6139 116 75 2 20150821
6140 135 0 20140523
6141 21 17 43 20141012
6142 23 38 2 20150501
6143 1 0 20140127
6144 57 63 20140419
6145 6 3 20140421
6146 17 73 20140606
6147 60 3 83 4 20140725
6148 1 70 44 20151101
6149 10 0 20140328
6150 18 1 20140808
6151 43 2 20141128
6152 17 49 34 20151101
6153 37 1 20140107
6154 14 17 20141022
6155 37 2 20141129
6156 6 6 1 38 17 79 3 20150124
6157 9 70 4 20150407
6158 88 3 5 20151205
6159 39 102 20141030
6160 24 79 1 20150714
6161 4 0 20140728
6162 26 43 1 20150211
6163 47 4 74 2 20150602
6164 3 43 0 20150520
6165 4 134 1 20150815
6166 3 43 20140216
6167 103 49 20140606
6168 21 43 2 20141105
6169 37 3 20150313
6170 60 4 20150423
6171 8 135 5 20150530
6172 4 0 20140124
6173 21 113 1 20140718
6174 8 10 43 20150222
6175 74 7 63 3 20150323
6176 3 4 4 20151229
6177 1 3 0 20150113
6178 37 0 20150723
6179 98 21 0 20140719
6180 0 44 16 1 20140720
6181 9 2 20140729
6182 79 3 20140901
6183 4 4 20141003
6184 1 32 11 20150215
6185 8 8 68 58 40 44 70 6 20150515
6186 79 0 20141107
6187 106 1 20150327
6188 1 17 2 20151229
6189 24 0 20150120
6190 68 1 1 20150811
6191 14 0 20140616
6192 72 17 20151029
6193 37 1 2 20151108
6194 82 0 20140821
6195 37 1 20140907
6196 23 4 20141119
6197 34 3 20141206
6198 43 114 4 20150612
6199 1 0 20140521
6200 44 68 1 20151113
6201 11 20151116
6202 4 70 0 20141011
6203 17 51 102 1 20150112
6204 37 69 37 20150212
6205 16 44 17 20150404
6206 1 3 20150704
6207 10 1 20140227
6208 44 2 20140611
6209 0 24 20140712
6210 64 1 20141224
6211 70 10 4 20150420
6212 15 125 12 20150608
6213 9 73 20151223
6214 158 37 0 20150110
6215 22 35 24 20150519
6216 2 39 2 20150818
6217 115 0 20140102
6218 22 44 20150228
6219 0 2 20150528
6220 8 3 20150624
6221 29 55 4 20150807
6222 35 139 20150928
6223 14 69 20141014
6224 48 1 20150630
6225 59 73 2 20150716
6226 136 72 20140401
6227 74 5 1 20140719
6228 83 2 20140825
6229 6 3 20141124
6230 3 17 20150316
6231 36 13 5 20150822
6232 50 153 20151211
6233 0 4 0 20150514
6234 16 113 1 20151011
6235 23 0 20140413
6236 18 1 20150227
6237 6 2 20150715
6238 24 18 22 69 61 23 3 20150729
6239 22 1 1 34 4 20151223
6240 8 62 5 20151224
6241 21 2 20140129
6242 21 50 1 20140224
6243 23 20140507
6244 6 14 20140615
6245 52 4 20140624
6246 73 5 5 20151024
6247 18 99 20151109
6248 14 0 20141201
6249 8 3 1 20150830
6250 0 1 2 20151027
6251 19 3 20151125
6252 11 73 37 4 20151218
6253 10 4 20141017
6254 135 1 20141123
6255 1 2 20141223
6256 44 69 3 20150509
6257 2 4 20150902
6258 20 0 20140126
6259 2 113 20140320
6260 2 20141107
6261 72 3 20141201
6262 19 4 20150522
6263 9 37 20150727
6264 18 74 161 20150802
6265 17 17 20150823
6266 18 10 59 20150208
6267 24 49 2 64 20150326
6268 6 2 22 37 17 36 31 2 20150808
6269 3 3 20151025
6270 150 0 20140402
6271 21 2 1 69 1 20140719
6272 0 1 70 20150422
6273 118 37 3 20151019
6274 18 18 94 4 20151214
6275 102 0 20140716
6276 32 1 20140803
6277 7 3 16 20141013
6278 16 3 20150326
6279 37 4 20150430
6280 2 135 5 20150504
6281 151 0 20141030
6282 18 35 118 37 20150301
6283 6 14 2 20150506
6284 68 0 20141203
6285 20 31 79 20150311
6286 8 2 20150314
6287 23 70 20140218
6288 73 1 20140704
6289 3 25 2 20150710
6290 15 77 3 20150827
6291 18 2 58 4 20150915
6292 16 0 20140303
6293 28 0 49 20150428
6294 17 2 20150716
6295 37 69 0 20140301
6296 37 16 103 1 20140626
6297 15 118 2 20140906
6298 16 3 20150502
6299 28 55 45 20151206
6300 9 0 20140216
6301 17 20140424
6302 7 2 20140919
6303 10 100 59 20151115
6304 4 0 20140129
6305 113 3 5 20150916
6306 69 0 20140103
6307 1 1 20140111
6308 52 37 118 2 20140814
6309 56 45 20150522
6310 69 34 20140402
6311 7 0 20150421
6312 0 1 20150422
6313 15 11 19 5 3 20150708
6314 1 11 4 20150710
6315 18 19 5 20150711
6316 2 27 6 20151203
6317 71 0 20140126
6318 9 21 20140414
6319 7 136 20141011
6320 18 7 79 20150503
6321 8 4 20151220
6322 28 35 20150519
6323 25 1 20150822
6324 21 79 2 20151001
6325 27 0 20140221
6326 77 1 20140416
6327 4 2 20150304
6328 137 3 20150509
6329 18 1 4 20151108
6330 17 49 20151129
6331 23 37 0 20150307
6332 3 50 20150603
6333 56 73 20150503
6334 11 20150924
6335 27 0 20140407
6336 37 1 120 1 20140808
6337 21 21 103 2 20150303
6338 44 26 3 20150817
6339 8 1 20150922
6340 25 45 5 20151125
6341 37 0 20140402
6342 39 37 1 20141113
6343 26 16 13 20150307
6344 24 110 103 135 97 3 20150814
6345 122 1 0 20140903
6346 18 3 1 20150526
6347 58 73 20140411
6348 63 1 20140424
6349 1 2 20141116
6350 28 21 43 20151107
6351 7 82 74 20151129
6352 11 0 20140118
6353 1 1 20140327
6354 70 43 2 20140714
6355 25 55 3 3 20150126
6356 92 55 23 4 20150718
6357 72 103 5 20151129
6358 9 17 6 20151206
6359 35 3 0 20150106
6360 4 17 9 20150603
6361 38 28 1 20150803
6362 26 68 3 20151229
6363 7 0 20140508
6364 74 1 20140627
6365 29 27 49 10 16 69 2 20150326
6366 4 93 3 20150727
6367 43 0 20141210
6368 21 37 3 74 1 20150516
6369 67 70 20150703
6370 4 39 49 18 80 68 16 3 20150727
6371 8 3 49 20151009
6372 4 0 20140420
6373 18 146 1 20150719
6374 71 0 20140223
6375 16 1 20141027
6376 1 16 20150305
6377 50 157 20140502
6378 71 1 20140822
6379 14 2 20141026
6380 56 70 20141029
6381 74 4 20150301
6382 26 49 5 20151220
6383 1 64 64 0 20140330
6384 99 57 20140610
6385 15 102 20141029
6386 6 37 16 3 20150101
6387 37 96 4 20150124
6388 1 26 20140205
6389 36 135 1 20151124
6390 103 20140105
6391 114 1 20140428
6392 18 43 20140512
6393 56 24 3 20150508
6394 2 74 4 20151220
6395 75 0 20141118
6396 17 50 20150122
6397 2 20 19 59 2 20150419
6398 2 43 3 20150719
6399 4 141 20140414
6400 21 1 20140424
6401 35 108 2 20141007
6402 3 60 15 3 20150912
6403 1 151 4 20150930
6404 39 0 20140502
6405 31 1 20140705
6406 6 2 20141105
6407 17 4 20141122
6408 38 13 4 20150111
6409 0 5 20150413
6410 37 0 20140207
6411 19 1 20140301
6412 50 99 20141209
6413 118 15 3 20151019
6414 23 70 4 20151024
6415 142 13 20141012
6416 10 109 1 20150224
6417 26 10 20151214
6418 1 49 4 20150419
6419 51 127 12 23 68 1 20150820
6420 63 84 20140901
6421 69 1 20150910
6422 24 4 4 20150915
6423 4 3 20140402
6424 74 95 1 20140508
6425 17 31 68 2 20150224
6426 37 11 3 20150604
6427 23 0 20140113
6428 157 1 20140506
6429 16 2 20141012
6430 70 24 20150505
6431 69 4 20150511
6432 4 3 23 20150707
6433 61 0 20140204
6434 1 20140520
6435 21 2 20141117
6436 27 3 20141208
6437 20 26 124 17 4 20150708
6438 119 17 5 20151116
6439 31 0 20140112
6440 4 4 20141020
6441 1 37 2 20150806
6442 4 4 0 20140102
6443 68 20140614
6444 39 2 20140716
6445 1 1 3 20150113
6446 17 4 20150306
6447 67 1 20150904
6448 24 75 20140316
6449 37 24 20141217
6450 37 37 2 20150127
6451 1 20150406
6452 28 68 20150519
6453 8 27 5 20151119
6454 149 0 20140516
6455 87 1 20140707
6456 7 4 2 20150812
6457 63 3 59 4 20140209
6458 59 114 1 20140530
6459 88 34 2 20150905
6460 23 3 20151227
6461 32 20140226
6462 7 1 20140512
6463 7 70 20140809
6464 39 3 20150324
6465 7 51 17 20150505
6466 6 74 5 20150713
6467 37 78 64 20150810
6468 10 37 0 20141008
6469 1 1 20141119
6470 35 98 20141126
6471 17 6 121 3 20141225
6472 24 4 4 20150305
6473 16 74 20151106
6474 38 158 0 20140708
6475 0 13 20141009
6476 2 2 20150401
6477 4 153 3 20150622
6478 4 98 0 20140422
6479 118 1 20150409
6480 153 2 20150420
6481 17 3 20150513
6482 1 37 20151121
6483 2 0 20140829
6484 118 63 16 1 20140906
6485 24 34 20150525
6486 11 20151204
6487 6 125 0 20140131
6488 3 31 20140224
6489 43 2 20150704
6490 92 37 49 3 20150728
6491 37 0 20140609
6492 34 1 20141023
6493 18 1 0 17 4 62 2 20150116
6494 0 3 20150412
6495 63 90 4 20150906
6496 82 77 20150924
6497 75 20151225
6498 2 0 20150314
6499 0 0 20150122
6500 118 1 20150529
6501 37 127 114 0 20140112
6502 20 153 1 20150209
6503 6 71 2 20150904
6504 7 3 20151027
6505 17 20151112
6506 3 5 20151217
6507 21 0 20140820
6508 10 1 20141015
6509 50 68 1 2 20150902
6510 2 1 20151128
6511 24 3 20150201
6512 3 21 69 1 20150913
6513 23 2 20151118
6514 1 58 0 20140729
6515 3 13 20141213
6516 22 2 20150109
6517 4 0 20140729
6518 21 1 20140816
6519 4 17 74 2 20150219
6520 4 23 20150227
6521 1 18 17 3 27 20150406
6522 35 36 1 58 5 20150412
6523 1 7 0 0 1 68 3 6 20151113
6524 82 102 0 20140328
6525 21 51 20140519
6526 12 2 20141024
6527 24 11 20151218
6528 1 64 20140209
6529 1 1 20140728
6530 6 2 20150906
6531 3 3 20151102
6532 17 4 20151125
6533 37 20140807
6534 2 21 20140812
6535 22 3 17 20140913
6536 21 34 1 3 20150314
6537 94 4 20150415
6538 103 5 20150518
6539 18 22 17 113 20150210
6540 130 1 0 1 20150712
6541 4 2 20151122
6542 31 0 20141203
6543 7 35 55 73 1 20150522
6544 48 137 20150624
6545 1 3 20151025
6546 21 0 20150224
6547 18 49 20150827
6548 7 37 55 2 20151007
6549 154 79 20140103
6550 63 1 20140524
6551 17 145 2 20140920
6552 1 20150929
6553 24 4 20151115
6554 68 24 16 114 20140106
6555 44 1 20140117
6556 50 59 114 20150321
6557 18 3 20150323
6558 49 4 20150806
6559 107 5 20151015
6560 26 6 20151217
6561 63 0 20140804
6562 49 20150107
6563 0 63 20 2 20150704
6564 26 135 20140618
6565 37 1 20140622
6566 58 2 20140819
6567 18 62 20151128
6568 0 20140412
6569 16 1 20140509
6570 7 38 2 20140807
6571 21 3 20140907
6572 15 4 20141216
6573 74 5 20150909
6574 17 6 20151120
6575 23 7 20151121
6576 21 37 0 20140131
6577 37 1 20141101
6578 17 2 20150114
6579 17 18 1 70 82 51 77 3 20150415
6580 0 4 20150709
6581 37 3 20150927
6582 18 0 20140926
6583 44 1 20150404
6584 9 20150418
6585 21 3 20151023
6586 21 62 0 20140109
6587 2 91 20140327
6588 1 2 20150317
6589 9 3 20150503
6590 50 0 20140528
6591 56 1 20140921
6592 102 2 20151006
6593 37 54 84 20151227
6594 94 0 20140218
6595 90 1 20140316
6596 21 20150811
6597 82 54 20141223
6598 56 6 20150108
6599 29 2 20150525
6600 3 69 3 20150611
6601 50 4 20151121
6602 7 11 0 20140823
6603 74 1 20141226
6604 10 31 2 20150224
6605 8 48 20150804
6606 17 122 20151020
6607 17 26 20140117
6608 0 63 20140525
6609 1 103 40 4 20140613
6610 95 3 20141107
6611 8 36 158 4 20150203
6612 24 152 1 27 5 20150805
6613 3 6 20150909
6614 37 7 20151108
6615 3 0 20150401
6616 73 59 20140113
6617 13 44 79 20140528
6618 1 2 20150703
6619 22 28 1 118 38 3 20150817
6620 18 107 75 49 37 4 20151113
6621 18 3 20140611
6622 23 1 20141021
6623 55 2 20150513
6624 7 20150719
6625 17 0 20140709
6626 1 20140919
6627 24 2 20141202
6628 24 3 20150415
6629 18 22 20151009
6630 63 6 74 20151205
6631 50 25 6 20151220
6632 7 157 20150212
6633 1 1 20150405
6634 18 42 20151215
6635 0 0 0 118 37 20151227
6636 6 0 20151230
6637 7 0 20150515
6638 37 1 20150712
6639 71 0 20140312
6640 10 1 20140925
6641 117 2 20141027
6642 56 23 3 20150310
6643 24 1 4 20150904
6644 21 76 5 20151024
6645 18 6 20151207
6646 5 0 20140421
6647 44 23 20140717
6648 8 2 20150427
6649 101 1 72 3 20150501
6650 153 4 20151218
6651 48 0 20141022
6652 17 1 20150210
6653 22 2 20150308
6654 37 150 3 20150602
6655 2 1 20151015
6656 4 0 20140317
6657 1 1 20150819
6658 1 0 20140820
6659 101 1 20150304
6660 67 55 3 100 69 75 2 20150403
6661 57 4 2 1 11 63 3 20150413
6662 4 0 20140113
6663 48 1 20140417
6664 12 2 20140901
6665 87 3 20141211
6666 74 4 20150203
6667 20 68 20140625
6668 22 107 74 1 20140723
6669 65 23 2 20140817
6670 70 44 20140912
6671 3 4 20140914
6672 37 72 5 20141215
6673 6 20141221
6674 6 20 21 34 70 7 20150307
6675 9 8 20151226
6676 17 0 20140512
6677 57 13 141 20140710
6678 18 69 20140828
6679 131 3 20141026
6680 8 4 20150622
6681 52 3 20140316
6682 73 1 20140501
6683 16 26 20140531
6684 8 3 20150804
6685 0 20150910
6686 20 21 20151002
6687 9 118 20140114
6688 17 1 20141120
6689 3 2 20150130
6690 24 4 3 3 20150302
6691 9 3 4 20150326
6692 43 5 20151109
6693 60 69 20140507
6694 6 64 68 1 20140913
6695 18 17 2 20151027
6696 0 1 20151124
6697 0 24 76 0 20140328
6698 1 49 163 1 20140810
6699 153 2 20140819
6700 10 3 20150218
6701 127 122 4 20151026
6702 39 5 20151208
6703 21 34 82 0 20140306
6704 17 1 20140416
6705 37 2 20140424
6706 8 3 20140623
6707 1 4 20150111
6708 3 5 20150510
6709 37 24 1 6 20150615
6710 74 19 20140622
6711 40 20150327
6712 8 2 20151003
6713 0 21 65 70 3 20151119
6714 63 1 1 0 20140517
6715 74 4 20140928
6716 3 2 20150213
6717 37 10 20150314
6718 18 0 20150517
6719 22 1 20150913
6720 4 2 20151023
6721 81 0 20140504
6722 21 74 20150216
6723 132 17 57 73 2 20150622
6724 3 3 20150628
6725 18 0 20140226
6726 49 1 20140608
6727 3 1 20150815
6728 19 44 20140321
6729 141 20140513
6730 37 70 20140918
6731 4 72 13 20141018
6732 6 4 20150426
6733 16 5 20150925
6734 39 25 37 53 149 6 20151219
6735 43 0 20141201
6736 34 1 20141225
6737 21 4 20150223
6738 2 3 20150607
6739 91 1 20151024
6740 0 0 20151117
6741 15 1 20151017
6742 74 50 20140201
6743 17 11 1 20140927
6744 49 16 20141126
6745 28 124 69 118 1 87 102 3 20150224
6746 73 15 4 20151019
6747 21 5 20151202
6748 70 0 20140101
6749 68 1 20140918
6750 2 2 20150106
6751 0 0 20140530
6752 82 14 1 20140602
6753 23 2 20140604
6754 25 37 3 20140611
6755 82 4 20140730
6756 2 0 20150201
6757 50 48 31 6 20150531
6758 52 0 20140625
6759 49 68 1 20150819
6760 3 2 20151221
6761 56 0 20150112
6762 0 73 0 20140412
6763 1 1 20140619
6764 18 37 20150214
6765 18 3 20150402
6766 3 6 1 8 107 3 68 19 4 20150701
6767 37 5 20150901
6768 17 0 20140617
6769 21 1 20140823
6770 1 26 20140906
6771 43 1 99 20150301
6772 4 4 20150302
6773 0 122 20151004
6774 19 17 20140902
6775 50 1 20150411
6776 18 12 20151224
6777 10 0 20150220
6778 65 20150607
6779 37 0 20140920
6780 11 1 20150620
6781 115 74 20150627
6782 1 3 20150706
6783 7 0 20140128
6784 3 1 20150727
6785 18 1 20150828
6786 6 1 16 20151010
6787 2 48 37 0 20150417
6788 28 44 20150722
6789 133 0 20141128
6790 0 3 20150121
6791 3 4 2 20150604
6792 158 69 20140218
6793 3 8 18 27 69 17 35 103 20150424
6794 18 73 20150922
6795 73 0 20150512
6796 73 2 20150629
6797 49 0 20140329
6798 49 1 20140604
6799 21 2 20140608
6800 11 3 20150313
6801 73 4 20150424
6802 49 5 20150701
6803 8 8 10 68 69 6 20150818
6804 1 0 20140924
6805 3 1 20150913
6806 134 2 20151109
6807 22 1 20140206
6808 20 88 20140407
6809 40 2 20140416
6810 9 3 20140513
6811 3 33 20140813
6812 0 3 20141016
6813 82 3 6 20141025
6814 37 70 20141109
6815 21 8 20150114
6816 6 22 20150619
6817 114 0 20140805
6818 10 1 20140923
6819 21 2 20141030
6820 21 3 20150910
6821 1 0 20141021
6822 4 1 20150317
6823 4 2 20150708
6824 3 6 44 31 50 52 82 23 3 20150828
6825 1 0 20140204
6826 21 20140206
6827 70 2 20150124
6828 7 26 49 3 20150821
6829 10 4 20150904
6830 2 122 5 20151120
6831 0 0 20150122
6832 7 23 1 20150819
6833 22 36 20141210
6834 18 68 20150626
6835 56 0 20150225
6836 4 82 20150404
6837 6 58 20140312
6838 18 1 20141022
6839 1 2 20141101
6840 10 20141204
6841 49 57 31 4 20150326
6842 52 5 20150405
6843 1 75 6 20150903
6844 3 0 20140119
6845 61 1 20140416
6846 58 55 20141102
6847 6 3 20151006
6848 137 100 4 20151212
6849 3 0 20140530
6850 79 4 20141121
6851 63 2 20150416
6852 86 0 20141126
6853 3 1 20151001
6854 7 0 20140718
6855 58 120 20140801
6856 50 15 20140815
6857 47 1 84 20150423
6858 63 4 20151019
6859 114 0 20140413
6860 1 1 20150915
6861 37 0 20140107
6862 0 41 20140723
6863 8 26 20150908
6864 20 3 20151017
6865 60 118 0 20140706
6866 35 1 20150509
6867 35 47 13 3 1 113 79 2 20151031
6868 3 43 20151011
6869 1 4 20150504
6870 1 1 20151013
6871 31 70 20140114
6872 17 1 20141113
6873 17 2 20150122
6874 2 3 20150227
6875 3 40 20150506
6876 49 0 20150501
6877 58 16 21 19 20150508
6878 1 4 0 20140216
6879 21 1 20141218
6880 3 2 20150410
6881 6 25 26 34 3 20150419
6882 1 4 20150530
6883 4 26 20140407
6884 18 59 20150104
6885 70 0 20140610
6886 69 1 20150708
6887 44 70 20150806
6888 17 72 0 20150623
6889 21 121 20150707
6890 113 11 20150822
6891 63 37 20140904
6892 74 1 20151216
6893 43 0 20140827
6894 57 39 20150411
6895 59 2 103 0 20140704
6896 50 1 20140821
6897 75 75 20140918
6898 106 37 20150126
6899 16 69 0 20140131
6900 21 3 20140807
6901 16 21 20150612
6902 18 82 26 20151010
6903 56 70 0 20140105
6904 50 1 20140901
6905 25 128 20141013
6906 2 3 20150329
6907 18 0 74 3 70 20151124
6908 1 5 20151210
6909 1 0 20140311
6910 37 44 37 20150329
6911 3 1 0 2 20150513
6912 56 34 69 3 20150808
6913 29 4 20151217
6914 17 23 20141127
6915 25 1 20150223
6916 1 7 17 2 20150814
6917 147 21 11 3 20151126
6918 118 0 20140130
6919 25 3 20140404
6920 6 124 20151009
6921 22 10 20141016
6922 70 1 20151213
6923 28 73 97 0 20141023
6924 17 1 20150818
6925 74 60 6 10 99 59 4 2 20150913
6926 65 0 20140213
6927 16 28 19 1 20150414
6928 0 6 16 4 37 61 20150426
6929 82 3 20150817
6930 46 135 0 20140112
6931 3 11 1 20141016
6932 0 2 20150313
6933 48 3 20150803
6934 39 0 20150105
6935 24 68 55 114 20150330
6936 6 61 2 20151206
6937 12 48 20140314
6938 74 3 1 20141121
6939 60 4 59 20150208
6940 49 25 20150513
6941 18 21 62 26 4 20150516
6942 18 20151120
6943 13 0 20141117
6944 70 20141220
6945 10 6 20151125
6946 52 0 20140228
6947 17 1 20140511
6948 10 2 20140625
6949 82 3 20150115
6950 21 4 20151219
6951 95 0 20141107
6952 11 1 20150219
6953 77 2 20150517
6954 4 0 20140217
6955 73 70 1 20141015
6956 37 43 20150123
6957 1 0 20140302
6958 8 59 20140625
6959 19 2 20141015
6960 9 49 3 20141113
6961 9 4 20150708
6962 18 17 20140410
6963 3 63 20140503
6964 118 2 20150427
6965 2 17 6 129 37 3 20151104
6966 1 0 20150524
6967 16 0 20141125
6968 22 1 20141214
6969 37 2 20150224
6970 18 3 20151104
6971 21 17 20151124
6972 70 82 57 20140718
6973 24 2 1 20150201
6974 100 2 20150214
6975 74 130 0 20140102
6976 1 95 1 20140616
6977 22 69 34 20140828
6978 99 3 20141219
6979 134 49 20150104
6980 82 5 20150628
6981 94 6 20151107
6982 4 7 20151120
6983 5 16 0 20140110
6984 10 1 20140521
6985 56 15 20140902
6986 158 3 20140908
6987 35 4 20141224
6988 3 5 20151008
6989 12 4 21 113 6 20151127
6990 5 0 20140119
6991 71 26 1 20140406
6992 49 19 99 2 20140516
6993 18 16 3 20150327
6994 6 6 52 4 20150818
6995 17 5 20151026
6996 31 6 20151205
6997 7 0 20150105
6998 69 73 0 20140119
6999 153 20140924
7000 9 0 20150729
7001 4 3 20150908
7002 67 0 20150517
7003 37 0 20141217
7004 37 1 20150104
7005 10 2 20150809
7006 69 0 20140927
7007 6 1 20141214
7008 74 26 20150223
7009 37 0 20140317
7010 68 128 20150830
7011 1 2 20151021
7012 52 20150521
7013 73 1 20150818
7014 69 0 20140107
7015 1 1 20150701
7016 64 2 20150804
7017 8 36 20150905
7018 1 0 20140216
7019 44 95 20141019
7020 69 2 20141031
7021 159 3 20150325
7022 3 59 1 114 44 11 4 20150525
7023 50 0 20140401
7024 4 1 20140417
7025 5 15 2 20140430
7026 95 20140628
7027 35 19 3 4 20140808
7028 24 75 118 45 20150209
7029 6 6 20150422
7030 73 0 20140724
7031 31 1 20150716
7032 74 4 0 20140121
7033 4 1 20141104
7034 92 2 20141216
7035 58 3 20150119
7036 3 6 24 20150420
7037 10 0 20140518
7038 37 1 20140620
7039 3 2 20140714
7040 7 26 3 20141003
7041 3 91 4 20151114
7042 95 39 20151128
7043 1 0 20140910
7044 43 1 20141006
7045 0 3 95 2 20151004
7046 16 3 20151104
7047 3 59 0 20150212
7048 3 58 1 20150407
7049 4 2 20150804
7050 73 3 20150818
7051 27 16 20140403
7052 27 1 20140725
7053 19 13 20151031
7054 68 24 3 20151114
7055 57 135 20151203
7056 37 13 20140613
7057 37 70 20140712
7058 72 2 20141012
7059 49 26 23 19 19 113 113 3 20150714
7060 36 45 20151229
7061 15 0 20140222
7062 59 69 20140712
7063 17 2 20141014
7064 92 3 20150416
7065 4 50 17 4 20150425
7066 37 36 24 37 141 135 17 157 0 20150109
7067 35 17 20150112
7068 2 2 20150616
7069 10 0 20140620
7070 4 1 20140930
7071 64 77 100 20141116
7072 7 15 20150121
7073 57 20 70 127 4 20150901
7074 20 2 20151129
7075 37 0 20140716
7076 27 1 20140906
7077 3 37 79 2 20141007
7078 63 4 20141030
7079 102 4 20141214
7080 24 68 20150819
7081 18 8 37 21 26 99 23 6 20151025
7082 3 26 19 20140325
7083 18 14 20140911
7084 24 2 20141014
7085 103 3 20150629
7086 71 0 20140731
7087 56 1 20141129
7088 73 2 20150731
7089 127 0 20140803
7090 22 17 1 20141025
7091 4 35 20150821
7092 70 3 20150824
7093 0 15 20151216
7094 73 0 20140919
7095 25 4 20150624
7096 20 37 84 20151118
7097 4 0 20140602
7098 9 69 1 20140611
7099 18 2 20150104
7100 60 80 20150725
7101 22 4 20151026
7102 39 2 21 84 5 20151227
7103 153 0 20140622
7104 49 1 20150120
7105 48 2 20150218
7106 106 64 3 20150724
7107 64 1 84 73 43 77 20151023
7108 24 0 20140221
7109 2 1 20140814
7110 57 2 20150704
7111 62 3 20151028
7112 4 118 0 20140425
7113 157 68 20140523
7114 17 2 20141107
7115 33 3 20150415
7116 94 18 13 20150520
7117 3 5 20151201
7118 22 23 64 20150108
7119 78 1 20150325
7120 17 0 20140308
7121 22 1 20150701
7122 2 4 20141020
7123 39 1 20150224
7124 22 24 2 20150824
7125 134 0 20140523
7126 118 7 139 1 20150606
7127 49 2 20150820
7128 4 26 55 3 20151006
7129 18 82 20151110
7130 4 62 2 95 5 20151210
7131 49 73 20140613
7132 4 63 20150727
7133 130 0 20150114
7134 23 0 20140214
7135 24 1 20140225
7136 8 3 2 20150326
7137 31 20150515
7138 0 20140209
7139 37 90 20140326
7140 7 64 20141201
7141 6 3 20150202
7142 13 0 20140410
7143 1 43 1 20140813
7144 69 59 27 20150602
7145 21 3 20150624
7146 80 4 20150729
7147 4 73 49 20140201
7148 6 20150421
7149 10 0 20140503
7150 37 1 20141116
7151 67 2 20150120
7152 117 1 34 20150124
7153 1 4 20150508
7154 6 33 0 20140403
7155 6 1 20150309
7156 22 2 20150529
7157 4 25 20150210
7158 1 1 20150817
7159 68 2 20151105
7160 2 69 20151205
7161 17 0 20140509
7162 3 4 36 1 20150104
7163 68 17 20150318
7164 1 3 20151027
7165 50 0 20150803
7166 5 39 19 3 1 20151108
7167 4 38 0 20140809
7168 44 94 1 20141216
7169 18 18 4 120 11 118 70 2 20150731
7170 122 21 20150914
7171 24 24 20141031
7172 6 20150101
7173 19 0 20140206
7174 37 1 20150305
7175 63 59 59 114 20150806
7176 21 3 20151205
7177 21 68 13 20150107
7178 6 1 20150410
7179 6 2 20150904
7180 18 74 65 24 20151220
7181 39 20140330
7182 153 82 43 20140513
7183 43 2 20141116
7184 0 3 20150213
7185 42 0 20140201
7186 20 3 20140628
7187 16 2 20140717
7188 1 3 20140725
7189 21 2 20150122
7190 7 114 20151120
7191 37 127 0 20141130
7192 37 1 20141202
7193 17 20150211
7194 23 3 20150820
7195 9 4 20150923
7196 3 9 65 112 3 5 20151214
7197 4 0 20140308
7198 9 19 20150521
7199 9 2 20151205
7200 68 0 20141228
7201 16 1 20150605
7202 21 3 73 0 20140305
7203 31 1 20140503
7204 0 2 20151024
7205 19 0 20140509
7206 2 1 20151224
7207 37 57 0 20140329
7208 23 1 20150225
7209 17 16 17 2 20150228
7210 4 3 20150328
7211 40 4 20150919
7212 17 0 20140118
7213 25 136 11 1 20140328
7214 27 26 20140405
7215 79 3 20140820
7216 6 4 20150806
7217 3 0 20140609
7218 4 17 70 20140815
7219 21 39 1 20150621
7220 37 32 20150911
7221 3 4 20150926
7222 26 0 20140206
7223 59 1 20140310
7224 63 2 20150819
7225 59 0 20140317
7226 58 1 20140504
7227 37 2 20141018
7228 24 57 43 49 3 20151129
7229 74 4 20151201
7230 79 0 20140616
7231 79 1 20151218
7232 15 74 20140412
7233 3 16 1 20141208
7234 18 2 20150704
7235 31 4 3 20150910
7236 1 11 20140521
7237 98 84 1 20140707
7238 68 1 2 20140722
7239 19 3 20140804
7240 4 20140907
7241 90 61 5 20141110
7242 17 0 1 6 20150220
7243 2 7 20150410
7244 1 16 8 20150522
7245 12 9 20150925
7246 52 0 20140312
7247 44 79 20140817
7248 65 24 20140828
7249 72 3 20151108
7250 3 4 20151109
7251 49 0 20151025
7252 22 1 20151124
7253 37 0 20150410
7254 19 1 20150728
7255 21 2 20150906
7256 97 0 20140128
7257 74 1 20140206
7258 37 2 20150614
7259 145 0 20140620
7260 36 1 20140626
7261 120 2 20140803
7262 1 3 20141101
7263 4 20141116
7264 118 25 137 5 20150209
7265 65 6 20150220
7266 28 9 20150828
7267 28 141 0 20140904
7268 17 131 1 20150801
7269 9 1 2 37 69 64 2 20151226
7270 0 113 74 0 20140513
7271 102 1 20140610
7272 63 69 20141014
7273 1 34 1 65 40 2 1 20150302
7274 22 4 20150525
7275 56 44 5 20150717
7276 15 6 20151226
7277 22 56 4 65 74 48 0 20151020
7278 65 0 20140228
7279 73 1 20140403
7280 6 2 20140822
7281 18 1 20150109
7282 18 18 9 43 16 23 17 4 20150331
7283 1 2 44 69 124 27 5 20151118
7284 11 20140106
7285 16 1 20140324
7286 8 2 20150311
7287 8 94 114 113 4 3 20150318
7288 2 1 37 20140329
7289 0 62 20140424
7290 25 3 2 4 19 115 2 20150514
7291 18 70 20150515
7292 58 0 20140125
7293 54 27 20140222
7294 6 3 20140312
7295 3 59 3 20140622
7296 48 34 20141016
7297 58 5 20150308
7298 1 3 37 82 0 34 6 20150409
7299 37 62 79 20140907
7300 4 1 20150519
7301 23 1 37 37 75 68 2 20150818
7302 37 1 20140103
7303 6 1 20140624
7304 1 4 0 3 153 4 44 20151102
7305 64 0 20140907
7306 49 21 2 3 4 70 1 20150516
7307 43 2 20150815
7308 3 3 20140104
7309 6 17 63 20140531
7310 36 2 20140923
7311 20 23 3 20141102
7312 77 81 17 4 20150506
7313 1 8 2 50 37 69 5 20150825
7314 44 0 20140228
7315 28 21 4 40 1 121 1 20150326
7316 52 2 20150430
7317 49 20150520
7318 3 163 4 20150627
7319 24 23 5 20151022
7320 6 0 20140313
7321 49 2 53 5 84 37 70 20150331
7322 56 1 2 20151217
7323 0 113 0 20140415
7324 3 1 20141108
7325 18 18 68 76 3 37 2 20150224
7326 23 0 20140517
7327 68 1 20140518
7328 3 7 0 103 2 20150501
7329 72 73 78 48 3 20150716
7330 18 22 15 24 1 17 20150928
7331 18 6 1 79 50 52 0 20150710
7332 21 17 1 1 20151125
7333 21 127 20151222
7334 21 0 20140625
7335 4 1 20140912
7336 73 16 20141222
7337 140 99 20141227
7338 56 15 0 14 4 4 20150121
7339 22 7 7 16 79 124 5 20150209
7340 23 17 37 0 20140902
7341 1 56 3 51 16 68 1 20150213
7342 155 0 20140701
7343 82 1 20140810
7344 3 18 7 1 105 57 2 20151223
7345 7 73 20140508
7346 1 49 63 7 2 17 1 20150926
7347 158 0 20140309
7348 23 3 4 1 20140809
7349 64 20140903
7350 11 3 20140924
7351 17 4 20140927
7352 63 21 4 4 27 34 5 20150113
7353 103 24 75 135 6 20151101
7354 88 21 20140726
7355 18 55 64 20150523
7356 6 0 22 3 1 157 2 20150524
7357 6 64 16 0 20140215
7358 23 1 20140602
7359 1 8 39 36 3 17 2 20151209
7360 16 40 20141103
7361 27 142 1 20151106
7362 4 0 71 10 1 98 68 20151208
7363 0 34 0 20140508
7364 3 1 20150802
7365 18 8 49 37 10 72 2 20150808
7366 94 18 3 24 17 70 48 24 0 20150712
7367 7 21 73 73 3 20150713
7368 17 1 20150918
7369 73 0 20150123
7370 23 137 1 20150614
7371 15 28 1 9 68 70 99 70 82 20150806
7372 3 3 20151121
7373 56 37 0 20140714
7374 18 37 140 130 20140724
7375 124 2 20141114
7376 18 0 18 8 59 58 13 33 20150528
7377 95 137 20140203
7378 18 1 20150102
7379 23 37 4 34 37 3 1 151 2 20150515
7380 8 57 6 2 153 3 17 4 0 20150424
7381 18 22 1 20150521
7382 37 25 20140517
7383 37 1 20140914
7384 8 2 20150516
7385 4 18 0 17 65 33 52 73 3 20150618
7386 99 74 0 20140124
7387 8 8 28 7 111 3 68 96 69 20150220
7388 19 0 20140216
7389 49 1 20140728
7390 8 25 1 106 75 68 4 94 2 20150729
7391 21 3 20151024
7392 2 49 69 20140408
7393 37 4 70 13 40 19 50 1 20150314
7394 3 2 20150621
7395 37 1 20150731
7396 8 48 7 1 3 151 91 82 20150823
7397 16 65 39 5 20151019
7398 25 6 20151227
7399 4 23 10 40 3 1 13 58 10 20151007
7400 49 3 56 130 1 20151021
7401 16 37 155 1 2 20151128
7402 16 0 20140105
7403 68 1 20141022
7404 6 24 95 9 1 113 55 70 2 20150721
7405 49 0 20140224
7406 24 25 77 1 20150205
7407 17 26 64 137 20150212
7408 8 16 70 17 43 0 62 51 3 20150808
7409 18 19 37 4 20150824
7410 74 0 20140715
7411 82 68 20140910
7412 1 10 20141103
7413 21 8 8 11 16 4 38 49 3 20150429
7414 6 23 4 20150626
7415 55 28 1 26 16 20150729
7416 95 0 20140308
7417 22 18 8 22 44 132 44 69 1 20150612
7418 16 79 20150904
7419 65 58 20140715
7420 37 1 20141127
7421 74 18 1 74 4 3 72 77 2 20150414
7422 16 0 20140706
7423 74 1 20141124
7424 43 7 68 38 74 39 40 2 20150815
7425 24 79 20140525
7426 65 20150123
7427 113 2 20150209
7428 8 3 3 3 11 4 11 4 3 20151129
7429 73 0 20140209
7430 1 4 85 1 20150924
7431 22 37 110 4 1 17 90 70 2 20151023
7432 69 4 20140221
7433 68 3 20141113
7434 8 1 3 95 70 70 2 20150115
7435 16 0 20140523
7436 114 1 20140827
7437 74 2 20141025
7438 17 63 14 3 20150519
7439 2 21 4 128 44 21 58 13 4 20150625
7440 73 70 20140620
7441 48 48 20 8 37 21 10 10 1 20150706
7442 3 17 20140126
7443 43 1 20140627
7444 49 4 1 20140717
7445 149 3 20141109
7446 2 4 20150411
7447 1 5 20150620
7448 20 18 1 73 3 82 1 4 6 20151005
7449 18 45 20140322
7450 59 34 1 20140926
7451 65 39 17 0 1 79 21 73 2 20150417
7452 37 18 21 22 1 91 3 68 70 20150819
7453 68 0 20150207
7454 9 7 22 7 50 69 19 1 20150303
7455 6 49 20150914
7456 6 5 20140905
7457 17 61 1 20141105
7458 48 44 20141214
7459 44 3 20150318
7460 59 1 21 8 3 1 122 95 4 20151118
7461 1 0 20140126
7462 67 1 20140928
7463 118 120 20141002
7464 57 102 3 20150116
7465 16 72 49 4 16 114 0 35 4 20150503
7466 4 69 0 20140921
7467 71 61 20141224
7468 13 13 2 16 17 45 70 2 20150226
7469 3 1 0 20140201
7470 63 100 114 1 20141205
7471 20 3 68 20150119
7472 59 2 6 9 3 44 52 3 20150307
7473 22 17 20150413
7474 70 0 31 20150929
7475 22 6 20151003
7476 1 0 20140409
7477 16 151 1 20140705
7478 70 147 20140711
7479 8 9 8 33 13 49 4 3 20150614
7480 31 73 78 143 20140121
7481 57 59 20140316
7482 50 113 20141122
7483 1 1 1 17 21 70 3 3 20151017
7484 1 20151201
7485 56 153 21 5 20151227
7486 22 0 20140621
7487 11 4 12 57 4 45 2 1 20150903
7488 7 0 20140510
7489 15 74 20140620
7490 35 2 20140722
7491 114 3 20141114
7492 72 15 84 23 20150211
7493 0 7 45 65 118 1 155 5 20150223
7494 52 0 20140226
7495 8 69 1 37 69 19 69 1 20150110
7496 1 0 20140928
7497 3 1 20141219
7498 10 24 68 37 21 100 2 20150119
7499 59 4 3 20150131
7500 24 28 16 68 20150423
7501 1 40 23 77 11 26 43 20150902
7502 4 58 20140215
7503 16 129 20140710
7504 49 135 2 1 58 19 37 2 20150304
7505 17 0 20140209
7506 41 1 20150210
7507 24 37 20150602
7508 37 20150803
7509 6 70 0 8 19 148 1 4 20151230
7510 50 0 20140225
7511 64 1 20140719
7512 4 70 103 20150119
7513 24 4 3 20150507
7514 0 6 17 8 52 58 1 4 20150805
7515 74 16 103 5 20150927
7516 39 6 20151112
7517 22 21 20 26 44 153 37 0 20150730
7518 63 69 0 20140619
7519 21 20140930
7520 1 24 18 9 24 107 48 2 20150528
7521 18 103 23 20140622
7522 88 19 20140909
7523 20 1 81 56 3 4 72 2 20150124
7524 27 3 20150704
7525 21 70 59 4 20150731
7526 4 5 20151016
7527 3 0 20140328
7528 1 1 20141103
7529 63 43 16 20141105
7530 18 3 9 114 49 10 73 3 20150111
7531 69 4 20150519
7532 28 73 0 20140728
7533 3 38 128 135 20140902
7534 49 0 43 1 0 127 58 2 20150430
7535 49 3 20150630
7536 10 26 49 4 20151108
7537 35 0 20150328
7538 45 19 7 118 73 78 74 1 20150502
7539 8 23 2 20151107
7540 21 32 65 63 20150805
7541 8 9 4 8 3 26 118 68 20151211
7542 4 0 20140103
7543 44 59 68 20140106
7544 19 2 20140818
7545 116 3 20141111
7546 4 18 1 17 50 44 17 4 20150123
7547 9 18 126 3 73 3 15 20150126
7548 1 3 31 3 16 16 34 0 20151111
7549 107 19 20140107
7550 28 1 20140119
7551 23 37 20140121
7552 4 3 20140508
7553 28 23 1 14 0 17 64 4 20150103
7554 37 37 2 46 37 45 1 129 20150430
7555 5 0 20140203
7556 99 1 20140210
7557 73 23 2 20140215
7558 73 3 20140222
7559 115 4 20140614
7560 57 22 20141013
7561 21 73 20141110
7562 21 1 99 7 20150515
7563 24 1 8 8 135 4 2 8 20150518
7564 0 0 20140606
7565 2 44 24 22 49 90 16 1 20150223
7566 114 19 20140201
7567 3 44 20140203
7568 70 2 20140707
7569 16 4 20150307
7570 0 3 23 0 118 16 63 11 20150421
7571 6 0 20140204
7572 57 20140530
7573 52 15 20150503
7574 18 16 44 35 95 13 4 3 20150522
7575 60 20140323
7576 56 7 1 3 39 73 1 1 20150923
7577 69 0 20150519
7578 18 47 17 23 75 65 99 20150911
7579 19 0 20140130
7580 1 68 1 20140417
7581 1 114 2 20140911
7582 56 22 21 2 69 20150730
7583 50 0 20141121
7584 56 1 20150618
7585 21 63 92 27 1 59 100 2 20150805
7586 24 43 20150917
7587 44 59 0 20140810
7588 40 1 20140818
7589 6 21 20140829
7590 0 63 103 13 21 4 120 3 20151027
7591 10 0 20140803
7592 10 1 20140901
7593 95 4 2 20140904
7594 50 37 23 1 10 70 43 3 20150218
7595 18 21 37 20150809
7596 17 39 20151125
7597 16 4 46 20151206
7598 82 48 20140329
7599 7 130 21 9 114 136 39 19 20150117
7600 3 2 20151203
7601 48 0 20140731
7602 51 1 20140913
7603 43 2 20141219
7604 0 18 7 17 17 59 40 3 20150201
7605 9 3 104 9 11 11 37 0 20150306
7606 56 40 21 1 20151114
7607 159 37 20140428
7608 19 18 15 24 74 44 153 1 20150510
7609 39 121 1 2 20150719
7610 24 59 20141110
7611 102 92 10 57 20150404
7612 22 56 1 79 1 40 4 2 20150516
7613 4 38 20140108
7614 28 16 20140320
7615 1 2 20140705
7616 18 8 39 18 51 27 113 96 20150226
7617 44 0 20140301
7618 37 3 16 82 35 65 69 1 20150916
7619 1 24 2 20150922
7620 1 75 0 20140506
7621 25 15 2 37 3 11 1 1 20150223
7622 3 23 20140702
7623 16 23 1 20141105
7624 70 50 3 16 2 20150710
7625 23 4 75 0 60 95 129 3 20150813
7626 4 0 20140120
7627 33 1 20140501
7628 4 43 2 20141203
7629 68 150 3 20150102
7630 1 22 19 3 20150420
7631 3 48 11 105 3 57 37 5 20150723
7632 8 8 118 43 2 73 6 20150911
7633 7 1 26 7 20151114
7634 5 91 0 20140112
7635 0 1 20140812
7636 21 33 83 12 19 115 2 20150126
7637 11 95 3 20150416
7638 13 0 20140813
7639 73 8 4 6 49 17 1 1 20150313
7640 99 5 20150401
7641 28 8 16 70 78 20150411
7642 69 0 20140219
7643 63 24 26 87 3 2 20150521
7644 9 3 0 20140708
7645 108 73 20140807
7646 127 157 20141108
7647 2 3 20150128
7648 1 6 2 10 57 69 73 4 20150828
7649 21 17 0 20140203
7650 18 43 20140625
7651 9 2 20140716
7652 21 61 20140807
7653 127 4 20140924
7654 17 5 20140930
7655 128 6 20150102
7656 51 7 20150117
7657 8 1 124 8 20150616
7658 1 4 16 1 17 9 20150804
7659 13 69 16 37 20140403
7660 40 4 72 1 20140921
7661 31 2 20141227
7662 17 3 20150114
7663 22 49 7 3 125 3 74 4 20150815
7664 122 70 70 20140321
7665 1 1 20140422
7666 21 124 21 20141031
7667 50 118 25 18 35 64 37 3 20150324
7668 20 23 20140112
7669 22 21 24 1 16 72 1 1 20150207
7670 68 21 102 2 20151029
7671 44 0 20140103
7672 88 1 20140720
7673 10 2 20140821
7674 68 3 20140921
7675 17 68 20141024
7676 14 5 20141127
7677 58 6 20150714
7678 8 56 26 3 70 19 44 7 20151211
7679 65 0 20140429
7680 64 20140526
7681 0 1 70 20140709
7682 30 1 118 58 20150426
7683 106 1 24 11 90 97 53 4 20151206
7684 1 23 3 0 20140326
7685 37 1 20140728
7686 17 52 2 20150105
7687 8 28 0 27 0 67 94 3 20150410
7688 45 0 20140220
7689 17 20141218
7690 37 95 39 162 10 2 20150312
7691 82 62 70 20140806
7692 17 99 1 20141121
7693 6 69 37 1 130 2 20151215
7694 73 43 20140126
7695 82 23 70 20140923
7696 25 37 3 82 59 2 20150615
7697 73 3 20150713
7698 17 21 20150823
7699 37 0 20140714
7700 17 1 28 6 1 1 20150820
7701 17 2 20150903
7702 20 141 20140214
7703 20 20140518
7704 0 6 8 112 15 2 20150122
7705 16 0 20140402
7706 73 1 59 1 20140522
7707 49 3 2 20150205
7708 44 19 99 3 20151023
7709 17 0 20140530
7710 37 49 37 1 20150322
7711 6 22 21 44 4 64 17 2 20150803
7712 1 3 20151004
7713 113 135 20140130
7714 35 1 20140518
7715 33 2 20140526
7716 1 3 20140630
7717 2 4 20141024
7718 4 59 20141207
7719 127 6 20141227
7720 3 7 20150206
7721 20 18 39 37 20151119
7722 1 68 20140804
7723 1 1 20140806
7724 65 0 3 2 20150919
7725 69 0 20150413
7726 22 24 4 20151008
7727 113 1 15 20151208
7728 49 0 20140123
7729 0 1 20141120
7730 68 2 20150108
7731 22 37 57 20150429
7732 4 21 68 4 20150524
7733 0 43 5 20151105
7734 81 4 20140204
7735 4 11 45 1 20140921
7736 3 50 49 2 20141001
7737 4 3 20141011
7738 25 4 20141216
7739 37 5 20150121
7740 26 6 20150216
7741 70 7 20150516
7742 6 0 10 8 20151115
7743 20 73 34 43 20140112
7744 24 1 20140422
7745 34 147 20140924
7746 49 15 3 20150811
7747 8 1 70 20151125
7748 16 142 0 20140214
7749 128 1 20140521
7750 17 2 20150817
7751 19 7 49 3 20151102
7752 76 57 155 0 20150409
7753 60 77 20141130
7754 18 90 3 1 20151123
7755 84 0 20140106
7756 37 1 20141011
7757 59 2 20141226
7758 26 3 20150305
7759 19 0 4 20150618
7760 1 0 20140408
7761 4 20140527
7762 0 50 68 20140616
7763 25 113 3 20141129
7764 21 1 1 43 16 20150331
7765 59 11 1 5 20150617
7766 130 0 20140627
7767 4 1 20141030
7768 63 20150802
7769 48 1 11 3 20150819
7770 18 1 23 4 26 13 4 4 20151029
7771 22 55 20140805
7772 16 17 37 1 20150525
7773 17 1 114 20140203
7774 11 1 74 1 20140405
7775 72 49 20140524
7776 17 113 3 20140708
7777 16 4 20141018
7778 0 6 73 5 20150203
7779 37 18 17 6 20151109
7780 4 0 20140110
7781 37 1 20141121
7782 57 3 2 20150124
7783 1 23 23 3 20150424
7784 24 73 4 20150605
7785 43 0 20140322
7786 58 1 20150427
7787 114 48 114 44 20150903
7788 49 135 65 0 20141117
7789 18 49 74 20150524
7790 113 82 20140308
7791 82 2 1 20140826
7792 57 69 2 20150206
7793 49 55 3 20150322
7794 33 0 20140522
7795 35 18 17 1 20150117
7796 62 2 20150309
7797 114 3 20150712
7798 8 23 20151126
7799 19 0 20140123
7800 43 20140627
7801 17 2 20140926
7802 113 12 70 20141208
7803 18 4 20150203
7804 18 3 70 5 20150626
7805 24 6 20151109
7806 9 63 20150327
7807 1 0 20150217
7808 2 1 20150322
7809 1 2 20150809
7810 23 26 20151126
7811 0 52 4 20151219
7812 4 0 20150727
7813 45 157 20140330
7814 43 1 20140920
7815 1 16 20141228
7816 44 37 34 52 96 20150121
7817 0 4 20150124
7818 0 1 85 5 20151127
7819 3 16 0 20150519
7820 6 1 20150812
7821 3 35 20140316
7822 4 1 20141123
7823 18 2 20150103
7824 120 3 20150811
7825 39 0 20140730
7826 48 1 20150116
7827 87 0 20140124
7828 114 52 20141116
7829 18 1 105 154 114 70 96 2 20151012
7830 63 4 20151127
7831 7 0 20150616
7832 3 34 20150711
7833 104 0 20141025
7834 17 1 20141212
7835 1 55 20150408
7836 37 130 141 20140809
7837 6 0 37 26 1 20150511
7838 37 7 3 102 70 2 20151005
7839 8 3 20151122
7840 3 0 20140404
7841 1 1 20140613
7842 24 1 2 20140713
7843 31 3 20140816
7844 58 24 20141014
7845 34 5 20141202
7846 113 6 20150113
7847 1 63 7 20150504
7848 11 0 20140321
7849 19 1 20140705
7850 3 24 2 20140919
7851 3 3 20150118
7852 17 0 20140214
7853 16 1 20140512
7854 4 64 82 20140722
7855 2 20150105
7856 0 10 20 37 70 20150318
7857 18 5 20150707
7858 3 0 20140306
7859 19 15 37 1 20140622
7860 107 2 20140811
7861 37 3 20140927
7862 3 59 21 43 58 4 20150129
7863 16 5 20150723
7864 82 4 48 6 20151008
7865 4 7 20151129
7866 1 0 20140130
7867 4 128 1 20140419
7868 3 2 20141107
7869 49 0 3 20150125
7870 19 21 20150528
7871 4 5 20151126
7872 1 44 17 6 20151201
7873 106 24 0 20141114
7874 70 1 20141221
7875 1 21 20151121
7876 22 3 20151223
7877 21 0 20140622
7878 3 37 1 20141029
7879 9 16 2 20141115
7880 8 3 20150130
7881 1 0 20150123
7882 19 17 20150325
7883 19 69 13 0 20141223
7884 1 43 1 20150112
7885 123 53 20150703
7886 2 20150910
7887 23 82 20140401
7888 44 73 20141111
7889 88 70 20150506
7890 1 4 4 3 20151016
7891 1 129 20140423
7892 73 20150301
7893 18 1 1 2 20150422
7894 22 153 20140810
7895 1 1 20150831
7896 3 0 20150919
7897 58 0 20140428
7898 1 1 20150301
7899 16 130 26 116 2 20150507
7900 9 6 10 4 127 14 20150515
7901 14 37 74 74 20140327
7902 68 1 20140426
7903 8 2 20140510
7904 56 26 20150705
7905 37 127 20140304
7906 102 24 43 1 20140801
7907 118 2 20140803
7908 25 17 20141024
7909 73 4 20150405
7910 4 0 21 53 20151106
7911 37 0 20140201
7912 3 1 20140312
7913 24 2 20150215
7914 18 59 3 20150902
7915 3 0 20140215
7916 10 1 20140502
7917 11 73 95 20140525
7918 68 3 20140723
7919 22 133 20140801
7920 51 19 79 20140924
7921 3 4 6 20141207
7922 1 155 31 7 20150716
7923 9 8 20150722
7924 21 9 20151122
7925 1 68 87 0 20140526
7926 25 26 1 20140810
7927 27 84 20141224
7928 8 3 20150319
7929 69 4 20151113
7930 79 121 19 20140525
7931 2 1 20150726
7932 73 0 20141012
7933 28 1 20141104
7934 2 2 20150110
7935 58 15 118 20150817
7936 55 1 0 20150126
7937 4 68 26 20150313
7938 23 2 20151008
7939 21 125 20140319
7940 24 1 20140503
7941 1 37 37 2 20140627
7942 7 3 20150312
7943 82 4 20150506
7944 17 10 0 20140317
7945 2 1 20141126
7946 70 2 20150926
7947 102 3 20151216
7948 25 0 20140320
7949 40 1 20150131
7950 120 0 20140305
7951 6 20151005
7952 26 0 20150209
7953 63 69 0 20140423
7954 13 1 20141025
7955 18 2 20150309
7956 49 8 63 3 20150328
7957 18 21 79 26 20140903
7958 57 1 20140911
7959 49 2 20150301
7960 4 4 20150801
7961 10 16 0 20140514
7962 4 58 20140927
7963 23 118 73 2 20150204
7964 1 19 20150806
7965 65 4 20150808
7966 8 0 20140102
7967 17 1 20140929
7968 60 70 2 20141103
7969 43 3 20150815
7970 0 4 20150902
7971 0 70 34 0 20141008
7972 4 1 20150430
7973 28 82 20150717
7974 18 118 63 33 13 0 20140214
7975 21 16 20140727
7976 4 79 59 2 20140928
7977 58 60 19 20150205
7978 56 4 20150527
7979 87 5 20150613
7980 16 6 20150727
7981 2 37 0 20140407
7982 37 26 1 20140509
7983 3 2 20140723
7984 77 3 20140905
7985 94 122 20150320
7986 3 5 20150721
7987 43 0 20140218
7988 21 69 1 20140729
7989 13 13 17 2 20140812
7990 21 3 20150219
7991 8 4 20151128
7992 64 44 20140204
7993 0 63 20140922
7994 72 136 20141003
7995 8 58 20150205
7996 47 57 0 1 20150811
7997 1 16 20140825
7998 75 1 20150305
7999 18 2 20150619
8000 122 0 20150623
8001 4 1 20150707
8002 4 24 20151014
8003 21 37 20140401
8004 2 1 1 20140930
8005 2 2 20150604
8006 19 5 20140425
8007 17 1 20140928
8008 2 2 20150310
8009 18 3 20151115
8010 3 3 20140220
8011 1 1 20150120
8012 1 2 20150616
8013 18 49 20150628
8014 36 59 4 20151201
8015 10 20140509
8016 59 1 20140622
8017 48 23 20140914
8018 7 20150108
8019 17 20 3 4 20150821
8020 2 49 20140217
8021 91 70 118 1 20140315
8022 37 2 20150108
8023 20 3 20150924
8024 50 128 20140407
8025 74 20140708
8026 16 74 20141023
8027 0 34 20141218
8028 1 19 20150203
8029 3 122 1 21 81 5 20150204
8030 1 43 20150624
8031 1 0 20140127
8032 3 1 20140212
8033 1 10 99 2 20140615
8034 18 72 1 20141005
8035 16 4 20141025
8036 47 5 20150429
8037 4 6 20150502
8038 151 13 20140112
8039 48 1 20140413
8040 21 2 20140518
8041 114 3 20140525
8042 23 20140623
8043 39 9 49 5 20150411
8044 75 6 20150723
8045 0 0 20140313
8046 70 1 20140615
8047 128 2 20141020
8048 73 20141203
8049 1 4 20150319
8050 1 4 5 20150601
8051 22 6 20150611
8052 70 0 20150519
8053 17 81 20150802
8054 35 121 20140529
8055 113 128 20140622
8056 21 2 20151104
8057 113 0 20150619
8058 28 20151121
8059 6 2 20151204
8060 25 45 98 0 20140720
8061 21 1 20150806
8062 70 20140124
8063 17 1 20140315
8064 52 15 20150606
8065 37 20150216
8066 56 0 20140924
8067 18 61 20150119
8068 24 49 20140217
8069 4 70 20140502
8070 23 2 20141110
8071 17 3 20141218
8072 44 1 20150110
8073 17 3 127 71 20150220
8074 6 19 6 20150327
8075 16 19 0 20140802
8076 16 1 20141108
8077 1 17 2 20150429
8078 7 0 21 1 43 3 20151210
8079 0 20140118
8080 155 1 20140826
8081 6 1 73 2 20141022
8082 3 3 20141128
8083 3 17 4 20150821
8084 128 16 0 20151202
8085 74 1 20151210
8086 17 0 20141122
8087 39 1 20150615
8088 4 114 2 20151213
8089 8 3 20150210
8090 122 34 1 20150608
8091 6 23 20150615
8092 17 3 20150729
8093 157 0 20140120
8094 44 1 20140714
8095 1 2 20140716
8096 37 3 20140813
8097 87 68 20141022
8098 43 5 20150530
8099 8 124 21 124 34 4 6 20150715
8100 18 4 7 20150801
8101 1 59 20140515
8102 35 3 52 20150303
8103 18 48 20140226
8105 52 2 20140619
8106 1 20140725
8107 28 4 20141013
8108 26 5 20141211
8109 157 155 6 20141216
8110 18 13 7 20150319
8111 36 5 8 20150814
8112 95 0 20140209
8113 6 58 1 20141221
8114 36 0 2 20151223
8115 22 0 20140120
8116 43 1 20140202
8117 24 57 20140321
8118 58 50 20140406
8119 37 4 20140711
8120 34 70 20140816
8121 68 1 6 20150201
8122 0 99 20150527
8123 19 0 20140208
8124 4 1 20140613
8125 1 74 59 88 2 20150331
8126 3 3 20150623
8127 65 73 4 20151223
8128 17 0 20140613
8129 35 1 20140624
8130 7 1 95 2 20150422
8131 13 3 20150718
8132 37 79 4 20151211
8133 1 4 20140216
8134 37 11 1 20140408
8135 7 23 2 20150118
8136 4 1 3 20150228
8137 2 52 62 4 20150901
8138 7 43 0 20140508
8139 65 161 20140722
8140 21 75 2 20140817
8141 4 37 20141126
8142 16 14 44 20150816
8143 6 49 5 20151013
8144 73 0 20140103
8145 45 16 1 20150407
8146 17 0 20140421
8147 50 1 20140607
8148 153 2 20140718
8149 82 127 20140808
8150 50 4 20140907
8151 17 16 20141008
8152 2 144 6 20141219
8153 57 72 7 20150623
8154 20 0 20140221
8155 65 1 20140724
8156 141 2 20140824
8157 52 3 20150221
8158 0 2 4 20151209
8159 37 3 20140515
8160 37 1 20140531
8161 92 26 20140707
8162 23 49 63 3 20150124
8163 1 117 4 20150704
8164 1 20140914
8165 3 69 70 40 20141224
8166 6 70 20150102
8167 37 1 94 24 13 3 20150305
8168 140 4 20150806
8169 1 16 5 20151012
8170 0 20140224
8171 2 1 20150301
8172 24 113 14 20150523
8173 1 2 42 20150620
8174 7 0 20140629
8175 37 113 52 20140706
8176 7 64 2 20151031
8177 1 0 20140120
8178 11 1 20140227
8179 65 52 2 20140506
8180 4 3 20141022
8181 23 33 4 20141106
8182 2 155 5 20150416
8183 8 2 95 20150308
8184 23 1 20151203
8185 0 12 133 20151212
8186 2 37 46 20140519
8187 59 1 20150824
8188 70 17 20151121
8189 37 44 87 0 20140430
8190 1 17 1 20150124
8191 13 2 20150324
8192 37 82 3 20150616
8193 21 0 20140221
8194 17 1 20140619
8195 19 2 20141014
8196 4 20150516
8197 50 70 4 20150930
8198 1 0 20140305
8199 113 1 20140702
8200 61 2 20140707
8201 3 3 20141221
8202 3 113 4 20150503
8203 4 13 5 20151217
8204 23 1 20140621
8205 40 1 20141204
8206 0 0 2 20150123
8207 24 3 20150805
8208 23 0 20141227
8209 10 11 1 20150109
8210 37 45 20140408
8211 70 1 20140520
8212 37 43 26 2 20140917
8213 18 16 3 20150105
8214 26 3 20150509
8215 23 5 20150607
8216 49 21 93 6 20150929
8217 23 144 20140304
8218 10 20150617
8219 2 3 55 74 2 20150725
8220 27 70 3 20151127
8221 54 16 0 20140704
8222 3 1 20141121
8223 1 4 37 20150109
8224 65 0 20140217
8225 57 1 20140329
8226 49 19 20140606
8227 3 82 3 20150802
8228 50 17 4 20151018
8229 69 15 20151203
8230 34 72 0 20140504
8231 99 1 20140612
8232 50 11 2 20140726
8233 24 3 20141111
8234 9 4 20150508
8235 1 37 5 20150628
8236 34 0 20140207
8237 43 1 20140905
8238 82 4 2 20150512
8239 24 0 20140510
8240 7 23 20140815
8241 146 2 20141027
8242 1 20150109
8243 22 141 4 20150313
8244 1 5 20151124
8245 122 107 20140122
8246 4 37 1 20150802
8247 49 23 59 20141223
8248 17 21 1 20150526
8249 77 16 20140520
8250 94 13 10 1 20140826
8251 20 95 46 2 20140911
8252 15 107 3 20150408
8253 1 32 20141201
8254 49 113 1 20150411
8255 3 0 20140516
8256 114 1 20140728
8257 32 2 20140907
8258 19 1 21 3 20150214
8259 58 55 20150710
8260 3 43 114 20151127
8261 0 0 20140902
8262 127 78 20141117
8263 1 2 20141203
8264 43 3 20141218
8265 1 3 70 4 20150623
8266 26 43 5 20150724
8267 6 4 0 20150409
8268 70 0 20141220
8269 18 11 26 20150322
8270 18 2 20150909
8271 0 99 20150919
8272 3 2 4 20151030
8273 6 4 71 20150111
8274 23 49 20140213
8275 10 122 1 20150416
8276 1 0 20140217
8277 17 24 13 1 20150107
8278 3 46 10 20150113
8279 18 65 3 20150418
8280 73 4 20151211
8281 100 0 20140124
8282 17 1 20150514
8283 23 145 20150923
8284 17 43 3 20151005
8285 114 0 20140507
8286 3 113 1 20150113
8287 20 0 16 73 2 20150624
8288 26 0 20140113
8289 21 27 1 20150420
8290 0 113 2 20150521
8291 7 80 20140219
8292 43 1 20140928
8293 10 1 44 2 20150312
8294 37 120 3 20150505
8295 37 23 4 20151015
8296 68 3 20140218
8297 34 1 20140511
8298 17 2 20140713
8299 17 70 20140721
8300 18 1 4 20151126
8301 7 0 20140209
8302 24 1 20140329
8303 80 2 20140614
8304 16 3 20150518
8305 81 37 4 20150809
8306 22 78 20151108
8307 6 0 20150104
8308 56 37 1 20150428
8309 62 2 20151101
8310 0 3 25 3 20151126
8311 3 49 0 20140514
8312 1 96 1 20150228
8313 16 34 0 20140515
8314 24 153 20141029
8315 5 2 20141208
8316 34 1 145 20150107
8317 37 21 20150121
8318 2 24 127 127 100 102 43 0 20150505
8319 9 69 17 20150610
8320 5 12 10 4 20150613
8321 63 3 20150903
8322 2 37 20140801
8323 7 4 20140813
8324 63 14 2 20150202
8325 11 1 3 20150211
8326 6 4 20150425
8327 17 1 5 20151011
8328 15 0 20140510
8329 7 10 19 20150216
8330 1 0 20140214
8331 58 20140311
8332 1 49 2 20140402
8333 9 68 20140518
8334 37 44 4 20140619
8335 3 58 5 20141130
8336 4 70 6 20150331
8337 85 7 20150425
8338 1 75 20140710
8339 1 1 20141004
8340 9 73 20141008
8341 17 3 20150111
8342 49 59 4 20150410
8343 37 5 20150601
8344 4 0 20140910
8345 1 143 1 20150103
8346 59 2 20150107
8347 4 68 0 20150203
8348 37 0 20140413
8349 37 1 1 20151019
8350 73 98 20150114
8351 10 15 24 63 19 77 118 20150327
8352 49 2 20150508
8353 48 21 35 20151222
8354 94 1 20140118
8355 10 68 20140130
8356 4 2 20140723
8357 57 3 20140906
8358 18 26 83 20150508
8359 6 3 20140303
8360 14 1 20140908
8361 13 50 20141127
8362 18 35 3 20151206
8363 70 0 20140517
8364 79 20140624
8365 24 0 2 20150212
8366 56 4 37 20150311
8367 44 15 20140323
8368 1 45 1 20150606
8369 62 2 20150625
8370 70 74 20140426
8371 17 17 1 20140708
8372 48 3 2 20150322
8373 24 17 16 20150813
8374 65 0 20140526
8375 110 23 20140602
8376 59 2 20150823
8377 121 3 20150910
8378 75 34 4 20151108
8379 21 36 20151127
8380 3 0 20140404
8381 4 1 20140711
8382 113 2 20140914
8383 32 30 3 20150116
8384 1 24 16 4 20151002
8385 1 63 35 1 79 5 20151005
8386 1 6 20151227
8387 62 0 20140206
8388 11 103 90 1 20140620
8389 4 2 20140627
8390 73 3 20150111
8391 25 13 4 20150527
8392 37 38 5 20150917
8393 68 0 20140207
8394 10 1 20141006
8395 4 114 2 20151125
8396 58 0 20140201
8397 56 1 20140303
8398 17 10 20140421
8399 55 37 82 3 20140702
8400 128 4 20140730
8401 21 5 20140801
8402 63 68 20141128
8403 18 16 20150102
8404 5 68 8 20150227
8405 116 0 20140123
8406 3 27 20140626
8407 5 37 20140707
8408 82 3 20141106
8409 103 4 20150217
8410 2 74 143 20150226
8411 65 73 6 20150421
8412 37 0 20140819
8413 133 3 1 20150917
8414 17 4 2 20150921
8415 37 0 20140201
8416 4 70 20140523
8417 8 1 20141016
8418 75 69 3 20150203
8419 7 35 0 20140814
8420 8 1 20140927
8421 99 2 20140928
8422 2 13 3 20150824
8423 20 3 90 72 20140302
8424 4 1 20140524
8425 53 2 20140619
8426 60 3 20140705
8427 44 4 20141018
8428 103 5 20150127
8429 8 39 20151014
8430 26 7 20151101
8431 21 43 8 20151225
8432 63 0 20140810
8433 3 3 90 114 1 20150217
8434 17 98 2 20150911
8435 106 3 20150928
8436 3 17 20140106
8437 70 1 20140517
8438 37 37 14 16 2 20151106
8439 17 21 3 20151219
8440 0 0 20150710
8441 56 84 73 20151026
8442 16 0 20140129
8443 82 1 20141019
8444 22 118 20151023
8445 44 75 0 20140425
8446 19 81 20140808
8447 1 2 20141114
8448 26 1 20150910
8449 92 24 70 4 20150917
8450 72 1 20150705
8451 48 22 20151024
8452 10 0 20150715
8453 59 8 21 17 20150810
8454 26 19 1 0 20140723
8455 17 1 20150421
8456 0 57 0 20140617
8457 8 1 20151216
8458 21 0 20140325
8459 16 1 20140525
8460 153 10 20141019
8461 8 61 20141209
8462 14 4 20141222
8463 13 5 20150826
8464 7 0 20150205
8465 60 1 20150507
8466 3 73 79 20140222
8467 52 1 20141120
8468 17 78 20151220
8469 2 147 20140902
8470 0 4 20140907
8471 118 114 127 2 20141112
8472 10 3 20141213
8473 118 4 20150209
8474 8 5 20150518
8475 0 20140508
8476 84 44 1 20140528
8477 35 2 20140907
8478 11 20150613
8479 1 18 17 1 10 20150705
8480 4 94 5 20150820
8481 0 56 137 6 20151229
8482 16 0 20140328
8483 37 1 20140401
8484 23 20140814
8485 118 3 20140820
8486 49 37 20150412
8487 28 4 100 5 20150929
8488 23 70 20151224
8489 11 0 20150208
8490 52 0 20140405
8491 118 20140521
8492 49 2 20150107
8493 3 23 4 68 3 20150212
8494 22 4 20150601
8495 20 101 23 20151009
8496 24 52 0 20140329
8497 10 1 20140524
8498 13 2 20140602
8499 49 3 20150621
8500 9 114 20140504
8501 118 1 20141125
8502 3 74 20150201
8503 6 0 20140108
8504 7 1 20150309
8505 23 2 20151111
8506 19 4 37 0 20140525
8507 3 11 1 20150409
8508 14 2 20150712
8509 18 0 17 4 69 70 20150719
8510 1 0 20150210
8511 17 1 20140509
8512 114 1 20140802
8513 23 2 20141030
8514 1 3 20150410
8515 8 4 20150521
8516 28 7 75 5 20150606
8517 59 77 20140415
8518 18 79 37 1 20150315
8519 0 52 20151214
8520 58 0 20150224
8521 1 1 20150429
8522 18 70 37 50 37 2 20150710
8523 23 49 20140914
8524 9 114 1 20150730
8525 118 37 20150812
8526 63 59 3 20150829
8527 39 3 20140828
8528 9 23 20150311
8529 22 29 5 1 37 135 20150413
8530 2 69 20140228
8531 17 1 20140728
8532 14 137 20141001
8533 43 118 3 20150330
8534 23 4 20150725
8535 9 27 20150831
8536 0 16 131 0 20140828
8537 0 11 20150127
8538 2 113 0 20140418
8539 3 20140723
8540 1 82 20150131
8541 3 0 20140603
8542 99 37 31 20140905
8543 2 2 20150117
8544 38 3 20150320
8545 3 10 74 4 20151211
8546 29 0 20140731
8547 3 10 20140803
8548 73 17 20140915
8549 17 20150122
8550 49 1 20140129
8551 16 68 61 1 20140316
8552 11 64 11 20150428
8553 8 3 53 3 20151012
8554 25 11 20151110
8555 34 0 20140529
8556 18 1 20150904
8557 11 0 20150728
8558 57 0 20140114
8559 113 23 20140726
8560 8 2 20150221
8561 1 31 59 24 3 20150806
8562 0 74 1 4 20151110
8563 21 6 20151113
8564 68 130 72 20140412
8565 37 1 20140415
8566 21 2 20140828
8567 21 10 14 3 20141002
8568 58 80 20141012
8569 113 5 20141217
8570 11 6 20150816
8571 7 43 7 20151006
8572 2 44 20140115
8573 157 68 1 20140220
8574 134 4 2 20140425
8575 1 10 68 20140514
8576 68 43 20140916
8577 21 44 5 20140921
8578 72 6 20150203
8579 69 4 0 20140130
8580 81 153 20140903
8581 23 2 20150627
8582 1 3 20150915
8583 3 65 20140313
8584 0 17 20140805
8585 3 78 2 20141005
8586 75 3 20141025
8587 12 4 20150508
8588 16 5 20150920
8589 65 0 20140914
8590 17 20150715
8591 1 18 88 2 20150822
8592 99 0 20140114
8593 21 1 20140204
8594 15 151 2 20141105
8595 24 3 20150412
8596 21 56 20150528
8597 3 0 20140118
8598 60 11 20140427
8599 6 50 20140705
8600 43 20140909
8601 17 4 20140910
8602 73 70 68 37 153 35 5 20150625
8603 24 141 20151101
8604 130 0 20140209
8605 10 3 20140814
8606 1 17 2 20140829
8607 18 52 77 3 20150213
8608 16 4 20150215
8609 9 23 20150713
8610 81 2 64 20151108
8611 73 0 20140918
8612 34 25 20150815
8613 0 0 20140208
8614 21 17 20140727
8615 24 2 20141213
8616 1 73 20151028
8617 21 4 20151228
8618 40 4 20140417
8619 4 20141012
8620 69 2 20141030
8621 24 25 20150531
8622 68 20150816
8623 6 0 20150508
8624 2 76 1 20150623
8625 117 0 20150301
8626 7 16 16 20140221
8627 113 50 20151223
8628 68 0 20140323
8629 37 3 20150714
8630 17 0 20140318
8631 106 35 17 68 157 26 20150226
8632 3 2 20150404
8633 82 79 20140406
8634 24 1 20140819
8635 1 73 37 20141102
8636 48 3 20150530
8637 75 0 20140530
8638 60 17 0 1 20151022
8639 77 2 20151107
8640 33 0 20141005
8641 4 1 20150504
8642 1 64 20140215
8643 17 43 20140227
8644 73 36 33 2 20140904
8645 2 3 20150325
8646 34 113 20140819
8647 18 20150124
8648 3 2 20150919
8649 18 102 20151225
8650 1 0 20140314
8651 0 1 20140413
8652 52 68 20140805
8653 1 20150527
8654 73 4 20150625
8655 1 43 0 20140624
8656 120 1 20150616
8657 69 25 20141122
8658 21 1 20150212
8659 7 79 1 11 73 103 2 20150714
8660 24 0 20140107
8661 21 70 1 20140407
8662 21 74 20140619
8663 0 1 20150111
8664 21 4 20150601
8665 43 1 114 20140614
8666 4 20140822
8667 4 20141122
8668 0 3 20141129
8669 64 4 20150615
8670 8 5 20151007
8671 16 0 20140309
8672 1 101 49 1 20150125
8673 26 2 20150312
8674 139 50 3 20150808
8675 57 33 4 20150810
8676 18 63 20151202
8677 15 0 20140408
8678 73 3 70 20140603
8679 8 57 20140903
8680 2 56 16 3 20150730
8681 24 4 20150817
8682 20 5 20151126
8683 95 20141211
8684 4 1 20150826
8685 28 2 20151107
8686 1 0 20140406
8687 3 20140607
8688 83 2 20140810
8689 1 3 20140908
8690 3 4 20141126
8691 138 116 5 20150325
8692 76 4 32 6 20150429
8693 4 7 20150928
8694 90 7 6 8 20151109
8695 21 0 20141014
8696 128 0 12 133 1 20150501
8697 22 2 20150724
8698 0 38 4 0 20140115
8699 56 1 20150226
8700 31 68 20140616
8701 17 1 20140807
8702 99 2 20141009
8703 37 16 20141023
8704 24 113 20141115
8705 95 95 5 20141223
8706 144 43 40 4 20150626
8707 37 7 20150627
8708 17 0 20140421
8709 51 43 1 20140606
8710 3 2 20150302
8711 19 64 3 20150417
8712 1 4 20151207
8713 10 0 20140623
8714 37 1 20141218
8715 18 2 20150305
8716 16 40 3 20151224
8717 27 0 20140528
8718 73 1 20150715
8719 37 0 20150327
8720 7 88 0 20140108
8721 8 44 20150701
8722 15 107 2 20150705
8723 59 135 0 20140409
8724 103 73 20140616
8725 1 2 20140827
8726 60 120 20150501
8727 26 17 20140422
8728 21 37 20140423
8729 2 20141216
8730 17 24 20151210
8731 18 17 0 20150613
8732 4 1 20150702
8733 37 2 20151108
8734 43 0 20140130
8735 55 40 20141219
8736 4 17 20150314
8737 18 61 3 20150319
8738 13 4 20150801
8739 28 17 20150821
8740 8 18 17 26 0 20150414
8741 22 35 69 50 20150720
8742 51 2 20151128
8743 3 3 20151229
8744 23 4 20140726
8745 37 135 1 20150623
8746 49 80 20150727
8747 108 0 20140403
8748 20 113 1 20140408
8749 73 2 20140514
8750 49 46 3 20140713
8751 1 113 20141030
8752 59 122 20141117
8753 1 6 20150802
8754 75 84 20140413
8755 65 19 98 1 20140531
8756 21 23 20140906
8757 2 21 20150421
8758 4 4 20150703
8759 14 27 20140423
8760 17 74 20140612
8761 6 2 20150210
8762 17 104 20140610
8763 3 37 1 20140624
8764 26 2 20140925
8765 5 87 3 20141113
8766 22 3 20150627
8767 44 5 20150814
8768 1 6 20150917
8769 4 14 20141112
8770 70 4 20141128
8771 24 153 20150108
8772 73 0 20140216
8773 39 1 23 82 1 20150218
8774 37 2 20151008
8775 18 2 0 20140322
8776 26 1 20140806
8777 59 4 2 20140918
8778 4 3 20141115
8779 18 4 20150815
8780 10 17 20151103
8781 6 0 20140607
8782 28 1 20150116
8783 1 23 0 20140418
8784 79 2 68 4 1 20150121
8785 26 7 135 23 2 20150326
8786 18 35 20150613
8787 17 114 0 20140423
8788 17 1 20140825
8789 1 17 20141108
8790 16 3 20151224
8791 1 40 0 20150206
8792 18 73 65 1 20150419
8793 11 2 20150519
8794 50 68 20151115
8795 35 20151116
8796 4 0 20140224
8797 87 1 20140820
8798 15 95 2 20141027
8799 3 20150216
8800 37 4 20151017
8801 9 37 37 20150105
8802 1 1 20150529
8803 103 0 20150112
8804 44 1 20150721
8805 53 1 37 0 20151006
8806 0 1 20151018
8807 4 0 20141027
8808 20 48 16 20150502
8809 28 2 20150524
8810 1 0 20140316
8811 19 40 1 20140510
8812 37 37 2 20140612
8813 9 1 10 37 20150821
8814 48 4 20151116
8815 15 72 35 0 20140201
8816 1 1 20150416
8817 75 102 0 20140604
8818 26 1 20150826
8819 10 74 20140101
8820 6 16 20150129
8821 18 13 150 2 20150806
8822 8 75 20151123
8823 21 0 20151111
8824 2 58 20151226
8825 43 121 20140522
8826 113 1 20141013
8827 37 2 20141210
8828 9 19 20150613
8829 73 20140814
8830 16 4 20141113
8831 37 2 20141125
8832 99 127 20150228
8833 0 3 20151021
8834 18 49 20151026
8835 20 21 20151127
8836 21 0 20140619
8837 4 136 1 20141027
8838 1 2 20151129
8839 118 0 20140205
8840 0 61 1 20140625
8841 116 2 20150920
8842 1 3 20151021
8843 79 4 20151101
8844 1 3 37 118 20140413
8845 77 1 20140418
8846 10 2 20140716
8847 4 17 20141230
8848 114 20150111
8849 3 0 20140331
8850 0 58 20150207
8851 6 130 2 20150831
8852 69 113 20140128
8853 22 10 1 11 1 20150221
8854 1 73 20150402
8855 52 20150410
8856 2 36 35 20150423
8857 80 10 153 5 20151214
8858 57 80 118 20140108
8859 17 1 20140811
8860 100 95 2 20140910
8861 6 20150123
8862 58 3 4 4 20150328
8863 9 73 5 20151214
8864 4 0 20140118
8865 118 73 49 20140909
8866 73 2 20151213
8867 0 71 0 20150215
8868 2 1 20150326
8869 40 0 20140824
8870 117 1 20141007
8871 22 114 2 20150612
8872 44 17 38 20150904
8873 1 4 20151010
8874 44 0 20140913
8875 4 1 20151202
8876 20 3 20140323
8877 19 1 20150328
8878 162 2 20150913
8879 1 63 0 20150716
8880 22 1 20151113
8881 22 48 99 2 20151129
8882 35 0 20150311
8883 76 114 20141230
8884 56 65 20150708
8885 28 2 20151202
8886 71 69 20140722
8887 17 1 20150111
8888 7 21 20150118
8889 20 3 20150404
8890 50 0 20150427
8891 26 0 20140824
8892 24 2 20150225
8893 21 2 20150505
8894 15 3 20150730
8895 145 4 20151204
8896 58 113 16 20140117
8897 64 20140220
8898 0 2 20140326
8899 122 3 20140328
8900 122 4 20140715
8901 128 5 20141112
8902 35 1 20150702
8903 82 68 130 7 20151002
8904 68 37 20140904
8905 62 20150210
8906 10 20140420
8907 3 1 20140518
8908 27 72 20150121
8909 69 0 20140503
8910 49 45 20140810
8911 37 2 20140820
8912 24 39 63 19 20150417
8913 1 59 20151015
8914 44 5 20151016
8915 24 6 20151031
8916 82 31 20140501
8917 4 72 48 16 20141212
8918 22 4 20141213
8919 24 3 20150514
8920 0 20140430
8921 58 1 20140814
8922 37 2 20140916
8923 0 3 20150404
8924 24 0 11 4 20150913
8925 1 1 54 20140812
8926 61 49 20141206
8927 23 74 20150419
8928 87 79 102 1 68 117 1 20150613
8929 18 4 20150321
8930 23 0 20140706
8931 24 0 20151216
8932 3 0 20140222
8933 74 1 20140527
8934 4 35 2 20140619
8935 21 1 3 20140812
8936 4 4 20141116
8937 37 5 20150103
8938 1 6 20150522
8939 17 73 20141105
8940 11 1 20141202
8941 44 16 0 2 20150205
8942 24 73 20150424
8943 1 20 3 4 20150430
8944 95 90 20140107
8945 17 1 20140212
8946 147 2 20140708
8947 3 3 20151013
8948 16 4 20151216
8949 3 0 20140831
8950 70 1 20141219
8951 4 103 20150901
8952 1 82 4 3 20151202
8953 34 0 20140415
8954 14 17 20140528
8955 17 2 20150123
8956 26 123 20140709
8957 4 1 20150116
8958 26 6 11 2 20150914
8959 2 23 20151031
8960 6 6 37 20140711
8961 37 1 20150413
8962 1 0 20140608
8963 22 1 20140626
8964 37 2 20150114
8965 2 3 20150703
8966 77 0 20140202
8967 16 20140508
8968 17 2 20141017
8969 10 3 20151016
8970 1 64 0 20140320
8971 4 1 20140603
8972 81 2 20140921
8973 6 17 20150321
8974 1 3 20150614
8975 68 0 20140103
8976 7 2 20150325
8977 68 20150404
8978 37 3 20150422
8979 17 95 20141025
8980 34 70 20150530
8981 4 69 20140327
8982 14 49 20140924
8983 1 2 20150327
8984 70 1 84 49 43 20150501
8985 73 27 0 20140129
8986 43 68 1 20140222
8987 28 18 73 17 135 2 20150202
8988 18 74 20150329
8989 20 73 20150523
8990 23 0 20141128
8991 84 23 1 20150604
8992 24 68 20150907
8993 6 0 20151224
8994 47 16 0 20140129
8995 113 96 20140723
8996 27 59 20141111
8997 1 3 20141216
8998 124 37 0 84 4 20150216
8999 18 4 20150305
9000 49 72 20140320
9001 68 19 1 20141109
9002 28 7 16 135 2 20150328
9003 58 0 20140111
9004 37 1 20140621
9005 2 2 20140927
9006 25 70 20150418
9007 8 52 4 20150425
9008 22 7 24 11 5 20151114
9009 21 11 52 20140831
9010 56 32 1 20141011
9011 1 55 20141201
9012 121 34 141 49 20150305
9013 6 118 79 13 4 20150621
9014 3 47 1 13 34 5 20151108
9015 49 0 20140529
9016 22 49 10 20140606
9017 6 34 2 20140712
9018 33 16 20140919
9019 79 44 20141102
9020 1 41 3 5 20150128
9021 23 44 10 44 6 20150206
9022 0 39 20150601
9023 4 26 20141116
9024 82 3 73 63 1 20150325
9025 103 16 74 159 2 20150807
9026 52 0 20140225
9027 43 68 20141018
9028 16 2 20141208
9029 9 1 44 48 3 20150503
9030 10 52 35 20150521
9031 28 55 70 20150704
9032 4 0 20141126
9033 49 0 87 20150116
9034 31 54 2 20150508
9035 3 105 3 20150821
9036 70 0 20140828
9037 4 50 20141227
9038 23 17 20150403
9039 73 65 3 4 3 20150627
9040 63 16 20140613
9041 8 20150105
9042 35 18 33 73 2 20150507
9043 50 0 20140124
9044 49 1 20140304
9045 64 45 37 2 20140605
9046 0 4 4 3 20150303
9047 63 0 20141228
9048 4 37 44 50 20150126
9049 1 2 20150131
9050 59 118 3 20150311
9051 17 118 65 95 34 20150710
9052 4 20140205
9053 32 1 20140413
9054 35 4 26 37 2 20150104
9055 9 44 20150420
9056 114 4 20150825
9057 2 99 17 20140317
9058 22 49 3 64 1 20150802
9059 18 21 20150928
9060 43 0 20140907
9061 99 82 135 20150118
9062 34 68 0 20140823
9063 18 18 1 108 1 20150415
9064 6 43 20140113
9065 118 4 20140607
9066 1 7 4 82 2 20151028
9067 1 4 0 20140416
9068 8 95 1 20151111
9069 25 16 44 113 2 20151127
9070 20 137 0 20140412
9071 37 15 73 20140830
9072 1 7 73 1 30 20151114
9073 99 4 20140702
9074 13 1 20141030
9075 22 1 3 26 2 20151015
9076 24 1 3 20151130
9077 68 4 20151212
9078 53 159 74 103 5 20151214
9079 8 57 37 20150519
9080 114 1 70 70 1 20150725
9081 3 0 20140528
9082 70 1 20140802
9083 6 19 2 20141110
9084 44 17 3 20150325
9085 65 6 82 50 4 20150519
9086 28 4 0 4 20150621
9087 18 6 20150909
9088 26 0 20140602
9089 3 1 20140707
9090 27 50 88 65 26 20151010
9091 37 1 3 95 0 20150106
9092 30 13 23 37 1 20150722
9093 0 20140619
9094 37 48 1 20140925
9095 22 136 23 99 110 20151222
9096 28 0 20140911
9097 10 136 43 20141217
9098 0 2 20150318
9099 107 18 37 24 95 3 20150813
9100 22 47 57 70 20151230
9101 12 0 20140409
9102 60 31 20140812
9103 63 2 20141113
9104 25 26 49 158 3 20151103
9105 3 1 20140204
9106 69 18 125 10 73 20150315
9107 6 2 20150926
9108 102 0 20140216
9109 21 1 20150226
9110 1 64 2 20150331
9111 37 3 37 33 3 20151127
9112 24 0 20140306
9113 20 3 1 20140607
9114 21 20 116 87 2 20150728
9115 43 49 26 0 20140219
9116 14 130 1 20140902
9117 17 74 2 20141129
9118 37 21 49 3 20150617
9119 24 18 10 3 4 20150731
9120 59 0 20140504
9121 82 11 1 20150425
9122 94 1 10 26 2 20150625
9123 118 0 20140423
9124 3 1 20140702
9125 77 2 20141028
9126 6 13 20150118
9127 2 23 13 37 20150501
9128 1 144 5 20150723
9129 81 125 20151207
9130 17 0 20140208
9131 70 1 20140507
9132 11 6 23 0 2 20150320
9133 6 114 20150522
9134 37 64 0 20140107
9135 70 70 20140422
9136 4 110 64 2 20141127
9137 56 1 21 35 3 20150203
9138 50 4 61 0 20140308
9139 21 1 20140618
9140 6 17 20140823
9141 11 79 64 10 3 20150315
9142 21 73 21 4 20150528
9143 14 0 20140501
9144 50 84 1 20150321
9145 37 135 2 20150417
9146 16 69 3 1 3 20150516
9147 34 59 16 4 20150808
9148 73 80 20141016
9149 43 1 20141215
9150 1 73 1 73 2 20150911
9151 68 91 13 20151229
9152 1 0 20140225
9153 16 16 1 20140625
9154 1 2 20140702
9155 5 0 2 1 102 20150215
9156 53 65 26 64 20150223
9157 82 23 1 43 20151107
9158 17 35 20140403
9159 49 1 20140424
9160 127 3 20140624
9161 18 18 51 17 95 3 20150217
9162 127 17 58 26 130 20151104
9163 4 0 20140811
9164 57 2 21 4 118 20150603
9165 13 122 82 20150619
9166 70 0 20140314
9167 65 1 20140731
9168 26 68 2 20141213
9169 8 32 151 143 3 20150527
9170 37 24 82 4 20150721
9171 8 128 72 5 20151116
9172 3 63 0 20140720
9173 82 1 20140813
9174 19 2 20141104
9175 7 0 21 70 20150130
9176 50 0 20140427
9177 10 8 21 15 91 20150127
9178 3 2 20150219
9179 0 4 20150408
9180 25 4 20150421
9181 26 5 20150429
9182 61 23 19 0 20140116
9183 5 35 1 20140211
9184 57 2 20141031
9185 21 3 20150203
9186 24 4 4 20150411
9187 3 4 20150725
9188 8 31 1 90 6 20151109
9189 70 55 20140221
9190 99 1 20140316
9191 1 17 63 2 20140702
9192 9 3 20141128
9193 16 6 10 95 4 20150517
9194 37 5 20150718
9195 115 0 20140126
9196 82 109 20140508
9197 28 145 2 20141107
9198 0 1 3 3 20150416
9199 3 17 1 10 4 20150918
9200 82 0 20140402
9201 26 1 20141003
9202 21 16 73 31 2 20150103
9203 7 11 20140201
9204 20 1 20140411
9205 18 17 23 95 2 20151119
9206 36 99 20141007
9207 76 1 20141011
9208 8 2 2 1 2 20150118
9209 17 23 3 20150818
9210 17 0 20141120
9211 56 41 134 69 1 20150726
9212 1 102 68 2 20150820
9213 113 0 20140517
9214 27 1 20140701
9215 68 19 2 20150426
9216 2 26 1 23 141 20151228
9217 58 20140714
9218 42 13 20141007
9219 27 2 20141126
9220 0 3 20150308
9221 3 113 43 20150405
9222 0 124 79 5 20150803
9223 8 4 26 57 6 20151105
9224 17 18 17 2 44 20150329
9225 64 1 20151207
9226 155 0 20141218
9227 135 70 58 1 20150807
9228 1 4 17 74 2 20151130
9229 18 3 118 0 20150127
9230 37 48 20140208
9231 3 1 20140626
9232 1 120 2 122 2 20150326
9233 82 70 20150404
9234 0 4 20150418
9235 16 0 20140709
9236 70 20150322
9237 7 2 69 95 2 20150608
9238 37 4 20150801
9239 7 69 20140602
9240 4 17 43 1 20140814
9241 58 27 2 20141129
9242 17 137 3 20150611
9243 18 22 2 3 4 20150621
9244 1 37 50 0 20140306
9245 17 1 20140908
9246 43 101 20141110
9247 48 19 80 69 3 20150707
9248 21 4 20151027
9249 68 0 20140125
9250 1 1 20140203
9251 7 33 20141001
9252 21 52 138 20150115
9253 49 1 6 3 4 20150506
9254 93 0 20140403
9255 137 1 1 20140819
9256 70 15 2 20141213
9257 79 49 4 13 3 20150803
9258 73 49 11 69 20140306
9259 21 1 20140708
9260 34 2 20140821
9261 23 3 20140926
9262 49 8 23 74 4 20150920
9263 8 0 20140103
9264 1 1 20140120
9265 18 105 2 20140204
9266 0 59 20140418
9267 0 69 4 20150208
9268 16 121 21 70 5 20151211
9269 49 70 0 20140618
9270 6 1 25 124 1 20150207
9271 37 71 44 34 69 2 20150415
9272 0 37 0 20141028
9273 6 4 23 73 20150307
9274 82 0 20150215
9275 7 53 1 20150428
9276 6 73 65 3 10 20151216
9277 118 1 0 20140107
9278 107 79 20140527
9279 9 49 68 3 2 20151006
9280 77 72 3 20151121
9281 74 0 20140101
9282 1 1 20140402
9283 3 16 20140518
9284 6 4 3 50 3 20150820
9285 25 73 43 0 20150422
9286 44 0 20140130
9287 29 82 20140218
9288 49 2 20140828
9289 37 3 20141218
9290 8 3 1 110 4 20151203
9291 73 37 20140203
9292 22 0 50 1 1 20150728
9293 7 113 0 20141230
9294 8 14 1 135 1 20150113
9295 22 20 1 1 2 20150709
9296 18 3 20150907
9297 22 1 120 4 20150925
9298 4 0 20140419
9299 6 37 10 16 1 20150426
9300 0 20140509
9301 28 73 20150624
9302 3 3 43 88 2 20151025
9303 6 73 60 20140224
9304 37 75 1 20140503
9305 1 27 20141010
9306 14 3 20141030
9307 3 4 20150212
9308 8 28 55 46 5 20150322
9309 1 153 6 20150814
9310 0 43 7 20151003
9311 11 13 103 0 20140811
9312 71 1 20141119
9313 6 3 11 24 2 20150531
9314 1 18 23 112 0 20150714
9315 23 16 1 20151112
9316 99 43 0 20140309
9317 21 1 20140814
9318 17 2 20140816
9319 8 20150405
9320 19 145 4 20150609
9321 37 18 1 48 5 20150703
9322 37 53 6 20150919
9323 114 0 20150225
9324 136 135 50 158 1 20150302
9325 1 22 1 1 20150513
9326 74 0 20140219
9327 100 20140918
9328 10 37 20141221
9329 0 1 76 17 43 20150714
9330 18 70 20140116
9331 3 1 20140211
9332 19 2 20141004
9333 21 63 63 88 3 20151003
9334 137 17 0 20140119
9335 23 20140228
9336 10 2 20140510
9337 8 1 59 3 20150109
9338 27 21 44 50 4 20151029
9339 27 37 0 20141001
9340 22 34 20141006
9341 1 8 1 98 2 20150401
9342 20 3 20140803
9343 39 110 61 23 1 20150306
9344 8 103 20150321
9345 38 0 20140927
9346 23 1 20141028
9347 24 1 49 20150329
9348 1 23 20150529
9349 45 4 100 17 4 20150908
9350 3 65 1 13 0 20150323
9351 37 10 20151215
9352 37 76 20140824
9353 20 51 68 20140915
9354 28 25 20150111
9355 7 8 21 68 3 20151003
9356 21 106 68 59 0 20150702
9357 39 0 20140515
9358 37 19 20140908
9359 6 31 74 146 2 20150520
9360 8 19 24 3 20151211
9361 23 77 20140505
9362 0 56 71 5 1 20150101
9363 21 1 35 0 20140508
9364 8 21 20150501
9365 24 70 4 17 15 20150816
9366 63 15 20140218
9367 94 4 20140816
9368 59 115 31 2 20150219
9369 18 24 0 3 20150320
9370 52 81 20140111
9371 14 1 20140215
9372 73 6 1 135 2 20150101
9373 66 0 20140620
9374 9 3 20150623
9375 0 0 20140228
9376 37 1 20150911
9377 4 0 20140503
9378 18 37 20140506
9379 77 21 20150120
9380 47 68 20151220
9381 125 0 20140730
9382 74 1 20150122
9383 8 22 20150511
9384 22 3 20150205
9385 27 1 20150329
9386 28 0 20150225
9387 27 1 20150608
9388 28 1 1 37 20150625
9389 40 128 0 20141103
9390 69 20150413
9391 19 0 20140125
9392 8 70 20150302
9393 67 1 1 82 5 50 2 20150607
9394 3 3 20151023
9395 18 20151201
9396 10 23 0 20140111
9397 129 1 20140430
9398 3 2 20140624
9399 17 3 20150508
9400 8 4 20150920
9401 1 23 20150606
9402 0 3 20150612
9403 1 13 2 20150816
9404 16 0 20140213
9405 7 127 17 1 20140516
9406 2 2 20141123
9407 70 3 20150326
9408 94 4 20150625
9409 1 24 49 5 20150929
9410 30 0 20140126
9411 8 31 20140225
9412 23 44 20141009
9413 22 17 1 20150123
9414 36 4 20150729
9415 7 45 20140222
9416 22 14 20140513
9417 22 120 20140713
9418 17 44 20141002
9419 3 4 20150105
9420 69 0 20140331
9421 16 17 20140605
9422 76 2 20141019
9423 20 3 20150202
9424 7 49 20151216
9425 21 16 90 20140215
9426 73 77 20140715
9427 37 2 20140818
9428 68 3 20150605
9429 48 4 20151015
9430 85 19 20140529
9431 0 68 73 1 20140828
9432 37 20150927
9433 73 0 20140104
9434 58 1 20141215
9435 6 74 20150227
9436 3 3 3 20151003
9437 24 0 20140201
9438 6 1 20140313
9439 37 23 20141026
9440 16 97 20150606
9441 72 68 11 74 4 4 20150630
9442 18 5 20151101
9443 4 0 20141002
9444 63 159 20141008
9445 55 6 20150425
9446 42 3 20150504
9447 0 4 20151119
9448 82 0 20141115
9449 1 20150328
9450 21 25 3 95 82 2 20151130
9451 70 70 0 20140321
9452 17 1 20140803
9453 4 158 2 20150226
9454 22 1 3 20150326
9455 44 4 20150803
9456 4 98 20140414
9457 4 1 20140606
9458 2 65 2 20151012
9459 1 3 20151214
9460 6 0 20140421
9461 26 21 20150319
9462 18 2 20150517
9463 3 63 20140313
9464 21 26 20140314
9465 65 2 20141223
9466 63 69 20150427
9467 49 4 20150719
9468 8 4 20150813
9469 6 115 20141030
9470 2 45 20150616
9471 4 0 20140108
9472 82 26 20140517
9473 37 2 20141224
9474 157 16 3 20141226
9475 44 3 4 20150106
9476 45 5 20150329
9477 128 73 6 20150411
9478 44 7 20150523
9479 115 8 20150816
9480 49 72 20150618
9481 72 42 20150922
9482 48 0 20150709
9483 18 4 20140821
9484 59 1 20141010
9485 102 2 20150420
9486 0 0 5 3 70 3 20150529
9487 18 4 20151013
9488 17 0 20140524
9489 121 14 37 73 20150109
9490 37 2 20150203
9491 37 17 82 20150411
9492 4 4 20150524
9493 102 68 43 5 20150823
9494 4 115 20140505
9495 82 1 20150720
9496 1 2 20150728
9497 77 37 20151012
9498 50 0 20140825
9499 43 1 20150303
9500 6 2 20150405
9501 127 0 20140201
9502 82 16 20140402
9503 35 2 20151227
9504 40 0 20140610
9505 21 46 118 68 20140707
9506 22 2 20151114
9507 1 80 2 3 20151219
9508 7 0 20140319
9509 70 1 20140716
9510 2 2 20150128
9511 46 20140424
9512 37 13 20140502
9513 98 19 79 20140915
9514 114 3 20151112
9515 24 0 20150130
9516 4 1 20150614
9517 95 2 20150708
9518 69 13 20140226
9519 3 1 20140520
9520 75 34 20141001
9521 0 3 20150925
9522 17 71 20151030
9523 63 3 20140102
9524 113 1 20140317
9525 36 65 2 20141009
9526 22 3 20141020
9527 1 4 20150530
9528 36 5 20150728
9529 18 14 20150730
9530 7 0 20140503
9531 49 1 20140608
9532 21 2 20150815
9533 106 24 1 3 20151103
9534 33 0 20140427
9535 18 5 20150710
9536 76 0 20140825
9537 3 0 52 5 70 1 20150122
9538 70 118 20150415
9539 128 3 20150427
9540 3 4 0 20140402
9541 61 1 20140627
9542 73 79 20140816
9543 34 3 20140829
9544 47 20150622
9545 27 0 20140415
9546 8 12 20150514
9547 9 2 20150818
9548 2 52 20140427
9549 49 35 20141122
9550 37 56 20150313
9551 23 0 26 3 20151001
9552 1 20151203
9553 43 16 0 20141201
9554 3 1 20150512
9555 141 4 0 20150413
9556 24 4 20151015
9557 21 0 20150302
9558 0 1 20150315
9559 7 69 20140419
9560 12 1 20140423
9561 16 59 44 20140928
9562 139 20141128
9563 102 4 20151103
9564 99 17 20140815
9565 24 132 20140816
9566 4 2 20141226
9567 1 3 20150201
9568 2 14 4 20150621
9569 9 152 20150720
9570 7 0 20151027
9571 4 20140525
9572 22 1 20150220
9573 17 68 11 0 20140114
9574 99 17 1 20140122
9575 73 2 20140614
9576 9 34 20150302
9577 28 4 20150508
9578 74 5 20150711
9579 3 0 20140417
9580 1 1 20140920
9581 72 40 20141205
9582 109 5 20141216
9583 72 4 20151031
9584 9 0 20140528
9585 37 1 20140621
9586 63 34 20140713
9587 132 3 20150204
9588 107 44 20150413
9589 1 2 20150928
9590 1 37 20140530
9591 0 1 20141127
9592 28 2 20150831
9593 79 0 20140903
9594 23 20141207
9595 1 58 20141210
9596 65 37 3 20141213
9597 3 60 20150706
9598 71 5 20150712
9599 1 7 122 6 20150908
9600 118 0 20140220
9601 118 20140912
9602 28 2 20150113
9603 73 3 20151004
9604 82 0 20140526
9605 94 68 20140726
9606 45 2 20141216
9607 21 37 20150702
9608 63 0 20140628
9609 4 1 20141222
9610 15 2 20151011
9611 37 0 21 0 20140628
9612 4 1 20150613
9613 1 2 20151201
9614 36 118 20140204
9615 9 79 20150111
9616 37 45 0 20140227
9617 20 4 20140501
9618 73 118 2 20141010
9619 122 3 20151002
9620 1 0 20150212
9621 19 0 20140311
9622 1 114 1 20140724
9623 43 79 20140818
9624 117 20140826
9625 38 33 4 20141211
9626 18 0 27 21 20150107
9627 0 37 20150516
9628 18 7 20150908
9629 3 73 20140320
9630 43 23 20140419
9631 4 43 114 2 20150723
9632 1 3 20150801
9633 56 1 4 20150828
9634 7 5 20151215
9635 4 0 20150402
9636 18 0 20140321
9637 3 1 20150303
9638 3 16 2 20150628
9639 17 14 13 3 20151006
9640 11 0 20140318
9641 21 37 20140510
9642 77 2 20140807
9643 6 3 20150203
9644 130 0 20140225
9645 32 21 20140619
9646 17 16 118 20140729
9647 130 20150319
9648 37 72 20150824
9649 21 0 20140125
9650 0 16 33 1 20141020
9651 1 21 130 2 20150605
9652 3 3 20151005
9653 0 20150217
9654 125 1 20150702
9655 18 0 20150728
9656 35 1 20140121
9657 24 1 20140925
9658 99 17 2 20141227
9659 24 65 26 3 20150912
9660 0 4 20151119
9661 26 0 20140617
9662 34 3 20141014
9663 25 2 20141107
9664 18 26 20150802
9665 63 10 72 4 20150829
9666 25 2 14 0 20140218
9667 49 1 20140312
9668 10 118 61 20140918
9669 3 3 20150804
9670 0 0 20140312
9671 37 43 1 20140513
9672 18 2 20140714
9673 10 94 3 20141031
9674 49 4 20141223
9675 10 33 5 20141225
9676 22 37 6 20150210
9677 92 7 20151022
9678 6 8 20151209
9679 1 0 20140426
9680 17 0 73 80 20140608
9681 17 2 20140718
9682 82 3 20141012
9683 127 4 20150515
9684 55 57 20140625
9685 73 1 20140715
9686 0 2 20140723
9687 3 17 113 3 20140919
9688 74 4 20150225
9689 7 3 1 5 20150612
9690 25 3 20151212
9691 3 0 20140502
9692 69 20141130
9693 1 2 20141203
9694 25 69 20150619
9695 17 59 0 20140412
9696 16 20140614
9697 1 114 20141015
9698 88 3 3 20150216
9699 24 4 20150412
9700 3 0 20140529
9701 103 1 20140711
9702 0 2 20151228
9703 63 0 20140827
9704 129 1 20150403
9705 73 0 20150405
9706 55 117 20140123
9707 39 37 1 20140406
9708 21 2 20150822
9709 49 2 20150827
9710 82 79 20140611
9711 17 35 20150807
9712 44 84 64 4 20140128
9713 69 1 20140401
9714 24 2 20140728
9715 18 64 20140823
9716 2 57 23 4 20141012
9717 26 5 20141114
9718 57 6 20150407
9719 12 15 7 20150710
9720 8 8 20151018
9721 6 63 0 20140905
9722 12 33 20140920
9723 6 102 17 20141118
9724 116 3 20151130
9725 59 162 20140909
9726 3 58 1 20141022
9727 6 51 4 37 11 73 17 2 20150221
9728 37 3 20150319
9729 28 49 20150329
9730 20 0 20140119
9731 6 18 49 36 20150421
9732 27 159 20150616
9733 29 36 82 20151019
9734 3 23 20140506
9735 1 20140803
9736 13 2 20140811
9737 1 3 20150510
9738 103 73 20140122
9739 95 68 27 1 20140614
9740 154 2 20140620
9741 23 59 20140803
9742 1 4 20150526
9743 17 35 20140801
9744 63 1 20140827
9745 73 59 20141014
9746 2 3 20150713
9747 63 79 20150918
9748 1 0 20140503
9749 32 1 20140704
9750 124 2 20150509
9751 3 158 0 20140420
9752 114 52 1 20140604
9753 74 74 20141216
9754 9 8 3 3 20150402
9755 24 4 20150407
9756 16 43 20140326
9757 140 1 20140501
9758 22 37 20141029
9759 118 3 20141226
9760 75 4 20141230
9761 16 34 20150826
9762 14 118 6 20151212
9763 137 26 20140527
9764 22 1 20141201
9765 72 1 2 20150819
9766 65 141 0 20140205
9767 107 1 20140412
9768 28 17 2 20140712
9769 79 3 20140821
9770 1 90 20141002
9771 24 17 5 20151009
9772 24 23 10 20150801
9773 21 0 20140403
9774 48 23 20140520
9775 2 2 20141126
9776 16 22 79 20150308
9777 3 56 4 20150427
9778 25 0 20151003
9779 2 70 10 20151224
9780 64 0 20140530
9781 11 1 20141107
9782 24 4 39 2 20150313
9783 23 49 11 20150330
9784 1 4 20150515
9785 23 77 122 20140317
9786 69 1 20140911
9787 28 52 2 20151127
9788 47 100 20140119
9789 26 1 20140721
9790 4 2 20141107
9791 6 3 20141109
9792 17 75 4 20150128
9793 3 6 102 151 20150329
9794 19 79 0 20140425
9795 21 1 20140904
9796 6 2 20141214
9797 51 18 50 70 20150312
9798 9 4 20150426
9799 27 63 82 20150710
9800 16 0 20140418
9801 21 13 20140810
9802 33 77 20140829
9803 48 32 3 20140831
9804 27 3 4 20150507
9805 63 161 20140517
9806 49 70 20150421
9807 0 131 0 20140120
9808 70 12 1 20140330
9809 16 16 20140513
9810 114 20140802
9811 0 4 20141115
9812 28 73 24 5 20150518
9813 1 25 6 20150528
9814 9 7 20150910
9815 18 13 1 116 49 8 20151021
9816 16 0 20140405
9817 8 1 20140429
9818 130 23 2 20150623
9819 3 69 20140304
9820 11 1 20140724
9821 94 2 20140907
9822 3 3 20150131
9823 18 0 44 20151005
9824 1 5 20151104
9825 3 23 0 20140605
9826 2 4 1 20150427
9827 81 69 2 20150619
9828 0 17 44 69 20150816
9829 26 3 20140630
9830 75 59 102 20140708
9831 69 113 2 20150826
9832 8 3 20151201
9833 52 11 11 0 20140412
9834 57 69 20140703
9835 4 68 2 20150508
9836 113 0 20140407
9837 36 4 20140828
9838 9 2 20141206
9839 134 3 20141208
9840 1 23 4 20150514
9841 21 60 20140321
9842 38 1 20140527
9843 6 7 20140721
9844 1 3 20141125
9845 127 4 20141126
9846 24 49 13 20150927
9847 16 3 37 6 20150929
9848 67 49 0 20150223
9849 24 0 20140429
9850 126 1 20140907
9851 114 20141210
9852 0 113 3 20150309
9853 24 0 20140323
9854 23 1 20140702
9855 4 21 2 20151224
9856 23 0 20141023
9857 37 1 20150603
9858 21 52 2 20151111
9859 68 0 20140413
9860 6 44 1 20140505
9861 126 39 23 20150419
9862 37 59 0 20140514
9863 22 43 1 20151016
9864 4 20140619
9865 117 17 1 20150512
9866 18 44 2 20150617
9867 4 2 69 20140217
9868 6 59 20140521
9869 18 73 20141003
9870 20 3 3 20150222
9871 35 0 44 20151202
9872 21 0 20140223
9873 73 37 1 20140227
9874 3 2 20140713
9875 63 3 20140826
9876 43 4 20140911
9877 48 5 20141018
9878 88 6 20141129
9879 3 27 7 20150824
9880 3 20140118
9881 25 1 20140624
9882 37 2 20141127
9883 65 68 13 3 20141230
9884 0 135 3 20150417
9885 19 0 20141012
9886 13 1 20141128
9887 73 43 2 20150427
9888 7 3 20150910
9889 48 4 20150925
9890 18 4 125 20151010
9891 3 0 20141029
9892 50 1 20150202
9893 115 118 2 20150317
9894 34 19 20150621
9895 48 69 37 4 20151002
9896 16 0 20140326
9897 1 20140621
9898 101 2 20140810
9899 6 17 20150125
9900 18 26 4 20150712
9901 19 5 20150924
9902 8 3 44 114 0 20150501
9903 2 3 84 20150626
9904 21 16 0 20151014
9905 56 12 0 20140326
9906 2 1 20140814
9907 1 2 20140929
9908 39 3 20150410
9909 28 130 4 20150920
9910 75 16 20140101
9911 60 17 113 20150308
9912 1 69 2 20151124
9913 118 44 0 20150113
9914 161 0 20140407
9915 86 36 17 20150720
9916 20 20140127
9917 27 70 17 20140901
9918 3 2 20141022
9919 49 3 20141212
9920 8 70 20150722
9921 56 68 20140408
9922 37 40 20140613
9923 16 103 2 20150113
9924 37 3 3 20150923
9925 37 67 68 0 20140106
9926 18 10 20140703
9927 1 68 2 20140813
9928 0 19 3 20141016
9929 61 4 20141222
9930 75 153 5 20150506
9931 27 1 20140715
9932 1 1 20140913
9933 16 2 20141121
9934 16 17 3 20150604
9935 44 0 20140212
9936 33 1 20140811
9937 25 1 3 20150629
9938 3 128 3 20150711
9939 28 0 20140905
9940 2 3 20150526
9941 44 102 2 20150926
9942 50 0 20140611
9943 10 64 64 20150330
9944 0 37 69 20150621
9945 4 0 20140202
9946 74 17 1 20140328
9947 26 0 20150702
9948 0 1 118 20150715
9949 26 75 43 4 20151030
9950 88 70 0 20140806
9951 75 1 20141030
9952 151 17 2 20150613
9953 3 114 3 20150830
9954 4 17 0 20140809
9955 1 1 20141228
9956 4 84 2 20150131
9957 37 98 3 20151112
9958 43 0 20140310
9959 38 1 20140529
9960 10 20140929
9961 22 63 94 20150521
9962 1 58 20151026
9963 11 16 5 20151108
9964 94 145 20140523
9965 2 69 77 1 20141124
9966 48 3 2 20150301
9967 18 43 37 20150908
9968 7 0 20140201
9969 49 4 20141031
9970 53 23 2 20150730
9971 56 0 20140315
9972 60 1 20140408
9973 43 2 20150125
9974 23 3 20151225
9975 63 43 79 20151228
9976 4 0 20141102
9977 27 1 1 20150429
9978 43 21 113 2 20150517
9979 28 0 20140303
9980 55 14 52 20150419
9981 64 20140102
9982 1 4 1 20140228
9983 37 37 2 20140503
9984 1 16 20140804
9985 6 4 20140817
9986 38 24 5 20140831
9987 127 6 20141005
9988 3 3 10 20150111
9989 114 0 20140131
9990 9 68 20140801
9991 83 2 20141030
9992 37 24 3 20150429
9993 18 34 4 20151005
9994 10 76 20140121
9995 73 17 20140602
9996 23 91 79 20150708
9997 106 24 0 98 20151114
9998 29 16 3 43 20140826
9999 40 65 21 20150819
10000 49 0 20140716
10001 1 65 1 20151230
10002 17 0 20140630
10003 43 1 20140720
10004 16 15 20141207
10005 1 7 21 43 20150126
10006 25 59 3 20150817
10007 1 1 0 20150813
10008 37 3 20140128
10009 18 1 20140301
10010 23 2 20140720
10011 37 3 20141020
10012 114 73 4 20141128
10013 2 3 5 20150122
10014 52 0 20140303
10016 37 26 20150401
10018 3 0 20140326
10019 1 1 20140628
10020 17 37 2 20151028
10021 3 0 20140402
10022 9 1 20140613
10023 118 19 2 20141009
10024 22 38 49 20150716
10025 62 4 20150927
10026 4 0 20140427
10027 68 20140817
10028 65 51 20150310
10029 2 30 20140131
10030 1 1 20140205
10031 63 2 20140616
10032 22 34 20140930
10033 0 112 20141027
10034 1 5 20141119
10035 4 102 11 20150319
10036 27 16 3 7 20151008
10037 19 1 45 44 15 8 20151124
10038 9 0 20140421
10039 34 20140613
10040 1 46 2 20150813
10041 43 19 3 20150902
10042 69 48 20141115
10043 26 127 20150120
10044 18 1 50 20140518
10045 15 1 20140606
10046 16 4 2 20151126
10047 6 0 20140620
10048 24 1 20140924
10049 55 2 20150526
10050 56 28 136 20150925
10051 24 73 23 20151113
10052 23 0 20140706
10053 149 75 1 20150117
10054 9 15 0 20150720
10055 15 13 120 10 118 113 82 1 20150909
10056 20 3 20140607
10057 73 135 1 20150430
10058 8 1 20150817
10059 118 0 20140725
10060 4 1 20140808
10061 20 26 17 20150820
10062 2 0 20140829
10063 26 26 1 20150715
10064 4 0 20140128
10065 11 1 20140503
10066 0 4 2 20150113
10067 82 7 26 33 20151022
10068 1 0 20140301
10069 11 1 20140628
10070 4 2 20140717
10071 3 3 20150105
10072 18 3 70 113 20150610
10073 6 16 20151012
10074 139 1 6 20151205
10075 1 17 74 20150401
10076 93 114 1 20150524
10077 3 2 20150715
10078 65 3 20151230
10079 4 33 0 20140620
10080 55 72 1 20150515
10081 65 73 0 20140101
10082 73 123 20140519
10083 74 2 20140609
10084 1 127 74 20151014
10085 116 0 20140622
10086 40 1 20141018
10087 37 16 2 20150815
10088 2 63 0 20140305
10089 75 1 20140410
10090 16 2 20140823
10091 8 3 20140827
10092 2 137 20150731
10093 22 17 20140113
10094 7 1 20140525
10095 10 2 20140918
10096 132 17 3 20150102
10097 118 23 4 20151005
10098 65 49 0 20150529
10099 77 53 26 1 20150829
10100 1 0 20140717
10101 17 2 20141027
10102 3 153 2 20150903
10103 127 0 20141028
10104 21 26 1 20150911
10105 29 0 20140121
10106 19 17 20140201
10107 59 74 34 2 20140413
10108 4 3 20140607
10109 26 4 20140924
10110 50 50 5 20150117
10111 9 6 20150525
10112 18 7 20150905
10113 128 11 8 20151224
10114 0 20140128
10115 126 72 1 20140306
10116 60 2 20141022
10117 1 113 3 20150223
10118 73 17 4 20150522
10119 102 5 20151001
10120 37 0 20140224
10121 103 20140425
10122 1 2 20140516
10123 17 100 45 20150615
10124 6 69 55 20150511
10125 91 1 49 20140802
10126 8 4 1 20151118
10127 23 68 0 20140724
10128 9 1 20140810
10129 19 147 73 20150907
10130 18 0 20141105
10131 10 19 1 20150224
10132 127 0 20140505
10133 75 13 20140804
10134 24 38 16 2 20150810
10135 17 3 20150821
10136 2 7 1 4 20151121
10137 27 3 19 0 20140121
10138 121 1 20140302
10139 37 2 20140308
10140 18 49 3 20140924
10141 21 6 37 20150904
10142 59 1 64 20140720
10143 1 20 24 1 20150105
10144 145 2 20150427
10145 11 74 13 20151125
10146 4 0 20141213
10147 20 19 99 20151203
10148 20 13 44 2 20151225
10149 28 0 20140420
10150 45 1 20140523
10151 17 11 2 20140613
10152 20 141 3 20150629
10153 1 0 20140322
10154 15 1 20141030
10155 21 73 2 20150511
10156 49 3 20150913
10157 3 68 20140129
10158 37 1 20140415
10159 6 4 113 2 20150420
10160 74 35 3 20150514
10161 68 1 4 20151230
10162 124 65 40 0 20140314
10163 34 1 20140324
10164 18 2 20140403
10165 16 3 20141226
10166 53 17 10 20150305
10167 75 43 51 11 4 10 95 5 20151118
10168 37 16 20140117
10169 23 20150827
10170 62 74 2 20150926
10171 24 11 0 20151126
10172 3 154 0 20140609
10173 18 24 1 20151024
10174 2 81 16 20151109
10175 37 0 20140531
10176 97 68 1 20140727
10177 18 70 20140831
10178 133 3 20141125
10179 9 20141225
10180 74 55 5 20150522
10181 122 70 6 20150909
10182 44 0 20140509
10183 7 20140705
10184 11 2 20141110
10185 26 31 3 20141210
10186 3 4 20150329
10187 0 94 5 20150918
10188 122 19 20140726
10189 7 32 1 20140903
10190 28 43 2 20150320
10191 7 0 20140821
10192 2 70 20141109
10193 92 49 20150119
10194 37 20150309
10195 49 74 20141105
10196 50 82 1 20151112
10197 103 43 0 20140216
10198 37 1 20140319
10199 0 21 80 20150402
10200 17 74 20141217
10201 37 65 20150212
10202 0 81 2 20150725
10203 10 4 20140529
10204 28 52 1 20140710
10205 23 2 20140728
10206 56 3 20140904
10207 1 82 20141128
10208 18 37 5 20150122
10209 68 6 20150127
10210 106 39 37 7 20150929
10211 73 70 4 20150330
10212 24 0 20141102
10213 21 74 81 20150514
10214 12 129 0 20140331
10215 49 1 20140606
10216 75 2 20140630
10217 59 3 20140826
10218 18 1 20150225
10219 114 68 5 20151228
10220 22 64 17 20140124
10221 0 20141109
10222 82 74 2 20150710
10223 18 55 1 102 113 3 20151008
10224 18 48 20151208
10225 26 0 20140405
10226 23 1 20140929
10227 9 2 20150206
10228 10 146 20150513
10229 7 18 81 17 43 37 20151026
10230 23 4 5 20151103
10231 3 17 79 0 20141104
10232 44 26 1 20150613
10233 129 3 0 20140129
10234 29 1 20140615
10235 9 99 2 20140816
10236 0 26 3 20150326
10237 48 3 113 0 20140225
10238 68 1 20140826
10239 37 2 20141104
10240 37 1 3 20150516
10241 44 81 4 20150719
10242 23 24 73 0 20140522
10243 32 78 20140625
10244 79 23 2 20140822
10245 19 70 3 20150730
10246 69 74 0 20140622
10247 28 23 20140719
10248 26 98 2 20141009
10249 24 118 20141026
10250 37 49 4 20150308
10251 50 0 20140217
10252 50 1 20140417
10253 4 79 20140810
10254 10 65 3 20150903
10255 40 0 20140111
10256 37 1 20140609
10257 0 32 91 20150120
10258 25 3 20150129
10259 1 0 20140216
10260 108 1 20140528
10261 26 70 2 20140606
10262 79 19 3 20151031
10263 22 44 30 27 20140215
10264 14 1 20140610
10265 17 2 20141105
10266 17 3 3 20150211
10267 21 4 20150706
10268 21 16 114 20150919
10269 0 0 20140706
10270 21 90 1 20150421
10271 2 2 20150923
10272 31 16 0 20141007
10273 4 65 113 20150909
10274 3 19 0 20150702
10275 51 80 1 20150825
10276 3 43 99 50 20141014
10277 1 73 1 20150215
10278 9 4 20141012
10279 21 114 1 20150522
10280 2 21 81 2 20150708
10281 4 0 20140618
10282 17 1 20140723
10283 37 72 2 20150108
10284 35 0 20141116
10285 9 23 1 20150719
10286 3 0 20140314
10287 21 20140405
10288 38 2 20140515
10289 2 50 31 20151102
10290 3 2 4 20151226
10291 37 0 20140124
10292 19 1 20140702
10293 2 20141125
10294 69 10 3 20150210
10295 37 49 9 17 20150806
10296 141 74 17 20151212
10297 11 0 20140111
10298 79 102 75 20150325
10299 8 73 3 20150515
10300 20 44 20150516
10301 0 45 0 20140708
10302 14 1 20150103
10303 21 95 2 20150118
10304 1 0 20140718
10305 47 68 1 20150126
10306 1 2 20150527
10307 28 3 20151003
10308 4 15 0 20150218
10309 21 50 20140331
10310 141 1 1 20150325
10311 6 2 20150704
10312 42 16 0 20140204
10313 1 1 20140614
10314 13 2 20140715
10315 24 26 33 20150429
10316 7 1 74 20150627
10317 43 43 4 0 20140602
10318 1 1 20140717
10319 63 2 20141013
10320 0 1 120 20150703
10321 93 0 20140403
10322 36 26 1 20140813
10323 68 2 20141226
10324 4 37 20150419
10325 15 108 4 20150923
10326 37 17 20141108
10327 59 1 20141208
10328 4 23 2 20150106
10329 11 0 20140309
10330 3 1 20141116
10331 37 21 2 20150210
10332 7 0 20140811
10333 35 1 20141129
10334 57 2 20150511
10335 79 0 20150531
10336 74 49 20140614
10337 22 3 20150102
10338 48 0 20141002
10339 72 49 1 20141111
10340 4 37 3 2 20150906
10341 28 3 20151027
10342 4 139 0 20140527
10343 56 20150729
10344 25 2 20151013
10345 44 19 20151224
10346 6 0 20140514
10347 117 1 20140717
10348 68 2 20140912
10349 82 33 20141121
10350 16 4 20151015
10351 1 0 20140401
10352 135 1 20140531
10353 22 10 20140608
10354 8 3 20150526
10355 1 4 20151105
10356 49 0 20140425
10357 88 78 76 20140710
10358 13 37 20140905
10359 29 3 20150419
10360 4 4 20150612
10361 80 2 20150812
10362 26 37 20140409
10363 28 20150418
10364 8 49 73 69 20150318
10365 9 1 20150706
10366 16 2 20150804
10367 49 10 20151208
10368 10 20150101
10369 57 29 96 20150318
10370 2 20150821
10371 63 0 20141226
10372 25 1 20150110
10373 3 2 20150116
10374 57 70 20150516
10375 28 4 20150828
10376 22 72 20140318
10377 160 1 20140406
10378 1 4 57 2 20150821
10379 15 49 98 0 20140405
10380 9 74 20140713
10381 0 2 20150207
10382 74 3 20150707
10383 35 98 29 4 20151115
10384 21 20140730
10385 24 23 17 1 20150105
10386 4 2 20150502
10387 7 81 6 0 20150309
10388 3 0 20140610
10389 81 44 74 20150527
10390 114 0 20141126
10391 4 1 20150103
10392 3 9 46 69 20150414
10393 3 23 65 3 20151116
10394 11 0 20140920
10395 11 20141202
10396 43 2 20141210
10397 23 3 20150624
10398 4 9 59 4 20151120
10399 4 17 20140114
10400 24 1 20140121
10401 0 2 20140502
10402 69 3 20141121
10403 43 4 4 20150401
10404 37 74 20140221
10405 3 10 20140626
10406 63 11 20140930
10407 24 3 20141108
10408 56 40 10 4 20150112
10409 0 68 21 5 20150523
10410 112 103 0 20140301
10411 24 17 20140721
10412 49 70 37 20140820
10413 9 37 3 20141224
10414 37 2 23 4 20151130
10415 70 7 6 103 20150727
10416 8 24 3 1 20151027
10417 142 0 20140301
10418 40 77 78 1 20150620
10419 8 37 20150627
10420 16 13 20151002
10421 18 68 37 2 20151030
10422 75 162 20140512
10423 1 1 20141119
10424 3 24 2 20150102
10425 43 3 145 3 20151109
10426 20 49 20140113
10427 22 26 1 20140917
10428 2 20141226
10429 3 4 135 3 20150812
10430 0 3 20 46 83 20151012
10431 41 0 31 5 20151110
10432 59 0 20140420
10433 16 1 20140607
10434 61 2 20140630
10435 24 26 33 3 20150708
10436 6 2 3 4 20150917
10437 2 37 20140830
10438 70 1 20141226
10439 6 43 2 20150223
10440 48 58 11 3 20150807
10441 55 0 20140122
10442 74 49 4 1 20140206
10443 50 4 20141022
10444 6 1 20150513
10445 16 17 112 4 20150518
10446 37 6 88 5 20150604
10447 17 0 20140818
10448 69 1 20141101
10449 59 59 2 20150115
10450 8 50 21 3 20150918
10451 1 37 159 20140528
10452 3 0 20140701
10453 100 2 20140713
10454 13 3 20141128
10455 1 74 4 20141224
10456 73 134 20150502
10457 22 15 103 6 20150623
10458 21 24 1 72 20140217
10459 10 1 20140222
10460 48 2 20140608
10461 99 26 3 20150912
10462 17 9 63 4 20151216
10463 18 1 20141010
10464 18 82 37 1 20150903
10465 3 4 20140420
10466 3 8 21 43 20150412
10467 17 94 0 20140223
10468 3 3 20140816
10469 36 17 27 20150216
10470 22 33 20150423
10471 21 45 2 4 20150516
10472 29 69 58 5 20151111
10473 1 0 20140815
10474 17 25 65 1 20150429
10475 11 0 20140120
10476 70 1 20140416
10477 37 2 20140518
10478 37 3 20140814
10479 48 17 20140925
10480 8 4 65 5 20150322
10481 37 6 20151222
10482 63 137 20151223
10483 52 77 37 20140206
10484 50 1 20140417
10485 7 79 20141207
10486 22 24 11 3 20150114
10487 28 17 58 20150424
10488 19 65 20140520
10489 69 1 20140529
10490 18 0 19 68 153 11 24 2 20150704
10491 36 23 17 3 20150815
10492 2 25 16 4 20151222
10493 10 130 20140526
10494 24 49 20140614
10495 3 44 2 20140625
10496 3 3 20141004
10497 16 37 20141101
10498 51 5 20141105
10499 18 18 49 88 20150101
10500 114 7 20150529
10501 3 0 20140902
10502 8 106 98 53 20150203
10503 7 3 20141026
10504 0 37 43 20150103
10505 3 2 20150510
10506 132 0 20150524
10507 3 147 68 20140716
10508 79 1 20140926
10509 9 24 74 2 20150428
10510 28 20 1 3 20151109
10511 3 139 0 20140119
10512 6 153 20140226
10513 59 2 20140822
10514 141 3 20141021
10515 6 1 7 70 20150208
10516 1 5 20150814
10517 19 0 20140117
10518 7 59 74 1 20151022
10519 73 0 20140216
10520 3 37 20140418
10521 4 2 20140921
10522 50 3 20150519
10523 3 4 4 4 20151017
10524 25 26 20140105
10525 72 16 20140219
10526 53 2 20140905
10527 18 64 17 3 20150304
10528 2 2 11 4 20150318
10529 22 5 20150811
10530 9 77 20140524
10531 44 10 20140828
10532 1 2 20141103
10533 16 113 11 58 20150817
10534 82 0 20140614
10535 16 0 1 1 20150522
10536 37 0 20140215
10537 56 17 73 1 20150904
10538 0 0 20140328
10539 36 43 20140620
10540 13 2 20150622
10541 23 43 99 3 20150713
10542 20 4 20150807
10543 6 22 100 72 20151208
10544 3 0 20140614
10545 2 79 20140619
10546 13 2 20140805
10547 0 22 67 58 20150325
10548 23 0 20140127
10549 95 31 1 20140728
10550 24 69 2 20141113
10551 21 7 1 44 20150725
10552 21 95 0 20141124
10553 74 1 20141214
10554 37 35 62 52 20150203
10555 21 34 20151112
10556 9 10 70 37 0 20150610
10557 123 0 20140403
10558 17 118 1 20140410
10559 22 24 4 17 122 46 73 2 20150531
10560 14 40 1 1 3 20150630
10561 21 20140111
10562 94 1 20140315
10563 72 2 20141220
10564 18 1 99 19 3 20150516
10565 16 0 20140311
10566 82 74 20140430
10567 1 7 6 43 16 20151214
10568 16 0 20140912
10569 81 1 20150111
10570 4 4 2 20151102
10571 4 0 20140116
10572 64 20140830
10573 3 2 20141203
10574 70 1 75 3 20150805
10575 124 0 20141224
10576 56 3 20150821
10577 74 64 0 20140613
10578 0 19 20140629
10579 50 2 20140707
10580 20 17 20150402
10581 22 37 17 20150619
10582 68 49 1 20150813
10583 1 2 20151017
10584 2 1 49 43 0 20150403
10585 97 20150731
10586 18 138 52 135 17 113 23 0 20150831
10587 17 1 20151004
10588 57 1 20151021
10589 6 17 20150120
10590 118 20140403
10591 49 69 20140910
10592 18 2 20150726
10593 4 44 20151014
10594 58 0 20140209
10595 152 1 20140412
10596 3 102 20151015
10597 158 0 20140621
10598 14 1 20150313
10599 65 2 20150726
10600 106 0 20150903
10601 3 1 3 1 20151011
10602 35 20150616
10603 69 0 20140304
10604 69 98 20141105
10605 49 36 20151113
10606 19 0 20140601
10607 17 1 20150811
10608 37 2 20150919
10609 4 1 0 20140908
10610 72 163 20141003
10611 99 6 20150818
10612 114 0 20140622
10613 6 49 1 20140721
10614 1 49 20141113
10615 142 1 20150511
10616 6 97 4 20150928
10617 95 5 20151007
10618 49 0 20140217
10619 70 1 20140218
10620 24 0 20150608
10621 3 50 20140909
10622 4 1 20141011
10623 75 2 20150614
10624 18 74 20151023
10625 3 1 20151111
10626 137 0 20140101
10627 43 20140910
10628 136 20150424
10629 90 3 20150611
10630 17 4 20151022
10631 114 0 20140203
10632 73 1 20140907
10633 1 16 37 20141123
10634 10 3 20150723
10635 9 4 20150903
10636 22 69 20140402
10637 44 1 20141004
10638 15 2 20141217
10639 20 141 70 3 20150930
10640 21 0 20140322
10641 6 16 130 20150303
10642 21 69 17 2 20151214
10643 24 79 20140102
10644 3 1 20140315
10645 37 2 20141213
10646 47 6 27 3 20151014
10648 37 0 20140101
10649 26 3 1 20140205
10650 2 20140507
10651 37 63 79 20150306
10652 48 49 68 13 20150323
10653 63 44 157 20140307
10654 1 1 20140309
10655 9 10 157 2 20150706
10656 6 7 73 3 20150814
10657 4 17 11 20141029
10658 13 1 20141226
10659 6 113 68 2 20151015
10660 7 153 10 20140605
10661 1 20140713
10662 3 72 20140914
10663 3 3 16 3 20150902
10664 128 0 20140107
10665 49 1 20140719
10666 21 2 20141007
10667 47 2 21 108 20150119
10668 3 0 20140603
10669 14 1 20141221
10670 20 0 103 1 96 12 20150626
10671 22 22 42 3 20150907
10672 118 0 20140419
10673 32 4 20141127
10674 67 10 62 49 120 20150430
10675 4 3 20150724
10676 8 22 23 4 20150728
10677 24 0 20140316
10678 3 20140505
10679 114 2 20141129
10680 8 21 20151029
10681 49 0 20140223
10682 67 20140721
10683 23 43 20141119
10684 74 11 20141225
10685 16 59 2 4 20150207
10686 54 5 20150511
10687 4 0 20141003
10688 1 23 1 20141026
10689 24 2 20150222
10690 37 48 20150604
10691 56 54 27 4 20150903
10692 24 4 3 15 1 5 20151217
10693 4 68 0 20140123
10694 81 26 113 1 20150310
10695 6 35 20150404
10696 18 19 20141224
10697 8 10 16 1 20150514
10698 10 16 2 20150612
10699 1 1 26 3 20151014
10700 1 98 157 0 20141006
10701 4 4 33 1 20150521
10702 16 131 0 20140506
10703 63 19 1 1 20150115
10704 55 44 20140217
10705 82 1 20140226
10706 26 72 2 20150103
10707 114 42 20140111
10708 4 1 20141004
10709 3 1 22 65 20150914
10710 16 0 20140307
10711 3 4 1 1 20151015
10712 35 122 20140613
10713 2 0 114 1 20150410
10714 19 0 20140104
10715 21 74 20140116
10716 127 99 84 20140228
10717 49 10 74 1 20151011
10718 0 58 4 20151118
10719 49 0 20141223
10720 44 7 82 1 20150717
10721 73 0 20141210
10722 3 6 21 1 20150116
10723 1 16 0 20140116
10724 2 113 20140227
10725 26 37 23 2 20150513
10726 37 0 20140311
10727 37 1 20140715
10728 118 2 20140910
10729 1 3 20140930
10730 4 13 1 4 20150829
10731 70 0 20140420
10732 3 99 127 20140830
10733 124 63 69 2 20150422
10734 21 20140807
10735 4 25 158 1 20151124
10736 61 63 118 20140224
10737 127 1 20140519
10738 158 49 20141214
10739 56 58 155 3 20150820
10740 2 48 4 20151106
10741 17 5 20151123
10742 2 84 0 20140905
10743 1 1 20140917
10744 22 0 1 2 20151207
10745 43 31 20140213
10746 39 20141031
10747 18 2 20150227
10748 22 3 20150501
10749 24 17 20140723
10750 43 1 20141211
10751 23 57 20141216
10752 68 68 20141220
10753 37 10 70 4 20150624
10754 4 37 13 20140329
10755 37 1 20140430
10756 16 118 21 122 20150526
10757 6 49 20140613
10758 69 3 1 20151014
10759 50 0 20140103
10760 21 1 20140411
10761 130 21 2 20140415
10762 23 3 20140805
10763 19 4 20140824
10764 22 23 4 5 20150209
10765 4 0 20140103
10766 6 1 20140902
10767 4 74 114 2 20150526
10768 4 0 20140704
10769 136 24 20140814
10770 18 1 155 2 20151220
10771 130 0 20140620
10772 1 43 68 1 20150802
10773 37 16 2 20151204
10774 49 74 0 20140302
10775 2 40 1 20141107
10776 53 2 20141209
10777 87 61 44 3 20150513
10778 17 4 20150727
10779 1 66 23 5 20151225
10780 73 0 20140202
10781 4 1 20140609
10782 37 2 20140922
10783 24 21 157 3 20150510
10784 36 0 20140831
10785 43 31 20150822
10786 7 145 95 2 20151016
10787 65 0 20141026
10788 22 73 20150205
10789 0 21 20150529
10790 18 44 53 3 20151203
10791 16 75 20140109
10792 17 1 20140111
10793 18 65 20140220
10794 40 3 20140318
10795 1 4 20140628
10796 50 5 20141208
10797 4 25 68 6 20150918
10798 73 34 19 20140926
10799 0 3 35 23 20150903
10800 16 2 20151209
10801 9 76 0 20141206
10802 6 10 127 1 20151118
10803 25 3 4 2 20151121
10804 26 0 20140524
10805 6 69 1 20141013
10806 58 21 113 2 20141228
10807 3 19 58 3 20150419
10808 113 0 20140201
10809 114 3 20140606
10810 62 17 4 2 20140610
10811 4 3 20140617
10812 1 77 20140715
10813 19 70 20141207
10814 65 37 75 6 20150905
10815 22 20 37 3 46 19 7 20150909
10816 22 0 20140123
10817 37 17 20141016
10818 74 135 21 23 20150710
10819 59 37 20140215
10820 73 1 20140530
10821 10 2 20140609
10822 20 20140816
10823 53 152 20150301
10824 157 65 4 5 20150418
10825 3 6 20150510
10826 21 0 20140108
10827 44 3 100 1 20140317
10828 65 74 26 2 20150310
10829 6 72 0 20140510
10830 58 1 20150226
10831 28 22 22 2 20150515
10832 74 20140422
10833 55 16 31 1 20140908
10834 73 2 20141014
10835 44 52 24 3 20150214
10836 2 57 37 16 4 4 20150427
10837 17 69 0 20140211
10838 37 20140401
10839 3 68 102 20141101
10840 63 11 3 20141206
10841 55 4 20150814
10842 17 45 10 4 20150821
10843 0 20140416
10844 135 72 65 20150803
10845 22 19 49 70 20151011
10846 1 158 0 20140419
10847 71 1 20141226
10848 43 2 20150213
10849 15 6 113 3 20150619
10850 21 43 20151119
10851 22 19 20151018
10852 9 113 3 1 20151202
10853 75 103 20140209
10854 6 16 1 20141127
10855 75 95 2 20150324
10856 16 23 3 20150531
10857 8 18 23 154 4 20150728
10858 37 2 19 5 20151123
10859 0 37 21 68 55 67 0 20150721
10860 20 106 50 1 20151003
10861 1 19 20140705
10862 135 11 20140923
10863 24 60 13 2 20151223
10864 16 70 51 20140428
10865 28 1 20141225
10866 29 32 10 2 20150410
10867 3 0 20140305
10868 19 15 20141021
10869 48 35 2 20150316
10870 44 0 20140330
10871 49 39 3 16 20150908
10872 79 0 20140401
10873 20 3 1 1 20150104
10874 3 64 20140210
10875 3 73 20140217
10876 1 2 20140728
10877 67 1 3 20140909
10878 15 17 37 4 20150428
10879 69 0 20140217
10880 1 1 20140815
10881 16 9 3 2 20150125
10882 24 0 20150310
10883 72 70 20140910
10884 1 21 6 1 20150516
10885 43 43 20140311
10886 24 13 20150430
10887 8 100 17 2 20151203
10888 6 114 0 20141211
10889 9 99 49 77 70 1 20150109
10890 114 44 20150916
10891 22 4 14 3 20151019
10892 0 20140117
10893 3 6 22 70 20150626
10894 3 17 2 20150722
10895 11 0 20141120
10896 44 26 4 1 20150116
10897 1 0 20140119
10898 12 17 20140713
10899 94 2 20141024
10900 22 49 3 20141105
10901 9 128 42 4 20150514
10902 24 3 114 72 20150126
10903 4 0 20140311
10904 79 1 20140419
10905 10 2 20140502
10906 18 17 55 3 20150713
10907 18 0 11 4 20151225
10908 3 88 20140307
10909 14 20140418
10910 34 77 2 20140726
10911 6 3 20150119
10912 1 24 73 4 20151017
10913 113 0 20141125
10914 18 21 131 20150614
10915 24 43 2 20150702
10916 26 10 73 20151218
10917 50 0 20140607
10918 58 1 20150326
10919 18 4 49 2 20150428
10920 1 59 102 20150828
10921 58 4 20151123
10922 50 0 20140110
10923 21 1 20141221
10924 16 6 10 2 20150125
10925 102 37 0 20140221
10926 52 1 20140830
10927 10 2 20150325
10928 3 16 20140311
10929 15 1 20150527
10930 96 15 10 37 2 20150703
10931 29 3 20151225
10932 59 73 113 20141005
10933 1 1 20150506
10934 63 0 20140403
10935 77 1 20140407
10936 158 99 2 20140504
10937 2 58 64 20140814
10938 37 95 20141009
10939 24 5 20150608
10940 16 0 20140628
10941 9 1 20140824
10942 34 2 20140930
10943 24 70 20141207
10944 37 153 20141230
10945 43 5 20150404
10946 6 6 20150923
10947 8 21 11 7 20151224
10948 1 37 43 20151227
10949 19 73 20140227
10950 82 88 20140627
10951 65 2 20141011
10952 18 50 20150113
10953 1 4 20150405
10954 59 114 0 20140817
10955 10 68 20141031
10956 18 19 114 1 157 72 2 20150201
10957 8 100 0 20140706
10958 135 1 20141223
10959 9 0 52 6 1 102 2 20150801
10960 40 135 20140613
10961 26 1 20140816
10962 70 22 100 1 65 49 24 20150806
10963 2 13 20140206
10964 73 3 20150126
10965 18 2 20150408
10966 49 68 4 118 3 147 3 20150616
10967 44 0 20140214
10968 3 26 1 20140403
10969 37 2 20140425
10970 1 37 72 23 11 43 20150323
10971 68 3 37 20141123
10972 44 17 20141201
10973 18 1 46 11 108 1 37 20151213
10974 4 59 0 20140731
10975 35 1 20140904
10976 23 114 1 129 87 74 2 20150302
10977 55 0 20140311
10978 3 24 20140922
10979 67 24 79 1 95 2 20151208
10980 2 76 40 0 20150520
10981 2 21 35 20 34 88 1 20150706
10982 21 21 55 143 37 2 20150922
10983 8 20151105
10984 16 0 20140728
10985 81 43 1 20140801
10986 49 28 3 1 72 19 2 20150926
10987 20 37 127 114 0 20150818
10988 122 4 43 0 20140227
10989 10 1 20140702
10990 1 26 79 21 72 127 2 20150318
10991 2 100 126 3 20150623
10992 102 0 20140225
10993 136 1 20140611
10994 13 85 2 20140831
10995 4 3 20141214
10996 47 44 22 44 73 1 4 20150818
10997 4 20140122
10998 3 77 64 1 20140609
10999 18 2 20150317
11000 48 37 60 1 69 33 3 20150527
11001 34 10 44 20140419
11002 27 74 20141213
11003 24 48 14 3 164 44 2 20151004
11004 137 3 3 20151029
11005 22 118 20151220
11006 77 19 20140804
11007 80 1 20140810
11008 4 22 23 3 37 43 2 20150503
11009 28 0 20140417
11010 6 2 145 130 141 58 51 20150505
11011 1 2 20150819
11012 6 3 20151215
11013 50 35 39 3 113 3 0 20150129
11014 18 9 73 42 20150323
11015 0 49 44 27 114 11 128 1 20151228
11016 63 63 20140916
11017 20 24 3 108 20150107
11018 8 9 150 65 1 100 49 2 20150114
11019 16 3 20150324
11020 0 93 4 20150930
11021 3 17 20140614
11022 35 90 20140702
11023 81 2 20141029
11024 11 82 20141104
11025 127 37 21 21 21 69 70 20150612
11026 49 0 20140721
11027 1 1 1 2 114 1 26 1 20150311
11028 24 49 17 11 20151005
11029 3 0 20141227
11030 3 6 22 103 44 112 37 1 20150109
11031 6 164 20150413
11032 64 23 113 20140318
11033 36 20140710
11034 55 2 20140825
11035 10 3 20141226
11036 18 106 76 82 24 135 55 19 20150829
11037 5 19 0 20140623
11038 4 28 1 75 1 11 61 1 20150801
11039 109 0 20140420
11040 13 118 20140623
11041 1 2 20140813
11042 69 37 87 84 16 13 74 3 20150929
11043 93 0 20140123
11044 7 1 20140202
11045 162 20140308
11046 79 55 20140613
11047 38 4 20140918
11048 22 3 93 5 20150516
11049 9 2 0 23 16 70 16 6 20151110
11050 9 0 20140125
11051 38 1 20140920
11052 15 113 20141029
11053 18 18 23 0 1 120 1 3 20150105
11054 20 18 0 3 82 16 88 0 20150812
11055 6 1 20151111
11056 29 17 0 20140226
11057 57 55 121 1 20140308
11058 0 2 20141214
11059 1 23 36 36 43 99 1 3 20150103
11060 17 23 0 20140909
11061 82 82 43 4 24 20150628
11062 13 2 20150705
11063 44 0 20140304
11064 113 147 20140513
11065 0 24 20151013
11066 7 8 24 2 19 74 43 3 20151125
11067 40 23 0 20140409
11068 3 90 1 20140412
11069 16 70 2 20140821
11070 113 3 20140912
11071 159 97 20141105
11072 63 10 5 20150308
11073 4 6 20150717
11074 9 1 43 127 17 112 53 7 20150819
11075 19 8 20151023
11076 18 0 20150104
11077 18 49 50 10 59 3 24 19 20150612
11078 21 28 19 23 88 2 20150629
11079 19 0 20140402
11080 127 74 1 20140430
11081 0 10 51 20140531
11082 4 27 57 0 70 26 95 3 20150824
11083 22 1 71 20150214
11084 22 44 98 59 11 149 1 20150724
11085 50 2 20150914
11086 68 74 20151124
11087 1 43 0 20140802
11088 27 122 1 20150215
11089 22 0 22 24 73 43 59 2 20150221
11090 3 155 11 0 20140105
11091 22 1 20140210
11092 3 49 20140828
11093 6 3 74 3 20150211
11094 18 4 20150723
11095 26 0 20140422
11096 18 13 20140916
11097 37 2 20141105
11098 1 3 20150806
11099 2 8 3 4 20150923
11100 28 6 0 20140104
11101 1 20140518
11102 16 2 20140522
11103 3 3 20150305
11104 25 4 20150409
11105 3 16 5 20150714
11106 4 68 10 10 20151102
11107 103 20140619
11108 38 43 20140621
11109 21 14 20140626
11110 4 1 20141211
11111 11 21 20150606
11112 28 5 20150611
11113 83 6 20151026
11114 3 17 0 20140216
11115 25 1 37 1 20140912
11116 2 2 20150109
11117 22 1 20150206
11118 6 0 20140413
11119 22 24 20141112
11120 2 20150428
11121 6 19 20150621
11122 6 0 20140107
11123 3 1 20140811
11124 57 2 20150620
11125 73 3 20150731
11126 1 0 20150214
11127 28 49 20150524
11128 8 3 20150121
11129 74 0 20140220
11130 1 114 1 20140929
11131 21 2 20150927
11132 0 0 20150725
11133 21 85 59 1 20150820
11134 31 44 4 2 20151205
11135 22 68 61 20140426
11136 21 1 20140702
11137 95 2 20140719
11138 21 99 20141219
11139 50 17 4 20150308
11140 56 5 20150710
11141 1 37 20150812
11142 43 135 0 20140627
11143 1 1 20150511
11144 122 0 20140623
11145 21 32 1 20140812
11146 69 2 20140906
11147 29 24 143 20141015
11148 49 4 20141216
11149 79 17 5 20151031
11150 0 6 20151109
11151 17 16 0 20140327
11152 33 1 20140807
11153 24 2 20150405
11154 8 79 87 20150807
11155 17 0 20140922
11156 18 130 20150117
11157 4 4 20150313
11158 9 3 20151201
11159 1 2 4 20151211
11160 3 48 20140327
11161 115 1 20140330
11162 37 2 20141114
11163 17 103 3 20150118
11164 1 158 20140325
11165 3 68 85 1 20140419
11166 63 19 20140512
11167 115 57 20140807
11168 49 21 4 20150821
11169 17 0 20140621
11170 34 52 1 20150302
11171 4 0 20140508
11172 95 43 20141119
11173 63 153 2 20150403
11174 103 0 20140212
11175 104 46 20140618
11176 1 95 2 20141117
11177 22 21 70 20150121
11178 68 128 0 20150205
11179 36 1 20150814
11180 21 103 0 20141120
11181 8 2 1 20150823
11182 22 3 20140904
11183 8 10 118 20150826
11184 37 21 20141019
11185 0 60 20150412
11186 19 73 0 20140819
11187 4 1 20141023
11188 74 4 2 20150624
11189 1 4 79 20151208
11190 23 0 20140504
11191 19 1 20150108
11192 18 37 2 20150905
11193 2 20151220
11194 52 37 0 20140615
11195 4 73 20141108
11196 18 69 2 20150528
11197 21 44 0 20140405
11198 7 69 77 20140824
11199 37 137 2 20150804
11200 63 3 20151229
11201 3 37 0 20150103
11202 21 3 20150114
11203 18 2 20151018
11204 1 17 0 20140107
11205 44 1 20140202
11206 162 68 2 20150329
11207 49 14 77 20150805
11208 46 10 20140526
11209 37 68 20141005
11210 82 2 20141218
11211 19 3 20141225
11212 11 77 4 20150122
11213 69 25 17 26 37 5 20150603
11214 0 23 79 20151113
11215 159 72 0 20140505
11216 57 1 20141226
11217 37 90 100 20150509
11218 6 21 20151229
11219 18 37 0 20140214
11220 39 10 20140306
11221 3 2 20140403
11222 58 38 3 20140530
11223 73 70 4 20150913
11224 24 24 20140126
11225 3 74 1 20140726
11226 18 23 2 20150714
11227 57 0 20140109
11228 21 1 20150301
11229 21 1 37 20150723
11230 13 0 20140821
11231 28 83 20140823
11232 0 122 2 20151010
11233 6 68 0 20140325
11234 26 37 1 20151126
11235 82 0 20140425
11236 4 39 17 4 4 20150907
11237 37 32 55 20151016
11238 18 79 0 20150110
11239 18 9 69 17 20150831
11240 74 44 0 20140107
11241 4 1 20140822
11242 70 2 20140928
11243 70 3 20141003
11244 34 1 4 20151115
11245 11 0 20140125
11246 57 1 20140203
11247 68 1 2 20140404
11248 37 20140511
11249 49 20140609
11250 21 5 20141006
11251 25 35 70 20150619
11252 110 0 20140311
11253 7 88 16 114 20140717
11254 0 70 2 20150916
11255 37 3 20150930
11256 7 0 20140326
11257 7 1 20140513
11258 17 3 73 20140924
11259 122 3 20141207
11260 22 68 42 73 102 4 20150408
11261 47 1 77 20150622
11262 21 0 20140513
11263 19 24 20140906
11264 2 2 20140925
11265 5 3 20141106
11266 19 4 20141225
11267 36 1 5 20150702
11268 37 0 20140531
11269 17 6 1 20150409
11270 4 23 153 100 2 20150916
11271 69 0 20140122
11272 3 11 1 20140714
11273 24 11 20141021
11274 29 37 4 20150330
11275 3 0 20140502
11276 25 70 1 20150218
11277 70 98 0 20140628
11278 21 16 20141219
11279 8 10 2 20150127
11280 1 113 0 20140403
11281 59 1 20140706
11282 102 2 20141007
11283 26 95 17 20150418
11284 70 0 20140528
11285 1 43 1 20140609
11286 70 2 20140616
11287 51 3 20140717
11288 23 37 4 20150208
11289 25 0 20140109
11290 103 11 1 20140319
11291 22 27 2 20150303
11292 6 22 17 20150930
11293 49 73 20140502
11294 22 11 1 20150602
11295 83 0 20140515
11296 3 74 1 20150406
11297 6 18 1 24 20150517
11298 134 145 20140318
11299 59 19 37 1 20140731
11300 127 2 20140805
11301 26 3 20141130
11302 37 3 4 20150721
11303 48 5 20151011
11304 118 0 20140109
11305 74 112 1 20140615
11306 48 2 20150401
11307 37 0 20140210
11308 0 3 1 20140402
11309 1 61 20140405
11310 17 1 20140411
11311 74 4 20140709
11312 22 120 20150816
11313 22 6 20151207
11314 4 114 20140929
11315 58 1 20141013
11316 25 1 20150312
11317 22 4 19 3 20150428
11318 49 0 20140113
11319 37 1 20140319
11320 17 2 20140509
11321 11 3 20140827
11322 82 73 90 4 20141107
11323 49 5 20150124
11324 74 3 20140209
11325 10 20140426
11326 0 34 20150426
11327 15 3 20150830
11328 37 4 20140112
11329 70 153 20141105
11330 103 2 20141203
11331 18 1 20150226
11332 145 58 0 20141026
11333 6 4 20150704
11334 47 0 20140501
11335 19 1 20141022
11336 18 2 20150728
11337 0 20140618
11338 121 7 49 20150430
11339 144 1 20151103
11340 6 4 0 20140128
11341 4 1 43 1 20140523
11342 1 2 20141009
11343 1 38 3 20141023
11344 67 4 20150715
11345 73 5 20150903
11346 103 68 20140520
11347 1 1 20150708
11348 17 17 0 20140112
11349 3 114 20140226
11350 23 89 2 20140505
11351 22 17 3 20140513
11352 1 49 20150114
11353 6 0 20140709
11354 22 21 20150307
11355 87 0 20141214
11356 117 163 20150704
11357 24 0 20140108
11358 37 1 20140516
11359 4 70 20140519
11360 18 3 20141009
11361 1 4 20150415
11362 102 0 20140224
11363 20 1 20141030
11364 21 2 20141107
11365 1 25 20141124
11366 3 20141217
11367 22 5 20151216
11368 45 0 20140717
11369 24 4 96 37 20140830
11370 19 2 20140929
11371 3 3 20141007
11372 21 20141230
11373 0 37 20150912
11374 4 58 0 20140414
11375 13 2 69 10 113 1 20150214
11376 1 99 20151128
11377 17 3 20151201
11378 74 0 20141115
11379 3 20150918
11380 69 0 20150211
11381 4 1 20150528
11382 3 21 2 20150807
11383 0 68 0 20140424
11384 94 23 20141029
11385 1 49 20150410
11386 17 13 20150828
11387 48 43 20140822
11388 68 1 20141226
11389 34 2 20150816
11390 37 20140111
11391 26 1 20140714
11392 116 2 20140812
11393 29 12 20151019
11394 154 17 13 0 20140421
11395 21 49 23 1 20141108
11396 3 2 20150916
11397 8 25 20151030
11398 20 22 17 0 20150313
11399 105 4 52 0 20140120
11400 54 1 20140724
11401 43 43 20151025
11402 37 17 0 20140207
11403 75 1 20140801
11404 43 113 2 20151202
11405 7 3 20151226
11406 75 0 20140327
11407 21 13 20140611
11408 95 2 20140817
11409 71 3 20141212
11410 13 20150223
11411 16 5 20151025
11412 73 6 20151111
11413 10 0 20140201
11414 1 20140325
11415 6 147 20140508
11416 21 3 20140509
11417 12 4 20140724
11418 0 5 20140814
11419 7 44 20150825
11420 1 7 20151215
11421 2 4 20140125
11422 69 133 20141015
11423 141 65 20151004
11424 8 9 73 123 127 0 20150613
11425 3 1 20150729
11426 1 114 127 76 104 2 20150925
11427 1 0 20150618
11428 22 16 20150624
11429 94 77 20140128
11430 21 1 20140520
11431 39 42 24 23 20150514
11432 22 3 20150516
11433 2 3 20150627
11434 16 4 20140112
11435 94 1 20140621
11436 55 13 20141104
11437 18 1 20151120
11438 16 94 20140311
11439 43 127 20140930
11440 43 2 20150726
11441 79 0 20140109
11442 27 1 20140201
11443 6 49 20141019
11444 20 26 20150220
11445 16 40 12 17 20151018
11446 0 0 20140804
11447 116 1 20150512
11448 141 0 20141212
11449 18 39 97 20150121
11450 9 1 43 2 20150122
11451 0 125 20150219
11452 6 35 26 17 121 4 20150813
11453 21 10 20140901
11454 79 1 20140904
11455 64 2 20141204
11456 1 3 20150528
11457 26 4 20150925
11458 4 0 20140115
11459 15 1 20140519
11460 10 2 20140628
11461 69 3 20140730
11462 1 82 20141107
11463 49 135 20151006
11464 79 74 20140705
11465 22 1 20150319
11466 37 78 0 20140310
11467 48 1 20140405
11468 6 2 20140719
11469 29 90 70 20140901
11470 153 4 20140912
11471 81 5 20150613
11472 3 0 20150308
11473 133 16 20150827
11474 7 0 20150715
11475 8 3 20151217
11476 127 0 20141216
11477 69 1 20150510
11478 1 0 20140926
11479 26 32 20141027
11480 4 2 20150225
11481 16 0 20140707
11482 8 66 20151214
11483 10 0 20140122
11484 21 4 1 20140217
11485 81 2 20140802
11486 35 3 20151018
11487 26 37 74 20140805
11488 155 1 20150426
11489 37 0 20150930
11490 39 113 20140518
11491 18 1 20150301
11492 113 0 20140419
11493 18 1 20150616
11494 7 21 20151025
11495 64 65 0 20140524
11496 1 44 43 1 20141124
11497 95 50 20151005
11498 57 79 20151012
11499 130 0 20140320
11500 7 1 20150612
11501 1 58 37 20140527
11502 65 75 20150807
11503 2 0 20140120
11504 20 1 20140716
11505 4 81 20140929
11506 25 1 3 20150719
11507 114 0 58 4 20150827
11508 17 5 20151104
11509 16 80 20140101
11510 157 75 1 20140116
11511 69 2 20141010
11512 9 69 20150209
11513 47 0 20140320
11514 112 1 20140413
11515 112 57 20140417
11516 63 41 20150812
11517 0 0 20150607
11518 127 0 20140127
11519 23 1 20140211
11520 4 2 20141001
11521 24 113 3 20141130
11522 18 21 20150704
11523 20 50 20140113
11524 16 50 1 20140825
11525 21 2 20150304
11526 10 4 59 3 20151009
11527 133 0 20140505
11528 19 52 1 20140903
11529 93 2 20150514
11530 23 0 20140609
11531 37 1 20151117
11532 57 69 75 23 20151215
11533 16 0 20140714
11534 45 1 20151115
11535 73 0 20141008
11536 0 61 20151031
11537 115 0 20140123
11538 11 1 20140328
11539 27 2 20140530
11540 1 3 20140612
11541 2 37 20140821
11542 49 5 20140920
11543 72 6 20141029
11544 74 127 20141219
11545 7 83 20150610
11546 57 9 20150726
11547 59 23 20140604
11548 1 1 20140828
11549 82 93 2 20140908
11550 19 1 35 3 20141109
11552 24 94 0 20140707
11553 1 1 20150919
11554 29 59 20151115
11555 3 31 20140917
11556 37 1 20150915
11557 44 103 20141213
11558 1 68 68 1 20150413
11559 70 2 20150510
11560 8 10 3 20151213
11561 12 0 20140403
11562 27 75 68 20140615
11563 7 2 20150726
11564 3 79 0 20140217
11565 22 1 20140408
11566 45 2 20150420
11567 21 3 20150509
11568 32 0 20141026
11569 26 1 20151208
11570 2 17 20140930
11571 21 1 20150228
11572 23 2 20150517
11573 73 0 20140918
11574 0 1 20150811
11575 128 2 20151001
11576 16 0 20140527
11577 153 1 20140715
11578 1 2 20140826
11579 7 76 3 20141021
11580 8 20150708
11581 64 0 20140802
11582 3 74 20141203
11583 122 2 20150122
11584 55 43 3 20150430
11585 1 17 20150928
11586 21 26 20140225
11587 24 34 116 20140304
11588 0 1 20140403
11589 73 3 20141014
11590 6 4 20150510
11591 58 5 20150815
11592 52 0 20140302
11593 49 1 20140423
11594 22 21 2 20140622
11595 11 20151113
11596 3 0 20140131
11597 3 17 79 20141223
11598 20 37 20150120
11599 8 1 64 3 20150829
11600 6 65 79 19 20151028
11601 91 51 20141019
11602 70 1 20150214
11603 118 2 20150531
11604 131 0 20140305
11605 17 1 20140921
11606 45 20 35 2 20150328
11607 8 3 20151217
11608 69 0 20140418
11609 14 1 20140807
11610 49 11 4 20150207
11611 4 3 20151022
11612 24 0 20140113
11613 37 1 20140125
11614 0 68 20141120
11615 6 3 20141206
11616 43 58 20150719
11617 25 0 20140401
11618 1 22 3 1 20150410
11619 19 0 20140331
11620 8 3 11 20140414
11621 1 88 16 2 20150309
11622 25 0 20140310
11623 6 52 3 1 20150808
11624 120 36 0 20141031
11625 1 63 13 1 20150211
11626 8 74 20150306
11627 6 61 20140108
11628 68 1 20141008
11629 18 68 45 2 20150920
11630 124 43 79 0 20140215
11631 7 59 10 20150125
11632 9 0 20140517
11633 136 1 20140522
11634 37 2 20140613
11635 18 14 3 20141230
11636 21 4 12 4 20150106
11637 82 49 17 25 20150628
11638 1 17 68 0 20140417
11639 9 74 20141031
11640 17 2 20150323
11641 1 35 70 1 20151229
11642 107 0 20140211
11643 1 1 20140501
11644 16 26 44 20140702
11645 10 3 20141128
11646 63 4 20141215
11647 6 17 25 5 20151129
11648 37 49 49 6 20151210
11649 19 0 20140321
11650 17 16 68 20140605
11651 44 105 20150608
11652 47 135 3 20151203
11653 6 1 44 117 20150718
11654 73 0 20140319
11655 18 73 1 20140716
11656 20 4 2 20140817
11657 22 68 63 3 20150620
11658 0 4 20150812
11659 35 4 117 20140205
11660 57 1 20140402
11661 56 2 20140630
11662 82 11 20140705
11663 38 68 17 4 20150421
11664 82 5 20150628
11665 113 0 20140423
11666 3 50 1 20140513
11667 91 13 54 2 20141112
11668 22 4 91 3 20150202
11669 4 0 20140302
11670 6 84 1 20140703
11671 50 25 43 2 20150924
11672 3 95 20141021
11673 1 73 68 1 20150712
11674 56 73 20140304
11675 17 63 50 90 20150211
11676 106 20150518
11677 65 0 20140228
11678 57 1 20140413
11679 74 2 20140807
11680 11 99 3 20141210
11681 1 1 99 4 20150225
11682 7 5 20150908
11683 3 6 20150925
11684 7 22 79 45 70 0 20150204
11685 6 0 44 1 20150721
11686 0 17 20150829
11687 7 70 20140104
11688 39 1 20140115
11689 9 48 26 20140324
11690 51 3 20140929
11691 37 1 20141013
11692 16 5 20141120
11693 20 6 20141205
11694 73 7 20150515
11695 15 69 8 20150706
11696 22 3 70 127 38 9 20151027
11697 4 17 20140223
11698 24 82 20141120
11699 49 1 3 2 20150603
11700 37 0 20140101
11701 21 24 4 1 20150530
11702 74 2 20151019
11703 9 1 37 3 20151116
11704 36 91 70 20140913
11705 21 65 10 20151205
11706 95 21 37 0 20140623
11707 10 34 20141004
11708 7 63 15 2 20151009
11709 2 0 20140120
11710 68 43 20140815
11711 128 64 4 49 20151127
11712 6 1 14 0 20150128
11713 18 20 3 20150730
11714 16 3 21 4 34 2 20151213
11715 76 11 0 20140704
11716 42 20 4 1 20150823
11717 2 0 20141222
11718 3 73 1 20150108
11719 22 6 63 2 20150626
11720 24 0 20140105
11721 0 55 44 1 20151227
11722 10 17 20140721
11723 21 1 20141204
11724 7 2 20150125
11725 21 3 20150214
11726 4 37 91 4 20150510
11727 2 0 20140825
11728 1 20141103
11729 18 57 118 2 20150717
11730 65 3 20150809
11731 0 0 20140720
11732 0 0 50 1 20150304
11733 52 37 83 2 20150826
11734 19 26 20141021
11735 110 1 1 1 20150328
11736 3 2 20150619
11737 39 57 120 3 20151107
11738 157 73 52 0 20140105
11739 118 79 20140112
11740 37 27 20140906
11741 49 0 25 3 20150914
11742 27 96 43 11 20151203
11743 65 0 20140604
11744 24 48 135 1 20150213
11745 43 9 21 44 20150312
11746 6 58 79 1 20150330
11747 73 0 20140325
11748 17 139 20140514
11749 7 69 2 20150221
11750 10 11 20140710
11751 99 7 19 1 20150828
11752 90 25 20151012
11753 16 59 0 20140901
11754 64 99 20140911
11755 1 79 1 20150310
11756 99 3 20150805
11757 102 0 20140127
11758 8 1 20140419
11759 63 2 20141113
11760 19 3 20141227
11761 18 24 74 38 20150218
11762 18 0 20150814
11763 1 0 20140430
11764 82 16 163 1 20140812
11765 1 99 2 20150314
11766 70 0 20140705
11767 53 22 1 1 20150809
11768 18 63 20151207
11769 18 1 21 1 20151223
11770 20 127 20140128
11771 6 17 20141001
11772 72 21 2 20150404
11773 69 50 0 20140322
11774 0 1 20141020
11775 1 21 2 20150725
11776 18 153 0 20140416
11777 70 21 20140503
11778 44 70 2 20141012
11779 58 1 20141126
11780 8 16 4 20150925
11781 0 1 37 5 20151101
11782 22 92 4 20140220
11783 6 0 113 1 20150507
11784 22 70 20151108
11785 13 0 20140304
11786 21 114 1 20140430
11787 36 88 61 2 20150614
11788 98 0 20140514
11789 21 93 20140521
11790 58 53 44 2 20141219
11791 37 3 20141226
11792 7 37 4 20150703
11793 43 21 23 5 20151124
11794 73 0 20140212
11795 43 21 1 20140318
11796 50 16 13 2 20150707
11797 39 64 0 20140122
11798 7 8 3 1 20150222
11799 24 135 20140404
11800 122 0 20150409
11801 4 19 50 0 20151014
11802 71 0 20140109
11803 81 1 20140312
11804 37 2 20141208
11805 18 21 88 3 20150114
11806 107 4 20150131
11807 1 34 20140829
11808 23 1 20141003
11809 4 2 20141101
11810 20 19 20141215
11811 18 77 23 4 20150622
11812 1 137 20140111
11813 6 20140822
11814 9 4 60 2 20150126
11815 118 23 0 20140425
11816 24 1 20140709
11817 35 44 2 20141208
11818 18 4 65 3 20150722
11819 37 21 4 20151006
11820 23 113 20140213
11821 24 19 37 1 20150504
11822 1 3 20150530
11823 23 0 20140209
11824 49 95 20140811
11825 3 2 20140817
11826 2 24 22 82 20150527
11827 73 4 20150623
11828 7 0 20140805
11829 1 20140811
11830 16 37 69 2 20151221
11831 1 57 38 0 20140604
11832 37 1 20141120
11833 106 11 44 20150502
11834 10 0 20140626
11835 16 1 20140715
11836 6 11 20141010
11837 1 20141127
11838 35 18 24 19 13 4 20150403
11839 28 18 44 5 20150922
11840 34 10 20140714
11841 18 18 112 1 20150112
11842 90 2 20150726
11843 9 74 1 12 3 20150803
11844 73 0 20140907
11845 18 24 2 1 20150413
11846 40 19 87 20151010
11847 82 63 20140111
11848 56 37 20141211
11849 3 43 2 20150423
11850 74 1 64 3 20151122
11851 3 69 20140210
11852 3 15 20140302
11853 69 37 20140413
11854 99 3 20140703
11855 8 6 17 74 20150416
11856 135 0 20140102
11857 6 1 20140126
11858 4 2 20140929
11859 98 41 20150507
11860 0 113 20150723
11861 48 68 15 5 20151110
11862 17 0 20140310
11863 8 37 20140313
11864 43 73 16 2 20140509
11865 4 3 20140530
11866 74 23 4 20150303
11867 34 44 20150821
11868 21 37 20140610
11869 20 59 20140806
11870 49 106 16 2 20150119
11871 70 3 20150314
11872 16 20141022
11873 16 39 20141102
11874 21 16 98 2 20150803
11875 103 11 20140302
11876 2 22 24 1 20151026
11877 36 4 0 20140106
11878 24 1 20140612
11879 19 39 16 37 20150324
11880 18 4 20140401
11881 2 120 1 20141229
11882 2 20150320
11883 24 3 20151017
11884 8 3 21 4 20151110
11885 73 37 20140603
11886 8 1 20141005
11887 0 94 122 2 20150205
11888 0 18 120 3 20151115
11889 27 73 20140720
11890 13 159 20140723
11891 35 3 20141224
11892 17 2 87 3 20150917
11893 8 4 20151004
11894 114 0 20140407
11895 49 16 4 21 20151105
11896 17 0 20140614
11897 45 4 20140903
11898 82 2 20141024
11899 0 9 65 12 20151126
11900 149 24 20140516
11901 3 3 34 20150926
11902 1 70 14 20140112
11903 0 45 1 20140323
11904 53 16 2 20140607
11905 4 4 20140626
11906 8 8 100 4 20150717
11907 50 1 59 0 20150416
11908 1 15 20140403
11909 39 135 1 20140917
11910 82 2 20150126
11911 21 3 128 3 20150212
11912 0 16 135 20150920
11913 0 20140331
11914 112 1 20140411
11915 1 16 2 20140607
11916 39 70 96 20141004
11917 1 4 20141023
11918 24 18 4 5 20150212
11919 57 11 133 20150429
11920 56 17 20140416
11921 59 88 23 1 20140929
11922 37 16 23 2 20150906
11923 9 0 20140204
11924 17 113 4 62 20140427
11925 10 2 20141201
11926 4 1 74 3 20150605
11927 1 31 20140204
11928 64 100 20140212
11929 4 75 2 20140612
11930 65 10 20140626
11931 9 37 35 20150110
11932 4 37 3 5 20151126
11933 3 0 20140812
11934 56 65 1 20150319
11935 4 74 20 2 20150813
11936 26 1 20140131
11937 72 1 20140408
11938 43 2 20140929
11939 16 3 20141225
11940 24 17 30 4 20150318
11941 3 5 20150804
11942 88 0 20140720
11943 88 0 68 16 20151026
11944 20 0 20140904
11945 4 20141006
11946 24 101 20150104
11947 1 18 49 3 20151003
11948 159 0 20140429
11949 61 1 20141113
11950 21 0 4 2 20150218
11951 118 116 20140311
11952 38 1 20140314
11953 0 37 103 2 20141027
11954 25 159 3 20141229
11955 8 37 141 4 20151224
11956 22 4 20140120
11957 19 11 20140520
11958 68 2 20141218
11959 49 0 75 135 20150820
11960 31 20140429
11961 26 73 20140612
11962 3 2 20141010
11963 3 8 113 3 20150708
11964 17 0 20140414
11965 17 13 20140711
11966 2 22 1 2 20150102
11967 1 43 3 20150404
11968 0 20140525
11969 124 37 35 96 20150217
11970 1 0 20140811
11971 44 40 16 1 20150127
11972 21 2 20151003
11973 24 8 19 2 74 3 20151127
11974 3 141 20140428
11975 26 4 20141106
11976 22 9 1 2 20150823
11977 122 17 103 0 20141018
11978 4 1 20141122
11979 22 17 2 20150420
11980 49 155 50 3 20150922
11981 22 1 70 0 20150629
11982 21 0 20140813
11983 17 1 20140906
11984 0 25 128 20140916
11985 113 3 20141107
11986 14 40 20141116
11987 0 33 14 5 20150209
11988 82 0 20140330
11989 3 1 20141015
11990 106 49 20141121
11991 17 51 20141122
11992 57 39 20150311
11993 69 3 5 20151016
11994 144 114 20140708
11995 56 9 17 1 20150110
11996 11 3 20140222
11997 9 26 1 20140404
11998 24 2 20150723
11999 20 4 25 3 20150909
12000 23 43 20140310
12001 21 17 0 70 20150602
12002 18 48 1 0 20150828
12003 73 21 20151123
12004 23 0 20140411
12005 69 1 20140516
12006 49 2 20140523
12007 13 3 20140526
12008 21 4 20140901
12009 18 1 50 63 20150406
12010 56 11 20151214
12011 3 0 20140103
12012 74 91 1 20140525
12013 18 1 20150505
12014 3 3 20150523
12015 16 74 4 20151128
12016 67 91 20140118
12017 6 65 20150730
12018 57 64 2 20150802
12019 81 19 23 76 20151019
12020 0 20140113
12021 70 113 20141031
12022 18 37 112 2 20150228
12023 6 82 103 19 49 3 20150911
12024 48 137 20140404
12025 25 31 20150118
12026 4 37 37 157 20150811
12027 37 15 20140109
12028 21 26 20140625
12029 10 1 113 2 20151201
12030 1 102 40 0 20151124
12031 45 20 50 0 20150401
12032 90 1 20150521
12033 16 1 20140331
12034 3 20141014
12035 23 17 99 2 20150124
12036 49 43 20150317
12037 9 1 20150815
12038 39 3 20140825
12039 68 1 20141210
12040 3 2 20151003
12041 3 0 20141101
12042 26 1 20150216
12043 11 3 20140123
12044 16 1 20140226
12045 5 23 20140629
12046 17 3 20140826
12047 44 129 4 20140902
12048 22 5 20150305
12049 24 48 20150913
12050 37 0 20140603
12051 63 1 20140922
12052 22 2 20150303
12053 57 65 37 20150923
12054 36 0 20140430
12055 107 44 1 20150312
12056 1 2 20151101
12057 69 0 20140816
12058 79 114 1 20141005
12059 49 0 20150731
12060 141 13 0 20140528
12061 0 82 20140613
12062 21 37 95 20140812
12063 8 10 3 20150307
12064 43 4 20151108
12065 7 5 20151221
12066 50 3 0 20140617
12067 82 1 20141028
12068 4 2 20150315
12069 14 114 20150612
12070 57 4 20151004
12071 32 5 20151112
12072 50 0 20150328
12073 37 0 20140919
12074 22 34 20141221
12075 37 2 20150731
12076 13 0 20141121
12077 3 20150213
12078 8 63 11 20151105
12079 123 3 55 20140225
12080 1 20141120
12081 17 2 20151227
12082 25 0 20151010
12083 20 69 20140805
12084 4 19 20141127
12085 4 2 20150130
12086 49 31 20150430
12087 4 10 0 20141012
12088 6 1 20150407
12089 82 0 20140320
12090 19 4 23 1 20140324
12091 49 23 2 20150329
12092 2 65 20150924
12093 2 1 20140204
12094 76 84 20140501
12095 4 31 13 20140610
12096 94 3 20140701
12097 70 4 20140710
12098 21 1 5 20140819
12099 13 12 4 6 20141013
12100 95 7 20151202
12101 73 0 20140923
12102 51 141 1 20141007
12103 0 114 20141112
12104 21 49 3 20141223
12105 2 13 20150214
12106 55 5 20150219
12107 9 6 20151023
12108 23 68 20140315
12109 26 1 20150815
12110 37 0 20140324
12111 43 3 20140424
12112 1 17 20150418
12113 9 12 0 20140118
12114 21 130 21 20140623
12115 22 54 20140818
12116 26 3 20150616
12117 6 0 20140607
12118 4 1 20150123
12119 8 26 20151221
12120 3 11 72 0 20140122
12121 75 20140610
12122 25 23 113 2 20141001
12123 1 3 20141027
12124 1 68 98 77 95 38 20150717
12125 13 5 20150802
12126 3 0 20140201
12127 17 20140615
12128 36 34 20140619
12129 40 3 20150117
12130 23 135 0 20140128
12131 73 1 20140902
12132 1 49 20141102
12133 7 98 3 20141115
12134 24 4 20150821
12135 3 0 20140121
12136 19 97 20141117
12137 15 6 20141225
12138 6 4 20150224
12139 18 22 20150428
12140 24 0 20140422
12141 61 37 20140707
12142 10 57 11 2 20140925
12143 6 3 20150224
12144 15 0 20141110
12145 90 1 20150209
12146 50 127 70 20140130
12147 109 1 20151104
12148 60 19 0 20140628
12149 3 68 20140720
12150 22 63 4 43 2 20150107
12151 1 0 20140709
12152 14 13 12 59 1 20151209
12153 59 0 20140119
12154 17 1 20140328
12155 2 20140402
12156 26 3 20140515
12157 65 24 4 20141017
12158 1 157 33 99 51 5 20150605
12159 1 68 6 20150725
12160 4 113 64 75 0 20150404
12161 55 43 0 20140314
12162 4 40 20140928
12163 9 17 43 70 4 2 20151001
12164 21 0 20140312
12165 73 40 4 1 20140727
12166 156 16 45 16 2 20140814
12167 49 10 20140826
12168 2 130 1 100 34 4 20150308
12169 105 0 20140814
12170 1 58 137 49 70 1 20150312
12171 17 0 20140804
12172 3 4 120 20140807
12173 14 130 20141014
12174 63 15 74 64 11 20150628
12175 0 0 20140407
12176 3 3 1 20140802
12177 3 1 20141117
12178 4 104 20141118
12179 56 38 4 20150522
12180 21 0 20140208
12181 141 1 129 1 20140416
12182 76 2 20140701
12183 1 3 20140831
12184 131 20141028
12185 17 137 5 20150203
12186 16 11 20151123
12187 23 68 20140607
12188 125 121 20140614
12189 17 37 2 20150426
12190 70 0 20140404
12191 73 1 20140803
12192 35 2 20140805
12193 37 3 20140819
12194 14 20141107
12195 127 70 5 20150318
12196 16 113 6 20151204
12197 23 85 4 0 20140426
12198 74 19 4 20151221
12199 4 0 20140425
12200 57 1 20140718
12201 82 75 2 20150302
12202 22 0 20140913
12203 0 1 20141129
12204 41 13 2 20151018
12205 71 57 17 24 20141005
12206 52 1 20141209
12207 16 59 2 20150313
12208 6 3 20151223
12209 70 20140226
12210 59 1 20140317
12211 11 2 20140507
12212 1 82 43 20141213
12213 39 70 20151009
12214 69 0 20150407
12215 2 73 4 20150927
12216 82 4 20140224
12217 70 99 153 1 20140606
12218 8 24 2 20151216
12219 21 0 20140911
12220 50 1 20141001
12221 122 2 20141030
12222 0 38 3 20150215
12223 70 0 20140121
12224 0 114 20140901
12225 3 3 135 20150804
12226 28 113 158 20150415
12227 15 68 20150816
12228 57 70 2 20150912
12229 59 37 20151015
12230 43 75 20140120
12231 37 1 20141221
12232 4 2 20150111
12233 21 100 3 20151026
12234 6 0 20150220
12235 0 91 115 20151224
12236 19 0 20140924
12237 39 1 20141210
12238 0 4 2 20150807
12239 122 0 20140413
12240 14 9 20150104
12241 13 2 20150130
12242 8 37 37 20150310
12243 66 0 20140401
12244 6 55 20150228
12245 74 102 2 20151017
12246 19 0 20140424
12247 17 1 20140515
12248 15 4 20141125
12249 18 35 37 20150614
12250 1 34 20140721
12251 39 16 1 20141203
12252 1 23 2 20150218
12253 21 26 70 0 20140427
12254 18 59 20140828
12255 113 2 20151026
12256 75 0 20140327
12257 75 43 70 1 20140526
12258 3 90 20141114
12259 17 34 3 20151119
12260 79 4 20141216
12261 57 4 1 20150905
12262 0 0 20140202
12263 24 23 1 20140726
12264 106 11 20140822
12265 61 3 20141022
12266 153 4 20141026
12267 9 113 5 20150503
12268 6 0 20140322
12269 52 1 20140729
12270 52 43 2 20150131
12271 63 20140416
12272 6 37 1 20151113
12273 73 0 20140106
12274 4 1 20141106
12275 48 3 2 20150801
12276 10 99 79 0 20140312
12277 33 1 20140517
12278 103 136 20141021
12279 17 27 19 3 20141208
12280 21 95 4 20150407
12281 56 59 0 20150602
12282 23 4 20140423
12283 57 102 1 20150430
12284 23 0 20140301
12285 73 1 20141015
12286 141 16 2 20150727
12287 16 0 20140319
12288 50 70 1 20150218
12289 17 0 20140215
12290 23 14 33 20150926
12291 17 35 20140826
12292 36 1 20141013
12293 10 2 20141119
12294 56 21 3 20150403
12295 0 1 69 0 20140401
12296 147 1 20140811
12297 1 122 2 20150612
12298 0 0 20140212
12299 2 4 1 20140309
12300 18 40 20141110
12301 8 20150406
12302 81 10 4 20151124
12303 113 82 20140214
12304 3 4 16 1 20140403
12305 69 2 20140820
12306 74 158 3 20150107
12307 28 4 20150219
12308 3 20140810
12309 35 1 20140917
12310 15 49 20141126
12311 75 3 20150714
12312 1 68 4 20151119
12313 0 3 10 4 26 5 20151227
12314 11 0 20140128
12315 4 17 68 1 20140131
12316 61 2 20140216
12317 22 39 95 20150227
12318 16 90 0 20140627
12319 7 49 36 20150128
12320 3 0 20140712
12321 49 1 20140719
12322 12 2 20141008
12323 137 3 20141205
12324 12 4 20141210
12325 113 44 5 20151220
12326 16 82 0 20141218
12327 1 1 1 20150128
12328 21 0 20141019
12329 20 99 20141028
12330 79 2 20150815
12331 21 3 20150819
12332 74 26 0 20150826
12333 19 0 20140117
12334 129 44 20140213
12335 135 2 20140420
12336 35 61 20140520
12337 82 4 20140803
12338 21 5 20140916
12339 49 121 6 20150529
12340 37 0 20150505
12341 2 0 1 20151104
12342 11 24 20140605
12343 63 20150310
12344 13 61 2 20150511
12345 65 1 20151203
12346 42 0 20140227
12347 17 20140419
12348 35 2 20140721
12349 0 90 113 20150322
12350 9 4 20150820
12351 0 0 20140103
12352 44 16 20151006
12353 37 82 0 20140128
12354 69 37 100 20140630
12355 1 107 2 20150903
12356 8 57 122 37 20151127
12357 18 37 0 20150405
12358 43 0 20140701
12359 71 72 20141031
12360 82 2 20141128
12361 50 35 3 20150104
12362 4 4 20150820
12363 3 37 61 20140118
12364 3 74 20140330
12365 50 19 20140514
12366 43 3 20141029
12367 36 21 20141118
12368 18 1 5 20151205
12369 24 44 20141129
12370 16 73 1 1 20150828
12371 10 25 133 20150929
12372 8 3 20151130
12373 62 4 0 20141011
12374 6 113 20150620
12375 124 0 20140406
12376 127 37 20140924
12377 13 2 20141025
12378 4 80 3 20150512
12379 73 0 20140527
12380 37 1 20141118
12381 50 115 20150523
12382 4 59 3 20150813
12383 4 0 20140403
12384 143 1 20140727
12385 7 2 20141104
12386 18 134 3 20151030
12387 73 0 20140421
12388 3 1 20140523
12389 8 118 34 20151201
12390 15 0 20140116
12391 41 26 1 20150718
12392 17 0 20140209
12393 13 1 20140926
12394 7 68 2 20150214
12395 1 4 20150604
12396 13 4 20151118
12397 24 77 0 20151227
12398 93 0 20140415
12399 10 73 20140508
12400 17 2 20140730
12401 24 3 20150929
12402 1 23 78 20150131
12403 24 0 20140220
12404 3 1 20150131
12405 18 4 4 20150808
12406 44 0 20141202
12407 16 70 1 20150121
12408 7 0 20140401
12409 74 20140502
12410 22 12 13 20150413
12411 112 3 20151229
12412 11 0 20140228
12413 35 4 1 20140518
12414 63 26 2 20140817
12415 37 21 4 20150907
12416 85 25 20140129
12417 70 1 20140906
12418 37 37 79 20150904
12419 73 0 20140324
12420 51 20140525
12421 0 103 5 44 2 20150619
12422 27 0 20140328
12423 61 1 20140921
12424 16 17 43 90 2 20150402
12425 68 6 20150607
12426 37 11 20140717
12427 70 1 20150308
12428 8 8 58 32 16 2 20150927
12429 95 91 20140131
12430 7 1 20140204
12431 37 20140523
12432 56 100 3 20141027
12433 18 38 10 43 4 20150521
12434 17 5 0 20140422
12435 37 113 1 20140606
12436 0 37 69 2 20140612
12437 26 151 20140813
12438 11 3 20140821
12439 73 5 20150518
12440 22 75 64 23 70 6 20151127
12441 11 114 68 62 50 20150704
12442 68 0 20140218
12443 26 75 1 20140308
12444 7 9 15 24 70 2 20150811
12445 22 37 20140707
12446 2 1 20151029
12447 7 8 99 99 38 2 20151219
12448 4 1 20140902
12449 23 0 34 115 16 75 20151215
12450 20 3 20140102
12451 6 19 52 20140628
12452 45 72 20140920
12453 1 6 55 37 17 3 20150610
12454 16 17 7 13 10 4 20150630
12455 24 8 9 1 91 0 20150322
12456 18 75 20140501
12457 17 155 20140916
12458 0 21 15 114 49 20150429
12459 18 3 20150928
12460 17 1 20140811
12461 1 49 4 102 11 1 20150313
12462 48 0 20140430
12463 95 1 20140518
12464 91 20150119
12465 53 16 23 27 20151227
12466 49 0 20140325
12467 6 1 20140910
12468 7 20150106
12469 1 36 37 103 1 3 20150130
12470 11 0 20150501
12471 18 44 79 73 58 1 20151208
12472 68 16 20140128
12473 4 20140510
12474 110 13 2 20140718
12475 59 3 20140723
12476 21 20140811
12477 4 70 20141121
12478 6 28 65 45 43 6 20151009
12479 1 0 20141122
12480 3 3 4 70 79 1 20150219
12481 37 2 20150922
12482 25 0 20140909
12483 79 3 20150504
12484 3 21 59 114 4 2 20151001
12485 69 0 20140128
12486 23 1 20140203
12487 11 21 75 10 13 2 20150120
12488 18 19 20141203
12489 0 22 24 70 13 1 20150722
12490 127 26 20141012
12491 62 65 1 10 59 1 20151129
12492 0 20140625
12493 23 1 20140914
12494 26 151 37 2 20150429
12495 44 29 44 27 49 3 20150808
12496 16 0 20140726
12497 29 7 21 69 70 1 20150325
12498 20 23 133 20140728
12499 3 143 49 20141224
12500 2 75 21 15 2 20150727
12501 7 16 20140902
12502 16 1 20141005
12503 7 6 0 11 52 2 20150411
12504 37 2 95 3 20150708
12505 72 19 72 141 20140310
12506 59 24 99 20140413
12507 17 141 2 20140608
12508 68 3 20140808
12509 37 70 4 20141217
12510 9 44 4 133 16 5 20151008
12511 3 73 0 20140830
12512 3 39 17 64 127 1 20150930
12513 6 2 17 19 136 0 20151221
12514 114 70 42 20140220
12515 73 165 20140408
12516 37 2 20140410
12517 49 1 20140917
12518 28 1 116 25 54 20150615
12519 6 1 20141016
12520 49 7 68 73 70 43 20151031
12521 1 0 20140418
12522 17 20140529
12523 1 35 2 20141025
12524 3 18 0 73 79 3 20150131
12525 122 17 0 20140420
12526 4 39 68 20140902
12527 4 2 20141212
12528 0 1 4 59 1 70 20151128
12529 118 0 20140227
12530 56 21 20150103
12531 49 68 20150618
12532 4 6 5 130 11 3 20150709
12533 95 0 20141115
12534 6 16 15 13 70 1 20150923
12535 37 0 20140801
12536 0 36 17 16 120 1 20150406
12537 73 0 20140216
12538 0 1 20140503
12539 113 98 20140601
12540 3 3 20140602
12541 73 14 20141224
12542 32 1 23 64 49 5 20150612
12543 1 0 20140618
12544 121 1 20141006
12545 18 31 26 71 23 20151014
12546 21 19 20140925
12547 44 1 20141211
12548 6 8 63 64 11 2 20150330
12549 15 0 20140629
12550 47 30 20141230
12551 8 8 6 135 73 2 20150401
12552 37 0 20140828
12553 8 44 82 4 1 20151028
12554 49 0 20140606
12555 23 59 1 20140814
12556 18 28 70 1 10 20150324
12557 90 4 25 158 82 0 20140331
12558 9 118 1 20140517
12559 4 64 20140703
12560 47 3 20140813
12561 8 3 4 20150523
12562 52 5 20150714
12563 64 6 20150921
12564 27 20140327
12565 50 70 20150131
12566 23 2 20150505
12567 0 20150731
12568 6 3 20150121
12569 50 1 20150701
12570 4 0 20140825
12571 65 1 20150819
12572 104 2 20150930
12573 3 0 20140101
12574 0 1 20140106
12575 13 2 20140714
12576 4 4 20140726
12577 4 20150906
12578 18 0 20151206
12579 3 0 20140213
12580 24 17 20150829
12581 0 0 20140115
12582 4 19 24 20140202
12583 22 2 20141020
12584 0 3 20150119
12585 37 0 20140114
12586 21 37 20141206
12587 1 2 20151226
12588 56 4 20150204
12589 2 0 20151129
12590 43 37 20140218
12591 15 17 20140316
12592 127 112 20140720
12593 30 46 20150511
12594 1 16 20150515
12595 2 0 20140518
12596 69 1 20140525
12597 75 10 2 20140530
12598 90 3 20150106
12599 8 21 20140725
12600 17 1 20150529
12601 29 2 20151016
12602 0 80 0 20140326
12603 27 64 1 20140811
12604 118 2 20141220
12605 4 37 20150922
12606 4 0 20140823
12607 6 1 20141029
12608 8 2 20150528
12609 74 1 20151028
12610 3 95 20151223
12611 11 0 20140610
12612 21 1 20150211
12613 18 37 20150529
12614 31 100 20140514
12615 11 1 20141008
12616 18 4 40 2 20150731
12617 20 3 20151123
12618 4 0 20140826
12619 29 1 20151001
12620 52 37 20141219
12621 69 1 20151209
12622 101 88 20140627
12623 17 20151013
12624 114 51 0 20140905
12625 21 1 20150305
12626 0 0 20140318
12627 21 19 20140424
12628 3 102 70 20140501
12629 50 79 20150225
12630 6 14 20140829
12631 8 20150829
12632 4 2 20151113
12633 15 0 20140111
12634 21 1 20140123
12635 71 2 20140224
12636 19 3 20150321
12637 22 28 20150407
12638 17 0 20140102
12639 20 3 20150804
12640 102 4 11 20140114
12641 0 1 20150102
12642 37 0 20140216
12643 21 1 20151112
12644 22 21 20150919
12645 49 43 0 20140121
12646 25 1 20150829
12647 47 0 20140420
12648 95 1 20140819
12649 21 49 20141019
12650 21 16 20150421
12651 13 4 20150707
12652 3 39 20140823
12653 9 1 20150709
12654 41 2 20150925
12655 11 68 20140204
12656 59 1 20140415
12657 18 2 20140921
12658 2 3 20141025
12659 22 65 20150213
12660 18 113 20150508
12661 25 49 6 20150815
12662 35 0 20140119
12663 1 20140227
12664 38 2 20141015
12665 4 3 20150210
12666 22 128 20140120
12667 16 4 1 20140313
12668 4 2 20140912
12669 28 24 20150113
12670 34 74 20140113
12671 0 1 20140116
12672 74 3 20140406
12673 6 3 20140706
12674 3 4 20150621
12675 19 4 20151215
12676 2 68 20140111
12677 117 1 20140416
12678 1 2 20151020
12679 35 113 20140226
12680 37 128 20141127
12681 23 2 20151125
12682 39 0 20150812
12683 37 0 20150627
12684 49 1 20150928
12685 37 0 20150606
12686 4 0 20141102
12687 43 20150212
12688 11 0 20140717
12689 10 4 43 1 20141004
12690 12 2 20141102
12691 22 11 70 3 20150517
12692 37 0 20140329
12693 3 27 20140515
12694 3 0 20141111
12695 6 11 135 3 20151011
12696 0 19 23 0 20140531
12697 6 21 17 127 20150712
12698 3 37 2 19 20150626
12699 43 49 0 20140126
12700 3 1 88 1 20150314
12701 4 0 20140406
12702 16 1 20140726
12703 4 3 69 2 20151109
12704 118 0 20140218
12705 141 82 20140401
12706 44 24 2 20140513
12707 138 3 20141001
12708 17 19 4 20141103
12709 13 4 20141212
12710 2 21 70 6 20150304
12711 11 20140126
12712 102 1 20140501
12713 23 2 20140616
12714 3 20140624
12715 40 14 20140701
12716 18 98 69 20150523
12717 18 24 116 6 20150615
12718 16 7 20150706
12719 115 0 20140428
12720 39 21 70 20140730
12721 3 102 75 20150118
12722 3 0 20140528
12723 69 63 1 20140823
12724 70 2 20140915
12725 118 3 20141018
12726 2 1 17 20150118
12727 1 70 70 0 20140302
12728 3 19 1 20140530
12729 63 2 20140802
12730 103 3 20140804
12731 8 1 4 20140829
12732 48 17 20141003
12733 1 44 6 20141224
12734 1 6 15 14 20151027
12735 20 127 17 0 20151014
12736 44 0 20140424
12737 64 1 20140914
12738 37 0 68 68 20151202
12739 22 23 37 0 20150415
12740 113 0 20140320
12741 65 4 20140702
12742 39 3 2 20141008
12743 18 63 83 4 20150329
12744 23 20150107
12745 37 49 17 1 20150804
12746 0 20150221
12747 40 94 1 20150321
12748 107 0 20140209
12749 18 1 20140503
12750 23 4 20140910
12751 142 65 37 3 20150729
12752 9 4 17 0 20150109
12753 4 49 20140613
12754 3 5 20141208
12755 53 11 55 123 20150827
12756 23 125 20140412
12757 35 1 20140530
12758 8 1 11 2 20150214
12759 45 0 20140302
12760 82 73 1 20140925
12761 22 2 79 2 20150924
12762 6 23 64 151 20150618
12763 0 6 20150815
12764 21 70 0 20140626
12765 25 1 20140808
12766 114 58 135 2 20151215
12767 26 0 20140111
12768 37 110 20140217
12769 23 2 20140223
12770 69 113 113 3 20150510
12771 3 43 68 0 20141224
12772 79 19 124 1 20151129
12773 48 0 20140218
12774 62 1 20140517
12775 3 17 74 2 20151031
12776 37 31 21 15 20150119
12777 37 69 20141230
12778 18 12 44 1 20150125
12779 0 20140326
12780 40 51 1 20140619
12781 57 79 2 20141008
12782 18 11 71 20141012
12783 21 4 20141120
12784 79 1 68 5 20150115
12785 25 23 20140402
12786 128 58 1 20141021
12787 16 2 20141022
12788 97 63 77 3 20150210
12789 44 4 20150511
12790 35 0 20140109
12791 114 1 20140906
12792 0 42 2 20141215
12793 65 16 59 58 20150228
12794 6 23 0 20141122
12795 21 35 69 1 20150118
12796 7 43 20140924
12797 73 1 20150130
12798 18 39 44 2 20150511
12799 0 20140909
12800 0 1 20141012
12801 1 3 80 2 20151122
12802 3 37 20140527
12803 24 1 20141004
12804 24 37 137 2 20150518
12805 19 38 20140227
12806 6 1 20150808
12807 64 50 4 2 20150926
12808 16 0 20140113
12809 5 37 1 20140310
12810 110 21 70 2 20150906
12811 1 3 20151012
12812 4 0 20140509
12813 88 1 20140809
12814 17 105 2 20140810
12815 79 19 24 20151108
12816 15 0 20140320
12817 74 1 20140506
12818 127 11 34 2 20150519
12819 35 10 43 17 20140719
12820 24 70 20140812
12821 24 4 94 2 20151013
12822 44 84 0 20140419
12823 18 1 20151125
12824 0 0 20140522
12825 24 1 20140524
12826 1 6 20151004
12827 64 0 20140213
12828 23 1 20140517
12829 27 2 20150411
12830 41 64 4 20140604
12831 81 1 20150507
12832 70 0 20151017
12833 2 73 0 20140822
12834 25 75 20150723
12835 23 2 20150808
12836 114 14 20141205
12837 0 20150117
12838 50 0 20140313
12839 81 23 1 20140613
12840 34 114 37 152 20141018
12841 17 3 20150512
12842 130 0 20140421
12843 1 1 20140503
12844 17 2 20140921
12845 21 3 20151220
12846 79 15 77 0 20140107
12847 3 14 1 20140909
12848 18 2 20141027
12849 15 3 20141206
12850 18 16 20150526
12851 18 0 20140112
12852 17 20141014
12853 21 54 20141224
12854 0 44 3 20141229
12855 1 4 20151130
12856 26 0 20140315
12857 37 10 1 20140901
12858 69 2 20151019
12859 4 0 20140227
12860 35 1 20140305
12861 24 19 20140309
12862 37 3 20141118
12863 1 4 20150113
12864 70 0 20140404
12865 59 1 20150306
12866 16 0 20140420
12867 2 3 20140422
12868 1 2 20150426
12869 6 0 20140211
12870 10 37 1 20140412
12871 141 2 20141206
12872 3 3 20150719
12873 16 10 4 20151007
12874 16 0 20140822
12875 8 1 20150524
12876 2 20151106
12877 113 0 20140320
12878 79 78 1 20140504
12879 24 2 20140810
12880 0 99 20141206
12881 52 4 20141214
12882 73 7 20150622
12883 1 1 20151102
12884 23 4 0 20140222
12885 7 3 20140411
12886 70 2 20140814
12887 9 3 20141204
12888 4 4 20150105
12889 74 0 20140120
12890 50 69 20140321
12891 4 2 20141012
12892 37 75 20150709
12893 22 0 20140203
12894 50 1 20140417
12895 9 65 20140726
12896 64 20150727
12897 1 0 20140120
12898 23 1 20140416
12899 2 78 2 20141119
12900 61 3 20150101
12901 49 57 4 20151119
12902 23 68 76 20140507
12903 28 1 20140701
12904 2 2 20140803
12905 110 3 20150118
12906 21 4 20150501
12907 59 0 20140727
12908 58 44 20150724
12909 44 0 20140828
12910 70 1 20150322
12911 58 0 20140218
12912 5 1 20140412
12913 99 2 20140620
12914 74 3 20141020
12915 18 24 20150522
12916 10 4 20140108
12917 0 117 113 1 20140529
12918 6 57 70 2 20140621
12919 23 37 20141027
12920 95 4 20150721
12921 0 14 0 20140313
12922 0 1 20140821
12923 16 10 2 20140925
12924 4 3 20150508
12925 23 67 20140911
12926 18 1 20150531
12927 23 16 0 20140702
12928 25 20140925
12929 25 64 20150227
12930 59 3 20151020
12931 22 0 20140521
12932 4 27 20141110
12933 0 2 20150722
12934 21 0 20140626
12935 43 64 20140814
12936 57 2 20141212
12937 88 3 20151125
12938 3 0 20140423
12939 61 1 20140515
12940 10 128 20140701
12941 114 3 20140914
12942 102 70 20151119
12943 1 2 20140113
12944 2 1 20140910
12945 27 118 2 20150313
12946 49 49 20151121
12947 68 0 20140520
12948 1 1 20150403
12949 37 19 4 0 20140810
12950 4 1 20141119
12951 2 20150514
12952 113 0 20141208
12953 18 1 20150211
12954 37 0 20150121
12955 1 26 1 20151212
12956 63 73 20151221
12957 48 0 20151117
12958 17 0 20140624
12959 3 15 52 1 20140708
12960 99 27 20140816
12961 68 114 3 20141023
12962 113 4 20141117
12963 118 113 20150505
12964 63 0 20140123
12966 17 16 20140111
12967 13 1 20140708
12968 114 2 20140915
12969 7 10 20141026
12970 18 70 4 20150301
12971 21 157 20151220
12972 3 57 20140131
12973 21 81 20140209
12974 3 80 34 20140321
12975 6 73 20140913
12976 21 4 20150802
12977 18 5 20150923
12978 37 73 20151203
12979 1 17 0 20140502
12980 10 73 20141105
12981 17 2 20141220
12982 3 3 20150120
12983 59 4 20150129
12984 16 13 20140227
12985 8 100 20140509
12986 37 3 20151117
12987 37 3 20151227
12988 108 43 20140116
12989 50 3 20141218
12990 73 2 20151206
12991 6 73 20140423
12992 64 20140922
12993 79 2 20141110
12994 67 1 20150703
12995 73 17 20140401
12996 15 1 20140712
12997 30 2 20151201
12998 20 3 20151225
12999 24 37 98 0 20140404
13000 9 1 20150822
13001 69 87 1 0 20140415
13002 65 1 20140827
13003 73 11 20141122
13004 1 73 20150605
13005 37 0 20141218
13006 8 118 20151014
13007 50 17 0 20140616
13008 37 37 20140810
13009 22 50 20150629
13010 18 0 20140420
13011 23 69 1 20140506
13012 73 2 20140810
13013 10 3 20141223
13014 0 150 20150401
13015 21 113 20140311
13016 98 1 20140313
13017 74 44 4 20140730
13018 52 3 20141209
13019 18 74 20150504
13020 18 5 20151220
13021 82 0 20141007
13022 73 1 20141028
13023 44 2 20150220
13024 56 45 20140130
13025 120 136 20140622
13026 65 82 2 20140706
13027 49 48 20150606
13028 27 127 20150701
13029 141 0 20150606
13030 24 0 20140123
13031 72 20140527
13032 68 2 20150206
13033 91 0 20140530
13034 21 15 20141103
13035 21 2 20150223
13036 23 0 20150218
13037 58 0 20140407
13038 9 1 20140707
13039 127 2 20141226
13040 22 3 20150212
13041 21 0 20140206
13042 112 70 37 43 20140624
13043 19 2 20150318
13044 3 3 20150924
13045 147 0 20140711
13046 2 1 20150919
13047 75 0 20140930
13048 17 1 20150205
13049 49 0 20140812
13050 22 20141004
13051 50 2 20150320
13052 21 0 20140412
13053 50 11 20140501
13054 15 49 2 20140919
13055 17 20151012
13056 37 4 20140515
13057 16 48 1 20141120
13058 52 2 20150804
13059 44 0 20140114
13060 2 1 20150630
13061 145 1 20140430
13062 70 1 20140614
13063 49 23 20141229
13064 52 3 20150830
13065 31 0 20140326
13066 3 12 20150715
13067 37 51 20150527
13068 13 57 20140724
13069 110 1 20140906
13070 22 16 20141215
13071 18 118 20150622
13072 65 74 20140314
13073 21 75 1 20140414
13074 6 2 20150517
13075 1 0 20140102
13076 4 1 20140227
13077 16 2 20140423
13078 17 3 20140616
13079 6 4 20141212
13080 56 13 20141213
13081 113 74 20151116
13082 69 4 0 20141121
13083 8 1 20150210
13084 65 74 0 20140511
13085 2 117 20151230
13086 49 0 20140208
13087 26 1 20151016
13088 52 0 20140418
13089 102 1 20140710
13090 48 35 20140726
13091 19 69 3 20141126
13092 11 4 20150712
13093 113 0 20140316
13094 149 20140701
13095 16 2 20150208
13096 4 37 0 20140808
13097 9 26 20150912
13098 7 14 4 20141225
13099 1 1 20150118
13100 6 59 20150331
13101 37 0 20140607
13102 7 0 20150414
13103 1 2 20150713
13104 3 0 20141215
13105 118 1 20150811
13106 1 5 0 20140727
13107 5 3 20140910
13108 50 69 2 20141012
13109 48 3 20150714
13110 0 0 20150326
13111 21 0 20140621
13112 4 20140728
13113 43 2 20151120
13114 90 0 20140312
13115 87 1 20140713
13116 50 2 20140903
13117 1 3 20150310
13118 24 13 20150404
13119 94 0 20140623
13120 49 1 20140727
13121 36 2 20151022
13122 50 0 20140315
13123 0 1 20140824
13124 113 2 20141216
13125 103 3 20141221
13126 22 4 20150407
13127 21 0 20140210
13128 5 69 1 20140404
13129 3 49 20140614
13130 11 16 37 3 20141224
13131 118 4 20150502
13132 73 0 20140315
13133 37 4 20141110
13134 70 26 20150810
13135 120 75 0 20140222
13136 3 1 20140318
13137 59 17 43 38 20141119
13138 11 3 20150329
13139 37 0 20150121
13140 70 20140317
13141 9 3 20150807
13142 25 0 20140430
13143 7 1 20140603
13144 77 2 20150226
13145 22 0 20140412
13146 130 1 20140912
13147 25 44 20150420
13148 60 52 20150527
13149 34 0 20140204
13150 4 1 20140409
13151 17 24 20141113
13152 27 3 20151102
13153 26 0 20140525
13154 26 1 20140817
13155 34 2 20150910
13156 145 0 20140508
13157 35 24 20140521
13158 118 2 20140928
13159 26 3 20141107
13160 4 4 20150818
13161 17 17 0 20140709
13163 4 2 20151205
13164 166 0 20140301
13165 3 69 16 20140529
13166 8 2 20150617
13167 0 20140221
13168 17 1 20140223
13169 4 10 2 20140424
13170 6 3 20150308
13171 122 0 20140106
13173 4 2 20140503
13174 57 20151210
13175 103 0 20140204
13176 44 17 61 1 20141025
13177 4 84 20141115
13178 33 3 20150608
13179 69 120 20141011
13180 3 85 20141205
13181 73 26 20150118
13182 78 0 20140220
13183 19 1 20140802
13184 6 2 20141118
13185 49 3 20141210
13186 67 4 20150704
13187 59 0 20140331
13188 35 20150807
13189 18 13 20151123
13190 4 48 0 20140502
13191 6 1 20140706
13192 113 23 118 2 20140713
13193 6 3 20140728
13194 44 4 20150519
13195 3 4 0 20140611
13196 1 1 20140925
13197 33 2 20150505
13198 23 0 20140204
13199 2 1 20140723
13200 115 4 20141014
13201 7 3 20141028
13202 4 4 20150517
13203 57 20 20140315
13204 50 1 20140318
13205 18 4 20151004
13206 44 0 20140714
13207 68 1 20141125
13208 43 2 20150208
13209 27 62 20140606
13210 16 1 20141225
13211 25 2 20150219
13212 75 0 20140105
13213 75 1 20140526
13214 25 4 20150920
13215 24 75 20140308
13216 27 1 20140424
13217 70 2 20140919
13218 100 3 20150710
13219 17 0 20140512
13220 48 4 20150222
13221 4 21 20140121
13222 3 1 20140214
13223 21 75 20140511
13224 22 70 3 20140613
13225 11 4 20150814
13226 37 122 20150909
13227 69 0 20140320
13228 16 1 20141003
13229 78 2 20141026
13230 7 3 20141118
13231 2 4 20150708
13232 4 3 99 20140717
13233 23 113 20141112
13234 37 2 20141211
13235 88 3 20141218
13236 70 4 20150702
13237 49 1 20150203
13238 78 1 20151021
13239 27 0 20140303
13240 6 0 20150728
13241 6 0 20151127
13242 35 0 20140115
13243 21 82 20141219
13244 12 67 72 2 20141229
13245 85 58 20150320
13246 24 17 0 20141010
13247 22 1 20141017
13248 59 165 20141217
13249 37 3 20150730
13250 4 10 20150501
13251 15 3 20140423
13252 17 1 20141010
13253 17 2 20141225
13254 17 3 20150717
13255 38 0 20141018
13256 38 20151004
13257 37 0 20140515
13258 18 20150729
13259 13 0 20140426
13260 122 44 20141107
13261 107 17 20150127
13262 1 0 20140113
13263 53 1 20140429
13264 68 23 20151016
13265 1 0 20151016
13266 25 72 0 20150522
13267 26 15 20150729
13268 94 4 20150818
13269 70 0 20140725
13270 21 1 20141220
13271 56 20 20151116
13272 2 157 20140513
13273 118 1 20150415
13274 49 0 20140416
13275 72 1 20140728
13276 11 2 20140802
13277 62 27 3 20141001
13278 7 4 20150417
13279 3 0 20140703
13280 117 1 20150815
13281 100 0 20141009
13282 22 17 20150221
13283 11 0 20140528
13284 4 11 1 20140717
13285 18 2 20150605
13286 37 0 20140210
13287 44 73 20140627
13288 48 71 20140722
13289 113 3 20150301
13290 65 0 20140324
13291 4 1 20140825
13292 0 20150223
13293 52 37 104 20140715
13294 20 20141115
13295 22 2 20150206
13296 43 0 20150317
13297 126 79 0 20140120
13298 56 1 20140826
13299 68 49 20150906
13300 102 20151003
13301 131 0 20140602
13302 16 37 20141209
13303 118 2 20150808
13304 10 0 20150314
13305 154 81 0 20140327
13306 4 1 20140330
13307 75 147 20140523
13308 52 94 3 20141010
13309 1 4 20150401
13310 18 0 20150730
13311 21 20140906
13312 27 6 1 20141209
13313 39 2 20150904
13314 57 157 20151017
13315 52 27 20141105
13316 0 1 20150911
13317 17 0 20141123
13318 0 1 20151115
13319 37 0 20140306
13320 7 42 94 99 20140902
13321 3 14 20141111
13322 43 23 20150828
13323 107 0 20140307
13324 2 21 20140701
13325 26 2 20140816
13326 21 20150331
13327 3 0 20140116
13328 18 22 20151214
13329 56 16 0 20140805
13330 69 1 20151117
13331 47 0 20150406
13332 9 0 20140404
13333 17 70 153 17 20140804
13334 29 43 20151110
13335 25 0 20151125
13336 69 0 20150301
13337 69 0 20140626
13338 3 3 1 20140831
13339 6 3 20150401
13340 33 20140508
13341 26 131 20141113
13342 0 37 2 20150520
13343 69 40 137 70 20140625
13344 117 16 20141014
13345 22 69 2 20150117
13346 6 82 3 20150210
13347 3 113 0 20141212
13348 58 49 1 20150313
13349 2 69 0 20150102
13350 1 20 1 20150122
13351 5 19 0 20151112
13352 3 34 20140313
13353 31 1 20140724
13354 70 24 2 20150118
13355 3 17 20140831
13356 158 10 1 20150720
13357 59 0 20140412
13358 65 1 20140727
13359 53 114 68 20150107
13360 50 113 118 20140720
13361 21 73 1 20140921
13362 7 155 2 20150304
13363 21 3 20151029
13364 68 26 0 20140302
13365 106 1 20140717
13366 4 7 2 20150318
13367 21 68 20141022
13368 8 11 1 20150616
13369 19 4 20140226
13370 2 17 20140419
13371 48 122 20141012
13372 22 22 136 20150619
13373 50 5 20140402
13374 2 1 20141129
13375 18 37 2 20150630
13376 109 4 0 20150104
13377 2 21 20140110
13378 63 1 20140118
13379 2 20140227
13380 1 7 3 20150327
13381 55 78 20140410
13382 0 49 20140615
13383 25 2 20140921
13384 157 3 20140924
13385 17 4 20141219
13386 3 116 16 20150520
13387 4 0 20140116
13388 6 3 20140514
13389 141 157 20140718
13390 71 3 20140727
13391 48 4 20140914
13392 21 4 5 20151215
13393 16 82 20140729
13394 22 110 1 20150827
13395 44 0 20141212
13396 25 2 1 20150917
13397 7 24 0 20150112
13398 0 0 20140721
13399 24 17 20140804
13400 98 46 20141223
13401 21 49 3 20150318
13402 118 20 1 20150814
13403 16 0 20140226
13404 18 0 20150131
13405 8 44 2 20150424
13406 24 75 3 20150721
13407 16 23 20140124
13408 0 20151004
13409 3 0 20140111
13410 11 52 1 20140228
13411 75 2 20140709
13412 61 20141118
13413 8 75 10 20151216
13414 23 33 0 20140423
13415 1 69 1 20140529
13416 9 36 2 20140718
13417 4 100 3 20141220
13418 43 59 118 20141227
13419 74 15 5 20151207
13420 25 0 20140909
13421 28 65 77 20141209
13422 8 127 2 20150104
13423 59 4 20140421
13424 1 1 20140903
13425 118 3 2 20150725
13426 19 0 20141213
13427 15 37 4 20151219
13428 27 135 20141003
13429 1 48 1 20150804
13430 49 0 20140324
13431 1 1 20140801
13432 73 61 2 20150301
13433 38 0 20141006
13434 9 20 70 20151215
13435 2 23 20140117
13436 48 16 20140529
13437 124 68 20140616
13438 1 136 20140622
13439 3 4 20140704
13440 20 5 20141006
13441 23 6 20141215
13442 23 44 20150101
13443 72 72 0 20151223
13444 40 0 20140103
13445 23 16 20140204
13446 73 74 2 20140421
13447 3 43 3 20150109
13448 74 0 20140214
13449 64 55 20140413
13450 17 19 2 20140930
13451 82 38 20150627
13452 91 0 20140119
13453 4 37 20141017
13454 49 27 2 20150509
13455 10 0 20140209
13456 82 1 20140323
13457 38 2 20140417
13458 3 1 3 20150426
13459 20 0 20140526
13460 3 1 20141118
13461 141 20141225
13462 125 1 3 20150817
13463 101 0 20140222
13464 17 1 20141015
13465 7 2 20150306
13466 14 88 0 20140330
13467 1 70 1 20141006
13468 22 2 20150625
13469 0 20140111
13470 37 1 20140517
13471 16 2 20141031
13472 6 3 20141106
13473 142 4 20150728
13474 4 0 20141111
13475 1 20150220
13476 73 64 1 20140609
13477 33 1 20141111
13478 43 4 2 20141130
13479 49 1 20151217
13480 52 0 20140308
13481 153 15 20140528
13482 3 2 20150727
13483 8 4 20140428
13484 68 24 1 20140921
13485 0 2 20141227
13486 15 3 20150621
13487 127 58 20140106
13488 21 1 20140725
13489 23 2 20140915
13490 6 1 20150521
13491 32 99 20150915
13492 34 0 20140413
13493 52 69 20141023
13494 36 2 20150908
13495 64 83 0 20140328
13496 37 20140427
13497 74 62 20140514
13498 19 3 20141206
13499 7 24 20150825
13500 4 113 20140828
13501 3 1 20141205
13502 1 2 20141214
13503 16 3 20150501
13504 1 1 23 61 20140227
13505 49 1 20140929
13506 58 2 20151028
13507 70 0 20141105
13508 1 20151030
13509 73 24 20140418
13510 50 17 20150621
13511 48 0 20141127
13512 38 1 20150313
13513 37 1 20140420
13514 4 1 20140917
13515 11 2 20141016
13516 3 3 20150107
13517 49 19 20141222
13518 18 73 20150609
13519 21 43 0 20140921
13520 17 23 20150209
13521 73 0 20140626
13522 94 1 20150620
13523 63 36 0 20140211
13524 115 1 20140528
13525 18 2 20140630
13526 16 113 20140828
13527 17 4 20151124
13528 37 82 34 0 20140519
13529 17 1 20150626
13530 0 43 0 20140502
13531 37 122 20141111
13532 22 2 20150609
13533 24 0 20150814
13534 6 37 0 20140414
13535 120 49 20150917
13536 27 16 20140620
13537 52 1 20150830
13538 43 43 20140221
13539 14 118 1 20140304
13540 72 64 17 2 20140612
13541 23 3 20150302
13542 19 0 20140403
13543 63 1 20150807
13544 49 16 34 0 20140223
13545 10 20140707
13546 59 2 20150908
13547 1 120 37 37 20140626
13548 139 1 20141227
13549 6 70 20150319
13550 56 10 90 20140210
13551 114 34 20140904
13552 22 37 20140920
13553 6 59 3 20141216
13554 2 1 20150718
13555 3 15 118 20140321
13556 104 20140713
13557 34 2 20140816
13558 79 3 20150523
13559 38 11 20140828
13560 23 1 20141028
13561 8 2 20150906
13562 16 49 0 20140901
13563 65 44 20140911
13564 26 84 20141216
13565 24 3 20150325
13566 70 3 1 0 20140207
13567 51 1 20141005
13568 82 2 20141127
13569 52 20151101
13570 6 20150816
13571 27 0 20140106
13572 29 67 128 20141010
13573 65 73 20140123
13574 121 78 20140213
13575 3 24 20140406
13576 8 16 65 20140722
13577 58 4 20140730
13578 127 5 20141123
13579 9 23 0 20140128
13580 37 1 20140716
13581 25 52 82 0 20140107
13582 24 3 69 20140227
13583 1 2 20140716
13584 20 21 0 20140225
13585 22 157 20140324
13586 22 2 20141021
13587 73 16 20141203
13588 4 4 20140114
13589 4 1 20140404
13590 68 2 20140407
13591 49 3 20140909
13592 13 4 4 20140918
13593 11 5 20141127
13594 1 6 20141211
13595 0 3 0 20140605
13596 73 153 20140616
13597 16 10 1 20140622
13598 37 33 19 20140813
13599 4 70 1 20140930
13600 3 120 17 20140424
13601 128 74 40 20140630
13602 43 2 20140717
13603 0 1 3 20140828
13604 31 0 20140312
13605 9 34 68 20140823
13606 16 4 114 20141102
13607 35 3 20141124
13608 50 23 58 137 20141229
13609 137 0 20140412
13610 22 21 20140505
13611 19 2 20140515
13612 126 35 34 20140712
13613 1 61 1 20140722
13614 8 74 0 20140107
13615 21 3 20140524
13616 130 4 20140907
13617 44 73 20140917
13618 31 4 20141217
13619 49 68 0 20140213
13620 151 68 37 20140601
13621 17 69 2 20141020
13622 70 3 20141024
13623 44 44 20140303
13624 50 20140327
13625 23 50 2 20140908
13626 37 105 3 20140925
13627 18 0 20140301
13628 48 0 20140305
13629 79 103 1 20140615
13630 56 2 20140712
13631 88 70 20141213
13632 1 20140212
13633 4 1 20140505
13634 37 37 2 20140506
13635 4 20140511
13636 45 59 20140901
13637 57 4 0 20140907
13638 9 0 20140302
13639 151 75 20140306
13640 2 20141217
13641 79 53 20141220
13642 8 3 20140321
13643 23 13 20140423
13644 22 0 20140421
13645 8 1 20140530
13646 23 2 20141202
13647 49 0 20140722
13648 16 118 0 20140416
13649 11 37 20140708
13650 49 2 20141017
13651 75 3 20141215
13652 37 37 20141027
13653 9 23 137 20140525
13654 36 1 20140712
13655 114 95 159 20140728
13656 146 17 20141122
13657 1 73 20140603
13658 57 20141202
13659 8 0 20140307
13660 37 70 20141009
13661 114 145 64 20141126
13662 21 50 0 20140221
13663 37 1 20140708
13664 17 2 20140711
13665 4 3 20140713
13666 0 82 20140726
13667 68 1 113 20141030
13668 28 30 20141121
13669 130 69 20140216
13670 99 12 1 20140426
13671 16 2 20141229
13672 37 0 20140125
13673 40 130 20140601
13674 8 68 20140616
13675 2 4 20140123
13676 8 16 20140413
13677 13 2 20140502
13678 31 10 0 20140312
13679 71 1 20140430
13680 28 88 20140503
13681 79 3 20140617
13682 1 4 20140816
13683 1 10 37 11 20140417
13684 79 17 20141206
13685 57 114 20141218
13686 3 100 82 114 20140208
13687 1 1 20140505
13688 34 33 20141201
13689 2 0 20140225
13690 57 157 20140408
13691 19 1 20140526
13692 6 57 20141227
13693 1 20141228
13694 27 0 20140125
13695 57 1 20141120
13696 4 2 20140519
13697 13 1 20140728
13698 64 26 17 2 20140921
13699 98 3 20141014
13700 13 68 0 20140506
13701 13 1 20140508
13702 4 2 20140804
13703 4 3 20141217
13704 3 0 20141017
13705 141 0 20140109
13706 4 1 20140209
13707 65 2 20140325
13708 73 3 20140522
13709 68 20140907
13710 2 5 20141025
13711 69 0 20140220
13712 70 1 20140304
13713 0 24 20140703
13714 4 44 20140810
13715 17 72 4 20141026
13716 43 113 20140423
13717 17 1 20140909
13718 3 2 20141031
13719 59 0 20140205
13720 135 1 20140315
13721 17 39 20140325
13722 0 33 20140422
13723 17 4 20141208
13724 7 0 20140123
13725 130 165 20140323
13726 63 2 20140417
13727 80 37 20140912
13728 70 20141222
13729 32 0 20140202
13730 82 1 20140824
13731 28 17 20140226
13732 13 1 20140722
13733 41 11 20140915
13734 4 3 20141025
13735 63 0 20140831
13736 52 1 20140920
13737 23 102 135 113 20140114
13738 141 21 20140617
13739 23 23 2 20140830
13740 0 50 20141017
13741 23 79 20141115
13742 49 0 20140128
13743 3 1 20140209
13744 3 2 20140303
13745 55 3 20141229
13746 70 0 20140214
13747 68 1 20141214
13748 3 3 20140206
13749 53 151 1 20140405
13750 48 2 20140923
13751 35 3 20141210
13752 67 50 0 20140225
13753 6 37 20140902
13754 18 0 20140227
13755 4 0 20140611
13756 37 1 20141008
13757 84 44 2 20141105
13758 0 0 20140408
13759 103 4 20140608
13760 4 37 2 20141202
13761 25 3 20141215
13762 95 0 20140507
13763 117 58 1 20140702
13764 4 2 20141219
13765 74 0 20140921
13766 28 1 20141030
13767 20 17 2 20141223
13768 4 16 20140613
13769 73 23 20141104
13770 56 68 20140825
13771 6 17 20140221
13772 69 1 20140410
13773 16 2 20141227
13774 1 0 20140926
13775 75 1 20141126
13776 18 0 20140322
13777 3 75 20141021
13778 40 2 20141210
13779 6 39 20140408
13780 18 0 20140105
13781 18 68 20141228
13782 37 35 20140723
13783 56 1 20141213
13784 68 0 20140627
13785 61 1 20140806
13786 17 79 20141109
13787 4 93 20141229
13788 6 26 20140715
13789 4 20141018
13790 8 0 20140904
13791 37 43 20140213
13792 19 34 7 6 1 20140725
13793 2 2 20141120
13794 10 76 3 20141216
13795 19 73 20140518
13796 16 1 20140530
13797 9 59 20140612
13798 75 70 20140911
13799 37 1 20140109
13800 155 1 20140118
13801 31 62 26 2 20140620
13802 61 24 20140821
13803 29 4 20140626
13804 18 19 20140220
13805 10 1 20140705
13806 1 2 20140801
13807 6 10 58 0 20140311
13808 2 1 20140502
13809 3 17 20140318
13810 21 20140916
13811 36 19 20140311
13812 21 26 0 20140415
13813 3 1 20140709
13814 1 0 20140123
13815 3 20140617
13816 18 69 20140717
13817 50 16 20141010
13818 16 0 20140527
13819 99 88 20140810
13820 17 2 20141106
13821 3 0 20140403
13822 21 44 20140523
13823 60 44 3 0 20140118
13824 0 20140709
13825 126 36 20140712
13826 37 0 20140114
13827 43 90 20140507
13828 128 2 20140912
13829 6 0 20140121
13830 43 1 20140523
13831 4 141 20140718
13832 21 1 20141105
13833 21 0 20140112
13834 61 20140116
13835 16 24 20141230
13836 78 0 20140228
13837 79 19 113 20140713
13838 17 102 33 20140731
13839 113 114 20141021
13840 37 2 20141026
13841 75 3 20141031
13842 1 82 74 20141213
13843 13 73 49 20140303
13844 8 1 20140312
13845 139 2 20140707
13846 37 75 20140603
13847 1 1 20140606
13848 3 16 20140122
13849 26 1 20140410
13850 45 2 20140529
13851 0 3 20140730
13852 4 4 20141108
13853 1 0 20140119
13854 114 1 20140604
13855 1 115 20140602
13856 17 44 4 1 20140608
13857 74 2 20140622
13858 0 37 20141219
13859 11 0 20140415
13860 133 1 1 20140511
13861 64 2 20140915
13862 18 3 20141213
13863 163 77 20140426
13864 21 1 20140923
13865 9 2 20141018
13866 2 16 0 20140226
13867 68 1 20140802
13868 3 2 20140928
13869 24 3 20140107
13870 36 1 20140324
13871 9 2 20140421
13872 0 0 20140522
13873 73 13 20140917
13874 22 20141110
13875 7 0 20140222
13876 73 20140325
13877 18 2 20140607
13878 58 0 20140202
13879 9 27 20140616
13880 4 59 20140618
13881 4 19 20141106
13882 114 70 0 20140107
13883 69 20140130
13884 145 2 20140327
13885 0 13 3 20140616
13886 43 4 20140823
13887 43 118 5 20141011
13888 35 76 17 6 20141224
13889 44 0 20140224
13890 63 1 20140521
13891 14 3 27 20140624
13892 9 87 20140731
13893 26 4 20141017
13894 27 0 20140515
13895 38 10 20140519
13896 49 2 20140802
13897 73 0 20140129
13898 37 44 20140222
13899 1 82 2 20140605
13900 28 3 20140611
13901 6 0 20140922
13902 18 37 20141219
13903 139 59 20140425
13904 4 1 20140516
13905 3 78 2 20140710
13906 57 0 20140224
13907 18 49 1 20140318
13908 10 2 20140430
13909 73 3 20141009
13910 1 94 52 20140316
13911 73 77 103 20140911
13912 3 0 20140212
13913 4 1 20140329
13914 73 26 2 20141026
13915 4 155 0 20140517
13916 13 1 20140612
13917 74 44 0 20141014
13918 3 91 20140607
13919 68 90 1 20140713
13920 73 2 20141229
13921 73 0 20140327
13922 35 69 102 20140801
13923 50 2 20140905
13924 25 1 20140908
13925 75 43 74 20141130
13926 9 0 20140821
13927 50 1 20140921
13928 17 2 20141027
13929 37 0 20140102
13930 73 0 20140303
13931 17 1 20140502
13932 0 25 20140613
13933 63 20141229
13934 1 0 20140425
13935 55 80 20140710
13936 43 114 70 20141008
13937 117 0 20140327
13938 134 1 20140610
13939 1 68 20141120
13940 70 0 20140315
13941 37 112 20141122
13942 3 37 20141223
13943 103 0 20140319
13944 2 43 20140907
13945 15 2 20140921
13946 22 3 20141103
13947 3 4 20141214
13948 70 0 20140705
13949 10 10 0 20141007
13950 1 1 20141027
13951 70 0 20140305
13952 28 19 20140826
13953 50 2 20141101
13954 118 78 3 20141111
13955 118 85 20140102
13956 1 20140330
13957 36 13 20141112
13958 67 20141126
13959 1 20141127
13960 1 2 20141222
13961 3 43 20140225
13962 11 13 1 20140319
13963 17 2 20141101
13964 2 74 20140722
13965 65 1 20141015
13966 4 4 20140320
13967 17 1 20140921
13968 18 68 20141016
13969 102 3 20141230
13970 79 0 20140118
13971 16 1 20140924
13972 37 0 20140715
13973 62 20140810
13974 50 2 20140906
13975 17 3 20141001
13976 3 0 20140828
13977 10 0 20140608
13978 3 1 20141004
13979 98 20140529
13980 3 1 20140629
13981 37 3 2 20140818
13982 70 3 20141102
13983 21 79 20140219
13984 21 1 20140811
13985 73 67 20141011
13986 92 69 20141103
13987 17 0 20140928
13988 23 0 20140110
13989 2 55 81 1 20140420
13990 92 2 20140511
13991 17 0 20140426
13992 68 49 20140509
13993 37 2 20140515
13994 37 3 3 20140629
13995 3 0 20140511
13996 35 49 20141019
13997 1 34 20140601
13998 3 20140815
13999 13 50 20141002
14000 17 4 20141108
14001 3 26 20140130
14002 50 0 20140412
14003 98 1 20140510
14004 100 2 20140727
14005 1 0 3 20140819
14006 34 4 20140821
14007 35 43 20140623
14008 64 130 74 20141206
14009 4 0 20140224
14010 61 0 20140301
14011 74 1 20140527
14012 6 40 20140308
14013 141 1 20140422
14014 1 2 20140508
14015 90 0 20140519
14016 4 17 20140916
14017 49 0 20140906
14018 4 36 63 1 20141228
14019 50 48 20140402
14020 28 48 20141222
14021 45 0 20140417
14022 13 34 1 20140630
14023 84 2 20140717
14024 48 0 20140426
14025 57 1 20141020
14026 3 2 20141216
14027 70 0 20140426
14028 17 21 20140812
14029 82 5 20140813
14030 17 113 3 20140908
14031 118 20140217
14032 18 44 1 20140315
14033 28 68 20140531
14034 1 113 20140907
14035 26 0 20140214
14036 3 1 20140519
14037 70 2 20140615
14038 1 59 20140712
14039 96 79 4 20140909
14040 17 0 20140924
14041 23 1 20141022
14042 10 0 20140501
14043 9 1 20140519
14044 37 2 20140903
14045 43 0 20140413
14046 63 17 20140416
14047 0 121 20141013
14048 22 113 20140519
14049 71 0 20140328
14050 1 114 0 20140124
14051 64 1 20140130
14052 4 2 20140729
14053 23 3 20140808
14054 73 43 20141219
14055 31 0 20140517
14056 4 14 20140816
14057 1 16 2 20140926
14058 27 0 20140212
14059 81 1 20140919
14060 3 144 20141113
14061 16 1 20140320
14062 0 1 20140911
14063 53 23 20140222
14064 3 49 20140504
14065 49 2 20141001
14066 9 146 20140810
14067 6 37 73 20140207
14068 161 1 20140711
14069 1 2 20140831
14070 52 70 3 20141121
14071 44 4 64 20140422
14072 37 113 20140806
14073 37 0 20140104
14074 49 1 20140404
14075 114 2 20141120
14076 1 76 20141223
14077 17 70 114 13 20140101
14078 20 13 40 20140520
14079 69 2 20140807
14080 37 69 20140815
14081 68 80 4 20141026
14082 15 21 20141219
14083 120 0 20140726
14084 6 1 20141113
14085 2 57 20140829
14086 26 0 20140130
14087 6 1 20140602
14088 1 34 20141008
14089 18 1 20141105
14090 64 0 20140611
14091 43 1 20141005
14092 2 0 20140913
14093 17 1 20141018
14094 11 0 20140905
14095 57 17 20141109
14096 120 0 20140105
14097 0 95 1 20140120
14098 21 2 20140723
14099 17 21 20141129
14100 82 20141021
14101 14 0 20140412
14102 63 1 20141115
14103 1 0 20141209
14104 23 1 20141220
14105 120 0 20140402
14106 26 1 20140602
14107 23 58 20140726
14108 71 0 20140307
14109 13 1 20140630
14110 43 0 20140822
14111 1 0 20140105
14112 37 1 20140127
14113 18 0 20140519
14114 78 1 20140701
14115 3 2 20140726
14116 135 0 20141221
14117 2 0 20140417
14118 0 1 20140531
14119 25 2 20140902
14120 11 3 20141029
14121 1 0 20140129
14122 18 13 0 20140329
14123 27 81 20140505
14124 80 2 20140521
14125 27 0 20140226
14126 74 20141210
14127 35 44 0 20140312
14128 28 61 1 20140522
14129 28 74 2 20140527
14130 5 27 77 20140612
14131 1 4 20141210
14132 21 19 20140217
14133 0 1 20140603
14134 0 0 20140611
14135 23 0 20140403
14136 10 1 20140514
14137 23 0 20140113
14138 59 1 20140201
14139 4 4 2 20140222
14140 11 3 20140530
14141 6 37 20140625
14142 4 70 5 20141114
14143 19 0 20140722
14144 7 1 20141007
14145 7 99 20140109
14146 36 1 20140824
14147 25 0 20140729
14148 33 1 20141104
14149 3 99 20141008
14150 21 83 20140626
14151 2 63 20140927
14152 3 118 20141126
14153 21 16 20141219
14154 2 0 20140225
14155 69 11 20140325
14156 6 20140417
14157 55 68 20140802
14158 68 3 20140902
14159 40 4 20141015
14160 73 32 34 5 20141102
14161 28 34 6 20141219
14162 26 0 20140101
14163 37 35 49 20141011
14164 64 0 20140404
14165 26 49 1 20140611
14166 3 2 20140620
14167 44 151 20140323
14168 37 1 20140624
14169 15 61 20140928
14170 2 37 20140603
14171 137 20140817
14172 53 2 20141031
14173 160 3 20141111
14174 73 0 20140611
14175 70 45 1 20141219
14176 72 0 20140303
14177 21 1 20140308
14178 25 0 20140214
14179 23 19 20140527
14180 22 59 2 20140718
14181 44 38 20141113
14182 7 44 35 20140321
14183 63 113 1 1 20141004
14184 7 1 90 73 20140730
14185 3 162 59 0 20141008
14186 22 1 20141126
14187 127 0 20140907
14188 64 1 20141124
14189 4 79 16 2 20141125
14190 75 113 20140906
14191 1 43 37 1 20141227
14192 79 113 17 19 20140922
14193 2 84 17 0 20140224
14194 16 68 1 20140428
14195 0 2 20140513
14196 149 118 1 0 20140430
14197 72 1 20140517
14198 134 2 20140713
14199 21 3 20141114
14200 73 19 0 20140123
14201 2 97 145 1 20140926
14202 70 2 20141004
14203 4 3 20141218
14204 75 70 0 20140226
14205 37 1 20140414
14206 100 78 17 2 20140526
14207 38 21 11 3 20140718
14208 55 4 20140923
14209 0 20140106
14210 25 34 83 50 20140218
14211 25 77 20140702
14212 70 3 20141009
14213 48 4 20141215
14214 14 24 82 0 20140206
14215 21 4 4 1 20140703
14216 2 0 20140127
14217 141 82 52 1 20140321
14218 45 37 20140526
14219 16 23 36 1 20140717
14220 11 2 20140808
14221 13 3 0 20140214
14222 1 95 24 1 20140809
14223 49 153 17 20140202
14224 59 1 20140805
14225 23 2 20141002
14226 19 75 0 20141014
14227 118 5 37 0 20140103
14228 40 79 20140411
14229 26 2 20141125
14230 26 38 4 0 20140120
14231 27 1 20140627
14232 1 2 45 0 20140621
14233 6 58 100 20140813
14234 127 2 20140913
14235 4 0 20140727
14236 0 4 118 1 20141001
14237 44 59 117 17 83 0 20140801
14238 59 0 20140130
14239 34 1 20140526
14240 107 16 20140709
14241 34 70 20140718
14242 82 4 20140916
14243 1 94 20140922
14244 6 125 113 6 20141029
14245 73 0 20140119
14246 43 118 20140121
14247 16 31 65 2 20140313
14248 44 3 20140406
14249 3 50 3 0 20140217
14250 103 17 69 1 20140602
14251 44 97 20140614
14252 113 57 149 0 20140228
14253 0 58 20140918
14254 3 2 20140925
14255 20 153 19 0 20140531
14256 103 20140904
14257 49 2 20141113
14258 144 19 158 0 20140107
14259 23 70 69 1 20140408
14260 68 40 1 0 20140121
14261 95 82 20140105
14262 1 16 64 1 20140705
14263 25 16 70 0 20140324
14264 2 1 20141019
14265 14 69 0 20140331
14266 4 37 70 20140531
14267 10 16 44 0 20140430
14268 22 77 1 20140609
14269 22 2 20140907
14270 4 103 43 20141013
14271 1 40 20140907
14272 42 1 20141225
14273 4 73 2 20141228
14274 59 0 20140412
14275 10 95 1 20140830
14276 4 74 20140506
14277 21 1 20140803
14278 73 37 2 20140914
14279 117 95 0 20140317
14280 1 26 1 20141109
14281 1 0 20140125
14282 157 1 20140418
14283 39 35 157 20140910
14284 159 17 19 3 20141114
14285 52 4 20141221
14286 18 151 20140131
14287 123 1 20140904
14288 69 4 2 20141110
14289 99 3 20141124
14290 37 125 20141210
14291 70 53 20140112
14292 17 3 1 20140905
14293 3 2 20141224
14294 4 0 20140430
14295 1 17 1 20140712
14296 12 38 0 20140824
14297 91 39 74 20140214
14298 134 78 1 20140215
14299 17 2 20140818
14300 59 3 20140920
14301 4 4 20140923
14302 1 16 20141010
14303 3 82 20141023
14304 23 0 20140126
14305 114 114 20141005
14306 69 20140604
14307 25 113 1 20141117
14308 37 3 0 20140107
14309 17 0 20140131
14310 36 68 20140304
14311 18 2 20140706
14312 9 113 3 20141213
14313 6 69 0 20140311
14314 118 1 20140427
14315 1 17 0 20140329
14316 13 0 20140520
14317 25 3 1 20141117
14318 19 20141007
14319 27 39 1 20141228
14320 39 17 32 20140330
14321 100 20141029
14322 4 11 24 20140802
14323 23 27 33 20141020
14324 103 37 20140325
14325 23 16 137 20140120
14326 15 1 20140406
14327 0 50 20141023
14328 21 133 0 20140529
14329 32 80 1 20140723
14330 133 0 20140608
14331 35 113 1 20140911
14332 36 37 74 20140219
14333 16 20140903
14334 6 76 0 20140502
14335 4 1 20141119
14336 1 2 20141206
14337 1 31 3 20141214
14338 3 0 20141026
14339 0 63 64 20141117
14340 21 114 0 20140102
14341 1 59 1 20141027
14342 23 130 20140528
14343 4 1 20140712
14344 2 20140817
14345 1 63 20141007
14346 44 37 4 20141214
14347 24 0 20140714
14348 16 23 1 20141203
14349 34 37 20141214
14350 3 117 20140118
14351 18 38 49 20140726
14352 40 2 20140731
14353 55 34 20141008
14354 21 4 20141114
14355 17 27 20140510
14356 15 37 1 20140726
14357 60 16 20140104
14358 3 4 20140115
14359 114 1 82 2 20140125
14360 113 113 20140415
14361 69 4 20140502
14362 43 73 5 20140529
14363 113 6 20140605
14364 38 7 20141101
14365 153 49 20141215
14366 21 74 68 20140827
14367 3 1 20141226
14368 23 0 20140807
14369 17 114 1 20141017
14370 103 49 23 0 20140401
14371 64 4 1 20140901
14372 50 63 2 20141113
14373 118 0 20140603
14374 59 43 20140218
14375 23 19 1 20140511
14376 3 2 20141204
14377 4 0 20140304
14378 35 35 20140429
14379 3 2 20140512
14380 0 20140302
14381 16 26 20140324
14382 70 2 20140507
14383 38 0 20140322
14384 49 1 1 20140403
14385 4 2 20140502
14386 73 3 20140529
14387 23 69 4 20140916
14388 2 70 20140331
14389 79 72 1 20141126
14390 56 10 20141206
14391 21 3 20141229
14392 10 0 20140607
14393 55 27 99 20140725
14394 31 69 0 20140304
14395 71 16 1 20140705
14396 5 2 20141120
14397 13 33 0 20140625
14398 17 17 20140721
14399 23 31 20140826
14400 16 0 20140107
14401 4 37 20140610
14402 45 16 2 20140723
14403 22 70 16 20140924
14404 44 0 20140621
14405 6 1 20140630
14406 23 10 2 20141202
14407 16 95 20140320
14408 7 69 3 20140513
14409 3 157 0 20140313
14410 21 59 20140429
14411 64 26 20141010
14412 25 44 78 20141110
14413 3 1 43 0 20140531
14414 27 1 20141209
14415 20 70 0 20140623
14416 130 0 20140217
14417 10 11 20140222
14418 21 23 2 20140515
14419 13 44 70 20140415
14420 56 13 0 20141201
14421 3 52 13 20141017
14422 0 20140325
14423 3 70 1 20140601
14424 43 26 0 20141103
14425 17 16 25 20141118
14426 110 19 2 20141124
14427 58 123 0 20140304
14428 52 74 3 59 20141118
14429 3 2 20141127
14430 94 0 20140504
14431 13 114 1 20140713
14432 76 2 20141130
14433 26 0 20140306
14434 56 6 20141102
14435 3 99 2 20141226
14436 16 118 20140717
14437 118 23 0 20140606
14438 135 0 20140624
14439 102 1 20140705
14440 21 37 2 20140814
14441 114 68 3 20141007
14442 127 4 20141222
14443 1 4 0 20141028
14444 5 16 20141204
14445 23 1 0 20140919
14446 4 153 20141209
14447 21 33 20140127
14448 68 1 20141017
14449 82 2 20141028
14450 79 3 20141206
14451 4 1 20140214
14452 44 1 20141130
14453 39 17 95 20140828
14454 11 7 20140830
14455 1 3 20141031
14456 112 0 20140222
14457 59 20140511
14458 4 11 20141011
14459 94 0 20140709
14460 3 37 20140829
14461 11 2 20141213
14462 26 63 20140308
14463 21 1 20140920
14464 17 17 20140223
14466 129 114 2 20141228
14467 3 0 20140107
14468 113 1 20141114
14469 0 0 20140414
14470 13 1 20140620
14471 40 3 20140710
14472 73 3 20140809
14473 40 95 20140120
14474 17 45 20140424
14475 21 2 20140519
14476 3 3 20140828
14477 3 4 20141222
14478 21 0 20140203
14479 18 1 20140803
14480 0 2 20141205
14481 16 13 20140128
14482 11 20140326
14483 19 2 20140328
14484 28 1 75 3 20140520
14485 38 0 20140304
14486 37 20140501
14487 100 2 20141116
14488 2 0 20140323
14489 135 4 20140613
14490 3 2 20140914
14491 100 3 20141125
14492 3 0 20140822
14493 140 20140810
14494 3 0 20141005
14495 69 61 4 1 20141012
14496 3 0 20140207
14497 103 1 20140627
14498 3 0 20140827
14499 16 68 0 20140105
14500 74 1 20140731
14501 4 133 20140918
14502 99 0 20140528
14503 55 82 20141219
14504 10 72 20141028
14505 35 0 20140105
14506 64 20140222
14507 21 76 20140406
14508 131 3 20140916
14509 20 31 20141210
14510 3 0 20140403
14511 139 1 20140530
14512 52 0 20140104
14513 65 1 20141229
14514 13 20140104
14515 24 80 20140304
14516 37 11 20140714
14517 153 3 20140908
14518 3 0 20140106
14519 24 70 20140905
14520 59 114 2 20140910
14521 24 11 20140919
14522 21 20141005
14523 1 0 20140531
14524 56 11 118 16 20140811
14525 19 20140816
14526 59 127 20140802
14527 87 1 20140917
14528 23 2 20141127
14529 17 3 20141130
14530 17 115 20141205
14531 22 0 20140203
14532 19 0 20140331
14533 1 1 20140713
14534 20 20140811
14535 3 0 20141111
14536 20 75 20140124
14537 107 1 20140807
14538 11 2 20141101
14539 3 20141202
14540 1 11 20140618
14541 4 20140918
14542 4 0 20140401
14543 24 1 20141202
14544 2 91 27 20140121
14545 35 0 20140226
14546 84 1 20141009
14547 1 20140329
14548 114 11 20140527
14549 0 33 2 20140609
14550 1 19 3 20140919
14551 17 19 43 20140528
14552 3 19 20140422
14553 26 1 20141018
14554 25 64 2 20141106
14555 17 16 0 20140302
14556 69 1 20140920
14557 94 2 20141104
14558 43 3 20141202
14559 33 0 20140321
14560 79 79 1 20140518
14561 37 40 124 20140326
14562 50 17 20140630
14563 37 2 20140904
14564 1 79 0 20140911
14565 141 103 1 20141226
14566 57 0 20140905
14567 23 0 20140327
14568 123 1 20140809
14569 59 15 20140828
14570 137 1 20141024
14571 27 1 20141124
14572 62 0 20140303
14573 49 3 20140611
14574 64 68 20140109
14575 26 1 20140309
14576 116 0 20141111
14577 102 82 20140102
14578 48 1 20140720
14579 15 123 20140918
14580 1 64 20141102
14581 18 0 20140204
14582 18 118 20140227
14583 44 0 20140102
14584 19 1 20140129
14585 95 1 20140220
14586 69 0 20141009
14587 59 0 20140213
14588 3 43 1 20140712
14589 103 68 20140716
14590 21 3 20140816
14591 37 0 20140202
14592 73 1 20140720
14593 57 65 20140827
14594 89 39 20140131
14595 7 1 20140612
14596 12 2 20140730
14597 6 130 0 20140405
14598 42 1 20141102
14599 33 0 20140204
14600 65 37 20141204
14601 23 0 20140119
14602 3 49 11 1 20140309
14603 25 2 20140520
14604 23 0 20140127
14605 4 11 1 20140225
14606 1 63 20140618
14607 0 3 20140904
14608 26 0 20140313
14609 90 52 20141129
14610 4 79 20141120
14611 0 0 20140203
14612 1 1 20140509
14613 14 2 20140519
14614 18 0 20140131
14615 37 1 20140726
14616 10 73 20140412
14617 24 0 20140517
14618 17 1 20140721
14619 2 95 58 0 20140318
14620 0 1 20140323
14621 70 61 20140830
14622 37 3 20141201
14623 69 0 20140621
14624 70 1 20140714
14625 17 2 20141213
14626 4 0 20140121
14627 73 49 20140219
14628 40 2 20140412
14629 55 0 20140427
14630 1 1 20140728
14631 1 2 20140914
14632 1 3 20141215
14633 10 0 20140111
14634 20 21 20140827
14635 50 20140223
14636 75 1 20140704
14637 23 0 20140520
14638 17 34 20141127
14639 22 0 20140220
14640 19 1 20140509
14641 79 99 20140828
14642 3 3 20141119
14643 6 0 20140313
14644 95 69 20141121
14645 44 52 33 20140623
14646 52 20140820
14647 16 40 20141210
14648 37 20141124
14649 17 81 20140117
14650 153 1 20141025
14651 0 20140413
14652 59 17 49 49 20140910
14653 56 0 20140201
14654 9 0 20140221
14655 87 1 20140318
14656 35 0 20140811
14657 19 19 20140919
14658 23 135 114 20140106
14659 133 34 20140611
14660 1 0 20141210
14661 32 0 20141117
14662 83 0 20140530
14663 40 0 20140214
14664 49 37 74 20140506
14665 20 69 20140903
14666 16 3 20141004
14667 141 10 57 20140121
14668 17 1 20140305
14669 2 20141019
14670 3 1 20140131
14671 35 19 135 20141019
14672 3 1 20141110
14673 114 10 0 20140927
14674 10 1 20141218
14675 11 0 20141023
14676 103 81 72 20141225
14677 2 141 0 20140705
14678 18 75 0 20140713
14679 28 16 20141025
14680 1 12 143 113 20140820
14681 1 4 1 20140928
14682 16 77 63 20140121
14683 19 1 20140226
14684 44 70 20140416
14685 72 37 0 20140113
14686 68 1 20140724
14687 23 2 20140730
14688 23 75 11 20140905
14689 118 53 20141011
14690 73 113 0 20140125
14691 3 118 0 20140212
14692 17 44 1 20140527
14693 17 2 20140606
14694 59 0 20140404
14695 56 54 1 20141009
14696 17 79 20140629
14697 121 1 20140819
14698 68 2 20141002
14699 4 0 20141128
14700 27 26 20140416
14701 17 0 20140825
14702 157 0 20140224
14703 26 68 20140313
14704 24 2 20140418
14705 17 20140322
14706 158 0 20140316
14707 68 1 20140602
14708 11 91 20140120
14709 13 0 20141026
14710 69 0 20140211
14711 122 19 20140301
14712 16 2 20140323
14713 21 95 20140426
14714 127 0 20141202
14715 3 20140828
14716 37 1 20141015
14717 19 73 20140828
14718 1 20141208
14719 55 0 20140122
14720 1 1 20140422
14721 37 2 20141005
14722 75 3 20141226
14723 1 5 20140102
14724 17 10 20140731
14725 0 20140821
14726 3 19 0 20140130
14727 27 20140722
14728 55 115 20140926
14729 72 100 20141019
14730 25 135 20140217
14731 26 1 20140707
14732 3 4 20140707
14733 113 1 20140731
14734 49 2 20141027
14735 49 0 20140221
14736 21 1 20140630
14737 37 2 20140701
14738 43 0 20140223
14739 0 1 20141005
14740 79 0 20140516
14741 59 20141214
14742 28 40 95 0 20140422
14743 4 1 20140527
14744 77 53 20140403
14745 73 0 20140508
14746 118 17 20140131
14747 17 1 20141203
14748 7 0 20140926
14749 37 0 20140820
14750 69 0 20140923
14751 73 1 20141203
14752 37 33 20140428
14753 68 64 34 20140112
14754 3 1 20141022
14755 21 49 20141223
14756 114 0 20140327
14757 68 69 137 1 20141113
14758 53 2 20141128
14759 4 49 0 20140401
14760 10 1 20140508
14761 11 112 20141115
14762 21 3 20141206
14763 4 0 20140203
14764 26 37 1 20140302
14765 4 11 0 20140409
14766 10 84 11 1 20141102
14767 6 75 113 20140311
14768 14 1 20141102
14769 6 0 20140226
14770 45 122 1 20141013
14771 110 0 20140427
14772 118 0 20140813
14773 10 0 20140523
14774 11 43 20140805
14775 16 20140918
14776 9 0 20140604
14777 68 0 20140215
14778 3 10 20140607
14779 6 0 20140410
14780 59 43 20141105
14781 21 0 20140727
14782 18 44 20140709
14783 70 1 20141004
14784 37 0 20140504
14785 21 69 20140924
14786 0 20140102
14787 21 49 20140201
14788 1 1 20140515
14789 72 70 20140612
14790 10 0 20141030
14791 39 26 20141205
14792 21 23 20140130
14793 21 73 1 20140311
14794 44 0 20140403
14795 1 24 1 20140811
14796 0 50 0 20140813
14797 113 0 20140124
14798 70 1 20140321
14799 35 37 20140618
14800 21 0 20140309
14801 6 1 20140524
14802 45 2 20140808
14803 80 0 20141011
14804 64 0 20141202
14805 1 0 20141202
14806 57 0 20140128
14807 59 1 20140327
14808 3 0 20141121
14809 141 0 20140212
14810 57 20140731
14811 9 61 20140504
14812 1 1 20141001
14813 51 0 20140515
14814 11 1 20140909
14815 37 2 20141210
14816 50 88 20140611
14817 18 79 1 20140614
14818 17 130 0 20140926
14819 23 26 0 20140819
14820 37 1 20141120
14821 67 60 0 20140806
14822 10 37 20140420
14823 2 4 16 1 20140706
14824 0 94 43 0 20140529
14825 17 26 20140504
14826 11 74 73 1 20140809
14827 46 0 20140922
14828 37 16 5 1 20141002
14829 48 121 82 0 20140106
14830 37 1 20140820
14831 11 97 118 0 20140905
14832 35 103 82 0 20141011
14833 35 10 1 0 20140706
14834 70 0 20140326
14835 19 23 44 1 20140507
14836 4 2 20140902
14837 50 82 103 0 20140104
14838 43 26 20140607
14839 3 17 82 0 20140602
14840 93 1 20140830
14841 68 75 0 20140106
14842 79 61 20140305
14843 0 2 20140608
14844 88 17 70 0 20140628
14845 4 122 43 91 20140513
14846 1 49 49 0 20140325
14847 63 71 0 20141222
14848 0 38 20141223
14849 1 121 0 20140404
14850 70 0 20140108
14851 29 1 20140911
14852 2 37 20140531
14853 26 70 20140427
14854 13 0 20140318
14855 62 1 20140729
14856 113 0 20140710
14857 56 11 20141225
14858 0 20140109
14859 69 1 20140123
14860 17 0 20140904
14861 36 0 20140531
14862 44 114 20140214
14863 0 1 20141212
14864 5 36 20140515
14865 1 0 20140416
14866 39 100 20140629
14867 84 0 20140108
14868 3 0 20140717
14869 14 0 20140615
14870 22 39 20140118
14871 149 0 20140113
14872 24 0 20140225
14873 27 40 20140402
14874 12 0 20141206
14875 43 0 20140818
14876 20 11 20140919
14877 103 0 20140124
14878 16 0 20141026
14879 82 79 20140516
14880 25 0 20140127
14881 3 0 20140224
14882 14 0 20140727
14883 83 0 20140526
14884 43 1 20141106
14885 37 0 20140105
14886 23 43 20140702
14887 4 2 20141215
14888 14 0 20140123
14889 17 43 20140621
14890 45 95 20140707
14891 3 0 20140218
14892 135 1 20140515
14893 16 1 20140531
14894 1 0 20141201
14895 21 74 20140912
14896 95 0 20140305
14897 37 1 20140823
14898 1 0 20140806
14899 49 11 20140719
14900 120 43 20140119
14901 2 1 20140215
14902 16 20140303
14903 49 0 20140507
14904 48 0 20140901
14905 1 20141210
14906 59 0 20141123
14907 2 82 20140708
14908 6 1 20140908
14909 23 3 20140114
14910 71 1 20140307
14911 4 37 20140831
14912 17 1 20141114
14913 30 2 20141216
14914 21 0 20140512
14915 58 79 20140413
14916 43 79 20141122
14917 13 0 20140815
14918 26 79 20140828
14919 114 0 20140712
14920 79 1 20141202
14921 69 0 20140306
14922 98 1 20140601
14923 3 0 20140418
14924 1 0 20140515
14925 25 0 20141102
14926 70 0 20140127
14927 11 0 20140822
14928 74 16 20140119
14929 13 4 20140529
14930 4 0 20140626
14931 79 121 20140901
14932 31 0 20140926
14933 131 69 20140703
14934 63 0 20140119
14935 98 1 20140425
14936 4 0 20140109
14937 157 0 20140422
14938 16 1 20141103
14939 1 0 20140226
14940 37 0 20141203
14941 31 124 20140703
14942 19 1 20141002
14943 98 0 20140520
14944 37 43 20140703
14945 68 0 20140612
14946 118 0 20140706
14947 43 0 20140619
14948 15 95 20141122
14949 23 11 20140315
14950 34 0 20141115
14951 100 19 20140731
14952 68 0 20140215
14953 64 37 20140819
14954 37 17 20141020
14955 75 0 20140222
14956 71 141 20140523
14957 88 0 20141103
